2.5101020000022496	[2.04211758 2.22144578 1.8755829 ]
2.5101030000022497	[2.04195812 2.22181656 1.87543843]
2.51010400000225	[2.04180029 2.22218929 1.87529552]
2.51010500000225	[2.04164089 2.22256212 1.87515117]
2.51010600000225	[2.04147986 2.22293485 1.87500534]
2.5101070000022503	[2.0413172  2.22330744 1.87485803]
2.5101080000022504	[2.04115289 2.22367981 1.87470923]
2.5101090000022506	[2.04098695 2.22405194 1.87455894]
2.5101100000022507	[2.04081937 2.22442377 1.87440715]
2.510111000002251	[2.04065015 2.22479524 1.87425387]
2.510112000002251	[2.04047928 2.2251663  1.8740991 ]
2.510113000002251	[2.04030677 2.22553692 1.87394284]
2.5101140000022513	[2.0401326  2.22590703 1.87378507]
2.5101150000022514	[2.03995679 2.22627659 1.87362581]
2.5101160000022515	[2.03977933 2.22664556 1.87346505]
2.5101170000022517	[2.03960022 2.22701388 1.87330278]
2.510118000002252	[2.03941946 2.22738152 1.87313902]
2.510119000002252	[2.03923705 2.22774841 1.87297376]
2.510120000002252	[2.03905298 2.22811454 1.87280699]
2.5101210000022522	[2.03886725 2.22847983 1.87263872]
2.5101220000022524	[2.03867989 2.22884428 1.87246895]
2.5101230000022525	[2.03849084 2.2292078  1.87229767]
2.5101240000022527	[2.03830016 2.22957038 1.87212489]
2.510125000002253	[2.03810782 2.22993198 1.87195061]
2.510126000002253	[2.03791382 2.23029256 1.87177482]
2.510127000002253	[2.03771817 2.23065208 1.87159753]
2.5101280000022532	[2.03752086 2.2310105  1.87141875]
2.5101290000022534	[2.03732191 2.2313678  1.87123846]
2.5101300000022535	[2.0371213  2.23172394 1.87105666]
2.5101310000022536	[2.03691903 2.23207888 1.87087337]
2.510132000002254	[2.03671512 2.2324326  1.87068859]
2.510133000002254	[2.03650956 2.23278508 1.8705023 ]
2.510134000002254	[2.03630234 2.23313627 1.87031451]
2.510135000002254	[2.03609348 2.23348617 1.87012523]
2.5101360000022543	[2.03588302 2.23383471 1.8699345 ]
2.5101370000022545	[2.03567083 2.23418195 1.8697422 ]
2.5101380000022546	[2.03545704 2.2345278  1.86954845]
2.5101390000022548	[2.03524162 2.23487226 1.86935321]
2.510140000002255	[2.03502455 2.23521531 1.86915648]
2.510141000002255	[2.03480585 2.23555694 1.86895828]
2.510142000002255	[2.03458551 2.23589712 1.86875858]
2.5101430000022553	[2.03436356 2.23623587 1.86855742]
2.5101440000022555	[2.03413998 2.23657317 1.86835479]
2.5101450000022556	[2.03391477 2.23690897 1.86815067]
2.5101460000022557	[2.03368795 2.23724331 1.8679451 ]
2.510147000002256	[2.0334595  2.23757616 1.86773805]
2.510148000002256	[2.03322944 2.23790752 1.86752954]
2.510149000002256	[2.03299778 2.2382374  1.86731958]
2.5101500000022563	[2.03276452 2.23856578 1.86710816]
2.5101510000022564	[2.03252966 2.23889268 1.8668953 ]
2.5101520000022566	[2.0322932  2.2392181  1.86668099]
2.5101530000022567	[2.03205516 2.23954203 1.86646524]
2.510154000002257	[2.03181553 2.23986449 1.86624805]
2.510155000002257	[2.03157432 2.24018549 1.86602943]
2.510156000002257	[2.03133154 2.24050502 1.86580939]
2.5101570000022573	[2.0310872  2.24082312 1.86558793]
2.5101580000022574	[2.03084129 2.24113978 1.86536506]
2.5101590000022576	[2.03059384 2.24145504 1.86514077]
2.5101600000022577	[2.03034483 2.24176889 1.86491509]
2.510161000002258	[2.03009628 2.24208253 1.86468983]
2.510162000002258	[2.02984216 2.24239249 1.8644595 ]
2.510163000002258	[2.02958856 2.24270228 1.86422966]
2.5101640000022583	[2.02933343 2.24301074 1.86399842]
2.5101650000022584	[2.0290768  2.24331792 1.86376583]
2.5101660000022585	[2.02881866 2.24362383 1.86353187]
2.5101670000022587	[2.02855902 2.24392851 1.86329656]
2.510168000002259	[2.0282979  2.24423199 1.8630599 ]
2.510169000002259	[2.0280353  2.24453429 1.8628219 ]
2.510170000002259	[2.02777123 2.24483545 1.86258257]
2.5101710000022592	[2.0275057  2.24513551 1.86234192]
2.5101720000022594	[2.0272387  2.24543448 1.86209995]
2.5101730000022595	[2.0269703  2.24573245 1.8618567 ]
2.5101740000022597	[2.02670045 2.24602941 1.86161214]
2.51017500000226	[2.02642918 2.24632542 1.86136629]
2.51017600000226	[2.02615651 2.24662051 1.86111917]
2.51017700000226	[2.02588243 2.24691472 1.86087078]
2.51017800000226	[2.02560698 2.24720814 1.86062115]
2.5101790000022604	[2.02533012 2.24750071 1.86037025]
2.5101800000022605	[2.02505191 2.24779257 1.86011813]
2.5101810000022606	[2.02477235 2.24808374 1.85986478]
2.5101820000022608	[2.02449145 2.24837426 1.85961021]
2.510183000002261	[2.02420922 2.24866418 1.85935445]
2.510184000002261	[2.02392567 2.24895355 1.85909749]
2.510185000002261	[2.02364082 2.24924242 1.85883935]
2.5101860000022613	[2.02335467 2.24953084 1.85858005]
2.5101870000022615	[2.02306724 2.24981887 1.85831959]
2.5101880000022616	[2.02277855 2.25010654 1.85805798]
2.5101890000022617	[2.02248861 2.25039393 1.85779524]
2.510190000002262	[2.02219743 2.25068107 1.85753138]
2.510191000002262	[2.02190502 2.25096802 1.85726641]
2.510192000002262	[2.0216114  2.25125484 1.85700035]
2.5101930000022623	[2.02131659 2.25154158 1.85673321]
2.5101940000022624	[2.02102059 2.2518283  1.856465  ]
2.5101950000022626	[2.02072343 2.25211504 1.85619573]
2.5101960000022627	[2.02042511 2.25240187 1.85592542]
2.510197000002263	[2.02012565 2.25268885 1.85565408]
2.510198000002263	[2.01982507 2.25297601 1.85538172]
2.510199000002263	[2.01952338 2.25326343 1.85510837]
2.5102000000022633	[2.01922059 2.25355116 1.85483402]
2.5102010000022634	[2.01891673 2.25383924 1.8545587 ]
2.5102020000022636	[2.01861181 2.25412775 1.85428242]
2.5102030000022637	[2.01830583 2.25441672 1.8540052 ]
2.510204000002264	[2.01799883 2.25470621 1.85372704]
2.510205000002264	[2.01769081 2.25499629 1.85344796]
2.510206000002264	[2.01738178 2.255287   1.85316798]
2.5102070000022643	[2.01707178 2.2555784  1.85288712]
2.5102080000022644	[2.0167608  2.25587053 1.85260537]
2.5102090000022645	[2.01644887 2.25616346 1.85232277]
2.5102100000022647	[2.016136   2.25645723 1.85203932]
2.510211000002265	[2.01582221 2.2567519  1.85175504]
2.510212000002265	[2.01550752 2.25704751 1.85146994]
2.510213000002265	[2.01519193 2.25734411 1.85118404]
2.5102140000022652	[2.01487548 2.25764175 1.85089734]
2.5102150000022654	[2.01455816 2.25794048 1.85060988]
2.5102160000022655	[2.01424    2.25824036 1.85032165]
2.5102170000022657	[2.01392101 2.2585414  1.85003268]
2.510218000002266	[2.01360122 2.25884368 1.84974298]
2.510219000002266	[2.01328062 2.25914723 1.84945256]
2.510220000002266	[2.01295925 2.25945209 1.84916144]
2.5102210000022662	[2.01263711 2.2597583  1.84886963]
2.5102220000022664	[2.01231422 2.2600659  1.84857714]
2.5102230000022665	[2.0119906  2.26037494 1.84828398]
2.5102240000022666	[2.01166626 2.26068544 1.84799018]
2.510225000002267	[2.01134121 2.26099745 1.84769575]
2.510226000002267	[2.01101547 2.261311   1.84740069]
2.510227000002267	[2.01068905 2.26162612 1.84710502]
2.510228000002267	[2.01036198 2.26194284 1.84680876]
2.5102290000022673	[2.01003425 2.2622612  1.84651191]
2.5102300000022675	[2.00970589 2.26258121 1.84621449]
2.5102310000022676	[2.00937691 2.26290292 1.84591651]
2.5102320000022678	[2.00904732 2.26322634 1.84561798]
2.510233000002268	[2.00871713 2.2635515  1.84531892]
2.510234000002268	[2.00838636 2.26387841 1.84501933]
2.510235000002268	[2.00805503 2.26420711 1.84471923]
2.5102360000022683	[2.00772313 2.2645376  1.84441862]
2.5102370000022685	[2.00739069 2.26486991 1.84411753]
2.5102380000022686	[2.00705771 2.26520404 1.84381595]
2.5102390000022687	[2.0067242  2.26554002 1.8435139 ]
2.510240000002269	[2.00639018 2.26587785 1.84321138]
2.510241000002269	[2.00605566 2.26621754 1.84290842]
2.510242000002269	[2.00572065 2.26655911 1.842605  ]
2.5102430000022693	[2.00538515 2.26690254 1.84230116]
2.5102440000022694	[2.00504917 2.26724786 1.84199688]
2.5102450000022696	[2.00471273 2.26759506 1.84169218]
2.5102460000022697	[2.00437584 2.26794414 1.84138708]
2.51024700000227	[2.00403847 2.2682951  1.84108156]
2.51024800000227	[2.00370067 2.26864794 1.84077564]
2.51024900000227	[2.00336244 2.26900264 1.84046933]
2.5102500000022703	[2.00302377 2.26935921 1.84016263]
2.5102510000022704	[2.00268468 2.26971764 1.83985555]
2.5102520000022706	[2.00234516 2.2700779  1.83954809]
2.5102530000022707	[2.00200523 2.27044    1.83924025]
2.510254000002271	[2.00166489 2.27080391 1.83893204]
2.510255000002271	[2.00132414 2.27116962 1.83862347]
2.510256000002271	[2.00098299 2.2715371  1.83831453]
2.5102570000022713	[2.00064143 2.27190635 1.83800523]
2.5102580000022714	[2.00029948 2.27227733 1.83769556]
2.5102590000022715	[1.99995712 2.27265003 1.83738553]
2.5102600000022717	[1.99961437 2.27302441 1.83707515]
2.510261000002272	[1.9992712  2.27340046 1.8367644 ]
2.510262000002272	[1.99892766 2.27377813 1.83645331]
2.510263000002272	[1.99858371 2.27415741 1.83614184]
2.5102640000022722	[1.99823936 2.27453825 1.83583002]
2.5102650000022724	[1.99789461 2.27492063 1.83551783]
2.5102660000022725	[1.99754945 2.27530451 1.83520527]
2.5102670000022727	[1.99720388 2.27568985 1.83489234]
2.510268000002273	[1.9968579  2.27607659 1.83457904]
2.510269000002273	[1.99653352 2.27646422 1.83428531]
2.510270000002273	[1.9961637  2.27685459 1.83395041]
2.510271000002273	[1.99581666 2.27724556 1.83363615]
2.5102720000022734	[1.99546897 2.27763757 1.83332131]
2.5102730000022735	[1.99512084 2.27803079 1.83300606]
2.5102740000022736	[1.99477228 2.27842517 1.83269042]
2.5102750000022738	[1.99442325 2.27882067 1.83237435]
2.510276000002274	[1.99407376 2.27921724 1.83205787]
2.510277000002274	[1.99372379 2.27961482 1.83174094]
2.510278000002274	[1.99337333 2.28001337 1.83142358]
2.5102790000022743	[1.99302237 2.28041283 1.83110577]
2.5102800000022745	[1.99267091 2.28081314 1.83078749]
2.5102810000022746	[1.99231892 2.28121427 1.83046874]
2.5102820000022747	[1.99196641 2.28161614 1.8301495 ]
2.510283000002275	[1.99161334 2.28201871 1.82982977]
2.510284000002275	[1.99125972 2.28242192 1.82950952]
2.510285000002275	[1.99090552 2.28282571 1.82918876]
2.5102860000022753	[1.99055073 2.28323003 1.82886745]
2.5102870000022754	[1.99019534 2.28363481 1.8285456 ]
2.5102880000022756	[1.98983933 2.28403999 1.82822318]
2.5102890000022757	[1.98948268 2.28444553 1.82790018]
2.510290000002276	[1.98912538 2.28485135 1.82757658]
2.510291000002276	[1.98876741 2.2852574  1.82725237]
2.510292000002276	[1.98840875 2.28566362 1.82692754]
2.5102930000022763	[1.98804938 2.28606995 1.82660205]
2.5102940000022764	[1.98768928 2.28647633 1.82627591]
2.5102950000022766	[1.98732843 2.28688269 1.82594908]
2.5102960000022767	[1.98696682 2.287289   1.82562154]
2.510297000002277	[1.98660443 2.28769514 1.8252933 ]
2.510298000002277	[1.98624122 2.2881011  1.82496432]
2.510299000002277	[1.98587719 2.28850681 1.82463458]
2.5103000000022773	[1.9855123  2.2889122  1.82430406]
2.5103010000022774	[1.98514654 2.28931723 1.82397274]
2.5103020000022775	[1.98477989 2.28972181 1.82364061]
2.5103030000022777	[1.98441232 2.29012591 1.82330763]
2.510304000002278	[1.9840438  2.29052946 1.8229738 ]
2.510305000002278	[1.98367432 2.29093239 1.82263908]
2.510306000002278	[1.98330385 2.29133467 1.82230346]
2.5103070000022782	[1.98293237 2.29173622 1.82196691]
2.5103080000022784	[1.98255985 2.29213699 1.82162942]
2.5103090000022785	[1.98218627 2.29253694 1.82129096]
2.5103100000022787	[1.98181161 2.29293599 1.8209515 ]
2.510311000002279	[1.98143583 2.29333411 1.82061102]
2.510312000002279	[1.9810589  2.29373123 1.82026949]
2.510313000002279	[1.98068083 2.29412731 1.81992693]
2.5103140000022792	[1.98030156 2.29452229 1.81958326]
2.5103150000022794	[1.97992108 2.29491614 1.81923849]
2.5103160000022795	[1.97953936 2.29530879 1.81889258]
2.5103170000022796	[1.97915637 2.2957002  1.81854551]
2.51031800000228	[1.97877209 2.29609033 1.81819726]
2.51031900000228	[1.9783865  2.29647913 1.81784781]
2.51032000000228	[1.97799956 2.29686656 1.81749713]
2.51032100000228	[1.97761128 2.29725254 1.81714522]
2.5103220000022803	[1.97722154 2.29763715 1.81679198]
2.5103230000022805	[1.97683041 2.29802022 1.81643747]
2.5103240000022806	[1.97638147 2.29836765 1.81602991]
2.5103250000022808	[1.97604529 2.29878069 1.81572584]
2.510326000002281	[1.97564968 2.2991589  1.81536723]
2.510327000002281	[1.97525258 2.29953564 1.81500725]
2.510328000002281	[1.97485398 2.29991075 1.8146459 ]
2.5103290000022813	[1.97445375 2.30028419 1.81428306]
2.5103300000022815	[1.97405193 2.30065588 1.81391877]
2.5103310000022816	[1.97364849 2.30102584 1.813553  ]
2.5103320000022817	[1.97324341 2.30139403 1.81318572]
2.510333000002282	[1.97283664 2.30176043 1.8128169 ]
2.510334000002282	[1.97242818 2.30212502 1.81244653]
2.510335000002282	[1.97201808 2.30248783 1.81207467]
2.5103360000022823	[1.97160607 2.30284871 1.81170105]
2.5103370000022824	[1.97119237 2.30320777 1.81132589]
2.5103380000022826	[1.97077689 2.30356496 1.8109491 ]
2.5103390000022827	[1.97035959 2.30392027 1.81057064]
2.510340000002283	[1.96994046 2.30427369 1.81019051]
2.510341000002283	[1.96951947 2.30462521 1.80980868]
2.510342000002283	[1.9690966  2.30497483 1.80942513]
2.5103430000022833	[1.96867184 2.30532254 1.80903985]
2.5103440000022834	[1.96824516 2.30566835 1.80865281]
2.5103450000022836	[1.96781655 2.30601225 1.808264  ]
2.5103460000022837	[1.96738598 2.30635424 1.80787341]
2.510347000002284	[1.96695344 2.30669434 1.80748101]
2.510348000002284	[1.96651891 2.30703254 1.80708679]
2.510349000002284	[1.96608237 2.30736886 1.80669073]
2.5103500000022843	[1.96564381 2.30770331 1.80629282]
2.5103510000022844	[1.9652032  2.3080359  1.80589304]
2.5103520000022845	[1.96476056 2.30836663 1.8054914 ]
2.5103530000022847	[1.96431584 2.30869554 1.80508785]
2.510354000002285	[1.96386904 2.30902263 1.80468241]
2.510355000002285	[1.96342015 2.30934793 1.80427504]
2.510356000002285	[1.96296915 2.30967147 1.80386575]
2.5103570000022852	[1.96251603 2.30999324 1.80345452]
2.5103580000022854	[1.96206079 2.3103133  1.80304135]
2.5103590000022855	[1.9616034  2.31063166 1.80262622]
2.5103600000022857	[1.96114738 2.31093462 1.80221244]
2.510361000002286	[1.96068247 2.3112635  1.80179031]
2.510362000002286	[1.96021861 2.3115769  1.80136924]
2.510363000002286	[1.9597526  2.31188878 1.80094622]
2.510364000002286	[1.95928441 2.31219911 1.8005212 ]
2.5103650000022864	[1.95881405 2.31250796 1.80009419]
2.5103660000022865	[1.9583415  2.31281534 1.79966518]
2.5103670000022866	[1.95786676 2.3131213  1.79923416]
2.5103680000022868	[1.95738983 2.31342587 1.79880114]
2.510369000002287	[1.95691073 2.31372912 1.79836613]
2.510370000002287	[1.95642943 2.31403107 1.79792911]
2.510371000002287	[1.95594594 2.31433176 1.79749009]
2.5103720000022873	[1.95546026 2.31463126 1.79704906]
2.5103730000022875	[1.95497239 2.3149296  1.79660603]
2.5103740000022876	[1.95448235 2.31522683 1.796161  ]
2.5103750000022877	[1.95399012 2.31552301 1.79571398]
2.510376000002288	[1.95349571 2.31581818 1.79526497]
2.510377000002288	[1.95299915 2.31611239 1.79481398]
2.510378000002288	[1.95250042 2.31640571 1.794361  ]
2.5103790000022883	[1.95199953 2.31669818 1.79390606]
2.5103800000022884	[1.95149652 2.31698982 1.79344916]
2.5103810000022886	[1.95099133 2.3172808  1.79299028]
2.5103820000022887	[1.95048404 2.31757106 1.79252947]
2.510383000002289	[1.94997464 2.3178607  1.79206673]
2.510384000002289	[1.94946313 2.31814977 1.79160206]
2.510385000002289	[1.94894953 2.31843833 1.79113548]
2.5103860000022893	[1.94843386 2.31872644 1.79066699]
2.5103870000022894	[1.94791622 2.31901409 1.79019671]
2.5103880000022896	[1.94739635 2.31930155 1.78972439]
2.5103890000022897	[1.94687454 2.31958867 1.78925029]
2.51039000000229	[1.94635073 2.31987557 1.78877435]
2.51039100000229	[1.94582492 2.32016232 1.78829659]
2.51039200000229	[1.94529714 2.32044898 1.78781702]
2.5103930000022903	[1.9447674  2.32073561 1.78733566]
2.5103940000022904	[1.94423572 2.32102227 1.78685253]
2.5103950000022905	[1.94370215 2.32130901 1.78636765]
2.5103960000022907	[1.94316667 2.3215959  1.78588104]
2.510397000002291	[1.94262933 2.321883   1.78539272]
2.510398000002291	[1.94209015 2.32217037 1.78490272]
2.510399000002291	[1.94154915 2.32245808 1.78441105]
2.5104000000022912	[1.94100636 2.32274615 1.78391773]
2.5104010000022914	[1.94046179 2.32303468 1.78342279]
2.5104020000022915	[1.93991549 2.32332371 1.78292627]
2.5104030000022917	[1.93936747 2.3236133  1.78242817]
2.510404000002292	[1.93881777 2.32390351 1.78192852]
2.510405000002292	[1.9382664  2.32419439 1.78142736]
2.510406000002292	[1.93771341 2.324486   1.7809247 ]
2.510407000002292	[1.93715882 2.32477838 1.78042058]
2.5104080000022924	[1.93660266 2.32507163 1.77991502]
2.5104090000022925	[1.93604496 2.32536575 1.77940805]
2.5104100000022926	[1.93548575 2.32566082 1.7788997 ]
2.510411000002293	[1.93492506 2.32595688 1.77839   ]
2.510412000002293	[1.93436294 2.32625398 1.77787897]
2.510413000002293	[1.9337994  2.32655218 1.77736665]
2.510414000002293	[1.93323448 2.32685153 1.77685307]
2.5104150000022933	[1.93266822 2.32715206 1.77633825]
2.5104160000022935	[1.93210064 2.32745382 1.77582223]
2.5104170000022936	[1.93153179 2.32775686 1.77530504]
2.5104180000022938	[1.93096169 2.32806123 1.77478671]
2.510419000002294	[1.93039039 2.32836695 1.77426728]
2.510420000002294	[1.92981791 2.32867409 1.77374676]
2.510421000002294	[1.92924429 2.32898266 1.77322521]
2.5104220000022943	[1.92866957 2.32929271 1.77270264]
2.5104230000022945	[1.92809379 2.32960428 1.77217909]
2.5104240000022946	[1.92751697 2.3299174  1.77165459]
2.5104250000022947	[1.92693915 2.3302321  1.77112918]
2.510426000002295	[1.92636038 2.33054841 1.77060289]
2.510427000002295	[1.92578068 2.33086637 1.77007575]
2.510428000002295	[1.92520009 2.331186   1.76954779]
2.5104290000022953	[1.92461864 2.33150732 1.76901905]
2.5104300000022954	[1.92403639 2.33183037 1.76848956]
2.5104310000022956	[1.92345335 2.33215516 1.76795935]
2.5104320000022957	[1.92286965 2.33248165 1.76742854]
2.510433000002296	[1.92228507 2.33281006 1.76689692]
2.510434000002296	[1.92169986 2.33314035 1.76636471]
2.510435000002296	[1.9211141  2.33347216 1.765832  ]
2.5104360000022963	[1.92052769 2.33380594 1.7652987 ]
2.5104370000022964	[1.91994071 2.33414159 1.76476487]
2.5104380000022966	[1.9193532  2.33447908 1.76423055]
2.5104390000022967	[1.9187652  2.33481843 1.76369577]
2.510440000002297	[1.91817672 2.33515965 1.76316057]
2.510441000002297	[1.91758782 2.33550275 1.76262496]
2.510442000002297	[1.91699852 2.33584771 1.76208899]
2.5104430000022973	[1.91640886 2.33619456 1.76155268]
2.5104440000022974	[1.91581887 2.33654328 1.76101607]
2.5104450000022975	[1.91522857 2.33689387 1.76047918]
2.5104460000022977	[1.91463801 2.33724633 1.75994204]
2.510447000002298	[1.91404722 2.33760065 1.75940468]
2.510448000002298	[1.91345622 2.33795683 1.75886713]
2.510449000002298	[1.91286504 2.33831485 1.75832942]
2.5104500000022982	[1.91227402 2.33867443 1.75779184]
2.5104510000022984	[1.9116823  2.33903637 1.75725362]
2.5104520000022985	[1.91109078 2.33939984 1.75671558]
2.5104530000022987	[1.9104992  2.33976509 1.75617749]
2.510454000002299	[1.90990759 2.34013211 1.75563936]
2.510455000002299	[1.90931598 2.34050088 1.75510122]
2.510456000002299	[1.90872439 2.34087137 1.7545631 ]
2.510457000002299	[1.90813284 2.34124355 1.75402501]
2.5104580000022994	[1.90754137 2.34161741 1.75348699]
2.5104590000022995	[1.90695    2.34199292 1.75294905]
2.5104600000022996	[1.90635874 2.34237004 1.75241122]
2.5104610000022998	[1.90576762 2.34274875 1.75187351]
2.5104620000023	[1.90517667 2.34312902 1.75133594]
2.5104630000023	[1.9045859  2.3435108  1.75079854]
2.5104640000023	[1.90399541 2.34389399 1.7502614 ]
2.5104650000023003	[1.90340497 2.34427882 1.74972429]
2.5104660000023005	[1.90281488 2.34466494 1.7491875 ]
2.5104670000023006	[1.90222504 2.34505245 1.74865093]
2.5104680000023007	[1.90163547 2.3454413  1.7481146 ]
2.510469000002301	[1.90104629 2.34583139 1.74757863]
2.510470000002301	[1.90045721 2.34622284 1.74704274]
2.510471000002301	[1.89986856 2.34661543 1.74650724]
2.5104720000023013	[1.89928023 2.3470092  1.74597203]
2.5104730000023014	[1.89869225 2.34740408 1.74543714]
2.5104740000023016	[1.89810463 2.34780002 1.74490256]
2.5104750000023017	[1.89751737 2.348197   1.74436832]
2.510476000002302	[1.89693048 2.34859494 1.74383441]
2.510477000002302	[1.89634398 2.34899381 1.74330084]
2.510478000002302	[1.89575787 2.34939356 1.74276763]
2.5104790000023023	[1.89517216 2.34979413 1.74223478]
2.5104800000023024	[1.89458684 2.35019547 1.74170229]
2.5104810000023026	[1.89400194 2.35059753 1.74117017]
2.5104820000023027	[1.89341744 2.35100026 1.74063841]
2.510483000002303	[1.89283336 2.3514036  1.74010703]
2.510484000002303	[1.89224969 2.3518075  1.73957603]
2.510485000002303	[1.89166644 2.35221191 1.73904539]
2.5104860000023033	[1.8910836  2.35261677 1.73851514]
2.5104870000023034	[1.89050118 2.35302203 1.73798525]
2.5104880000023035	[1.88991921 2.35342756 1.73745578]
2.5104890000023037	[1.88933757 2.35383351 1.7369266 ]
2.510490000002304	[1.88875637 2.35423962 1.73639782]
2.510491000002304	[1.88817557 2.35464591 1.7358694 ]
2.510492000002304	[1.88759517 2.35505232 1.73534134]
2.5104930000023042	[1.88701523 2.35545872 1.7348137 ]
2.5104940000023044	[1.88643553 2.35586527 1.73428626]
2.5104950000023045	[1.88585626 2.35627171 1.73375922]
2.5104960000023047	[1.88527736 2.35667805 1.73323251]
2.510497000002305	[1.88469882 2.35708423 1.73270612]
2.510498000002305	[1.88412047 2.35747822 1.73217985]
2.510499000002305	[1.88354317 2.3579078  1.73165469]
2.510500000002305	[1.88296501 2.35828936 1.73112854]
2.5105010000023054	[1.88238826 2.35870616 1.73060381]
2.5105020000023055	[1.88181127 2.3591108  1.73007881]
2.5105030000023056	[1.88123459 2.35951491 1.72955409]
2.510504000002306	[1.88065817 2.3599185  1.7290296 ]
2.510505000002306	[1.88008199 2.36032151 1.72850533]
2.510506000002306	[1.87950604 2.3607239  1.72798126]
2.510507000002306	[1.8789303  2.3611256  1.72745738]
2.5105080000023063	[1.87835475 2.36152658 1.72693367]
2.5105090000023065	[1.87777938 2.3619268  1.72641011]
2.5105100000023066	[1.87720416 2.36232619 1.72588669]
2.5105110000023068	[1.87662965 2.36272415 1.72536391]
2.510512000002307	[1.87605412 2.36312236 1.72484018]
2.510513000002307	[1.87547923 2.36351903 1.72431704]
2.510514000002307	[1.87490441 2.3639147  1.72379396]
2.5105150000023073	[1.87432966 2.36430935 1.72327094]
2.5105160000023075	[1.87375492 2.36470291 1.72274791]
2.5105170000023076	[1.87318018 2.36509537 1.72222489]
2.5105180000023077	[1.87260543 2.36548667 1.72170184]
2.510519000002308	[1.87203063 2.36587679 1.72117874]
2.510520000002308	[1.87145576 2.36626568 1.72065558]
2.510521000002308	[1.87088079 2.36665332 1.72013232]
2.5105220000023083	[1.87030571 2.36703967 1.71960895]
2.5105230000023084	[1.86973049 2.3674247  1.71908545]
2.5105240000023086	[1.86915509 2.36780839 1.71856178]
2.5105250000023087	[1.86857951 2.3681907  1.71803792]
2.510526000002309	[1.8680037  2.36857161 1.71751386]
2.510527000002309	[1.86742764 2.36895109 1.71698957]
2.510528000002309	[1.86685132 2.36932912 1.71646503]
2.5105290000023093	[1.86627468 2.36970568 1.71594019]
2.5105300000023094	[1.86569774 2.37008076 1.71541507]
2.5105310000023096	[1.86512044 2.37045432 1.71488961]
2.5105320000023097	[1.86454276 2.37082635 1.7143638 ]
2.51053300000231	[1.86396467 2.37119685 1.71383761]
2.51053400000231	[1.86338616 2.37156578 1.71331103]
2.51053500000231	[1.86280718 2.37193315 1.71278401]
2.5105360000023103	[1.86222773 2.37229895 1.71225655]
2.5105370000023104	[1.86164776 2.37266315 1.71172862]
2.5105380000023105	[1.86106726 2.37302576 1.71120019]
2.5105390000023107	[1.86048619 2.37338678 1.71067124]
2.510540000002311	[1.85990454 2.37374619 1.71014175]
2.510541000002311	[1.85932228 2.374104   1.70961169]
2.510542000002311	[1.85873937 2.3744602  1.70908104]
2.5105430000023112	[1.85815581 2.3748148  1.70854978]
2.5105440000023114	[1.85757155 2.3751678  1.70801788]
2.5105450000023115	[1.85698659 2.3755192  1.70748532]
2.5105460000023117	[1.85640088 2.37586901 1.70695208]
2.510547000002312	[1.85581442 2.37621725 1.70641815]
2.510548000002312	[1.85522717 2.37656391 1.70588349]
2.510549000002312	[1.85463909 2.37690907 1.70534806]
2.510550000002312	[1.85405024 2.37725256 1.70481191]
2.5105510000023123	[1.8534605  2.37759458 1.70427496]
2.5105520000023125	[1.8528699  2.37793508 1.7037372 ]
2.5105530000023126	[1.8522784  2.37827408 1.70319862]
2.5105540000023128	[1.85168599 2.37861159 1.7026592 ]
2.510555000002313	[1.85109264 2.37894765 1.70211892]
2.510556000002313	[1.85049835 2.37928226 1.70157776]
2.510557000002313	[1.84990308 2.37961546 1.7010357 ]
2.5105580000023133	[1.84930682 2.37994727 1.70049274]
2.5105590000023135	[1.84870955 2.38027771 1.69994885]
2.5105600000023136	[1.84811126 2.38060681 1.69940401]
2.5105610000023137	[1.84751193 2.38093461 1.69885822]
2.510562000002314	[1.84691155 2.38126112 1.69831146]
2.510563000002314	[1.84631009 2.38158638 1.69776371]
2.510564000002314	[1.84570755 2.38191043 1.69721496]
2.5105650000023143	[1.84510391 2.3822333  1.69666521]
2.5105660000023144	[1.84449917 2.38255501 1.69611443]
2.5105670000023146	[1.8438933  2.38287562 1.69556262]
2.5105680000023147	[1.84328629 2.38319515 1.69500977]
2.510569000002315	[1.84267815 2.38351365 1.69445586]
2.510570000002315	[1.84206884 2.38383114 1.69390089]
2.510571000002315	[1.84145838 2.38414769 1.69334486]
2.5105720000023153	[1.84084676 2.38446331 1.69278776]
2.5105730000023154	[1.84023395 2.38477805 1.69222958]
2.5105740000023156	[1.83961996 2.38509197 1.6916703 ]
2.5105750000023157	[1.83900478 2.38540509 1.69110993]
2.510576000002316	[1.83838841 2.38571747 1.69054847]
2.510577000002316	[1.83777085 2.38602915 1.6899859 ]
2.510578000002316	[1.83715208 2.38634018 1.68942224]
2.5105790000023163	[1.83653212 2.38665059 1.68885747]
2.5105800000023164	[1.83591094 2.38696044 1.68829159]
2.5105810000023165	[1.83528857 2.38726978 1.68772461]
2.5105820000023167	[1.834665   2.38757865 1.68715652]
2.510583000002317	[1.83404034 2.38788704 1.68658745]
2.510584000002317	[1.83341425 2.38819517 1.68601704]
2.510585000002317	[1.83278707 2.38850294 1.68544565]
2.5105860000023172	[1.83215871 2.38881041 1.68487316]
2.5105870000023174	[1.83152915 2.38911766 1.68429959]
2.5105880000023175	[1.83089835 2.38942473 1.68372486]
2.5105890000023177	[1.83026659 2.38973169 1.68314925]
2.510590000002318	[1.82963331 2.39005028 1.6825723 ]
2.510591000002318	[1.82899905 2.3903338  1.6819943 ]
2.510592000002318	[1.82836371 2.39066393 1.68141551]
2.510593000002318	[1.82772713 2.39094761 1.68083538]
2.5105940000023184	[1.82708953 2.39127791 1.68025449]
2.5105950000023185	[1.82645058 2.39157359 1.67967224]
2.5105960000023186	[1.82581071 2.39188099 1.67908918]
2.510597000002319	[1.82516979 2.39218866 1.67850516]
2.510598000002319	[1.82452766 2.39249672 1.67792003]
2.510599000002319	[1.82388452 2.3928051  1.67733398]
2.510600000002319	[1.82324034 2.39311389 1.67674696]
2.5106010000023193	[1.8225952  2.39342307 1.67615906]
2.5106020000023195	[1.82194887 2.39373289 1.67557007]
2.5106030000023196	[1.82130162 2.39404318 1.67498024]
2.5106040000023198	[1.82065339 2.39435408 1.67438951]
2.51060500000232	[1.82000422 2.39466568 1.6737979 ]
2.51060600000232	[1.81934609 2.39498541 1.67319798]
2.51060700000232	[1.81870318 2.39529055 1.67261222]
2.5106080000023203	[1.81805118 2.39560429 1.67201803]
2.5106090000023205	[1.81739831 2.3959188  1.67142303]
2.5106100000023206	[1.81674456 2.39623417 1.67082723]
2.5106110000023207	[1.81608997 2.39655043 1.67023065]
2.510612000002321	[1.81543455 2.39686761 1.66963331]
2.510613000002321	[1.81477833 2.39718577 1.66903524]
2.510614000002321	[1.81412134 2.39750493 1.66843646]
2.5106150000023213	[1.81346359 2.39782514 1.66783698]
2.5106160000023214	[1.81280511 2.39814642 1.66723683]
2.5106170000023216	[1.81214593 2.39846882 1.66663604]
2.5106180000023217	[1.81148606 2.39879236 1.66603461]
2.510619000002322	[1.81082554 2.39911708 1.66543259]
2.510620000002322	[1.81016438 2.39944301 1.66482999]
2.510621000002322	[1.80950263 2.39977017 1.66422683]
2.5106220000023223	[1.80884029 2.40009861 1.66362313]
2.5106230000023224	[1.8081774  2.40042834 1.66301893]
2.5106240000023226	[1.80751398 2.40075939 1.66241425]
2.5106250000023227	[1.80685007 2.40109179 1.66180911]
2.510626000002323	[1.80618568 2.40142557 1.66120353]
2.510627000002323	[1.80552085 2.40176073 1.66059754]
2.510628000002323	[1.80485559 2.40209731 1.65999117]
2.5106290000023233	[1.80418995 2.40243533 1.65938444]
2.5106300000023234	[1.80352393 2.4027748  1.65877737]
2.5106310000023235	[1.80285759 2.40311574 1.65816999]
2.5106320000023237	[1.80219093 2.40345817 1.65756232]
2.510633000002324	[1.80152398 2.4038021  1.65695439]
2.510634000002324	[1.80085679 2.40414755 1.65634623]
2.510635000002324	[1.80018936 2.40449453 1.65573786]
2.5106360000023242	[1.79952173 2.40484305 1.6551293 ]
2.5106370000023244	[1.79885392 2.40519312 1.65452058]
2.5106380000023245	[1.79818597 2.40554474 1.65391172]
2.5106390000023247	[1.7975179  2.40589792 1.65330275]
2.510640000002325	[1.79684973 2.40625268 1.6526937 ]
2.510641000002325	[1.79618149 2.40660901 1.65208457]
2.510642000002325	[1.7955132  2.40696691 1.65147541]
2.510643000002325	[1.7948449  2.4073264  1.65086623]
2.5106440000023253	[1.79417661 2.40768746 1.65025705]
2.5106450000023255	[1.79350835 2.40805009 1.6496479 ]
2.5106460000023256	[1.79284014 2.4084143  1.64903881]
2.5106470000023258	[1.79217202 2.40878008 1.64842979]
2.510648000002326	[1.791504   2.40914743 1.64782086]
2.510649000002326	[1.79083611 2.40951633 1.64721205]
2.510650000002326	[1.79016838 2.40988679 1.64660338]
2.5106510000023263	[1.78950082 2.41025878 1.64599487]
2.5106520000023265	[1.78883346 2.41063232 1.64538655]
2.5106530000023266	[1.78816631 2.41100736 1.64477841]
2.5106540000023267	[1.7874994  2.41138392 1.6441705 ]
2.510655000002327	[1.78683276 2.41176197 1.64356282]
2.510656000002327	[1.78616639 2.41214151 1.64295541]
2.510657000002327	[1.78550033 2.4125225  1.64234826]
2.5106580000023273	[1.78483458 2.41290494 1.64174141]
2.5106590000023274	[1.78416917 2.41328882 1.64113486]
2.5106600000023276	[1.78350412 2.4136741  1.64052865]
2.5106610000023277	[1.78283944 2.41406077 1.63992277]
2.510662000002328	[1.78217515 2.41444882 1.63931725]
2.510663000002328	[1.78151127 2.4148382  1.63871209]
2.510664000002328	[1.7808478  2.41522892 1.63810733]
2.5106650000023283	[1.78018477 2.41562093 1.63750295]
2.5106660000023284	[1.77952219 2.41601421 1.63689899]
2.5106670000023286	[1.77886007 2.41640875 1.63629545]
2.5106680000023287	[1.77819842 2.41680451 1.63569235]
2.510669000002329	[1.77753726 2.41720147 1.63508969]
2.510670000002329	[1.77687659 2.41759959 1.63448748]
2.510671000002329	[1.77621643 2.41799886 1.63388573]
2.5106720000023293	[1.77555679 2.41839923 1.63328446]
2.5106730000023294	[1.77489767 2.41880069 1.63268366]
2.5106740000023295	[1.77423908 2.41920319 1.63208336]
2.5106750000023297	[1.77358104 2.41960672 1.63148354]
2.51067600000233	[1.77292354 2.42001123 1.63088423]
2.51067700000233	[1.77226659 2.4204167  1.63028542]
2.51067800000233	[1.77161019 2.42082309 1.62968712]
2.5106790000023302	[1.77095436 2.42123037 1.62908933]
2.5106800000023304	[1.77029909 2.42163851 1.62849206]
2.5106810000023305	[1.76964439 2.42204747 1.6278953 ]
2.5106820000023307	[1.76899025 2.42245722 1.62729906]
2.510683000002331	[1.76833668 2.42286772 1.62670334]
2.510684000002331	[1.76768368 2.42327895 1.62610815]
2.510685000002331	[1.76703125 2.42369086 1.62551347]
2.510686000002331	[1.76637938 2.42410343 1.6249193 ]
2.5106870000023314	[1.76572808 2.42451661 1.62432566]
2.5106880000023315	[1.76507734 2.42493037 1.62373252]
2.5106890000023316	[1.76442716 2.42534468 1.6231399 ]
2.510690000002332	[1.76377752 2.4257595  1.62254778]
2.510691000002332	[1.76312844 2.42617479 1.62195616]
2.510692000002332	[1.7624799  2.42659053 1.62136504]
2.510693000002332	[1.76183189 2.42700667 1.6207744 ]
2.5106940000023323	[1.76118441 2.42742319 1.62018425]
2.5106950000023325	[1.76053744 2.42784005 1.61959457]
2.5106960000023326	[1.75989099 2.4282572  1.61900535]
2.5106970000023328	[1.75924503 2.42867464 1.61841658]
2.510698000002333	[1.75859958 2.4290923  1.61782828]
2.510699000002333	[1.75795459 2.42951017 1.61724041]
2.510700000002333	[1.75731008 2.4299282  1.61665296]
2.5107010000023333	[1.75666602 2.43034638 1.61606593]
2.5107020000023335	[1.7560224  2.43076465 1.61547931]
2.5107030000023336	[1.75537921 2.43118301 1.61489307]
2.5107040000023337	[1.75473643 2.4316014  1.61430721]
2.510705000002334	[1.75409406 2.43201981 1.61372172]
2.510706000002334	[1.75345207 2.43243819 1.61313658]
2.510707000002334	[1.75281045 2.43285653 1.61255177]
2.5107080000023343	[1.75216918 2.43327479 1.61196729]
2.5107090000023344	[1.75152825 2.43369294 1.61138311]
2.5107100000023346	[1.75088764 2.43411096 1.61079922]
2.5107110000023347	[1.75024733 2.43452881 1.61021561]
2.510712000002335	[1.7496073  2.43494648 1.60963225]
2.510713000002335	[1.74896753 2.43536394 1.60904913]
2.510714000002335	[1.74832801 2.43578115 1.60846624]
2.5107150000023353	[1.74768872 2.43619811 1.60788355]
2.5107160000023354	[1.74704963 2.43661477 1.60730104]
2.5107170000023356	[1.74641073 2.43703113 1.60671871]
2.5107180000023357	[1.74577199 2.43744716 1.60613652]
2.510719000002336	[1.7451334  2.43786283 1.60555446]
2.510720000002336	[1.74449493 2.43827814 1.60497252]
2.510721000002336	[1.74385656 2.43869305 1.60439066]
2.5107220000023363	[1.74321827 2.43910755 1.60380888]
2.5107230000023364	[1.74258005 2.43952163 1.60322714]
2.5107240000023365	[1.74194185 2.43993526 1.60264544]
2.5107250000023367	[1.74130367 2.44034843 1.60206375]
2.510726000002337	[1.74066549 2.44076112 1.60148204]
2.510727000002337	[1.74002727 2.44117333 1.60090031]
2.510728000002337	[1.739389   2.44158504 1.60031853]
2.5107290000023372	[1.73875066 2.44199623 1.59973667]
2.5107300000023374	[1.73811221 2.4424069  1.59915472]
2.5107310000023375	[1.73747365 2.44281704 1.59857266]
2.5107320000023376	[1.73683494 2.44322663 1.59799046]
2.510733000002338	[1.73619607 2.44363567 1.59740811]
2.510734000002338	[1.735557   2.44404415 1.59682558]
2.510735000002338	[1.73491772 2.44445207 1.59624285]
2.510736000002338	[1.73427821 2.44485941 1.5956599 ]
2.5107370000023383	[1.73363616 2.44528249 1.59507476]
2.5107380000023385	[1.73299846 2.44567249 1.59449335]
2.5107390000023386	[1.73235815 2.44607805 1.59390966]
2.5107400000023388	[1.73171748 2.44648311 1.59332564]
2.510741000002339	[1.73107648 2.44688757 1.59274131]
2.510742000002339	[1.73043508 2.44729148 1.59215661]
2.510743000002339	[1.72979331 2.4476948  1.59157157]
2.5107440000023393	[1.72915113 2.44809753 1.59098616]
2.5107450000023395	[1.72850852 2.44849969 1.59040034]
2.5107460000023396	[1.72786545 2.44890128 1.58981411]
2.5107470000023397	[1.72722191 2.44930231 1.58922743]
2.51074800000234	[1.7265779  2.44970277 1.58864032]
2.51074900000234	[1.72593337 2.45010267 1.58805273]
2.51075000000234	[1.72528831 2.45050204 1.58746465]
2.5107510000023403	[1.72464269 2.45090087 1.58687606]
2.5107520000023404	[1.72399652 2.45129916 1.58628696]
2.5107530000023406	[1.72334976 2.45169694 1.58569731]
2.5107540000023407	[1.7227024  2.45209421 1.58510711]
2.510755000002341	[1.72205442 2.45249098 1.58451634]
2.510756000002341	[1.72140581 2.45288727 1.58392498]
2.510757000002341	[1.72075654 2.45328308 1.58333302]
2.5107580000023413	[1.72010661 2.45367844 1.58274045]
2.5107590000023414	[1.71945599 2.45407336 1.58214724]
2.5107600000023416	[1.71880468 2.45446784 1.5815534 ]
2.5107610000023417	[1.71815266 2.45486191 1.5809589 ]
2.510762000002342	[1.71749991 2.45525559 1.58036373]
2.510763000002342	[1.71684643 2.45564888 1.57976789]
2.510764000002342	[1.7161922  2.45604183 1.57917135]
2.5107650000023423	[1.71553721 2.45643439 1.57857411]
2.5107660000023424	[1.71488145 2.45682664 1.57797617]
2.5107670000023425	[1.71422491 2.45721859 1.5773775 ]
2.5107680000023427	[1.71356757 2.45761026 1.57677811]
2.510769000002343	[1.71290944 2.45800163 1.57617797]
2.510770000002343	[1.71225049 2.45839276 1.57557709]
2.510771000002343	[1.71159073 2.45878366 1.57497546]
2.5107720000023432	[1.71093016 2.45917437 1.57437307]
2.5107730000023434	[1.71026873 2.45956486 1.57376991]
2.5107740000023435	[1.70960648 2.45995519 1.57316598]
2.5107750000023437	[1.70894339 2.46034538 1.57256128]
2.510776000002344	[1.70827945 2.46073543 1.57195579]
2.510777000002344	[1.70761466 2.4611254  1.57134953]
2.510778000002344	[1.70694902 2.46151528 1.57074247]
2.510779000002344	[1.70628252 2.4619051  1.57013463]
2.5107800000023444	[1.70561516 2.46229488 1.569526  ]
2.5107810000023445	[1.70494695 2.46268465 1.56891658]
2.5107820000023446	[1.70427787 2.46307442 1.56830636]
2.510783000002345	[1.70360792 2.46346424 1.56769534]
2.510784000002345	[1.70293715 2.46385408 1.56708355]
2.510785000002345	[1.7022655  2.46424401 1.56647097]
2.510786000002345	[1.70159299 2.46463404 1.56585759]
2.5107870000023453	[1.70091964 2.46502419 1.56524343]
2.5107880000023455	[1.70024542 2.46541446 1.56462847]
2.5107890000023456	[1.69957038 2.46580492 1.56401277]
2.5107900000023458	[1.6988945  2.46619556 1.56339627]
2.510791000002346	[1.69821777 2.46658639 1.56277901]
2.510792000002346	[1.69754022 2.46697746 1.56216098]
2.510793000002346	[1.69686185 2.46736877 1.5615422 ]
2.5107940000023463	[1.69618266 2.46776035 1.56092266]
2.5107950000023465	[1.69550268 2.46815222 1.56030239]
2.5107960000023466	[1.69482189 2.4685444  1.55968138]
2.5107970000023467	[1.69414031 2.4689369  1.55905964]
2.510798000002347	[1.69345795 2.46932976 1.55843718]
2.510799000002347	[1.69277483 2.46972298 1.55781402]
2.510800000002347	[1.69209095 2.47011658 1.55719016]
2.5108010000023473	[1.69140632 2.47051059 1.5565656 ]
2.5108020000023474	[1.69072097 2.47090502 1.55594039]
2.5108030000023476	[1.69003487 2.47129988 1.55531448]
2.5108040000023477	[1.68934808 2.47169519 1.55468793]
2.510805000002348	[1.68866059 2.47209098 1.55406074]
2.510806000002348	[1.68797241 2.47248725 1.55343291]
2.510807000002348	[1.68728357 2.47288402 1.55280448]
2.5108080000023483	[1.68659408 2.4732813  1.55217544]
2.5108090000023484	[1.68590395 2.47367911 1.5515458 ]
2.5108100000023486	[1.68521143 2.47407005 1.55091386]
2.5108110000023487	[1.68452181 2.4744762  1.55028481]
2.510812000002349	[1.68382993 2.47487566 1.54965356]
2.510813000002349	[1.68313734 2.47527571 1.54902166]
2.510814000002349	[1.68244426 2.47567633 1.54838931]
2.5108150000023493	[1.6817507  2.47607748 1.54775651]
2.5108160000023494	[1.68105651 2.47647936 1.54712314]
2.5108170000023495	[1.68036187 2.47688179 1.54648934]
2.5108180000023497	[1.67966681 2.47728482 1.54585516]
2.51081900000235	[1.67897117 2.47768852 1.54522043]
2.51082000000235	[1.67827513 2.47809283 1.54458534]
2.51082100000235	[1.67757866 2.47849778 1.54394985]
2.5108220000023502	[1.67688179 2.47890337 1.54331399]
2.5108230000023504	[1.67618453 2.47930961 1.54267777]
2.5108240000023505	[1.67548689 2.47971649 1.5420412 ]
2.5108250000023506	[1.67478891 2.48012403 1.54140431]
2.510826000002351	[1.6740906  2.48053222 1.54076711]
2.510827000002351	[1.67339197 2.48094106 1.54012962]
2.510828000002351	[1.67269306 2.48135056 1.53949186]
2.510829000002351	[1.67199387 2.48176071 1.53885385]
2.5108300000023513	[1.67129444 2.48217152 1.53821561]
2.5108310000023515	[1.67059477 2.48258297 1.53757715]
2.5108320000023516	[1.6698949  2.48299507 1.53693849]
2.5108330000023518	[1.66919483 2.48340781 1.53629966]
2.510834000002352	[1.6684946  2.48382119 1.53566066]
2.510835000002352	[1.6677942  2.4842352  1.53502152]
2.510836000002352	[1.66709369 2.48464984 1.53438227]
2.5108370000023523	[1.66639307 2.48506509 1.53374291]
2.5108380000023525	[1.66569235 2.48548096 1.53310346]
2.5108390000023526	[1.66499157 2.48589744 1.53246394]
2.5108400000023527	[1.66429073 2.48631451 1.53182437]
2.510841000002353	[1.66358986 2.48673216 1.53118477]
2.510842000002353	[1.66288897 2.48715039 1.53054515]
2.510843000002353	[1.6621881  2.48756919 1.52990554]
2.5108440000023533	[1.66148725 2.48798854 1.52926594]
2.5108450000023534	[1.66078644 2.48840842 1.52862638]
2.5108460000023536	[1.66008567 2.48882883 1.52798685]
2.5108470000023537	[1.65938502 2.4892498  1.52734743]
2.510848000002354	[1.65868445 2.4896712  1.52670807]
2.510849000002354	[1.657984   2.49009312 1.52606882]
2.510850000002354	[1.65728368 2.49051551 1.52542969]
2.5108510000023543	[1.6565835  2.49093835 1.52479068]
2.5108520000023544	[1.65588348 2.49136162 1.52415181]
2.5108530000023546	[1.65518366 2.49178534 1.52351313]
2.5108540000023547	[1.65448403 2.49220945 1.52287461]
2.510855000002355	[1.65378461 2.49263394 1.52223629]
2.510856000002355	[1.65308542 2.4930588  1.52159816]
2.510857000002355	[1.65238647 2.49348402 1.52096026]
2.5108580000023553	[1.65168777 2.49390957 1.52032258]
2.5108590000023554	[1.65098935 2.49433542 1.51968515]
2.5108600000023555	[1.6502912  2.49476157 1.51904797]
2.5108610000023557	[1.64959336 2.495188   1.51841106]
2.510862000002356	[1.64889582 2.49561467 1.51777443]
2.510863000002356	[1.64819858 2.49604161 1.51713807]
2.510864000002356	[1.6475017  2.49646869 1.51650204]
2.5108650000023562	[1.64680515 2.496896   1.51586631]
2.5108660000023564	[1.64610896 2.49732347 1.51523089]
2.5108670000023565	[1.64541312 2.49775109 1.51459581]
2.5108680000023567	[1.64471766 2.49817884 1.51396105]
2.510869000002357	[1.64402258 2.49860668 1.51332665]
2.510870000002357	[1.64332788 2.49903461 1.51269259]
2.510871000002357	[1.64263358 2.4994626  1.51205889]
2.510872000002357	[1.64193969 2.49989062 1.51142556]
2.5108730000023574	[1.6412462  2.50031866 1.5107926 ]
2.5108740000023575	[1.64055313 2.50074669 1.51016002]
2.5108750000023576	[1.63986048 2.50117469 1.50952782]
2.5108760000023578	[1.63916828 2.5016026  1.50889602]
2.510877000002358	[1.63847647 2.50203051 1.50826459]
2.510878000002358	[1.63778511 2.50245827 1.50763355]
2.510879000002358	[1.63709421 2.50288594 1.50700294]
2.5108800000023583	[1.63640373 2.50331346 1.50637271]
2.5108810000023585	[1.63571371 2.50374082 1.50574289]
2.5108820000023586	[1.63502412 2.50416799 1.50511347]
2.5108830000023588	[1.63433499 2.50459496 1.50448445]
2.510884000002359	[1.6336463  2.50502171 1.50385585]
2.510885000002359	[1.63295806 2.50544821 1.50322764]
2.510886000002359	[1.63227027 2.50587444 1.50259985]
2.5108870000023593	[1.63158292 2.50630038 1.50197246]
2.5108880000023595	[1.63089602 2.50672602 1.50134547]
2.5108890000023596	[1.63020956 2.50715134 1.50071888]
2.5108900000023597	[1.62952354 2.5075763  1.5000927 ]
2.51089100000236	[1.62883796 2.50800091 1.4994669 ]
2.51089200000236	[1.62815281 2.50842513 1.49884151]
2.51089300000236	[1.6274681  2.50884897 1.4982165 ]
2.5108940000023603	[1.6267838  2.50927236 1.49759187]
2.5108950000023604	[1.62609993 2.50969533 1.49696763]
2.5108960000023606	[1.62541647 2.51011785 1.49634376]
2.5108970000023607	[1.62473342 2.5105399  1.49572026]
2.510898000002361	[1.62405077 2.51096147 1.49509713]
2.510899000002361	[1.62336852 2.51138254 1.49447435]
2.510900000002361	[1.62268665 2.5118031  1.49385192]
2.5109010000023613	[1.62200516 2.51222313 1.49322983]
2.5109020000023614	[1.62132404 2.51264262 1.49260807]
2.5109030000023616	[1.62064329 2.51306157 1.49198666]
2.5109040000023617	[1.61996289 2.51347996 1.49136555]
2.510905000002362	[1.61928284 2.51389776 1.49074476]
2.510906000002362	[1.61860311 2.51431498 1.49012426]
2.510907000002362	[1.61792371 2.51473161 1.48950406]
2.5109080000023623	[1.61724462 2.51514763 1.48888414]
2.5109090000023624	[1.61656583 2.51556304 1.48826449]
2.5109100000023625	[1.61588734 2.51597783 1.48764509]
2.5109110000023627	[1.61520912 2.51639199 1.48702595]
2.510912000002363	[1.61453116 2.51680551 1.48640705]
2.510913000002363	[1.61385346 2.5172184  1.48578837]
2.510914000002363	[1.613176   2.51763064 1.48516991]
2.5109150000023632	[1.61249877 2.51804222 1.48455166]
2.5109160000023634	[1.61182176 2.51845316 1.48393359]
2.5109170000023635	[1.61114494 2.51886344 1.4833157 ]
2.5109180000023636	[1.61046831 2.51927305 1.48269798]
2.510919000002364	[1.60979186 2.51968201 1.48208041]
2.510920000002364	[1.60911556 2.52009031 1.48146299]
2.510921000002364	[1.60843941 2.52049796 1.48084568]
2.510922000002364	[1.6077634  2.52090492 1.4802285 ]
2.5109230000023643	[1.60708749 2.52131124 1.47961142]
2.5109240000023645	[1.60641169 2.5217169  1.47899442]
2.5109250000023646	[1.60573598 2.52212191 1.4783775 ]
2.5109260000023648	[1.60506033 2.52252627 1.47776063]
2.510927000002365	[1.60438474 2.52292998 1.47714381]
2.510928000002365	[1.60370919 2.52333305 1.47652702]
2.510929000002365	[1.60303367 2.5237355  1.47591025]
2.5109300000023653	[1.60235816 2.52413731 1.47529348]
2.5109310000023655	[1.60168264 2.52453851 1.47467669]
2.5109320000023656	[1.6010071  2.52493909 1.47405989]
2.5109330000023657	[1.60033152 2.52533907 1.47344304]
2.510934000002366	[1.59965589 2.52573846 1.47282614]
2.510935000002366	[1.59898019 2.52613727 1.47220917]
2.510936000002366	[1.5983044  2.5265355  1.47159211]
2.5109370000023663	[1.59762852 2.52693318 1.47097496]
2.5109380000023664	[1.59695252 2.52733031 1.4703577 ]
2.5109390000023666	[1.59627639 2.5277269  1.46974031]
2.5109400000023667	[1.59560012 2.52812297 1.46912278]
2.510941000002367	[1.59492368 2.52851853 1.46850509]
2.510942000002367	[1.59424707 2.5289136  1.46788724]
2.510943000002367	[1.59357027 2.52930819 1.46726921]
2.5109440000023673	[1.59289325 2.52970233 1.46665097]
2.5109450000023674	[1.59221602 2.53009602 1.46603254]
2.5109460000023676	[1.59153856 2.53048926 1.46541388]
2.5109470000023677	[1.59086084 2.53088211 1.46479498]
2.510948000002368	[1.59018286 2.53127456 1.46417583]
2.510949000002368	[1.5895046  2.53166663 1.46355642]
2.510950000002368	[1.58882604 2.53205835 1.46293674]
2.5109510000023683	[1.58814718 2.53244973 1.46231676]
2.5109520000023684	[1.587468   2.53284079 1.46169649]
2.5109530000023685	[1.58678848 2.53323156 1.4610759 ]
2.5109540000023687	[1.58610861 2.53362204 1.46045499]
2.510955000002369	[1.58542839 2.53401227 1.45983374]
2.510956000002369	[1.58474779 2.53440226 1.45921214]
2.510957000002369	[1.5840668  2.53479204 1.45859018]
2.5109580000023692	[1.58338542 2.53518162 1.45796785]
2.5109590000023694	[1.58270363 2.53557103 1.45734514]
2.5109600000023695	[1.58202141 2.53596029 1.45672203]
2.5109610000023697	[1.58133877 2.53634943 1.45609852]
2.51096200000237	[1.58065567 2.53673845 1.4554746 ]
2.51096300000237	[1.57997213 2.53712739 1.45485025]
2.51096400000237	[1.57928811 2.53751628 1.45422547]
2.51096500000237	[1.57860362 2.53790512 1.45360024]
2.5109660000023704	[1.57791865 2.53829395 1.45297457]
2.5109670000023705	[1.57723318 2.53868279 1.45234843]
2.5109680000023706	[1.5765472  2.53907165 1.45172182]
2.5109690000023708	[1.57586071 2.53946057 1.45109473]
2.510970000002371	[1.57517369 2.53984956 1.45046716]
2.510971000002371	[1.57448615 2.54023866 1.44983909]
2.510972000002371	[1.57379806 2.54062787 1.44921052]
2.5109730000023713	[1.57310943 2.54101723 1.44858145]
2.5109740000023715	[1.57242024 2.54140675 1.44795186]
2.5109750000023716	[1.57173049 2.54179646 1.44732174]
2.5109760000023718	[1.57104017 2.54218638 1.4466911 ]
2.510977000002372	[1.57034928 2.54257654 1.44605992]
2.510978000002372	[1.5696578  2.54296694 1.44542821]
2.510979000002372	[1.56896574 2.54335763 1.44479595]
2.5109800000023723	[1.56827308 2.5437486  1.44416314]
2.5109810000023725	[1.56757982 2.5441399  1.44352977]
2.5109820000023726	[1.56688596 2.54453153 1.44289585]
2.5109830000023727	[1.5661915  2.54492352 1.44226136]
2.510984000002373	[1.56549642 2.54531588 1.4416263 ]
2.510985000002373	[1.56480072 2.54570864 1.44099067]
2.510986000002373	[1.56410441 2.54610182 1.44035447]
2.5109870000023733	[1.56340747 2.54649543 1.43971769]
2.5109880000023734	[1.5627099  2.54688949 1.43908033]
2.5109890000023736	[1.56201171 2.54728401 1.43844239]
2.5109900000023737	[1.56131288 2.54767903 1.43780386]
2.510991000002374	[1.56061342 2.54807454 1.43716474]
2.510992000002374	[1.55991332 2.54847058 1.43652504]
2.510993000002374	[1.55921259 2.54886714 1.43588475]
2.5109940000023743	[1.55851122 2.54926425 1.43524386]
2.5109950000023744	[1.5578092  2.54966193 1.43460238]
2.5109960000023746	[1.55710655 2.55006018 1.43396031]
2.5109970000023747	[1.55640325 2.55045901 1.43331764]
2.510998000002375	[1.55569931 2.55085845 1.43267438]
2.510999000002375	[1.55499473 2.5512585  1.43203053]
2.511000000002375	[1.55428951 2.55165916 1.43138608]
2.5110010000023752	[1.55358365 2.55206047 1.43074104]
2.5110020000023754	[1.55287714 2.55246241 1.4300954 ]
2.5110030000023755	[1.55217    2.552865   1.42944918]
2.5110040000023757	[1.55146221 2.55326825 1.42880236]
2.511005000002376	[1.55075378 2.55367216 1.42815494]
2.511006000002376	[1.55004472 2.55407674 1.42750694]
2.511007000002376	[1.54933502 2.554482   1.42685835]
2.5110080000023762	[1.54867293 2.55485446 1.42625359]
2.5110090000023764	[1.54786555 2.55532889 1.42551504]
2.5110100000023765	[1.54725046 2.55566854 1.42495357]
2.5110110000023766	[1.54649013 2.5561112  1.42425833]
2.511012000002377	[1.54577718 2.55651948 1.42360674]
2.511013000002377	[1.54506371 2.55692886 1.42295467]
2.511014000002377	[1.54434962 2.55733892 1.42230202]
2.511015000002377	[1.54363491 2.55774968 1.4216488 ]
2.5110160000023773	[1.54291958 2.55816113 1.420995  ]
2.5110170000023775	[1.54220363 2.55857326 1.42034064]
2.5110180000023776	[1.54148708 2.55898607 1.41968571]
2.5110190000023778	[1.54076991 2.55939956 1.41903022]
2.511020000002378	[1.54005214 2.55981373 1.41837417]
2.511021000002378	[1.53933376 2.56022856 1.41771756]
2.511022000002378	[1.53861478 2.56064405 1.41706039]
2.5110230000023783	[1.5378952  2.5610602  1.41640267]
2.5110240000023785	[1.53717503 2.56147698 1.41574441]
2.5110250000023786	[1.53645426 2.5618944  1.41508559]
2.5110260000023787	[1.53573291 2.56231245 1.41442624]
2.511027000002379	[1.53501097 2.5627311  1.41376634]
2.511028000002379	[1.53428854 2.56315025 1.41310598]
2.511029000002379	[1.53356524 2.56357031 1.41244483]
2.5110300000023793	[1.53284165 2.56399063 1.41178341]
2.5110310000023794	[1.53211739 2.56441161 1.41112137]
2.5110320000023796	[1.53139256 2.56483313 1.4104588 ]
2.5110330000023797	[1.53066715 2.56525518 1.40979571]
2.51103400000238	[1.52994118 2.56567774 1.40913209]
2.51103500000238	[1.52921464 2.5661008  1.40846795]
2.51103600000238	[1.52848754 2.56652434 1.40780329]
2.5110370000023803	[1.52775988 2.56694833 1.40713811]
2.5110380000023804	[1.52703166 2.56737277 1.40647241]
2.5110390000023806	[1.52630288 2.56779762 1.40580621]
2.5110400000023807	[1.52557358 2.56822282 1.40513952]
2.511041000002381	[1.52484366 2.56864849 1.40447226]
2.511042000002381	[1.52411322 2.56907447 1.40380452]
2.511043000002381	[1.52338223 2.56950078 1.40313627]
2.5110440000023813	[1.52265069 2.56992739 1.40246752]
2.5110450000023814	[1.52191861 2.57035429 1.40179827]
2.5110460000023815	[1.52118597 2.57078145 1.40112851]
2.5110470000023817	[1.5204528  2.57120885 1.40045825]
2.511048000002382	[1.51971907 2.57163645 1.39978748]
2.511049000002382	[1.5189848  2.57206423 1.39911621]
2.511050000002382	[1.51824999 2.57249218 1.39844445]
2.5110510000023822	[1.51751464 2.57292024 1.39777218]
2.5110520000023824	[1.51677873 2.57334842 1.39709941]
2.5110530000023825	[1.51604229 2.57377666 1.39642614]
2.5110540000023827	[1.5153053  2.57420495 1.39575237]
2.511055000002383	[1.51456777 2.57463326 1.39507809]
2.511056000002383	[1.51382969 2.57506155 1.39440332]
2.511057000002383	[1.51309106 2.5754898  1.39372804]
2.511058000002383	[1.51235189 2.57591799 1.39305226]
2.5110590000023834	[1.51161216 2.57634607 1.39237597]
2.5110600000023835	[1.51087189 2.57677402 1.39169917]
2.5110610000023836	[1.51013106 2.57720181 1.39102187]
2.5110620000023838	[1.50938968 2.57762941 1.39034405]
2.511063000002384	[1.50864774 2.57805679 1.38966573]
2.511064000002384	[1.50790525 2.57848392 1.38898689]
2.511065000002384	[1.50716219 2.57891076 1.38830754]
2.5110660000023843	[1.50641857 2.57933729 1.38762766]
2.5110670000023845	[1.50567438 2.57976347 1.38694727]
2.5110680000023846	[1.50492962 2.58018928 1.38626635]
2.5110690000023848	[1.50418429 2.58061468 1.3855849 ]
2.511070000002385	[1.50343839 2.58103965 1.38490293]
2.511071000002385	[1.5026919  2.58146414 1.38422042]
2.511072000002385	[1.50194483 2.58188814 1.38353737]
2.5110730000023853	[1.50119717 2.58231161 1.38285379]
2.5110740000023855	[1.50044892 2.58273452 1.38216966]
2.5110750000023856	[1.49970007 2.58315684 1.38148498]
2.5110760000023857	[1.49895063 2.58357853 1.38079975]
2.511077000002386	[1.49820058 2.58399958 1.38011397]
2.511078000002386	[1.49744991 2.58441995 1.37942762]
2.511079000002386	[1.49669864 2.58483961 1.37874071]
2.5110800000023863	[1.49594674 2.58525853 1.37805323]
2.5110810000023864	[1.49519422 2.58567668 1.37736517]
2.5110820000023866	[1.49444106 2.58609404 1.37667654]
2.5110830000023867	[1.49368728 2.58651058 1.37598732]
2.511084000002387	[1.49293284 2.58692626 1.37529751]
2.511085000002387	[1.49217777 2.58734107 1.37460711]
2.511086000002387	[1.49142203 2.58775497 1.3739161 ]
2.5110870000023873	[1.49066564 2.58816794 1.37322449]
2.5110880000023874	[1.48990859 2.58857996 1.37253227]
2.5110890000023876	[1.48915086 2.58899099 1.37183943]
2.5110900000023877	[1.48839246 2.58940102 1.37114597]
2.511091000002388	[1.48763337 2.58981001 1.37045188]
2.511092000002388	[1.48687359 2.59021796 1.36975716]
2.511093000002388	[1.48611311 2.59062482 1.3690618 ]
2.5110940000023882	[1.48535194 2.59103057 1.36836579]
2.5110950000023884	[1.48459005 2.59143523 1.36766913]
2.5110960000023885	[1.48382744 2.59183873 1.36697181]
2.5110970000023887	[1.48306412 2.59224107 1.36627383]
2.511098000002389	[1.48230006 2.59264223 1.36557518]
2.511099000002389	[1.48153527 2.59304218 1.36487585]
2.511100000002389	[1.48076974 2.59344092 1.36417584]
2.5111010000023892	[1.48000346 2.59383842 1.36347514]
2.5111020000023894	[1.47923642 2.59423466 1.36277375]
2.5111030000023895	[1.47846863 2.59462963 1.36207166]
2.5111040000023896	[1.47770006 2.59502332 1.36136887]
2.51110500000239	[1.47693072 2.59541571 1.36066536]
2.51110600000239	[1.4761606  2.59580679 1.35996113]
2.51110700000239	[1.47538969 2.59619653 1.35925619]
2.51110800000239	[1.47461799 2.59658494 1.35855051]
2.5111090000023903	[1.47384549 2.59697201 1.3578441 ]
2.5111100000023905	[1.47307219 2.59735771 1.35713695]
2.5111110000023906	[1.47229807 2.59774203 1.35642905]
2.5111120000023908	[1.47152314 2.59812499 1.35572041]
2.511113000002391	[1.47074738 2.59850655 1.355011  ]
2.511114000002391	[1.4699708  2.59888672 1.35430084]
2.511115000002391	[1.46919338 2.5992655  1.35358991]
2.5111160000023913	[1.46841513 2.59964286 1.35287821]
2.5111170000023915	[1.46763603 2.60001882 1.35216573]
2.5111180000023916	[1.46685608 2.60039336 1.35145247]
2.5111190000023917	[1.46607528 2.60076649 1.35073843]
2.511120000002392	[1.46529362 2.6011382  1.3500236 ]
2.511121000002392	[1.46451109 2.60150849 1.34930798]
2.511122000002392	[1.4637277  2.60187736 1.34859156]
2.5111230000023923	[1.46294344 2.60224482 1.34787434]
2.5111240000023924	[1.46215831 2.60261085 1.34715631]
2.5111250000023926	[1.46137229 2.60297548 1.34643748]
2.5111260000023927	[1.46058539 2.60333869 1.34571784]
2.511127000002393	[1.45979761 2.60370049 1.34499738]
2.511128000002393	[1.45900895 2.60406089 1.3442761 ]
2.511129000002393	[1.45821939 2.60441989 1.34355401]
2.5111300000023933	[1.45742893 2.6047775  1.3428311 ]
2.5111310000023934	[1.45663759 2.60513373 1.34210736]
2.5111320000023936	[1.45584534 2.60548858 1.3413828 ]
2.5111330000023937	[1.4550522  2.60584206 1.34065741]
2.511134000002394	[1.45425815 2.60619419 1.33993119]
2.511135000002394	[1.45346321 2.60654496 1.33920415]
2.511136000002394	[1.45266736 2.6068944  1.33847627]
2.5111370000023943	[1.45187061 2.60724252 1.33774757]
2.5111380000023944	[1.45107297 2.60758942 1.33701804]
2.5111390000023945	[1.4502744  2.60793483 1.33628766]
2.5111400000023947	[1.44947494 2.60827905 1.33555646]
2.511141000002395	[1.44867458 2.60862199 1.33482443]
2.511142000002395	[1.44787332 2.60896368 1.33409157]
2.511143000002395	[1.44707116 2.60930413 1.33335789]
2.5111440000023952	[1.44626809 2.60964335 1.33262337]
2.5111450000023954	[1.44546413 2.60998136 1.33188803]
2.5111460000023955	[1.44465928 2.61031818 1.33115187]
2.5111470000023957	[1.44385353 2.61065382 1.33041488]
2.511148000002396	[1.4430469  2.61098831 1.32967708]
2.511149000002396	[1.44223937 2.61132166 1.32893846]
2.511150000002396	[1.44143096 2.6116539  1.32819902]
2.511151000002396	[1.44062167 2.61198503 1.32745877]
2.5111520000023964	[1.43981151 2.61231509 1.32671772]
2.5111530000023965	[1.43900047 2.61264408 1.32597586]
2.5111540000023966	[1.43818856 2.61297204 1.32523321]
2.5111550000023968	[1.43737579 2.61329898 1.32448976]
2.511156000002397	[1.43656216 2.61362493 1.32374551]
2.511157000002397	[1.43574768 2.6139499  1.32300048]
2.511158000002397	[1.43493235 2.61427391 1.32225467]
2.5111590000023973	[1.43411618 2.614597   1.32150809]
2.5111600000023975	[1.43329917 2.61491918 1.32076073]
2.5111610000023976	[1.43248133 2.61524047 1.32001261]
2.5111620000023978	[1.43166267 2.6155609  1.31926373]
2.511163000002398	[1.4308432  2.61588048 1.31851411]
2.511164000002398	[1.43002291 2.61619925 1.31776373]
2.511165000002398	[1.42920182 2.61651723 1.31701261]
2.5111660000023983	[1.42837994 2.61683443 1.31626076]
2.5111670000023985	[1.42755727 2.61715087 1.31550819]
2.5111680000023986	[1.42673383 2.6174666  1.3147549 ]
2.5111690000023987	[1.42590961 2.61778161 1.3140009 ]
2.511170000002399	[1.42508463 2.61809595 1.3132462 ]
2.511171000002399	[1.4242589  2.61840962 1.3124908 ]
2.511172000002399	[1.42343243 2.61872266 1.31173472]
2.5111730000023993	[1.42260522 2.61903509 1.31097796]
2.5111740000023994	[1.42177729 2.61934692 1.31022053]
2.5111750000023996	[1.42094864 2.61965818 1.30946244]
2.5111760000023997	[1.42011928 2.61996889 1.3087037 ]
2.5111770000024	[1.41928923 2.62027907 1.30794432]
2.5111780000024	[1.41845849 2.62058875 1.3071843 ]
2.5111790000024	[1.41762707 2.62089794 1.30642365]
2.5111800000024003	[1.41679499 2.62120666 1.30566239]
2.5111810000024004	[1.41596225 2.62151494 1.30490053]
2.5111820000024005	[1.41512886 2.62182279 1.30413807]
2.5111830000024007	[1.41429484 2.62213024 1.30337501]
2.511184000002401	[1.41346019 2.62243729 1.30261139]
2.511185000002401	[1.41262493 2.62274398 1.30184719]
2.511186000002401	[1.41178907 2.62305032 1.30108244]
2.5111870000024012	[1.41095261 2.62335632 1.30031714]
2.5111880000024014	[1.41011557 2.623662   1.2995513 ]
2.5111890000024015	[1.40927796 2.62396739 1.29878493]
2.5111900000024017	[1.40843978 2.62427248 1.29801804]
2.511191000002402	[1.40760106 2.62457731 1.29725065]
2.511192000002402	[1.4067618  2.62488189 1.29648275]
2.511193000002402	[1.40592201 2.62518622 1.29571437]
2.5111940000024022	[1.4050817  2.62549032 1.29494551]
2.5111950000024024	[1.40424088 2.62579421 1.29417617]
2.5111960000024025	[1.40339957 2.62609789 1.29340638]
2.5111970000024026	[1.40255777 2.62640139 1.29263614]
2.511198000002403	[1.4017155  2.6267047  1.29186545]
2.511199000002403	[1.40087276 2.62700784 1.29109434]
2.511200000002403	[1.40002956 2.62731082 1.2903228 ]
2.511201000002403	[1.39918592 2.62761364 1.28955085]
2.5112020000024033	[1.39834185 2.62791632 1.2887785 ]
2.5112030000024035	[1.39749735 2.62821886 1.28800575]
2.5112040000024036	[1.39665244 2.62852127 1.28723262]
2.5112050000024038	[1.39580712 2.62882355 1.28645911]
2.511206000002404	[1.39496141 2.62912571 1.28568524]
2.511207000002404	[1.3941153  2.62942775 1.284911  ]
2.511208000002404	[1.39326882 2.62972968 1.28413642]
2.5112090000024043	[1.39242197 2.63003149 1.28336149]
2.5112100000024045	[1.39157476 2.63033319 1.28258622]
2.5112110000024046	[1.3907272  2.63063477 1.28181063]
2.5112120000024047	[1.38987929 2.63093625 1.28103472]
2.511213000002405	[1.38903106 2.63123762 1.2802585 ]
2.511214000002405	[1.38818248 2.63153887 1.27948196]
2.511215000002405	[1.38733359 2.63184001 1.27870513]
2.5112160000024053	[1.38648438 2.63214102 1.277928  ]
2.5112170000024054	[1.38563486 2.63244191 1.27715059]
2.5112180000024056	[1.38478505 2.63274268 1.2763729 ]
2.5112190000024057	[1.38393494 2.6330433  1.27559493]
2.511220000002406	[1.38308454 2.63334379 1.2748167 ]
2.511221000002406	[1.38223385 2.63364413 1.27403819]
2.511222000002406	[1.38138289 2.63394431 1.27325943]
2.5112230000024063	[1.38053165 2.63424433 1.27248042]
2.5112240000024064	[1.37968014 2.63454417 1.27170115]
2.5112250000024066	[1.37882837 2.63484383 1.27092163]
2.5112260000024067	[1.37797634 2.63514328 1.27014187]
2.511227000002407	[1.37712404 2.63544253 1.26936186]
2.511228000002407	[1.3762715  2.63574156 1.26858162]
2.511229000002407	[1.37541869 2.63604035 1.26780114]
2.5112300000024073	[1.37456564 2.6363389  1.26702043]
2.5112310000024074	[1.37371234 2.63663718 1.26623949]
2.5112320000024075	[1.37285879 2.63693518 1.26545831]
2.5112330000024077	[1.372005   2.63723288 1.2646769 ]
2.511234000002408	[1.37115096 2.63753027 1.26389527]
2.511235000002408	[1.37029668 2.63782731 1.26311341]
2.511236000002408	[1.36941575 2.63811623 1.26230702]
2.5112370000024082	[1.36861407 2.63842788 1.26157357]
2.5112380000024084	[1.36770598 2.63870837 1.26074217]
2.5112390000024085	[1.36690368 2.63901938 1.26000814]
2.5112400000024087	[1.36599526 2.63929909 1.25917642]
2.511241000002409	[1.36516602 2.63960134 1.2584176 ]
2.511242000002409	[1.36430993 2.63989545 1.25763405]
2.511243000002409	[1.36345372 2.64018918 1.25685039]
2.511244000002409	[1.36259716 2.64048241 1.25606639]
2.5112450000024094	[1.36174033 2.6407751  1.25528215]
2.5112460000024095	[1.36088323 2.64106723 1.25449766]
2.5112470000024096	[1.36002585 2.64135879 1.2537129 ]
2.5112480000024098	[1.35916819 2.64164974 1.25292789]
2.51124900000241	[1.35831024 2.64194007 1.2521426 ]
2.51125000000241	[1.357452   2.64222974 1.25135705]
2.51125100000241	[1.35659346 2.64251874 1.25057121]
2.5112520000024103	[1.35573464 2.64280701 1.24978511]
2.5112530000024105	[1.35487545 2.64309461 1.24899867]
2.5112540000024106	[1.35401596 2.64338143 1.24821196]
2.5112550000024108	[1.35315614 2.64366748 1.24742494]
2.511256000002411	[1.35229599 2.64395272 1.2466376 ]
2.511257000002411	[1.35143549 2.64423714 1.24584994]
2.511258000002411	[1.35057463 2.6445207  1.24506195]
2.5112590000024113	[1.3497134  2.64480339 1.24427362]
2.5112600000024115	[1.34885179 2.64508517 1.24348494]
2.5112610000024116	[1.3479898  2.64536602 1.2426959 ]
2.5112620000024117	[1.34712741 2.64564592 1.24190649]
2.511263000002412	[1.34626461 2.64592483 1.2411167 ]
2.511264000002412	[1.3454014  2.64620274 1.24032653]
2.511265000002412	[1.34453774 2.64647962 1.23953595]
2.5112660000024123	[1.34367365 2.64675544 1.23874496]
2.5112670000024124	[1.3428091  2.64703018 1.23795355]
2.5112680000024126	[1.34194407 2.64730381 1.23716171]
2.5112690000024127	[1.34107857 2.64757632 1.23636942]
2.511270000002413	[1.34021257 2.64784766 1.23557667]
2.511271000002413	[1.33934607 2.64811783 1.23478345]
2.511272000002413	[1.33847904 2.64838679 1.23398975]
2.5112730000024133	[1.33761147 2.64865453 1.23319556]
2.5112740000024134	[1.33674336 2.64892101 1.23240085]
2.5112750000024135	[1.33587468 2.64918623 1.23160563]
2.5112760000024137	[1.33500542 2.64945015 1.23080987]
2.511277000002414	[1.33413557 2.64971275 1.23001356]
2.511278000002414	[1.33326511 2.64997402 1.2292167 ]
2.511279000002414	[1.33239403 2.65023392 1.22841925]
2.5112800000024142	[1.3315223  2.65049245 1.22762122]
2.5112810000024144	[1.33064993 2.65074958 1.22682259]
2.5112820000024145	[1.32977689 2.65100529 1.22602334]
2.5112830000024147	[1.32890316 2.65125957 1.22522346]
2.511284000002415	[1.32802873 2.65151239 1.22442293]
2.511285000002415	[1.32715356 2.65176373 1.22362172]
2.511286000002415	[1.32627772 2.65201361 1.22281989]
2.5112870000024152	[1.32540109 2.65226196 1.22201734]
2.5112880000024154	[1.32452371 2.6525088  1.22121409]
2.5112890000024155	[1.32364554 2.6527541  1.22041012]
2.5112900000024156	[1.32276659 2.65299786 1.21960543]
2.511291000002416	[1.32188682 2.65324005 1.21879998]
2.511292000002416	[1.32100623 2.65348067 1.21799378]
2.511293000002416	[1.3201248  2.6537197  1.21718681]
2.511294000002416	[1.31924252 2.65395714 1.21637904]
2.5112950000024163	[1.31835936 2.65419297 1.21557048]
2.5112960000024165	[1.31747531 2.65442718 1.2147611 ]
2.5112970000024166	[1.31659036 2.65465978 1.21395088]
2.5112980000024168	[1.31570451 2.65489073 1.21313983]
2.511299000002417	[1.31481771 2.65512005 1.21232792]
2.511300000002417	[1.31392997 2.65534773 1.21151513]
2.511301000002417	[1.31304127 2.65557375 1.21070147]
2.5113020000024173	[1.31215159 2.65579812 1.2098869 ]
2.5113030000024175	[1.31126093 2.65602084 1.20907143]
2.5113040000024176	[1.31036926 2.65624189 1.20825504]
2.5113050000024177	[1.30947658 2.65646128 1.20743771]
2.511306000002418	[1.30858286 2.65667901 1.20661943]
2.511307000002418	[1.3076881  2.65689508 1.20580019]
2.511308000002418	[1.30679229 2.65710949 1.20497999]
2.5113090000024183	[1.30589541 2.65732224 1.2041588 ]
2.5113100000024184	[1.30499745 2.65753334 1.20333662]
2.5113110000024186	[1.3040984  2.65774278 1.20251343]
2.5113120000024187	[1.30319824 2.65795058 1.20168923]
2.511313000002419	[1.30229697 2.65815673 1.20086401]
2.511314000002419	[1.30139458 2.65836125 1.20003775]
2.511315000002419	[1.30049105 2.65856415 1.19921045]
2.5113160000024193	[1.29958637 2.65876542 1.1983821 ]
2.5113170000024194	[1.29868054 2.65896509 1.19755268]
2.5113180000024196	[1.29777355 2.65916315 1.1967222 ]
2.5113190000024197	[1.29686538 2.65935963 1.19589064]
2.51132000000242	[1.29595604 2.65955453 1.19505799]
2.51132100000242	[1.2950455  2.65974787 1.19422425]
2.51132200000242	[1.29413377 2.65993965 1.19338941]
2.5113230000024203	[1.29322084 2.6601299  1.19255347]
2.5113240000024204	[1.2923067  2.66031863 1.19171642]
2.5113250000024205	[1.29139134 2.66050585 1.19087826]
2.5113260000024207	[1.29047477 2.66069158 1.19003897]
2.511327000002421	[1.28955697 2.66087584 1.18919856]
2.511328000002421	[1.28863795 2.66105865 1.18835702]
2.511329000002421	[1.2877177  2.66124    1.18751436]
2.5113300000024212	[1.2867962  2.66141997 1.18667054]
2.5113310000024214	[1.28587347 2.66159854 1.1858256 ]
2.5113320000024215	[1.2849495  2.66177573 1.18497952]
2.5113330000024217	[1.28402429 2.66195156 1.1841323 ]
2.511334000002422	[1.28309784 2.66212607 1.18328394]
2.511335000002422	[1.28217015 2.66229927 1.18243444]
2.511336000002422	[1.28124122 2.66247119 1.1815838 ]
2.511337000002422	[1.28031104 2.66264184 1.18073202]
2.5113380000024224	[1.27937963 2.66281127 1.1798791 ]
2.5113390000024225	[1.27844698 2.66297948 1.17902505]
2.5113400000024226	[1.2775131  2.66314651 1.17816987]
2.5113410000024228	[1.27657798 2.66331238 1.17731354]
2.511342000002423	[1.27564163 2.66347712 1.17645609]
2.511343000002423	[1.27470407 2.66364076 1.17559753]
2.511344000002423	[1.27376528 2.66380332 1.17473784]
2.5113450000024233	[1.27282529 2.66396483 1.17387704]
2.5113460000024235	[1.27188409 2.66412532 1.17301513]
2.5113470000024236	[1.27094169 2.66428482 1.17215213]
2.5113480000024238	[1.2699981  2.66444335 1.17128802]
2.511349000002424	[1.26905333 2.66460095 1.17042284]
2.511350000002424	[1.26810738 2.66475765 1.16955657]
2.511351000002424	[1.26716026 2.66491347 1.16868923]
2.5113520000024243	[1.266212   2.66506844 1.16782083]
2.5113530000024245	[1.26526258 2.6652226  1.16695138]
2.5113540000024246	[1.26431203 2.66537597 1.16608089]
2.5113550000024247	[1.26336036 2.66552859 1.16520937]
2.511356000002425	[1.26240758 2.66568048 1.16433683]
2.511357000002425	[1.26145371 2.66583167 1.16346328]
2.511358000002425	[1.26049874 2.6659822  1.16258874]
2.5113590000024253	[1.25954271 2.66613209 1.16171321]
2.5113600000024254	[1.25858562 2.66628138 1.16083671]
2.5113610000024256	[1.25762749 2.6664301  1.15995926]
2.5113620000024257	[1.25666833 2.66657827 1.15908086]
2.511363000002426	[1.25570817 2.66672592 1.15820154]
2.511364000002426	[1.25474701 2.66687309 1.1573213 ]
2.511365000002426	[1.25378487 2.6670198  1.15644016]
2.5113660000024263	[1.25282177 2.66716609 1.15555815]
2.5113670000024264	[1.25185773 2.66731198 1.15467527]
2.5113680000024265	[1.25089277 2.66745749 1.15379154]
2.5113690000024267	[1.24992691 2.66760267 1.15290698]
2.511370000002427	[1.24896016 2.66774754 1.15202161]
2.511371000002427	[1.24799254 2.66789212 1.15113544]
2.511372000002427	[1.24702408 2.66803646 1.15024851]
2.5113730000024272	[1.24605479 2.66818054 1.1493608 ]
2.5113740000024274	[1.24508469 2.66832443 1.14847236]
2.5113750000024275	[1.24411382 2.66846815 1.1475832 ]
2.5113760000024277	[1.24314218 2.66861171 1.14669334]
2.511377000002428	[1.2421698  2.66875514 1.1458028 ]
2.511378000002428	[1.24119671 2.66889848 1.1449116 ]
2.511379000002428	[1.24022292 2.66904173 1.14401976]
2.5113800000024282	[1.23924846 2.66918493 1.1431273 ]
2.5113810000024284	[1.23827335 2.6693281  1.14223425]
2.5113820000024285	[1.23729761 2.66947126 1.14134062]
2.5113830000024286	[1.23632127 2.66961443 1.14044644]
2.511384000002429	[1.23534434 2.66975765 1.13955172]
2.511385000002429	[1.23436688 2.6699009  1.13865651]
2.511386000002429	[1.23338887 2.67004423 1.13776079]
2.511387000002429	[1.23241036 2.67018766 1.13686462]
2.5113880000024293	[1.23143137 2.6703312  1.135968  ]
2.5113890000024295	[1.23045193 2.67047486 1.13507096]
2.5113900000024296	[1.22947205 2.67061867 1.13417353]
2.5113910000024298	[1.22849179 2.67076262 1.13327574]
2.51139200000243	[1.2275111  2.67090678 1.13237755]
2.51139300000243	[1.22653011 2.67105113 1.1314791 ]
2.51139400000243	[1.22554871 2.67119576 1.13058027]
2.5113950000024303	[1.22456823 2.67134066 1.12968227]
2.5113960000024305	[1.22358511 2.67148545 1.12878185]
2.5113970000024306	[1.22260292 2.67163064 1.12788228]
2.5113980000024307	[1.22162049 2.67177611 1.1269825 ]
2.511399000002431	[1.22063787 2.67192184 1.12608253]
2.511400000002431	[1.21965505 2.67206784 1.12518239]
2.511401000002431	[1.21867209 2.67221411 1.12428211]
2.5114020000024313	[1.21768899 2.67236067 1.12338171]
2.5114030000024314	[1.21670579 2.67250751 1.12248121]
2.5114040000024316	[1.21572251 2.67265464 1.12158063]
2.5114050000024317	[1.21473918 2.67280207 1.12068   ]
2.511406000002432	[1.21375581 2.6729498  1.11977935]
2.511407000002432	[1.21277243 2.67309784 1.11887867]
2.511408000002432	[1.21178909 2.67324617 1.11797803]
2.5114090000024323	[1.21080577 2.67339481 1.11707742]
2.5114100000024324	[1.20982253 2.67354375 1.11617686]
2.5114110000024326	[1.20883937 2.673693   1.11527639]
2.5114120000024327	[1.20785632 2.67384255 1.11437601]
2.511413000002433	[1.20687341 2.67399239 1.11347576]
2.511414000002433	[1.20589334 2.67413577 1.11257808]
2.511415000002433	[1.20490797 2.67429298 1.1116756 ]
2.5114160000024333	[1.20392555 2.67444352 1.11077579]
2.5114170000024334	[1.20294348 2.67459479 1.10987631]
2.5114180000024335	[1.20196156 2.67474592 1.10897695]
2.5114190000024337	[1.20097991 2.67489746 1.10807784]
2.511420000002434	[1.19999857 2.67504921 1.10717903]
2.511421000002434	[1.19901754 2.67520122 1.10628047]
2.511422000002434	[1.19803682 2.67535347 1.10538222]
2.5114230000024342	[1.19705646 2.67550594 1.10448428]
2.5114240000024344	[1.19607646 2.67565862 1.10358668]
2.5114250000024345	[1.19509684 2.6758115  1.10268943]
2.5114260000024347	[1.19411763 2.67596456 1.10179254]
2.511427000002435	[1.19313883 2.6761178  1.10089604]
2.511428000002435	[1.19216048 2.67627119 1.09999993]
2.511429000002435	[1.19118258 2.67642472 1.09910424]
2.511430000002435	[1.19020515 2.67657837 1.09820898]
2.5114310000024354	[1.1892282  2.67673214 1.09731416]
2.5114320000024355	[1.18825176 2.67688599 1.09641981]
2.5114330000024356	[1.18727583 2.67703991 1.09552592]
2.5114340000024358	[1.18630044 2.67719389 1.09463251]
2.511435000002436	[1.18532559 2.67734791 1.09373961]
2.511436000002436	[1.18435129 2.67750194 1.09284721]
2.511437000002436	[1.18337757 2.67765596 1.09195533]
2.5114380000024363	[1.18240443 2.67780996 1.09106399]
2.5114390000024365	[1.18143188 2.67796391 1.09017318]
2.5114400000024366	[1.18045994 2.6781178  1.08928293]
2.5114410000024368	[1.17948861 2.67827159 1.08839324]
2.511442000002437	[1.17851791 2.67842527 1.08750412]
2.511443000002437	[1.17754784 2.67857882 1.08661559]
2.511444000002437	[1.1765784  2.6787323  1.08572761]
2.5114450000024373	[1.17560965 2.67888542 1.08484027]
2.5114460000024375	[1.17464154 2.67903842 1.08395352]
2.5114470000024376	[1.17367409 2.67919119 1.08306737]
2.5114480000024377	[1.17270732 2.67934371 1.08218184]
2.511449000002438	[1.17174122 2.67949595 1.08129693]
2.511450000002438	[1.17077581 2.67964789 1.08041264]
2.511451000002438	[1.16981109 2.6797995  1.07952898]
2.5114520000024383	[1.16884706 2.67995076 1.07864596]
2.5114530000024384	[1.16788373 2.68010164 1.07776357]
2.5114540000024386	[1.1669211  2.68025212 1.07688181]
2.5114550000024387	[1.16595917 2.68040217 1.0760007 ]
2.511456000002439	[1.16499794 2.68055177 1.07512024]
2.511457000002439	[1.16403743 2.68070089 1.07424041]
2.511458000002439	[1.16307761 2.68084951 1.07336124]
2.5114590000024393	[1.16211851 2.6809976  1.0724827 ]
2.5114600000024394	[1.1611601  2.68114514 1.07160481]
2.5114610000024395	[1.16020241 2.68129209 1.07072757]
2.5114620000024397	[1.15924546 2.6814384  1.069851  ]
2.51146300000244	[1.15828914 2.68158417 1.06897501]
2.51146400000244	[1.15733355 2.68172924 1.06809969]
2.51146500000244	[1.15637867 2.68187364 1.06722501]
2.5114660000024402	[1.15542447 2.68201733 1.06635096]
2.5114670000024404	[1.15447097 2.68216029 1.06547754]
2.5114680000024405	[1.15351817 2.68230252 1.06460476]
2.5114690000024407	[1.15256582 2.68244385 1.0637324 ]
2.511470000002441	[1.15161457 2.68258459 1.06286103]
2.511471000002441	[1.15066376 2.6827244  1.06199007]
2.511472000002441	[1.14971367 2.68286341 1.06111976]
2.5114730000024412	[1.14876421 2.68300153 1.06025003]
2.5114740000024414	[1.1478154  2.68313877 1.0593809 ]
2.5114750000024415	[1.14686724 2.68327509 1.05851235]
2.5114760000024416	[1.14591971 2.6834105  1.05764438]
2.511477000002442	[1.14497281 2.68354495 1.05677699]
2.511478000002442	[1.14402654 2.68367844 1.05591016]
2.511479000002442	[1.14308088 2.68381093 1.0550439 ]
2.511480000002442	[1.14213582 2.68394242 1.05417818]
2.5114810000024423	[1.14119136 2.68407289 1.05331301]
2.5114820000024425	[1.14024748 2.68420231 1.05244837]
2.5114830000024426	[1.13930417 2.68433067 1.05158425]
2.5114840000024428	[1.13836143 2.68445796 1.05072065]
2.511485000002443	[1.13741925 2.68458415 1.04985755]
2.511486000002443	[1.13647761 2.68470923 1.04899495]
2.511487000002443	[1.1355365  2.68483318 1.04813283]
2.5114880000024433	[1.13459591 2.684956   1.04727119]
2.5114890000024435	[1.13365584 2.68507766 1.04641001]
2.5114900000024436	[1.13271625 2.68519817 1.04554928]
2.5114910000024437	[1.13177717 2.68531748 1.04468902]
2.511492000002444	[1.13083856 2.68543561 1.04382917]
2.511493000002444	[1.12990041 2.68555254 1.04296975]
2.511494000002444	[1.12896272 2.68566825 1.04211074]
2.5114950000024443	[1.12802546 2.68578274 1.04125214]
2.5114960000024444	[1.12708864 2.685896   1.04039392]
2.5114970000024446	[1.12615222 2.68600802 1.03953608]
2.5114980000024447	[1.12523513 2.68611528 1.03869599]
2.511499000002445	[1.12428043 2.68622864 1.03782132]
2.511500000002445	[1.12334524 2.68633694 1.03696459]
2.511501000002445	[1.12241037 2.68644392 1.03610815]
2.5115020000024453	[1.12147586 2.68654963 1.03525204]
2.5115030000024454	[1.12054169 2.68665406 1.03439623]
2.5115040000024456	[1.11960784 2.68675721 1.03354073]
2.5115050000024457	[1.11867432 2.68685908 1.03268551]
2.511506000002446	[1.1177411  2.68695966 1.03183057]
2.511507000002446	[1.11680818 2.68705896 1.0309759 ]
2.511508000002446	[1.11587553 2.68715697 1.03012148]
2.5115090000024463	[1.11494316 2.68725368 1.02926731]
2.5115100000024464	[1.11401105 2.68734911 1.02841337]
2.5115110000024465	[1.11307918 2.68744325 1.02755966]
2.5115120000024467	[1.11214755 2.68753611 1.02670615]
2.511513000002447	[1.11121614 2.68762769 1.02585286]
2.511514000002447	[1.11028494 2.68771799 1.02499975]
2.511515000002447	[1.10935395 2.687807   1.02414683]
2.5115160000024472	[1.10842314 2.68789467 1.02329407]
2.5115170000024474	[1.10749254 2.68798122 1.0224415 ]
2.5115180000024475	[1.10656209 2.68806644 1.02158907]
2.5115190000024477	[1.10563181 2.6881504  1.02073678]
2.511520000002448	[1.10470168 2.68823312 1.01988464]
2.511521000002448	[1.10377169 2.68831459 1.01903262]
2.511522000002448	[1.10284183 2.68839485 1.01818073]
2.511523000002448	[1.10191211 2.68847384 1.01732894]
2.5115240000024484	[1.1009825  2.68855165 1.01647727]
2.5115250000024485	[1.10005299 2.68862824 1.01562568]
2.5115260000024486	[1.09912359 2.68870364 1.0147742 ]
2.5115270000024488	[1.09819429 2.68877786 1.01392279]
2.511528000002449	[1.09726507 2.68885089 1.01307146]
2.511529000002449	[1.09633593 2.68892277 1.01222021]
2.511530000002449	[1.09540687 2.68899349 1.01136902]
2.5115310000024493	[1.09447787 2.68906308 1.01051789]
2.5115320000024495	[1.09354894 2.68913154 1.00966682]
2.5115330000024496	[1.09262007 2.68919888 1.00881579]
2.5115340000024498	[1.09169125 2.68926513 1.00796482]
2.51153500000245	[1.09076247 2.68933029 1.00711389]
2.51153600000245	[1.08983375 2.68939438 1.00626299]
2.51153700000245	[1.08890506 2.68945741 1.00541213]
2.5115380000024503	[1.08797641 2.6895194  1.00456131]
2.5115390000024505	[1.0870478  2.68958037 1.00371052]
2.5115400000024506	[1.08611922 2.68964032 1.00285975]
2.5115410000024507	[1.08519067 2.68969927 1.00200901]
2.511542000002451	[1.08426215 2.68975724 1.0011583 ]
2.511543000002451	[1.08333366 2.68981425 1.00030761]
2.511544000002451	[1.0824052  2.68987031 0.99945695]
2.5115450000024513	[1.08147677 2.68992544 0.99860631]
2.5115460000024514	[1.08054836 2.68997965 0.99775569]
2.5115470000024516	[1.07961999 2.69003297 0.9969051 ]
2.5115480000024517	[1.07869164 2.6900854  0.99605454]
2.511549000002452	[1.07776333 2.69013696 0.995204  ]
2.511550000002452	[1.07683505 2.69018768 0.99435349]
2.511551000002452	[1.0759068  2.69023756 0.99350302]
2.5115520000024523	[1.0749786  2.69028663 0.99265258]
2.5115530000024524	[1.07405043 2.6903349  0.99180217]
2.5115540000024525	[1.07312232 2.69038238 0.99095181]
2.5115550000024527	[1.07219425 2.69042911 0.99010149]
2.511556000002453	[1.07126624 2.69047508 0.98925123]
2.511557000002453	[1.07033828 2.69052032 0.98840101]
2.511558000002453	[1.06941039 2.69056485 0.98755085]
2.5115590000024532	[1.06848258 2.69060868 0.98670075]
2.5115600000024534	[1.06755484 2.69065182 0.98585073]
2.5115610000024535	[1.06662718 2.6906943  0.98500078]
2.5115620000024537	[1.06569961 2.69073613 0.98415091]
2.511563000002454	[1.06477213 2.69077732 0.98330112]
2.511564000002454	[1.06384477 2.6908179  0.98245143]
2.511565000002454	[1.06291751 2.69085787 0.98160185]
2.5115660000024542	[1.06199037 2.69089725 0.98075237]
2.5115670000024544	[1.06106337 2.69093603 0.97990301]
2.5115680000024545	[1.0601365  2.69097431 0.97905378]
2.5115690000024546	[1.05920978 2.69101202 0.97820468]
2.511570000002455	[1.05828321 2.69104919 0.97735572]
2.511571000002455	[1.05735681 2.69108585 0.97650691]
2.511572000002455	[1.05643059 2.691122   0.97565827]
2.511573000002455	[1.05550448 2.69115749 0.97480972]
2.5115740000024553	[1.05457872 2.69119285 0.9739615 ]
2.5115750000024555	[1.05365282 2.69122756 0.97311315]
2.5115760000024556	[1.05272767 2.69126182 0.97226548]
2.5115770000024558	[1.05180249 2.69129565 0.97141779]
2.511578000002456	[1.05087755 2.69132904 0.97057031]
2.511579000002456	[1.04995286 2.69136202 0.96972307]
2.511580000002456	[1.04902844 2.69139458 0.96887607]
2.5115810000024563	[1.0481043  2.69142675 0.96802933]
2.5115820000024565	[1.04718045 2.69145853 0.96718284]
2.5115830000024566	[1.04625689 2.69148992 0.96633663]
2.5115840000024567	[1.04533365 2.69152098 0.96549071]
2.511585000002457	[1.04441075 2.69155157 0.9646451 ]
2.511586000002457	[1.04348817 2.69158191 0.96379978]
2.511587000002457	[1.04256595 2.69161186 0.9629548 ]
2.5115880000024573	[1.0416441  2.69164148 0.96211014]
2.5115890000024574	[1.04072263 2.69167076 0.96126584]
2.5115900000024576	[1.03980154 2.69169971 0.96042189]
2.5115910000024577	[1.03888086 2.69172834 0.95957831]
2.511592000002458	[1.0379606  2.69175665 0.95873511]
2.511593000002458	[1.03704077 2.69178464 0.9578923 ]
2.511594000002458	[1.03612139 2.69181233 0.95704992]
2.5115950000024583	[1.03520245 2.69183971 0.95620792]
2.5115960000024584	[1.03428399 2.69186679 0.95536637]
2.5115970000024586	[1.03336598 2.69189358 0.95452524]
2.5115980000024587	[1.03244853 2.69192005 0.95368462]
2.511599000002459	[1.03153154 2.69194623 0.95284441]
2.511600000002459	[1.03061508 2.69197213 0.9520047 ]
2.511601000002459	[1.02969916 2.69199772 0.95116547]
2.5116020000024593	[1.02878379 2.692023   0.95032675]
2.5116030000024594	[1.02786896 2.69204804 0.94948852]
2.5116040000024595	[1.02695471 2.69207276 0.94865082]
2.5116050000024597	[1.02604105 2.69209719 0.94781366]
2.51160600000246	[1.02512797 2.69212132 0.94697704]
2.51160700000246	[1.0242155  2.69214515 0.94614097]
2.51160800000246	[1.02330365 2.69216869 0.94530547]
2.5116090000024602	[1.02239243 2.69219191 0.94447054]
2.5116100000024604	[1.02148185 2.69221486 0.94363621]
2.5116110000024605	[1.02057192 2.69223748 0.94280246]
2.5116120000024607	[1.01966265 2.69225979 0.94196932]
2.511613000002461	[1.01875405 2.69228179 0.94113679]
2.511614000002461	[1.01784613 2.69230347 0.94030489]
2.511615000002461	[1.01693882 2.69232442 0.93947355]
2.511616000002461	[1.01603238 2.69234585 0.93864299]
2.5116170000024614	[1.01512656 2.69236654 0.93781301]
2.5116180000024615	[1.01422147 2.69238689 0.93698369]
2.5116190000024616	[1.0133171  2.6924069  0.93615503]
2.5116200000024618	[1.01241346 2.69242655 0.93532705]
2.511621000002462	[1.01151057 2.69244585 0.93449974]
2.511622000002462	[1.01060843 2.69246478 0.93367313]
2.511623000002462	[1.00970705 2.69248334 0.9328472 ]
2.5116240000024623	[1.00876731 2.6925495  0.93198614]
2.5116250000024625	[1.00790603 2.69251836 0.93119697]
2.5116260000024626	[1.00700699 2.69253593 0.93037318]
2.5116270000024628	[1.00610869 2.69255295 0.92955008]
2.511628000002463	[1.00521119 2.69256955 0.9287277 ]
2.511629000002463	[1.00431448 2.69258574 0.92790606]
2.511630000002463	[1.00341857 2.69260149 0.92708514]
2.5116310000024633	[1.00252346 2.69261682 0.92626495]
2.5116320000024634	[1.00162916 2.69263171 0.92544551]
2.5116330000024636	[1.00073566 2.69264612 0.92462679]
2.5116340000024637	[0.99984298 2.69266009 0.92380883]
2.511635000002464	[0.99895111 2.6926736  0.9229916 ]
2.511636000002464	[0.99806006 2.69268661 0.92217513]
2.511637000002464	[0.99716983 2.69269914 0.92135941]
2.5116380000024643	[0.99628042 2.69271117 0.92054443]
2.5116390000024644	[0.99539182 2.6927227  0.9197302 ]
2.5116400000024646	[0.99450405 2.69273372 0.91891672]
2.5116410000024647	[0.99361709 2.69274421 0.91810399]
2.511642000002465	[0.99273096 2.69275417 0.91729201]
2.511643000002465	[0.99184565 2.69276358 0.91648078]
2.511644000002465	[0.99096115 2.69277244 0.9156703 ]
2.5116450000024653	[0.99007747 2.69278076 0.91486056]
2.5116460000024654	[0.9891946  2.6927885  0.91405156]
2.5116470000024655	[0.98831254 2.69279566 0.91324331]
2.5116480000024657	[0.98743128 2.69280225 0.91243579]
2.511649000002466	[0.98655084 2.69280823 0.911629  ]
2.511650000002466	[0.98567119 2.69281361 0.91082295]
2.511651000002466	[0.98479233 2.69281838 0.91001762]
2.5116520000024662	[0.98391426 2.69282254 0.90921301]
2.5116530000024664	[0.98303699 2.69282607 0.90840913]
2.5116540000024665	[0.9821605  2.69282896 0.90760596]
2.5116550000024667	[0.98128477 2.69283122 0.90680349]
2.511656000002467	[0.98040982 2.69283283 0.90600172]
2.511657000002467	[0.97953562 2.69283378 0.90520065]
2.511658000002467	[0.97866218 2.69283407 0.90440027]
2.5116590000024672	[0.97778948 2.69283369 0.90360056]
2.5116600000024674	[0.97691752 2.69283264 0.90280153]
2.5116610000024675	[0.9760463  2.6928309  0.90200317]
2.5116620000024676	[0.97517579 2.69282848 0.90120547]
2.511663000002468	[0.974306   2.69282536 0.90040841]
2.511664000002468	[0.97343691 2.69282155 0.899612  ]
2.511665000002468	[0.97256851 2.69281703 0.89881622]
2.511666000002468	[0.97170079 2.6928118  0.89802106]
2.5116670000024683	[0.97083375 2.69280586 0.89722652]
2.5116680000024685	[0.96996761 2.69279937 0.8964328 ]
2.5116690000024686	[0.96910165 2.69279184 0.89563924]
2.5116700000024688	[0.96823657 2.69278374 0.89484649]
2.511671000002469	[0.96737212 2.69277491 0.8940543 ]
2.511672000002469	[0.96650828 2.69276535 0.89326269]
2.511673000002469	[0.96564505 2.69275506 0.89247162]
2.5116740000024693	[0.96478242 2.69274403 0.8916811 ]
2.5116750000024695	[0.96392037 2.69273226 0.8908911 ]
2.5116760000024696	[0.96305889 2.69271975 0.89010163]
2.5116770000024697	[0.96219797 2.6927065  0.88931267]
2.51167800000247	[0.96133759 2.6926925  0.88852419]
2.51167900000247	[0.96047774 2.69267777 0.88773621]
2.51168000000247	[0.95961841 2.69266229 0.88694869]
2.5116810000024703	[0.95875959 2.69264606 0.88616164]
2.5116820000024704	[0.95790125 2.69262909 0.88537503]
2.5116830000024706	[0.9570434  2.69261137 0.88458886]
2.5116840000024707	[0.95618601 2.69259291 0.88380311]
2.511685000002471	[0.95532907 2.69257371 0.88301777]
2.511686000002471	[0.95447257 2.69255377 0.88223283]
2.511687000002471	[0.95361644 2.69253311 0.88144823]
2.5116880000024713	[0.95276082 2.69251167 0.88066409]
2.5116890000024714	[0.95190554 2.69248952 0.87988026]
2.5116900000024716	[0.95105065 2.69246663 0.87909678]
2.5116910000024717	[0.95019612 2.69244301 0.87831363]
2.511692000002472	[0.94934194 2.69241866 0.8775308 ]
2.511693000002472	[0.9484881  2.69239359 0.87674827]
2.511694000002472	[0.9476346  2.6923678  0.87596605]
2.5116950000024723	[0.9467814 2.6923413 0.8751841]
2.5116960000024724	[0.9459285  2.69231407 0.87440243]
2.5116970000024725	[0.94507587 2.69228615 0.873621  ]
2.5116980000024727	[0.94422352 2.69225752 0.87283982]
2.511699000002473	[0.94337142 2.69222818 0.87205888]
2.511700000002473	[0.94251957 2.69219816 0.87127815]
2.511701000002473	[0.94166794 2.69216744 0.87049762]
2.5117020000024732	[0.94081653 2.69213604 0.86971729]
2.5117030000024734	[0.93996532 2.69210396 0.86893715]
2.5117040000024735	[0.93911429 2.69207121 0.86815717]
2.5117050000024737	[0.93826344 2.69203779 0.86737734]
2.511706000002474	[0.93741276 2.6920037  0.86659767]
2.511707000002474	[0.93656222 2.69196897 0.86581813]
2.511708000002474	[0.93571183 2.69193358 0.86503871]
2.511709000002474	[0.93486155 2.69189755 0.8642594 ]
2.5117100000024744	[0.93401139 2.69186088 0.86348019]
2.5117110000024745	[0.93316134 2.69182358 0.86270107]
2.5117120000024746	[0.93231137 2.69178566 0.86192204]
2.5117130000024748	[0.9314615  2.69174712 0.86114309]
2.511714000002475	[0.93061165 2.69170798 0.86036415]
2.511715000002475	[0.92976189 2.69166822 0.85958529]
2.511716000002475	[0.92891217 2.69162787 0.85880647]
2.5117170000024753	[0.92806248 2.69158693 0.85802767]
2.5117180000024755	[0.92721282 2.69154541 0.8572489 ]
2.5117190000024756	[0.92636318 2.6915033  0.85647014]
2.5117200000024758	[0.92551354 2.69146063 0.85569138]
2.511721000002476	[0.9246639  2.6914174  0.85491261]
2.511722000002476	[0.92381425 2.6913736  0.85413384]
2.511723000002476	[0.92296458 2.69132926 0.85335504]
2.5117240000024763	[0.92211488 2.69128437 0.85257621]
2.5117250000024764	[0.92126514 2.69123895 0.85179734]
2.5117260000024766	[0.92041536 2.69119299 0.85101844]
2.5117270000024767	[0.91956553 2.69114651 0.85023948]
2.511728000002477	[0.91871565 2.6910995  0.84946047]
2.511729000002477	[0.9178657  2.69105199 0.8486814 ]
2.511730000002477	[0.91701568 2.69100397 0.84790226]
2.5117310000024773	[0.91616576 2.69095526 0.84712321]
2.5117320000024774	[0.9153154  2.69090642 0.84634376]
2.5117330000024776	[0.91446514 2.69085691 0.84556439]
2.5117340000024777	[0.91361478 2.69080691 0.84478494]
2.511735000002478	[0.91276433 2.69075643 0.84400539]
2.511736000002478	[0.91191379 2.69070547 0.84322576]
2.511737000002478	[0.91106314 2.69065405 0.84244602]
2.5117380000024783	[0.91021238 2.69060215 0.84166619]
2.5117390000024784	[0.90936152 2.69054979 0.84088626]
2.5117400000024785	[0.90851054 2.69049697 0.84010622]
2.5117410000024787	[0.90765946 2.69044369 0.83932607]
2.511742000002479	[0.90680826 2.69038996 0.83854582]
2.511743000002479	[0.90595694 2.69033578 0.83776547]
2.511744000002479	[0.90510551 2.69028115 0.836985  ]
2.5117450000024792	[0.90425396 2.69022607 0.83620442]
2.5117460000024794	[0.90340229 2.69017055 0.83542373]
2.5117470000024795	[0.90255051 2.69011459 0.83464294]
2.5117480000024797	[0.90169861 2.6900582  0.83386204]
2.51174900000248	[0.9008466  2.69000136 0.83308103]
2.51175000000248	[0.89999447 2.68994408 0.83229991]
2.51175100000248	[0.89914223 2.68988637 0.83151869]
2.5117520000024802	[0.89828988 2.68982822 0.83073737]
2.5117530000024804	[0.89743742 2.68976963 0.82995594]
2.5117540000024805	[0.89658486 2.6897106  0.82917442]
2.5117550000024806	[0.89573222 2.68965112 0.82839283]
2.511756000002481	[0.89487944 2.68959123 0.82761109]
2.511757000002481	[0.89402658 2.68953089 0.8268293 ]
2.511758000002481	[0.89317363 2.6894701  0.82604741]
2.511759000002481	[0.8923206  2.68940887 0.82526545]
2.5117600000024813	[0.89146748 2.68934719 0.82448341]
2.5117610000024815	[0.89061429 2.68928506 0.8237013 ]
2.5117620000024816	[0.88976103 2.68922248 0.82291912]
2.5117630000024818	[0.8889077  2.68915944 0.82213688]
2.511764000002482	[0.88805431 2.68909594 0.82135458]
2.511765000002482	[0.88720087 2.68903197 0.82057224]
2.511766000002482	[0.88634568 2.68897037 0.81978829]
2.5117670000024823	[0.88549379 2.68890259 0.81900735]
2.5117680000024825	[0.88464022 2.68883721 0.81822489]
2.5117690000024826	[0.88378663 2.68877134 0.8174424 ]
2.5117700000024827	[0.88293302 2.68870498 0.81665989]
2.511771000002483	[0.88207943 2.68863814 0.8158774 ]
2.511772000002483	[0.88122578 2.68857077 0.81509485]
2.511773000002483	[0.88037216 2.6885029  0.81431233]
2.5117740000024833	[0.87951855 2.68843452 0.81352981]
2.5117750000024834	[0.87866496 2.68836562 0.81274732]
2.5117760000024836	[0.87781141 2.68829618 0.81196485]
2.5117770000024837	[0.87695789 2.68822621 0.81118241]
2.511778000002484	[0.87610442 2.68815568 0.81040002]
2.511779000002484	[0.875251   2.6880846  0.80961768]
2.511780000002484	[0.87439765 2.68801296 0.8088354 ]
2.5117810000024843	[0.87354437 2.68794075 0.80805318]
2.5117820000024844	[0.87269119 2.68786795 0.80727104]
2.5117830000024846	[0.87183809 2.68779456 0.80648899]
2.5117840000024847	[0.8709851  2.68772058 0.80570703]
2.511785000002485	[0.87013222 2.68764598 0.80492517]
2.511786000002485	[0.86927946 2.68757076 0.80414343]
2.511787000002485	[0.86842686 2.68749494 0.80336182]
2.5117880000024853	[0.86757436 2.68741841 0.80258031]
2.5117890000024854	[0.86672203 2.68734128 0.80179895]
2.5117900000024855	[0.86586987 2.68726348 0.80101775]
2.5117910000024857	[0.86501788 2.687185   0.8002367 ]
2.511792000002486	[0.86416607 2.68710585 0.79945581]
2.511793000002486	[0.86331446 2.687026   0.79867511]
2.511794000002486	[0.86246304 2.68694544 0.79789459]
2.5117950000024862	[0.86161185 2.68686417 0.79711427]
2.5117960000024864	[0.86076088 2.68678217 0.79633414]
2.5117970000024865	[0.85991014 2.68669943 0.79555424]
2.5117980000024867	[0.85905965 2.68661595 0.79477456]
2.511799000002487	[0.8582094 2.6865317 0.7939951]
2.511800000002487	[0.85735943 2.68644668 0.79321589]
2.511801000002487	[0.85650972 2.68636088 0.79243693]
2.511802000002487	[0.8556603  2.68627429 0.79165822]
2.5118030000024874	[0.85481118 2.68618689 0.79087979]
2.5118040000024875	[0.85396235 2.68609867 0.79010163]
2.5118050000024876	[0.85311384 2.68600962 0.78932376]
2.5118060000024878	[0.85226565 2.68591974 0.78854618]
2.511807000002488	[0.85141779 2.685829   0.7877689 ]
2.511808000002488	[0.85057027 2.68573741 0.78699193]
2.511809000002488	[0.8497231  2.68564494 0.78621528]
2.5118100000024883	[0.84887629 2.68555159 0.78543896]
2.5118110000024885	[0.84802984 2.68545735 0.78466298]
2.5118120000024886	[0.84718377 2.68536221 0.78388733]
2.5118130000024887	[0.84633808 2.68526615 0.78311204]
2.511814000002489	[0.84549278 2.68516917 0.78233711]
2.511815000002489	[0.84464789 2.68507125 0.78156254]
2.511816000002489	[0.8438034  2.6849724  0.78078834]
2.5118170000024893	[0.84295933 2.68487259 0.78001453]
2.5118180000024894	[0.84211568 2.68477182 0.7792411 ]
2.5118190000024896	[0.84127246 2.68467008 0.77846807]
2.5118200000024897	[0.84042968 2.68456736 0.77769543]
2.51182100000249	[0.83958734 2.68446366 0.7769232 ]
2.51182200000249	[0.83874545 2.68435896 0.77615138]
2.51182300000249	[0.83790402 2.68425325 0.77537998]
2.5118240000024903	[0.83706306 2.68414654 0.77460901]
2.5118250000024904	[0.83622256 2.68403881 0.77383846]
2.5118260000024906	[0.83538254 2.68393006 0.77306835]
2.5118270000024907	[0.834543   2.68382027 0.77229868]
2.511828000002491	[0.83370395 2.68370945 0.77152946]
2.511829000002491	[0.83286539 2.68359758 0.77076068]
2.511830000002491	[0.83202733 2.68348467 0.76999236]
2.5118310000024913	[0.83118976 2.6833707  0.7692245 ]
2.5118320000024914	[0.83035271 2.68325567 0.7684571 ]
2.5118330000024915	[0.82951616 2.68313958 0.76769016]
2.5118340000024917	[0.82868012 2.68302243 0.76692369]
2.511835000002492	[0.8278446 2.6829042 0.7661577]
2.511836000002492	[0.82700961 2.6827849  0.76539218]
2.511837000002492	[0.82617513 2.68266453 0.76462715]
2.5118380000024922	[0.82534119 2.68254308 0.76386259]
2.5118390000024924	[0.82450777 2.68242054 0.76309852]
2.5118400000024925	[0.82367489 2.68229692 0.76233493]
2.5118410000024927	[0.82284253 2.68217223 0.76157183]
2.511842000002493	[0.82201072 2.68204644 0.76080923]
2.511843000002493	[0.82117944 2.68191958 0.76004711]
2.511844000002493	[0.8203487  2.68179163 0.75928549]
2.5118450000024932	[0.8195185  2.68166259 0.75852436]
2.5118460000024934	[0.81868885 2.68153248 0.75776372]
2.5118470000024935	[0.81785973 2.68140128 0.75700358]
2.5118480000024936	[0.81703116 2.68126901 0.75624394]
2.511849000002494	[0.81620313 2.68113566 0.75548479]
2.511850000002494	[0.81537564 2.68100124 0.75472614]
2.511851000002494	[0.8145487  2.68086575 0.75396799]
2.511852000002494	[0.81372229 2.68072919 0.75321033]
2.5118530000024943	[0.81289643 2.68059156 0.75245317]
2.5118540000024945	[0.81207111 2.68045289 0.7516965 ]
2.5118550000024946	[0.81124635 2.68031316 0.75094033]
2.5118560000024948	[0.81042209 2.68017238 0.75018464]
2.511857000002495	[0.80959839 2.68003056 0.74942944]
2.511858000002495	[0.80877522 2.67988771 0.74867474]
2.511859000002495	[0.80795257 2.67974382 0.74792051]
2.5118600000024953	[0.80713047 2.67959893 0.74716679]
2.5118610000024955	[0.8063089  2.67945301 0.74641355]
2.5118620000024956	[0.80548785 2.67930609 0.74566078]
2.5118630000024957	[0.80466732 2.67915818 0.7449085 ]
2.511864000002496	[0.80384731 2.67900927 0.74415668]
2.511865000002496	[0.80302783 2.67885938 0.74340535]
2.511866000002496	[0.80220886 2.67870853 0.74265449]
2.5118670000024963	[0.8013904  2.67855671 0.74190409]
2.5118680000024964	[0.80057247 2.67840394 0.74115417]
2.5118690000024966	[0.79975501 2.67825023 0.74040469]
2.5118700000024967	[0.79893807 2.67809559 0.73965567]
2.511871000002497	[0.79812162 2.67794004 0.73890712]
2.511872000002497	[0.79730567 2.67778357 0.73815901]
2.511873000002497	[0.79649021 2.67762621 0.73741135]
2.5118740000024973	[0.79567493 2.6774659  0.73666384]
2.5118750000024974	[0.79486077 2.67730885 0.7359174 ]
2.5118760000024976	[0.79404676 2.67714886 0.73517107]
2.5118770000024977	[0.79323321 2.67698803 0.73442516]
2.511878000002498	[0.79242013 2.67682637 0.73367968]
2.511879000002498	[0.79160751 2.67666389 0.73293462]
2.511880000002498	[0.79079535 2.6765006  0.73218998]
2.5118810000024983	[0.78998365 2.67633651 0.73144576]
2.5118820000024984	[0.78917239 2.67617165 0.73070195]
2.5118830000024985	[0.78836158 2.67600601 0.72995854]
2.5118840000024987	[0.78755121 2.67583962 0.72921553]
2.511885000002499	[0.78674127 2.67567249 0.72847292]
2.511886000002499	[0.78593176 2.67550463 0.72773071]
2.511887000002499	[0.78512267 2.67533606 0.72698888]
2.5118880000024992	[0.78431401 2.67516679 0.72624743]
2.5118890000024994	[0.78350575 2.67499683 0.72550636]
2.5118900000024995	[0.78269791 2.67482621 0.72476567]
2.5118910000024997	[0.78189046 2.67465493 0.72402534]
2.5118920000025	[0.78108342 2.674483   0.72328537]
2.5118930000025	[0.78027676 2.67431045 0.72254577]
2.5118940000025	[0.7794705  2.67413729 0.72180652]
2.5118950000025	[0.77866461 2.67396352 0.72106762]
2.5118960000025004	[0.77785911 2.67378917 0.72032906]
2.5118970000025005	[0.77705398 2.67361424 0.71959085]
2.5118980000025006	[0.77624921 2.67343876 0.71885297]
2.5118990000025008	[0.77544482 2.67326275 0.71811544]
2.511900000002501	[0.77464075 2.67308618 0.7173782 ]
2.511901000002501	[0.77383706 2.6729091  0.7166413 ]
2.511902000002501	[0.77303371 2.67273152 0.71590471]
2.5119030000025013	[0.7722307  2.67255345 0.71516844]
2.5119040000025015	[0.77142803 2.6723749  0.71443248]
2.5119050000025016	[0.77062569 2.67219589 0.71369682]
2.5119060000025017	[0.76982367 2.67201642 0.71296146]
2.511907000002502	[0.76902198 2.67183651 0.7122264 ]
2.511908000002502	[0.76822061 2.67165617 0.71149162]
2.511909000002502	[0.76741955 2.67147542 0.71075714]
2.5119100000025023	[0.7666188  2.67129426 0.71002294]
2.5119110000025024	[0.76581835 2.6711127  0.70928901]
2.5119120000025026	[0.76501824 2.67093081 0.70855539]
2.5119130000025027	[0.76421835 2.67074844 0.70782198]
2.511914000002503	[0.76341879 2.67056576 0.70708887]
2.511915000002503	[0.76261952 2.67038273 0.70635602]
2.511916000002503	[0.76182053 2.67019935 0.70562343]
2.5119170000025033	[0.76102182 2.67001563 0.7048911 ]
2.5119180000025034	[0.76022339 2.66983159 0.70415902]
2.5119190000025036	[0.75942522 2.66964723 0.70342719]
2.5119200000025037	[0.75862733 2.66946255 0.7026956 ]
2.511921000002504	[0.75782969 2.66927758 0.70196426]
2.511922000002504	[0.75703232 2.6690923  0.70123315]
2.511923000002504	[0.75623521 2.66890673 0.70050229]
2.5119240000025043	[0.75543835 2.66872088 0.69977165]
2.5119250000025044	[0.75464174 2.66853475 0.69904125]
2.5119260000025045	[0.75384537 2.66834835 0.69831107]
2.5119270000025047	[0.75304926 2.66816167 0.69758112]
2.511928000002505	[0.75225338 2.66797473 0.69685139]
2.511929000002505	[0.75145774 2.66778753 0.69612188]
2.511930000002505	[0.75066234 2.66760005 0.69539259]
2.5119310000025052	[0.74986717 2.66741234 0.6946635 ]
2.5119320000025054	[0.74907223 2.66722436 0.69393464]
2.5119330000025055	[0.74827752 2.66703613 0.69320598]
2.5119340000025057	[0.74748303 2.66684765 0.69247753]
2.511935000002506	[0.74668877 2.66665892 0.69174929]
2.511936000002506	[0.74589473 2.66646993 0.69102125]
2.511937000002506	[0.74510092 2.66628077 0.69029342]
2.511938000002506	[0.74430729 2.6660912  0.68956577]
2.5119390000025064	[0.7435139  2.66590145 0.68883833]
2.5119400000025065	[0.74272072 2.66571144 0.68811109]
2.5119410000025066	[0.74192776 2.66552119 0.68738404]
2.511942000002507	[0.74113499 2.66533064 0.68665718]
2.511943000002507	[0.74034244 2.66513984 0.68593051]
2.511944000002507	[0.73955009 2.66494877 0.68520404]
2.511945000002507	[0.73875794 2.66475741 0.68447775]
2.5119460000025073	[0.737966   2.66456578 0.68375165]
2.5119470000025075	[0.73717426 2.66437385 0.68302574]
2.5119480000025076	[0.73638273 2.66418164 0.68230002]
2.5119490000025078	[0.73559137 2.66398911 0.68157447]
2.511950000002508	[0.73480022 2.66379628 0.6808491 ]
2.511951000002508	[0.73400927 2.66360312 0.68012392]
2.511952000002508	[0.73321851 2.66340964 0.67939892]
2.5119530000025083	[0.73242794 2.66321582 0.6786741 ]
2.5119540000025085	[0.73163757 2.66302166 0.67794945]
2.5119550000025086	[0.73084739 2.66282714 0.67722499]
2.5119560000025087	[0.73005739 2.66263225 0.67650069]
2.511957000002509	[0.72926759 2.66243699 0.67577658]
2.511958000002509	[0.72847797 2.66224133 0.67505264]
2.511959000002509	[0.72768854 2.66204528 0.67432887]
2.5119600000025093	[0.72689929 2.6618488  0.67360527]
2.5119610000025094	[0.72611023 2.66165191 0.67288185]
2.5119620000025096	[0.72532135 2.66145457 0.6721586 ]
2.5119630000025097	[0.72453265 2.66125677 0.67143551]
2.51196400000251	[0.72374413 2.66105851 0.6707126 ]
2.51196500000251	[0.7229558  2.66085977 0.66998985]
2.51196600000251	[0.72216764 2.66066053 0.66926727]
2.5119670000025103	[0.72137966 2.66046077 0.66854486]
2.5119680000025104	[0.72059186 2.66026049 0.66782261]
2.5119690000025106	[0.71980424 2.66005965 0.66710053]
2.5119700000025107	[0.71901678 2.65985827 0.66637861]
2.511971000002511	[0.71822951 2.65965631 0.66565686]
2.511972000002511	[0.71744241 2.65945375 0.66493527]
2.511973000002511	[0.71665548 2.65925058 0.66421383]
2.5119740000025113	[0.71586872 2.65904679 0.66349256]
2.5119750000025114	[0.71508213 2.65884234 0.66277145]
2.5119760000025115	[0.7142957  2.65863724 0.66205049]
2.5119770000025117	[0.71350945 2.65843145 0.66132969]
2.511978000002512	[0.71272336 2.65822496 0.66060904]
2.511979000002512	[0.71193744 2.65801776 0.65988856]
2.511980000002512	[0.71115167 2.65780981 0.65916821]
2.5119810000025122	[0.71036606 2.65760112 0.65844803]
2.5119820000025124	[0.70958062 2.65739164 0.65772799]
2.5119830000025125	[0.70879533 2.65718138 0.6570081 ]
2.5119840000025127	[0.7080102  2.6569703  0.65628836]
2.511985000002513	[0.70722523 2.6567584  0.65556876]
2.511986000002513	[0.70644041 2.65654564 0.65484931]
2.511987000002513	[0.70565574 2.65633202 0.65413   ]
2.511988000002513	[0.70487122 2.65611751 0.65341084]
2.5119890000025134	[0.70408684 2.65590209 0.65269181]
2.5119900000025135	[0.70330261 2.65568574 0.65197291]
2.5119910000025136	[0.70251852 2.65546845 0.65125416]
2.5119920000025138	[0.70173458 2.65525018 0.65053554]
2.511993000002514	[0.70095077 2.65503097 0.64981704]
2.511994000002514	[0.7001671  2.65481073 0.64909867]
2.511995000002514	[0.69938356 2.65458948 0.64838044]
2.5119960000025143	[0.69860015 2.65436718 0.64766232]
2.5119970000025145	[0.69781687 2.65414383 0.64694433]
2.5119980000025146	[0.69703372 2.65391941 0.64622646]
2.5119990000025147	[0.69625069 2.65369389 0.64550871]
2.512000000002515	[0.6954678  2.65346733 0.64479108]
2.512001000002515	[0.69468499 2.65323952 0.64407354]
2.512002000002515	[0.69390232 2.6530106  0.64335613]
2.5120030000025153	[0.69311975 2.65278056 0.64263881]
2.5120040000025154	[0.69233729 2.65254933 0.64192161]
2.5120050000025156	[0.69155494 2.6523169  0.6412045 ]
2.5120060000025157	[0.69077272 2.65208328 0.64048751]
2.512007000002516	[0.68999055 2.65184839 0.63977058]
2.512008000002516	[0.68920841 2.65161233 0.63905369]
2.512009000002516	[0.68842653 2.65137493 0.63833703]
2.5120100000025163	[0.68764466 2.65113629 0.63762039]
2.5120110000025164	[0.68686287 2.65089637 0.63690382]
2.5120120000025166	[0.68608117 2.65065516 0.63618734]
2.5120130000025167	[0.68529954 2.65041263 0.63547094]
2.512014000002517	[0.68451798 2.65016878 0.6347546 ]
2.512015000002517	[0.6837365  2.6499236  0.63403834]
2.512016000002517	[0.68295509 2.64967706 0.63332215]
2.5120170000025173	[0.68217373 2.64942916 0.632606  ]
2.5120180000025174	[0.68139244 2.6491799  0.63188993]
2.5120190000025175	[0.68061121 2.64892925 0.63117391]
2.5120200000025177	[0.67983001 2.64867722 0.63045793]
2.512021000002518	[0.67904887 2.64842378 0.62974201]
2.512022000002518	[0.67826778 2.64816893 0.62902613]
2.512023000002518	[0.67748672 2.64791267 0.62831029]
2.5120240000025182	[0.67670569 2.64765498 0.62759449]
2.5120250000025184	[0.67592471 2.64739585 0.62687873]
2.5120260000025185	[0.67514374 2.6471353  0.62616299]
2.5120270000025187	[0.6743628  2.64687329 0.62544728]
2.512028000002519	[0.67358187 2.64660984 0.62473159]
2.512029000002519	[0.67280097 2.64634493 0.62401591]
2.512030000002519	[0.67202006 2.64607855 0.62330025]
2.512031000002519	[0.67123918 2.64581072 0.62258461]
2.5120320000025194	[0.67045829 2.64554143 0.62186897]
2.5120330000025195	[0.6696774  2.64527066 0.62115333]
2.5120340000025196	[0.6688965  2.64499843 0.62043769]
2.51203500000252	[0.6681156  2.64472472 0.61972205]
2.51203600000252	[0.66733468 2.64444955 0.6190064 ]
2.51203700000252	[0.66655374 2.6441729  0.61829074]
2.51203800000252	[0.66577278 2.64389478 0.61757507]
2.5120390000025203	[0.6649918  2.6436152  0.61685937]
2.5120400000025205	[0.66421079 2.64333415 0.61614366]
2.5120410000025206	[0.66342974 2.64305163 0.61542791]
2.5120420000025208	[0.66264866 2.64276766 0.61471214]
2.512043000002521	[0.66186754 2.64248222 0.61399634]
2.512044000002521	[0.66108638 2.64219534 0.6132805 ]
2.512045000002521	[0.66030516 2.64190701 0.61256463]
2.5120460000025213	[0.65952391 2.64161725 0.61184872]
2.5120470000025215	[0.65874259 2.64132603 0.61113275]
2.5120480000025216	[0.65796122 2.6410334  0.61041674]
2.5120490000025217	[0.65717978 2.64073935 0.60970068]
2.512050000002522	[0.65639829 2.64044388 0.60898457]
2.512051000002522	[0.65561674 2.64014701 0.60826841]
2.512052000002522	[0.6548351  2.63984876 0.60755218]
2.5120530000025223	[0.6540534  2.63954911 0.60683589]
2.5120540000025224	[0.65327163 2.6392481  0.60611955]
2.5120550000025226	[0.65248464 2.63895541 0.60539843]
2.5120560000025227	[0.65170784 2.63864189 0.60468664]
2.512057000002523	[0.65092583 2.63833687 0.60397008]
2.512058000002523	[0.65014374 2.63803049 0.60325346]
2.512059000002523	[0.64936156 2.63772279 0.60253676]
2.5120600000025233	[0.6485793 2.6374138 0.60182  ]
2.5120610000025234	[0.64779696 2.63710352 0.60110315]
2.5120620000025236	[0.64701452 2.63679198 0.60038623]
2.5120630000025237	[0.646232   2.63647918 0.59966923]
2.512064000002524	[0.64544938 2.63616514 0.59895216]
2.512065000002524	[0.64466667 2.63584989 0.598235  ]
2.512066000002524	[0.64388387 2.63553343 0.59751776]
2.5120670000025243	[0.64310098 2.63521578 0.59680045]
2.5120680000025244	[0.64231799 2.63489696 0.59608305]
2.5120690000025245	[0.64153491 2.63457698 0.59536557]
2.5120700000025247	[0.64075174 2.63425588 0.59464801]
2.512071000002525	[0.63996847 2.63393366 0.59393037]
2.512072000002525	[0.63918511 2.63361033 0.59321264]
2.512073000002525	[0.63840166 2.63328594 0.59249484]
2.5120740000025252	[0.63761812 2.63296048 0.59177696]
2.5120750000025254	[0.63683449 2.63263399 0.591059  ]
2.5120760000025255	[0.63605079 2.63230645 0.59034098]
2.5120770000025257	[0.63526695 2.63197796 0.58962284]
2.512078000002526	[0.63448305 2.63164847 0.58890465]
2.512079000002526	[0.63369907 2.63131802 0.58818639]
2.512080000002526	[0.632915   2.63098663 0.58746805]
2.512081000002526	[0.63213086 2.63065433 0.58674964]
2.5120820000025263	[0.63134663 2.63032113 0.58603117]
2.5120830000025265	[0.63056233 2.62998707 0.58531263]
2.5120840000025266	[0.62977796 2.62965214 0.58459403]
2.5120850000025268	[0.62899351 2.62931639 0.58387537]
2.512086000002527	[0.628209   2.62897983 0.58315665]
2.512087000002527	[0.62742442 2.62864247 0.58243788]
2.512088000002527	[0.6266398  2.62830436 0.58171906]
2.5120890000025273	[0.62585511 2.62796551 0.58100019]
2.5120900000025275	[0.62507036 2.62762593 0.58028127]
2.5120910000025276	[0.62428557 2.62728565 0.57956232]
2.5120920000025277	[0.62350074 2.62694469 0.57884333]
2.512093000002528	[0.62271587 2.62660307 0.57812431]
2.512094000002528	[0.62193096 2.62626082 0.57740526]
2.512095000002528	[0.62114602 2.62591795 0.57668619]
2.5120960000025283	[0.62036106 2.62557449 0.5759671 ]
2.5120970000025284	[0.61957608 2.62523046 0.57524799]
2.5120980000025286	[0.61879108 2.62488586 0.57452888]
2.5120990000025287	[0.61800608 2.62454076 0.57380977]
2.512100000002529	[0.61722107 2.62419514 0.57309065]
2.512101000002529	[0.61643606 2.62384902 0.57237154]
2.512102000002529	[0.61565108 2.62350244 0.57165245]
2.5121030000025293	[0.6148661  2.62315542 0.57093338]
2.5121040000025294	[0.61408115 2.62280795 0.57021433]
2.5121050000025296	[0.61329622 2.62246008 0.56949531]
2.5121060000025297	[0.61251133 2.62211181 0.56877633]
2.51210700000253	[0.61172648 2.62176316 0.56805739]
2.51210800000253	[0.61094169 2.62141419 0.5673385 ]
2.51210900000253	[0.61015695 2.62106486 0.56661967]
2.5121100000025303	[0.60937229 2.62071521 0.56590092]
2.5121110000025304	[0.60858767 2.62036526 0.5651822 ]
2.5121120000025305	[0.60780315 2.62001502 0.56446358]
2.5121130000025307	[0.60701871 2.61966452 0.56374504]
2.512114000002531	[0.60623437 2.61931376 0.56302659]
2.512115000002531	[0.60545013 2.61896277 0.56230824]
2.512116000002531	[0.604666   2.61861156 0.56158999]
2.5121170000025312	[0.60388199 2.61826013 0.56087186]
2.5121180000025314	[0.6030981  2.61790851 0.56015384]
2.5121190000025315	[0.60231435 2.61755672 0.55943596]
2.5121200000025317	[0.60153075 2.61720476 0.55871822]
2.512121000002532	[0.60074728 2.61685263 0.5580006 ]
2.512122000002532	[0.59996395 2.61650038 0.55728311]
2.512123000002532	[0.59918085 2.61614798 0.55656583]
2.512124000002532	[0.59839789 2.61579546 0.5558487 ]
2.5121250000025324	[0.59761512 2.61544284 0.55513173]
2.5121260000025325	[0.59683254 2.61509011 0.55441495]
2.5121270000025326	[0.59605016 2.6147373  0.55369835]
2.512128000002533	[0.59526799 2.6143844  0.55298194]
2.512129000002533	[0.59448604 2.61403143 0.55226575]
2.512130000002533	[0.59370431 2.61367839 0.55154977]
2.512131000002533	[0.59292282 2.61332529 0.550834  ]
2.5121320000025333	[0.59214161 2.61297218 0.5501185 ]
2.5121330000025335	[0.59136057 2.61261893 0.54940315]
2.5121340000025336	[0.59057983 2.61226569 0.54868809]
2.5121350000025338	[0.58979937 2.6119124  0.54797327]
2.512136000002534	[0.58901917 2.61155908 0.54725871]
2.512137000002534	[0.58823925 2.61120572 0.54654441]
2.512138000002534	[0.58745963 2.61085234 0.54583039]
2.5121390000025343	[0.58668031 2.61049892 0.54511664]
2.5121400000025345	[0.58590129 2.61014548 0.54440318]
2.5121410000025346	[0.58512258 2.609792   0.54369   ]
2.5121420000025347	[0.58434421 2.60943851 0.54297713]
2.512143000002535	[0.58356615 2.60908499 0.54226457]
2.512144000002535	[0.58278844 2.60873143 0.54155231]
2.512145000002535	[0.58201107 2.60837785 0.54084038]
2.5121460000025353	[0.58123404 2.60802423 0.54012877]
2.5121470000025354	[0.58045738 2.60767057 0.53941749]
2.5121480000025356	[0.57968108 2.60731687 0.53870655]
2.5121490000025357	[0.57890515 2.60696313 0.53799595]
2.512150000002536	[0.57812959 2.60660931 0.5372857 ]
2.512151000002536	[0.57735442 2.60625548 0.5365758 ]
2.512152000002536	[0.57657964 2.60590156 0.53586627]
2.5121530000025363	[0.57580525 2.60554758 0.5351571 ]
2.5121540000025364	[0.57503126 2.60519351 0.5344483 ]
2.5121550000025366	[0.57425768 2.60483937 0.53373987]
2.5121560000025367	[0.5734845  2.60448513 0.53303183]
2.512157000002537	[0.57271174 2.60413078 0.53232416]
2.512158000002537	[0.57193939 2.60377632 0.53161689]
2.512159000002537	[0.57116747 2.60342174 0.53091001]
2.5121600000025373	[0.57039598 2.60306703 0.53020352]
2.5121610000025374	[0.56962492 2.60271217 0.52949743]
2.5121620000025375	[0.56885429 2.60235716 0.52879174]
2.5121630000025377	[0.5680841  2.60200198 0.52808646]
2.512164000002538	[0.56731435 2.60164661 0.52738158]
2.512165000002538	[0.56654504 2.60129106 0.52667712]
2.512166000002538	[0.56577618 2.60093529 0.52597306]
2.5121670000025382	[0.56500777 2.60057931 0.52526942]
2.5121680000025384	[0.56423981 2.60022308 0.5245662 ]
2.5121690000025385	[0.56347229 2.59986662 0.52386339]
2.5121700000025387	[0.56270523 2.59950987 0.523161  ]
2.512171000002539	[0.56193861 2.59915285 0.52245903]
2.512172000002539	[0.56117246 2.59879554 0.52175748]
2.512173000002539	[0.56040675 2.59843791 0.52105635]
2.512174000002539	[0.5596415  2.59807995 0.52035564]
2.5121750000025393	[0.5588767  2.59772165 0.51965534]
2.5121760000025395	[0.55811236 2.59736299 0.51895547]
2.5121770000025396	[0.55734846 2.59700394 0.51825601]
2.5121780000025398	[0.55658502 2.5966445  0.51755696]
2.51217900000254	[0.55582202 2.59628464 0.51685833]
2.51218000000254	[0.55505947 2.59592435 0.51616011]
2.51218100000254	[0.55429736 2.59556361 0.51546231]
2.5121820000025403	[0.55353569 2.5952024  0.51476491]
2.5121830000025405	[0.55277445 2.5948407  0.51406791]
2.5121840000025406	[0.55201366 2.5944785  0.51337132]
2.5121850000025407	[0.55125329 2.59411577 0.51267512]
2.512186000002541	[0.55049334 2.5937525  0.51197931]
2.512187000002541	[0.54973382 2.59338867 0.5112839 ]
2.512188000002541	[0.54897472 2.59302426 0.51058887]
2.5121890000025413	[0.54821602 2.59265925 0.50989423]
2.5121900000025414	[0.54745774 2.59229362 0.50919996]
2.5121910000025416	[0.54669985 2.59192736 0.50850605]
2.5121920000025417	[0.54594235 2.59156045 0.50781252]
2.512193000002542	[0.54518524 2.59119285 0.50711933]
2.512194000002542	[0.54442852 2.59082458 0.50642651]
2.512195000002542	[0.54367217 2.59045559 0.50573403]
2.5121960000025423	[0.54291618 2.59008588 0.50504189]
2.5121970000025424	[0.54216055 2.58971541 0.50435008]
2.5121980000025426	[0.54140527 2.58934418 0.5036586 ]
2.5121990000025427	[0.54065033 2.58897218 0.50296743]
2.512200000002543	[0.53989573 2.58859938 0.50227657]
2.512201000002543	[0.53914144 2.58822576 0.50158601]
2.512202000002543	[0.53838748 2.5878513  0.50089574]
2.5122030000025433	[0.53763381 2.587476   0.50020576]
2.5122040000025434	[0.53688045 2.58709983 0.49951604]
2.5122050000025435	[0.53612736 2.58672278 0.4988266 ]
2.5122060000025437	[0.53537456 2.58634483 0.49813741]
2.512207000002544	[0.53462201 2.58596597 0.49744846]
2.512208000002544	[0.53386972 2.58558619 0.49675975]
2.512209000002544	[0.53311767 2.58520546 0.49607126]
2.5122100000025442	[0.53236585 2.58482377 0.49538299]
2.5122110000025444	[0.53161423 2.58444111 0.49469491]
2.5122120000025445	[0.53086284 2.58405747 0.49400704]
2.5122130000025447	[0.53011164 2.58367283 0.49331935]
2.512214000002545	[0.52936065 2.58328721 0.49263185]
2.512215000002545	[0.52860975 2.58290051 0.49194445]
2.512216000002545	[0.52785907 2.58251281 0.49125723]
2.512217000002545	[0.52710851 2.58212406 0.49057015]
2.5122180000025454	[0.52635808 2.58173426 0.48988318]
2.5122190000025455	[0.52560777 2.58134339 0.48919633]
2.5122200000025456	[0.52485757 2.58095145 0.48850957]
2.512221000002546	[0.52410744 2.58055843 0.48782289]
2.512222000002546	[0.52335741 2.58016431 0.4871363 ]
2.512223000002546	[0.52260743 2.5797691  0.48644976]
2.512224000002546	[0.52185749 2.57937278 0.48576326]
2.5122250000025463	[0.52110758 2.57897535 0.4850768 ]
2.5122260000025465	[0.5203577  2.5785768  0.48439036]
2.5122270000025466	[0.51960781 2.57817713 0.48370392]
2.5122280000025468	[0.51885793 2.57777634 0.48301749]
2.512229000002547	[0.518108   2.5773744  0.48233102]
2.512230000002547	[0.51735804 2.57697133 0.48164452]
2.512231000002547	[0.51660802 2.57656713 0.48095798]
2.5122320000025473	[0.51585794 2.57616178 0.48027138]
2.5122330000025475	[0.51510776 2.57575529 0.4795847 ]
2.5122340000025476	[0.51435749 2.57534767 0.47889793]
2.5122350000025477	[0.51360711 2.57493891 0.47821106]
2.512236000002548	[0.51285658 2.57452899 0.47752407]
2.512237000002548	[0.51210593 2.57411795 0.47683697]
2.512238000002548	[0.51135511 2.57370577 0.47614971]
2.5122390000025483	[0.51060411 2.57329244 0.4754623 ]
2.5122400000025484	[0.50985292 2.572878   0.47477471]
2.5122410000025486	[0.50910153 2.57246243 0.47408695]
2.5122420000025487	[0.50834992 2.57204573 0.47339898]
2.512243000002549	[0.50759808 2.57162792 0.47271081]
2.512244000002549	[0.50684599 2.57120901 0.47202241]
2.512245000002549	[0.50609363 2.57078898 0.47133377]
2.5122460000025493	[0.505341   2.57036787 0.47064489]
2.5122470000025494	[0.50458807 2.56994567 0.46995573]
2.5122480000025496	[0.50383484 2.56952239 0.46926631]
2.5122490000025497	[0.50308129 2.56909804 0.46857659]
2.51225000000255	[0.50232741 2.56867265 0.46788657]
2.51225100000255	[0.50157317 2.5682462  0.46719623]
2.51225200000255	[0.50081858 2.56781872 0.46650557]
2.5122530000025503	[0.50006361 2.56739022 0.46581457]
2.5122540000025504	[0.49930825 2.56696071 0.46512322]
2.5122550000025505	[0.4985525  2.56653021 0.4644315 ]
2.5122560000025507	[0.49779632 2.56609873 0.46373941]
2.512257000002551	[0.49703973 2.56566628 0.46304693]
2.512258000002551	[0.49628269 2.56523288 0.46235405]
2.512259000002551	[0.4955252  2.56479857 0.46166077]
2.5122600000025512	[0.49476725 2.56436332 0.46096705]
2.5122610000025514	[0.49400883 2.56392719 0.46027292]
2.5122620000025515	[0.49324992 2.56349017 0.45957834]
2.5122630000025516	[0.49249051 2.56305229 0.45888331]
2.512264000002552	[0.49173057 2.56261359 0.45818779]
2.512265000002552	[0.49097017 2.56217402 0.45749186]
2.512266000002552	[0.49020921 2.56173368 0.45679542]
2.512267000002552	[0.48944771 2.56129255 0.45609848]
2.5122680000025523	[0.48868566 2.56085067 0.45540105]
2.5122690000025525	[0.48792306 2.56040804 0.45470312]
2.5122700000025526	[0.48715989 2.5599647  0.45400467]
2.5122710000025528	[0.48639614 2.55952066 0.45330569]
2.512272000002553	[0.48563182 2.55907596 0.45260619]
2.512273000002553	[0.4848669  2.5586306  0.45190615]
2.512274000002553	[0.48410138 2.55818463 0.45120556]
2.5122750000025533	[0.48333526 2.55773805 0.45050442]
2.5122760000025535	[0.48256851 2.5572909  0.44980272]
2.5122770000025536	[0.48180116 2.5568432  0.44910047]
2.5122780000025537	[0.48103318 2.55639498 0.44839764]
2.512279000002554	[0.48026457 2.55594625 0.44769424]
2.512280000002554	[0.47949532 2.55549706 0.44699025]
2.512281000002554	[0.47872543 2.55504741 0.44628569]
2.5122820000025543	[0.47795489 2.55459735 0.44558054]
2.5122830000025544	[0.4771837  2.55414689 0.44487479]
2.5122840000025546	[0.47641186 2.55369606 0.44416845]
2.5122850000025547	[0.47563936 2.55324489 0.44346151]
2.512286000002555	[0.47486619 2.55279339 0.44275396]
2.512287000002555	[0.47409238 2.55234163 0.44204583]
2.512288000002555	[0.47331789 2.5518896  0.44133708]
2.5122890000025553	[0.47254273 2.55143734 0.44062772]
2.5122900000025554	[0.4717735  2.55097393 0.43992374]
2.5122910000025556	[0.47099052 2.5505323  0.43920728]
2.5122920000025557	[0.47021335 2.5500795  0.43849609]
2.512293000002556	[0.46943551 2.54962657 0.4377843 ]
2.512294000002556	[0.46865701 2.54917355 0.43707189]
2.512295000002556	[0.46787783 2.54872047 0.43635888]
2.5122960000025563	[0.46709799 2.54826734 0.43564526]
2.5122970000025564	[0.46631747 2.54781419 0.43493103]
2.5122980000025565	[0.46553629 2.54736106 0.43421619]
2.5122990000025567	[0.46475445 2.54690798 0.43350075]
2.512300000002557	[0.46397195 2.54645495 0.43278471]
2.512301000002557	[0.46318879 2.54600202 0.43206807]
2.512302000002557	[0.46240497 2.54554922 0.43135084]
2.5123030000025572	[0.46162051 2.54509655 0.43063301]
2.5123040000025574	[0.46083539 2.54464406 0.4299146 ]
2.5123050000025575	[0.46004964 2.54419177 0.4291956 ]
2.5123060000025577	[0.45926325 2.5437397  0.42847602]
2.512307000002558	[0.45847622 2.54328788 0.42775587]
2.512308000002558	[0.45768857 2.54283634 0.42703515]
2.512309000002558	[0.4569003  2.5423851  0.42631387]
2.512310000002558	[0.45611142 2.54193416 0.42559203]
2.5123110000025584	[0.45532193 2.54148358 0.42486963]
2.5123120000025585	[0.45453184 2.54103337 0.4241467 ]
2.5123130000025586	[0.45374115 2.54058355 0.42342322]
2.512314000002559	[0.45294989 2.54013414 0.42269921]
2.512315000002559	[0.45215804 2.53968517 0.42197468]
2.512316000002559	[0.45136563 2.53923666 0.42124963]
2.512317000002559	[0.45057266 2.53878863 0.42052407]
2.5123180000025593	[0.44977913 2.5383411  0.41979802]
2.5123190000025595	[0.44898507 2.53789408 0.41907147]
2.5123200000025596	[0.44819047 2.53744761 0.41834444]
2.5123210000025598	[0.44739535 2.53700169 0.41761694]
2.51232200000256	[0.44659972 2.53655635 0.41688897]
2.51232300000256	[0.44580359 2.5361116  0.41616054]
2.51232400000256	[0.44500697 2.53566747 0.41543168]
2.5123250000025603	[0.44420987 2.53522396 0.41470237]
2.5123260000025605	[0.4434123  2.5347811  0.41397264]
2.5123270000025606	[0.44261427 2.5343389  0.4132425 ]
2.5123280000025607	[0.44181584 2.53389738 0.412512  ]
2.512329000002561	[0.44101688 2.53345652 0.41178101]
2.512330000002561	[0.44021755 2.53301638 0.41104969]
2.512331000002561	[0.43941781 2.53257695 0.41031799]
2.5123320000025613	[0.43861767 2.53213825 0.40958594]
2.5123330000025614	[0.43781714 2.53170029 0.40885353]
2.5123340000025616	[0.43701624 2.53126307 0.40812079]
2.5123350000025617	[0.43621498 2.53082661 0.40738772]
2.512336000002562	[0.43541337 2.53039092 0.40665434]
2.512337000002562	[0.43461143 2.529956   0.40592066]
2.512338000002562	[0.43380917 2.52952187 0.40518668]
2.5123390000025623	[0.4330066  2.52908853 0.40445243]
2.5123400000025624	[0.43220373 2.52865598 0.40371791]
2.5123410000025626	[0.43140058 2.52822423 0.40298314]
2.5123420000025627	[0.43059715 2.52779331 0.40224811]
2.512343000002563	[0.42979348 2.52736316 0.40151288]
2.512344000002563	[0.42898957 2.52693385 0.40077742]
2.512345000002563	[0.42818544 2.52650535 0.40004177]
2.5123460000025633	[0.42738112 2.52607764 0.39930594]
2.5123470000025634	[0.4265765  2.52565081 0.39856985]
2.5123480000025635	[0.42577175 2.52522477 0.39783364]
2.5123490000025637	[0.42496682 2.52479954 0.39709727]
2.512350000002564	[0.42416173 2.52437514 0.39636076]
2.512351000002564	[0.4233565  2.52395155 0.39562412]
2.512352000002564	[0.42255113 2.52352877 0.39488736]
2.5123530000025642	[0.42174564 2.52310681 0.3941505 ]
2.5123540000025644	[0.42094004 2.52268565 0.39341353]
2.5123550000025645	[0.4201344  2.52226532 0.39267654]
2.5123560000025646	[0.41932856 2.52184573 0.39193937]
2.512357000002565	[0.41852271 2.52142695 0.39120219]
2.512358000002565	[0.4177168  2.52100896 0.39046496]
2.512359000002565	[0.41691085 2.52059175 0.3897277 ]
2.512360000002565	[0.41610487 2.5201753  0.38899041]
2.5123610000025653	[0.41529886 2.5197596  0.3882531 ]
2.5123620000025655	[0.41449285 2.51934466 0.38751579]
2.5123630000025656	[0.41368684 2.51893045 0.38677849]
2.5123640000025658	[0.41288084 2.51851698 0.38604121]
2.512365000002566	[0.41207487 2.51810421 0.38530395]
2.512366000002566	[0.41126894 2.51769215 0.38456673]
2.512367000002566	[0.41046306 2.51728078 0.38382956]
2.5123680000025663	[0.40965724 2.51687009 0.38309245]
2.5123690000025665	[0.40885149 2.51646006 0.38235541]
2.5123700000025666	[0.40804582 2.51605069 0.38161844]
2.5123710000025667	[0.40724024 2.51564195 0.38088157]
2.512372000002567	[0.40643475 2.51523382 0.38014478]
2.512373000002567	[0.40562938 2.5148263  0.3794081 ]
2.512374000002567	[0.40482413 2.51441936 0.37867153]
2.5123750000025673	[0.40401901 2.514013   0.37793508]
2.5123760000025674	[0.40321402 2.51360719 0.37719876]
2.5123770000025676	[0.40240917 2.51320191 0.37646258]
2.5123780000025677	[0.40160451 2.51279715 0.37572657]
2.512379000002568	[0.40079995 2.51239289 0.37499065]
2.512380000002568	[0.39999559 2.51198911 0.37425492]
2.512381000002568	[0.3991914  2.51158579 0.37351935]
2.5123820000025683	[0.3983874  2.51118292 0.37278395]
2.5123830000025684	[0.39758358 2.51078045 0.37204872]
2.5123840000025686	[0.39677995 2.51037839 0.37131368]
2.5123850000025687	[0.39597653 2.50997671 0.37057882]
2.512386000002569	[0.3951733  2.50957539 0.36984415]
2.512387000002569	[0.39437029 2.50917441 0.36910968]
2.512388000002569	[0.3935675  2.50877374 0.36837541]
2.5123890000025693	[0.39276492 2.50837337 0.36764134]
2.5123900000025694	[0.39196256 2.50797328 0.36690747]
2.5123910000025695	[0.39116043 2.50757344 0.36617382]
2.5123920000025697	[0.39035853 2.50717383 0.36544037]
2.51239300000257	[0.38955685 2.50677443 0.36470715]
2.51239400000257	[0.38875541 2.50637522 0.36397413]
2.51239500000257	[0.38795421 2.50597617 0.36324134]
2.5123960000025702	[0.38715324 2.50557727 0.36250877]
2.5123970000025704	[0.38635252 2.50517848 0.36177641]
2.5123980000025705	[0.38555202 2.5047798  0.36104428]
2.5123990000025707	[0.38475177 2.5043812  0.36031237]
2.512400000002571	[0.38395176 2.50398265 0.35958068]
2.512401000002571	[0.38315199 2.50358413 0.35884921]
2.512402000002571	[0.38235245 2.50318563 0.35811796]
2.512403000002571	[0.38155315 2.50278711 0.35738693]
2.5124040000025714	[0.38075408 2.50238857 0.35665612]
2.5124050000025715	[0.37995525 2.50198997 0.35592552]
2.5124060000025716	[0.37915664 2.5015913  0.35519513]
2.5124070000025718	[0.37835827 2.50119254 0.35446496]
2.512408000002572	[0.37756011 2.50079366 0.35373499]
2.512409000002572	[0.37676218 2.50039465 0.35300523]
2.512410000002572	[0.37596447 2.49999548 0.35227567]
2.5124110000025723	[0.37516696 2.49959614 0.3515463 ]
2.5124120000025725	[0.37436967 2.49919661 0.35081713]
2.5124130000025726	[0.37357258 2.49879686 0.35008815]
2.5124140000025728	[0.37277566 2.49839688 0.34935933]
2.512415000002573	[0.37197898 2.49799664 0.34863072]
2.512416000002573	[0.37118246 2.49759614 0.34790227]
2.512417000002573	[0.37038612 2.49719536 0.34717398]
2.5124180000025733	[0.36958995 2.49679427 0.34644586]
2.5124190000025735	[0.36879395 2.49639286 0.34571789]
2.5124200000025736	[0.3679981  2.49599111 0.34499006]
2.5124210000025737	[0.36720241 2.49558902 0.34426238]
2.512422000002574	[0.36640686 2.49518655 0.34353482]
2.512423000002574	[0.36561144 2.49478371 0.34280739]
2.512424000002574	[0.36481512 2.49438306 0.34207916]
2.5124250000025743	[0.36402093 2.49397678 0.34135284]
2.5124260000025744	[0.36322585 2.49357273 0.34062573]
2.5124270000025746	[0.36243088 2.49316822 0.33989872]
2.5124280000025747	[0.36163599 2.49276326 0.33917178]
2.512429000002575	[0.3608484  2.49236107 0.33845159]
2.512430000002575	[0.3600465  2.4919521  0.33771818]
2.512431000002575	[0.3592518  2.49154576 0.33699142]
2.5124320000025753	[0.35845716 2.4911389  0.33626472]
2.5124330000025754	[0.35766256 2.49073156 0.33553806]
2.5124340000025756	[0.35686798 2.4903237  0.33481143]
2.5124350000025757	[0.35607342 2.48991533 0.3340848 ]
2.512436000002576	[0.35527885 2.48950644 0.33335819]
2.512437000002576	[0.35448428 2.48909703 0.33263156]
2.512438000002576	[0.35368969 2.48868708 0.33190491]
2.5124390000025763	[0.35289506 2.48827659 0.33117824]
2.5124400000025764	[0.35210038 2.48786557 0.33045152]
2.5124410000025765	[0.35130564 2.487454   0.32972475]
2.5124420000025767	[0.35051084 2.48704188 0.32899792]
2.512443000002577	[0.34971595 2.48662921 0.32827102]
2.512444000002577	[0.34892096 2.486216   0.32754403]
2.512445000002577	[0.34812586 2.48580223 0.32681694]
2.5124460000025772	[0.34733065 2.4853879  0.32608974]
2.5124470000025774	[0.34653529 2.48497304 0.32536242]
2.5124480000025775	[0.34573981 2.48455764 0.32463498]
2.5124490000025776	[0.34494413 2.48414165 0.32390736]
2.512450000002578	[0.34414829 2.48372514 0.3231796 ]
2.512451000002578	[0.34335227 2.48330809 0.32245168]
2.512452000002578	[0.34255604 2.48289051 0.32172357]
2.512453000002578	[0.34175961 2.48247239 0.32099526]
2.5124540000025783	[0.34096294 2.48205375 0.32026676]
2.5124550000025785	[0.34016603 2.48163459 0.31953803]
2.5124560000025786	[0.33936888 2.48121491 0.31880908]
2.5124570000025788	[0.33857145 2.48079474 0.31807988]
2.512458000002579	[0.33777375 2.48037406 0.31735043]
2.512459000002579	[0.33697575 2.47995291 0.31662071]
2.512460000002579	[0.33617745 2.47953127 0.31589072]
2.5124610000025793	[0.33537883 2.47910917 0.31516044]
2.5124620000025795	[0.33457988 2.47868661 0.31442986]
2.5124630000025796	[0.33378059 2.47826361 0.31369896]
2.5124640000025797	[0.33298093 2.47784018 0.31296774]
2.51246500000258	[0.33218092 2.47741634 0.31223619]
2.51246600000258	[0.33138052 2.47699208 0.31150429]
2.51246700000258	[0.3305798  2.47656737 0.3107721 ]
2.5124680000025803	[0.32977854 2.47614241 0.31003942]
2.5124690000025804	[0.32897693 2.47571703 0.30930641]
2.5124700000025806	[0.32817489 2.4752913  0.30857302]
2.5124710000025807	[0.32737241 2.47486524 0.30783923]
2.512472000002581	[0.32656947 2.47443887 0.30710502]
2.512473000002581	[0.32576608 2.4740122  0.3063704 ]
2.512474000002581	[0.32496221 2.47358526 0.30563534]
2.5124750000025813	[0.32415786 2.47315806 0.30489985]
2.5124760000025814	[0.32335301 2.47273062 0.3041639 ]
2.5124770000025816	[0.32254766 2.47230295 0.3034275 ]
2.5124780000025817	[0.32174181 2.47187508 0.30269064]
2.512479000002582	[0.32093542 2.47144705 0.30195328]
2.512480000002582	[0.32012849 2.47101882 0.30121545]
2.512481000002582	[0.31932102 2.47059047 0.30047711]
2.5124820000025823	[0.318513   2.470162   0.29973827]
2.5124830000025824	[0.31770442 2.46973342 0.29899893]
2.5124840000025825	[0.31689526 2.46930477 0.29825906]
2.5124850000025827	[0.31608554 2.46887606 0.29751867]
2.512486000002583	[0.31527522 2.46844732 0.29677775]
2.512487000002583	[0.31446431 2.46801856 0.29603628]
2.512488000002583	[0.3136528  2.46758982 0.29529427]
2.5124890000025832	[0.31284069 2.46716111 0.29455171]
2.5124900000025834	[0.31202795 2.46673245 0.29380858]
2.5124910000025835	[0.3112146  2.46630387 0.29306489]
2.5124920000025837	[0.31040062 2.46587539 0.29232063]
2.512493000002584	[0.309586   2.46544705 0.29157579]
2.512494000002584	[0.30877076 2.46501884 0.29083038]
2.512495000002584	[0.30795486 2.46459081 0.29008437]
2.512496000002584	[0.30713832 2.46416301 0.28933778]
2.5124970000025844	[0.30632112 2.46373536 0.28859059]
2.5124980000025845	[0.30550332 2.46330796 0.28784286]
2.5124990000025846	[0.30468475 2.46288087 0.28709442]
2.5125000000025848	[0.30386557 2.46245405 0.28634542]
2.512501000002585	[0.30304572 2.46202754 0.28559582]
2.512502000002585	[0.3022252  2.46160136 0.28484561]
2.512503000002585	[0.30140401 2.46117554 0.28409478]
2.5125040000025853	[0.30058215 2.46075011 0.28334335]
2.5125050000025855	[0.2997596  2.46032507 0.28259129]
2.5125060000025856	[0.29893638 2.45990046 0.28183862]
2.5125070000025858	[0.29811248 2.4594763  0.28108532]
2.512508000002586	[0.29728789 2.4590526  0.28033141]
2.512509000002586	[0.29646263 2.4586294  0.27957688]
2.512510000002586	[0.29563668 2.45820672 0.27882173]
2.5125110000025863	[0.29481005 2.45778457 0.27806596]
2.5125120000025865	[0.29398254 2.45736296 0.27730938]
2.5125130000025866	[0.29315475 2.45694195 0.27655256]
2.5125140000025867	[0.29232614 2.4565215  0.27579498]
2.512515000002587	[0.29149672 2.45610171 0.27503667]
2.512516000002587	[0.29066671 2.45568255 0.27427782]
2.512517000002587	[0.28983601 2.45526403 0.27351834]
2.5125180000025873	[0.28900464 2.45484619 0.27275826]
2.5125190000025874	[0.2881726  2.45442904 0.27199756]
2.5125200000025876	[0.28733989 2.4540126  0.27123626]
2.5125210000025877	[0.28650651 2.4535969  0.27047435]
2.512522000002588	[0.28567248 2.45318193 0.26971184]
2.512523000002588	[0.28483779 2.45276772 0.26894874]
2.512524000002588	[0.28400244 2.4523543  0.26818504]
2.5125250000025883	[0.28316645 2.45194167 0.26742075]
2.5125260000025884	[0.28232981 2.45152984 0.26665588]
2.5125270000025886	[0.28149253 2.45111884 0.26589042]
2.5125280000025887	[0.28065462 2.45070868 0.26512439]
2.512529000002589	[0.27981611 2.45029942 0.26435781]
2.512530000002589	[0.27897691 2.4498909  0.2635906 ]
2.512531000002589	[0.27813712 2.44948332 0.26282287]
2.5125320000025892	[0.27729672 2.44907662 0.26205457]
2.5125330000025894	[0.27645569 2.44867082 0.26128571]
2.5125340000025895	[0.2756141  2.44826593 0.26051634]
2.5125350000025897	[0.2747719  2.44786194 0.25974641]
2.51253600000259	[0.2739291  2.4474589  0.25897594]
2.51253700000259	[0.27308618 2.44705558 0.25820535]
2.51253800000259	[0.27224178 2.44665561 0.25743343]
2.5125390000025902	[0.27139727 2.44625538 0.2566614 ]
2.5125400000025904	[0.27055218 2.44585609 0.25588886]
2.5125410000025905	[0.26970657 2.44545776 0.25511583]
2.5125420000025906	[0.26886037 2.44506041 0.25434227]
2.512543000002591	[0.26801364 2.44466404 0.25356823]
2.512544000002591	[0.26716638 2.44426862 0.25279371]
2.512545000002591	[0.2663186  2.44387419 0.25201872]
2.512546000002591	[0.26547031 2.44348073 0.25124326]
2.5125470000025913	[0.2646215  2.44308824 0.25046733]
2.5125480000025915	[0.26377219 2.44269674 0.24969096]
2.5125490000025916	[0.26292239 2.44230622 0.24891413]
2.5125500000025918	[0.2620721  2.44191668 0.24813686]
2.512551000002592	[0.26122133 2.44152812 0.24735916]
2.512552000002592	[0.2603701  2.44114053 0.24658103]
2.512553000002592	[0.2595184  2.44075392 0.24580249]
2.5125540000025923	[0.25866624 2.44036828 0.24502353]
2.5125550000025925	[0.25781364 2.43998361 0.24424417]
2.5125560000025926	[0.2569606  2.4395999  0.24346441]
2.5125570000025927	[0.25610713 2.43921714 0.24268426]
2.512558000002593	[0.25525324 2.43883534 0.24190372]
2.512559000002593	[0.25439893 2.43845449 0.24112281]
2.512560000002593	[0.25354421 2.43807457 0.24034154]
2.5125610000025933	[0.25268909 2.43769558 0.23955989]
2.5125620000025934	[0.25183358 2.43731752 0.23877789]
2.5125630000025936	[0.25097769 2.43694038 0.23799556]
2.5125640000025937	[0.25012141 2.43656413 0.23721286]
2.512565000002594	[0.24926478 2.43618886 0.23642986]
2.512566000002594	[0.24840775 2.43581431 0.23564648]
2.512567000002594	[0.24755038 2.43544072 0.23486281]
2.5125680000025943	[0.24669266 2.43506799 0.23407881]
2.5125690000025944	[0.2458346  2.43469611 0.23329451]
2.5125700000025946	[0.2449762  2.43432506 0.2325099 ]
2.5125710000025947	[0.24411747 2.43395484 0.23172499]
2.512572000002595	[0.24322693 2.43358114 0.2309106 ]
2.512573000002595	[0.24239924 2.4332162  0.23015448]
2.512574000002595	[0.24153973 2.43284825 0.22936887]
2.5125750000025953	[0.24067972 2.43248118 0.22858282]
2.5125760000025954	[0.23981942 2.43211486 0.22779649]
2.5125770000025955	[0.23895882 2.43174928 0.22700989]
2.5125780000025957	[0.23809792 2.43138441 0.22622303]
2.512579000002596	[0.23723674 2.43102025 0.22543591]
2.512580000002596	[0.23637528 2.43065678 0.22464853]
2.512581000002596	[0.23551353 2.43029397 0.22386091]
2.5125820000025962	[0.23465146 2.42993185 0.22307298]
2.5125830000025964	[0.23378923 2.42957029 0.22228491]
2.5125840000025965	[0.23292667 2.42920938 0.22149655]
2.5125850000025967	[0.23206385 2.42884907 0.22070795]
2.512586000002597	[0.23120077 2.42848934 0.21991911]
2.512587000002597	[0.23033742 2.42813017 0.21913004]
2.512588000002597	[0.22947383 2.42777154 0.21834074]
2.512589000002597	[0.22860997 2.42741343 0.21755121]
2.5125900000025974	[0.22774587 2.42705583 0.21676145]
2.5125910000025975	[0.22688151 2.42669871 0.21597147]
2.5125920000025976	[0.22601691 2.42634205 0.21518126]
2.5125930000025978	[0.22515205 2.42598584 0.21439083]
2.512594000002598	[0.22428695 2.42563005 0.21360017]
2.512595000002598	[0.2234216  2.42527467 0.21280929]
2.512596000002598	[0.222556   2.42491969 0.21201818]
2.5125970000025983	[0.22169016 2.42456505 0.21122686]
2.5125980000025985	[0.22082407 2.42421077 0.21043531]
2.5125990000025986	[0.21995773 2.42385681 0.20964353]
2.5126000000025988	[0.21909114 2.42350317 0.20885153]
2.512601000002599	[0.21822429 2.42314981 0.2080593 ]
2.512602000002599	[0.2173572  2.42279672 0.20726684]
2.512603000002599	[0.21648984 2.42244388 0.20647416]
2.5126040000025993	[0.21562224 2.42209127 0.20568124]
2.5126050000025995	[0.21475437 2.42173888 0.20488808]
2.5126060000025996	[0.21388624 2.42138667 0.20409469]
2.5126070000025997	[0.21301784 2.42103464 0.20330105]
2.5126080000026	[0.21214917 2.42068277 0.20250717]
2.5126090000026	[0.21128023 2.42033104 0.20171305]
2.5126100000026	[0.21041101 2.41997943 0.20091867]
2.5126110000026003	[0.20954151 2.41962792 0.20012404]
2.5126120000026004	[0.20867173 2.41927649 0.19932915]
2.5126130000026006	[0.20780165 2.41892514 0.198534  ]
2.5126140000026007	[0.20693128 2.41857384 0.19773857]
2.512615000002601	[0.2060606  2.41822257 0.19694287]
2.512616000002601	[0.20518962 2.41787133 0.1961469 ]
2.512617000002601	[0.2043184  2.41752009 0.19535071]
2.5126180000026013	[0.2034467  2.41716884 0.19455409]
2.5126190000026014	[0.20257476 2.41681756 0.19375724]
2.5126200000026016	[0.20172447 2.41645254 0.19298027]
2.5126210000026017	[0.20082986 2.41611545 0.19216262]
2.512622000002602	[0.19995694 2.41576392 0.19136489]
2.512623000002602	[0.19908363 2.4154124  0.1905668 ]
2.512624000002602	[0.19820993 2.41506082 0.18976835]
2.5126250000026022	[0.19733591 2.41470908 0.18896962]
2.5126260000026024	[0.19646148 2.41435726 0.18817052]
2.5126270000026025	[0.19558667 2.41400531 0.18737106]
2.5126280000026027	[0.19471147 2.41365322 0.18657126]
2.512629000002603	[0.19383585 2.41330099 0.18577107]
2.512630000002603	[0.19295982 2.4129486  0.18497051]
2.512631000002603	[0.19208337 2.41259605 0.18416957]
2.5126320000026032	[0.1912065  2.41224333 0.18336824]
2.5126330000026034	[0.19032918 2.41189043 0.18256651]
2.5126340000026035	[0.18945141 2.41153735 0.18176436]
2.5126350000026036	[0.18857318 2.41118407 0.1809618 ]
2.512636000002604	[0.18769449 2.4108306  0.18015882]
2.512637000002604	[0.18681531 2.41047692 0.1793554 ]
2.512638000002604	[0.18593565 2.41012303 0.17855153]
2.512639000002604	[0.18505549 2.40976894 0.17774721]
2.5126400000026043	[0.18417482 2.40941463 0.17694242]
2.5126410000026045	[0.18329363 2.4090601  0.17613716]
2.5126420000026046	[0.18241191 2.40870535 0.17533142]
2.5126430000026048	[0.18152974 2.40835035 0.17452527]
2.512644000002605	[0.18064684 2.40799519 0.17371845]
2.512645000002605	[0.17976348 2.40763977 0.17291121]
2.512646000002605	[0.17887966 2.40728409 0.17210356]
2.5126470000026053	[0.17799513 2.40692824 0.17129525]
2.5126480000026055	[0.17710991 2.4065722  0.17048632]
2.5126490000026056	[0.1762242  2.4062159  0.16967694]
2.5126500000026057	[0.17533787 2.40585939 0.168867  ]
2.512651000002606	[0.17445092 2.40550267 0.1680565 ]
2.512652000002606	[0.17356334 2.40514574 0.16724541]
2.512653000002606	[0.17267512 2.40478861 0.16643374]
2.5126540000026063	[0.17178624 2.40443128 0.16562147]
2.5126550000026064	[0.1708967  2.40407375 0.1648086 ]
2.5126560000026066	[0.17000648 2.40371605 0.16399511]
2.5126570000026067	[0.16911558 2.40335816 0.163181  ]
2.512658000002607	[0.16822399 2.4030001  0.16236626]
2.512659000002607	[0.16733169 2.40264188 0.16155088]
2.512660000002607	[0.16643869 2.4022835  0.16073484]
2.5126610000026073	[0.16554495 2.40192498 0.15991815]
2.5126620000026074	[0.16465049 2.40156632 0.15910079]
2.5126630000026076	[0.16375529 2.40120754 0.15828275]
2.5126640000026077	[0.16285933 2.40084864 0.15746403]
2.512665000002608	[0.16196262 2.40048963 0.15664461]
2.512666000002608	[0.16106514 2.40013053 0.1558245 ]
2.512667000002608	[0.16016688 2.39977135 0.15500367]
2.5126680000026083	[0.15926784 2.3994121  0.15418213]
2.5126690000026084	[0.158368   2.3990528  0.15335987]
2.5126700000026085	[0.15746737 2.39869345 0.15253688]
2.5126710000026087	[0.15656592 2.39833408 0.15171315]
2.512672000002609	[0.15566366 2.39797468 0.15088867]
2.512673000002609	[0.15476058 2.39761529 0.15006344]
2.512674000002609	[0.15385666 2.39725591 0.14923746]
2.5126750000026092	[0.15295191 2.39689656 0.14841071]
2.5126760000026094	[0.15204632 2.39653726 0.1475832 ]
2.5126770000026095	[0.15113988 2.39617801 0.1467549 ]
2.5126780000026097	[0.15023258 2.39581885 0.14592583]
2.51267900000261	[0.14932442 2.39545977 0.14509597]
2.51268000000261	[0.1484154  2.3951008  0.14426532]
2.51268100000261	[0.1475055  2.39474196 0.14343388]
2.51268200000261	[0.14659473 2.39438326 0.14260164]
2.5126830000026104	[0.14568308 2.39402472 0.14176859]
2.5126840000026105	[0.14477054 2.39366636 0.14093474]
2.5126850000026106	[0.14385712 2.39330819 0.14010008]
2.5126860000026108	[0.1429428  2.39295023 0.1392646 ]
2.512687000002611	[0.14202759 2.39259251 0.13842831]
2.512688000002611	[0.14111149 2.39223503 0.1375912 ]
2.512689000002611	[0.14019448 2.39187781 0.13675327]
2.5126900000026113	[0.13927657 2.39152088 0.13591451]
2.5126910000026115	[0.13835776 2.39116425 0.13507493]
2.5126920000026116	[0.13743805 2.39080793 0.13423453]
2.5126930000026118	[0.13651743 2.39045196 0.1333933 ]
2.512694000002612	[0.1355959  2.39009634 0.13255124]
2.512695000002612	[0.13467346 2.38974109 0.13170835]
2.512696000002612	[0.13375012 2.38938623 0.13086464]
2.5126970000026123	[0.13282588 2.38903178 0.1300201 ]
2.5126980000026125	[0.13190073 2.38867775 0.12917473]
2.5126990000026126	[0.13097467 2.38832417 0.12832854]
2.5127000000026127	[0.13004771 2.38797105 0.12748153]
2.512701000002613	[0.12911985 2.3876184  0.1266337 ]
2.512702000002613	[0.1281911  2.38726625 0.12578504]
2.512703000002613	[0.12726145 2.38691461 0.12493557]
2.5127040000026133	[0.1263309  2.3865635  0.12408528]
2.5127050000026134	[0.12539948 2.38621301 0.1232342 ]
2.5127060000026136	[0.12446715 2.38586292 0.12238228]
2.5127070000026137	[0.12353395 2.38551349 0.12152957]
2.512708000002614	[0.12259988 2.38516465 0.12067606]
2.512709000002614	[0.12166493 2.38481641 0.11982176]
2.512710000002614	[0.12072911 2.3844688  0.11896667]
2.5127110000026143	[0.11979244 2.38412182 0.11811079]
2.5127120000026144	[0.11885491 2.38377549 0.11725413]
2.5127130000026145	[0.11791653 2.38342983 0.11639669]
2.5127140000026147	[0.11696748 2.38308812 0.11552946]
2.512715000002615	[0.11604706 2.38273698 0.11468854]
2.512716000002615	[0.11508657 2.38240021 0.11381081]
2.512717000002615	[0.11415473 2.38205375 0.1129594 ]
2.5127180000026152	[0.11321213 2.38171165 0.11209812]
2.5127190000026154	[0.11226881 2.38137023 0.11123618]
2.5127200000026155	[0.1113247  2.38102956 0.11037351]
2.5127210000026157	[0.11037981 2.38068964 0.10951013]
2.512722000002616	[0.10943413 2.38035049 0.10864604]
2.512723000002616	[0.10848769 2.38001211 0.10778125]
2.512724000002616	[0.10754025 2.37967474 0.10691555]
2.5127250000026162	[0.10659256 2.37933772 0.10604962]
2.5127260000026164	[0.10564388 2.37900172 0.10518279]
2.5127270000026165	[0.10469447 2.37866653 0.10431529]
2.5127280000026166	[0.10374435 2.37833215 0.10344715]
2.512729000002617	[0.10279353 2.37799859 0.10257836]
2.512730000002617	[0.10184201 2.37766585 0.10170894]
2.512731000002617	[0.10088982 2.37733394 0.1008389 ]
2.512732000002617	[0.09993701 2.37700289 0.0999683 ]
2.5127330000026173	[0.09898344 2.37667262 0.09909701]
2.5127340000026175	[0.09802927 2.37634321 0.09822518]
2.5127350000026176	[0.09707448 2.37601465 0.09735277]
2.5127360000026178	[0.09611907 2.37568693 0.0964798 ]
2.512737000002618	[0.09516306 2.37536005 0.09560628]
2.512738000002618	[0.09420645 2.37503401 0.09473222]
2.512739000002618	[0.09325152 2.37470981 0.09385971]
2.5127400000026183	[0.09229144 2.3743845  0.09298246]
2.5127410000026185	[0.09133312 2.374061   0.09210683]
2.5127420000026186	[0.09037428 2.37373832 0.09123074]
2.5127430000026187	[0.08941492 2.37341647 0.09035417]
2.512744000002619	[0.08845505 2.37309546 0.08947713]
2.512745000002619	[0.08749468 2.37277527 0.08859964]
2.512746000002619	[0.08653385 2.3724559  0.08772173]
2.5127470000026193	[0.08557254 2.37213735 0.08684338]
2.5127480000026194	[0.08461075 2.37181957 0.08596459]
2.5127490000026196	[0.0836486  2.37150267 0.08508547]
2.5127500000026197	[0.08268598 2.37118653 0.08420594]
2.51275100000262	[0.08172296 2.37087117 0.08332603]
2.51275200000262	[0.08075955 2.3705566  0.08244576]
2.51275300000262	[0.07979576 2.3702428  0.08156515]
2.5127540000026203	[0.07883161 2.36992975 0.08068422]
2.5127550000026204	[0.07786711 2.36961746 0.07980296]
2.5127560000026206	[0.07690228 2.36930591 0.07892141]
2.5127570000026207	[0.07593713 2.36899508 0.07803956]
2.512758000002621	[0.07497169 2.36868497 0.07715744]
2.512759000002621	[0.07400595 2.36837557 0.07627506]
2.512760000002621	[0.07303994 2.36806685 0.07539243]
2.5127610000026213	[0.07207368 2.36775882 0.07450957]
2.5127620000026214	[0.07110717 2.36745146 0.07362649]
2.5127630000026215	[0.07014044 2.36714471 0.07274319]
2.5127640000026217	[0.06917349 2.36683862 0.07185971]
2.512765000002622	[0.06820634 2.36653314 0.07097604]
2.512766000002622	[0.06723901 2.36622827 0.07009221]
2.512767000002622	[0.06627151 2.36592398 0.06920822]
2.5127680000026222	[0.06530385 2.36562025 0.06832409]
2.5127690000026224	[0.06433606 2.36531708 0.06743983]
2.5127700000026225	[0.06336813 2.36501444 0.06655546]
2.5127710000026227	[0.0624001  2.36471232 0.06567098]
2.512772000002623	[0.06143196 2.36441069 0.06478642]
2.512773000002623	[0.06046374 2.36410954 0.06390177]
2.512774000002623	[0.05949544 2.36380885 0.06301706]
2.512775000002623	[0.05852709 2.36350859 0.0621323 ]
2.5127760000026234	[0.05755869 2.36320875 0.06124749]
2.5127770000026235	[0.05659026 2.36290931 0.06036266]
2.5127780000026236	[0.05562181 2.36261025 0.05947781]
2.5127790000026238	[0.05465335 2.36231155 0.05859295]
2.512780000002624	[0.05368489 2.36201318 0.05770809]
2.512781000002624	[0.05271645 2.36171513 0.05682325]
2.512782000002624	[0.05174804 2.36141737 0.05593844]
2.5127830000026243	[0.05077967 2.36111988 0.05505367]
2.5127840000026245	[0.04981135 2.36082265 0.05416894]
2.5127850000026246	[0.0488431  2.36052564 0.05328427]
2.5127860000026248	[0.04787492 2.36022884 0.05239967]
2.512787000002625	[0.04690683 2.35993222 0.05151514]
2.512788000002625	[0.04593883 2.35963576 0.05063071]
2.512789000002625	[0.04497093 2.35933945 0.04974637]
2.5127900000026253	[0.04400315 2.35904325 0.04886213]
2.5127910000026255	[0.0430355  2.35874714 0.04797801]
2.5127920000026256	[0.04206798 2.35845111 0.04709402]
2.5127930000026257	[0.04110061 2.35815513 0.04621015]
2.512794000002626	[0.04013339 2.35785918 0.04532643]
2.512795000002626	[0.03916638 2.3575633  0.0444429 ]
2.512796000002626	[0.03819944 2.35726727 0.04355942]
2.5127970000026263	[0.03723273 2.35697127 0.04267616]
2.5127980000026264	[0.0362662  2.35667521 0.04179307]
2.5127990000026266	[0.03529987 2.35637907 0.04091016]
2.5128000000026267	[0.03433374 2.35608282 0.04002743]
2.512801000002627	[0.03336782 2.35578644 0.03914489]
2.512802000002627	[0.03240211 2.35548992 0.03826254]
2.512803000002627	[0.03143662 2.35519323 0.03738039]
2.5128040000026273	[0.03047136 2.35489634 0.03649845]
2.5128050000026274	[0.02950632 2.35459925 0.03561673]
2.5128060000026275	[0.02854153 2.35430193 0.03473522]
2.5128070000026277	[0.02757698 2.35400435 0.03385392]
2.512808000002628	[0.02661268 2.3537065  0.03297286]
2.512809000002628	[0.02564863 2.35340837 0.03209203]
2.512810000002628	[0.02468492 2.35310998 0.0312115 ]
2.5128110000026282	[0.0237213  2.35281114 0.03033106]
2.5128120000026284	[0.02275803 2.35251201 0.02945094]
2.5128130000026285	[0.02179503 2.35221252 0.02857106]
2.5128140000026287	[0.0208323  2.35191264 0.02769143]
2.512815000002629	[0.01986984 2.35161235 0.02681205]
2.512816000002629	[0.01890766 2.35131165 0.02593292]
2.512817000002629	[0.01794576 2.35101051 0.02505404]
2.5128180000026292	[0.01698415 2.35070892 0.02417543]
2.5128190000026294	[0.0160228  2.35040685 0.02329706]
2.5128200000026295	[0.01506175 2.3501043  0.02241895]
2.5128210000026296	[0.01410097 2.34980125 0.0215411 ]
2.51282200000263	[0.01314049 2.34949769 0.02066352]
2.51282300000263	[0.01218029 2.34919359 0.01978619]
2.51282400000263	[0.01122038 2.34888896 0.01890913]
2.51282500000263	[0.01026076 2.34858377 0.01803232]
2.5128260000026303	[0.00930142 2.34827801 0.01715578]
2.5128270000026305	[0.00834237 2.34797167 0.0162795 ]
2.5128280000026306	[0.00738361 2.34766474 0.01540348]
2.5128290000026308	[0.00642513 2.3473572  0.01452772]
2.512830000002631	[0.00546697 2.347049   0.01365225]
2.512831000002631	[0.00450903 2.34674028 0.01277698]
2.512832000002631	[0.00355141 2.34643088 0.01190199]
2.5128330000026313	[0.00259406 2.34612083 0.01102726]
2.5128340000026315	[1.63699216e-03 2.34581013e+00 1.01527846e-02]
2.5128350000026316	[6.80202037e-04 2.34549878e+00 9.27855908e-03]
2.5128360000026317	[-2.76313232e-04  2.34518676e+00  8.40458340e-03]
2.512837000002632	[-1.23255589e-03  2.34487407e+00  7.53085551e-03]
2.512838000002632	[-2.18852857e-03  2.34456070e+00  6.65737299e-03]
2.512839000002632	[-0.00314423  2.34424664  0.00578413]
2.5128400000026323	[-0.00409967  2.3439319   0.00491113]
2.5128410000026324	[-0.00505485  2.34361647  0.00403837]
2.5128420000026326	[-0.00600977  2.34330034  0.00316585]
2.5128430000026327	[-6.96443824e-03  2.34298351e+00  2.29355257e-03]
2.512844000002633	[-7.91885102e-03  2.34266598e+00  1.42148709e-03]
2.512845000002633	[-8.87296760e-03  2.34234777e+00  5.49690492e-04]
2.512846000002633	[-9.82693573e-03  2.34202881e+00 -3.21971282e-04]
2.5128470000026333	[-1.07806136e-02  2.34170916e+00 -1.19336956e-03]
2.5128480000026334	[-1.17296743e-02  2.34138858e+00 -2.06054901e-03]
2.5128490000026336	[-0.01268721  2.34106783 -0.00293548]
2.5128500000026337	[-0.01364018  2.3407461  -0.00380623]
2.512851000002634	[-0.01459306  2.34042365 -0.0046769 ]
2.512852000002634	[-0.01554561  2.34010051 -0.00554728]
2.512853000002634	[-0.01649789  2.3397766  -0.00641742]
2.5128540000026343	[-0.01744999  2.33945203 -0.00728738]
2.5128550000026344	[-0.01840188  2.33912677 -0.00815716]
2.5128560000026345	[-0.01935356  2.33880082 -0.00902675]
2.5128570000026347	[-0.02030504  2.33847419 -0.00989615]
2.512858000002635	[-0.02125633  2.33814687 -0.01076538]
2.512859000002635	[-0.02220742  2.33781888 -0.01163444]
2.512860000002635	[-0.02315833  2.33749022 -0.01250332]
2.5128610000026352	[-0.02410905  2.3371609  -0.01337204]
2.5128620000026354	[-0.0250596   2.33683092 -0.0142406 ]
2.5128630000026355	[-0.02600996  2.3365003  -0.015109  ]
2.5128640000026357	[-0.02696016  2.33616903 -0.01597724]
2.512865000002636	[-0.02791019  2.33583714 -0.01684534]
2.512866000002636	[-0.02886006  2.33550461 -0.01771328]
2.512867000002636	[-0.02980977  2.33517148 -0.01858109]
2.512868000002636	[-0.03075933  2.33483774 -0.01944875]
2.5128690000026364	[-0.03170873  2.33450339 -0.02031628]
2.5128700000026365	[-0.032658    2.33416848 -0.02118368]
2.5128710000026366	[-0.03360712  2.33383298 -0.02205095]
2.5128720000026368	[-0.0345561   2.33349691 -0.0229181 ]
2.512873000002637	[-0.03550494  2.3331603  -0.02378512]
2.512874000002637	[-0.03645366  2.33282314 -0.02465203]
2.512875000002637	[-0.03740224  2.33248545 -0.02551882]
2.5128760000026373	[-0.03835071  2.33214724 -0.0263855 ]
2.5128770000026375	[-0.03929905  2.33180852 -0.02725207]
2.5128780000026376	[-0.04022901  2.33146626 -0.02810161]
2.5128790000026378	[-0.04119502  2.3311301  -0.02898456]
2.512880000002638	[-0.04214319  2.33078988 -0.02985098]
2.512881000002638	[-0.04309108  2.33044926 -0.03071714]
2.512882000002638	[-0.04403886  2.33010819 -0.03158321]
2.5128830000026383	[-0.04498654  2.3297667  -0.03244918]
2.5128840000026385	[-0.04593412  2.32942478 -0.03331506]
2.5128850000026386	[-0.04688159  2.32908247 -0.03418085]
2.5128860000026387	[-0.04782897  2.32873976 -0.03504656]
2.512887000002639	[-0.04877626  2.32839668 -0.03591218]
2.512888000002639	[-0.04972345  2.32805323 -0.03677771]
2.512889000002639	[-0.05066794  2.32770658 -0.0376408 ]
2.5128900000026393	[-0.05161754  2.32736529 -0.03850852]
2.5128910000026394	[-0.05256443  2.32702086 -0.03937379]
2.5128920000026396	[-0.05351126  2.3266761  -0.040239  ]
2.5128930000026397	[-0.05445801  2.32633104 -0.04110414]
2.51289400000264	[-0.05540468  2.3259857  -0.0419692 ]
2.51289500000264	[-0.05635125  2.32564009 -0.04283419]
2.51289600000264	[-0.05729774  2.32529423 -0.04369909]
2.5128970000026403	[-0.05824415  2.32494815 -0.04456392]
2.5128980000026404	[-0.05919047  2.3246018  -0.04542868]
2.5128990000026405	[-0.06013671  2.32425526 -0.04629336]
2.5129000000026407	[-0.06108287  2.32390852 -0.04715797]
2.512901000002641	[-0.06202893  2.32356158 -0.04802249]
2.512902000002641	[-0.06297491  2.32321447 -0.04888694]
2.512903000002641	[-0.0639208   2.3228672  -0.04975131]
2.5129040000026412	[-0.06486661  2.32251977 -0.0506156 ]
2.5129050000026414	[-0.06581232  2.32217221 -0.05147981]
2.5129060000026415	[-0.06675794  2.32182452 -0.05234394]
2.5129070000026417	[-0.06770347  2.32147671 -0.05320799]
2.512908000002642	[-0.06864891  2.3211288  -0.05407194]
2.512909000002642	[-0.06959424  2.32078079 -0.05493582]
2.512910000002642	[-0.07053948  2.32043271 -0.05579959]
2.5129110000026422	[-0.07148462  2.32008454 -0.05666329]
2.5129120000026424	[-0.07242965  2.31973632 -0.05752688]
2.5129130000026425	[-0.07337457  2.31938804 -0.05839038]
2.5129140000026426	[-0.07431939  2.31903971 -0.05925378]
2.512915000002643	[-0.07526408  2.31869135 -0.06011708]
2.512916000002643	[-0.07620867  2.31834296 -0.06098027]
2.512917000002643	[-0.07715312  2.31799457 -0.06184334]
2.512918000002643	[-0.07809747  2.31764614 -0.06270632]
2.5129190000026433	[-0.07904168  2.31729772 -0.06356917]
2.5129200000026435	[-0.07998575  2.3169493  -0.0644319 ]
2.5129210000026436	[-0.08092969  2.31660089 -0.06529451]
2.5129220000026438	[-0.08187349  2.31625249 -0.06615699]
2.512923000002644	[-0.08281714  2.31590412 -0.06701934]
2.512924000002644	[-0.08376065  2.31555577 -0.06788156]
2.512925000002644	[-0.08470399  2.31520745 -0.06874363]
2.5129260000026443	[-0.08564718  2.31485917 -0.06960555]
2.5129270000026445	[-0.0865902   2.31451092 -0.07046733]
2.5129280000026446	[-0.08753305  2.31416271 -0.07132895]
2.5129290000026447	[-0.08847572  2.31381455 -0.07219041]
2.512930000002645	[-0.08941811  2.31346647 -0.07305161]
2.512931000002645	[-0.09036051  2.31311837 -0.07391283]
2.512932000002645	[-0.09130262  2.31277035 -0.07477378]
2.5129330000026453	[-0.09224453  2.31242238 -0.07563454]
2.5129340000026454	[-0.09318623  2.31207446 -0.07649512]
2.5129350000026456	[-0.09412773  2.31172659 -0.07735551]
2.5129360000026457	[-0.09506899  2.31137876 -0.07821569]
2.512937000002646	[-0.09601006  2.31103099 -0.07907569]
2.512938000002646	[-0.09695084  2.31068325 -0.07993544]
2.512939000002646	[-0.09789141  2.31033556 -0.08079499]
2.5129400000026463	[-0.09883174  2.3099879  -0.08165431]
2.5129410000026464	[-0.09977182  2.30964029 -0.08251341]
2.5129420000026466	[-0.10071162  2.3092927  -0.08337227]
2.5129430000026467	[-0.10165117  2.30894513 -0.08423088]
2.512944000002647	[-0.10259044  2.30859759 -0.08508925]
2.512945000002647	[-0.10352943  2.30825007 -0.08594736]
2.512946000002647	[-0.10446812  2.30790256 -0.08680521]
2.5129470000026473	[-0.10540653  2.30755504 -0.08766278]
2.5129480000026474	[-0.10634448  2.30720751 -0.08851995]
2.5129490000026475	[-0.10728241  2.30686    -0.08937709]
2.5129500000026477	[-0.10821988  2.30651245 -0.09023382]
2.512951000002648	[-0.10915702  2.30616488 -0.09109024]
2.512952000002648	[-0.11009383  2.30581726 -0.09194636]
2.512953000002648	[-0.11103029  2.3054696  -0.09280217]
2.5129540000026482	[-0.11196717  2.30512179 -0.09365836]
2.5129550000026484	[-0.11290215  2.30477406 -0.09451282]
2.5129560000026485	[-0.11383754  2.30442619 -0.09536765]
2.5129570000026487	[-0.11477256  2.30407823 -0.09622214]
2.512958000002649	[-0.11570719  2.30373017 -0.09707628]
2.512959000002649	[-0.11664144  2.30338199 -0.09793007]
2.512960000002649	[-0.11757529  2.30303368 -0.09878349]
2.512961000002649	[-0.11850873  2.30268523 -0.09963654]
2.5129620000026494	[-0.11944176  2.30233662 -0.10048922]
2.5129630000026495	[-0.12037437  2.30198785 -0.10134151]
2.5129640000026496	[-0.12130655  2.3016389  -0.10219342]
2.5129650000026498	[-0.12223829  2.30128974 -0.10304492]
2.51296600000265	[-0.12316959  2.30094037 -0.10389602]
2.51296700000265	[-0.12410044  2.30059078 -0.1047467 ]
2.51296800000265	[-0.12503082  2.30024094 -0.10559697]
2.5129690000026503	[-0.12596074  2.29989084 -0.10644681]
2.5129700000026505	[-0.12689018  2.29954047 -0.10729621]
2.5129710000026506	[-0.12781914  2.2991898  -0.10814517]
2.5129720000026508	[-0.12874761  2.29883882 -0.10899369]
2.512973000002651	[-0.12967558  2.29848752 -0.10984174]
2.512974000002651	[-0.13060304  2.29813587 -0.11068934]
2.512975000002651	[-0.13152999  2.29778386 -0.11153647]
2.5129760000026513	[-0.13245642  2.29743147 -0.11238312]
2.5129770000026515	[-0.13338231  2.29707869 -0.11322929]
2.5129780000026516	[-0.13430768  2.29672548 -0.11407497]
2.5129790000026517	[-0.13523249  2.29637185 -0.11492015]
2.512980000002652	[-0.13615676  2.29601776 -0.11576483]
2.512981000002652	[-0.13708047  2.2956632  -0.116609  ]
2.512982000002652	[-0.13800362  2.29530815 -0.11745265]
2.5129830000026523	[-0.13892619  2.2949526  -0.11829578]
2.5129840000026524	[-0.13984818  2.29459651 -0.11913839]
2.5129850000026526	[-0.14076959  2.29423988 -0.11998045]
2.5129860000026527	[-0.1416904   2.29388269 -0.12082198]
2.512987000002653	[-0.14261061  2.29352491 -0.12166295]
2.512988000002653	[-0.14353022  2.29316653 -0.12250338]
2.512989000002653	[-0.14444922  2.29280753 -0.12334324]
2.5129900000026533	[-0.14536759  2.29244788 -0.12418254]
2.5129910000026534	[-0.14628534  2.29208758 -0.12502126]
2.5129920000026535	[-0.14720245  2.29172659 -0.12585941]
2.5129930000026537	[-0.14811893  2.29136491 -0.12669697]
2.512994000002654	[-0.14903476  2.29100251 -0.12753394]
2.512995000002654	[-0.14994993  2.29063938 -0.12837032]
2.512996000002654	[-0.15086446  2.29027549 -0.12920609]
2.5129970000026542	[-0.15177831  2.28991083 -0.13004126]
2.5129980000026544	[-0.1526915   2.28954538 -0.13087582]
2.5129990000026545	[-0.15360401  2.28917912 -0.13170976]
2.5130000000026547	[-0.15451584  2.28881204 -0.13254308]
2.513001000002655	[-0.15542697  2.28844411 -0.13337576]
2.513002000002655	[-0.15633744  2.28807531 -0.13420783]
2.513003000002655	[-0.15724719  2.28770564 -0.13503924]
2.5130040000026552	[-0.15815624  2.28733508 -0.13587002]
2.5130050000026554	[-0.15906458  2.2869636  -0.13670015]
2.5130060000026555	[-0.15997194  2.2865912  -0.13752938]
2.5130070000026556	[-0.16087911  2.28621784 -0.13835844]
2.513008000002656	[-0.16178529  2.28584352 -0.13918659]
2.513009000002656	[-0.16269074  2.28546823 -0.14001408]
2.513010000002656	[-0.16359546  2.28509194 -0.14084089]
2.513011000002656	[-0.16449943  2.28471465 -0.14166703]
2.5130120000026563	[-0.16540266  2.28433633 -0.14249249]
2.5130130000026565	[-0.16630514  2.28395698 -0.14331726]
2.5130140000026566	[-0.16720687  2.28357657 -0.14414134]
2.5130150000026568	[-0.16810784  2.28319511 -0.14496473]
2.513016000002657	[-0.16900804  2.28281256 -0.14578742]
2.513017000002657	[-0.16990748  2.28242893 -0.1466094 ]
2.513018000002657	[-0.17080614  2.28204419 -0.14743068]
2.5130190000026573	[-0.17170402  2.28165835 -0.14825125]
2.5130200000026575	[-0.17260113  2.28127137 -0.14907111]
2.5130210000026576	[-0.17349745  2.28088326 -0.14989024]
2.5130220000026577	[-0.17439297  2.28049401 -0.15070865]
2.513023000002658	[-0.1752877   2.28010359 -0.15152634]
2.513024000002658	[-0.17618149  2.2797121  -0.15234316]
2.513025000002658	[-0.17707477  2.27931926 -0.15315951]
2.5130260000026583	[-0.17796709  2.27892532 -0.153975  ]
2.5130270000026584	[-0.17885861  2.27853019 -0.15478973]
2.5130280000026586	[-0.17974922  2.27813394 -0.15560365]
2.5130290000026587	[-0.18063918  2.27773633 -0.15641697]
2.513030000002659	[-0.18152823  2.27733758 -0.15722946]
2.513031000002659	[-0.18241646  2.27693761 -0.1580412 ]
2.513032000002659	[-0.18330386  2.27653642 -0.15885217]
2.5130330000026593	[-0.18419042  2.27613399 -0.15966238]
2.5130340000026594	[-0.18507614  2.27573034 -0.16047182]
2.5130350000026596	[-0.18596082  2.27532547 -0.16128031]
2.5130360000026597	[-0.18684505  2.27491931 -0.16208839]
2.51303700000266	[-0.18772823  2.27451192 -0.1628955 ]
2.51303800000266	[-0.18861056  2.27410329 -0.16370184]
2.51303900000266	[-0.18949203  2.27369341 -0.16450739]
2.5130400000026603	[-0.19037264  2.27328228 -0.16531215]
2.5130410000026604	[-0.19125238  2.2728699  -0.16611612]
2.5130420000026605	[-0.19213125  2.27245627 -0.16691929]
2.5130430000026607	[-0.19300925  2.27204138 -0.16772167]
2.513044000002661	[-0.19388637  2.27162525 -0.16852324]
2.513045000002661	[-0.19476261  2.27120786 -0.169324  ]
2.513046000002661	[-0.19563797  2.27078923 -0.17012396]
2.5130470000026612	[-0.19651244  2.27036935 -0.1709231 ]
2.5130480000026614	[-0.19738602  2.26994823 -0.17172143]
2.5130490000026615	[-0.19826421  2.26952741 -0.17252415]
2.5130500000026617	[-0.19913066  2.26910215 -0.17331578]
2.513051000002662	[-0.20000148  2.26867733 -0.17411158]
2.513052000002662	[-0.20087145  2.26825128 -0.1749066 ]
2.513053000002662	[-0.20174051  2.26782401 -0.1757008 ]
2.513054000002662	[-0.20260866  2.26739553 -0.17649415]
2.5130550000026624	[-0.20347588  2.26696584 -0.17728666]
2.5130560000026625	[-0.20434219  2.26653495 -0.17807833]
2.5130570000026626	[-0.20520757  2.26610286 -0.17886915]
2.5130580000026628	[-0.20607202  2.26566959 -0.17965912]
2.513059000002663	[-0.20693554  2.26523514 -0.18044823]
2.513060000002663	[-0.20779811  2.26479952 -0.18123649]
2.513061000002663	[-0.20865975  2.26436273 -0.18202387]
2.5130620000026633	[-0.20952044  2.2639248  -0.1828104 ]
2.5130630000026635	[-0.21038018  2.26348572 -0.18359606]
2.5130640000026636	[-0.21123897  2.26304551 -0.18438084]
2.5130650000026638	[-0.21209679  2.26260418 -0.18516474]
2.513066000002664	[-0.21295366  2.26216173 -0.18594777]
2.513067000002664	[-0.21380956  2.26171819 -0.18672991]
2.513068000002664	[-0.21466449  2.26127356 -0.18751116]
2.5130690000026643	[-0.21551845  2.26082786 -0.18829152]
2.5130700000026645	[-0.21637143  2.26038109 -0.18907098]
2.5130710000026646	[-0.21722343  2.25993327 -0.18984954]
2.5130720000026647	[-0.21807444  2.25948441 -0.1906272 ]
2.513073000002665	[-0.21892446  2.25903452 -0.19140395]
2.513074000002665	[-0.21977348  2.25858362 -0.19217979]
2.513075000002665	[-0.2206216   2.25813179 -0.1929548 ]
2.5130760000026653	[-0.22146853  2.25767885 -0.19372872]
2.5130770000026654	[-0.22231455  2.257225   -0.1945018 ]
2.5130780000026656	[-0.22315955  2.25677019 -0.19527396]
2.5130790000026657	[-0.22400355  2.25631445 -0.19604519]
2.513080000002666	[-0.22484651  2.25585777 -0.19681548]
2.513081000002666	[-0.22568845  2.25540018 -0.19758483]
2.513082000002666	[-0.22652937  2.2549417  -0.19835324]
2.5130830000026663	[-0.22736925  2.25448233 -0.1991207 ]
2.5130840000026664	[-0.22820809  2.2540221  -0.19988721]
2.5130850000026665	[-0.2290459   2.25356101 -0.20065277]
2.5130860000026667	[-0.22988266  2.25309909 -0.20141737]
2.513087000002667	[-0.23071837  2.25263635 -0.20218101]
2.513088000002667	[-0.23155302  2.25217279 -0.20294369]
2.513089000002667	[-0.23238662  2.25170846 -0.20370539]
2.5130900000026672	[-0.23321915  2.25124335 -0.20446612]
2.5130910000026674	[-0.23405062  2.25077748 -0.20522587]
2.5130920000026675	[-0.23488101  2.25031087 -0.20598464]
2.5130930000026677	[-0.23571033  2.24984352 -0.20674243]
2.513094000002668	[-0.23654058  2.24937312 -0.20750096]
2.513095000002668	[-0.23736565  2.24890663 -0.20825495]
2.513096000002668	[-0.23819171  2.24843725 -0.20900975]
2.5130970000026682	[-0.2390167   2.24796715 -0.20976356]
2.5130980000026684	[-0.23984058  2.2474964  -0.21051636]
2.5130990000026685	[-0.24066337  2.24702501 -0.21126816]
2.5131000000026686	[-0.24148505  2.24655301 -0.21201895]
2.513101000002669	[-0.24230563  2.2460804  -0.21276872]
2.513102000002669	[-0.24312508  2.2456072  -0.21351747]
2.513103000002669	[-0.24394344  2.24513342 -0.21426521]
2.513104000002669	[-0.24476067  2.2446591  -0.21501191]
2.5131050000026693	[-0.24557667  2.24418415 -0.21575749]
2.5131060000026695	[-0.24639176  2.24370878 -0.21650224]
2.5131070000026696	[-0.24720562  2.24323284 -0.21724585]
2.5131080000026698	[-0.24801833  2.24275639 -0.21798842]
2.51310900000267	[-0.24882993  2.24227945 -0.21872996]
2.51311000000267	[-0.24964037  2.24180203 -0.21947044]
2.51311100000267	[-0.25044967  2.24132414 -0.22020988]
2.5131120000026703	[-0.25125783  2.2408458  -0.22094828]
2.5131130000026705	[-0.25206484  2.24036701 -0.22168561]
2.5131140000026706	[-0.2528707   2.23988779 -0.2224219 ]
2.5131150000026707	[-0.2536754   2.23940815 -0.22315712]
2.513116000002671	[-0.25447894  2.23892811 -0.22389128]
2.513117000002671	[-0.25528133  2.23844766 -0.22462438]
2.513118000002671	[-0.25608255  2.23796683 -0.22535642]
2.5131190000026713	[-0.25688261  2.23748562 -0.22608739]
2.5131200000026714	[-0.25768149  2.23700404 -0.22681727]
2.5131210000026716	[-0.25847922  2.2365221  -0.22754611]
2.5131220000026717	[-0.25927577  2.23603981 -0.22827386]
2.513123000002672	[-0.26007114  2.23555719 -0.22900053]
2.513124000002672	[-0.26086534  2.23507423 -0.22972613]
2.513125000002672	[-0.26165836  2.23459094 -0.23045065]
2.5131260000026723	[-0.2624502   2.23410734 -0.23117409]
2.5131270000026724	[-0.26324086  2.23362343 -0.23189645]
2.5131280000026726	[-0.26403034  2.23313921 -0.23261772]
2.5131290000026727	[-0.26481864  2.23265469 -0.23333791]
2.513130000002673	[-0.26560576  2.23216989 -0.23405702]
2.513131000002673	[-0.26639168  2.2316848  -0.23477503]
2.513132000002673	[-0.26717643  2.23119942 -0.23549197]
2.5131330000026733	[-0.26795998  2.23071376 -0.23620781]
2.5131340000026734	[-0.26874235  2.23022783 -0.23692257]
2.5131350000026735	[-0.26952354  2.22974163 -0.23763624]
2.5131360000026737	[-0.27030353  2.22925517 -0.23834882]
2.513137000002674	[-0.27108234  2.22876843 -0.23906031]
2.513138000002674	[-0.27185996  2.22828144 -0.23977072]
2.513139000002674	[-0.2726364   2.22779418 -0.24048004]
2.5131400000026742	[-0.27341165  2.22730666 -0.24118827]
2.5131410000026744	[-0.27418571  2.22681889 -0.24189541]
2.5131420000026745	[-0.27495859  2.22633085 -0.24260147]
2.5131430000026747	[-0.27573029  2.22584256 -0.24330645]
2.513144000002675	[-0.2765008   2.225354   -0.24401034]
2.513145000002675	[-0.27727013  2.22486518 -0.24471314]
2.513146000002675	[-0.27803828  2.2243761  -0.24541487]
2.513147000002675	[-0.27880526  2.22388676 -0.24611552]
2.5131480000026754	[-0.27957106  2.22339714 -0.24681509]
2.5131490000026755	[-0.28033568  2.22290726 -0.24751358]
2.5131500000026756	[-0.28109914  2.2224171  -0.248211  ]
2.5131510000026758	[-0.28186142  2.22192667 -0.24890735]
2.513152000002676	[-0.28262254  2.22143595 -0.24960263]
2.513153000002676	[-0.28338249  2.22094495 -0.25029684]
2.513154000002676	[-0.28414128  2.22045366 -0.25098999]
2.5131550000026763	[-0.28489892  2.21996207 -0.25168207]
2.5131560000026765	[-0.28565539  2.21947018 -0.2523731 ]
2.5131570000026766	[-0.28641072  2.21897798 -0.25306307]
2.5131580000026768	[-0.2871649   2.21848547 -0.25375199]
2.513159000002677	[-0.28791794  2.21799264 -0.25443986]
2.513160000002677	[-0.28866983  2.21749946 -0.25512668]
2.513161000002677	[-0.28942059  2.21700596 -0.25581247]
2.5131620000026773	[-0.29017021  2.21651211 -0.25649721]
2.5131630000026774	[-0.29091871  2.21601792 -0.25718092]
2.5131640000026776	[-0.29166609  2.21552335 -0.2578636 ]
2.5131650000026777	[-0.29241234  2.21502842 -0.25854526]
2.513166000002678	[-0.29315748  2.21453311 -0.25922589]
2.513167000002678	[-0.29390153  2.21403743 -0.25990552]
2.513168000002678	[-0.29464445  2.21354131 -0.26058412]
2.5131690000026783	[-0.29538628  2.2130448  -0.26126172]
2.5131700000026784	[-0.29612702  2.21254786 -0.26193832]
2.5131710000026786	[-0.29686667  2.2120505  -0.26261392]
2.5131720000026787	[-0.29760524  2.2115527  -0.26328853]
2.513173000002679	[-0.29834274  2.21105445 -0.26396215]
2.513174000002679	[-0.29907916  2.21055573 -0.26463479]
2.513175000002679	[-0.29981453  2.21005653 -0.26530646]
2.5131760000026793	[-0.30054883  2.20955685 -0.26597715]
2.5131770000026794	[-0.30128208  2.20905667 -0.26664689]
2.5131780000026795	[-0.30201429  2.20855598 -0.26731566]
2.5131790000026797	[-0.30274542  2.2080549  -0.26798344]
2.51318000000268	[-0.30347554  2.20755288 -0.26865031]
2.51318100000268	[-0.30420471  2.20705073 -0.26931629]
2.51318200000268	[-0.3049328   2.20654787 -0.26998129]
2.5131830000026802	[-0.30565987  2.20604455 -0.27064535]
2.5131840000026804	[-0.30638597  2.20554042 -0.27130852]
2.5131850000026805	[-0.30711105  2.20503581 -0.27197076]
2.5131860000026807	[-0.30783514  2.20453058 -0.27263209]
2.513187000002681	[-0.30855825  2.20402473 -0.27329252]
2.513188000002681	[-0.30928038  2.20351825 -0.27395205]
2.513189000002681	[-0.31000155  2.20301111 -0.27461069]
2.5131900000026812	[-0.31072175  2.20250331 -0.27526845]
2.5131910000026814	[-0.31144101  2.20199484 -0.27592534]
2.5131920000026815	[-0.31215931  2.20148568 -0.27658136]
2.5131930000026816	[-0.31287668  2.20097582 -0.27723652]
2.513194000002682	[-0.31359312  2.20046526 -0.27789082]
2.513195000002682	[-0.31430862  2.19995394 -0.27854427]
2.513196000002682	[-0.31502322  2.1994419  -0.27919689]
2.513197000002682	[-0.3157369   2.19892911 -0.27984867]
2.5131980000026823	[-0.31644969  2.19841555 -0.28049962]
2.5131990000026825	[-0.31716158  2.19790122 -0.28114975]
2.5132000000026826	[-0.31787256  2.19738611 -0.28179905]
2.5132010000026828	[-0.31858272  2.19687019 -0.28244758]
2.513202000002683	[-0.31929197  2.19635345 -0.28309529]
2.513203000002683	[-0.32000037  2.19583591 -0.28374221]
2.513204000002683	[-0.3207079   2.19531752 -0.28438834]
2.5132050000026833	[-0.32141459  2.19479829 -0.2850337 ]
2.5132060000026835	[-0.32212044  2.19427821 -0.28567827]
2.5132070000026836	[-0.32282545  2.19375725 -0.28632209]
2.5132080000026837	[-0.32352964  2.19323543 -0.28696514]
2.513209000002684	[-0.324233    2.19271271 -0.28760744]
2.513210000002684	[-0.32493556  2.19218909 -0.28824899]
2.513211000002684	[-0.3256373   2.19166458 -0.2888898 ]
2.5132120000026843	[-0.32633826  2.19113915 -0.28952989]
2.5132130000026844	[-0.3270384   2.19061279 -0.29016922]
2.5132140000026846	[-0.32773778  2.19008549 -0.29080785]
2.5132150000026847	[-0.32843636  2.18955727 -0.29144576]
2.513216000002685	[-0.32913418  2.18902809 -0.29208296]
2.513217000002685	[-0.32983123  2.18849795 -0.29271945]
2.513218000002685	[-0.33052752  2.18796684 -0.29335524]
2.5132190000026853	[-0.33122306  2.18743477 -0.29399034]
2.5132200000026854	[-0.33191788  2.18690173 -0.29462478]
2.5132210000026856	[-0.33261189  2.18636768 -0.29525848]
2.5132220000026857	[-0.3333052   2.18583265 -0.29589153]
2.513223000002686	[-0.33399778  2.18529663 -0.29652391]
2.513224000002686	[-0.33468963  2.18475961 -0.29715562]
2.513225000002686	[-0.33538077  2.18422158 -0.29778666]
2.5132260000026863	[-0.33607118  2.18368254 -0.29841705]
2.5132270000026864	[-0.33676089  2.18314252 -0.29904679]
2.5132280000026865	[-0.33744988  2.18260143 -0.29967586]
2.5132290000026867	[-0.33813818  2.18205934 -0.30030429]
2.513230000002687	[-0.33882577  2.18151623 -0.30093208]
2.513231000002687	[-0.33951268  2.1809721  -0.30155924]
2.513232000002687	[-0.34019889  2.18042694 -0.30218575]
2.5132330000026872	[-0.34088442  2.17988075 -0.30281164]
2.5132340000026874	[-0.34156926  2.17933353 -0.30343689]
2.5132350000026875	[-0.34225344  2.17878529 -0.30406152]
2.5132360000026877	[-0.34293692  2.17823601 -0.30468552]
2.513237000002688	[-0.34361973  2.17768571 -0.3053089 ]
2.513238000002688	[-0.34430187  2.17713438 -0.30593166]
2.513239000002688	[-0.34498335  2.17658202 -0.30655381]
2.513240000002688	[-0.34566415  2.17602864 -0.30717534]
2.5132410000026884	[-0.34634429  2.17547422 -0.30779625]
2.5132420000026885	[-0.34702377  2.17491881 -0.30841656]
2.5132430000026886	[-0.34770266  2.1743624  -0.30903632]
2.5132440000026888	[-0.34838074  2.17380491 -0.30965534]
2.513245000002689	[-0.34905823  2.17324645 -0.31027381]
2.513246000002689	[-0.34973507  2.17268698 -0.31089168]
2.513247000002689	[-0.35041125  2.17212651 -0.31150894]
2.5132480000026893	[-0.35108676  2.17156504 -0.31212559]
2.5132490000026895	[-0.35176162  2.17100259 -0.31274163]
2.5132500000026896	[-0.35243582  2.17043915 -0.31335706]
2.5132510000026898	[-0.35310936  2.16987473 -0.31397188]
2.51325200000269	[-0.35378223  2.16930935 -0.31458609]
2.51325300000269	[-0.35445446  2.16874302 -0.31519971]
2.51325400000269	[-0.355126    2.16817569 -0.31581269]
2.5132550000026903	[-0.35579689  2.16760744 -0.31642506]
2.5132560000026904	[-0.35646711  2.16703825 -0.31703682]
2.5132570000026906	[-0.35713666  2.16646813 -0.31764796]
2.5132580000026907	[-0.35780057  2.16589895 -0.31825389]
2.513259000002691	[-0.35847368  2.16532528 -0.31886832]
2.513260000002691	[-0.35914124  2.16475238 -0.31947762]
2.513261000002691	[-0.35980809  2.16417863 -0.32008627]
2.5132620000026913	[-0.36047425  2.163604   -0.32069428]
2.5132630000026914	[-0.36113973  2.1630285  -0.32130166]
2.5132640000026916	[-0.36180452  2.16245214 -0.3219084 ]
2.5132650000026917	[-0.36246862  2.16187493 -0.3225145 ]
2.513266000002692	[-0.36313201  2.16129688 -0.32311996]
2.513267000002692	[-0.3637947   2.16071801 -0.32372476]
2.513268000002692	[-0.36445669  2.16013833 -0.32432892]
2.5132690000026923	[-0.36511795  2.15955784 -0.3249324 ]
2.5132700000026924	[-0.36577851  2.15897656 -0.32553523]
2.5132710000026925	[-0.36643833  2.15839452 -0.32613739]
2.5132720000026927	[-0.36709743  2.15781171 -0.32673888]
2.513273000002693	[-0.36775583  2.15722815 -0.32733971]
2.513274000002693	[-0.36841341  2.15664386 -0.3279398 ]
2.513275000002693	[-0.3690703   2.15605885 -0.32853924]
2.5132760000026932	[-0.3697264   2.15547312 -0.32913796]
2.5132770000026934	[-0.37038175  2.15488671 -0.32973599]
2.5132780000026935	[-0.37103634  2.15429962 -0.33033331]
2.5132790000026937	[-0.37169016  2.15371187 -0.33092991]
2.513280000002694	[-0.37234318  2.15312346 -0.33152579]
2.513281000002694	[-0.37299542  2.15253442 -0.33212094]
2.513282000002694	[-0.37364686  2.15194476 -0.33271535]
2.5132830000026942	[-0.3742975   2.15135451 -0.33330902]
2.5132840000026944	[-0.37494732  2.15076364 -0.33390194]
2.5132850000026945	[-0.37559632  2.15017221 -0.3344941 ]
2.5132860000026946	[-0.37624449  2.14958022 -0.33508549]
2.513287000002695	[-0.37689183  2.14898768 -0.33567612]
2.513288000002695	[-0.3775383   2.14839461 -0.33626595]
2.513289000002695	[-0.37818394  2.14780103 -0.336855  ]
2.513290000002695	[-0.37882871  2.14720695 -0.33744325]
2.5132910000026953	[-0.3794726   2.14661238 -0.3380307 ]
2.5132920000026955	[-0.38011561  2.14601734 -0.33861733]
2.5132930000026956	[-0.38075773  2.14542184 -0.33920314]
2.5132940000026958	[-0.38139895  2.14482591 -0.33978811]
2.513295000002696	[-0.38203926  2.14422955 -0.34037225]
2.513296000002696	[-0.38267865  2.14363277 -0.34095554]
2.513297000002696	[-0.38331711  2.14303561 -0.34153797]
2.5132980000026963	[-0.38395463  2.14243806 -0.34211954]
2.5132990000026965	[-0.38459121  2.14184014 -0.34270023]
2.5133000000026966	[-0.38522682  2.14124187 -0.34328004]
2.5133010000026967	[-0.38586148  2.14064326 -0.34385896]
2.513302000002697	[-0.38650817  2.1400437  -0.34444926]
2.513303000002697	[-0.38712859  2.13944466 -0.34501478]
2.513304000002697	[-0.38776004  2.13884509 -0.34559074]
2.5133050000026973	[-0.38839073  2.13824525 -0.34616601]
2.5133060000026974	[-0.3890204   2.13764513 -0.34674034]
2.5133070000026976	[-0.38964905  2.13704476 -0.34731372]
2.5133080000026977	[-0.39027666  2.13644414 -0.34788614]
2.513309000002698	[-0.39090323  2.13584329 -0.34845761]
2.513310000002698	[-0.39152872  2.1352422  -0.34902808]
2.513311000002698	[-0.39215317  2.13464093 -0.34959759]
2.5133120000026983	[-0.39277656  2.13403947 -0.35016613]
2.5133130000026984	[-0.39339885  2.13343781 -0.35073365]
2.5133140000026986	[-0.39402005  2.13283597 -0.35130016]
2.5133150000026987	[-0.39464014  2.13223398 -0.35186566]
2.513316000002699	[-0.39525912  2.13163183 -0.35243013]
2.513317000002699	[-0.39587698  2.13102955 -0.35299356]
2.513318000002699	[-0.39649368  2.13042712 -0.35355594]
2.5133190000026993	[-0.3971093   2.12982459 -0.35411731]
2.5133200000026994	[-0.39772374  2.12922195 -0.3546776 ]
2.5133210000026995	[-0.39833702  2.12861919 -0.35523681]
2.5133220000026997	[-0.39894912  2.12801638 -0.35579495]
2.5133230000027	[-0.39956007  2.12741341 -0.35635202]
2.5133240000027	[-0.40016983  2.1268104  -0.356908  ]
2.5133250000027	[-0.4007784   2.12620732 -0.35746287]
2.5133260000027002	[-0.40138575  2.12560419 -0.35801663]
2.5133270000027004	[-0.40199471  2.12499724 -0.35857184]
2.5133280000027005	[-0.40259669  2.12439765 -0.35912068]
2.5133290000027007	[-0.40320039  2.12379437 -0.35967107]
2.513330000002701	[-0.40380287  2.12319106 -0.36022035]
2.513331000002701	[-0.40440411  2.12258771 -0.36076848]
2.513332000002701	[-0.40500411  2.12198434 -0.36131546]
2.513333000002701	[-0.40560285  2.12138095 -0.36186129]
2.5133340000027014	[-0.40620033  2.12077754 -0.36240596]
2.5133350000027015	[-0.40679655  2.12017412 -0.36294947]
2.5133360000027016	[-0.4073915   2.11957069 -0.3634918 ]
2.5133370000027018	[-0.40798514  2.11896726 -0.36403294]
2.513338000002702	[-0.40857752  2.11836382 -0.36457291]
2.513339000002702	[-0.4091686   2.11776038 -0.36511169]
2.513340000002702	[-0.40975839  2.11715695 -0.36564927]
2.5133410000027023	[-0.41034687  2.11655352 -0.36618565]
2.5133420000027025	[-0.41093404  2.11595009 -0.36672083]
2.5133430000027026	[-0.4115199   2.11534667 -0.3672548 ]
2.5133440000027027	[-0.41210444  2.11474326 -0.36778756]
2.513345000002703	[-0.41268766  2.11413986 -0.3683191 ]
2.513346000002703	[-0.41326955  2.11353647 -0.36884942]
2.513347000002703	[-0.41385011  2.11293308 -0.36937851]
2.5133480000027033	[-0.41442934  2.11232969 -0.36990637]
2.5133490000027034	[-0.41500058  2.11173167 -0.37042676]
2.5133500000027036	[-0.41558382  2.11112317 -0.37095846]
2.5133510000027037	[-0.41615902  2.1105198  -0.37148262]
2.513352000002704	[-0.41673284  2.1099164  -0.37200551]
2.513353000002704	[-0.41730535  2.10931302 -0.37252719]
2.513354000002704	[-0.4178765   2.10870963 -0.37304763]
2.5133550000027043	[-0.41844632  2.10810622 -0.37356683]
2.5133560000027044	[-0.41901475  2.10750281 -0.37408476]
2.5133570000027046	[-0.41958184  2.10689938 -0.37460146]
2.5133580000027047	[-0.42014756  2.10629594 -0.3751169 ]
2.513359000002705	[-0.42071197  2.10569243 -0.37563112]
2.513360000002705	[-0.42127495  2.10508895 -0.37614405]
2.513361000002705	[-0.42183661  2.10448541 -0.37665574]
2.5133620000027053	[-0.42239689  2.10388184 -0.37716618]
2.5133630000027054	[-0.42295584  2.10327821 -0.37767537]
2.5133640000027055	[-0.42351341  2.10267453 -0.37818331]
2.5133650000027057	[-0.42406964  2.10207079 -0.37869002]
2.513366000002706	[-0.42462449  2.101467   -0.37919545]
2.513367000002706	[-0.42517799  2.10086313 -0.37969964]
2.513368000002706	[-0.42573015  2.10025919 -0.3802026 ]
2.5133690000027062	[-0.42628093  2.09965516 -0.38070429]
2.5133700000027064	[-0.42683037  2.09905104 -0.38120474]
2.5133710000027065	[-0.42737845  2.09844684 -0.38170395]
2.5133720000027067	[-0.4279252   2.09784253 -0.38220193]
2.513373000002707	[-0.42847061  2.09723808 -0.38269868]
2.513374000002707	[-0.42901467  2.09663353 -0.38319418]
2.513375000002707	[-0.42955739  2.09602885 -0.38368846]
2.5133760000027072	[-0.43009878  2.09542403 -0.3841815 ]
2.5133770000027074	[-0.43063884  2.09481907 -0.38467333]
2.5133780000027075	[-0.43117757  2.09421396 -0.38516393]
2.5133790000027076	[-0.43171497  2.09360869 -0.38565331]
2.513380000002708	[-0.43225106  2.09300325 -0.38614148]
2.513381000002708	[-0.43278583  2.09239764 -0.38662844]
2.513382000002708	[-0.4333193   2.09179184 -0.38711419]
2.513383000002708	[-0.43385147  2.09118586 -0.38759875]
2.5133840000027083	[-0.43438232  2.09057965 -0.3880821 ]
2.5133850000027085	[-0.43491188  2.08997324 -0.38856426]
2.5133860000027086	[-0.43544015  2.08936661 -0.38904524]
2.5133870000027088	[-0.43596714  2.08875976 -0.38952503]
2.513388000002709	[-0.43649285  2.08815266 -0.39000365]
2.513389000002709	[-0.43701724  2.08754538 -0.39048106]
2.513390000002709	[-0.43754047  2.08693774 -0.39095739]
2.5133910000027093	[-0.43806238  2.08632989 -0.39143251]
2.5133920000027095	[-0.43858304  2.08572177 -0.39190648]
2.5133930000027096	[-0.43910245  2.08511337 -0.3923793 ]
2.5133940000027097	[-0.43962063  2.08450468 -0.39285098]
2.51339500000271	[-0.44013757  2.0838957  -0.39332153]
2.51339600000271	[-0.44065328  2.08328642 -0.39379094]
2.51339700000271	[-0.44116779  2.08267684 -0.39425925]
2.5133980000027103	[-0.44168099  2.08206699 -0.39472635]
2.5133990000027104	[-0.44219313  2.08145668 -0.39519248]
2.5134000000027106	[-0.4426924   2.08084845 -0.39564677]
2.5134010000027107	[-0.44321363  2.0802355  -0.39612124]
2.513402000002711	[-0.44372208  2.07962425 -0.39658397]
2.513403000002711	[-0.44422939  2.07901266 -0.39704565]
2.513404000002711	[-0.44473556  2.07840067 -0.39750628]
2.5134050000027113	[-0.44524056  2.07778834 -0.39796583]
2.5134060000027114	[-0.4457444   2.07717562 -0.39842431]
2.5134070000027116	[-0.4462471   2.07656253 -0.39888174]
2.5134080000027117	[-0.44674866  2.07594905 -0.39933813]
2.513409000002712	[-0.44724909  2.07533518 -0.39979347]
2.513410000002712	[-0.4477484   2.07472092 -0.40024777]
2.513411000002712	[-0.4482466   2.07410625 -0.40070106]
2.5134120000027123	[-0.44874368  2.07349117 -0.40115332]
2.5134130000027124	[-0.44923967  2.07287569 -0.40160457]
2.5134140000027125	[-0.44973457  2.07225978 -0.40205481]
2.5134150000027127	[-0.4502284   2.07164351 -0.40250407]
2.513416000002713	[-0.45072113  2.07102671 -0.40295231]
2.513417000002713	[-0.4512128   2.07040954 -0.40339958]
2.513418000002713	[-0.45170341  2.06979193 -0.40384587]
2.5134190000027132	[-0.45219297  2.0691739  -0.40429119]
2.5134200000027134	[-0.45268148  2.06855542 -0.40473555]
2.5134210000027135	[-0.45316895  2.06793651 -0.40517895]
2.5134220000027137	[-0.4536554   2.06731715 -0.4056214 ]
2.513423000002714	[-0.45414081  2.06669736 -0.40606291]
2.513424000002714	[-0.45462522  2.06607712 -0.40650348]
2.513425000002714	[-0.4551086   2.06545645 -0.4069431 ]
2.513426000002714	[-0.455591    2.06483531 -0.40738183]
2.5134270000027144	[-0.45607239  2.06421374 -0.40781962]
2.5134280000027145	[-0.4565528   2.06359172 -0.40825651]
2.5134290000027146	[-0.45703222  2.06296926 -0.40869248]
2.5134300000027148	[-0.45751066  2.06234635 -0.40912755]
2.513431000002715	[-0.45798814  2.061723   -0.40956173]
2.513432000002715	[-0.45846463  2.06109924 -0.40999501]
2.513433000002715	[-0.45894021  2.06047498 -0.41042743]
2.5134340000027153	[-0.45941481  2.05985034 -0.41085896]
2.5134350000027155	[-0.45988846  2.05922521 -0.41128962]
2.5134360000027156	[-0.46036118  2.05859968 -0.4117194 ]
2.5134370000027157	[-0.46083296  2.05797372 -0.41214833]
2.513438000002716	[-0.4613038   2.05734733 -0.41257639]
2.513439000002716	[-0.46177373  2.05672052 -0.41300361]
2.513440000002716	[-0.46224275  2.0560933  -0.41342999]
2.5134410000027163	[-0.46271082  2.05546564 -0.41385549]
2.5134420000027164	[-0.46317799  2.0548376  -0.41428016]
2.5134430000027166	[-0.46364426  2.05420914 -0.414704  ]
2.5134440000027167	[-0.46410961  2.05358031 -0.41512699]
2.513445000002717	[-0.46457409  2.05295106 -0.41554917]
2.513446000002717	[-0.46503765  2.05232143 -0.41597051]
2.513447000002717	[-0.4655004   2.05169147 -0.41639111]
2.5134480000027173	[-0.46596211  2.05106105 -0.41681074]
2.5134490000027174	[-0.46642301  2.05043031 -0.41722962]
2.5134500000027176	[-0.46688303  2.04979921 -0.41764769]
2.5134510000027177	[-0.46734216  2.04916776 -0.41806494]
2.513452000002718	[-0.46780042  2.04853597 -0.41848138]
2.513453000002718	[-0.46825779  2.04790385 -0.418897  ]
2.513454000002718	[-0.4687143   2.0472714  -0.41931183]
2.5134550000027183	[-0.46916992  2.04663865 -0.41972584]
2.5134560000027184	[-0.46962467  2.04600558 -0.42013905]
2.5134570000027185	[-0.47007857  2.04537222 -0.42055146]
2.5134580000027187	[-0.47053157  2.04473857 -0.42096305]
2.513459000002719	[-0.47098372  2.04410464 -0.42137385]
2.513460000002719	[-0.47143498  2.04347045 -0.42178383]
2.513461000002719	[-0.47188539  2.042836   -0.42219302]
2.5134620000027192	[-0.47233492  2.04220131 -0.42260141]
2.5134630000027194	[-0.47278358  2.04156638 -0.42300899]
2.5134640000027195	[-0.47323138  2.04093123 -0.42341577]
2.5134650000027197	[-0.4736783   2.04029587 -0.42382174]
2.51346600000272	[-0.47412435  2.03966028 -0.42422692]
2.51346700000272	[-0.47456952  2.03902454 -0.42463127]
2.51346800000272	[-0.47501382  2.03838862 -0.42503483]
2.51346900000272	[-0.47545725  2.03775253 -0.42543757]
2.5134700000027204	[-0.4758998   2.03711628 -0.42583951]
2.5134710000027205	[-0.47634146  2.0364799  -0.42624062]
2.5134720000027206	[-0.47678224  2.03584338 -0.42664093]
2.513473000002721	[-0.47722213  2.03520675 -0.42704041]
2.513474000002721	[-0.47766114  2.03457002 -0.42743908]
2.513475000002721	[-0.47809925  2.03393321 -0.42783692]
2.513476000002721	[-0.47853647  2.03329631 -0.42823394]
2.5134770000027213	[-0.47897278  2.03265935 -0.42863011]
2.5134780000027215	[-0.47940821  2.03202235 -0.42902548]
2.5134790000027216	[-0.47984272  2.0313853  -0.42942   ]
2.5134800000027218	[-0.48027633  2.03074824 -0.42981367]
2.513481000002722	[-0.48070902  2.03011116 -0.43020651]
2.513482000002722	[-0.48114079  2.02947409 -0.4305985 ]
2.513483000002722	[-0.48157161  2.02883712 -0.43098961]
2.5134840000027223	[-0.48200156  2.0282     -0.43137991]
2.5134850000027225	[-0.48243055  2.02756302 -0.43176933]
2.5134860000027226	[-0.48285857  2.0269261  -0.43215786]
2.5134870000027227	[-0.48328571  2.02628924 -0.43254558]
2.513488000002723	[-0.48371186  2.02565248 -0.43293238]
2.513489000002723	[-0.48413707  2.02501581 -0.43331831]
2.513490000002723	[-0.48456131  2.02437925 -0.43370335]
2.5134910000027233	[-0.48498459  2.02374281 -0.43408751]
2.5134920000027234	[-0.4854069   2.02310652 -0.43447076]
2.5134930000027236	[-0.48582823  2.02247037 -0.43485312]
2.5134940000027237	[-0.48624858  2.02183439 -0.43523457]
2.513495000002724	[-0.48666794  2.02119859 -0.43561511]
2.513496000002724	[-0.4870863   2.02056297 -0.43599473]
2.513497000002724	[-0.48750366  2.01992756 -0.43637342]
2.5134980000027243	[-0.48792     2.01929237 -0.43675118]
2.5134990000027244	[-0.48833535  2.0186574  -0.43712802]
2.5135000000027246	[-0.48874967  2.01802269 -0.43750391]
2.5135010000027247	[-0.48916295  2.01738821 -0.43787885]
2.513502000002725	[-0.4895752   2.01675401 -0.43825283]
2.513503000002725	[-0.48998637  2.01612009 -0.43862582]
2.513504000002725	[-0.49039656  2.01548644 -0.43899791]
2.5135050000027253	[-0.49080566  2.01485311 -0.43936899]
2.5135060000027254	[-0.49121369  2.01422009 -0.4397391 ]
2.5135070000027255	[-0.49162063  2.01358741 -0.44010818]
2.5135080000027257	[-0.49202655  2.01295503 -0.44047634]
2.513509000002726	[-0.49243136  2.01232302 -0.44084346]
2.513510000002726	[-0.49283507  2.01169137 -0.44120959]
2.513511000002726	[-0.49323769  2.01106009 -0.4415747 ]
2.5135120000027262	[-0.49363919  2.01042918 -0.44193879]
2.5135130000027264	[-0.49403959  2.00979866 -0.44230185]
2.5135140000027265	[-0.49443887  2.00916854 -0.44266389]
2.5135150000027267	[-0.49483702  2.00853883 -0.44302489]
2.513516000002727	[-0.49523404  2.00790954 -0.44338485]
2.513517000002727	[-0.49562992  2.00728068 -0.44374376]
2.513518000002727	[-0.49602466  2.00665226 -0.44410161]
2.513519000002727	[-0.49641824  2.00602429 -0.44445841]
2.5135200000027274	[-0.49681066  2.00539675 -0.44481413]
2.5135210000027275	[-0.49720191  2.0047697  -0.44516878]
2.5135220000027276	[-0.497592    2.0041431  -0.44552235]
2.5135230000027278	[-0.4979809   2.003517   -0.44587484]
2.513524000002728	[-0.49836863  2.00289137 -0.44622624]
2.513525000002728	[-0.49875515  2.00226624 -0.44657654]
2.513526000002728	[-0.49914049  2.00164161 -0.44692575]
2.5135270000027283	[-0.49952462  2.00101748 -0.44727385]
2.5135280000027285	[-0.49990755  2.00039385 -0.44762084]
2.5135290000027286	[-0.50028926  1.99977079 -0.4479667 ]
2.5135300000027287	[-0.50066975  1.99914823 -0.44831145]
2.513531000002729	[-0.50104902  1.9985262  -0.44865508]
2.513532000002729	[-0.50142706  1.9979047  -0.44899757]
2.513533000002729	[-0.50180396  1.99728363 -0.44933901]
2.5135340000027293	[-0.50217943  1.99666335 -0.44967914]
2.5135350000027294	[-0.50255375  1.9960435  -0.45001822]
2.5135360000027296	[-0.50292683  1.9954242  -0.45035615]
2.5135370000027297	[-0.50329865  1.99480547 -0.45069293]
2.51353800000273	[-0.50366922  1.9941873  -0.45102855]
2.51353900000273	[-0.50403853  1.9935697  -0.45136302]
2.51354000000273	[-0.50440657  1.99295268 -0.45169631]
2.5135410000027303	[-0.50477336  1.99233622 -0.45202846]
2.5135420000027304	[-0.50513887  1.99172035 -0.45235944]
2.5135430000027306	[-0.50550312  1.99110505 -0.45268925]
2.5135440000027307	[-0.50586608  1.99049034 -0.45301788]
2.513545000002731	[-0.50622777  1.98987619 -0.45334534]
2.513546000002731	[-0.50658817  1.98926266 -0.45367161]
2.513547000002731	[-0.5069473   1.98864971 -0.45399672]
2.5135480000027313	[-0.50730514  1.98803734 -0.45432064]
2.5135490000027314	[-0.5076617   1.98742557 -0.45464339]
2.5135500000027315	[-0.50801697  1.98681438 -0.45496495]
2.5135510000027317	[-0.50837095  1.98620379 -0.45528533]
2.513552000002732	[-0.50872366  1.98559388 -0.45560454]
2.513553000002732	[-0.50907506  1.98498439 -0.45592254]
2.513554000002732	[-0.50942518  1.98437557 -0.45623936]
2.5135550000027322	[-0.509774    1.98376735 -0.456555  ]
2.5135560000027324	[-0.51012154  1.98315973 -0.45686946]
2.5135570000027325	[-0.5104678   1.98255269 -0.45718273]
2.5135580000027327	[-0.51081276  1.98194624 -0.45749482]
2.513559000002733	[-0.51115644  1.98134039 -0.45780573]
2.513560000002733	[-0.51149883  1.98073512 -0.45811546]
2.513561000002733	[-0.51183993  1.98013045 -0.458424  ]
2.513562000002733	[-0.51217976  1.97952636 -0.45873138]
2.5135630000027334	[-0.5125183   1.97892285 -0.45903756]
2.5135640000027335	[-0.51285557  1.97831993 -0.45934258]
2.5135650000027336	[-0.51319155  1.9777176  -0.45964642]
2.513566000002734	[-0.51352627  1.97711583 -0.4599491 ]
2.513567000002734	[-0.51385972  1.97651465 -0.46025061]
2.513568000002734	[-0.51419189  1.97591402 -0.46055094]
2.513569000002734	[-0.51452281  1.97531401 -0.46085013]
2.5135700000027343	[-0.51485246  1.97471455 -0.46114816]
2.5135710000027345	[-0.51518087  1.97411565 -0.46144504]
2.5135720000027346	[-0.51550801  1.97351733 -0.46174075]
2.5135730000027348	[-0.51583391  1.97291956 -0.46203533]
2.513574000002735	[-0.51615856  1.97232236 -0.46232876]
2.513575000002735	[-0.51648198  1.97172572 -0.46262106]
2.513576000002735	[-0.51680417  1.97112963 -0.46291222]
2.5135770000027353	[-0.51712512  1.97053409 -0.46320226]
2.5135780000027355	[-0.51744486  1.9699391  -0.46349117]
2.5135790000027356	[-0.51776338  1.96934466 -0.46377897]
2.5135800000027357	[-0.51808069  1.96875076 -0.46406566]
2.513581000002736	[-0.51839679  1.96815741 -0.46435123]
2.513582000002736	[-0.5187117   1.96756459 -0.46463571]
2.513583000002736	[-0.51902541  1.9669723  -0.4649191 ]
2.5135840000027363	[-0.51933795  1.96638055 -0.46520139]
2.5135850000027364	[-0.5196493   1.96578932 -0.46548261]
2.5135860000027366	[-0.51995948  1.96519863 -0.46576275]
2.5135870000027367	[-0.5202685   1.96460845 -0.46604182]
2.513588000002737	[-0.52057637  1.96401879 -0.46631983]
2.513589000002737	[-0.52088309  1.96342965 -0.46659679]
2.513590000002737	[-0.52118866  1.96284102 -0.46687269]
2.5135910000027373	[-0.52149308  1.96225288 -0.46714754]
2.5135920000027374	[-0.52179642  1.9616653  -0.4674214 ]
2.5135930000027376	[-0.52209864  1.96107819 -0.46769422]
2.5135940000027377	[-0.52239972  1.96049159 -0.467966  ]
2.513595000002738	[-0.52269972  1.9599055  -0.46823678]
2.513596000002738	[-0.52299862  1.9593199  -0.46850656]
2.513597000002738	[-0.52329645  1.95873479 -0.46877535]
2.5135980000027383	[-0.5235932   1.95815018 -0.46904315]
2.5135990000027384	[-0.52388889  1.95756606 -0.46930997]
2.5136000000027385	[-0.52418352  1.95698242 -0.46957583]
2.5136010000027387	[-0.52447711  1.95639927 -0.46984073]
2.513602000002739	[-0.52476966  1.95581662 -0.47010466]
2.513603000002739	[-0.52506118  1.95523442 -0.47036766]
2.513604000002739	[-0.52535168  1.95465274 -0.47062972]
2.5136050000027392	[-0.52564118  1.95407152 -0.47089085]
2.5136060000027394	[-0.52592967  1.95349079 -0.47115107]
2.5136070000027395	[-0.52621718  1.95291053 -0.47141038]
2.5136080000027397	[-0.5265037   1.95233074 -0.47166878]
2.51360900000274	[-0.52678925  1.95175143 -0.47192629]
2.51361000000274	[-0.52707385  1.9511726  -0.47218292]
2.51361100000274	[-0.52735749  1.95059423 -0.47243868]
2.51361200000274	[-0.52764018  1.95001634 -0.47269356]
2.5136130000027403	[-0.52792195  1.94943893 -0.47294759]
2.5136140000027405	[-0.52820279  1.94886198 -0.47320077]
2.5136150000027406	[-0.52848271  1.94828551 -0.47345311]
2.5136160000027408	[-0.52876173  1.94770951 -0.47370462]
2.513617000002741	[-0.52903986  1.94713398 -0.47395531]
2.513618000002741	[-0.52931709  1.94655893 -0.47420518]
2.513619000002741	[-0.52959346  1.94598435 -0.47445424]
2.5136200000027413	[-0.52986895  1.94541024 -0.47470251]
2.5136210000027415	[-0.5301436   1.94483673 -0.47495   ]
2.5136220000027416	[-0.53041738  1.94426345 -0.47519669]
2.5136230000027417	[-0.53069032  1.94369077 -0.47544261]
2.513624000002742	[-0.53096243  1.94311858 -0.47568776]
2.513625000002742	[-0.53123373  1.94254685 -0.47593217]
2.513626000002742	[-0.5315042   1.9419756  -0.47617582]
2.5136270000027423	[-0.53177388  1.94140485 -0.47641873]
2.5136280000027424	[-0.53204275  1.94083458 -0.47666091]
2.5136290000027426	[-0.53231083  1.94026479 -0.47690237]
2.5136300000027427	[-0.53257814  1.9396955  -0.4771431 ]
2.513631000002743	[-0.53284467  1.9391267  -0.47738313]
2.513632000002743	[-0.53311043  1.93855839 -0.47762245]
2.513633000002743	[-0.53337545  1.93799058 -0.47786108]
2.5136340000027433	[-0.53363967  1.93742336 -0.47809898]
2.5136350000027434	[-0.53390322  1.93685647 -0.47833626]
2.5136360000027436	[-0.534166    1.93629017 -0.47857283]
2.5136370000027437	[-0.53442805  1.93572438 -0.47880874]
2.513638000002744	[-0.53468938  1.93515911 -0.47904398]
2.513639000002744	[-0.53495     1.93459435 -0.47927856]
2.513640000002744	[-0.53520991  1.93403012 -0.47951249]
2.5136410000027443	[-0.53546912  1.93346642 -0.47974578]
2.5136420000027444	[-0.53572763  1.93290324 -0.47997843]
2.5136430000027445	[-0.53598544  1.9323406  -0.48021043]
2.5136440000027447	[-0.53624259  1.93177849 -0.48044182]
2.513645000002745	[-0.53649904  1.93121692 -0.48067257]
2.513646000002745	[-0.53675483  1.93065591 -0.48090271]
2.513647000002745	[-0.53700996  1.93009546 -0.48113224]
2.5136480000027452	[-0.53726439  1.92953554 -0.48136114]
2.5136490000027454	[-0.53751818  1.92897619 -0.48158944]
2.5136500000027455	[-0.53777132  1.92841741 -0.48181714]
2.5136510000027457	[-0.53802381  1.9278592  -0.48204424]
2.513652000002746	[-0.53827564  1.92730158 -0.48227074]
2.513653000002746	[-0.53852684  1.92674453 -0.48249665]
2.513654000002746	[-0.53877739  1.92618807 -0.48272197]
2.513655000002746	[-0.5390273   1.92563221 -0.4829467 ]
2.5136560000027464	[-0.53927658  1.92507694 -0.48317085]
2.5136570000027465	[-0.53952523  1.92452228 -0.48339441]
2.5136580000027466	[-0.53977325  1.92396823 -0.4836174 ]
2.513659000002747	[-0.54002064  1.9234148  -0.48383981]
2.513660000002747	[-0.54026741  1.92286199 -0.48406164]
2.513661000002747	[-0.54051355  1.9223098  -0.4842829 ]
2.513662000002747	[-0.54075906  1.92175825 -0.48450358]
2.5136630000027473	[-0.54100396  1.92120734 -0.48472369]
2.5136640000027475	[-0.54124821  1.92065707 -0.48494321]
2.5136650000027476	[-0.54149188  1.92010746 -0.48516219]
2.5136660000027478	[-0.54173491  1.91955851 -0.48538058]
2.513667000002748	[-0.54197732  1.91901022 -0.48559841]
2.513668000002748	[-0.54221911  1.9184626  -0.48581566]
2.513669000002748	[-0.54246028  1.91791566 -0.48603233]
2.5136700000027483	[-0.54270085  1.91736988 -0.48624846]
2.5136710000027485	[-0.54294075  1.91682382 -0.48646397]
2.5136720000027486	[-0.54318005  1.91627893 -0.48667893]
2.5136730000027487	[-0.54341873  1.91573475 -0.48689331]
2.513674000002749	[-0.54365677  1.91519128 -0.48710712]
2.513675000002749	[-0.54389419  1.91464852 -0.48732034]
2.513676000002749	[-0.54413097  1.91410648 -0.48753298]
2.5136770000027493	[-0.54436711  1.91356516 -0.48774503]
2.5136780000027494	[-0.54460263  1.91302457 -0.48795651]
2.5136790000027496	[-0.54483752  1.9124847  -0.4881674 ]
2.5136800000027497	[-0.54507173  1.91194561 -0.48837768]
2.51368100000275	[-0.54530532  1.91140724 -0.48858737]
2.51368200000275	[-0.54553824  1.91086981 -0.48879646]
2.51368300000275	[-0.54577053  1.91033278 -0.48900497]
2.5136840000027503	[-0.54600216  1.9097967  -0.48921286]
2.5136850000027504	[-0.54623312  1.90926139 -0.48942014]
2.5136860000027506	[-0.54646342  1.90872685 -0.48962681]
2.5136870000027507	[-0.54669304  1.90819309 -0.48983286]
2.513688000002751	[-0.54692199  1.90766012 -0.49003829]
2.513689000002751	[-0.54715026  1.90712795 -0.4902431 ]
2.513690000002751	[-0.54737785  1.90659656 -0.49044727]
2.5136910000027513	[-0.54760474  1.90606599 -0.49065081]
2.5136920000027514	[-0.54783094  1.90553622 -0.49085371]
2.5136930000027515	[-0.54805644  1.90500726 -0.49105597]
2.5136940000027517	[-0.54828123  1.90447912 -0.49125757]
2.513695000002752	[-0.54850531  1.9039518  -0.49145852]
2.513696000002752	[-0.54872867  1.90342531 -0.49165881]
2.513697000002752	[-0.54895131  1.90289964 -0.49185843]
2.5136980000027522	[-0.54917321  1.90237482 -0.49205738]
2.5136990000027524	[-0.54939437  1.90185084 -0.49225564]
2.5137000000027525	[-0.5496148   1.90132769 -0.49245324]
2.5137010000027527	[-0.54983448  1.9008054  -0.49265013]
2.513702000002753	[-0.55005339  1.90028395 -0.49284633]
2.513703000002753	[-0.55028626  1.89975748 -0.49305523]
2.513704000002753	[-0.55048892  1.89924337 -0.4932366 ]
2.513705000002753	[-0.5507058   1.89872454 -0.49343092]
2.5137060000027533	[-0.55092163  1.89820655 -0.49362429]
2.5137070000027535	[-0.55113666  1.89768944 -0.49381691]
2.5137080000027536	[-0.55135091  1.89717319 -0.49400883]
2.5137090000027538	[-0.55156434  1.89665783 -0.49419998]
2.513710000002754	[-0.55177705  1.89614346 -0.49439048]
2.513711000002754	[-0.55198877  1.89562974 -0.49458006]
2.513712000002754	[-0.55219976  1.895117   -0.49476898]
2.5137130000027543	[-0.55240989  1.89460517 -0.4949571 ]
2.5137140000027545	[-0.55261921  1.89409422 -0.49514448]
2.5137150000027546	[-0.55282761  1.89358421 -0.49533102]
2.5137160000027547	[-0.55303518  1.89307505 -0.49551679]
2.513717000002755	[-0.55324191  1.89256682 -0.49570179]
2.513718000002755	[-0.55344778  1.89205947 -0.495886  ]
2.513719000002755	[-0.55365276  1.89155303 -0.4960694 ]
2.5137200000027553	[-0.55385687  1.89104748 -0.49625199]
2.5137210000027554	[-0.55406007  1.89054286 -0.49643374]
2.5137220000027556	[-0.55426238  1.89003914 -0.49661468]
2.5137230000027557	[-0.55446378  1.88953633 -0.49679479]
2.513724000002756	[-0.55466428  1.88903443 -0.49697406]
2.513725000002756	[-0.55486386  1.88853345 -0.49715249]
2.513726000002756	[-0.5550625   1.88803338 -0.49733007]
2.5137270000027563	[-0.55526023  1.88753423 -0.4975068 ]
2.5137280000027564	[-0.55545699  1.887036   -0.49768265]
2.5137290000027566	[-0.55565285  1.88653869 -0.49785766]
2.5137300000027567	[-0.55584773  1.8860423  -0.49803178]
2.513731000002757	[-0.55604168  1.88554682 -0.49820503]
2.513732000002757	[-0.55623465  1.88505228 -0.4983774 ]
2.513733000002757	[-0.55642665  1.88455865 -0.49854887]
2.5137340000027573	[-0.55661767  1.88406597 -0.49871945]
2.5137350000027574	[-0.55680773  1.88357418 -0.49888913]
2.5137360000027575	[-0.55698749  1.88309243 -0.4990494 ]
2.5137370000027577	[-0.55718442  1.88259366 -0.49922537]
2.513738000002758	[-0.55737149  1.88210467 -0.49939231]
2.513739000002758	[-0.55755757  1.88161663 -0.49955835]
2.513740000002758	[-0.55774263  1.88112951 -0.49972345]
2.5137410000027582	[-0.55792668  1.88064332 -0.49988763]
2.5137420000027584	[-0.55810973  1.88015806 -0.50005088]
2.5137430000027585	[-0.55829175  1.87967374 -0.50021319]
2.5137440000027587	[-0.55847274  1.87919032 -0.50037456]
2.513745000002759	[-0.55865273  1.87870788 -0.500535  ]
2.513746000002759	[-0.55883168  1.87822635 -0.5006945 ]
2.513747000002759	[-0.55900959  1.87774576 -0.50085304]
2.513748000002759	[-0.55918647  1.8772661  -0.50101063]
2.5137490000027594	[-0.55936231  1.87678737 -0.50116727]
2.5137500000027595	[-0.55953711  1.87630958 -0.50132296]
2.5137510000027596	[-0.55971087  1.87583273 -0.50147769]
2.51375200000276	[-0.55988358  1.87535681 -0.50163146]
2.51375300000276	[-0.56005525  1.87488185 -0.50178426]
2.51375400000276	[-0.56022586  1.87440782 -0.50193611]
2.51375500000276	[-0.56039543  1.8739347  -0.50208699]
2.5137560000027603	[-0.56056405  1.87346246 -0.50223701]
2.5137570000027605	[-0.5607314   1.87299131 -0.50238586]
2.5137580000027606	[-0.56089781  1.87252102 -0.50253384]
2.5137590000027608	[-0.56106321  1.87205158 -0.50268091]
2.513760000002761	[-0.56122745  1.87158329 -0.5028269 ]
2.513761000002761	[-0.56139069  1.87111585 -0.50297198]
2.513762000002761	[-0.56155289  1.87064933 -0.50311611]
2.5137630000027613	[-0.56171403  1.87018378 -0.50325925]
2.5137640000027615	[-0.56187411  1.86971917 -0.50340144]
2.5137650000027616	[-0.56203315  1.86925553 -0.50354266]
2.5137660000027617	[-0.56219113  1.86879281 -0.50368291]
2.513767000002762	[-0.56234806  1.86833105 -0.50382221]
2.513768000002762	[-0.56250395  1.86787025 -0.50396054]
2.513769000002762	[-0.56265879  1.86741041 -0.50409791]
2.5137700000027623	[-0.5628127   1.86695143 -0.50423444]
2.5137710000027624	[-0.56296535  1.86649359 -0.5043698 ]
2.5137720000027626	[-0.56311707  1.86603663 -0.50450431]
2.5137730000027627	[-0.56326776  1.86558062 -0.50463788]
2.513774000002763	[-0.56341742  1.86512561 -0.50477049]
2.513775000002763	[-0.56356606  1.86467152 -0.50490218]
2.513776000002763	[-0.56371367  1.86421843 -0.50503292]
2.5137770000027633	[-0.56386026  1.86376631 -0.50516273]
2.5137780000027634	[-0.56400583  1.86331518 -0.5052916 ]
2.5137790000027636	[-0.5641504   1.862865   -0.50541955]
2.5137800000027637	[-0.56429396  1.86241582 -0.50554658]
2.513781000002764	[-0.56443652  1.86196763 -0.50567269]
2.513782000002764	[-0.56457809  1.86152041 -0.50579789]
2.513783000002764	[-0.56471866  1.86107421 -0.50592218]
2.5137840000027643	[-0.56485826  1.860629   -0.50604557]
2.5137850000027644	[-0.56499688  1.86018478 -0.50616806]
2.5137860000027645	[-0.56513452  1.85974157 -0.50628966]
2.5137870000027647	[-0.5652712   1.85929936 -0.50641038]
2.513788000002765	[-0.56540693  1.85885817 -0.50653022]
2.513789000002765	[-0.5655417   1.858418   -0.50664918]
2.513790000002765	[-0.56567552  1.85797884 -0.50676728]
2.5137910000027652	[-0.56580842  1.85754069 -0.50688453]
2.5137920000027654	[-0.56594038  1.85710362 -0.50700091]
2.5137930000027655	[-0.56607141  1.85666755 -0.50711646]
2.5137940000027656	[-0.56620154  1.85623253 -0.50723116]
2.513795000002766	[-0.56633077  1.85579852 -0.50734505]
2.513796000002766	[-0.56645908  1.85536563 -0.50745809]
2.513797000002766	[-0.56658652  1.85493375 -0.50757032]
2.513798000002766	[-0.56671307  1.85450296 -0.50768175]
2.5137990000027663	[-0.56683874  1.85407322 -0.50779238]
2.5138000000027665	[-0.56696356  1.85364455 -0.50790221]
2.5138010000027666	[-0.56708752  1.85321696 -0.50801127]
2.5138020000027668	[-0.56721064  1.85279046 -0.50811954]
2.513803000002767	[-0.56733292  1.85236505 -0.50822705]
2.513804000002767	[-0.56745438  1.85194074 -0.50833381]
2.513805000002767	[-0.56757501  1.85151754 -0.50843981]
2.5138060000027673	[-0.56769484  1.85109545 -0.50854507]
2.5138070000027675	[-0.56781388  1.85067447 -0.5086496 ]
2.5138080000027676	[-0.56793212  1.85025462 -0.50875341]
2.5138090000027677	[-0.56804959  1.84983591 -0.50885651]
2.513810000002768	[-0.56816629  1.84941833 -0.5089589 ]
2.513811000002768	[-0.56828223  1.8490019  -0.5090606 ]
2.513812000002768	[-0.56839742  1.84858662 -0.50916161]
2.5138130000027683	[-0.56851188  1.84817251 -0.50926194]
2.5138140000027684	[-0.56862561  1.84775957 -0.50936161]
2.5138150000027686	[-0.56873863  1.8473478  -0.50946062]
2.5138160000027687	[-0.56885093  1.84693722 -0.50955899]
2.513817000002769	[-0.56896255  1.84652783 -0.50965671]
2.513818000002769	[-0.56907348  1.84611964 -0.50975381]
2.513819000002769	[-0.56918373  1.84571266 -0.50985029]
2.5138200000027693	[-0.56929332  1.8453069  -0.50994616]
2.5138210000027694	[-0.56940225  1.84490237 -0.51004143]
2.5138220000027696	[-0.56951054  1.84449907 -0.51013611]
2.5138230000027697	[-0.56961822  1.84409699 -0.51023022]
2.51382400000277	[-0.56972525  1.84369619 -0.51032375]
2.51382500000277	[-0.56983168  1.84329663 -0.51041672]
2.51382600000277	[-0.56993751  1.84289835 -0.51050914]
2.5138270000027703	[-0.57004274  1.84250132 -0.51060101]
2.5138280000027704	[-0.57014741  1.8421056  -0.51069237]
2.5138290000027705	[-0.57025151  1.84171117 -0.5107832 ]
2.5138300000027707	[-0.57035504  1.84131803 -0.51087352]
2.513831000002771	[-0.57045803  1.84092619 -0.51096333]
2.513832000002771	[-0.57056048  1.84053569 -0.51105265]
2.513833000002771	[-0.5706624   1.84014651 -0.51114149]
2.5138340000027712	[-0.57076381  1.83975866 -0.51122985]
2.5138350000027714	[-0.57086471  1.83937216 -0.51131775]
2.5138360000027715	[-0.57096511  1.838987   -0.51140519]
2.5138370000027717	[-0.57106516  1.83860308 -0.51149231]
2.513838000002772	[-0.57116448  1.83822078 -0.51157876]
2.513839000002772	[-0.57126344  1.83783971 -0.51166487]
2.513840000002772	[-0.57136196  1.83746007 -0.51175059]
2.513841000002772	[-0.57146011  1.8370817  -0.51183596]
2.5138420000027724	[-0.57155766  1.83670493 -0.51192079]
2.5138430000027725	[-0.57165486  1.83632948 -0.51200529]
2.5138440000027726	[-0.57175165  1.83595544 -0.51208942]
2.513845000002773	[-0.57184802  1.83558283 -0.51217316]
2.513846000002773	[-0.57194399  1.83521165 -0.51225654]
2.513847000002773	[-0.57203958  1.83484191 -0.51233956]
2.513848000002773	[-0.57213477  1.83447363 -0.51242223]
2.5138490000027733	[-0.5722296   1.8341068  -0.51250455]
2.5138500000027735	[-0.57232406  1.83374144 -0.51258654]
2.5138510000027736	[-0.57241816  1.83337755 -0.51266819]
2.5138520000027738	[-0.57251191  1.83301514 -0.51274953]
2.513853000002774	[-0.57260531  1.83265421 -0.51283055]
2.513854000002774	[-0.57269839  1.83229478 -0.51291127]
2.513855000002774	[-0.57279114  1.83193685 -0.51299169]
2.5138560000027743	[-0.57288357  1.83158043 -0.51307181]
2.5138570000027745	[-0.57297568  1.83122553 -0.51315165]
2.5138580000027746	[-0.5730675   1.83087214 -0.51323121]
2.5138590000027747	[-0.57315901  1.83052028 -0.51331049]
2.513860000002775	[-0.57325024  1.83016996 -0.51338951]
2.513861000002775	[-0.57334118  1.82982117 -0.51346827]
2.513862000002775	[-0.57343184  1.82947393 -0.51354677]
2.5138630000027753	[-0.57352223  1.82912825 -0.51362502]
2.5138640000027754	[-0.57361236  1.82878411 -0.51370303]
2.5138650000027756	[-0.57370222  1.82844154 -0.5137808 ]
2.5138660000027757	[-0.57379184  1.82810054 -0.51385834]
2.513867000002776	[-0.5738812   1.8277611  -0.51393565]
2.513868000002776	[-0.57397032  1.82742325 -0.51401273]
2.513869000002776	[-0.57405921  1.82708697 -0.5140896 ]
2.5138700000027763	[-0.57414786  1.82675227 -0.51416626]
2.5138710000027764	[-0.57423627  1.82641917 -0.51424269]
2.5138720000027766	[-0.57432447  1.82608767 -0.51431893]
2.5138730000027767	[-0.57441245  1.82575775 -0.51439497]
2.513874000002777	[-0.57450021  1.82542944 -0.5144708 ]
2.513875000002777	[-0.57458776  1.82510273 -0.51454644]
2.513876000002777	[-0.5746751   1.82477762 -0.51462189]
2.5138770000027773	[-0.57476224  1.82445413 -0.51469716]
2.5138780000027774	[-0.57484917  1.82413224 -0.51477223]
2.5138790000027775	[-0.57493591  1.82381197 -0.51484713]
2.5138800000027777	[-0.57502245  1.82349331 -0.51492184]
2.513881000002778	[-0.5751088   1.82317627 -0.51499638]
2.513882000002778	[-0.57519496  1.82286085 -0.51507074]
2.513883000002778	[-0.57528093  1.82254705 -0.51514493]
2.5138840000027782	[-0.57536671  1.82223487 -0.51521895]
2.5138850000027784	[-0.57545246  1.82192422 -0.51529294]
2.5138860000027785	[-0.57553772  1.82161538 -0.51536647]
2.5138870000027786	[-0.57562297  1.82130805 -0.51544   ]
2.513888000002779	[-0.57570801  1.82100237 -0.51551334]
2.513889000002779	[-0.5757929   1.82069831 -0.51558653]
2.513890000002779	[-0.5758776   1.82039586 -0.51565955]
2.513891000002779	[-0.57596212  1.82009506 -0.51573242]
2.5138920000027793	[-0.57604647  1.81979584 -0.51580511]
2.5138930000027795	[-0.57613064  1.81949826 -0.51587765]
2.5138940000027796	[-0.57621464  1.81920229 -0.51595003]
2.5138950000027798	[-0.57629846  1.81890795 -0.51602225]
2.51389600000278	[-0.57638211  1.81861522 -0.5160943 ]
2.51389700000278	[-0.57646559  1.8183241  -0.5161662 ]
2.51389800000278	[-0.57654888  1.81803459 -0.51623793]
2.5138990000027803	[-0.57663201  1.81774669 -0.5163095 ]
2.5139000000027805	[-0.57671495  1.8174604  -0.51638091]
2.5139010000027806	[-0.57679772  1.81717571 -0.51645216]
2.5139020000027807	[-0.5768803   1.81689262 -0.51652324]
2.513903000002781	[-0.5769627   1.81661111 -0.51659414]
2.513904000002781	[-0.57704494  1.81633124 -0.51666491]
2.513905000002781	[-0.57712698  1.81605291 -0.51673549]
2.5139060000027813	[-0.57720884  1.81577618 -0.5168059 ]
2.5139070000027814	[-0.57729052  1.81550104 -0.51687614]
2.5139080000027816	[-0.577372    1.81522747 -0.51694621]
2.5139090000027817	[-0.5774533   1.81495547 -0.51701611]
2.513910000002782	[-0.57753441  1.81468504 -0.51708583]
2.513911000002782	[-0.57761532  1.81441617 -0.51715537]
2.513912000002782	[-0.57769604  1.81414886 -0.51722473]
2.5139130000027823	[-0.57777655  1.81388311 -0.51729391]
2.5139140000027824	[-0.57785687  1.8136189  -0.5173629 ]
2.5139150000027826	[-0.57793766  1.81335569 -0.51743234]
2.5139160000027827	[-0.57801684  1.81309505 -0.51750029]
2.513917000002783	[-0.57809655  1.81283547 -0.51756872]
2.513918000002783	[-0.57817604  1.81257738 -0.51763696]
2.513919000002783	[-0.57825531  1.81232082 -0.51770499]
2.5139200000027833	[-0.57833437  1.81206577 -0.51777283]
2.5139210000027834	[-0.5784132   1.81181222 -0.51784047]
2.5139220000027835	[-0.57849182  1.81156017 -0.51790789]
2.5139230000027837	[-0.5785702   1.81130961 -0.51797512]
2.513924000002784	[-0.57864835  1.81106054 -0.51804213]
2.513925000002784	[-0.57872627  1.81081295 -0.51810892]
2.513926000002784	[-0.57880396  1.81056683 -0.5181755 ]
2.5139270000027842	[-0.5788814   1.81032216 -0.51824185]
2.5139280000027844	[-0.57895856  1.810079   -0.51830795]
2.5139290000027845	[-0.57903561  1.80983721 -0.51837395]
2.5139300000027847	[-0.57911227  1.80959688 -0.51843959]
2.513931000002785	[-0.57918872  1.80935803 -0.51850503]
2.513932000002785	[-0.57926491  1.80912059 -0.51857023]
2.513933000002785	[-0.57934086  1.80888456 -0.51863522]
2.513934000002785	[-0.57941646  1.80864995 -0.51869989]
2.5139350000027854	[-0.5794919   1.80841675 -0.51876441]
2.5139360000027855	[-0.57956702  1.80818495 -0.51882864]
2.5139370000027856	[-0.57964198  1.80795441 -0.51889271]
2.5139380000027858	[-0.57971644  1.8077255  -0.51895633]
2.513939000002786	[-0.57979072  1.80749785 -0.51901979]
2.513940000002786	[-0.57986472  1.80727157 -0.51908299]
2.513941000002786	[-0.57994366  1.80704475 -0.51915055]
2.5139420000027863	[-0.58001216  1.80682295 -0.51920887]
2.5139430000027865	[-0.58008525  1.80660075 -0.51927124]
2.5139440000027866	[-0.58015807  1.80637986 -0.51933335]
2.5139450000027868	[-0.58023077  1.80616022 -0.51939536]
2.513946000002787	[-0.58030278  1.80594207 -0.51945674]
2.513947000002787	[-0.58037468  1.80572516 -0.51951801]
2.513948000002787	[-0.58044626  1.80550956 -0.51957899]
2.5139490000027873	[-0.58051752  1.80529526 -0.51963967]
2.5139500000027875	[-0.58058846  1.80508226 -0.51970006]
2.5139510000027876	[-0.58065908  1.80487057 -0.51976016]
2.5139520000027877	[-0.58072936  1.80466013 -0.51981995]
2.513953000002788	[-0.5807993   1.804451   -0.51987943]
2.513954000002788	[-0.58086893  1.8042431  -0.51993862]
2.513955000002788	[-0.58093821  1.80403649 -0.51999749]
2.5139560000027883	[-0.58100715  1.80383114 -0.52005605]
2.5139570000027884	[-0.58107575  1.80362704 -0.52011429]
2.5139580000027886	[-0.58114399  1.80342419 -0.52017222]
2.5139590000027887	[-0.58120109  1.80324403 -0.52021989]
2.513960000002789	[-0.58127967  1.80302256 -0.52028731]
2.513961000002789	[-0.58134682  1.80282341 -0.52034423]
2.513962000002789	[-0.58141366  1.8026255  -0.52040086]
2.5139630000027893	[-0.58148013  1.8024288  -0.52045716]
2.5139640000027894	[-0.58154623  1.8022333  -0.52051312]
2.5139650000027896	[-0.58161197  1.80203902 -0.52056874]
2.5139660000027897	[-0.58167734  1.80184593 -0.52062403]
2.51396700000279	[-0.58174234  1.80165405 -0.52067897]
2.51396800000279	[-0.58180696  1.80146336 -0.52073358]
2.51396900000279	[-0.58187121  1.80127385 -0.52078784]
2.5139700000027903	[-0.58193508  1.80108555 -0.52084175]
2.5139710000027904	[-0.58199857  1.8008984  -0.52089532]
2.5139720000027905	[-0.58206168  1.80071244 -0.52094853]
2.5139730000027907	[-0.58212439  1.80052764 -0.52100138]
2.513974000002791	[-0.58218675  1.80034398 -0.52105392]
2.513975000002791	[-0.58224869  1.80016159 -0.52110606]
2.513976000002791	[-0.58231025  1.79998032 -0.52115787]
2.5139770000027912	[-0.58237142  1.79980019 -0.5212093 ]
2.5139780000027914	[-0.5824322   1.79962123 -0.52126039]
2.5139790000027915	[-0.58249258  1.79944343 -0.52131111]
2.5139800000027916	[-0.58255257  1.79926677 -0.52136147]
2.513981000002792	[-0.58261217  1.7990913  -0.52141147]
2.513982000002792	[-0.58267136  1.79891693 -0.5214611 ]
2.513983000002792	[-0.58273018  1.79874371 -0.52151038]
2.513984000002792	[-0.58278856  1.79857168 -0.52155927]
2.5139850000027923	[-0.58284656  1.79840078 -0.52160781]
2.5139860000027925	[-0.58290415  1.79823102 -0.52165597]
2.5139870000027926	[-0.58296198  1.79806318 -0.52170436]
2.5139880000027928	[-0.58301819  1.79789499 -0.52175125]
2.513989000002793	[-0.58307458  1.79772868 -0.52179831]
2.513990000002793	[-0.58313057  1.79756351 -0.52184501]
2.513991000002793	[-0.58318615  1.79739948 -0.52189134]
2.5139920000027933	[-0.58324133  1.7972366  -0.52193729]
2.5139930000027935	[-0.58329609  1.79707487 -0.52198287]
2.5139940000027936	[-0.58335047  1.79691427 -0.52202809]
2.5139950000027937	[-0.58340443  1.79675483 -0.52207293]
2.513996000002794	[-0.58345799  1.79659653 -0.52211741]
2.513997000002794	[-0.58351114  1.79643942 -0.52216151]
2.513998000002794	[-0.58356389  1.7962834  -0.52220524]
2.5139990000027943	[-0.58361647  1.79612819 -0.52224882]
2.5140000000027944	[-0.58366817  1.79597486 -0.52229159]
2.5140010000027946	[-0.58371971  1.79582233 -0.52233421]
2.5140020000027947	[-0.58377084  1.79567097 -0.52237647]
2.514003000002795	[-0.58382156  1.79552076 -0.52241835]
2.514004000002795	[-0.58387189  1.79537172 -0.52245986]
2.514005000002795	[-0.58392181  1.79522384 -0.52250101]
2.5140060000027953	[-0.58397133  1.79507715 -0.52254179]
2.5140070000027954	[-0.58402045  1.79493162 -0.5225822 ]
2.5140080000027956	[-0.58406917  1.79478727 -0.52262225]
2.5140090000027957	[-0.58411748  1.7946441  -0.52266193]
2.514010000002796	[-0.5841654   1.79450211 -0.52270124]
2.514011000002796	[-0.58421293  1.79436132 -0.5227402 ]
2.514012000002796	[-0.58426005  1.7942217  -0.52277879]
2.5140130000027963	[-0.58430678  1.79408331 -0.52281701]
2.5140140000027964	[-0.58435312  1.7939461  -0.52285488]
2.5140150000027965	[-0.58439907  1.79381005 -0.5228924 ]
2.5140160000027967	[-0.58444462  1.79367526 -0.52292956]
2.514017000002797	[-0.58448978  1.79354167 -0.52296635]
2.514018000002797	[-0.58453456  1.79340929 -0.52300279]
2.514019000002797	[-0.58457894  1.79327813 -0.52303888]
2.5140200000027972	[-0.58462295  1.7931482  -0.52307462]
2.5140210000027974	[-0.58466658  1.79301939 -0.52311002]
2.5140220000027975	[-0.58470979  1.79289202 -0.52314503]
2.5140230000027977	[-0.58475264  1.79276579 -0.52317971]
2.514024000002798	[-0.58479511  1.7926408  -0.52321405]
2.514025000002798	[-0.58483721  1.79251706 -0.52324804]
2.514026000002798	[-0.58487889  1.7923946  -0.52328167]
2.514027000002798	[-0.58492026  1.79227335 -0.523315  ]
2.5140280000027984	[-0.58496123  1.79215338 -0.52334797]
2.5140290000027985	[-0.58500183  1.79203469 -0.5233806 ]
2.5140300000027986	[-0.58504206  1.79191725 -0.52341289]
2.5140310000027988	[-0.58508952  1.79178763 -0.52345195]
2.514032000002799	[-0.5851208   1.79168611 -0.52347589]
2.514033000002799	[-0.58516006  1.79157236 -0.5235073 ]
2.514034000002799	[-0.58519867  1.79146028 -0.52353812]
2.5140350000027993	[-0.58523708  1.7913493  -0.52356875]
2.5140360000027995	[-0.58527514  1.79123962 -0.52359906]
2.5140370000027996	[-0.58531284  1.79113125 -0.52362904]
2.5140380000027998	[-0.58535018  1.79102419 -0.52365871]
2.5140390000028	[-0.58538718  1.79091845 -0.52368805]
2.5140400000028	[-0.58542382  1.79081407 -0.52371707]
2.5140410000028	[-0.58546012  1.79071092 -0.52374578]
2.5140420000028003	[-0.58549608  1.79060914 -0.52377417]
2.5140430000028005	[-0.5855317   1.7905087  -0.52380226]
2.5140440000028006	[-0.58556697  1.7904096  -0.52383003]
2.5140450000028007	[-0.5856019   1.79031184 -0.5238575 ]
2.514046000002801	[-0.5856365   1.79021542 -0.52388466]
2.514047000002801	[-0.58567077  1.79012035 -0.52391151]
2.514048000002801	[-0.58570471  1.79002662 -0.52393807]
2.5140490000028013	[-0.58573832  1.78993426 -0.52396433]
2.5140500000028014	[-0.5857716   1.78984325 -0.52399029]
2.5140510000028016	[-0.58580458  1.7897535  -0.52401598]
2.5140520000028017	[-0.58583715  1.78966543 -0.52404128]
2.514053000002802	[-0.58586953  1.78957832 -0.52406642]
2.514054000002802	[-0.5859015   1.78949289 -0.52409119]
2.514055000002802	[-0.5859332   1.78940869 -0.5241157 ]
2.5140560000028023	[-0.58596457  1.78932591 -0.52413993]
2.5140570000028024	[-0.58599564  1.78924451 -0.52416387]
2.5140580000028026	[-0.58602639  1.78916445 -0.52418753]
2.5140590000028027	[-0.58605685  1.78908578 -0.52421092]
2.514060000002803	[-0.586087    1.7890085  -0.52423403]
2.514061000002803	[-0.58611685  1.78893261 -0.52425687]
2.514062000002803	[-0.5861464   1.78885814 -0.52427943]
2.5140630000028032	[-0.58617567  1.78878498 -0.52430174]
2.5140640000028034	[-0.58620463  1.78871323 -0.52432377]
2.5140650000028035	[-0.58623331  1.7886429  -0.52434555]
2.5140660000028037	[-0.58626169  1.7885739  -0.52436705]
2.514067000002804	[-0.5862898   1.78850636 -0.52438831]
2.514068000002804	[-0.58631763  1.78844017 -0.52440931]
2.514069000002804	[-0.58634517  1.78837536 -0.52443005]
2.5140700000028042	[-0.58637243  1.78831196 -0.52445054]
2.5140710000028044	[-0.58639943  1.78824993 -0.52447078]
2.5140720000028045	[-0.58642615  1.78818929 -0.52449078]
2.5140730000028046	[-0.58645259  1.78813005 -0.52451052]
2.514074000002805	[-0.58647878  1.78807215 -0.52453004]
2.514075000002805	[-0.5865047   1.78801565 -0.52454931]
2.514076000002805	[-0.58653035  1.78796053 -0.52456834]
2.514077000002805	[-0.58655575  1.78790679 -0.52458713]
2.5140780000028053	[-0.58658089  1.78785439 -0.5246057 ]
2.5140790000028055	[-0.58660578  1.78780341 -0.52462403]
2.5140800000028056	[-0.58663041  1.78775378 -0.52464214]
2.5140810000028058	[-0.5866548   1.7877055  -0.52466002]
2.514082000002806	[-0.58667893  1.78765859 -0.52467767]
2.514083000002806	[-0.58670283  1.78761304 -0.52469511]
2.514084000002806	[-0.58672649  1.78756883 -0.52471233]
2.5140850000028063	[-0.5867499   1.78752597 -0.52472934]
2.5140860000028065	[-0.58677309  1.7874845  -0.52474613]
2.5140870000028066	[-0.58679605  1.78744429 -0.52476272]
2.5140880000028067	[-0.58681183  1.78741663 -0.52477271]
2.514089000002807	[-0.5868395   1.78734308 -0.52479339]
2.514090000002807	[-0.58687213  1.78734615 -0.5248194 ]
2.514091000002807	[-0.58687669  1.78728278 -0.52481856]
2.5140920000028073	[-0.5869069   1.78726388 -0.52484211]
2.5140930000028074	[-0.58692869  1.7872314  -0.52485764]
2.5140940000028076	[-0.58695009  1.78720042 -0.52487282]
2.5140950000028077	[-0.58697128  1.78717075 -0.52488782]
2.514096000002808	[-0.58699227  1.7871424  -0.52490262]
2.514097000002808	[-0.58701303  1.78711527 -0.52491723]
2.514098000002808	[-0.58703361  1.78708944 -0.52493167]
2.5140990000028083	[-0.58705398  1.78706491 -0.52494593]
2.5141000000028084	[-0.58707416  1.78704157 -0.52496   ]
2.5141010000028086	[-0.58709414  1.7870195  -0.52497391]
2.5141020000028087	[-0.58711394  1.78699868 -0.52498764]
2.514103000002809	[-0.58713354  1.78697909 -0.52500121]
2.514104000002809	[-0.58715296  1.78696073 -0.5250146 ]
2.514105000002809	[-0.5871722   1.78694358 -0.52502784]
2.5141060000028093	[-0.58719126  1.78692764 -0.52504091]
2.5141070000028094	[-0.58721014  1.78691289 -0.52505382]
2.5141080000028095	[-0.58722884  1.78689936 -0.52506657]
2.5141090000028097	[-0.58724739  1.78688696 -0.52507919]
2.51411000000281	[-0.58726575  1.78687576 -0.52509163]
2.51411100000281	[-0.58728398  1.7868657  -0.52510395]
2.51411200000281	[-0.58730203  1.78685682 -0.52511612]
2.5141130000028102	[-0.58731991  1.78684906 -0.52512814]
2.5141140000028104	[-0.58733765  1.78684244 -0.52514002]
2.5141150000028105	[-0.58735523  1.78683694 -0.52515177]
2.5141160000028107	[-0.58737266  1.78683256 -0.52516338]
2.514117000002811	[-0.58738995  1.78682927 -0.52517486]
2.514118000002811	[-0.5874071   1.78682709 -0.52518622]
2.514119000002811	[-0.58742434  1.78682589 -0.52519767]
2.514120000002811	[-0.58744096  1.78682593 -0.52520855]
2.5141210000028114	[-0.58745786  1.7868269  -0.5252197 ]
2.5141220000028115	[-0.58747429  1.78682903 -0.52523041]
2.5141230000028116	[-0.58749077  1.78683215 -0.52524116]
2.5141240000028118	[-0.58750711  1.7868363  -0.52525181]
2.514125000002812	[-0.58752334  1.78684147 -0.52526235]
2.514126000002812	[-0.58753945  1.78684769 -0.52527278]
2.514127000002812	[-0.58755544  1.78685483 -0.52528311]
2.5141280000028123	[-0.58757132  1.786863   -0.52529334]
2.5141290000028125	[-0.58758709  1.78687215 -0.52530347]
2.5141300000028126	[-0.58760276  1.78688227 -0.52531351]
2.5141310000028128	[-0.58761832  1.78689334 -0.52532345]
2.514132000002813	[-0.58763378  1.78690536 -0.52533331]
2.514133000002813	[-0.58764915  1.78691832 -0.52534308]
2.514134000002813	[-0.58766442  1.78693221 -0.52535277]
2.5141350000028133	[-0.5876796   1.78694702 -0.52536238]
2.5141360000028135	[-0.58769469  1.78696273 -0.52537191]
2.5141370000028136	[-0.5877097   1.78697934 -0.52538137]
2.5141380000028137	[-0.58772462  1.78699684 -0.52539075]
2.514139000002814	[-0.58773947  1.78701521 -0.52540007]
2.514140000002814	[-0.58775424  1.78703446 -0.52540932]
2.514141000002814	[-0.58776894  1.78705455 -0.5254185 ]
2.5141420000028143	[-0.58778356  1.78707551 -0.52542763]
2.5141430000028144	[-0.58779812  1.7870973  -0.52543669]
2.5141440000028146	[-0.58781261  1.78711992 -0.5254457 ]
2.5141450000028147	[-0.58782705  1.78714336 -0.52545466]
2.514146000002815	[-0.58784142  1.78716762 -0.52546356]
2.514147000002815	[-0.58785574  1.78719268 -0.52547242]
2.514148000002815	[-0.58787001  1.78721853 -0.52548124]
2.5141490000028153	[-0.58788422  1.78724518 -0.52549001]
2.5141500000028154	[-0.58789839  1.7872726  -0.52549874]
2.5141510000028156	[-0.58791252  1.78730081 -0.52550743]
2.5141520000028157	[-0.5879266   1.78732975 -0.52551609]
2.514153000002816	[-0.58794064  1.78735946 -0.52552471]
2.514154000002816	[-0.58795465  1.78738992 -0.5255333 ]
2.514155000002816	[-0.58796862  1.78742112 -0.52554187]
2.5141560000028162	[-0.58798256  1.78745305 -0.52555041]
2.5141570000028164	[-0.58799647  1.78748572 -0.52555892]
2.5141580000028165	[-0.58801035  1.7875191  -0.52556742]
2.5141590000028167	[-0.58802421  1.7875532  -0.52557589]
2.514160000002817	[-0.58803805  1.787588   -0.52558435]
2.514161000002817	[-0.58805187  1.78762351 -0.5255928 ]
2.514162000002817	[-0.58806567  1.78765972 -0.52560123]
2.5141630000028172	[-0.58807949  1.7876966  -0.52560968]
2.5141640000028174	[-0.5880932   1.78773422 -0.52561804]
2.5141650000028175	[-0.58810699  1.78777247 -0.52562646]
2.5141660000028176	[-0.58812074  1.78781142 -0.52563486]
2.514167000002818	[-0.58813449  1.78785103 -0.52564326]
2.514168000002818	[-0.58814823  1.78789132 -0.52565166]
2.514169000002818	[-0.58816197  1.78793227 -0.52566006]
2.514170000002818	[-0.58817571  1.78797389 -0.52566845]
2.5141710000028183	[-0.58818945  1.78801616 -0.52567686]
2.5141720000028185	[-0.58820319  1.78805909 -0.52568526]
2.5141730000028186	[-0.58821694  1.78810267 -0.52569368]
2.5141740000028188	[-0.58823069  1.78814691 -0.5257021 ]
2.514175000002819	[-0.58824445  1.78819179 -0.52571053]
2.514176000002819	[-0.58825821  1.78823732 -0.52571898]
2.514177000002819	[-0.58827199  1.78828349 -0.52572743]
2.5141780000028193	[-0.58828602  1.7883302  -0.52573612]
2.5141790000028195	[-0.58829958  1.78837777 -0.52574439]
2.5141800000028196	[-0.58831339  1.78842587 -0.52575289]
2.5141810000028197	[-0.58832723  1.7884746  -0.52576141]
2.51418200000282	[-0.58834107  1.78852401 -0.52576994]
2.51418300000282	[-0.58835493  1.78857404 -0.52577849]
2.51418400000282	[-0.58836881  1.78862472 -0.52578706]
2.5141850000028203	[-0.58838271  1.78867603 -0.52579566]
2.5141860000028204	[-0.58839663  1.788728   -0.52580427]
2.5141870000028206	[-0.58841057  1.7887806  -0.5258129 ]
2.5141880000028207	[-0.58842452  1.78883386 -0.52582156]
2.514189000002821	[-0.5884385   1.78888776 -0.52583024]
2.514190000002821	[-0.5884525   1.78894231 -0.52583894]
2.514191000002821	[-0.58846653  1.78899752 -0.52584767]
2.5141920000028213	[-0.58848057  1.78905338 -0.52585642]
2.5141930000028214	[-0.58849464  1.7891099  -0.52586519]
2.5141940000028216	[-0.58850873  1.78916708 -0.52587398]
2.5141950000028217	[-0.58852284  1.78922493 -0.5258828 ]
2.514196000002822	[-0.58853697  1.78928344 -0.52589164]
2.514197000002822	[-0.58855113  1.78934262 -0.52590051]
2.514198000002822	[-0.5885653   1.78940248 -0.5259094 ]
2.5141990000028223	[-0.5885795   1.78946302 -0.52591831]
2.5142000000028224	[-0.58859372  1.78952424 -0.52592725]
2.5142010000028225	[-0.58860796  1.78958616 -0.5259362 ]
2.5142020000028227	[-0.58862222  1.78964876 -0.52594518]
2.514203000002823	[-0.58863651  1.78971206 -0.52595418]
2.514204000002823	[-0.58865081  1.78977606 -0.52596321]
2.514205000002823	[-0.58866512  1.78984078 -0.52597225]
2.5142060000028232	[-0.58867946  1.7899062  -0.52598131]
2.5142070000028234	[-0.5886938   1.78997233 -0.52599038]
2.5142080000028235	[-0.58870818  1.79003921 -0.52599949]
2.5142090000028237	[-0.58872257  1.79010681 -0.5260086 ]
2.514210000002824	[-0.58873696  1.79017515 -0.52601773]
2.514211000002824	[-0.58875137  1.79024423 -0.52602687]
2.514212000002824	[-0.58876579  1.79031406 -0.52603603]
2.514213000002824	[-0.58878022  1.79038464 -0.5260452 ]
2.5142140000028244	[-0.58879466  1.79045598 -0.52605439]
2.5142150000028245	[-0.58880911  1.79052809 -0.52606358]
2.5142160000028246	[-0.58882356  1.79060098 -0.52607278]
2.5142170000028248	[-0.58883802  1.79067461 -0.52608198]
2.514218000002825	[-0.58885248  1.79074911 -0.5260912 ]
2.514219000002825	[-0.58886694  1.79082436 -0.52610042]
2.514220000002825	[-0.5888814   1.79090041 -0.52610964]
2.5142210000028253	[-0.58889586  1.79097727 -0.52611886]
2.5142220000028255	[-0.58891031  1.79105495 -0.52612809]
2.5142230000028256	[-0.58892476  1.79113346 -0.52613731]
2.5142240000028258	[-0.5889392   1.79121279 -0.52614653]
2.514225000002826	[-0.58895363  1.79129296 -0.52615574]
2.514226000002826	[-0.58896805  1.79137397 -0.52616494]
2.514227000002826	[-0.58898245  1.79145583 -0.52617414]
2.5142280000028263	[-0.58899684  1.79153855 -0.52618332]
2.5142290000028265	[-0.58901122  1.79162214 -0.5261925 ]
2.5142300000028266	[-0.58902557  1.79170659 -0.52620166]
2.5142310000028267	[-0.5890399   1.79179193 -0.5262108 ]
2.514232000002827	[-0.58905421  1.79187815 -0.52621992]
2.514233000002827	[-0.58906849  1.79196526 -0.52622903]
2.514234000002827	[-0.58908274  1.79205327 -0.52623811]
2.5142350000028273	[-0.58909697  1.79214218 -0.52624718]
2.5142360000028274	[-0.58911116  1.79223201 -0.5262562 ]
2.5142370000028276	[-0.58912532  1.79232276 -0.52626521]
2.5142380000028277	[-0.58913944  1.79241442 -0.52627419]
2.514239000002828	[-0.58915352  1.79250702 -0.52628313]
2.514240000002828	[-0.58916756  1.79260055 -0.52629204]
2.514241000002828	[-0.58918156  1.79269503 -0.52630092]
2.5142420000028283	[-0.58919553  1.79279042 -0.52630977]
2.5142430000028284	[-0.58920942  1.79288682 -0.52631855]
2.5142440000028285	[-0.58922328  1.79298416 -0.52632731]
2.5142450000028287	[-0.58923709  1.79308245 -0.52633603]
2.514246000002829	[-0.58925084  1.79318171 -0.5263447 ]
2.514247000002829	[-0.58926454  1.79328195 -0.52635332]
2.514248000002829	[-0.58927818  1.79338316 -0.52636189]
2.5142490000028292	[-0.58929176  1.79348536 -0.52637042]
2.5142500000028294	[-0.58930528  1.79358854 -0.52637889]
2.5142510000028295	[-0.58931874  1.79369271 -0.52638731]
2.5142520000028297	[-0.58933213  1.79379785 -0.52639567]
2.51425300000283	[-0.58934546  1.79390403 -0.52640398]
2.51425400000283	[-0.58935872  1.7940112  -0.52641223]
2.51425500000283	[-0.58937191  1.79411936 -0.52642042]
2.5142560000028302	[-0.58938503  1.79422853 -0.52642855]
2.5142570000028304	[-0.58939808  1.79433871 -0.52643662]
2.5142580000028305	[-0.58941105  1.79444987 -0.52644462]
2.5142590000028306	[-0.58942395  1.7945621  -0.52645256]
2.514260000002831	[-0.58944762  1.79467165 -0.52647026]
2.514261000002831	[-0.58944924  1.79478935 -0.52646798]
2.514262000002831	[-0.58946192  1.79490463 -0.52647573]
2.514263000002831	[-0.58947451  1.7950209  -0.5264834 ]
2.5142640000028313	[-0.58948702  1.79513819 -0.526491  ]
2.5142650000028315	[-0.58949944  1.79525651 -0.52649853]
2.5142660000028316	[-0.58951178  1.79537584 -0.52650599]
2.5142670000028318	[-0.58952404  1.79549619 -0.52651338]
2.514268000002832	[-0.58953648  1.79561732 -0.52652093]
2.514269000002832	[-0.58954829  1.79573995 -0.52652792]
2.514270000002832	[-0.58956032  1.79586334 -0.5265351 ]
2.5142710000028323	[-0.58957224  1.79598775 -0.5265422 ]
2.5142720000028325	[-0.58958408  1.79611318 -0.52654922]
2.5142730000028326	[-0.58959583  1.79623961 -0.52655617]
2.5142740000028327	[-0.58960751  1.79636706 -0.52656305]
2.514275000002833	[-0.58961909  1.79649551 -0.52656986]
2.514276000002833	[-0.5896306   1.79662496 -0.52657659]
2.514277000002833	[-0.58964202  1.79675541 -0.52658325]
2.5142780000028333	[-0.58965335  1.79688685 -0.52658984]
2.5142790000028334	[-0.58966461  1.79701929 -0.52659636]
2.5142800000028336	[-0.58967579  1.79715271 -0.52660281]
2.5142810000028337	[-0.58968688  1.79728709 -0.52660919]
2.514282000002834	[-0.5896979   1.7974225  -0.52661551]
2.514283000002834	[-0.58970884  1.79755885 -0.52662176]
2.514284000002834	[-0.58971971  1.79769617 -0.52662794]
2.5142850000028343	[-0.58973051  1.79783445 -0.52663407]
2.5142860000028344	[-0.58974123  1.79797368 -0.52664013]
2.5142870000028346	[-0.58975188  1.79811387 -0.52664613]
2.5142880000028347	[-0.58976247  1.798255   -0.52665208]
2.514289000002835	[-0.58977299  1.79839706 -0.52665797]
2.514290000002835	[-0.58978345  1.79854005 -0.5266638 ]
2.514291000002835	[-0.58979384  1.79868396 -0.52666959]
2.5142920000028353	[-0.58980419  1.79882878 -0.52667533]
2.5142930000028354	[-0.58981447  1.79897451 -0.52668102]
2.5142940000028355	[-0.58982471  1.79912113 -0.52668668]
2.5142950000028357	[-0.5898349   1.79926864 -0.52669229]
2.514296000002836	[-0.58984504  1.79941703 -0.52669787]
2.514297000002836	[-0.58985515  1.7995663  -0.52670341]
2.514298000002836	[-0.58986522  1.79971642 -0.52670892]
2.5142990000028362	[-0.58987525  1.79986739 -0.52671441]
2.5143000000028364	[-0.58988526  1.80001921 -0.52671988]
2.5143010000028365	[-0.58989524  1.80017186 -0.52672533]
2.5143020000028367	[-0.5899052   1.80032534 -0.52673077]
2.514303000002837	[-0.58991515  1.80047962 -0.5267362 ]
2.514304000002837	[-0.58992508  1.80063471 -0.52674162]
2.514305000002837	[-0.58993502  1.80079059 -0.52674704]
2.514306000002837	[-0.58994495  1.80094725 -0.52675246]
2.5143070000028374	[-0.58995488  1.80110467 -0.5267579 ]
2.5143080000028375	[-0.58996483  1.80126286 -0.52676335]
2.5143090000028376	[-0.58997479  1.80142179 -0.52676881]
2.5143100000028378	[-0.58998478  1.80158148 -0.52677431]
2.514311000002838	[-0.58999479  1.80174186 -0.52677983]
2.514312000002838	[-0.59000483  1.80190296 -0.52678538]
2.514313000002838	[-0.59001492  1.80206477 -0.52679098]
2.5143140000028383	[-0.59002505  1.80222727 -0.52679663]
2.5143150000028385	[-0.59003523  1.80239044 -0.52680233]
2.5143160000028386	[-0.59004548  1.80255427 -0.52680808]
2.5143170000028388	[-0.59005579  1.80271876 -0.52681391]
2.514318000002839	[-0.59006618  1.80288389 -0.5268198 ]
2.514319000002839	[-0.59007664  1.80304965 -0.52682578]
2.514320000002839	[-0.5900872   1.80321603 -0.52683184]
2.5143210000028393	[-0.59009785  1.803383   -0.52683799]
2.5143220000028395	[-0.59010861  1.80355057 -0.52684424]
2.5143230000028396	[-0.59011947  1.80371872 -0.52685059]
2.5143240000028397	[-0.59013045  1.80388744 -0.52685706]
2.51432500000284	[-0.59014157  1.8040567  -0.52686365]
2.51432600000284	[-0.59015282  1.80422651 -0.52687037]
2.51432700000284	[-0.59016421  1.80439685 -0.52687723]
2.5143280000028403	[-0.59017575  1.8045677  -0.52688423]
2.5143290000028404	[-0.59018745  1.80473906 -0.52689138]
2.5143300000028406	[-0.59019933  1.80491091 -0.52689869]
2.5143310000028407	[-0.59021138  1.80508324 -0.52690616]
2.514332000002841	[-0.59022362  1.80525604 -0.52691381]
2.514333000002841	[-0.59023605  1.80542929 -0.52692165]
2.514334000002841	[-0.59024869  1.80560298 -0.52692968]
2.5143350000028413	[-0.59026154  1.80577711 -0.5269379 ]
2.5143360000028414	[-0.59027462  1.80595166 -0.52694634]
2.5143370000028415	[-0.59028793  1.80612661 -0.52695499]
2.5143380000028417	[-0.59030148  1.80630196 -0.52696387]
2.514339000002842	[-0.59031528  1.80647769 -0.52697299]
2.514340000002842	[-0.59032935  1.8066538  -0.52698234]
2.514341000002842	[-0.59034368  1.80683027 -0.52699195]
2.5143420000028422	[-0.5903583   1.80700709 -0.52700183]
2.5143430000028424	[-0.59037321  1.80718425 -0.52701197]
2.5143440000028425	[-0.59038842  1.80736174 -0.52702239]
2.5143450000028427	[-0.59040394  1.80753955 -0.5270331 ]
2.514346000002843	[-0.59041978  1.80771766 -0.52704411]
2.514347000002843	[-0.59043595  1.80789608 -0.52705542]
2.514348000002843	[-0.59045246  1.80807478 -0.52706705]
2.5143490000028432	[-0.59046933  1.80825376 -0.52707901]
2.5143500000028434	[-0.59048655  1.80843301 -0.5270913 ]
2.5143510000028435	[-0.59050415  1.80861252 -0.52710394]
2.5143520000028436	[-0.59052213  1.80879228 -0.52711693]
2.514353000002844	[-0.5905405   1.80897228 -0.52713028]
2.514354000002844	[-0.59055927  1.80915251 -0.52714401]
2.514355000002844	[-0.59057846  1.80933297 -0.52715811]
2.514356000002844	[-0.59059829  1.80951343 -0.52717282]
2.5143570000028443	[-0.59061811  1.80969452 -0.52718751]
2.5143580000028445	[-0.5906386   1.8098756  -0.52720282]
2.5143590000028446	[-0.59065954  1.81005688 -0.52721855]
2.5143600000028448	[-0.59068095  1.81023834 -0.52723471]
2.514361000002845	[-0.59070283  1.81041997 -0.52725131]
2.514362000002845	[-0.5907252   1.81060178 -0.52726835]
2.514363000002845	[-0.59074806  1.81078376 -0.52728586]
2.5143640000028453	[-0.59077143  1.8109659  -0.52730383]
2.5143650000028455	[-0.59079531  1.81114819 -0.52732227]
2.5143660000028456	[-0.59081972  1.81133063 -0.5273412 ]
2.5143670000028457	[-0.59084467  1.81151321 -0.52736063]
2.514368000002846	[-0.59087017  1.81169593 -0.52738056]
2.514369000002846	[-0.59089622  1.81187878 -0.52740101]
2.514370000002846	[-0.59092283  1.81206176 -0.52742197]
2.5143710000028463	[-0.59095003  1.81224487 -0.52744347]
2.5143720000028464	[-0.59097781  1.8124281  -0.52746551]
2.5143730000028466	[-0.59100619  1.81261144 -0.5274881 ]
2.5143740000028467	[-0.59103517  1.8127949  -0.52751125]
2.514375000002847	[-0.59106477  1.81297847 -0.52753496]
2.514376000002847	[-0.591095    1.81316216 -0.52755926]
2.514377000002847	[-0.59112586  1.81334594 -0.52758413]
2.5143780000028473	[-0.59115736  1.81352983 -0.5276096 ]
2.5143790000028474	[-0.59118952  1.81371383 -0.52763567]
2.5143800000028476	[-0.59122234  1.81389792 -0.52766236]
2.5143810000028477	[-0.59125584  1.81408212 -0.52768966]
2.514382000002848	[-0.59129001  1.81426641 -0.52771759]
2.514383000002848	[-0.59132488  1.8144508  -0.52774615]
2.514384000002848	[-0.59136044  1.81463529 -0.52777536]
2.5143850000028483	[-0.59139672  1.81481988 -0.52780522]
2.5143860000028484	[-0.59143371  1.81500456 -0.52783574]
2.5143870000028485	[-0.59147142  1.81518935 -0.52786693]
2.5143880000028487	[-0.59150987  1.81537423 -0.52789879]
2.514389000002849	[-0.59154907  1.8155592  -0.52793134]
2.514390000002849	[-0.59158901  1.8157443  -0.52796458]
2.514391000002849	[-0.59162971  1.81592948 -0.52799851]
2.5143920000028492	[-0.59167118  1.81611477 -0.52803315]
2.5143930000028494	[-0.59171342  1.81630016 -0.5280685 ]
2.5143940000028495	[-0.59175645  1.81648567 -0.52810457]
2.5143950000028497	[-0.59180026  1.81667128 -0.52814137]
2.51439600000285	[-0.59184488  1.81685701 -0.5281789 ]
2.51439700000285	[-0.59189029  1.81704285 -0.52821717]
2.51439800000285	[-0.59193652  1.81722881 -0.52825619]
2.51439900000285	[-0.59198357  1.81741489 -0.52829596]
2.5144000000028504	[-0.59203144  1.8176011  -0.52833649]
2.5144010000028505	[-0.59208016  1.81778746 -0.5283778 ]
2.5144020000028506	[-0.5921297   1.8179739  -0.52841986]
2.5144030000028508	[-0.59218009  1.8181605  -0.52846271]
2.514404000002851	[-0.59223134  1.81834724 -0.52850634]
2.514405000002851	[-0.59228344  1.81853413 -0.52855075]
2.514406000002851	[-0.59233641  1.81872117 -0.52859597]
2.5144070000028513	[-0.59239025  1.81890836 -0.52864198]
2.5144080000028515	[-0.59244496  1.8190957  -0.5286888 ]
2.5144090000028516	[-0.59250056  1.81928321 -0.52873644]
2.5144100000028518	[-0.59255705  1.81947089 -0.52878488]
2.514411000002852	[-0.59261443  1.81965874 -0.52883415]
2.514412000002852	[-0.59267271  1.81984676 -0.52888425]
2.514413000002852	[-0.59273189  1.82003497 -0.52893518]
2.5144140000028523	[-0.59279198  1.82022336 -0.52898694]
2.5144150000028525	[-0.59285299  1.82041195 -0.52903954]
2.5144160000028526	[-0.59291492  1.82060073 -0.52909299]
2.5144170000028527	[-0.59297776  1.82078972 -0.52914728]
2.514418000002853	[-0.59304154  1.82097892 -0.52920243]
2.514419000002853	[-0.59310625  1.82116833 -0.52925844]
2.514420000002853	[-0.5931719   1.82135796 -0.5293153 ]
2.5144210000028533	[-0.59323848  1.82154781 -0.52937303]
2.5144220000028534	[-0.59330602  1.8217379  -0.52943163]
2.5144230000028536	[-0.5933745   1.82192822 -0.5294911 ]
2.5144240000028537	[-0.59344393  1.82211878 -0.52955145]
2.514425000002854	[-0.59351432  1.82230959 -0.52961268]
2.514426000002854	[-0.59358567  1.82250066 -0.52967478]
2.514427000002854	[-0.59365799  1.82269198 -0.52973778]
2.5144280000028543	[-0.59373126  1.82288356 -0.52980165]
2.5144290000028544	[-0.59380552  1.82307541 -0.52986643]
2.5144300000028545	[-0.59388074  1.82326753 -0.5299321 ]
2.5144310000028547	[-0.59395694  1.82345994 -0.52999866]
2.514432000002855	[-0.59403412  1.82365262 -0.53006613]
2.514433000002855	[-0.59411229  1.8238456  -0.5301345 ]
2.514434000002855	[-0.59419144  1.82403887 -0.53020377]
2.5144350000028552	[-0.59427157  1.82423243 -0.53027395]
2.5144360000028554	[-0.5943527   1.8244263  -0.53034504]
2.5144370000028555	[-0.59443481  1.82462048 -0.53041704]
2.5144380000028557	[-0.59451793  1.82481497 -0.53048996]
2.514439000002856	[-0.59460204  1.82500978 -0.5305638 ]
2.514440000002856	[-0.59468716  1.8252049  -0.53063855]
2.514441000002856	[-0.59477328  1.82540037 -0.53071423]
2.5144420000028562	[-0.59486039  1.82559613 -0.53079082]
2.5144430000028564	[-0.59494852  1.82579224 -0.53086835]
2.5144440000028565	[-0.59503766  1.82598869 -0.5309468 ]
2.5144450000028566	[-0.5951278   1.82618547 -0.53102618]
2.514446000002857	[-0.59521895  1.82638259 -0.53110648]
2.514447000002857	[-0.59531113  1.82658008 -0.53118773]
2.514448000002857	[-0.59540433  1.82677788 -0.53126991]
2.514449000002857	[-0.59549855  1.82697605 -0.53135303]
2.5144500000028573	[-0.59559378  1.82717457 -0.53143708]
2.5144510000028575	[-0.59569003  1.82737345 -0.53152208]
2.5144520000028576	[-0.59578732  1.82757268 -0.53160801]
2.5144530000028578	[-0.59588562  1.82777226 -0.53169489]
2.514454000002858	[-0.59598496  1.82797221 -0.53178271]
2.514455000002858	[-0.59608532  1.82817252 -0.53187148]
2.514456000002858	[-0.59618672  1.82837319 -0.5319612 ]
2.5144570000028583	[-0.59628916  1.82857423 -0.53205187]
2.5144580000028585	[-0.59639262  1.82877563 -0.5321435 ]
2.5144590000028586	[-0.59649713  1.82897739 -0.53223607]
2.5144600000028587	[-0.59660229  1.82917992 -0.53232925]
2.514461000002859	[-0.59670927  1.82938201 -0.5324241 ]
2.514462000002859	[-0.5968169   1.82958486 -0.53251954]
2.514463000002859	[-0.59692557  1.82978808 -0.53261595]
2.5144640000028593	[-0.5970353   1.82999166 -0.53271332]
2.5144650000028594	[-0.59714607  1.83019559 -0.53281166]
2.5144660000028596	[-0.59725788  1.83039991 -0.53291095]
2.5144670000028597	[-0.59737839  1.83062619 -0.53301834]
2.51446800000286	[-0.59748531  1.83080931 -0.53311303]
2.51446900000286	[-0.59760031  1.8310147  -0.53321525]
2.51447000000286	[-0.59771637  1.8312204  -0.53331844]
2.5144710000028603	[-0.59783349  1.83142646 -0.53342261]
2.5144720000028604	[-0.59795167  1.83163286 -0.53352776]
2.5144730000028606	[-0.59807093  1.8318396  -0.53363389]
2.5144740000028607	[-0.59819125  1.83204668 -0.533741  ]
2.514475000002861	[-0.59831264  1.83225409 -0.5338491 ]
2.514476000002861	[-0.59843511  1.83246185 -0.53395819]
2.514477000002861	[-0.59855866  1.83266993 -0.53406827]
2.5144780000028613	[-0.59868329  1.83287833 -0.53417934]
2.5144790000028614	[-0.59880901  1.83308705 -0.53429141]
2.5144800000028615	[-0.59893573  1.83329608 -0.53440442]
2.5144810000028617	[-0.5990637   1.83350542 -0.53451856]
2.514482000002862	[-0.59919269  1.83371507 -0.53463363]
2.514483000002862	[-0.59932277  1.83392501 -0.53474972]
2.514484000002862	[-0.59945395  1.83413525 -0.53486682]
2.5144850000028622	[-0.59958624  1.83434577 -0.53498493]
2.5144860000028624	[-0.59971963  1.83455657 -0.53510406]
2.5144870000028625	[-0.59985406  1.83476622 -0.53522414]
2.5144880000028627	[-0.59998977  1.83497899 -0.5353454 ]
2.514489000002863	[-0.60012651  1.83519059 -0.53546761]
2.514490000002863	[-0.60026438  1.83540245 -0.53559085]
2.514491000002863	[-0.60040337  1.83561455 -0.53571512]
2.514492000002863	[-0.60054349  1.83582689 -0.53584044]
2.5144930000028634	[-0.60068474  1.83603947 -0.5359668 ]
2.5144940000028635	[-0.60082714  1.83625227 -0.53609421]
2.5144950000028636	[-0.60096537  1.83647402 -0.53621771]
2.5144960000028638	[-0.60111537  1.8366787  -0.53635218]
2.514497000002864	[-0.60126122  1.83689212 -0.53648276]
2.514498000002864	[-0.60140823  1.83710575 -0.53661441]
2.514499000002864	[-0.6015564   1.83731956 -0.53674712]
2.5145000000028643	[-0.60170575  1.83753355 -0.53688092]
2.5145010000028645	[-0.60185627  1.8377477  -0.53701579]
2.5145020000028646	[-0.60200797  1.83796202 -0.53715176]
2.5145030000028648	[-0.60216091  1.83817647 -0.53728886]
2.514504000002865	[-0.60231493  1.83839108 -0.53742696]
2.514505000002865	[-0.60247021  1.83860582 -0.53756621]
2.514506000002865	[-0.6026267   1.83882068 -0.53770657]
2.5145070000028653	[-0.60278439  1.83903565 -0.53784804]
2.5145080000028655	[-0.6029433   1.83925073 -0.53799063]
2.5145090000028656	[-0.60310344  1.83946593 -0.53813435]
2.5145100000028657	[-0.6032648   1.83968116 -0.53827919]
2.514511000002866	[-0.6034274   1.8398965  -0.53842517]
2.514512000002866	[-0.60359124  1.8401119  -0.5385723 ]
2.514513000002866	[-0.60375633  1.84032736 -0.53872057]
2.5145140000028663	[-0.60392268  1.84054288 -0.53887   ]
2.5145150000028664	[-0.60409029  1.84075843 -0.53902059]
2.5145160000028666	[-0.60425917  1.84097401 -0.53917235]
2.5145170000028667	[-0.60442933  1.84118961 -0.53932528]
2.514518000002867	[-0.60460077  1.84140523 -0.5394794 ]
2.514519000002867	[-0.60477351  1.84162085 -0.5396347 ]
2.514520000002867	[-0.60494755  1.84183645 -0.5397912 ]
2.5145210000028673	[-0.60512289  1.84205204 -0.5399489 ]
2.5145220000028674	[-0.60529955  1.84226761 -0.54010781]
2.5145230000028675	[-0.60547753  1.84248314 -0.54026793]
2.5145240000028677	[-0.60565685  1.84269863 -0.54042928]
2.514525000002868	[-0.6058375   1.84291407 -0.54059186]
2.514526000002868	[-0.6060195   1.84312944 -0.54075567]
2.514527000002868	[-0.60620285  1.84334475 -0.54092073]
2.5145280000028682	[-0.60638756  1.84355997 -0.54108705]
2.5145290000028684	[-0.60657364  1.84377511 -0.54125462]
2.5145300000028685	[-0.60676111  1.84399015 -0.54142346]
2.5145310000028687	[-0.60694996  1.84420508 -0.54159358]
2.514532000002869	[-0.60714021  1.8444199  -0.54176498]
2.514533000002869	[-0.60733186  1.8446346  -0.54193767]
2.514534000002869	[-0.60752492  1.84484917 -0.54211166]
2.5145350000028692	[-0.6077194   1.84506361 -0.54228695]
2.5145360000028694	[-0.60791531  1.8452779  -0.54246356]
2.5145370000028695	[-0.60811264  1.84549203 -0.54264147]
2.5145380000028696	[-0.60831146  1.84570601 -0.54282075]
2.51453900000287	[-0.60851171  1.84591982 -0.54300134]
2.51454000000287	[-0.60871342  1.84613345 -0.54318328]
2.51454100000287	[-0.60891661  1.84634691 -0.54336657]
2.51454200000287	[-0.60912127  1.84656017 -0.54355122]
2.5145430000028703	[-0.60932742  1.84677324 -0.54373724]
2.5145440000028705	[-0.60953507  1.84698611 -0.54392464]
2.5145450000028706	[-0.60974423  1.84719877 -0.54411342]
2.5145460000028708	[-0.6099549   1.84741122 -0.54430359]
2.514547000002871	[-0.61016708  1.84762344 -0.54449516]
2.514548000002871	[-0.61038081  1.84783545 -0.54468814]
2.514549000002871	[-0.61059607  1.84804723 -0.54488253]
2.5145500000028713	[-0.61081288  1.84825877 -0.54507835]
2.5145510000028715	[-0.61103124  1.84847007 -0.54527559]
2.5145520000028716	[-0.61125117  1.84868112 -0.54547428]
2.5145530000028717	[-0.61147267  1.84889193 -0.5456744 ]
2.514554000002872	[-0.61169575  1.84910248 -0.54587598]
2.514555000002872	[-0.61192042  1.84931278 -0.54607902]
2.514556000002872	[-0.61214668  1.8495228  -0.54628352]
2.5145570000028723	[-0.61237457  1.84973259 -0.54648952]
2.5145580000028724	[-0.61260403  1.84994207 -0.54669696]
2.5145590000028726	[-0.61283514  1.85015131 -0.54690592]
2.5145600000028727	[-0.61306786  1.85036027 -0.54711636]
2.514561000002873	[-0.61330223  1.85056894 -0.54732831]
2.514562000002873	[-0.61353823  1.85077733 -0.54754176]
2.514563000002873	[-0.61377588  1.85098545 -0.54775673]
2.5145640000028733	[-0.61401519  1.85119328 -0.54797323]
2.5145650000028734	[-0.61425617  1.85140082 -0.54819125]
2.5145660000028736	[-0.6144988   1.85160808 -0.5484108 ]
2.5145670000028737	[-0.61474313  1.85181505 -0.5486319 ]
2.514568000002874	[-0.61498914  1.85202173 -0.54885455]
2.514569000002874	[-0.61523683  1.85222812 -0.54907875]
2.514570000002874	[-0.61548621  1.85243423 -0.5493045 ]
2.5145710000028743	[-0.61573731  1.85264002 -0.54953182]
2.5145720000028744	[-0.61599011  1.85284554 -0.54976072]
2.5145730000028745	[-0.61624462  1.85305076 -0.54999118]
2.5145740000028747	[-0.61650086  1.85325569 -0.55022323]
2.514575000002875	[-0.61675882  1.85346033 -0.55045686]
2.514576000002875	[-0.61701851  1.85366468 -0.55069209]
2.514577000002875	[-0.61727994  1.85386874 -0.55092891]
2.5145780000028752	[-0.61754311  1.85407251 -0.55116732]
2.5145790000028754	[-0.61780802  1.85427599 -0.55140735]
2.5145800000028755	[-0.61807469  1.85447918 -0.55164898]
2.5145810000028757	[-0.61834311  1.8546821  -0.55189222]
2.514582000002876	[-0.61861329  1.85488472 -0.55213708]
2.514583000002876	[-0.61888523  1.85508707 -0.55238356]
2.514584000002876	[-0.61915894  1.85528914 -0.55263166]
2.514585000002876	[-0.61943419  1.85549021 -0.55288119]
2.5145860000028764	[-0.61971167  1.85569245 -0.55313276]
2.5145870000028765	[-0.6199907   1.8558937  -0.55338575]
2.5145880000028766	[-0.62027151  1.85609467 -0.55364038]
2.5145890000028768	[-0.6205541   1.85629538 -0.55389664]
2.514590000002877	[-0.62083847  1.85649582 -0.55415454]
2.514591000002877	[-0.62112464  1.85669601 -0.5544141 ]
2.514592000002877	[-0.62141259  1.85689594 -0.55467529]
2.5145930000028773	[-0.62170234  1.85709562 -0.55493813]
2.5145940000028775	[-0.62199387  1.85729505 -0.55520261]
2.5145950000028776	[-0.6222872   1.85749423 -0.55546875]
2.5145960000028778	[-0.62258233  1.85769316 -0.55573653]
2.514597000002878	[-0.62287925  1.85789186 -0.55600596]
2.514598000002878	[-0.62317797  1.85809034 -0.55627706]
2.514599000002878	[-0.62347848  1.85828856 -0.55654978]
2.5146000000028783	[-0.62378079  1.85848657 -0.55682417]
2.5146010000028785	[-0.62408489  1.85868435 -0.55710021]
2.5146020000028786	[-0.62439081  1.85888193 -0.5573779 ]
2.5146030000028787	[-0.62469851  1.85907927 -0.55765724]
2.514604000002879	[-0.625008    1.85927641 -0.55793823]
2.514605000002879	[-0.6253193   1.85947335 -0.55822087]
2.514606000002879	[-0.62563238  1.85967009 -0.55850516]
2.5146070000028793	[-0.62594726  1.85986663 -0.5587911 ]
2.5146080000028794	[-0.62626393  1.86006297 -0.55907868]
2.5146090000028796	[-0.62658238  1.86025913 -0.5593679 ]
2.5146100000028797	[-0.62690262  1.86045511 -0.55965877]
2.51461100000288	[-0.62722464  1.8606509  -0.55995127]
2.51461200000288	[-0.62754845  1.86084653 -0.56024541]
2.51461300000288	[-0.62787404  1.86104197 -0.56054119]
2.5146140000028803	[-0.6282014   1.86123726 -0.5608386 ]
2.5146150000028804	[-0.62853053  1.86143239 -0.56113763]
2.5146160000028805	[-0.62886142  1.86162735 -0.56143829]
2.5146170000028807	[-0.62919409  1.86182216 -0.56174058]
2.514618000002881	[-0.62952851  1.86201683 -0.56204448]
2.514619000002881	[-0.62986469  1.86221135 -0.56234999]
2.514620000002881	[-0.63020262  1.86240573 -0.56265712]
2.5146210000028812	[-0.6305423   1.86259998 -0.56296585]
2.5146220000028814	[-0.63088372  1.86279409 -0.56327618]
2.5146230000028815	[-0.63122688  1.86298808 -0.56358811]
2.5146240000028817	[-0.63157177  1.86318194 -0.56390164]
2.514625000002882	[-0.63191839  1.86337568 -0.56421675]
2.514626000002882	[-0.63226673  1.86356931 -0.56453344]
2.514627000002882	[-0.63261679  1.86376282 -0.56485171]
2.5146280000028822	[-0.63296855  1.86395622 -0.56517155]
2.5146290000028824	[-0.63332202  1.86414951 -0.56549296]
2.5146300000028825	[-0.63367718  1.86434271 -0.56581593]
2.5146310000028826	[-0.63403404  1.8645358  -0.56614045]
2.514632000002883	[-0.63439258  1.8647288  -0.56646653]
2.514633000002883	[-0.63475279  1.8649217  -0.56679414]
2.514634000002883	[-0.63511468  1.86511451 -0.56712329]
2.514635000002883	[-0.6354782   1.86530721 -0.56745394]
2.5146360000028833	[-0.6358433   1.86549877 -0.56778606]
2.5146370000028835	[-0.63621027  1.86569242 -0.56811987]
2.5146380000028836	[-0.63657876  1.86588491 -0.5684551 ]
2.5146390000028838	[-0.63694889  1.8660773  -0.56879183]
2.514640000002884	[-0.63732064  1.86626962 -0.56913005]
2.514641000002884	[-0.63769402  1.86646187 -0.56946976]
2.514642000002884	[-0.638069    1.86665405 -0.56981095]
2.5146430000028843	[-0.63844558  1.86684616 -0.57015362]
2.5146440000028845	[-0.63882375  1.86703819 -0.57049774]
2.5146450000028846	[-0.63920351  1.86723016 -0.57084333]
2.5146460000028847	[-0.63958484  1.86742206 -0.57119037]
2.514647000002885	[-0.63996775  1.86761388 -0.57153885]
2.514648000002885	[-0.64035221  1.86780566 -0.57188877]
2.514649000002885	[-0.64073822  1.86799737 -0.57224011]
2.5146500000028853	[-0.64112577  1.86818901 -0.57259286]
2.5146510000028854	[-0.64151487  1.86838059 -0.57294704]
2.5146520000028856	[-0.64190548  1.8685721  -0.57330261]
2.5146530000028857	[-0.64229761  1.86876356 -0.57365958]
2.514654000002886	[-0.64269124  1.86895495 -0.57401793]
2.514655000002886	[-0.64308637  1.86914628 -0.57437767]
2.514656000002886	[-0.64348299  1.86933754 -0.57473877]
2.5146570000028863	[-0.64388109  1.86952874 -0.57510123]
2.5146580000028864	[-0.64428067  1.86971988 -0.57546505]
2.5146590000028866	[-0.6446817   1.86991095 -0.57583022]
2.5146600000028867	[-0.64508418  1.87010196 -0.57619672]
2.514661000002887	[-0.64548811  1.8702929  -0.57656455]
2.514662000002887	[-0.64589347  1.87048377 -0.5769337 ]
2.514663000002887	[-0.64630026  1.87067457 -0.57730416]
2.5146640000028873	[-0.64670846  1.87086531 -0.57767592]
2.5146650000028874	[-0.64711808  1.87105597 -0.57804899]
2.5146660000028875	[-0.64752909  1.87124656 -0.57842334]
2.5146670000028877	[-0.64794149  1.87143707 -0.57879897]
2.514668000002888	[-0.64835527  1.87162751 -0.57917587]
2.514669000002888	[-0.64877043  1.87181787 -0.57955404]
2.514670000002888	[-0.64918694  1.87200815 -0.57993346]
2.5146710000028882	[-0.64960482  1.87219834 -0.58031413]
2.5146720000028884	[-0.65002403  1.87238845 -0.58069603]
2.5146730000028885	[-0.65044459  1.87257848 -0.58107918]
2.5146740000028887	[-0.65086648  1.87276841 -0.58146354]
2.514675000002889	[-0.65128968  1.87295826 -0.58184912]
2.514676000002889	[-0.6517142   1.873148   -0.58223591]
2.514677000002889	[-0.65214002  1.87333766 -0.58262391]
2.514678000002889	[-0.65256714  1.87352721 -0.58301309]
2.5146790000028894	[-0.65299555  1.87371666 -0.58340347]
2.5146800000028895	[-0.65342523  1.873906   -0.58379502]
2.5146810000028896	[-0.65385619  1.87409524 -0.58418775]
2.5146820000028898	[-0.65428841  1.87428437 -0.58458164]
2.51468300000289	[-0.6547219   1.87447339 -0.58497669]
2.51468400000289	[-0.65515663  1.87466229 -0.5853729 ]
2.51468500000289	[-0.65559261  1.87485107 -0.58577025]
2.5146860000028903	[-0.65602982  1.87503973 -0.58616874]
2.5146870000028905	[-0.65646826  1.87522826 -0.58656836]
2.5146880000028906	[-0.65690792  1.87541667 -0.5869691 ]
2.5146890000028908	[-0.65734879  1.87560495 -0.58737097]
2.514690000002891	[-0.65779088  1.8757931  -0.58777395]
2.514691000002891	[-0.65823416  1.87598111 -0.58817804]
2.514692000002891	[-0.65867865  1.87616898 -0.58858324]
2.5146930000028913	[-0.65912432  1.87635672 -0.58898952]
2.5146940000028914	[-0.65957117  1.87654431 -0.58939691]
2.5146950000028916	[-0.66001921  1.87673175 -0.58980537]
2.5146960000028917	[-0.66046841  1.87691905 -0.59021492]
2.514697000002892	[-0.66091879  1.87710619 -0.59062555]
2.514698000002892	[-0.66137032  1.87729319 -0.59103725]
2.514699000002892	[-0.66182301  1.87748003 -0.59145001]
2.5147000000028923	[-0.66227686  1.87766671 -0.59186384]
2.5147010000028924	[-0.66273185  1.87785323 -0.59227872]
2.5147020000028926	[-0.66318798  1.87803959 -0.59269466]
2.5147030000028927	[-0.66364525  1.87822579 -0.59311165]
2.514704000002893	[-0.66410365  1.87841182 -0.59352968]
2.514705000002893	[-0.66456319  1.87859769 -0.59394876]
2.514706000002893	[-0.66502385  1.87878339 -0.59436887]
2.5147070000028933	[-0.66548563  1.87896892 -0.59479002]
2.5147080000028934	[-0.66594853  1.87915428 -0.5952122 ]
2.5147090000028935	[-0.66641254  1.87933946 -0.59563542]
2.5147100000028937	[-0.66687767  1.87952448 -0.59605965]
2.514711000002894	[-0.66734391  1.87970933 -0.59648492]
2.514712000002894	[-0.66781103  1.87989316 -0.596911  ]
2.514713000002894	[-0.66827921  1.88008277 -0.59733804]
2.5147140000028942	[-0.66874923  1.88026283 -0.5977668 ]
2.5147150000028944	[-0.66921988  1.88044699 -0.59819613]
2.5147160000028945	[-0.66969163  1.88063096 -0.59862648]
2.5147170000028947	[-0.67016448  1.88081476 -0.59905785]
2.514718000002895	[-0.67063839  1.8809984  -0.59949019]
2.514719000002895	[-0.67111342  1.88118186 -0.59992357]
2.514720000002895	[-0.67158954  1.88136515 -0.60035795]
2.5147210000028952	[-0.67206675  1.88154827 -0.60079334]
2.5147220000028954	[-0.67254504  1.88173122 -0.60122973]
2.5147230000028955	[-0.67302442  1.881914   -0.60166712]
2.5147240000028956	[-0.67350489  1.88209662 -0.60210552]
2.514725000002896	[-0.67398644  1.88227908 -0.60254492]
2.514726000002896	[-0.67446908  1.88246138 -0.60298532]
2.514727000002896	[-0.67495281  1.88264352 -0.60342672]
2.514728000002896	[-0.67543762  1.8828255  -0.60386913]
2.5147290000028963	[-0.67592352  1.88300734 -0.60431254]
2.5147300000028965	[-0.6764105   1.88318902 -0.60475695]
2.5147310000028966	[-0.67689856  1.88337056 -0.60520236]
2.5147320000028968	[-0.67738772  1.88355195 -0.60564878]
2.514733000002897	[-0.67787796  1.88373322 -0.60609619]
2.514734000002897	[-0.67836929  1.88391436 -0.60654462]
2.514735000002897	[-0.67886171  1.88409536 -0.60699405]
2.5147360000028973	[-0.67935521  1.88427624 -0.60744448]
2.5147370000028975	[-0.67984981  1.884457   -0.60789592]
2.5147380000028976	[-0.6803455   1.88463764 -0.60834837]
2.5147390000028977	[-0.68084228  1.88481818 -0.60880183]
2.514740000002898	[-0.68134016  1.88499862 -0.6092563 ]
2.514741000002898	[-0.68183913  1.88517896 -0.60971177]
2.514742000002898	[-0.6823392   1.88535921 -0.61016827]
2.5147430000028983	[-0.68284037  1.88553938 -0.61062577]
2.5147440000028984	[-0.68334264  1.88571947 -0.6110843 ]
2.5147450000028986	[-0.68384601  1.88589949 -0.61154384]
2.5147460000028987	[-0.68435049  1.88607945 -0.6120044 ]
2.514747000002899	[-0.68485608  1.88625936 -0.61246598]
2.514748000002899	[-0.68536277  1.88643922 -0.61292859]
2.514749000002899	[-0.68587058  1.88661904 -0.61339222]
2.5147500000028993	[-0.68637949  1.88679883 -0.61385688]
2.5147510000028994	[-0.68688953  1.88697859 -0.61432257]
2.5147520000028996	[-0.68740068  1.88715834 -0.61478929]
2.5147530000028997	[-0.68791898  1.88731227 -0.61526274]
2.5147540000029	[-0.68842628  1.8875176  -0.61572578]
2.5147550000029	[-0.68894079  1.88769737 -0.6161956 ]
2.5147560000029	[-0.68945643  1.88787714 -0.61666646]
2.5147570000029003	[-0.6899732   1.88805694 -0.61713837]
2.5147580000029004	[-0.69049111  1.88823678 -0.61761132]
2.5147590000029005	[-0.69101015  1.88841668 -0.61808532]
2.5147600000029007	[-0.69153032  1.88859663 -0.61856037]
2.514761000002901	[-0.69205163  1.88877666 -0.61903646]
2.514762000002901	[-0.69257409  1.88895677 -0.61951361]
2.514763000002901	[-0.69309768  1.88913698 -0.61999182]
2.5147640000029012	[-0.69362239  1.88931735 -0.62047105]
2.5147650000029014	[-0.69414832  1.88949772 -0.6209514 ]
2.5147660000029015	[-0.69467536  1.88967828 -0.62143279]
2.5147670000029017	[-0.69520355  1.88985898 -0.62191523]
2.514768000002902	[-0.6957329   1.89003982 -0.62239874]
2.514769000002902	[-0.6962634   1.89022083 -0.62288332]
2.514770000002902	[-0.69679506  1.89040202 -0.62336896]
2.514771000002902	[-0.69732789  1.89058338 -0.62385568]
2.5147720000029024	[-0.69786187  1.89076495 -0.62434347]
2.5147730000029025	[-0.69839702  1.89094673 -0.62483233]
2.5147740000029026	[-0.69893333  1.89112873 -0.62532227]
2.5147750000029028	[-0.69947082  1.89131092 -0.62581328]
2.514776000002903	[-0.70000947  1.89149344 -0.62630538]
2.514777000002903	[-0.70054929  1.89167617 -0.62679855]
2.514778000002903	[-0.70109028  1.89185918 -0.6272928 ]
2.5147790000029033	[-0.70163245  1.89204248 -0.62778814]
2.5147800000029035	[-0.7021758   1.89222607 -0.62828456]
2.5147810000029036	[-0.70272031  1.89240997 -0.62878206]
2.5147820000029038	[-0.70326601  1.89259419 -0.62928065]
2.514783000002904	[-0.70381288  1.89277875 -0.62978033]
2.514784000002904	[-0.70436093  1.89296365 -0.63028109]
2.514785000002904	[-0.70491015  1.89314892 -0.63078293]
2.5147860000029043	[-0.70546057  1.89333454 -0.63128587]
2.5147870000029044	[-0.70601215  1.89352056 -0.6317899 ]
2.5147880000029046	[-0.70656493  1.89370699 -0.63229502]
2.5147890000029047	[-0.70711887  1.89389381 -0.63280121]
2.514790000002905	[-0.707674    1.89408106 -0.63330849]
2.514791000002905	[-0.7082303   1.89426874 -0.63381687]
2.514792000002905	[-0.70878779  1.89445687 -0.63432633]
2.5147930000029053	[-0.70934645  1.89464546 -0.63483688]
2.5147940000029054	[-0.70990629  1.89483452 -0.63534851]
2.5147950000029056	[-0.71046731  1.89502407 -0.63586123]
2.5147960000029057	[-0.7110295   1.89521411 -0.63637503]
2.514797000002906	[-0.71159285  1.89540463 -0.63688991]
2.514798000002906	[-0.71215741  1.89559573 -0.63740588]
2.514799000002906	[-0.71272312  1.89578733 -0.63792293]
2.5148000000029063	[-0.71329     1.89597947 -0.63844106]
2.5148010000029064	[-0.71385806  1.89617213 -0.63896027]
2.5148020000029065	[-0.71442726  1.89636544 -0.63948054]
2.5148030000029067	[-0.71499764  1.89655928 -0.64000189]
2.514804000002907	[-0.71556918  1.8967537  -0.64052431]
2.514805000002907	[-0.71614188  1.89694873 -0.6410478 ]
2.514806000002907	[-0.71671574  1.89714436 -0.64157235]
2.5148070000029072	[-0.71729074  1.89734062 -0.64209797]
2.5148080000029074	[-0.7178669   1.8975375  -0.64262465]
2.5148090000029075	[-0.7184442   1.89773503 -0.64315238]
2.5148100000029077	[-0.71902264  1.89791452 -0.64368111]
2.514811000002908	[-0.71960199  1.89813212 -0.64421079]
2.514812000002908	[-0.72018272  1.89833165 -0.64474168]
2.514813000002908	[-0.72076456  1.89853182 -0.6452736 ]
2.5148140000029082	[-0.72134755  1.89873268 -0.64580658]
2.5148150000029084	[-0.72193165  1.89893423 -0.64634058]
2.5148160000029085	[-0.72251688  1.89913644 -0.64687562]
2.5148170000029086	[-0.72310321  1.89933946 -0.64741167]
2.514818000002909	[-0.72369065  1.89954315 -0.64794875]
2.514819000002909	[-0.72427919  1.89974757 -0.64848685]
2.514820000002909	[-0.72486883  1.89995273 -0.64902596]
2.514821000002909	[-0.72545957  1.90015862 -0.64956607]
2.5148220000029093	[-0.72605139  1.90036528 -0.65010719]
2.5148230000029095	[-0.72664429  1.90057268 -0.65064931]
2.5148240000029096	[-0.72723827  1.90078084 -0.65119241]
2.5148250000029098	[-0.72783331  1.90098978 -0.6517365 ]
2.51482600000291	[-0.72842942  1.90119949 -0.65228158]
2.51482700000291	[-0.72902659  1.90140998 -0.65282762]
2.51482800000291	[-0.7296248   1.90162126 -0.65337463]
2.5148290000029103	[-0.73022406  1.90183333 -0.65392261]
2.5148300000029105	[-0.73082435  1.90204619 -0.65447153]
2.5148310000029106	[-0.73142567  1.90225985 -0.65502141]
2.5148320000029107	[-0.73202801  1.90247432 -0.65557223]
2.514833000002911	[-0.73263136  1.9026896  -0.65612398]
2.514834000002911	[-0.73323572  1.90290568 -0.65667666]
2.514835000002911	[-0.73384108  1.90312257 -0.65723026]
2.5148360000029113	[-0.73444743  1.9033403  -0.65778477]
2.5148370000029114	[-0.73505477  1.90355885 -0.6583402 ]
2.5148380000029116	[-0.73566307  1.9037782  -0.65889651]
2.5148390000029117	[-0.73627234  1.90399834 -0.65945372]
2.514840000002912	[-0.73688257  1.9042194  -0.66001182]
2.514841000002912	[-0.73749376  1.90444124 -0.6605708 ]
2.514842000002912	[-0.73810588  1.90466392 -0.66113063]
2.5148430000029123	[-0.73871892  1.90488739 -0.66169132]
2.5148440000029124	[-0.73933289  1.90511173 -0.66225286]
2.5148450000029126	[-0.73994778  1.90533689 -0.66281525]
2.5148460000029127	[-0.74056356  1.90556287 -0.66337847]
2.514847000002913	[-0.74118026  1.90578969 -0.66394253]
2.514848000002913	[-0.74179783  1.90601734 -0.6645074 ]
2.514849000002913	[-0.74241629  1.90624582 -0.66507308]
2.5148500000029133	[-0.74303561  1.90647513 -0.66563956]
2.5148510000029134	[-0.74365579  1.90670525 -0.66620683]
2.5148520000029135	[-0.74427682  1.90693622 -0.66677489]
2.5148530000029137	[-0.74489869  1.907168   -0.66734372]
2.514854000002914	[-0.74552138  1.9074006  -0.66791331]
2.514855000002914	[-0.7461449   1.90763402 -0.66848367]
2.514856000002914	[-0.74676923  1.90786825 -0.66905477]
2.5148570000029142	[-0.74739436  1.90810329 -0.66962661]
2.5148580000029144	[-0.74802028  1.90833916 -0.67019917]
2.5148590000029145	[-0.74864697  1.90857583 -0.67077246]
2.5148600000029147	[-0.74927444  1.90881329 -0.67134646]
2.514861000002915	[-0.74990267  1.90905156 -0.67192117]
2.514862000002915	[-0.75053165  1.90929062 -0.67249656]
2.514863000002915	[-0.75116137  1.90953048 -0.67307264]
2.514864000002915	[-0.75179183  1.90977112 -0.67364939]
2.5148650000029154	[-0.75242301  1.91001254 -0.67422682]
2.5148660000029155	[-0.75305487  1.91025477 -0.67480488]
2.5148670000029156	[-0.75368746  1.91049772 -0.67538361]
2.5148680000029158	[-0.75432071  1.91074146 -0.67596295]
2.514869000002916	[-0.75495468  1.91098596 -0.67654295]
2.514870000002916	[-0.7555893   1.91123122 -0.67712355]
2.514871000002916	[-0.75622458  1.91147723 -0.67770477]
2.5148720000029163	[-0.75686049  1.91172396 -0.67828657]
2.5148730000029165	[-0.75749707  1.91197149 -0.67886899]
2.5148740000029166	[-0.75813427  1.91221972 -0.67945197]
2.5148750000029167	[-0.75877208  1.91246868 -0.68003553]
2.514876000002917	[-0.75941051  1.91271837 -0.68061965]
2.514877000002917	[-0.76004954  1.91296874 -0.68120433]
2.514878000002917	[-0.76068915  1.91321987 -0.68178955]
2.5148790000029173	[-0.76132934  1.91347168 -0.68237531]
2.5148800000029174	[-0.76197011  1.91372419 -0.68296159]
2.5148810000029176	[-0.76261143  1.91397739 -0.68354839]
2.5148820000029177	[-0.7632533   1.91423127 -0.68413571]
2.514883000002918	[-0.76389572  1.91448579 -0.68472352]
2.514884000002918	[-0.76453866  1.91474106 -0.68531182]
2.514885000002918	[-0.76518213  1.91499696 -0.68590061]
2.5148860000029183	[-0.76582611  1.91525351 -0.68648987]
2.5148870000029184	[-0.76647061  1.91551069 -0.6870796 ]
2.5148880000029186	[-0.76711562  1.91576874 -0.68766983]
2.5148890000029187	[-0.76776103  1.91602703 -0.68826041]
2.514890000002919	[-0.76840697  1.91628615 -0.68885149]
2.514891000002919	[-0.76905337  1.91654588 -0.68944299]
2.514892000002919	[-0.76970025  1.91680623 -0.69003493]
2.5148930000029193	[-0.77034754  1.9170672  -0.69062726]
2.5148940000029194	[-0.77099529  1.91732877 -0.69122002]
2.5148950000029195	[-0.77164347  1.91759094 -0.69181317]
2.5148960000029197	[-0.77229207  1.9178537  -0.69240671]
2.51489700000292	[-0.77294109  1.91811704 -0.69300064]
2.51489800000292	[-0.77359051  1.91838093 -0.69359494]
2.51489900000292	[-0.77424033  1.91864546 -0.69418961]
2.5149000000029202	[-0.77489054  1.91891052 -0.69478465]
2.5149010000029204	[-0.77554113  1.91917614 -0.69538004]
2.5149020000029205	[-0.77619209  1.91944232 -0.69597577]
2.5149030000029207	[-0.77684342  1.91970902 -0.69657185]
2.514904000002921	[-0.77749511  1.91997633 -0.69716825]
2.514905000002921	[-0.77814715  1.92024414 -0.69776498]
2.514906000002921	[-0.77879953  1.92051248 -0.69836204]
2.5149070000029212	[-0.77945224  1.92078135 -0.6989594 ]
2.5149080000029214	[-0.78010528  1.92105075 -0.69955707]
2.5149090000029215	[-0.78075865  1.92132067 -0.70015503]
2.5149100000029216	[-0.78141234  1.92159108 -0.7007533 ]
2.514911000002922	[-0.78206631  1.92186203 -0.70135183]
2.514912000002922	[-0.7827206   1.92213348 -0.70195066]
2.514913000002922	[-0.78337518  1.92240543 -0.70254976]
2.514914000002922	[-0.78403006  1.92267788 -0.70314914]
2.5149150000029223	[-0.78468519  1.92295079 -0.70374875]
2.5149160000029225	[-0.78534062  1.92322424 -0.70434864]
2.5149170000029226	[-0.78599631  1.92349815 -0.70494877]
2.5149180000029228	[-0.78665228  1.92377256 -0.70554916]
2.514919000002923	[-0.78730848  1.92404743 -0.70614977]
2.514920000002923	[-0.78796494  1.92432279 -0.70675062]
2.514921000002923	[-0.78862164  1.92459862 -0.7073517 ]
2.5149220000029233	[-0.78927858  1.92487488 -0.707953  ]
2.5149230000029235	[-0.78993577  1.92515171 -0.70855453]
2.5149240000029236	[-0.79059318  1.92542897 -0.70915626]
2.5149250000029237	[-0.79124864  1.92574703 -0.70975603]
2.514926000002924	[-0.79190875  1.92598497 -0.71036043]
2.514927000002924	[-0.79256679  1.92626368 -0.71096276]
2.514928000002924	[-0.79322506  1.92654284 -0.7115653 ]
2.5149290000029243	[-0.79388354  1.92682246 -0.71216804]
2.5149300000029244	[-0.79454221  1.92710256 -0.71277096]
2.5149310000029246	[-0.79520108  1.92738311 -0.71337406]
2.5149320000029247	[-0.79586013  1.92766413 -0.71397734]
2.514933000002925	[-0.79651937  1.92794562 -0.71458079]
2.514934000002925	[-0.79717879  1.92822758 -0.71518441]
2.514935000002925	[-0.79783839  1.92851    -0.7157882 ]
2.5149360000029253	[-0.79849825  1.92879288 -0.71639224]
2.5149370000029254	[-0.7991581   1.92907624 -0.71699626]
2.5149380000029256	[-0.7998182   1.92936007 -0.71760053]
2.5149390000029257	[-0.80047846  1.92964438 -0.71820494]
2.514940000002926	[-0.80113888  1.92992916 -0.7188095 ]
2.514941000002926	[-0.80179945  1.93021442 -0.71941421]
2.514942000002926	[-0.80246018  1.93050016 -0.72001906]
2.5149430000029263	[-0.80312105  1.93078638 -0.72062404]
2.5149440000029264	[-0.80378206  1.93107309 -0.72122916]
2.5149450000029265	[-0.80444321  1.93136029 -0.72183441]
2.5149460000029267	[-0.8051045   1.93164798 -0.72243979]
2.514947000002927	[-0.80576609  1.93193635 -0.72304546]
2.514948000002927	[-0.80642746  1.93222486 -0.72365093]
2.514949000002927	[-0.80708914  1.93251405 -0.72425668]
2.5149500000029272	[-0.80775094  1.93280376 -0.72486254]
2.5149510000029274	[-0.80841286  1.93309398 -0.72546852]
2.5149520000029275	[-0.80907489  1.93338472 -0.72607461]
2.5149530000029277	[-0.80973705  1.93367598 -0.72668081]
2.514954000002928	[-0.81039931  1.93396777 -0.72728712]
2.514955000002928	[-0.81106168  1.9342601  -0.72789353]
2.514956000002928	[-0.81172416  1.93455296 -0.72850003]
2.514957000002928	[-0.81238674  1.93484637 -0.72910665]
2.5149580000029284	[-0.81304942  1.93514033 -0.72971335]
2.5149590000029285	[-0.8137122   1.93543485 -0.73032015]
2.5149600000029286	[-0.81437507  1.93572993 -0.73092703]
2.5149610000029288	[-0.81503804  1.93602558 -0.73153401]
2.514962000002929	[-0.81570109  1.93632179 -0.73214107]
2.514963000002929	[-0.81636424  1.93661861 -0.73274822]
2.514964000002929	[-0.81702748  1.93691601 -0.73335545]
2.5149650000029293	[-0.81769079  1.937214   -0.73396276]
2.5149660000029295	[-0.81835418  1.93751259 -0.73457014]
2.5149670000029296	[-0.81901765  1.9378118  -0.7351776 ]
2.5149680000029297	[-0.81968119  1.93811162 -0.73578514]
2.51496900000293	[-0.82034481  1.93841206 -0.73639274]
2.51497000000293	[-0.8210085   1.93871313 -0.73700041]
2.51497100000293	[-0.82167225  1.93901484 -0.73760814]
2.5149720000029303	[-0.82233607  1.9393172  -0.73821594]
2.5149730000029304	[-0.82299995  1.93962021 -0.73882379]
2.5149740000029306	[-0.82366389  1.93992387 -0.73943171]
2.5149750000029307	[-0.82432788  1.94022821 -0.74003968]
2.514976000002931	[-0.82499194  1.94053322 -0.7406477 ]
2.514977000002931	[-0.82565604  1.94083891 -0.74125578]
2.514978000002931	[-0.82632019  1.94114529 -0.7418639 ]
2.5149790000029313	[-0.82698439  1.94145237 -0.74247207]
2.5149800000029314	[-0.82764863  1.94176015 -0.74308028]
2.5149810000029316	[-0.82831269  1.94206849 -0.74368834]
2.5149820000029317	[-0.82897723  1.94237786 -0.74429682]
2.514983000002932	[-0.82964159  1.9426878  -0.74490515]
2.514984000002932	[-0.83030598  1.94299847 -0.74551351]
2.514985000002932	[-0.8309704   1.94330989 -0.74612191]
2.5149860000029323	[-0.83163484  1.94362205 -0.74673033]
2.5149870000029324	[-0.83229931  1.94393497 -0.74733877]
2.5149880000029325	[-0.8329638   1.94424865 -0.74794724]
2.5149890000029327	[-0.83362831  1.9445631  -0.74855573]
2.514990000002933	[-0.83429284  1.94487832 -0.74916424]
2.514991000002933	[-0.83495738  1.94519433 -0.74977276]
2.514992000002933	[-0.83562192  1.94551113 -0.75038129]
2.5149930000029332	[-0.83628647  1.94582872 -0.75098983]
2.5149940000029334	[-0.83695102  1.94614712 -0.75159837]
2.5149950000029335	[-0.83761558  1.94646632 -0.75220692]
2.5149960000029337	[-0.83828012  1.94678634 -0.75281546]
2.514997000002934	[-0.83894467  1.94710718 -0.75342401]
2.514998000002934	[-0.83960919  1.94742884 -0.75403254]
2.514999000002934	[-0.84027371  1.94775134 -0.75464107]
2.515000000002934	[-0.8409382   1.94807467 -0.75524958]
2.5150010000029344	[-0.84160268  1.94839884 -0.75585807]
2.5150020000029345	[-0.84226712  1.94872386 -0.75646655]
2.5150030000029346	[-0.84293154  1.94904974 -0.75707499]
2.515004000002935	[-0.84359593  1.94937647 -0.75768342]
2.515005000002935	[-0.84426028  1.94970406 -0.75829181]
2.515006000002935	[-0.84492458  1.95003252 -0.75890017]
2.515007000002935	[-0.84558884  1.95036184 -0.75950849]
2.5150080000029353	[-0.84625306  1.95069204 -0.76011676]
2.5150090000029355	[-0.84691722  1.95102311 -0.76072499]
2.5150100000029356	[-0.84758132  1.95135506 -0.76133318]
2.5150110000029358	[-0.84824536  1.9516879  -0.76194131]
2.515012000002936	[-0.84890933  1.95202162 -0.76254938]
2.515013000002936	[-0.84957035  1.95231652 -0.76315486]
2.515014000002936	[-0.85023645  1.95269167 -0.76376476]
2.5150150000029363	[-0.85090024  1.95302797 -0.76437266]
2.5150160000029365	[-0.8515639   1.95336524 -0.76498046]
2.5150170000029366	[-0.85222749  1.95370342 -0.76558819]
2.5150180000029367	[-0.85289096  1.95404246 -0.76619582]
2.515019000002937	[-0.85355435  1.95438241 -0.76680338]
2.515020000002937	[-0.85421763  1.95472326 -0.76741084]
2.515021000002937	[-0.85488081  1.95506501 -0.7680182 ]
2.5150220000029373	[-0.85554387  1.95540765 -0.76862547]
2.5150230000029374	[-0.85620682  1.95575119 -0.76923264]
2.5150240000029376	[-0.85686965  1.95609562 -0.76983969]
2.5150250000029377	[-0.85753235  1.95644094 -0.77044663]
2.515026000002938	[-0.85819492  1.95678717 -0.77105346]
2.515027000002938	[-0.85885735  1.95713428 -0.77166016]
2.515028000002938	[-0.85951964  1.95748228 -0.77226674]
2.5150290000029383	[-0.86018179  1.95783116 -0.77287318]
2.5150300000029384	[-0.86084378  1.95818094 -0.77347949]
2.5150310000029386	[-0.86150561  1.95853159 -0.77408565]
2.5150320000029387	[-0.86216728  1.95888312 -0.77469167]
2.515033000002939	[-0.86282879  1.95923553 -0.77529754]
2.515034000002939	[-0.86349012  1.9595888  -0.77590325]
2.515035000002939	[-0.86415127  1.95994295 -0.77650881]
2.5150360000029393	[-0.86481224  1.96029796 -0.77711419]
2.5150370000029394	[-0.86547302  1.96065382 -0.77771941]
2.5150380000029395	[-0.8661336   1.96101054 -0.77832445]
2.5150390000029397	[-0.86679399  1.96136811 -0.77892931]
2.51504000000294	[-0.86745417  1.96172652 -0.77953398]
2.51504100000294	[-0.86811413  1.96208576 -0.78013846]
2.51504200000294	[-0.86877389  1.96244584 -0.78074275]
2.5150430000029402	[-0.86943341  1.96280673 -0.78134684]
2.5150440000029404	[-0.87009271  1.96316845 -0.78195072]
2.5150450000029405	[-0.87075178  1.96353097 -0.78255439]
2.5150460000029407	[-0.87141061  1.9638943  -0.78315784]
2.515047000002941	[-0.87206918  1.96425842 -0.78376106]
2.515048000002941	[-0.87272752  1.96462334 -0.78436407]
2.515049000002941	[-0.8733856   1.96498903 -0.78496684]
2.515050000002941	[-0.87404341  1.96535549 -0.78556938]
2.5150510000029414	[-0.87470096  1.96572271 -0.78617167]
2.5150520000029415	[-0.87535824  1.96609069 -0.78677372]
2.5150530000029416	[-0.87601523  1.96645941 -0.78737551]
2.5150540000029418	[-0.87667195  1.96682886 -0.78797705]
2.515055000002942	[-0.87732837  1.96719905 -0.78857832]
2.515056000002942	[-0.8779845   1.96756995 -0.78917933]
2.515057000002942	[-0.87864032  1.96794155 -0.78978006]
2.5150580000029423	[-0.87929584  1.96831385 -0.79038051]
2.5150590000029425	[-0.87995105  1.96868684 -0.79098068]
2.5150600000029426	[-0.88060594  1.9690605  -0.79158057]
2.5150610000029427	[-0.88126051  1.96943482 -0.79218016]
2.515062000002943	[-0.88191475  1.96980981 -0.79277945]
2.515063000002943	[-0.88256866  1.97018543 -0.79337844]
2.515064000002943	[-0.88322222  1.97056168 -0.79397712]
2.5150650000029433	[-0.88387544  1.97093855 -0.79457548]
2.5150660000029434	[-0.88452832  1.97131604 -0.79517353]
2.5150670000029436	[-0.88518083  1.97169412 -0.79577126]
2.5150680000029437	[-0.88583299  1.97207278 -0.79636866]
2.515069000002944	[-0.88648477  1.97245202 -0.79696572]
2.515070000002944	[-0.88713619  1.97283182 -0.79756245]
2.515071000002944	[-0.88778723  1.97321216 -0.79815883]
2.5150720000029443	[-0.88843789  1.97359305 -0.79875487]
2.5150730000029444	[-0.88908816  1.97397446 -0.79935055]
2.5150740000029446	[-0.88973804  1.97435638 -0.79994588]
2.5150750000029447	[-0.89038752  1.9747388  -0.80054085]
2.515076000002945	[-0.8910366   1.97512171 -0.80113545]
2.515077000002945	[-0.89168528  1.9755051  -0.80172968]
2.515078000002945	[-0.89233354  1.97588895 -0.80232354]
2.5150790000029453	[-0.89298138  1.97627325 -0.80291701]
2.5150800000029454	[-0.8936288   1.97665798 -0.8035101 ]
2.5150810000029455	[-0.89427579  1.97704314 -0.80410281]
2.5150820000029457	[-0.89492236  1.97742872 -0.80469512]
2.515083000002946	[-0.89556848  1.97781469 -0.80528703]
2.515084000002946	[-0.89621417  1.97820106 -0.80587854]
2.515085000002946	[-0.89685941  1.9785878  -0.80646965]
2.5150860000029462	[-0.8975042   1.9789749  -0.80706034]
2.5150870000029464	[-0.89814853  1.97936235 -0.80765063]
2.5150880000029465	[-0.89879241  1.97975014 -0.80824049]
2.5150890000029467	[-0.89943582  1.98013824 -0.80882993]
2.515090000002947	[-0.90007876  1.98052669 -0.80941895]
2.515091000002947	[-0.90072123  1.98091542 -0.81000754]
2.515092000002947	[-0.90136323  1.98130445 -0.81059569]
2.515093000002947	[-0.90200474  1.98169375 -0.8111834 ]
2.5150940000029474	[-0.90264577  1.98208332 -0.81177067]
2.5150950000029475	[-0.90328631  1.98247315 -0.8123575 ]
2.5150960000029476	[-0.90392636  1.98286322 -0.81294388]
2.515097000002948	[-0.90456591  1.98325352 -0.8135298 ]
2.515098000002948	[-0.90520495  1.98364404 -0.81411527]
2.515099000002948	[-0.9058435   1.98403478 -0.81470028]
2.515100000002948	[-0.90648153  1.98442571 -0.81528483]
2.5151010000029483	[-0.90711905  1.98481684 -0.8158689 ]
2.5151020000029485	[-0.90775606  1.98520814 -0.81645251]
2.5151030000029486	[-0.90839254  1.98559962 -0.81703565]
2.5151040000029488	[-0.9090285   1.98599125 -0.8176183 ]
2.515105000002949	[-0.90966394  1.98638303 -0.81820048]
2.515106000002949	[-0.91029884  1.98677495 -0.81878217]
2.515107000002949	[-0.91093455  1.98717195 -0.81936473]
2.5151080000029493	[-0.91156725  1.98755906 -0.81994428]
2.5151090000029495	[-0.91220052  1.98795131 -0.82052449]
2.5151100000029496	[-0.91283326  1.9883437  -0.82110421]
2.5151110000029497	[-0.91346545  1.98873618 -0.82168344]
2.51511200000295	[-0.9140971   1.98912876 -0.82226216]
2.51511300000295	[-0.91472818  1.98952141 -0.82284037]
2.51511400000295	[-0.91535871  1.98991413 -0.82341808]
2.5151150000029503	[-0.91597729  1.99032602 -0.82398421]
2.5151160000029504	[-0.91661809  1.9907015  -0.82457199]
2.5151170000029506	[-0.91724699  1.99109382 -0.82514821]
2.5151180000029507	[-0.91787526  1.99148678 -0.82572386]
2.515119000002951	[-0.91850295  1.99187979 -0.82629898]
2.515120000002951	[-0.91913007  1.99227283 -0.82687358]
2.515121000002951	[-0.91975661  1.9926659  -0.82744765]
2.5151220000029513	[-0.92038256  1.99305899 -0.82802119]
2.5151230000029514	[-0.92100793  1.9934521  -0.8285942 ]
2.5151240000029516	[-0.92163271  1.99384523 -0.82916667]
2.5151250000029517	[-0.9222569   1.99423837 -0.8297386 ]
2.515126000002952	[-0.9228805   1.99463151 -0.83030999]
2.515127000002952	[-0.92350349  1.99502465 -0.83088084]
2.515128000002952	[-0.92412589  1.9954178  -0.83145114]
2.5151290000029523	[-0.92474769  1.9958109  -0.83202089]
2.5151300000029524	[-0.92536889  1.99620408 -0.8325901 ]
2.5151310000029525	[-0.92598946  1.9965972  -0.83315874]
2.5151320000029527	[-0.92660943  1.99699032 -0.83372682]
2.515133000002953	[-0.92722879  1.99738342 -0.83429435]
2.515134000002953	[-0.92784753  1.99777651 -0.83486132]
2.515135000002953	[-0.92846565  1.99816959 -0.83542772]
2.5151360000029532	[-0.92908316  1.99856269 -0.83599356]
2.5151370000029534	[-0.92970003  1.99895574 -0.83655883]
2.5151380000029535	[-0.9303162   1.99934914 -0.83712346]
2.5151390000029537	[-0.9309319   1.99974177 -0.83768765]
2.515140000002954	[-0.93154688  2.00013476 -0.83825119]
2.515141000002954	[-0.93216123  2.00052778 -0.83881416]
2.515142000002954	[-0.93277495  2.00092077 -0.83937654]
2.515143000002954	[-0.933388    2.00131376 -0.83993833]
2.5151440000029543	[-0.93400044  2.00170673 -0.84049956]
2.5151450000029545	[-0.93461222  2.0020997  -0.84106018]
2.5151460000029546	[-0.93522337  2.00249267 -0.84162023]
2.5151470000029548	[-0.93583384  2.00288563 -0.84217966]
2.515148000002955	[-0.93644366  2.00327861 -0.8427385 ]
2.515149000002955	[-0.93705283  2.00367159 -0.84329675]
2.515150000002955	[-0.93766134  2.00406459 -0.84385439]
2.5151510000029553	[-0.93826916  2.00445817 -0.84441141]
2.5151520000029555	[-0.93887636  2.00485063 -0.84496787]
2.5151530000029556	[-0.93948285  2.00524369 -0.84552367]
2.5151540000029557	[-0.94008871  2.00563678 -0.8460789 ]
2.515155000002956	[-0.94069387  2.0060299  -0.8466335 ]
2.515156000002956	[-0.94129836  2.00642307 -0.84718748]
2.515157000002956	[-0.94190217  2.00681629 -0.84774084]
2.5151580000029563	[-0.94250529  2.00720956 -0.84829357]
2.5151590000029564	[-0.94310773  2.00760288 -0.84884569]
2.5151600000029566	[-0.94370947  2.00799628 -0.84939717]
2.5151610000029567	[-0.94431053  2.00838975 -0.84994803]
2.515162000002957	[-0.94491088  2.0087833  -0.85049824]
2.515163000002957	[-0.94551055  2.00917692 -0.85104782]
2.515164000002957	[-0.94610951  2.00957066 -0.85159678]
2.5151650000029573	[-0.94670777  2.00996449 -0.85214508]
2.5151660000029574	[-0.94730531  2.01035844 -0.85269274]
2.5151670000029576	[-0.94790215  2.0107525  -0.85323975]
2.5151680000029577	[-0.94849827  2.01114669 -0.85378611]
2.515169000002958	[-0.94909367  2.01154101 -0.85433181]
2.515170000002958	[-0.94968836  2.01193547 -0.85487686]
2.515171000002958	[-0.95028232  2.01233009 -0.85542125]
2.5151720000029583	[-0.95087554  2.01272486 -0.85596497]
2.5151730000029584	[-0.95146805  2.01311982 -0.85650804]
2.5151740000029585	[-0.95205981  2.01351495 -0.85705042]
2.5151750000029587	[-0.95265355  2.01390675 -0.8575945 ]
2.515176000002959	[-0.95324113  2.01430576 -0.85813319]
2.515177000002959	[-0.95383066  2.01470158 -0.85867355]
2.515178000002959	[-0.95441945  2.01509751 -0.85921323]
2.5151790000029592	[-0.9550075   2.01549368 -0.85975223]
2.5151800000029594	[-0.95559478  2.01589007 -0.86029054]
2.5151810000029595	[-0.95618131  2.01628671 -0.86082816]
2.5151820000029597	[-0.95676707  2.01668361 -0.86136508]
2.51518300000296	[-0.95735207  2.01708078 -0.86190131]
2.51518400000296	[-0.95793629  2.01747821 -0.86243683]
2.51518500000296	[-0.95851974  2.01787593 -0.86297164]
2.51518600000296	[-0.95910241  2.01827395 -0.86350575]
2.5151870000029604	[-0.95968429  2.01867227 -0.86403914]
2.5151880000029605	[-0.9602654   2.01907091 -0.86457182]
2.5151890000029606	[-0.9608457   2.01946987 -0.86510377]
2.515190000002961	[-0.96142523  2.01986916 -0.86563501]
2.515191000002961	[-0.96200395  2.0202688  -0.86616552]
2.515192000002961	[-0.96258185  2.02066879 -0.86669528]
2.515193000002961	[-0.96315897  2.02106914 -0.86722434]
2.5151940000029613	[-0.96373527  2.02146987 -0.86775264]
2.5151950000029615	[-0.96431075  2.02187098 -0.8682802 ]
2.5151960000029616	[-0.96488542  2.02227248 -0.86880702]
2.5151970000029618	[-0.96545926  2.02267439 -0.86933308]
2.515198000002962	[-0.96603228  2.0230767  -0.86985839]
2.515199000002962	[-0.96660446  2.02347944 -0.87038295]
2.515200000002962	[-0.96717581  2.0238826  -0.87090674]
2.5152010000029623	[-0.96774632  2.02428621 -0.87142977]
2.5152020000029625	[-0.96831598  2.02469026 -0.87195203]
2.5152030000029626	[-0.9688848   2.02509477 -0.87247352]
2.5152040000029627	[-0.96945277  2.02549974 -0.87299424]
2.515205000002963	[-0.97001988  2.02590519 -0.87351417]
2.515206000002963	[-0.97058613  2.02631112 -0.87403332]
2.515207000002963	[-0.97115151  2.02671753 -0.87455168]
2.5152080000029633	[-0.97171603  2.02712445 -0.87506925]
2.5152090000029634	[-0.97227797  2.02751474 -0.87558461]
2.5152100000029636	[-0.97284235  2.0279398  -0.87610194]
2.5152110000029637	[-0.97340426  2.02834819 -0.87661713]
2.515212000002964	[-0.97396525  2.02875716 -0.87713149]
2.515213000002964	[-0.97452536  2.02916667 -0.87764505]
2.515214000002964	[-0.97508457  2.02957672 -0.87815778]
2.5152150000029643	[-0.97564288  2.02998732 -0.8786697 ]
2.5152160000029644	[-0.97620029  2.03039847 -0.8791808 ]
2.5152170000029646	[-0.97675679  2.03081019 -0.87969107]
2.5152180000029647	[-0.97731335  2.03125621 -0.88020199]
2.515219000002965	[-0.97786734  2.03163498 -0.88070937]
2.515220000002965	[-0.9784211   2.03204828 -0.88121714]
2.515221000002965	[-0.97897393  2.03246232 -0.88172407]
2.5152220000029653	[-0.97952583  2.0328769  -0.88223015]
2.5152230000029654	[-0.9800768   2.0332921  -0.88273539]
2.5152240000029655	[-0.98062684  2.0337079  -0.88323977]
2.5152250000029657	[-0.98117594  2.03412429 -0.8837433 ]
2.515226000002966	[-0.98172409  2.0345413  -0.88424597]
2.515227000002966	[-0.9822713   2.03495891 -0.88474777]
2.515228000002966	[-0.98281755  2.03537714 -0.88524871]
2.5152290000029662	[-0.98336285  2.03579598 -0.88574878]
2.5152300000029664	[-0.98390719  2.03621544 -0.88624798]
2.5152310000029665	[-0.98445057  2.03663552 -0.8867463 ]
2.5152320000029667	[-0.98499298  2.03705623 -0.88724373]
2.515233000002967	[-0.98553442  2.03747756 -0.88774029]
2.515234000002967	[-0.98607489  2.03789952 -0.88823596]
2.515235000002967	[-0.98661438  2.03832211 -0.88873074]
2.515236000002967	[-0.98715289  2.03874532 -0.88922462]
2.5152370000029673	[-0.98769042  2.03916917 -0.88971761]
2.5152380000029675	[-0.98822694  2.03959368 -0.89020969]
2.5152390000029676	[-0.9887625   2.04001879 -0.89070089]
2.5152400000029678	[-0.98929706  2.04044454 -0.89119117]
2.515241000002968	[-0.98983061  2.04087091 -0.89168055]
2.515242000002968	[-0.99036316  2.04129794 -0.89216901]
2.515243000002968	[-0.99089472  2.04172559 -0.89265656]
2.5152440000029683	[-0.99142526  2.04215387 -0.89314319]
2.5152450000029685	[-0.99195479  2.04258278 -0.8936289 ]
2.5152460000029686	[-0.99248332  2.04301232 -0.89411369]
2.5152470000029687	[-0.99301082  2.04344248 -0.89459755]
2.515248000002969	[-0.99353731  2.04387327 -0.89508049]
2.515249000002969	[-0.99406277  2.04430467 -0.8955625 ]
2.515250000002969	[-0.99458722  2.04473672 -0.89604357]
2.5152510000029693	[-0.99511063  2.04516937 -0.89652371]
2.5152520000029694	[-0.99563302  2.04560264 -0.89700292]
2.5152530000029696	[-0.99615437  2.04603653 -0.89748118]
2.5152540000029697	[-0.9966747   2.04647101 -0.89795851]
2.51525500000297	[-0.99719399  2.0469061  -0.89843489]
2.51525600000297	[-0.99771223  2.04734179 -0.89891032]
2.51525700000297	[-0.99822945  2.04777808 -0.89938482]
2.5152580000029703	[-0.99874561  2.04821497 -0.89985835]
2.5152590000029704	[-0.99926073  2.04865244 -0.90033094]
2.5152600000029706	[-0.99977481  2.0490905  -0.90080258]
2.5152610000029707	[-1.00028783  2.04952913 -0.90127326]
2.515262000002971	[-1.00079981  2.04996834 -0.90174298]
2.515263000002971	[-1.00131074  2.05040812 -0.90221175]
2.515264000002971	[-1.00182061  2.05084847 -0.90267957]
2.5152650000029713	[-1.00232943  2.05128937 -0.90314642]
2.5152660000029714	[-1.0028372   2.05173082 -0.90361231]
2.5152670000029715	[-1.00334391  2.05217283 -0.90407724]
2.5152680000029717	[-1.00384955  2.05261536 -0.9045412 ]
2.515269000002972	[-1.00435414  2.05305844 -0.9050042 ]
2.515270000002972	[-1.00485764  2.05350215 -0.90546621]
2.515271000002972	[-1.00536014  2.05394618 -0.9059273 ]
2.5152720000029722	[-1.00586154  2.05439082 -0.9063874 ]
2.5152730000029724	[-1.00636188  2.05483598 -0.90684653]
2.5152740000029725	[-1.00686116  2.05528163 -0.9073047 ]
2.5152750000029727	[-1.00735937  2.05572778 -0.90776189]
2.515276000002973	[-1.00785651  2.05617443 -0.90821811]
2.515277000002973	[-1.00835259  2.05662155 -0.90867337]
2.515278000002973	[-1.0088476   2.05706915 -0.90912765]
2.515279000002973	[-1.00934155  2.05751722 -0.90958096]
2.5152800000029734	[-1.00983443  2.05796575 -0.9100333 ]
2.5152810000029735	[-1.01032623  2.05841474 -0.91048466]
2.5152820000029736	[-1.01081697  2.05886417 -0.91093506]
2.515283000002974	[-1.01130664  2.05931404 -0.91138448]
2.515284000002974	[-1.01179524  2.05976435 -0.91183293]
2.515285000002974	[-1.01228278  2.06021508 -0.91228041]
2.515286000002974	[-1.01276924  2.06066624 -0.91272691]
2.5152870000029743	[-1.01325464  2.0611178  -0.91317244]
2.5152880000029745	[-1.01373897  2.06156977 -0.913617  ]
2.5152890000029746	[-1.01422223  2.06202214 -0.91406059]
2.5152900000029748	[-1.01470442  2.06247489 -0.91450321]
2.515291000002975	[-1.01518554  2.06292804 -0.91494485]
2.515292000002975	[-1.0156656   2.06338155 -0.91538552]
2.515293000002975	[-1.01614459  2.06383544 -0.91582523]
2.5152940000029753	[-1.01662251  2.0642897  -0.91626396]
2.5152950000029755	[-1.01709937  2.0647443  -0.91670172]
2.5152960000029756	[-1.01757516  2.06519926 -0.91713851]
2.5152970000029757	[-1.01804988  2.06565457 -0.91757433]
2.515298000002976	[-1.01852354  2.0661102  -0.91800918]
2.515299000002976	[-1.01899614  2.06656617 -0.91844307]
2.515300000002976	[-1.01946767  2.06702247 -0.91887599]
2.5153010000029763	[-1.01993813  2.06747907 -0.91930793]
2.5153020000029764	[-1.02040755  2.06793601 -0.91973892]
2.5153030000029766	[-1.02087589  2.06839324 -0.92016894]
2.5153040000029767	[-1.02134318  2.06885077 -0.92059799]
2.515305000002977	[-1.02180941  2.06930863 -0.92102609]
2.515306000002977	[-1.02227457  2.06976672 -0.92145321]
2.515307000002977	[-1.02273867  2.07022513 -0.92187937]
2.5153080000029773	[-1.02320172  2.07068381 -0.92230458]
2.5153090000029774	[-1.02366372  2.07114276 -0.92272882]
2.5153100000029776	[-1.02412465  2.071602   -0.9231521 ]
2.5153110000029777	[-1.02458453  2.0720615  -0.92357442]
2.515312000002978	[-1.02504336  2.07252126 -0.92399578]
2.515313000002978	[-1.02550113  2.07298128 -0.92441618]
2.515314000002978	[-1.02595785  2.07344155 -0.92483562]
2.5153150000029783	[-1.02641342  2.07390196 -0.92525402]
2.5153160000029784	[-1.02686814  2.07436284 -0.92567165]
2.5153170000029785	[-1.0273217   2.07482385 -0.92608822]
2.5153180000029787	[-1.02777421  2.07528508 -0.92650384]
2.515319000002979	[-1.02822568  2.07574659 -0.92691851]
2.515320000002979	[-1.0286761   2.07620832 -0.92733223]
2.515321000002979	[-1.02912547  2.07667028 -0.92774499]
2.5153220000029792	[-1.0295738   2.07713247 -0.9281568 ]
2.5153230000029794	[-1.03002108  2.07759488 -0.92856766]
2.5153240000029795	[-1.03046731  2.07805753 -0.92897757]
2.5153250000029796	[-1.03091249  2.0785204  -0.92938653]
2.51532600000298	[-1.03135664  2.0789835  -0.92979454]
2.51532700000298	[-1.03179973  2.07944681 -0.93020159]
2.51532800000298	[-1.03224179  2.07991036 -0.93060771]
2.51532900000298	[-1.0326828   2.08037413 -0.93101287]
2.5153300000029803	[-1.03312277  2.08083812 -0.93141708]
2.5153310000029805	[-1.03356169  2.08130234 -0.93182035]
2.5153320000029806	[-1.03399958  2.08176677 -0.93222267]
2.5153330000029808	[-1.03443642  2.08223144 -0.93262404]
2.515334000002981	[-1.03487222  2.08269632 -0.93302446]
2.515335000002981	[-1.03530698  2.08316144 -0.93342394]
2.515336000002981	[-1.03574069  2.08362677 -0.93382247]
2.5153370000029813	[-1.03617337  2.08409235 -0.93422005]
2.5153380000029815	[-1.036605    2.08455815 -0.93461669]
2.5153390000029816	[-1.03703559  2.08502418 -0.93501238]
2.5153400000029817	[-1.03746514  2.08549045 -0.93540712]
2.515341000002982	[-1.03789365  2.08595696 -0.93580091]
2.515342000002982	[-1.03832111  2.08642371 -0.93619376]
2.515343000002982	[-1.03874753  2.0868907  -0.93658566]
2.5153440000029823	[-1.03917291  2.08735795 -0.9369766 ]
2.5153450000029824	[-1.03960536  2.08777024 -0.93737418]
2.5153460000029826	[-1.04001211  2.08834785 -0.93774781]
2.5153470000029827	[-1.04046396  2.08872472 -0.93816329]
2.515348000002983	[-1.04084225  2.08926529 -0.93851089]
2.515349000002983	[-1.04130528  2.08966194 -0.93893662]
2.515350000002983	[-1.0417025  2.0901669 -0.9393017]
2.5153510000029833	[-1.04212076  2.09063549 -0.93968618]
2.5153520000029834	[-1.04253778  2.09110484 -0.94006953]
2.5153530000029836	[-1.04295373  2.09157449 -0.94045192]
2.5153540000029837	[-1.04336865  2.0920444  -0.94083335]
2.515355000002984	[-1.0437825   2.09251463 -0.94121383]
2.515356000002984	[-1.0441953   2.09298516 -0.94159335]
2.515357000002984	[-1.04460705  2.09345601 -0.9419719 ]
2.5153580000029843	[-1.04501773  2.09392717 -0.9423495 ]
2.5153590000029844	[-1.04542736  2.09439866 -0.94272613]
2.5153600000029845	[-1.04583592  2.09487047 -0.94310179]
2.5153610000029847	[-1.04624343  2.09534263 -0.94347649]
2.515362000002985	[-1.04663651  2.09579451 -0.94383793]
2.515363000002985	[-1.04705546  2.09628809 -0.94422319]
2.515364000002985	[-1.04745976  2.09676129 -0.94459498]
2.5153650000029852	[-1.04786294  2.09723483 -0.94496575]
2.5153660000029854	[-1.04826514  2.09770879 -0.94533563]
2.5153670000029855	[-1.04866622  2.09818311 -0.94570449]
2.5153680000029857	[-1.04906622  2.09865781 -0.94607237]
2.515369000002986	[-1.04946514  2.09913291 -0.94643927]
2.515370000002986	[-1.04986297  2.09960842 -0.94680518]
2.515371000002986	[-1.05025973  2.10008434 -0.94717011]
2.515372000002986	[-1.05065539  2.10056068 -0.94753404]
2.5153730000029864	[-1.05104996  2.10103744 -0.94789699]
2.5153740000029865	[-1.05144344  2.10151465 -0.94825894]
2.5153750000029866	[-1.05183582  2.10199229 -0.94861989]
2.515376000002987	[-1.0522271   2.10247039 -0.94897984]
2.515377000002987	[-1.05261728  2.10294895 -0.94933879]
2.515378000002987	[-1.05300636  2.10342798 -0.94969674]
2.515379000002987	[-1.05338077  2.10394012 -0.95004123]
2.5153800000029873	[-1.05378161  2.10438775 -0.95040999]
2.5153810000029875	[-1.05416733  2.10486818 -0.95076489]
2.5153820000029876	[-1.05455195  2.10534919 -0.95111878]
2.5153830000029878	[-1.05493544  2.10583071 -0.95147165]
2.515384000002988	[-1.05531781  2.10631275 -0.9518235 ]
2.515385000002988	[-1.05569905  2.10679532 -0.95217432]
2.515386000002988	[-1.05607917  2.1072784  -0.95252411]
2.5153870000029883	[-1.05645814  2.10776206 -0.95287286]
2.5153880000029885	[-1.05683597  2.10824626 -0.95322058]
2.5153890000029886	[-1.05721266  2.10873102 -0.95356726]
2.5153900000029887	[-1.0575882   2.10921635 -0.9539129 ]
2.515391000002989	[-1.05796259  2.10970225 -0.95425749]
2.515392000002989	[-1.05833583  2.11018874 -0.95460103]
2.515393000002989	[-1.05870791  2.11067582 -0.95494352]
2.5153940000029893	[-1.05907883  2.11116349 -0.95528495]
2.5153950000029894	[-1.05944858  2.11165178 -0.95562531]
2.5153960000029896	[-1.05981716  2.11214067 -0.95596461]
2.5153970000029897	[-1.06018458  2.11263021 -0.95630286]
2.51539800000299	[-1.06055081  2.11312036 -0.95664002]
2.51539900000299	[-1.06091586  2.11361115 -0.95697611]
2.51540000000299	[-1.06127973  2.11410257 -0.95731113]
2.5154010000029903	[-1.06164241  2.11459466 -0.95764506]
2.5154020000029904	[-1.06200389  2.1150874  -0.9579779 ]
2.5154030000029906	[-1.06236418  2.1155808  -0.95830966]
2.5154040000029907	[-1.06272327  2.11607488 -0.95864032]
2.515405000002991	[-1.06308115  2.11656962 -0.95896989]
2.515406000002991	[-1.06343782  2.11706505 -0.95929835]
2.515407000002991	[-1.06379329  2.11756117 -0.95962572]
2.5154080000029913	[-1.06414753  2.11805798 -0.95995197]
2.5154090000029914	[-1.06450056  2.11855549 -0.96027712]
2.5154100000029915	[-1.06485236  2.1190537  -0.96060115]
2.5154110000029917	[-1.06520294  2.11955262 -0.96092407]
2.515412000002992	[-1.06555228  2.12005225 -0.96124586]
2.515413000002992	[-1.06590039  2.1205526  -0.96156653]
2.515414000002992	[-1.06624726  2.12105367 -0.96188607]
2.5154150000029922	[-1.06659311  2.12155586 -0.96220469]
2.5154160000029924	[-1.06693728  2.12205801 -0.96252177]
2.5154170000029925	[-1.06728041  2.12256126 -0.9628379 ]
2.5154180000029926	[-1.06762358  2.1230674  -0.96315408]
2.515419000002993	[-1.06796286  2.12357001 -0.96346671]
2.515420000002993	[-1.06830223  2.12407549 -0.96377942]
2.515421000002993	[-1.06864033  2.12458172 -0.96409098]
2.515422000002993	[-1.06897717  2.1250887  -0.96440138]
2.5154230000029933	[-1.0693183   2.12563624 -0.9647153 ]
2.5154240000029935	[-1.0696471   2.12610524 -0.96501877]
2.5154250000029936	[-1.06998012  2.12661437 -0.9653257 ]
2.5154260000029938	[-1.07031188  2.12712443 -0.96563148]
2.515427000002994	[-1.07064234  2.12763516 -0.96593608]
2.515428000002994	[-1.07097152  2.12814668 -0.96623951]
2.515429000002994	[-1.07129942  2.12865896 -0.96654178]
2.5154300000029943	[-1.07162603  2.12917199 -0.96684287]
2.5154310000029945	[-1.07195134  2.12968578 -0.96714278]
2.5154320000029946	[-1.07227537  2.13020032 -0.96744151]
2.5154330000029947	[-1.07259809  2.13071562 -0.96773907]
2.515434000002995	[-1.07291952  2.13123168 -0.96803544]
2.515435000002995	[-1.07323965  2.1317485  -0.96833062]
2.515436000002995	[-1.07355848  2.13226606 -0.96862462]
2.5154370000029953	[-1.073876    2.13278438 -0.96891744]
2.5154380000029954	[-1.07419222  2.13330345 -0.96920906]
2.5154390000029956	[-1.07450713  2.13382326 -0.96949949]
2.5154400000029957	[-1.07482073  2.13434382 -0.96978873]
2.515441000002996	[-1.07513302  2.13486513 -0.97007678]
2.515442000002996	[-1.07544401  2.13538717 -0.97036363]
2.515443000002996	[-1.07575367  2.13590995 -0.97064928]
2.5154440000029963	[-1.07606203  2.13643346 -0.97093374]
2.5154450000029964	[-1.07636907  2.13695771 -0.971217  ]
2.5154460000029966	[-1.0766748   2.13748268 -0.97149907]
2.5154470000029967	[-1.07697921  2.13800837 -0.97177993]
2.515448000002997	[-1.0772823   2.13853478 -0.9720596 ]
2.515449000002997	[-1.07758408  2.1390619  -0.97233806]
2.515450000002997	[-1.07788454  2.13958973 -0.97261533]
2.5154510000029973	[-1.07818369  2.14011826 -0.97289139]
2.5154520000029974	[-1.07848152  2.14064749 -0.97316626]
2.5154530000029975	[-1.07877803  2.14117742 -0.97343993]
2.5154540000029977	[-1.07907323  2.14170803 -0.97371239]
2.515455000002998	[-1.07936711  2.14223932 -0.97398366]
2.515456000002998	[-1.07965968  2.14277129 -0.97425373]
2.515457000002998	[-1.07995093  2.14330393 -0.9745226 ]
2.5154580000029982	[-1.08024087  2.14383722 -0.97479028]
2.5154590000029984	[-1.0805295   2.14437118 -0.97505676]
2.5154600000029985	[-1.08081682  2.14490578 -0.97532204]
2.5154610000029987	[-1.08110282  2.14544103 -0.97558613]
2.515462000002999	[-1.08138752  2.14597691 -0.97584903]
2.515463000002999	[-1.08167092  2.14651342 -0.97611074]
2.515464000002999	[-1.08195301  2.14705054 -0.97637126]
2.515465000002999	[-1.0822338   2.14758829 -0.97663059]
2.5154660000029994	[-1.08251328  2.14812663 -0.97688874]
2.5154670000029995	[-1.08279147  2.14866557 -0.9771457 ]
2.5154680000029996	[-1.08306836  2.14920511 -0.97740148]
2.5154690000029998	[-1.08334396  2.14974522 -0.97765608]
2.515470000003	[-1.08361827  2.1502859  -0.9779095 ]
2.515471000003	[-1.08389129  2.15082716 -0.97816175]
2.515472000003	[-1.08416302  2.15136896 -0.97841283]
2.5154730000030003	[-1.08443348  2.15191132 -0.97866274]
2.5154740000030005	[-1.08470265  2.15245421 -0.97891148]
2.5154750000030006	[-1.08497055  2.15299763 -0.97915906]
2.5154760000030008	[-1.08523718  2.15354158 -0.97940548]
2.515477000003001	[-1.08550253  2.15408604 -0.97965075]
2.515478000003001	[-1.08576662  2.154631   -0.97989486]
2.515479000003001	[-1.08602945  2.15517646 -0.98013781]
2.5154800000030013	[-1.08629103  2.1557224  -0.98037963]
2.5154810000030015	[-1.08655135  2.15626882 -0.9806203 ]
2.5154820000030016	[-1.08681042  2.15681571 -0.98085983]
2.5154830000030017	[-1.08706824  2.15736306 -0.98109822]
2.515484000003002	[-1.08732483  2.15791087 -0.98133549]
2.515485000003002	[-1.08758018  2.15845911 -0.98157163]
2.515486000003002	[-1.0878343   2.15900778 -0.98180664]
2.5154870000030023	[-1.08808719  2.15955688 -0.98204054]
2.5154880000030024	[-1.08833876  2.16010625 -0.98227322]
2.5154890000030026	[-1.08858931  2.16065632 -0.98250499]
2.5154900000030027	[-1.08883855  2.16120663 -0.98273555]
2.515491000003003	[-1.08908659  2.16175733 -0.98296502]
2.515492000003003	[-1.08933342  2.16230842 -0.98319339]
2.515493000003003	[-1.08957906  2.16285987 -0.98342067]
2.5154940000030033	[-1.0898235   2.16341168 -0.98364686]
2.5154950000030034	[-1.09006676  2.16396385 -0.98387197]
2.5154960000030036	[-1.09030884  2.16451636 -0.98409601]
2.5154970000030037	[-1.09054975  2.16506921 -0.98431898]
2.515498000003004	[-1.09078948  2.16562239 -0.98454087]
2.515499000003004	[-1.09102806  2.16617588 -0.98476171]
2.515500000003004	[-1.09125901  2.16671303 -0.98497591]
2.5155010000030043	[-1.09150856  2.16730033 -0.98520614]
2.5155020000030044	[-1.09173033  2.16782152 -0.98541227]
2.5155030000030045	[-1.09197119  2.16839272 -0.98563489]
2.5155040000030047	[-1.092204    2.16894773 -0.98585047]
2.515505000003005	[-1.09243571  2.16950296 -0.98606505]
2.515506000003005	[-1.09266631  2.17005845 -0.98627861]
2.515507000003005	[-1.09289579  2.17061419 -0.98649116]
2.5155080000030052	[-1.09312417  2.17117019 -0.98670269]
2.5155090000030054	[-1.09335144  2.17172643 -0.98691322]
2.5155100000030055	[-1.09357762  2.17228291 -0.98712275]
2.5155110000030056	[-1.0938027   2.17283961 -0.98733129]
2.515512000003006	[-1.0940267   2.17339654 -0.98753883]
2.515513000003006	[-1.09424963  2.17395369 -0.98774539]
2.515514000003006	[-1.09447148  2.17451104 -0.98795098]
2.515515000003006	[-1.09469227  2.1750686  -0.98815559]
2.5155160000030063	[-1.094912    2.17562636 -0.98835924]
2.5155170000030065	[-1.09513067  2.1761843  -0.98856193]
2.5155180000030066	[-1.0953483   2.17674244 -0.98876367]
2.5155190000030068	[-1.09556489  2.17730076 -0.98896445]
2.515520000003007	[-1.09578045  2.17785925 -0.9891643 ]
2.515521000003007	[-1.09599498  2.17841791 -0.9893632 ]
2.515522000003007	[-1.09620849  2.17897674 -0.98956118]
2.5155230000030073	[-1.09642099  2.17953573 -0.98975823]
2.5155240000030075	[-1.09663248  2.18009488 -0.98995435]
2.5155250000030076	[-1.09684296  2.18065418 -0.99014957]
2.5155260000030077	[-1.09705244  2.18121366 -0.99034387]
2.515527000003008	[-1.09726095  2.18177322 -0.99053728]
2.515528000003008	[-1.09746846  2.18233296 -0.99072978]
2.515529000003008	[-1.097675    2.18289283 -0.99092139]
2.5155300000030083	[-1.09788056  2.18345283 -0.99111212]
2.5155310000030084	[-1.09808515  2.18401297 -0.99130196]
2.5155320000030086	[-1.09828879  2.18457323 -0.99149093]
2.5155330000030087	[-1.09849147  2.18513362 -0.99167902]
2.515534000003009	[-1.0986932   2.18569413 -0.99186625]
2.515535000003009	[-1.09889399  2.18625476 -0.99205262]
2.515536000003009	[-1.09909384  2.18681551 -0.99223813]
2.5155370000030093	[-1.09929276  2.18737638 -0.99242279]
2.5155380000030094	[-1.09949075  2.18793735 -0.9926066 ]
2.5155390000030096	[-1.09968781  2.18849845 -0.99278957]
2.5155400000030097	[-1.09988397  2.18905964 -0.99297171]
2.51554100000301	[-1.10007921  2.18962095 -0.99315302]
2.51554200000301	[-1.10027354  2.19018237 -0.99333349]
2.51554300000301	[-1.10046697  2.19074389 -0.99351315]
2.5155440000030103	[-1.1006595   2.19130552 -0.99369198]
2.5155450000030104	[-1.10085114  2.19186726 -0.99387   ]
2.5155460000030105	[-1.1010419   2.1924291  -0.99404722]
2.5155470000030107	[-1.10123177  2.19299104 -0.99422362]
2.515548000003011	[-1.10142076  2.19355309 -0.99439923]
2.515549000003011	[-1.10160888  2.19411525 -0.99457403]
2.515550000003011	[-1.10179613  2.1946775  -0.99474804]
2.5155510000030112	[-1.10198251  2.19523987 -0.99492127]
2.5155520000030114	[-1.10216803  2.19580231 -0.9950937 ]
2.5155530000030115	[-1.1023527   2.19636491 -0.99526535]
2.5155540000030117	[-1.10253651  2.19692759 -0.99543623]
2.515555000003012	[-1.10271947  2.19749037 -0.99560632]
2.515556000003012	[-1.10290158  2.19805326 -0.99577564]
2.515557000003012	[-1.10308285  2.19861627 -0.9959442 ]
2.515558000003012	[-1.10326327  2.19917938 -0.99611198]
2.5155590000030124	[-1.10344286  2.1997426  -0.99627901]
2.5155600000030125	[-1.10362162  2.20030593 -0.99644527]
2.5155610000030126	[-1.10379955  2.20086938 -0.99661077]
2.5155620000030128	[-1.10397665  2.20143292 -0.99677552]
2.515563000003013	[-1.10415291  2.20199662 -0.9969395 ]
2.515564000003013	[-1.10432836  2.20256042 -0.99710274]
2.515565000003013	[-1.10450299  2.20312433 -0.99726523]
2.5155660000030133	[-1.1046768   2.20368837 -0.99742698]
2.5155670000030135	[-1.10484979  2.20425253 -0.99758798]
2.5155680000030136	[-1.10502197  2.20481681 -0.99774823]
2.5155690000030138	[-1.10519333  2.20538121 -0.99790774]
2.515570000003014	[-1.10537631  2.20588289 -0.99807777]
2.515571000003014	[-1.10553271  2.20651038 -0.9982237 ]
2.515572000003014	[-1.10570174  2.207075   -0.99838109]
2.5155730000030143	[-1.10586988  2.20763993 -0.99853765]
2.5155740000030145	[-1.10603721  2.20820499 -0.99869348]
2.5155750000030146	[-1.10620374  2.20877019 -0.99884858]
2.5155760000030147	[-1.10636947  2.20933553 -0.99900294]
2.515577000003015	[-1.10653439  2.20990101 -0.99915657]
2.515578000003015	[-1.10669852  2.21046664 -0.99930947]
2.515579000003015	[-1.10686184  2.21103242 -0.99946164]
2.5155800000030153	[-1.10702437  2.21159834 -0.99961308]
2.5155810000030154	[-1.10718609  2.21216442 -0.99976379]
2.5155820000030156	[-1.10734702  2.21273064 -0.99991377]
2.5155830000030157	[-1.10750715  2.21329703 -1.00006302]
2.515584000003016	[-1.10766648  2.21386356 -1.00021155]
2.515585000003016	[-1.10782502  2.21443026 -1.00035934]
2.515586000003016	[-1.10798275  2.21499711 -1.0005064 ]
2.5155870000030163	[-1.10813969  2.21556413 -1.00065274]
2.5155880000030164	[-1.10829582  2.21613131 -1.00079834]
2.5155890000030166	[-1.10845116  2.21669865 -1.00094322]
2.5155900000030167	[-1.1086057   2.21726616 -1.00108736]
2.515591000003017	[-1.10875944  2.21783383 -1.00123077]
2.515592000003017	[-1.10891237  2.21840167 -1.00137345]
2.515593000003017	[-1.10906451  2.21896968 -1.0015154 ]
2.5155940000030172	[-1.10921584  2.21953786 -1.00165662]
2.5155950000030174	[-1.10936636  2.22010622 -1.0017971 ]
2.5155960000030175	[-1.10951609  2.22067474 -1.00193684]
2.5155970000030177	[-1.109665    2.22124344 -1.00207585]
2.515598000003018	[-1.10981311  2.22181231 -1.00221412]
2.515599000003018	[-1.10996041  2.22238135 -1.00235165]
2.515600000003018	[-1.1101069   2.22295057 -1.00248844]
2.5156010000030182	[-1.11025258  2.22351996 -1.00262449]
2.5156020000030184	[-1.11039745  2.22408953 -1.0027598 ]
2.5156030000030185	[-1.1105415   2.22465926 -1.00289436]
2.5156040000030186	[-1.11068472  2.22522918 -1.00302817]
2.515605000003019	[-1.11082715  2.22579926 -1.00316125]
2.515606000003019	[-1.11096683  2.22636155 -1.00329183]
2.515607000003019	[-1.11111152  2.22694785 -1.00342695]
2.515608000003019	[-1.11124754  2.22750263 -1.0035542 ]
2.5156090000030193	[-1.11139062  2.22808921 -1.00368785]
2.5156100000030195	[-1.11152496  2.22864434 -1.00381356]
2.5156110000030196	[-1.11166444  2.22922332 -1.00394394]
2.5156120000030198	[-1.11180108  2.22979461 -1.00407173]
2.51561300000302	[-1.11193689  2.23036604 -1.00419876]
2.51561400000302	[-1.11207186  2.23093764 -1.00432503]
2.51561500000302	[-1.112206    2.23150939 -1.00445053]
2.5156160000030203	[-1.11233929  2.2320813  -1.00457526]
2.5156170000030205	[-1.11247174  2.23265339 -1.00469923]
2.5156180000030206	[-1.11260336  2.23322559 -1.00482242]
2.5156190000030207	[-1.11273412  2.23379797 -1.00494485]
2.515620000003021	[-1.11286404  2.23437048 -1.00506649]
2.515621000003021	[-1.11299311  2.23494315 -1.00518736]
2.515622000003021	[-1.11312132  2.23551595 -1.00530746]
2.5156230000030213	[-1.11324869  2.2360889  -1.00542677]
2.5156240000030214	[-1.11337519  2.23666198 -1.00554529]
2.5156250000030216	[-1.11350084  2.23723518 -1.00566304]
2.5156260000030217	[-1.11362562  2.23780852 -1.00578   ]
2.515627000003022	[-1.11374954  2.23838198 -1.00589616]
2.515628000003022	[-1.1138726   2.23895555 -1.00601154]
2.515629000003022	[-1.11399479  2.23952924 -1.00612613]
2.5156300000030223	[-1.11411611  2.24010304 -1.00623992]
2.5156310000030224	[-1.11423657  2.24067694 -1.00635291]
2.5156320000030226	[-1.11435614  2.24125094 -1.00646511]
2.5156330000030227	[-1.11447485  2.24182504 -1.00657651]
2.515634000003023	[-1.11459267  2.24239923 -1.0066871 ]
2.515635000003023	[-1.11470961  2.24297349 -1.00679689]
2.515636000003023	[-1.11482569  2.24354784 -1.00690589]
2.5156370000030233	[-1.11494087  2.24412226 -1.00701407]
2.5156380000030234	[-1.11505517  2.24469674 -1.00712144]
2.5156390000030235	[-1.11517324  2.24525158 -1.00723248]
2.5156400000030237	[-1.11527643  2.24586521 -1.00732928]
2.515641000003024	[-1.11539737  2.24640092 -1.00744313]
2.515642000003024	[-1.11550345  2.2469949  -1.00754279]
2.515643000003024	[-1.11561329  2.24756962 -1.00764609]
2.5156440000030242	[-1.11572226  2.24814435 -1.00774859]
2.5156450000030244	[-1.11583033  2.2487191  -1.00785027]
2.5156460000030245	[-1.11593751  2.24929386 -1.00795113]
2.5156470000030247	[-1.11604378  2.24986863 -1.00805118]
2.515648000003025	[-1.11614917  2.2504434  -1.0081504 ]
2.515649000003025	[-1.11625365  2.25101816 -1.0082488 ]
2.515650000003025	[-1.11635723  2.25159291 -1.00834638]
2.515651000003025	[-1.11645991  2.25216763 -1.00844314]
2.5156520000030254	[-1.1165617   2.25274231 -1.00853907]
2.5156530000030255	[-1.11666257  2.25331697 -1.00863418]
2.5156540000030256	[-1.11676253  2.25389162 -1.00872844]
2.5156550000030258	[-1.11686162  2.25446613 -1.00882192]
2.515656000003026	[-1.11695979  2.25504062 -1.00891455]
2.515657000003026	[-1.11705706  2.25561504 -1.00900636]
2.515658000003026	[-1.11715342  2.25618939 -1.00909734]
2.5156590000030263	[-1.11724888  2.25676364 -1.00918749]
2.5156600000030265	[-1.11734343  2.2573378  -1.00927682]
2.5156610000030266	[-1.11743708  2.25791186 -1.00936532]
2.5156620000030268	[-1.11752982  2.2584858  -1.00945299]
2.515663000003027	[-1.11762156  2.25905947 -1.00953974]
2.515664000003027	[-1.1177126   2.25963333 -1.00962586]
2.515665000003027	[-1.11780263  2.26020689 -1.00971106]
2.5156660000030273	[-1.11789176  2.26078031 -1.00979543]
2.5156670000030275	[-1.11797999  2.26135358 -1.00987898]
2.5156680000030276	[-1.11806731  2.26192667 -1.0099617 ]
2.5156690000030277	[-1.11815374  2.2624996  -1.0100436 ]
2.515670000003028	[-1.11823926  2.26307235 -1.01012467]
2.515671000003028	[-1.11832389  2.26364491 -1.01020493]
2.515672000003028	[-1.11840761  2.26421728 -1.01028436]
2.5156730000030283	[-1.11849044  2.26478944 -1.01036298]
2.5156740000030284	[-1.11857238  2.26536138 -1.01044077]
2.5156750000030286	[-1.11865341  2.26593312 -1.01051775]
2.5156760000030287	[-1.11873356  2.26650462 -1.01059391]
2.515677000003029	[-1.11881281  2.26707588 -1.01066926]
2.515678000003029	[-1.11889118  2.2676469  -1.01074379]
2.515679000003029	[-1.11896865  2.26821768 -1.01081752]
2.5156800000030293	[-1.11904524  2.26878816 -1.01089043]
2.5156810000030294	[-1.11912094  2.26935839 -1.01096253]
2.5156820000030296	[-1.11919576  2.26992834 -1.01103382]
2.5156830000030297	[-1.1192697   2.27049801 -1.01110431]
2.51568400000303	[-1.11934276  2.27106738 -1.011174  ]
2.51568500000303	[-1.11941494  2.27163645 -1.01124289]
2.51568600000303	[-1.11948624  2.27220522 -1.01131097]
2.5156870000030302	[-1.11955668  2.27277365 -1.01137826]
2.5156880000030304	[-1.11962624  2.27334177 -1.01144476]
2.5156890000030305	[-1.11969494  2.27390955 -1.01151046]
2.5156900000030307	[-1.11976277  2.274477   -1.01157537]
2.515691000003031	[-1.11982974  2.2750441  -1.01163949]
2.515692000003031	[-1.11989585  2.27561085 -1.01170283]
2.515693000003031	[-1.1199611   2.27617724 -1.01176539]
2.5156940000030312	[-1.12002549  2.27674326 -1.01182716]
2.5156950000030314	[-1.12008903  2.2773089  -1.01188815]
2.5156960000030315	[-1.12015173  2.27787418 -1.01194837]
2.5156970000030316	[-1.12021357  2.27843906 -1.01200782]
2.515698000003032	[-1.1202744   2.27900333 -1.01206633]
2.515699000003032	[-1.12033474  2.27956764 -1.0121244 ]
2.515700000003032	[-1.12039407  2.28013132 -1.01218154]
2.515701000003032	[-1.12045256  2.2806946  -1.01223792]
2.5157020000030323	[-1.12051022  2.28125746 -1.01229355]
2.5157030000030325	[-1.12056705  2.28181989 -1.01234841]
2.5157040000030326	[-1.12062306  2.2823819  -1.01240252]
2.5157050000030328	[-1.12067825  2.28294348 -1.01245589]
2.515706000003033	[-1.12073262  2.28350463 -1.0125085 ]
2.515707000003033	[-1.12078617  2.28406532 -1.01256037]
2.515708000003033	[-1.12083891  2.28462558 -1.0126115 ]
2.5157090000030333	[-1.12089085  2.28518538 -1.01266189]
2.5157100000030335	[-1.12094197  2.28574469 -1.01271154]
2.5157110000030336	[-1.1209923   2.28630362 -1.01276047]
2.5157120000030337	[-1.12104183  2.28686204 -1.01280866]
2.515713000003034	[-1.12109056  2.28742    -1.01285613]
2.515714000003034	[-1.1211385   2.28797749 -1.01290287]
2.515715000003034	[-1.12118565  2.2885345  -1.01294889]
2.5157160000030343	[-1.12123202  2.28909103 -1.0129942 ]
2.5157170000030344	[-1.1212776   2.28964709 -1.01303879]
2.5157180000030346	[-1.12132241  2.29020266 -1.01308267]
2.5157190000030347	[-1.12136644  2.29075775 -1.01312585]
2.515720000003035	[-1.1214097   2.29131234 -1.01316831]
2.515721000003035	[-1.12145219  2.29186645 -1.01321008]
2.515722000003035	[-1.12149391  2.29242006 -1.01325115]
2.5157230000030353	[-1.12153487  2.29297318 -1.01329152]
2.5157240000030354	[-1.12157507  2.29352581 -1.01333119]
2.5157250000030356	[-1.12161452  2.29407792 -1.01337018]
2.5157260000030357	[-1.12165322  2.29462955 -1.01340848]
2.515727000003036	[-1.12169043  2.29517988 -1.01344543]
2.515728000003036	[-1.12172835  2.29573129 -1.01348302]
2.515729000003036	[-1.12176477  2.29628147 -1.01351924]
2.5157300000030363	[-1.12180052  2.29683102 -1.01355486]
2.5157310000030364	[-1.1218355   2.29738012 -1.01358976]
2.5157320000030365	[-1.12186974  2.29792872 -1.01362399]
2.5157330000030367	[-1.12190325  2.29847682 -1.01365756]
2.515734000003037	[-1.12193603  2.29902441 -1.01369045]
2.515735000003037	[-1.12196808  2.29957149 -1.01372269]
2.515736000003037	[-1.12199939  2.30011803 -1.01375425]
2.5157370000030372	[-1.12203     2.30066413 -1.01378516]
2.5157380000030374	[-1.12205989  2.3012097  -1.01381542]
2.5157390000030375	[-1.12208906  2.30175475 -1.01384502]
2.5157400000030377	[-1.12211751  2.30229931 -1.01387397]
2.515741000003038	[-1.12214524  2.30284335 -1.01390226]
2.515742000003038	[-1.12217229  2.30338692 -1.01392992]
2.515743000003038	[-1.12219861  2.30392997 -1.01395692]
2.515744000003038	[-1.12222423  2.30447252 -1.01398328]
2.5157450000030384	[-1.12224915  2.30501457 -1.014009  ]
2.5157460000030385	[-1.12227336  2.30555612 -1.01403407]
2.5157470000030386	[-1.12229681  2.30609715 -1.01405845]
2.5157480000030388	[-1.12231968  2.30663775 -1.0140823 ]
2.515749000003039	[-1.12234176  2.30717776 -1.01410543]
2.515750000003039	[-1.12236322  2.30771742 -1.01412798]
2.515751000003039	[-1.12238394  2.30825653 -1.01414987]
2.5157520000030393	[-1.12240397  2.30879515 -1.01417112]
2.5157530000030395	[-1.12242331  2.30933328 -1.01419175]
2.5157540000030396	[-1.12244196  2.30987094 -1.01421174]
2.5157550000030398	[-1.12245992  2.31040811 -1.0142311 ]
2.51575600000304	[-1.12247719  2.31094481 -1.01424983]
2.51575700000304	[-1.12249377  2.31148103 -1.01426793]
2.51575800000304	[-1.12250966  2.31201679 -1.01428541]
2.5157590000030403	[-1.12252482  2.31255186 -1.01430221]
2.5157600000030405	[-1.12253939  2.3130869  -1.01431848]
2.5157610000030406	[-1.12255323  2.31362125 -1.01433407]
2.5157620000030407	[-1.12256637  2.31415515 -1.01434904]
2.515763000003041	[-1.12257883  2.31468859 -1.01436338]
2.515764000003041	[-1.12259061  2.31522158 -1.01437709]
2.515765000003041	[-1.1226017   2.31575412 -1.01439018]
2.5157660000030413	[-1.1226121   2.31628621 -1.01440263]
2.5157670000030414	[-1.12262179  2.31681792 -1.01441444]
2.5157680000030416	[-1.12263085  2.31734906 -1.01442567]
2.5157690000030417	[-1.12263919  2.31787982 -1.01443624]
2.515770000003042	[-1.12264684  2.31841015 -1.01444619]
2.515771000003042	[-1.12265356  2.31893902 -1.01445529]
2.515772000003042	[-1.12266006  2.3194695  -1.01446417]
2.5157730000030423	[-1.12266564  2.31999854 -1.01447223]
2.5157740000030424	[-1.12267053  2.32052716 -1.01447965]
2.5157750000030425	[-1.12267473  2.32105536 -1.01448644]
2.5157760000030427	[-1.12267824  2.32158314 -1.01449259]
2.515777000003043	[-1.12268104  2.32211051 -1.0144981 ]
2.515778000003043	[-1.12268316  2.3226372  -1.01450299]
2.515779000003043	[-1.12268456  2.32316399 -1.01450722]
2.5157800000030432	[-1.12268527  2.32369014 -1.01451082]
2.5157810000030434	[-1.12268528  2.32421587 -1.01451378]
2.5157820000030435	[-1.12268459  2.32474121 -1.0145161 ]
2.5157830000030437	[-1.12268319  2.32526615 -1.01451777]
2.515784000003044	[-1.12268108  2.32579069 -1.01451879]
2.515785000003044	[-1.12267826  2.32631485 -1.01451916]
2.515786000003044	[-1.12267473  2.32683861 -1.01451888]
2.5157870000030442	[-1.12267048  2.32736199 -1.01451794]
2.5157880000030444	[-1.12266551  2.32788499 -1.01451635]
2.5157890000030445	[-1.12265982  2.3284076  -1.0145141 ]
2.5157900000030446	[-1.12265337  2.32892963 -1.01451115]
2.515791000003045	[-1.12264629  2.3294517  -1.01450762]
2.515792000003045	[-1.12263842  2.32997318 -1.01450338]
2.515793000003045	[-1.12262982  2.33049429 -1.01449847]
2.515794000003045	[-1.12262047  2.33101489 -1.01449286]
2.5157950000030453	[-1.12261042  2.3315354  -1.01448663]
2.5157960000030455	[-1.12259956  2.33205517 -1.01447964]
2.5157970000030456	[-1.12258807  2.33257505 -1.01447208]
2.5157980000030458	[-1.12257577  2.33309433 -1.01446379]
2.515799000003046	[-1.12256272  2.33361325 -1.0144548 ]
2.515800000003046	[-1.12254892  2.33413181 -1.01444513]
2.515801000003046	[-1.12253436  2.33465001 -1.01443476]
2.5158020000030463	[-1.12251904  2.33516785 -1.01442369]
2.5158030000030465	[-1.12250267  2.3356944  -1.01441177]
2.5158040000030466	[-1.1224862   2.3362024  -1.01439956]
2.5158050000030467	[-1.12246857  2.33671919 -1.01438638]
2.515806000003047	[-1.12245016  2.33723562 -1.01437249]
2.515807000003047	[-1.12243098  2.33775168 -1.0143579 ]
2.515808000003047	[-1.12241101  2.3382674  -1.01434258]
2.5158090000030473	[-1.12239026  2.33878277 -1.01432655]
2.5158100000030474	[-1.12236872  2.33929779 -1.01430979]
2.5158110000030476	[-1.12234638  2.33981246 -1.0142923 ]
2.5158120000030477	[-1.12232324  2.34032677 -1.01427409]
2.515813000003048	[-1.12229929  2.34084074 -1.01425513]
2.515814000003048	[-1.12227454  2.34135429 -1.01423544]
2.515815000003048	[-1.12224898  2.34186762 -1.014215  ]
2.5158160000030483	[-1.1222226   2.34238054 -1.01419382]
2.5158170000030484	[-1.12219541  2.3428931  -1.01417188]
2.5158180000030486	[-1.12216738  2.34340531 -1.0141492 ]
2.5158190000030487	[-1.12213853  2.34391717 -1.01412575]
2.515820000003049	[-1.12210885  2.34442868 -1.01410154]
2.515821000003049	[-1.12207834  2.34493984 -1.01407657]
2.515822000003049	[-1.12204698  2.34545064 -1.01405083]
2.5158230000030493	[-1.12201477  2.34596108 -1.01402431]
2.5158240000030494	[-1.12198172  2.34647117 -1.01399701]
2.5158250000030495	[-1.12194781  2.3469809  -1.01396894]
2.5158260000030497	[-1.12191343  2.34748151 -1.01394033]
2.51582700000305	[-1.12187732  2.34799935 -1.01391033]
2.51582800000305	[-1.12184083  2.348508   -1.01387988]
2.51582900000305	[-1.12180348  2.34901627 -1.01384865]
2.5158300000030502	[-1.12176487  2.34953276 -1.01381636]
2.5158310000030504	[-1.12172623  2.35003167 -1.01378386]
2.5158320000030505	[-1.12168623  2.3505389  -1.0137502 ]
2.5158330000030507	[-1.12164535  2.35104568 -1.01371574]
2.515834000003051	[-1.12160358  2.35155212 -1.01368046]
2.515835000003051	[-1.12156091  2.35205818 -1.01364436]
2.515836000003051	[-1.12151735  2.35256387 -1.01360743]
2.515837000003051	[-1.12147288  2.35306917 -1.01356968]
2.5158380000030514	[-1.12142792  2.35356553 -1.0135314 ]
2.5158390000030515	[-1.12138112  2.3540787  -1.01349159]
2.5158400000030516	[-1.12133394  2.35458284 -1.01345136]
2.5158410000030518	[-1.12128582  2.35508659 -1.01341027]
2.515842000003052	[-1.12123679  2.35558996 -1.01336833]
2.515843000003052	[-1.12118684  2.3560929  -1.01332556]
2.515844000003052	[-1.12113594  2.35659549 -1.01328192]
2.5158450000030523	[-1.12108412  2.35709766 -1.01323744]
2.5158460000030525	[-1.12103137  2.35759942 -1.01319209]
2.5158470000030526	[-1.12097768  2.35810078 -1.01314589]
2.5158480000030528	[-1.12092304  2.35860172 -1.01309882]
2.515849000003053	[-1.12086746  2.35910225 -1.01305089]
2.515850000003053	[-1.12081093  2.35960236 -1.01300209]
2.515851000003053	[-1.12075345  2.36010206 -1.01295242]
2.5158520000030533	[-1.12069502  2.36060133 -1.01290187]
2.5158530000030535	[-1.12063563  2.36110017 -1.01285044]
2.5158540000030536	[-1.12057528  2.3615986  -1.01279814]
2.5158550000030537	[-1.12051396  2.36209656 -1.01274495]
2.515856000003054	[-1.12045167  2.3625941  -1.01269087]
2.515857000003054	[-1.12038842  2.3630912  -1.01263591]
2.515858000003054	[-1.1203242   2.36358786 -1.01258005]
2.5158590000030543	[-1.120259    2.36408407 -1.01252331]
2.5158600000030544	[-1.12019283  2.36457983 -1.01246566]
2.5158610000030546	[-1.12012568  2.36507514 -1.01240712]
2.5158620000030547	[-1.12005754  2.36556999 -1.01234768]
2.515863000003055	[-1.11998842  2.36606437 -1.01228734]
2.515864000003055	[-1.11991832  2.3665583  -1.0122261 ]
2.515865000003055	[-1.11984723  2.36705176 -1.01216395]
2.5158660000030553	[-1.11977515  2.36754474 -1.01210089]
2.5158670000030554	[-1.11970208  2.36803726 -1.01203693]
2.5158680000030555	[-1.11962738  2.36853294 -1.01197145]
2.5158690000030557	[-1.11955294  2.36902089 -1.01190625]
2.515870000003056	[-1.11947689  2.36951196 -1.01183954]
2.515871000003056	[-1.11939983  2.37000256 -1.01177193]
2.515872000003056	[-1.11932178  2.37049266 -1.01170339]
2.5158730000030562	[-1.11924273  2.37098227 -1.01163395]
2.5158740000030564	[-1.11916268  2.37147138 -1.01156358]
2.5158750000030565	[-1.11908161  2.37195985 -1.01149227]
2.5158760000030567	[-1.11899957  2.37244811 -1.01142008]
2.515877000003057	[-1.1189165   2.37293571 -1.01134695]
2.515878000003057	[-1.11883243  2.37342281 -1.0112729 ]
2.515879000003057	[-1.11874736  2.3739094  -1.01119793]
2.5158800000030572	[-1.11866128  2.37439548 -1.01112203]
2.5158810000030574	[-1.11857419  2.37488104 -1.01104521]
2.5158820000030575	[-1.1184861   2.37536608 -1.01096746]
2.5158830000030576	[-1.11839699  2.3758506  -1.01088879]
2.515884000003058	[-1.11830689  2.37633457 -1.0108092 ]
2.515885000003058	[-1.11821576  2.37681807 -1.01072867]
2.515886000003058	[-1.11812363  2.37730101 -1.01064723]
2.515887000003058	[-1.1180305   2.37778342 -1.01056486]
2.5158880000030583	[-1.11793635  2.3782653  -1.01048156]
2.5158890000030585	[-1.1178412   2.37874665 -1.01039734]
2.5158900000030586	[-1.11774504  2.37922746 -1.01031219]
2.5158910000030588	[-1.11764787  2.37970772 -1.01022612]
2.515892000003059	[-1.11754969  2.38018745 -1.01013913]
2.515893000003059	[-1.11745051  2.38066664 -1.01005121]
2.515894000003059	[-1.11735032  2.38114528 -1.00996237]
2.5158950000030593	[-1.11724913  2.38162338 -1.00987261]
2.5158960000030595	[-1.11714693  2.38210093 -1.00978192]
2.5158970000030596	[-1.11704373  2.38257794 -1.00969031]
2.5158980000030597	[-1.11693954  2.38305437 -1.00959779]
2.51589900000306	[-1.11683432  2.38353029 -1.00950434]
2.51590000000306	[-1.11672812  2.38400564 -1.00940998]
2.51590100000306	[-1.11662092  2.38448044 -1.00931469]
2.5159020000030603	[-1.11651271  2.38495469 -1.0092185 ]
2.5159030000030604	[-1.11640352  2.38542838 -1.00912138]
2.5159040000030606	[-1.11629332  2.38590151 -1.00902335]
2.5159050000030607	[-1.11618213  2.3863741  -1.00892441]
2.515906000003061	[-1.11606995  2.38684612 -1.00882456]
2.515907000003061	[-1.11595678  2.38731759 -1.0087238 ]
2.515908000003061	[-1.11584262  2.38778851 -1.00862213]
2.5159090000030613	[-1.11572748  2.38825887 -1.00851956]
2.5159100000030614	[-1.11561134  2.38872866 -1.00841608]
2.5159110000030616	[-1.11549423  2.3891979  -1.00831169]
2.5159120000030617	[-1.11537613  2.38966659 -1.00820641]
2.515913000003062	[-1.11525705  2.39013472 -1.00810022]
2.515914000003062	[-1.115137    2.3906023  -1.00799314]
2.515915000003062	[-1.11501597  2.39106932 -1.00788516]
2.5159160000030623	[-1.11489396  2.39153578 -1.00777628]
2.5159170000030624	[-1.11477099  2.39200169 -1.00766652]
2.5159180000030625	[-1.11464704  2.39246705 -1.00755586]
2.5159190000030627	[-1.11452213  2.39293185 -1.00744431]
2.515920000003063	[-1.11439625  2.3933961  -1.00733188]
2.515921000003063	[-1.11426941  2.39385981 -1.00721856]
2.515922000003063	[-1.11414162  2.39432296 -1.00710436]
2.5159230000030632	[-1.11401286  2.39478556 -1.00698929]
2.5159240000030634	[-1.11388315  2.39524761 -1.00687333]
2.5159250000030635	[-1.11375249  2.39570913 -1.0067565 ]
2.5159260000030637	[-1.11362088  2.3961701  -1.00663879]
2.515927000003064	[-1.11348832  2.39663052 -1.00652022]
2.515928000003064	[-1.11335481  2.3970904  -1.00640077]
2.515929000003064	[-1.11322036  2.39754974 -1.00628046]
2.515930000003064	[-1.11308497  2.39800855 -1.00615928]
2.5159310000030644	[-1.11294866  2.39846682 -1.00603725]
2.5159320000030645	[-1.1128114   2.39892455 -1.00591436]
2.5159330000030646	[-1.11267321  2.39938176 -1.00579061]
2.5159340000030648	[-1.11253409  2.39983843 -1.005666  ]
2.515935000003065	[-1.11239404  2.40029459 -1.00554054]
2.515936000003065	[-1.11225309  2.40075019 -1.00541424]
2.515937000003065	[-1.1121112   2.40120529 -1.00528709]
2.5159380000030653	[-1.1119684   2.40165986 -1.0051591 ]
2.5159390000030655	[-1.11182468  2.40211392 -1.00503026]
2.5159400000030656	[-1.11168005  2.40256745 -1.00490058]
2.5159410000030658	[-1.11153452  2.40302048 -1.00477007]
2.515942000003066	[-1.11138807  2.40347299 -1.00463872]
2.515943000003066	[-1.11124072  2.40392497 -1.00450655]
2.515944000003066	[-1.11109248  2.40437648 -1.00437355]
2.5159450000030663	[-1.11094334  2.40482747 -1.00423972]
2.5159460000030665	[-1.1107933   2.40527796 -1.00410506]
2.5159470000030666	[-1.11064236  2.40572797 -1.00396958]
2.5159480000030667	[-1.11049055  2.40617744 -1.00383329]
2.515949000003067	[-1.11033784  2.40662643 -1.00369618]
2.515950000003067	[-1.11018425  2.40707494 -1.00355826]
2.515951000003067	[-1.11002977  2.4075228  -1.00341952]
2.5159520000030673	[-1.10987444  2.40797049 -1.00327999]
2.5159530000030674	[-1.10971822  2.40841753 -1.00313964]
2.5159540000030676	[-1.10956113  2.4088641  -1.0029985 ]
2.5159550000030677	[-1.10940317  2.40931019 -1.00285655]
2.515956000003068	[-1.10924434  2.4097558  -1.0027138 ]
2.515957000003068	[-1.10908465  2.41020094 -1.00257026]
2.515958000003068	[-1.10892411  2.41064561 -1.00242593]
2.5159590000030683	[-1.1087627   2.41108981 -1.0022808 ]
2.5159600000030684	[-1.10860044  2.41153355 -1.00213489]
2.5159610000030685	[-1.10843732  2.41197683 -1.00198819]
2.5159620000030687	[-1.10827336  2.41241964 -1.00184072]
2.515963000003069	[-1.10810855  2.412862   -1.00169246]
2.515964000003069	[-1.1079429   2.4133039  -1.00154342]
2.515965000003069	[-1.10777641  2.41374535 -1.00139361]
2.5159660000030692	[-1.10760907  2.41418635 -1.00124303]
2.5159670000030694	[-1.10744091  2.41462691 -1.00109167]
2.5159680000030695	[-1.10727191  2.41506702 -1.00093955]
2.5159690000030697	[-1.10710208  2.41550669 -1.00078666]
2.51597000000307	[-1.10693142  2.41594592 -1.00063301]
2.51597100000307	[-1.10675993  2.41638471 -1.0004786 ]
2.51597200000307	[-1.10658763  2.41682306 -1.00032343]
2.5159730000030702	[-1.1064145   2.41726099 -1.0001675 ]
2.5159740000030704	[-1.10624056  2.41769848 -1.00001082]
2.5159750000030705	[-1.1060658   2.41813554 -0.99985339]
2.5159760000030706	[-1.10589023  2.41857217 -0.99969521]
2.515977000003071	[-1.10571385  2.41900838 -0.99953628]
2.515978000003071	[-1.10553667  2.41944417 -0.99937661]
2.515979000003071	[-1.10535868  2.41987953 -0.99921619]
2.515980000003071	[-1.10517988  2.42031448 -0.99905504]
2.5159810000030713	[-1.10500029  2.420749   -0.99889314]
2.5159820000030715	[-1.1048199   2.42118311 -0.99873051]
2.5159830000030716	[-1.10463872  2.42161681 -0.99856715]
2.5159840000030718	[-1.10445674  2.42205009 -0.99840306]
2.515985000003072	[-1.10427397  2.42248296 -0.99823823]
2.515986000003072	[-1.10409042  2.42291541 -0.99807268]
2.515987000003072	[-1.10390607  2.42334746 -0.9979064 ]
2.5159880000030723	[-1.10372095  2.4237791  -0.9977394 ]
2.5159890000030725	[-1.10353505  2.42421033 -0.99757168]
2.5159900000030726	[-1.10334836  2.42464115 -0.99740324]
2.5159910000030727	[-1.1031609   2.42507157 -0.99723408]
2.515992000003073	[-1.10297267  2.42550158 -0.99706421]
2.515993000003073	[-1.10278366  2.42593119 -0.99689362]
2.515994000003073	[-1.10259389  2.42636039 -0.99672232]
2.5159950000030733	[-1.10240334  2.42678922 -0.99655031]
2.5159960000030734	[-1.10221204  2.42721759 -0.99637761]
2.5159970000030736	[-1.10201997  2.42764558 -0.99620419]
2.5159980000030737	[-1.10182714  2.42807317 -0.99603007]
2.515999000003074	[-1.10163355  2.42850035 -0.99585525]
2.516000000003074	[-1.10143921  2.42892714 -0.99567973]
2.516001000003074	[-1.10124411  2.42935352 -0.99550351]
2.5160020000030743	[-1.10104826  2.4297795  -0.9953266 ]
2.5160030000030744	[-1.10085166  2.43020507 -0.99514899]
2.5160040000030746	[-1.10065431  2.43063024 -0.9949707 ]
2.5160050000030747	[-1.10045622  2.431055   -0.99479171]
2.516006000003075	[-1.10025738  2.43147936 -0.99461204]
2.516007000003075	[-1.1000578   2.43190332 -0.99443168]
2.516008000003075	[-1.09985749  2.43232686 -0.99425064]
2.5160090000030753	[-1.09965644  2.43275    -0.99406892]
2.5160100000030754	[-1.0994545   2.43317234 -0.99388638]
2.5160110000030755	[-1.09925213  2.43359506 -0.99370343]
2.5160120000030757	[-1.09904888  2.43401697 -0.99351968]
2.516013000003076	[-1.0988449   2.43443846 -0.99333525]
2.516014000003076	[-1.0986402   2.43485955 -0.99315015]
2.516015000003076	[-1.09843477  2.43528022 -0.99296438]
2.5160160000030762	[-1.09822862  2.43570047 -0.99277794]
2.5160170000030764	[-1.09802176  2.4361203  -0.99259084]
2.5160180000030765	[-1.09781417  2.43653972 -0.99240307]
2.5160190000030767	[-1.09760587  2.43695871 -0.99221464]
2.516020000003077	[-1.09739686  2.43737728 -0.99202555]
2.516021000003077	[-1.09718714  2.43779542 -0.9918358 ]
2.516022000003077	[-1.09697671  2.43821314 -0.9916454 ]
2.516023000003077	[-1.09676557  2.43863041 -0.99145434]
2.5160240000030774	[-1.09655373  2.43904726 -0.99126264]
2.5160250000030775	[-1.09634119  2.43946368 -0.99107028]
2.5160260000030776	[-1.09612795  2.43987966 -0.99087727]
2.5160270000030778	[-1.09591401  2.4402952  -0.99068362]
2.516028000003078	[-1.09569938  2.44071029 -0.99048933]
2.516029000003078	[-1.09548405  2.44112495 -0.99029439]
2.516030000003078	[-1.09526804  2.44153915 -0.99009881]
2.5160310000030783	[-1.09505133  2.4419529  -0.9899026 ]
2.5160320000030785	[-1.09483394  2.4423662  -0.98970575]
2.5160330000030786	[-1.09461587  2.44277904 -0.98950827]
2.5160340000030788	[-1.09439712  2.44319143 -0.98931016]
2.516035000003079	[-1.09417769  2.44360335 -0.98911142]
2.516036000003079	[-1.09395759  2.44401481 -0.98891205]
2.516037000003079	[-1.0937368   2.4444258  -0.98871205]
2.5160380000030793	[-1.09351536  2.4448363  -0.98851145]
2.5160390000030795	[-1.09329325  2.44524635 -0.98831022]
2.5160400000030796	[-1.09307046  2.4456559  -0.98810837]
2.5160410000030797	[-1.09284702  2.44606498 -0.98790591]
2.51604200000308	[-1.09262291  2.44647358 -0.98770283]
2.51604300000308	[-1.09239815  2.44688168 -0.98749914]
2.51604400000308	[-1.09217273  2.44728929 -0.98729485]
2.5160450000030803	[-1.09194666  2.44769641 -0.98708995]
2.5160460000030804	[-1.09171995  2.44810302 -0.98688445]
2.5160470000030806	[-1.09149258  2.44850914 -0.98667835]
2.5160480000030807	[-1.09126456  2.44891474 -0.98647165]
2.516049000003081	[-1.09103591  2.44931984 -0.98626435]
2.516050000003081	[-1.09080662  2.44972442 -0.98605646]
2.516051000003081	[-1.09057669  2.45012848 -0.98584798]
2.5160520000030813	[-1.09034613  2.45053203 -0.98563892]
2.5160530000030814	[-1.09011494  2.45093504 -0.98542926]
2.5160540000030815	[-1.08988312  2.45133753 -0.98521903]
2.5160550000030817	[-1.08965067  2.45173948 -0.98500821]
2.516056000003082	[-1.08941826  2.45213853 -0.98479743]
2.516057000003082	[-1.08918395  2.45254178 -0.98458488]
2.516058000003082	[-1.08894962  2.4529421  -0.98437232]
2.5160590000030822	[-1.08871474  2.4533419  -0.98415923]
2.5160600000030824	[-1.08847922  2.45374113 -0.98394556]
2.5160610000030825	[-1.08824309  2.4541398  -0.98373132]
2.5160620000030827	[-1.08800636  2.45453792 -0.98351653]
2.516063000003083	[-1.08776903  2.45493547 -0.98330117]
2.516064000003083	[-1.0875311   2.45533245 -0.98308526]
2.516065000003083	[-1.08729258  2.45572887 -0.9828688 ]
2.5160660000030832	[-1.08705347  2.45612471 -0.98265179]
2.5160670000030834	[-1.0868137   2.45651991 -0.98243417]
2.5160680000030835	[-1.08657349  2.45691465 -0.98221613]
2.5160690000030836	[-1.08633262  2.45730875 -0.98199749]
2.516070000003084	[-1.08609118  2.45770225 -0.98177832]
2.516071000003084	[-1.08584916  2.45809516 -0.98155861]
2.516072000003084	[-1.08560658  2.45848748 -0.98133836]
2.516073000003084	[-1.08536342  2.4588792  -0.98111759]
2.5160740000030843	[-1.08511971  2.45927031 -0.9808963 ]
2.5160750000030845	[-1.08487543  2.45966082 -0.98067448]
2.5160760000030846	[-1.08463059  2.46005071 -0.98045215]
2.5160770000030848	[-1.0843852   2.46043999 -0.98022929]
2.516078000003085	[-1.08413926  2.46082865 -0.98000593]
2.516079000003085	[-1.08389278  2.4612167  -0.97978206]
2.516080000003085	[-1.08364575  2.46160412 -0.97955768]
2.5160810000030853	[-1.08339818  2.46199091 -0.9793328 ]
2.5160820000030855	[-1.08315007  2.46237707 -0.97910742]
2.5160830000030856	[-1.08290143  2.4627626  -0.97888154]
2.5160840000030857	[-1.08265227  2.46314749 -0.97865517]
2.516085000003086	[-1.08240257  2.46353174 -0.97842832]
2.516086000003086	[-1.08215236  2.46391534 -0.97820097]
2.516087000003086	[-1.08190163  2.4642983  -0.97797314]
2.5160880000030863	[-1.08165038  2.46468062 -0.97774484]
2.5160890000030864	[-1.08139862  2.46506227 -0.97751604]
2.5160900000030866	[-1.08114636  2.46544328 -0.9772868 ]
2.5160910000030867	[-1.08089359  2.46582363 -0.97705707]
2.516092000003087	[-1.08064033  2.46620332 -0.97682688]
2.516093000003087	[-1.08038656  2.46658236 -0.97659622]
2.516094000003087	[-1.0801323   2.46696071 -0.97636511]
2.5160950000030873	[-1.07987756  2.4673384  -0.97613354]
2.5160960000030874	[-1.07962233  2.46771542 -0.97590151]
2.5160970000030876	[-1.07936662  2.46809177 -0.97566904]
2.5160980000030877	[-1.07911043  2.46846745 -0.97543613]
2.516099000003088	[-1.07885377  2.46884244 -0.97520277]
2.516100000003088	[-1.07859664  2.46921676 -0.97496897]
2.516101000003088	[-1.07833905  2.4695904  -0.97473473]
2.5161020000030883	[-1.07808099  2.46996334 -0.97450007]
2.5161030000030884	[-1.07782247  2.47033561 -0.97426497]
2.5161040000030885	[-1.0775635   2.47070719 -0.97402945]
2.5161050000030887	[-1.07730407  2.47107808 -0.97379351]
2.516106000003089	[-1.0770442   2.47144827 -0.97355715]
2.516107000003089	[-1.07678389  2.47181777 -0.97332038]
2.516108000003089	[-1.07652314  2.47218658 -0.97308319]
2.5161090000030892	[-1.07626232  2.47255607 -0.97284594]
2.5161100000030894	[-1.07600035  2.4729221  -0.97260762]
2.5161110000030895	[-1.0757383   2.4732888  -0.97236922]
2.5161120000030897	[-1.07547583  2.47365481 -0.97213042]
2.51611300000309	[-1.07521293  2.47402011 -0.97189123]
2.51611400000309	[-1.07494962  2.47438471 -0.97165165]
2.51611500000309	[-1.07468589  2.47474859 -0.97141168]
2.51611600000309	[-1.07442176  2.47511178 -0.97117134]
2.5161170000030904	[-1.07415722  2.47547426 -0.9709306 ]
2.5161180000030905	[-1.07389228  2.47583602 -0.9706895 ]
2.5161190000030906	[-1.07362695  2.47619706 -0.97044802]
2.5161200000030908	[-1.07336121  2.47655741 -0.97020616]
2.516121000003091	[-1.07309508  2.47691703 -0.96996394]
2.516122000003091	[-1.07282857  2.47727594 -0.96972136]
2.516123000003091	[-1.07256168  2.47763414 -0.96947842]
2.5161240000030913	[-1.0722944   2.47799161 -0.96923512]
2.5161250000030915	[-1.07202675  2.47834837 -0.96899147]
2.5161260000030916	[-1.07175873  2.47870441 -0.96874746]
2.5161270000030918	[-1.07149034  2.47905973 -0.96850312]
2.516128000003092	[-1.07122158  2.47941433 -0.96825842]
2.516129000003092	[-1.07095246  2.47976821 -0.96801339]
2.516130000003092	[-1.07068299  2.48012138 -0.96776803]
2.5161310000030923	[-1.07041315  2.48047379 -0.96752232]
2.5161320000030925	[-1.07014297  2.4808255  -0.96727629]
2.5161330000030926	[-1.06987244  2.48117648 -0.96702993]
2.5161340000030927	[-1.06960157  2.48152674 -0.96678325]
2.516135000003093	[-1.06933036  2.48187627 -0.96653624]
2.516136000003093	[-1.06905881  2.48222507 -0.96628892]
2.516137000003093	[-1.06878692  2.48257315 -0.96604129]
2.5161380000030933	[-1.06851471  2.4829205  -0.96579334]
2.5161390000030934	[-1.06824218  2.48326712 -0.96554509]
2.5161400000030936	[-1.06796932  2.48361301 -0.96529653]
2.5161410000030937	[-1.06769614  2.48395817 -0.96504768]
2.516142000003094	[-1.06742264  2.4843026  -0.96479852]
2.516143000003094	[-1.06714884  2.4846463  -0.96454907]
2.516144000003094	[-1.06687472  2.48498927 -0.96429933]
2.5161450000030943	[-1.0666003  2.4853315 -0.9640493]
2.5161460000030944	[-1.06632558  2.485673   -0.96379898]
2.5161470000030945	[-1.06605056  2.48601377 -0.96354838]
2.5161480000030947	[-1.06577525  2.48635381 -0.9632975 ]
2.516149000003095	[-1.06549964  2.48669311 -0.96304635]
2.516150000003095	[-1.06522374  2.48703167 -0.96279492]
2.516151000003095	[-1.06494756  2.4873695  -0.96254322]
2.5161520000030952	[-1.0646711   2.48770659 -0.96229125]
2.5161530000030954	[-1.06439436  2.48804294 -0.96203902]
2.5161540000030955	[-1.06411734  2.48837856 -0.96178653]
2.5161550000030957	[-1.06384006  2.48871344 -0.96153378]
2.516156000003096	[-1.0635625   2.48904757 -0.96128078]
2.516157000003096	[-1.06328468  2.48938097 -0.96102752]
2.516158000003096	[-1.0630066   2.48971362 -0.96077402]
2.5161590000030962	[-1.06272825  2.49004554 -0.96052027]
2.5161600000030964	[-1.06244966  2.49037671 -0.96026627]
2.5161610000030965	[-1.06217081  2.49070713 -0.96001204]
2.5161620000030966	[-1.06189171  2.49103681 -0.95975756]
2.516163000003097	[-1.06161236  2.49136574 -0.95950286]
2.516164000003097	[-1.06133277  2.49169393 -0.95924792]
2.516165000003097	[-1.06105295  2.49202137 -0.95899275]
2.516166000003097	[-1.06077288  2.49234806 -0.95873736]
2.5161670000030973	[-1.06049259  2.492674   -0.95848174]
2.5161680000030975	[-1.06021206  2.49299918 -0.9582259 ]
2.5161690000030976	[-1.05993131  2.49332362 -0.95796985]
2.5161700000030978	[-1.05965033  2.4936473  -0.95771358]
2.516171000003098	[-1.05936914  2.49397022 -0.95745711]
2.516172000003098	[-1.05908772  2.49429239 -0.95720042]
2.516173000003098	[-1.0588061   2.4946138  -0.95694353]
2.5161740000030983	[-1.05852426  2.49493444 -0.95668643]
2.5161750000030985	[-1.05824221  2.49525433 -0.95642914]
2.5161760000030986	[-1.05795996  2.49557345 -0.95617165]
2.5161770000030987	[-1.05767751  2.49589181 -0.95591396]
2.516178000003099	[-1.05739486  2.4962094  -0.95565609]
2.516179000003099	[-1.05711202  2.49652621 -0.95539802]
2.516180000003099	[-1.05682897  2.49684224 -0.95513977]
2.5161810000030993	[-1.05654575  2.49715754 -0.95488134]
2.5161820000030994	[-1.05626234  2.49747204 -0.95462273]
2.5161830000030996	[-1.05597875  2.49778576 -0.95436394]
2.5161840000030997	[-1.05569498  2.4980987  -0.95410498]
2.5161850000031	[-1.05541103  2.49841087 -0.95384585]
2.5161860000031	[-1.05512691  2.49872224 -0.95358655]
2.5161870000031	[-1.05484262  2.49903283 -0.95332709]
2.5161880000031003	[-1.05455817  2.49934263 -0.95306746]
2.5161890000031004	[-1.05427355  2.49965164 -0.95280768]
2.5161900000031006	[-1.05398877  2.49995986 -0.95254774]
2.5161910000031007	[-1.05370383  2.50026728 -0.95228765]
2.516192000003101	[-1.05341876  2.50057387 -0.95202741]
2.516193000003101	[-1.05313351  2.50087971 -0.95176701]
2.516194000003101	[-1.05284812  2.50118472 -0.95150648]
2.5161950000031013	[-1.05256259  2.50148892 -0.9512458 ]
2.5161960000031014	[-1.05227693  2.50179231 -0.95098499]
2.5161970000031015	[-1.05199112  2.50209488 -0.95072404]
2.5161980000031017	[-1.05171757  2.50239833 -0.95047419]
2.516199000003102	[-1.05141906  2.50269735 -0.95020171]
2.516200000003102	[-1.05113291  2.50299747 -0.94994041]
2.516201000003102	[-1.0508466   2.50329678 -0.94967896]
2.5162020000031022	[-1.05056016  2.50359523 -0.94941738]
2.5162030000031024	[-1.05027361  2.50389284 -0.94915569]
2.5162040000031025	[-1.04998695  2.50418962 -0.94889389]
2.5162050000031027	[-1.04970017  2.50448555 -0.94863197]
2.516206000003103	[-1.0494133   2.50478067 -0.94836997]
2.516207000003103	[-1.04912628  2.50507484 -0.9481078 ]
2.516208000003103	[-1.04883923  2.50536824 -0.94784561]
2.516209000003103	[-1.04855204  2.50566077 -0.94758328]
2.5162100000031034	[-1.04826477  2.50595243 -0.94732086]
2.5162110000031035	[-1.04797741  2.50624322 -0.94705835]
2.5162120000031036	[-1.04768997  2.50653314 -0.94679575]
2.5162130000031038	[-1.04740244  2.50682218 -0.94653307]
2.516214000003104	[-1.04711484  2.50711035 -0.94627031]
2.516215000003104	[-1.04682716  2.50739763 -0.94600747]
2.516216000003104	[-1.04653941  2.50768402 -0.94574455]
2.5162170000031043	[-1.04625159  2.50796952 -0.94548156]
2.5162180000031045	[-1.04596371  2.50825412 -0.94521851]
2.5162190000031046	[-1.04567577  2.50853781 -0.94495539]
2.5162200000031048	[-1.04538778  2.5088206  -0.94469221]
2.516221000003105	[-1.04509973  2.50910248 -0.94442897]
2.516222000003105	[-1.04481163  2.50938344 -0.94416568]
2.516223000003105	[-1.04452349  2.50966348 -0.94390233]
2.5162240000031053	[-1.04423531  2.5099426  -0.94363894]
2.5162250000031054	[-1.04394709  2.51022078 -0.94337551]
2.5162260000031056	[-1.04365884  2.51049803 -0.94311203]
2.5162270000031057	[-1.04337056  2.51077433 -0.94284852]
2.516228000003106	[-1.04308225  2.5110497  -0.94258497]
2.516229000003106	[-1.04279392  2.5113241  -0.9423214 ]
2.516230000003106	[-1.04250557  2.51159755 -0.94205779]
2.5162310000031063	[-1.04221721  2.51187005 -0.94179417]
2.5162320000031064	[-1.04192883  2.51214157 -0.94153052]
2.5162330000031066	[-1.04164046  2.51241212 -0.94126686]
2.5162340000031067	[-1.04135208  2.5126817  -0.94100319]
2.516235000003107	[-1.04106369  2.5129503  -0.94073951]
2.516236000003107	[-1.04077532  2.5132179  -0.94047582]
2.516237000003107	[-1.04048695  2.51348452 -0.94021214]
2.5162380000031073	[-1.0401986   2.51375014 -0.93994845]
2.5162390000031074	[-1.03991027  2.51401475 -0.93968477]
2.5162400000031075	[-1.03962196  2.51427836 -0.9394211 ]
2.5162410000031077	[-1.03933367  2.51454095 -0.93915745]
2.516242000003108	[-1.03904557  2.51480285 -0.93889395]
2.516243000003108	[-1.03873457  2.51505624 -0.93860957]
2.516244000003108	[-1.03849157  2.51532966 -0.93838717]
2.5162450000031082	[-1.03815821  2.5155743  -0.93808239]
2.5162460000031084	[-1.03789277  2.51583899 -0.93783951]
2.5162470000031085	[-1.03760463  2.51609529 -0.93757593]
2.5162480000031087	[-1.03731663  2.51635065 -0.93731246]
2.516249000003109	[-1.03702868  2.51660495 -0.93704904]
2.516250000003109	[-1.0367408   2.5168582  -0.93678566]
2.516251000003109	[-1.03645297  2.51711038 -0.93652234]
2.5162520000031092	[-1.03616522  2.51736149 -0.93625906]
2.5162530000031094	[-1.03587755  2.51761153 -0.93599585]
2.5162540000031095	[-1.03558995  2.51786048 -0.93573269]
2.5162550000031096	[-1.03530243  2.51810835 -0.9354696 ]
2.51625600000311	[-1.03501499  2.51835513 -0.93520658]
2.51625700000311	[-1.03472765  2.51860081 -0.93494363]
2.51625800000311	[-1.0344364   2.51883561 -0.93467697]
2.51625900000311	[-1.03415262  2.51908908 -0.93441739]
2.5162600000031103	[-1.03386587  2.51933144 -0.93415495]
2.5162610000031105	[-1.03357893  2.51957269 -0.93389233]
2.5162620000031106	[-1.03329209  2.51981282 -0.9336298 ]
2.5162630000031108	[-1.03300536  2.52005183 -0.93336736]
2.516264000003111	[-1.03271875  2.5202897  -0.93310501]
2.516265000003111	[-1.03243227  2.52052645 -0.93284277]
2.516266000003111	[-1.0321459   2.52076205 -0.93258063]
2.5162670000031113	[-1.03185966  2.52099652 -0.9323186 ]
2.5162680000031115	[-1.03157356  2.52122983 -0.93205668]
2.5162690000031116	[-1.03128759  2.521462   -0.93179487]
2.5162700000031117	[-1.03100177  2.52169301 -0.93153318]
2.516271000003112	[-1.03071608  2.52192285 -0.93127162]
2.516272000003112	[-1.03043054  2.52215154 -0.93101018]
2.516273000003112	[-1.03014516  2.52237906 -0.93074886]
2.5162740000031123	[-1.02985992  2.5226054  -0.93048768]
2.5162750000031124	[-1.02957485  2.52283057 -0.93022663]
2.5162760000031126	[-1.02928994  2.52305456 -0.92996573]
2.5162770000031127	[-1.02900518  2.52327737 -0.92970496]
2.516278000003113	[-1.0287206   2.52349899 -0.92944433]
2.516279000003113	[-1.02843619  2.52371942 -0.92918386]
2.516280000003113	[-1.02815195  2.52393866 -0.92892353]
2.5162810000031133	[-1.02786789  2.5241567  -0.92866336]
2.5162820000031134	[-1.02758402  2.52437354 -0.92840335]
2.5162830000031136	[-1.02730032  2.52458917 -0.92814349]
2.5162840000031137	[-1.02701682  2.5248036  -0.9278838 ]
2.516285000003114	[-1.02673351  2.52501682 -0.92762427]
2.516286000003114	[-1.02645039  2.52522882 -0.92736491]
2.516287000003114	[-1.02616746  2.5254396  -0.92710572]
2.5162880000031143	[-1.02588474  2.52564917 -0.92684671]
2.5162890000031144	[-1.02560222  2.52585752 -0.92658787]
2.5162900000031145	[-1.02531991  2.52606464 -0.92632921]
2.5162910000031147	[-1.0250378   2.52627054 -0.92607073]
2.516292000003115	[-1.02475593  2.52647511 -0.92581246]
2.516293000003115	[-1.02447423  2.52667863 -0.92555433]
2.516294000003115	[-1.02419276  2.52688083 -0.92529641]
2.5162950000031152	[-1.02391152  2.5270818  -0.92503869]
2.5162960000031154	[-1.02363049  2.52728153 -0.92478115]
2.5162970000031155	[-1.02334961  2.52747986 -0.92452374]
2.5162980000031157	[-1.02306912  2.52767726 -0.92426668]
2.516299000003116	[-1.02278877  2.52787326 -0.92400974]
2.516300000003116	[-1.02250866  2.52806802 -0.923753  ]
2.516301000003116	[-1.02222878  2.52826152 -0.92349647]
2.516302000003116	[-1.02194913  2.52845378 -0.92324014]
2.5163030000031164	[-1.02166972  2.52864479 -0.92298403]
2.5163040000031165	[-1.02139055  2.52883455 -0.92272812]
2.5163050000031166	[-1.02111163  2.52902306 -0.92247243]
2.5163060000031168	[-1.02083294  2.52921031 -0.92221695]
2.516307000003117	[-1.02055451  2.52939631 -0.92196168]
2.516308000003117	[-1.02027631  2.52958106 -0.92170663]
2.516309000003117	[-1.01999837  2.52976454 -0.9214518 ]
2.5163100000031173	[-1.01972067  2.52994677 -0.92119719]
2.5163110000031175	[-1.01944323  2.53012775 -0.9209428 ]
2.5163120000031176	[-1.01916604  2.53030746 -0.92068863]
2.5163130000031178	[-1.0188891   2.53048591 -0.92043469]
2.516314000003118	[-1.01861242  2.5306631  -0.92018097]
2.516315000003118	[-1.01833599  2.53083905 -0.91992748]
2.516316000003118	[-1.01805982  2.53101372 -0.91967421]
2.5163170000031183	[-1.01778391  2.53118714 -0.91942117]
2.5163180000031184	[-1.01750826  2.53135929 -0.91916836]
2.5163190000031186	[-1.01723287  2.53153019 -0.91891578]
2.5163200000031187	[-1.01695774  2.53169982 -0.91866343]
2.516321000003119	[-1.01668287  2.5318682  -0.91841132]
2.516322000003119	[-1.01640826  2.53203531 -0.91815943]
2.516323000003119	[-1.01613392  2.53220117 -0.91790778]
2.5163240000031193	[-1.01585984  2.53236577 -0.91765635]
2.5163250000031194	[-1.01558602  2.5325291  -0.91740517]
2.5163260000031196	[-1.01531247  2.53269118 -0.91715421]
2.5163270000031197	[-1.01503918  2.532852   -0.91690349]
2.51632800000312	[-1.01476616  2.53301157 -0.91665301]
2.51632900000312	[-1.0144934   2.53316987 -0.91640275]
2.51633000000312	[-1.01422091  2.53332693 -0.91615273]
2.5163310000031203	[-1.01394867  2.53348273 -0.91590294]
2.5163320000031204	[-1.01367673  2.53363726 -0.91565341]
2.5163330000031205	[-1.01340502  2.53379055 -0.91540409]
2.5163340000031207	[-1.01313358  2.53394259 -0.915155  ]
2.516335000003121	[-1.01286241  2.53409337 -0.91490616]
2.516336000003121	[-1.01259151  2.53424291 -0.91465754]
2.516337000003121	[-1.01232086  2.53439119 -0.91440916]
2.5163380000031212	[-1.01205048  2.53453823 -0.91416101]
2.5163390000031214	[-1.01178037  2.53468402 -0.9139131 ]
2.5163400000031215	[-1.01151051  2.53482856 -0.91366541]
2.5163410000031217	[-1.01124088  2.53497184 -0.91341793]
2.516342000003122	[-1.01097158  2.53511391 -0.91317073]
2.516343000003122	[-1.0107025   2.53525472 -0.91292374]
2.516344000003122	[-1.01043368  2.53539429 -0.91267697]
2.5163450000031222	[-1.01016512  2.53553262 -0.91243044]
2.5163460000031224	[-1.00989682  2.53566969 -0.91218413]
2.5163470000031225	[-1.00962877  2.53580557 -0.91193804]
2.5163480000031226	[-1.00936097  2.53594019 -0.91169218]
2.516349000003123	[-1.00909343  2.53607357 -0.91144655]
2.516350000003123	[-1.00882614  2.53620572 -0.91120113]
2.516351000003123	[-1.0085591   2.53633664 -0.91095594]
2.516352000003123	[-1.00829231  2.53646633 -0.91071098]
2.5163530000031233	[-1.00802577  2.53659479 -0.91046623]
2.5163540000031235	[-1.00775948  2.53672202 -0.91022169]
2.5163550000031236	[-1.00749343  2.53684803 -0.90997738]
2.5163560000031238	[-1.00722762  2.5369728  -0.90973328]
2.516357000003124	[-1.00696206  2.53709637 -0.9094894 ]
2.516358000003124	[-1.00669673  2.53721871 -0.90924572]
2.516359000003124	[-1.00643164  2.53733983 -0.90900226]
2.5163600000031243	[-1.00616679  2.53745973 -0.90875901]
2.5163610000031245	[-1.00590217  2.53757841 -0.90851596]
2.5163620000031246	[-1.00563779  2.53769588 -0.90827313]
2.5163630000031247	[-1.00537364  2.53781213 -0.90803049]
2.516364000003125	[-1.00510972  2.53792717 -0.90778806]
2.516365000003125	[-1.00484603  2.53804099 -0.90754584]
2.516366000003125	[-1.00460766  2.53822153 -0.9073263 ]
2.5163670000031253	[-1.0043192   2.53826499 -0.90706188]
2.5163680000031254	[-1.0040563   2.53837511 -0.90682035]
2.5163690000031256	[-1.00379346  2.53848417 -0.90657888]
2.5163700000031257	[-1.00353093  2.53859193 -0.90633768]
2.516371000003126	[-1.00326853  2.53869861 -0.90609659]
2.516372000003126	[-1.00300638  2.53880403 -0.90585573]
2.516373000003126	[-1.00274445  2.53890824 -0.90561506]
2.5163740000031263	[-1.00248273  2.53901125 -0.90537457]
2.5163750000031264	[-1.00222121  2.53911306 -0.90513427]
2.5163760000031266	[-1.0019599   2.53921368 -0.90489415]
2.5163770000031267	[-1.00169879  2.53931309 -0.90465421]
2.516378000003127	[-1.00143788  2.53941131 -0.90441444]
2.516379000003127	[-1.00117718  2.53950833 -0.90417485]
2.516380000003127	[-1.00091667  2.53960415 -0.90393544]
2.5163810000031273	[-1.00065635  2.53969878 -0.9036962 ]
2.5163820000031274	[-1.00039623  2.53979221 -0.90345712]
2.5163830000031275	[-1.00013629  2.53988446 -0.90321822]
2.5163840000031277	[-0.99987655  2.53997551 -0.90297948]
2.516385000003128	[-0.99961699  2.54006536 -0.90274091]
2.516386000003128	[-0.99930466  2.54008724 -0.90245463]
2.516387000003128	[-0.99909945  2.54024251 -0.90226518]
2.5163880000031282	[-0.99883997  2.5403286  -0.90202667]
2.5163890000031284	[-0.9985811   2.54041357 -0.90178869]
2.5163900000031285	[-0.99832246  2.5404975  -0.90155093]
2.5163910000031287	[-0.99806396  2.54058017 -0.90131329]
2.516392000003129	[-0.99780564  2.54066164 -0.9010758 ]
2.516393000003129	[-0.99754748  2.54074193 -0.90083846]
2.516394000003129	[-0.99728949  2.54082103 -0.90060127]
2.516395000003129	[-0.99703167  2.54089895 -0.90036423]
2.5163960000031294	[-0.99677401  2.54097567 -0.90012733]
2.5163970000031295	[-0.99651652  2.54105121 -0.89989057]
2.5163980000031296	[-0.99625918  2.54112556 -0.89965395]
2.5163990000031298	[-0.996002    2.54119873 -0.89941747]
2.51640000000313	[-0.99574504  2.54127081 -0.89918119]
2.51640100000313	[-0.99548811  2.54134149 -0.89894492]
2.51640200000313	[-0.99523139  2.54141109 -0.89870885]
2.5164030000031303	[-0.99497482  2.5414795  -0.89847291]
2.5164040000031305	[-0.99471841  2.54154673 -0.8982371 ]
2.5164050000031306	[-0.99446213  2.54161275 -0.89800142]
2.5164060000031307	[-0.99420601  2.54167761 -0.89776587]
2.516407000003131	[-0.99394998  2.54174121 -0.8975304 ]
2.516408000003131	[-0.99369418  2.54180373 -0.89729514]
2.516409000003131	[-0.99343848  2.54186501 -0.89705996]
2.5164100000031313	[-0.99318292  2.5419251  -0.8968249 ]
2.5164110000031314	[-0.9929275   2.54198399 -0.89658996]
2.5164120000031316	[-0.9926722   2.5420417  -0.89635514]
2.5164130000031317	[-0.99241705  2.54209821 -0.89612044]
2.516414000003132	[-0.99216202  2.54215353 -0.89588585]
2.516415000003132	[-0.99190713  2.54220765 -0.89565138]
2.516416000003132	[-0.99165237  2.54226058 -0.89541703]
2.5164170000031323	[-0.99139773  2.54231232 -0.89518277]
2.5164180000031324	[-0.99114322  2.54236287 -0.89494864]
2.5164190000031326	[-0.99088884  2.54241221 -0.89471461]
2.5164200000031327	[-0.99063458  2.54246036 -0.8944807 ]
2.516421000003133	[-0.99038044  2.54250731 -0.89424689]
2.516422000003133	[-0.99012643  2.54255306 -0.89401319]
2.516423000003133	[-0.98987253  2.54259761 -0.89377959]
2.5164240000031333	[-0.98961876  2.54264097 -0.8935461 ]
2.5164250000031334	[-0.98937059  2.54268643 -0.89331777]
2.5164260000031335	[-0.98911166  2.54272401 -0.89307952]
2.5164270000031337	[-0.9888582   2.54276372 -0.89284629]
2.516428000003134	[-0.98860489  2.54280225 -0.89261321]
2.516429000003134	[-0.9883517   2.54283961 -0.89238023]
2.516430000003134	[-0.98809862  2.54287574 -0.89214734]
2.5164310000031342	[-0.98784565  2.54291067 -0.89191456]
2.5164320000031344	[-0.98759279  2.54294439 -0.89168187]
2.5164330000031345	[-0.98734005  2.5429769  -0.89144928]
2.5164340000031347	[-0.98708742  2.5430082  -0.89121679]
2.516435000003135	[-0.98683489  2.54303829 -0.89098439]
2.516436000003135	[-0.98658534  2.54306951 -0.89075464]
2.516437000003135	[-0.98633005  2.54309476 -0.89051977]
2.5164380000031352	[-0.98607795  2.54312128 -0.89028774]
2.5164390000031354	[-0.98582586  2.54314652 -0.89005572]
2.5164400000031355	[-0.98557387  2.54317055 -0.8898238 ]
2.5164410000031356	[-0.98532199  2.54319336 -0.88959196]
2.516442000003136	[-0.98507022  2.54321495 -0.88936022]
2.516443000003136	[-0.98481855  2.54323533 -0.88912857]
2.516444000003136	[-0.98456699  2.54325449 -0.88889702]
2.516445000003136	[-0.98431553  2.54327243 -0.88866555]
2.5164460000031363	[-0.98406417  2.54328915 -0.88843417]
2.5164470000031365	[-0.98381292  2.54330464 -0.88820289]
2.5164480000031366	[-0.98356177  2.54331891 -0.88797169]
2.5164490000031368	[-0.98331072  2.54333197 -0.88774059]
2.516450000003137	[-0.98305977  2.5433438  -0.88750957]
2.516451000003137	[-0.98280893  2.5433544  -0.88727864]
2.516452000003137	[-0.98255819  2.54336378 -0.88704781]
2.5164530000031373	[-0.98230755  2.54337194 -0.88681706]
2.5164540000031375	[-0.98205701  2.54337887 -0.8865864 ]
2.5164550000031376	[-0.98180657  2.54338456 -0.88635582]
2.5164560000031377	[-0.98155624  2.54338904 -0.88612534]
2.516457000003138	[-0.981306    2.5433923  -0.88589495]
2.516458000003138	[-0.98105587  2.54339432 -0.88566465]
2.516459000003138	[-0.98080583  2.54339511 -0.88543442]
2.5164600000031383	[-0.9805559   2.54339467 -0.88520429]
2.5164610000031384	[-0.98030606  2.54339301 -0.88497425]
2.5164620000031386	[-0.98005633  2.54339011 -0.88474429]
2.5164630000031387	[-0.97980669  2.54338599 -0.88451443]
2.516464000003139	[-0.97955726  2.54338076 -0.88428474]
2.516465000003139	[-0.97930772  2.54337405 -0.88405495]
2.516466000003139	[-0.97905838  2.54336624 -0.88382534]
2.5164670000031393	[-0.97880914  2.5433572  -0.88359582]
2.5164680000031394	[-0.97856     2.54334693 -0.88336639]
2.5164690000031396	[-0.97831096  2.54333543 -0.88313704]
2.5164700000031397	[-0.97806201  2.5433227  -0.88290778]
2.51647100000314	[-0.97781317  2.54330873 -0.88267861]
2.51647200000314	[-0.97756442  2.54329355 -0.88244952]
2.51647300000314	[-0.97731577  2.54327713 -0.88222052]
2.5164740000031403	[-0.97706722  2.54325948 -0.8819916 ]
2.5164750000031404	[-0.97681876  2.54324061 -0.88176277]
2.5164760000031405	[-0.97657041  2.54322051 -0.88153402]
2.5164770000031407	[-0.97627624  2.54316565 -0.88126346]
2.516478000003141	[-0.97607358  2.54317734 -0.88107641]
2.516479000003141	[-0.97582554  2.54315382 -0.88084795]
2.516480000003141	[-0.97557756  2.5431288  -0.88061953]
2.5164810000031412	[-0.97532968  2.54310256 -0.8803912 ]
2.5164820000031414	[-0.97508188  2.5430751  -0.88016295]
2.5164830000031415	[-0.97483419  2.54304641 -0.87993479]
2.5164840000031417	[-0.97458659  2.5430165  -0.87970671]
2.516485000003142	[-0.97433906  2.54298537 -0.87947869]
2.516486000003142	[-0.97409166  2.54295302 -0.87925079]
2.516487000003142	[-0.97384478  2.54292017 -0.87902336]
2.516488000003142	[-0.9735971   2.54288466 -0.87879519]
2.5164890000031424	[-0.97334997  2.54284866 -0.87856752]
2.5164900000031425	[-0.97310291  2.54281143 -0.87833992]
2.5164910000031426	[-0.97286397  2.54277117 -0.87811961]
2.5164920000031428	[-0.97260877  2.54273289 -0.87788467]
2.516493000003143	[-0.97236209  2.54269211 -0.87765741]
2.516494000003143	[-0.97211477  2.54265009 -0.87742955]
2.516495000003143	[-0.97186879  2.5426068  -0.87720292]
2.5164960000031433	[-0.97162215  2.54256224 -0.87697568]
2.5164970000031435	[-0.97137585  2.54251666 -0.87674874]
2.5164980000031436	[-0.97112947  2.54246975 -0.87652173]
2.5164990000031437	[-0.9708832   2.54242166 -0.87629482]
2.516500000003144	[-0.970637    2.54237237 -0.87606797]
2.516501000003144	[-0.97039086  2.54232187 -0.87584117]
2.516502000003144	[-0.97014486  2.54227019 -0.87561449]
2.5165030000031443	[-0.9698989   2.5422173  -0.87538786]
2.5165040000031444	[-0.96971262  2.54221496 -0.87521579]
2.5165050000031446	[-0.96934684  2.54205462 -0.87487957]
2.5165060000031447	[-0.96922205  2.5421036  -0.87476373]
2.516507000003145	[-0.96891613  2.54199316 -0.87448224]
2.516508000003145	[-0.96867045  2.54193387 -0.87425584]
2.516509000003145	[-0.9684249   2.54187384 -0.87402955]
2.5165100000031453	[-0.96817946  2.54181266 -0.87380337]
2.5165110000031454	[-0.96793408  2.5417503  -0.87357724]
2.5165120000031456	[-0.96768877  2.54168676 -0.87335117]
2.5165130000031457	[-0.96744352  2.54162204 -0.87312514]
2.516514000003146	[-0.96719833  2.54155615 -0.87289918]
2.516515000003146	[-0.96695324  2.54148906 -0.87267329]
2.516516000003146	[-0.96670813  2.54142085 -0.87244739]
2.5165170000031463	[-0.96646311  2.54135145 -0.87222156]
2.5165180000031464	[-0.96621814  2.54128087 -0.87199578]
2.5165190000031465	[-0.96597322  2.54120914 -0.87177005]
2.5165200000031467	[-0.96572835  2.54113624 -0.87154435]
2.516521000003147	[-0.96548352  2.54106218 -0.8713187 ]
2.516522000003147	[-0.96523874  2.54098696 -0.87109308]
2.516523000003147	[-0.964994    2.54091058 -0.87086749]
2.5165240000031472	[-0.9647493   2.54083306 -0.87064195]
2.5165250000031474	[-0.96450462  2.54075437 -0.87041641]
2.5165260000031475	[-0.96425999  2.54067453 -0.87019092]
2.5165270000031477	[-0.96401539  2.54059355 -0.86996545]
2.516528000003148	[-0.96377082  2.54051145 -0.86974001]
2.516529000003148	[-0.96352631  2.5404281  -0.86951462]
2.516530000003148	[-0.96328173  2.54034372 -0.86928917]
2.516531000003148	[-0.96303723  2.54025816 -0.86906378]
2.5165320000031484	[-0.96279274  2.54017146 -0.8688384 ]
2.5165330000031485	[-0.96254826  2.54008362 -0.86861303]
2.5165340000031486	[-0.9623038   2.53999465 -0.86838767]
2.516535000003149	[-0.96205935  2.53990454 -0.86816232]
2.516536000003149	[-0.9618149   2.5398133  -0.86793697]
2.516537000003149	[-0.96157046  2.53972093 -0.86771162]
2.516538000003149	[-0.96132601  2.53962743 -0.86748626]
2.5165390000031493	[-0.96108158  2.53953281 -0.86726091]
2.5165400000031495	[-0.96083711  2.53943704 -0.86703553]
2.5165410000031496	[-0.96059264  2.53934016 -0.86681015]
2.5165420000031498	[-0.96034816  2.53924216 -0.86658476]
2.51654300000315	[-0.96010367  2.53914303 -0.86635935]
2.51654400000315	[-0.95985916  2.53904279 -0.86613392]
2.51654500000315	[-0.95961462  2.53894142 -0.86590846]
2.5165460000031503	[-0.95937011  2.53883892 -0.86568303]
2.5165470000031505	[-0.95912547  2.53873533 -0.86545747]
2.5165480000031506	[-0.95888084  2.53863062 -0.86523193]
2.5165490000031507	[-0.95863618  2.53852478 -0.86500635]
2.516550000003151	[-0.9583919   2.53841728 -0.86478111]
2.516551000003151	[-0.95814673  2.53830977 -0.86455506]
2.516552000003151	[-0.95790194  2.53820059 -0.86432936]
2.5165530000031513	[-0.9576571   2.53809031 -0.86410361]
2.5165540000031514	[-0.9574122   2.53797891 -0.8638778 ]
2.5165550000031516	[-0.95716725  2.53786641 -0.86365195]
2.5165560000031517	[-0.95692224  2.5377528  -0.86342603]
2.516557000003152	[-0.95667717  2.53763807 -0.86320006]
2.516558000003152	[-0.95643203  2.53752224 -0.86297402]
2.516559000003152	[-0.95618681  2.5374053  -0.86274791]
2.5165600000031523	[-0.95594152  2.53728726 -0.86252173]
2.5165610000031524	[-0.95569616  2.5371681  -0.86229548]
2.5165620000031526	[-0.95545071  2.53704784 -0.86206915]
2.5165630000031527	[-0.95520518  2.53692647 -0.86184274]
2.516564000003153	[-0.95495956  2.536804   -0.86161626]
2.516565000003153	[-0.95471384  2.5366804  -0.86138967]
2.516566000003153	[-0.95446803  2.53655571 -0.861163  ]
2.5165670000031533	[-0.95422212  2.53642991 -0.86093624]
2.5165680000031534	[-0.95394968  2.53627761 -0.86068533]
2.5165690000031535	[-0.9537302   2.53617498 -0.86048262]
2.5165700000031537	[-0.95348385  2.53604632 -0.86025545]
2.516571000003154	[-0.9532375   2.53591607 -0.86002828]
2.516572000003154	[-0.95299103  2.5357847  -0.859801  ]
2.516573000003154	[-0.95274444  2.53565222 -0.8595736 ]
2.5165740000031542	[-0.95249775  2.53551864 -0.85934611]
2.5165750000031544	[-0.9522509   2.53538392 -0.85911847]
2.5165760000031545	[-0.95200393  2.5352481  -0.85889072]
2.5165770000031547	[-0.95175683  2.53511117 -0.85866285]
2.516578000003155	[-0.95150961  2.53497319 -0.85843487]
2.516579000003155	[-0.95126221  2.53483396 -0.85820673]
2.516580000003155	[-0.95101469  2.53469367 -0.85797846]
2.516581000003155	[-0.95076702  2.53455227 -0.85775007]
2.5165820000031554	[-0.9505192   2.53440975 -0.85752153]
2.5165830000031555	[-0.95027123  2.5342661  -0.85729285]
2.5165840000031556	[-0.95002311  2.53412133 -0.85706403]
2.5165850000031558	[-0.94977482  2.53397544 -0.85683506]
2.516586000003156	[-0.94952637  2.53382842 -0.85660594]
2.516587000003156	[-0.94927776  2.53368028 -0.85637667]
2.516588000003156	[-0.94902898  2.533531   -0.85614724]
2.5165890000031563	[-0.94878003  2.53338059 -0.85591766]
2.5165900000031565	[-0.9485309   2.53322905 -0.85568791]
2.5165910000031566	[-0.9482816   2.53307637 -0.85545801]
2.5165920000031567	[-0.94803212  2.53292255 -0.85522793]
2.516593000003157	[-0.94778246  2.5327676  -0.85499769]
2.516594000003157	[-0.94755133  2.53262106 -0.85478436]
2.516595000003157	[-0.94728263  2.53245388 -0.85453675]
2.5165960000031573	[-0.94703247  2.53229551 -0.85430604]
2.5165970000031574	[-0.94678207  2.53213598 -0.85407512]
2.5165980000031576	[-0.94653147  2.5319753  -0.85384401]
2.5165990000031577	[-0.94628068  2.53181346 -0.85361273]
2.516600000003158	[-0.94602978  2.53165048 -0.85338134]
2.516601000003158	[-0.9457785   2.5314863  -0.85314961]
2.516602000003158	[-0.94552711  2.53132102 -0.85291777]
2.5166030000031583	[-0.94527551  2.53115456 -0.85268575]
2.5166040000031584	[-0.94502371  2.53098692 -0.85245353]
2.5166050000031586	[-0.9447717   2.53081813 -0.85222113]
2.5166060000031587	[-0.94451949  2.53064816 -0.85198853]
2.516607000003159	[-0.94426706  2.53047702 -0.85175574]
2.516608000003159	[-0.94401442  2.53030471 -0.85152275]
2.516609000003159	[-0.94376157  2.53013123 -0.85128957]
2.5166100000031593	[-0.9435085   2.52995656 -0.85105619]
2.5166110000031594	[-0.94325531  2.52978073 -0.85082269]
2.5166120000031595	[-0.94300171  2.52960368 -0.85058882]
2.5166130000031597	[-0.94274799  2.52942546 -0.85035484]
2.51661400000316	[-0.94249405  2.52924606 -0.85012066]
2.51661500000316	[-0.94223989  2.52906545 -0.84988627]
2.51661600000316	[-0.9419855   2.52888366 -0.84965168]
2.5166170000031602	[-0.9417309   2.52870067 -0.84941688]
2.5166180000031604	[-0.94147608  2.52851646 -0.84918189]
2.5166190000031605	[-0.94122101  2.52833109 -0.84894666]
2.5166200000031607	[-0.94096573  2.52814449 -0.84871125]
2.516621000003161	[-0.94071022  2.52795669 -0.84847562]
2.516622000003161	[-0.94045449  2.52776768 -0.84823979]
2.516623000003161	[-0.94019853  2.52757746 -0.84800375]
2.516624000003161	[-0.93994234  2.52738602 -0.8477675 ]
2.5166250000031614	[-0.93967356  2.52718949 -0.84751966]
2.5166260000031615	[-0.93942922  2.52699972 -0.8472943 ]
2.5166270000031616	[-0.93917223  2.5268047  -0.84705731]
2.516628000003162	[-0.93891513  2.5266084  -0.84682023]
2.516629000003162	[-0.93865781  2.52641086 -0.84658293]
2.516630000003162	[-0.93840025  2.5262121  -0.84634542]
2.516631000003162	[-0.93814247  2.52601211 -0.84610771]
2.5166320000031623	[-0.93788446  2.52581089 -0.84586978]
2.5166330000031625	[-0.93762623  2.52560844 -0.84563165]
2.5166340000031626	[-0.93736777  2.52540475 -0.84539331]
2.5166350000031628	[-0.93710908  2.52519982 -0.84515476]
2.516636000003163	[-0.93685017  2.52499366 -0.84491601]
2.516637000003163	[-0.93659096  2.52478614 -0.84467698]
2.516638000003163	[-0.93633167  2.52457761 -0.84443788]
2.5166390000031633	[-0.93607208  2.52436772 -0.84419851]
2.5166400000031635	[-0.93581228  2.52415659 -0.84395893]
2.5166410000031636	[-0.93555225  2.52394421 -0.84371915]
2.5166420000031637	[-0.935292    2.52373058 -0.84347917]
2.516643000003164	[-0.93503153  2.52351571 -0.84323898]
2.516644000003164	[-0.93477084  2.52329958 -0.8429986 ]
2.516645000003164	[-0.93450993  2.5230822  -0.84275801]
2.5166460000031643	[-0.93424884  2.52286357 -0.84251726]
2.5166470000031644	[-0.93398747  2.52264368 -0.84227625]
2.5166480000031646	[-0.93372592  2.52242254 -0.84203507]
2.5166490000031647	[-0.93346415  2.52220015 -0.8417937 ]
2.516650000003165	[-0.93320218  2.5219765  -0.84155213]
2.516651000003165	[-0.93293999  2.52175159 -0.84131037]
2.516652000003165	[-0.93267759  2.52152543 -0.84106842]
2.5166530000031653	[-0.93241499  2.521298   -0.84082627]
2.5166540000031654	[-0.93215218  2.52106933 -0.84058394]
2.5166550000031656	[-0.93188917  2.52083939 -0.84034142]
2.5166560000031657	[-0.93162595  2.52060819 -0.84009872]
2.516657000003166	[-0.93136253  2.52037573 -0.83985583]
2.516658000003166	[-0.93109896  2.52014202 -0.8396128 ]
2.516659000003166	[-0.93083509  2.51990705 -0.8393695 ]
2.5166600000031663	[-0.93057109  2.51967082 -0.83912607]
2.5166610000031664	[-0.93030688  2.51943333 -0.83888246]
2.5166620000031665	[-0.93004248  2.51919458 -0.83863867]
2.5166630000031667	[-0.9297779   2.51895458 -0.8383947 ]
2.516664000003167	[-0.92951312  2.51871332 -0.83815057]
2.516665000003167	[-0.92924815  2.5184708  -0.83790626]
2.516666000003167	[-0.928983    2.51822703 -0.83766178]
2.5166670000031672	[-0.92871767  2.51798199 -0.83741713]
2.5166680000031674	[-0.92845214  2.51773572 -0.83717231]
2.5166690000031675	[-0.92818645  2.51748819 -0.83692733]
2.5166700000031677	[-0.92792057  2.5172394  -0.83668219]
2.516671000003168	[-0.92765452  2.51698937 -0.83643688]
2.516672000003168	[-0.92738829  2.51673808 -0.83619142]
2.516673000003168	[-0.92712189  2.51648555 -0.83594579]
2.516674000003168	[-0.92685532  2.51623178 -0.83570001]
2.5166750000031683	[-0.92658857  2.51597675 -0.83545408]
2.5166760000031685	[-0.92632167  2.51572051 -0.83520799]
2.5166770000031686	[-0.92605459  2.51546298 -0.83496174]
2.5166780000031688	[-0.92578735  2.51520424 -0.83471535]
2.516679000003169	[-0.92551995  2.51494426 -0.83446881]
2.516680000003169	[-0.92525239  2.51468304 -0.83422213]
2.516681000003169	[-0.92498468  2.51442059 -0.83397529]
2.5166820000031693	[-0.9247168   2.5141569  -0.83372832]
2.5166830000031695	[-0.92444877  2.51389199 -0.8334812 ]
2.5166840000031696	[-0.92418058  2.51362585 -0.83323394]
2.5166850000031697	[-0.92391225  2.51335849 -0.83298654]
2.51668600000317	[-0.92364376  2.5130899  -0.83273901]
2.51668700000317	[-0.92337513  2.5128201  -0.83249133]
2.51668800000317	[-0.92310634  2.51254908 -0.83224353]
2.5166890000031703	[-0.92283741  2.51227684 -0.83199559]
2.5166900000031704	[-0.92256834  2.51200339 -0.83174751]
2.5166910000031706	[-0.92229913  2.51172874 -0.83149931]
2.5166920000031707	[-0.92202977  2.51145287 -0.83125098]
2.516693000003171	[-0.92176028  2.51117582 -0.83100252]
2.516694000003171	[-0.92149064  2.51089754 -0.83075393]
2.516695000003171	[-0.92122086  2.51061808 -0.83050522]
2.5166960000031713	[-0.92095096  2.51033742 -0.83025639]
2.5166970000031714	[-0.92068091  2.51005557 -0.83000741]
2.5166980000031716	[-0.92041073  2.50977253 -0.82975833]
2.5166990000031717	[-0.92014041  2.50948831 -0.82950912]
2.516700000003172	[-0.91986997  2.5092029  -0.82925979]
2.516701000003172	[-0.91959938  2.5089163  -0.82901034]
2.516702000003172	[-0.91932868  2.50862855 -0.82876077]
2.5167030000031723	[-0.91905785  2.50833962 -0.82851109]
2.5167040000031724	[-0.91878688  2.50804952 -0.82826128]
2.5167050000031725	[-0.91851579  2.50775825 -0.82801136]
2.5167060000031727	[-0.91824456  2.50746582 -0.82776132]
2.516707000003173	[-0.91797321  2.50717224 -0.82751116]
2.516708000003173	[-0.91770174  2.50687748 -0.82726089]
2.516709000003173	[-0.91743014  2.50658158 -0.82701051]
2.5167100000031732	[-0.91715841  2.50628453 -0.82676001]
2.5167110000031734	[-0.91688656  2.50598633 -0.82650939]
2.5167120000031735	[-0.91661458  2.505687   -0.82625866]
2.5167130000031737	[-0.91634247  2.50538652 -0.82600781]
2.516714000003174	[-0.91607025  2.50508486 -0.82575686]
2.516715000003174	[-0.91579789  2.50478215 -0.82550578]
2.516716000003174	[-0.91552541  2.50447828 -0.82525459]
2.516717000003174	[-0.91525275  2.50417284 -0.82500324]
2.5167180000031744	[-0.91498006  2.50386716 -0.82475185]
2.5167190000031745	[-0.9147072   2.5035599  -0.82450032]
2.5167200000031746	[-0.91443422  2.50325153 -0.82424867]
2.516721000003175	[-0.9141611   2.50294206 -0.82399691]
2.516722000003175	[-0.91388787  2.50263147 -0.82374502]
2.516723000003175	[-0.9136145   2.50231977 -0.82349302]
2.516724000003175	[-0.913341    2.50200697 -0.82324091]
2.5167250000031753	[-0.91306738  2.50169307 -0.82298867]
2.5167260000031755	[-0.91279362  2.50137807 -0.82273632]
2.5167270000031756	[-0.91251973  2.50106197 -0.82248384]
2.5167280000031758	[-0.91224571  2.50074478 -0.82223125]
2.516729000003176	[-0.91197156  2.5004265  -0.82197853]
2.516730000003176	[-0.91169727  2.50010714 -0.82172569]
2.516731000003176	[-0.91142286  2.49978667 -0.82147273]
2.5167320000031763	[-0.91114828  2.49946516 -0.82121963]
2.5167330000031765	[-0.91087358  2.49914254 -0.82096642]
2.5167340000031766	[-0.91059874  2.49881886 -0.82071308]
2.5167350000031767	[-0.91032376  2.4984941  -0.8204596 ]
2.516736000003177	[-0.91004864  2.49816826 -0.820206  ]
2.516737000003177	[-0.90977337  2.49784136 -0.81995227]
2.516738000003177	[-0.90949793  2.4975134  -0.81969838]
2.5167390000031773	[-0.90922239  2.49718435 -0.8194444 ]
2.5167400000031774	[-0.90894668  2.49685425 -0.81919026]
2.5167410000031776	[-0.90867082  2.4965231  -0.81893598]
2.5167420000031777	[-0.9083948   2.49619088 -0.81868156]
2.516743000003178	[-0.90811862  2.49585761 -0.818427  ]
2.516744000003178	[-0.90784229  2.49552328 -0.8181723 ]
2.516745000003178	[-0.9075658   2.4951879  -0.81791745]
2.5167460000031783	[-0.90728914  2.49485146 -0.81766245]
2.5167470000031784	[-0.90701232  2.49451398 -0.8174073 ]
2.5167480000031786	[-0.90673533  2.49417544 -0.817152  ]
2.5167490000031787	[-0.90645818  2.49383586 -0.81689654]
2.516750000003179	[-0.90618055  2.49349206 -0.81664061]
2.516751000003179	[-0.90590332  2.49315357 -0.81638513]
2.516752000003179	[-0.90562563  2.49281087 -0.81612919]
2.5167530000031793	[-0.90534777  2.49246712 -0.81587309]
2.5167540000031794	[-0.90506972  2.49212231 -0.81561683]
2.5167550000031795	[-0.90479149  2.49177647 -0.8153604 ]
2.5167560000031797	[-0.90451308  2.49142959 -0.81510379]
2.51675700000318	[-0.90423447  2.49108168 -0.81484701]
2.51675800000318	[-0.90395565  2.49073273 -0.81459004]
2.51675900000318	[-0.90367665  2.49038275 -0.81433291]
2.5167600000031802	[-0.90339747  2.49003169 -0.81407561]
2.5167610000031804	[-0.90311808  2.48967962 -0.81381812]
2.5167620000031805	[-0.90283846  2.48932652 -0.81356042]
2.5167630000031807	[-0.90255864  2.48897237 -0.81330254]
2.516764000003181	[-0.90227861  2.48861719 -0.81304447]
2.516765000003181	[-0.90199837  2.48826097 -0.8127862 ]
2.516766000003181	[-0.9017179   2.48790372 -0.81252773]
2.516767000003181	[-0.90143722  2.48754543 -0.81226907]
2.5167680000031813	[-0.90115631  2.4871861  -0.81201019]
2.5167690000031815	[-0.90087518  2.48682573 -0.81175111]
2.5167700000031816	[-0.90059381  2.48646432 -0.81149182]
2.5167710000031818	[-0.90031221  2.48610188 -0.81123232]
2.516772000003182	[-0.90003037  2.4857384  -0.8109726 ]
2.516773000003182	[-0.89974829  2.48537387 -0.81071266]
2.516774000003182	[-0.89946596  2.48500831 -0.81045249]
2.5167750000031823	[-0.89918339  2.48464171 -0.8101921 ]
2.5167760000031825	[-0.89890056  2.48427406 -0.80993149]
2.5167770000031826	[-0.89861748  2.48390537 -0.80967064]
2.5167780000031827	[-0.89833415  2.48353564 -0.80940956]
2.516779000003183	[-0.89805055  2.48316486 -0.80914823]
2.516780000003183	[-0.89776668  2.48279304 -0.80888667]
2.516781000003183	[-0.89748254  2.48242014 -0.80862486]
2.5167820000031833	[-0.89719815  2.48204624 -0.80836281]
2.5167830000031834	[-0.89691347  2.48167127 -0.80810051]
2.5167840000031836	[-0.89662852  2.48129526 -0.80783795]
2.5167850000031837	[-0.89634328  2.48091818 -0.80757514]
2.516786000003184	[-0.89605776  2.48054006 -0.80731206]
2.516787000003184	[-0.89577195  2.48016088 -0.80704873]
2.516788000003184	[-0.89548584  2.47978064 -0.80678513]
2.5167890000031843	[-0.89519945  2.47939934 -0.80652126]
2.5167900000031844	[-0.89491275  2.47901699 -0.80625712]
2.5167910000031846	[-0.89462576  2.47863357 -0.80599271]
2.5167920000031847	[-0.89433846  2.47824909 -0.80572802]
2.516793000003185	[-0.89405085  2.47786355 -0.80546305]
2.516794000003185	[-0.89376293  2.47747694 -0.8051978 ]
2.516795000003185	[-0.89347469  2.47708927 -0.80493226]
2.5167960000031853	[-0.89318614  2.47670052 -0.80466643]
2.5167970000031854	[-0.89289727  2.47631071 -0.80440031]
2.5167980000031855	[-0.89260808  2.47591982 -0.8041339 ]
2.5167990000031857	[-0.89231855  2.47552786 -0.80386719]
2.516800000003186	[-0.8920287   2.47513482 -0.80360018]
2.516801000003186	[-0.89173852  2.47474071 -0.80333286]
2.516802000003186	[-0.891448    2.47434553 -0.80306525]
2.5168030000031862	[-0.89115714  2.47394924 -0.80279732]
2.5168040000031864	[-0.89086595  2.47355188 -0.80252909]
2.5168050000031865	[-0.8905744   2.47315344 -0.80226054]
2.5168060000031867	[-0.89028251  2.47275392 -0.80199167]
2.516807000003187	[-0.88999027  2.4723533  -0.80172249]
2.516808000003187	[-0.88969768  2.4719516  -0.80145299]
2.516809000003187	[-0.88940474  2.47154881 -0.80118317]
2.516810000003187	[-0.8891114   2.47114487 -0.80091298]
2.5168110000031874	[-0.88881777  2.47073995 -0.80064254]
2.5168120000031875	[-0.88852374  2.47033388 -0.80037174]
2.5168130000031876	[-0.88822935  2.46992672 -0.8001006 ]
2.516814000003188	[-0.88793459  2.46951846 -0.79982913]
2.516815000003188	[-0.88763947  2.4691091  -0.79955732]
2.516816000003188	[-0.88734397  2.46869864 -0.79928517]
2.516817000003188	[-0.88704809  2.46828708 -0.79901269]
2.5168180000031883	[-0.88675184  2.46787442 -0.79873986]
2.5168190000031885	[-0.88645521  2.46746065 -0.79846669]
2.5168200000031886	[-0.88615821  2.46704579 -0.79819317]
2.5168210000031888	[-0.88586081  2.46662982 -0.79791931]
2.516822000003189	[-0.88556304  2.46621274 -0.79764509]
2.516823000003189	[-0.88526487  2.46579456 -0.79737053]
2.516824000003189	[-0.88496632  2.46537528 -0.79709561]
2.5168250000031893	[-0.88466738  2.46495488 -0.79682034]
2.5168260000031895	[-0.88436805  2.46453338 -0.79654471]
2.5168270000031896	[-0.88406832  2.46411078 -0.79626873]
2.5168280000031897	[-0.8837682   2.46368708 -0.79599238]
2.51682900000319	[-0.88346769  2.46326224 -0.79571568]
2.51683000000319	[-0.88316677  2.46283631 -0.79543861]
2.51683100000319	[-0.88286546  2.46240927 -0.79516118]
2.5168320000031903	[-0.88256374  2.46198112 -0.79488339]
2.5168330000031904	[-0.88226162  2.46155187 -0.79460523]
2.5168340000031906	[-0.8819591   2.46112151 -0.79432671]
2.5168350000031907	[-0.8816562   2.46069003 -0.79404785]
2.516836000003191	[-0.88135285  2.46025744 -0.79376857]
2.516837000003191	[-0.88104911  2.45982379 -0.79348893]
2.516838000003191	[-0.88074496  2.459389   -0.79320893]
2.5168390000031913	[-0.88044041  2.45895312 -0.79292857]
2.5168400000031914	[-0.88013545  2.45851613 -0.79264782]
2.5168410000031916	[-0.87983007  2.45807804 -0.79236671]
2.5168420000031917	[-0.87952429  2.45763885 -0.79208522]
2.516843000003192	[-0.87921809  2.45719855 -0.79180336]
2.516844000003192	[-0.87891148  2.45675717 -0.79152113]
2.516845000003192	[-0.87860446  2.45631468 -0.79123852]
2.5168460000031923	[-0.87829702  2.45587111 -0.79095553]
2.5168470000031924	[-0.87798917  2.45542644 -0.79067217]
2.5168480000031925	[-0.8776809   2.45498068 -0.79038843]
2.5168490000031927	[-0.87737222  2.45453383 -0.79010432]
2.516850000003193	[-0.87706312  2.4540859  -0.78981982]
2.516851000003193	[-0.87675361  2.45363688 -0.78953495]
2.516852000003193	[-0.87644368  2.45318678 -0.78924971]
2.5168530000031932	[-0.87613333  2.45273561 -0.78896408]
2.5168540000031934	[-0.87582257  2.45228336 -0.78867808]
2.5168550000031935	[-0.87551139  2.45183003 -0.7883917 ]
2.5168560000031936	[-0.87519979  2.45137564 -0.78810494]
2.516857000003194	[-0.87488778  2.45092018 -0.7878178 ]
2.516858000003194	[-0.87457535  2.45046366 -0.78753029]
2.516859000003194	[-0.8742625   2.45000607 -0.7872424 ]
2.516860000003194	[-0.87394923  2.44954743 -0.78695413]
2.5168610000031943	[-0.87363555  2.44908774 -0.78666548]
2.5168620000031945	[-0.87332145  2.448627   -0.78637645]
2.5168630000031946	[-0.87300694  2.44816521 -0.78608705]
2.5168640000031948	[-0.872692    2.44770237 -0.78579726]
2.516865000003195	[-0.87237666  2.44723852 -0.78550711]
2.516866000003195	[-0.87206081  2.44677363 -0.7852165 ]
2.516867000003195	[-0.87174471  2.4463077  -0.78492566]
2.5168680000031953	[-0.87142812  2.44584075 -0.78463437]
2.5168690000031955	[-0.87111111  2.44537279 -0.78434271]
2.5168700000031956	[-0.87078129  2.44491628 -0.78403929]
2.5168710000031957	[-0.87048869  2.44442169 -0.78377005]
2.516872000003196	[-0.87014513  2.44397518 -0.78345402]
2.516873000003196	[-0.86983936  2.44349119 -0.7831727 ]
2.516874000003196	[-0.86952029  2.4430181  -0.78287918]
2.5168750000031963	[-0.8692008   2.4425441  -0.78258527]
2.5168760000031964	[-0.8688809   2.44206913 -0.78229098]
2.5168770000031966	[-0.86856059  2.44159317 -0.78199632]
2.5168780000031967	[-0.86823986  2.44111624 -0.7817013 ]
2.516879000003197	[-0.86791873  2.44063834 -0.7814059 ]
2.516880000003197	[-0.86759718  2.44015948 -0.78111012]
2.516881000003197	[-0.86727523  2.43967967 -0.78081398]
2.5168820000031973	[-0.86695286  2.4391989  -0.78051747]
2.5168830000031974	[-0.86663009  2.43871719 -0.78022059]
2.5168840000031976	[-0.86630691  2.43823453 -0.77992334]
2.5168850000031977	[-0.86598333  2.43775095 -0.77962572]
2.516886000003198	[-0.86565933  2.43726644 -0.77932774]
2.516887000003198	[-0.86533494  2.43678101 -0.77902939]
2.516888000003198	[-0.86501013  2.43629466 -0.77873066]
2.5168890000031983	[-0.86468492  2.43580741 -0.77843157]
2.5168900000031984	[-0.86435931  2.43531925 -0.77813212]
2.5168910000031985	[-0.86403329  2.4348302  -0.7778323 ]
2.5168920000031987	[-0.86370687  2.43434026 -0.77753212]
2.516893000003199	[-0.86338004  2.43384944 -0.77723157]
2.516894000003199	[-0.86305282  2.43335774 -0.77693066]
2.516895000003199	[-0.86272519  2.43286518 -0.77662939]
2.5168960000031992	[-0.86239716  2.43237175 -0.77632775]
2.5168970000031994	[-0.86206873  2.43187747 -0.77602575]
2.5168980000031995	[-0.86173961  2.43138258 -0.77572313]
2.5168990000031997	[-0.86141069  2.43088639 -0.77542069]
2.5169000000032	[-0.86108106  2.43038957 -0.77511761]
2.5169010000032	[-0.86075103  2.42989193 -0.77481416]
2.5169020000032	[-0.8604206   2.42939347 -0.77451035]
2.5169030000032	[-0.86008977  2.4288942  -0.77420619]
2.5169040000032004	[-0.85975854  2.42839411 -0.77390166]
