2.5019010000011033	[0.6390574  2.68311656 0.58842738]
2.5021010000011312	[0.61865435 2.17243512 0.5695689 ]
2.502301000001159	[0.61561419 1.71726855 0.56674976]
2.502501000001187	[0.62103089 1.32379325 0.57160718]
2.502701000001215	[0.61927379 1.00716223 0.56993877]
2.502901000001243	[0.62500801 0.73858187 0.57512883]
2.503101000001271	[0.63222955 0.52507653 0.58167767]
2.503301000001299	[0.63413714 0.37195926 0.5833681 ]
2.503501000001327	[0.63669071 0.23404056 0.58565468]
2.503701000001355	[0.64016164 0.12932957 0.58879135]
2.503901000001383	[0.64429672 0.04898581 0.59254032]
2.504101000001411	[ 0.64802577 -0.00819194  0.59590916]
2.5043010000014387	[ 0.64986421 -0.05140951  0.5975475 ]
2.5045010000014667	[ 0.65103567 -0.08300196  0.59858052]
2.5047010000014946	[ 0.65183895 -0.11271824  0.5992772 ]
2.5049010000015226	[ 0.6510839  -0.13691846  0.59854809]
2.5051010000015506	[ 0.65041143 -0.1595369   0.59789884]
2.5053010000015785	[ 0.64979561 -0.17988152  0.59730104]
2.5055010000016065	[ 0.64743429 -0.20174268  0.59510405]
2.5057010000016344	[ 0.6448973  -0.22328673  0.59274973]
2.5059010000016624	[ 0.6417518  -0.24626458  0.58983878]
2.5061010000016903	[ 0.6382761  -0.26959472  0.58662763]
2.5063010000017183	[ 0.63479512 -0.29258959  0.58341298]
2.5065010000017462	[ 0.63066336 -0.31505269  0.57960225]
2.506701000001774	[ 0.62649256 -0.33730326  0.57575688]
2.506901000001802	[ 0.62215803 -0.3586519   0.57176338]
2.50710100000183	[ 0.61752673 -0.37990311  0.56749853]
2.507301000001858	[ 0.61304364 -0.39984281  0.56336982] 
2.507501000001886	[ 0.60853255 -0.41896784  0.55921691] 
2.507701000001914	[ 0.60411269 -0.43694587  0.55514808] 
2.507901000001942	[ 0.59968704 -0.45375822  0.55107419] 
2.50810100000197	[ 0.59529806 -0.46966952  0.54703478] 
2.508301000001998	[ 0.5910802  -0.48454207  0.54315239] 
2.508501000002026	[ 0.58696318 -0.49850054  0.53936265] 
2.5087010000020538	[ 0.58299285 -0.51141605  0.53570785] 
2.5089010000020817	[ 0.57911386 -0.52328454  0.53213684]
2.5091010000021097	[ 0.57535464 -0.53426055  0.5286758 ]
2.5093010000021376	[ 0.57170262 -0.54421377  0.52531313]
2.5095010000021656	[ 0.56808271 -0.55336081  0.52197976]
2.5097010000021935	[ 0.56459475 -0.56157194  0.51876738]
2.5099010000022215	[ 0.56114468 -0.56879377  0.51558974]
2.5101010000022494	[ 0.55769972 -0.57512398  0.51241678]
2.5103010000022774	[ 0.55428892 -0.58039493  0.50927489]
2.5105010000023054	[ 0.55080718 -0.58469755  0.50606787]
2.5107010000023333	[ 0.54729611 -0.58799974  0.50283382]
2.5109010000023613	[ 0.54371206 -0.59023049  0.49953272]
2.5111010000023892	[ 0.54000893 -0.59138006  0.49612225]
2.511301000002417	[ 0.53618849 -0.59138286  0.49260419]
2.511501000002445	[ 0.53220549 -0.59025958  0.488937  ]
2.511701000002473	[ 0.52804115 -0.58801379  0.48510354]
2.511901000002501	[ 0.52368599 -0.58461706  0.48109506]
2.512101000002529	[ 0.51912548 -0.58007587  0.47689828]
2.512301000002557	[ 0.51435379 -0.57439622  0.47250794]
2.512501000002585	[ 0.50935353 -0.56764226  0.46790811]
2.512701000002613	[ 0.50413141 -0.55983851  0.4631049 ]
2.512901000002641	[ 0.49868589 -0.55103221  0.45809696]
2.513101000002669	[ 0.49302757 -0.54129809  0.45289406]
2.5133010000026967	[ 0.48717435 -0.53069032  0.4475126 ]
2.5135010000027247	[ 0.4811326  -0.51929634  0.44195846]
2.5137010000027527	[ 0.4749332  -0.50721015  0.43625996]
2.5139010000027806	[ 0.4685955  -0.49452002  0.43043479]
2.5141010000028086	[ 0.46214768 -0.48130172  0.42450898]
2.5143010000028365	[ 0.45561862 -0.46766916  0.41850886]
2.5145010000028645	[ 0.44903676 -0.4537888   0.41246053]
2.5147010000028924	[ 0.44244102 -0.43971441  0.40639966]
2.5149010000029204	[ 0.43586007 -0.42555333  0.40035257]
2.5151010000029483	[ 0.4293276  -0.41141168  0.39435012]
2.5153010000029763	[ 0.42287723 -0.39738693  0.38842272]
2.5155010000030043	[ 0.41654226 -0.38359729  0.38260214]
2.515701000003032	[ 0.41035333 -0.37009788  0.37691518]
2.51590100000306	[ 0.4043385  -0.35697197  0.37138802]
2.516101000003088	[ 0.398525   -0.34429475  0.36604558]
2.516301000003116	[ 0.39293851 -0.33212184  0.36091133]
2.516501000003144	[ 0.38760142 -0.32048996  0.35600591]
2.516701000003172	[ 0.3825317  -0.30947965  0.35134574]
2.5169010000032	[ 0.37774599 -0.29914747  0.34694619]
2.517101000003228	[ 0.3732553  -0.28952035  0.34281706]
2.517301000003256	[ 0.36907224 -0.28060916  0.33897003]
2.517501000003284	[ 0.3651995  -0.27243475  0.33540754]
2.5177010000033118	[ 0.36164817 -0.26500624  0.33213982]
2.5179010000033397	[ 0.35841797 -0.25829819  0.3291665 ]
2.5181010000033677	[ 0.3555068  -0.2523277   0.32648572]
2.5183010000033956	[ 0.35291129 -0.24708247  0.32409438]
2.5185010000034236	[ 0.35062788 -0.24254438  0.32198919]
2.5187010000034515	[ 0.34864888 -0.2386875   0.32016308]
2.5189010000034795	[ 0.34696519 -0.23549147  0.31860774]
2.5191010000035075	[ 0.34556646 -0.23293067  0.31731364]
2.5193010000035354	[ 0.34444167 -0.23097472  0.31627069]
2.5195010000035634	[ 0.34357769 -0.2295941   0.31546686]
2.5197010000035913	[ 0.34296119 -0.22875217  0.3148899 ]
2.5199010000036193	[ 0.34257867 -0.22841779  0.31452745]
2.5201010000036472	[ 0.34241555 -0.22855528  0.31436614]
2.520301000003675	[ 0.34245772 -0.2291288   0.314393  ]
2.520501000003703	[ 0.34269031 -0.23011301  0.31459439]
2.520701000003731	[ 0.34309972 -0.23146532  0.31495794]
2.520901000003759	[ 0.34367156 -0.23314748  0.31547039]
2.521101000003787	[ 0.34439118 -0.23513171  0.31611831]
2.521301000003815	[ 0.34524643 -0.23738425  0.31689065]
2.521501000003843	[ 0.34622577 -0.23987442  0.31777667]
2.521701000003871	[ 0.34731303 -0.24257722  0.31876145]
2.521901000003899	[ 0.34850344 -0.24545577  0.31984117]
2.522101000003927	[ 0.34978074 -0.24849351  0.32100033]
2.5223010000039547	[ 0.35113612 -0.25166937  0.3222311 ]
2.5225010000039827	[ 0.35256039 -0.25495822  0.32352502]
2.5227010000040107	[ 0.3540436  -0.25833797  0.32487292]
2.5229010000040386	[ 0.35557985 -0.26179669  0.32626968]
2.5231010000040666	[ 0.35715743 -0.2653098   0.32770396]
2.5233010000040945	[ 0.35877254 -0.26886956  0.32917289]
2.5235010000041225	[ 0.36041966 -0.27246632  0.33067116]
2.5237010000041504	[ 0.36208999 -0.27608284  0.33219072]
2.5239010000041784	[ 0.36377947 -0.2797063   0.33372787]
2.5241010000042063	[ 0.36548455 -0.28332902  0.33527934]
2.5243010000042343	[ 0.36720037 -0.286934    0.33684061]
2.5245010000042623	[ 0.36892305 -0.290517    0.33840836]
2.52470100000429	[ 0.3706494  -0.29407344  0.33997943]
2.524901000004318	[ 0.37237638 -0.29760944  0.34155103]
2.525101000004346	[ 0.37410218 -0.30111595  0.34312165]
2.525301000004374	[ 0.37582413 -0.30458798  0.34468874]
2.525501000004402	[ 0.37753862 -0.30802376  0.34624913]
2.52570100000443	[ 0.37924562 -0.31141752  0.34780264]
2.525901000004458	[ 0.3809434  -0.31477042  0.34934775]
2.526101000004486	[ 0.38263272 -0.31807758  0.35088514]
2.526301000004514	[ 0.3843111  -0.32133803  0.35241255]
2.526501000004542	[ 0.38597833 -0.32455415  0.35392981]
2.5267010000045698	[ 0.38763421 -0.32772751  0.35543672]
2.5269010000045977	[ 0.38927779 -0.33085554  0.35693241]
2.5271010000046257	[ 0.3909114  -0.3339271   0.35841899]
2.5273010000046536	[ 0.39253241 -0.33695793  0.35989414]
2.5275010000046816	[ 0.39414254 -0.33994727  0.36135938]
2.5277010000047095	[ 0.39574193 -0.34290597  0.36281488]
2.5279010000047375	[ 0.39732886 -0.34583846  0.36425903]
2.5281010000047655	[ 0.39890623 -0.34873409  0.36569448]
2.5283010000047934	[ 0.40047326 -0.35160203  0.36712056]
2.5285010000048214	[ 0.40203053 -0.35444018  0.36853775]
2.5287010000048493	[ 0.40357885 -0.35724849  0.36994686]
2.5289010000048773	[ 0.40511929 -0.36003139  0.37134884]
2.5291010000049052	[ 0.4066521  -0.362793    0.37274394]
2.529301000004933	[ 0.40817805 -0.36553221  0.37413294]
2.529501000004961	[ 0.40970013 -0.3682452   0.37551839]
2.529701000004989	[ 0.41121477 -0.37094129  0.37689713]
2.529901000005017	[ 0.41272482 -0.37364059  0.3782718 ]
2.530101000005045	[ 0.41423336 -0.37633025  0.37964519]
2.530102000005045	[ 0.41423318 -0.3763291   0.37964505]
2.5301030000050453	[ 0.41424075 -0.37634369  0.37965189]
2.5301040000050454	[ 0.41424825 -0.37635702  0.37965871]
2.5301050000050456	[ 0.41425576 -0.3763704   0.37966556]
2.5301060000050457	[ 0.41426328 -0.37638378  0.3796724 ]
2.530107000005046	[ 0.41427079 -0.37639716  0.37967924]
2.530108000005046	[ 0.4142783  -0.37641056  0.37968608]
2.530109000005046	[ 0.41428582 -0.37642397  0.37969291]
2.5301100000050463	[ 0.41429333 -0.37643739  0.37969975]
2.5301110000050464	[ 0.41430084 -0.37645082  0.37970659]
2.5301120000050465	[ 0.41430835 -0.37646425  0.37971343]
2.5301130000050467	[ 0.41431586 -0.37647769  0.37972027]
2.530114000005047	[ 0.41432337 -0.37649113  0.37972711]
2.530115000005047	[ 0.41433089 -0.37650457  0.37973396]
2.530116000005047	[ 0.41433842 -0.37651801  0.37974081]
2.5301170000050472	[ 0.41434595 -0.37653144  0.37974766]
2.5301180000050474	[ 0.41435348 -0.37654486  0.37975452]
2.5301190000050475	[ 0.41436102 -0.37655828  0.37976139]
2.5301200000050477	[ 0.41436857 -0.37657169  0.37976826]
2.530121000005048	[ 0.41437612 -0.3765851   0.37977513]
2.530122000005048	[ 0.41438368 -0.37659851  0.37978201]
2.530123000005048	[ 0.41439123 -0.37661192  0.37978889]
2.5301240000050482	[ 0.41439879 -0.37662533  0.37979578]
2.5301250000050484	[ 0.4144061  -0.37663843  0.37980246]
2.5301260000050485	[ 0.41441421 -0.37665253  0.37980979]
2.5301270000050486	[ 0.41442119 -0.37666526  0.3798162 ]
2.530128000005049	[ 0.41442931 -0.37667939  0.37982353]
2.530129000005049	[ 0.41443627 -0.37669212  0.37982993]
2.530130000005049	[ 0.41444413 -0.37670595  0.37983705]
2.530131000005049	[ 0.41445164 -0.37671937  0.37984389]
2.5301320000050493	[ 0.41445916 -0.37673282  0.37985074]
2.5301330000050495	[ 0.41446668 -0.37674627  0.37985758]
2.5301340000050496	[ 0.41447419 -0.37675971  0.37986442]
2.5301350000050498	[ 0.41448169 -0.37677315  0.37987125]
2.53013600000505	[ 0.4144892  -0.37678659  0.37987809]
2.53013700000505	[ 0.41449671 -0.37680002  0.37988492]
2.53013800000505	[ 0.41450421 -0.37681345  0.37989176]
2.5301390000050503	[ 0.41451172 -0.37682687  0.37989859]
2.5301400000050505	[ 0.41451923 -0.37684029  0.37990543]
2.5301410000050506	[ 0.41452675 -0.37685371  0.37991227]
2.5301420000050507	[ 0.41453426 -0.37686712  0.37991912]
2.530143000005051	[ 0.41454178 -0.37688053  0.37992596]
2.530144000005051	[ 0.41454931 -0.37689393  0.37993281]
2.530145000005051	[ 0.41455683 -0.37690734  0.37993966]
2.5301460000050513	[ 0.41456436 -0.37692074  0.37994652]
2.5301470000050514	[ 0.41457189 -0.37693414  0.37995338]
2.5301480000050516	[ 0.41457943 -0.37694754  0.37996024]
2.5301490000050517	[ 0.41458696 -0.37696095  0.3799671 ]
2.530150000005052	[ 0.4145945  -0.37697435  0.37997396]
2.530151000005052	[ 0.41460205 -0.37698776  0.37998083]
2.530152000005052	[ 0.41460959 -0.37700118  0.3799877 ]
2.5301530000050523	[ 0.41461713 -0.3770146   0.37999457]
2.5301540000050524	[ 0.41462468 -0.37702802  0.38000144]
2.5301550000050526	[ 0.41463222 -0.37704146  0.38000831]
2.5301560000050527	[ 0.41463977 -0.37705489  0.38001518]
2.530157000005053	[ 0.41464732 -0.37706833  0.38002205]
2.530158000005053	[ 0.41465487 -0.37708178  0.38002892]
2.530159000005053	[ 0.41466241 -0.37709523  0.38003579]
2.5301600000050533	[ 0.41466996 -0.37710868  0.38004266]
2.5301610000050534	[ 0.4146775  -0.37712213  0.38004953]
2.5301620000050535	[ 0.41468504 -0.37713557  0.38005639]
2.5301630000050537	[ 0.41469258 -0.37714901  0.38006326]
2.530164000005054	[ 0.41470012 -0.37716245  0.38007012]
2.530165000005054	[ 0.41470765 -0.37717587  0.38007698]
2.530166000005054	[ 0.41471518 -0.37718929  0.38008384]
2.5301670000050542	[ 0.41472272 -0.3772027   0.3800907 ]
2.5301680000050544	[ 0.41473025 -0.3772161   0.38009755]
2.5301690000050545	[ 0.41473778 -0.37722949  0.38010441]
2.5301700000050547	[ 0.41474531 -0.37724288  0.38011127]
2.530171000005055	[ 0.41475284 -0.37725627  0.38011812]
2.530172000005055	[ 0.41476037 -0.37726966  0.38012498]
2.530173000005055	[ 0.41476791 -0.37728305  0.38013184]
2.530174000005055	[ 0.41477544 -0.37729644  0.3801387 ]
2.5301750000050554	[ 0.41478298 -0.37730984  0.38014556]
2.5301760000050555	[ 0.41479052 -0.37732324  0.38015243]
2.5301770000050556	[ 0.41479805 -0.37733665  0.38015929]
2.5301780000050558	[ 0.4148056  -0.37735006  0.38016616]
2.530179000005056	[ 0.41481315 -0.37736348  0.38017303]
2.530180000005056	[ 0.4148207  -0.37737691  0.3801799 ]
2.530181000005056	[ 0.41482825 -0.37739033  0.38018678]
2.5301820000050563	[ 0.4148358  -0.37740376  0.38019365]
2.5301830000050565	[ 0.41484335 -0.37741718  0.38020053]
2.5301840000050566	[ 0.4148509  -0.37743061  0.38020741]
2.5301850000050568	[ 0.41485846 -0.37744404  0.38021428]
2.530186000005057	[ 0.41486601 -0.37745746  0.38022116]
2.530187000005057	[ 0.41487357 -0.37747088  0.38022804]
2.530188000005057	[ 0.41488113 -0.3774843   0.38023492]
2.5301890000050573	[ 0.41488868 -0.37749772  0.3802418 ]
2.5301900000050574	[ 0.41489623 -0.37751114  0.38024868]
2.5301910000050576	[ 0.41490378 -0.37752456  0.38025555]
2.5301920000050577	[ 0.41491133 -0.37753799  0.38026242]
2.530193000005058	[ 0.41491887 -0.37755141  0.38026929]
2.530194000005058	[ 0.4149264  -0.37756483  0.38027615]
2.530195000005058	[ 0.41493393 -0.37757825  0.38028301]
2.5301960000050583	[ 0.41494146 -0.37759167  0.38028986]
2.5301970000050584	[ 0.41494898 -0.37760509  0.38029671]
2.5301980000050586	[ 0.4149565  -0.37761851  0.38030355]
2.5301990000050587	[ 0.41496401 -0.37763192  0.38031039]
2.530200000005059	[ 0.41497152 -0.37764532  0.38031723]
2.530201000005059	[ 0.41497903 -0.37765872  0.38032407]
2.530202000005059	[ 0.41498654 -0.37767211  0.3803309 ]
2.5302030000050593	[ 0.41499405 -0.37768551  0.38033774]
2.5302040000050594	[ 0.41500156 -0.37769889  0.38034458]
2.5302050000050595	[ 0.41500908 -0.37771228  0.38035142]
2.5302060000050597	[ 0.41501659 -0.37772567  0.38035827]
2.53020700000506	[ 0.41502411 -0.37773905  0.38036511]
2.53020800000506	[ 0.41503164 -0.37775245  0.38037196]
2.53020900000506	[ 0.41503916 -0.37776584  0.38037882]
2.5302100000050602	[ 0.41504669 -0.37777924  0.38038567]
2.5302110000050604	[ 0.41505423 -0.37779261  0.38039253]
2.5302120000050605	[ 0.41506175 -0.37780608  0.38039938]
2.5302130000050607	[ 0.41506931 -0.37781941  0.38040626]
2.530214000005061	[ 0.41507684 -0.37783286  0.38041312]
2.530215000005061	[ 0.41508437 -0.37784626  0.38041998]
2.530216000005061	[ 0.41509191 -0.37785967  0.38042684]
2.5302170000050612	[ 0.41509945 -0.37787308  0.3804337 ]
2.5302180000050614	[ 0.41510698 -0.37788648  0.38044057]
2.5302190000050615	[ 0.41511452 -0.37789989  0.38044743]
2.5302200000050616	[ 0.41512206 -0.37791328  0.3804543 ]
2.530221000005062	[ 0.4151296  -0.37792668  0.38046116]
2.530222000005062	[ 0.41513714 -0.37794008  0.38046802]
2.530223000005062	[ 0.41514468 -0.37795347  0.38047489]
2.530224000005062	[ 0.41515222 -0.37796686  0.38048175]
2.5302250000050623	[ 0.41515975 -0.37798026  0.38048861]
2.5302260000050625	[ 0.41516729 -0.37799365  0.38049547]
2.5302270000050626	[ 0.41517482 -0.37800705  0.38050233]
2.5302280000050628	[ 0.41518234 -0.37802044  0.38050918]
2.530229000005063	[ 0.41518986 -0.37803383  0.38051603]
2.530230000005063	[ 0.41519738 -0.37804722  0.38052287]
2.530231000005063	[ 0.4152049  -0.37806061  0.38052971]
2.5302320000050633	[ 0.41521241 -0.378074    0.38053655]
2.5302330000050635	[ 0.41521991 -0.37808738  0.38054339]
2.5302340000050636	[ 0.41522741 -0.37810076  0.38055022]
2.5302350000050637	[ 0.41523491 -0.37811413  0.38055705]
2.530236000005064	[ 0.41524241 -0.3781275   0.38056387]
2.530237000005064	[ 0.41524991 -0.37814087  0.3805707 ]
2.530238000005064	[ 0.41525741 -0.37815424  0.38057753]
2.5302390000050643	[ 0.4152649  -0.37816761  0.38058435]
2.5302400000050644	[ 0.4152724  -0.37818099  0.38059118]
2.5302410000050646	[ 0.4152799  -0.37819436  0.38059801]
2.5302420000050647	[ 0.4152874  -0.37820775  0.38060483]
2.530243000005065	[ 0.4152949  -0.37822113  0.38061166]
2.530244000005065	[ 0.4153024  -0.37823453  0.38061849]
2.530245000005065	[ 0.41530991 -0.37824793  0.38062533]
2.5302460000050653	[ 0.41531741 -0.37826133  0.38063216]
2.5302470000050654	[ 0.41532492 -0.37827473  0.38063899]
2.5302480000050656	[ 0.41533243 -0.37828814  0.38064583]
2.5302490000050657	[ 0.41533994 -0.37830154  0.38065267]
2.530250000005066	[ 0.41534745 -0.37831495  0.38065951]
2.530251000005066	[ 0.41535496 -0.37832835  0.38066635]
2.530252000005066	[ 0.41536247 -0.37834175  0.38067319]
2.5302530000050663	[ 0.41536999 -0.37835514  0.38068003]
2.5302540000050664	[ 0.41537751 -0.37836853  0.38068688]
2.5302550000050665	[ 0.41538503 -0.37838192  0.38069372]
2.5302560000050667	[ 0.41539255 -0.3783953   0.38070057]
2.530257000005067	[ 0.41540007 -0.37840869  0.38070742]
2.530258000005067	[ 0.41540759 -0.37842208  0.38071427]
2.530259000005067	[ 0.41541511 -0.37843547  0.38072112]
2.5302600000050672	[ 0.41542263 -0.37844886  0.38072796]
2.5302610000050674	[ 0.41543015 -0.37846226  0.38073481]
2.5302620000050675	[ 0.41543767 -0.37847565  0.38074165]
2.5302630000050677	[ 0.41544518 -0.37848905  0.38074849]
2.530264000005068	[ 0.41545268 -0.37850244  0.38075532]
2.530265000005068	[ 0.41546019 -0.37851584  0.38076216]
2.530266000005068	[ 0.41546769 -0.37852923  0.38076899]
2.530267000005068	[ 0.41547519 -0.37854261  0.38077581]
2.5302680000050684	[ 0.41548269 -0.37855599  0.38078264]
2.5302690000050685	[ 0.41549017 -0.37856937  0.38078945]
2.5302700000050686	[ 0.41549769 -0.37858274  0.3807963 ]
2.5302710000050688	[ 0.41550518 -0.3785961   0.38080312]
2.530272000005069	[ 0.41551268 -0.37860946  0.38080995]
2.530273000005069	[ 0.41552018 -0.37862281  0.38081678]
2.530274000005069	[ 0.41552768 -0.37863617  0.38082361]
2.5302750000050693	[ 0.41553519 -0.37864952  0.38083045]
2.5302760000050695	[ 0.4155427  -0.37866288  0.38083728]
2.5302770000050696	[ 0.41555021 -0.37867624  0.38084412]
2.5302780000050697	[ 0.41555773 -0.37868961  0.38085096]
2.53027900000507	[ 0.41556524 -0.37870299  0.38085781]
2.53028000000507	[ 0.41557276 -0.37871637  0.38086465]
2.53028100000507	[ 0.41558028 -0.37872975  0.3808715 ]
2.5302820000050703	[ 0.4155878  -0.37874314  0.38087835]
2.5302830000050704	[ 0.41559533 -0.37875653  0.3808852 ]
2.5302840000050706	[ 0.41560285 -0.37876992  0.38089205]
2.5302850000050707	[ 0.41561038 -0.37878331  0.3808989 ]
2.530286000005071	[ 0.4156179  -0.3787967   0.38090575]
2.530287000005071	[ 0.41562543 -0.37881009  0.38091261]
2.530288000005071	[ 0.41563295 -0.37882348  0.38091946]
2.5302890000050713	[ 0.41564048 -0.37883687  0.38092631]
2.5302900000050714	[ 0.415648   -0.37885026  0.38093316]
2.5302910000050716	[ 0.41565553 -0.37886365  0.38094001]
2.5302920000050717	[ 0.41566305 -0.37887703  0.38094686]
2.530293000005072	[ 0.41567057 -0.37889042  0.38095371]
2.530294000005072	[ 0.41567808 -0.37890381  0.38096055]
2.530295000005072	[ 0.4156856  -0.3789172   0.38096739]
2.5302960000050723	[ 0.41569311 -0.37893059  0.38097423]
2.5302970000050724	[ 0.41570061 -0.37894397  0.38098107]
2.5302980000050725	[ 0.41570812 -0.37895736  0.3809879 ]
2.5302990000050727	[ 0.41571562 -0.37897075  0.38099473]
2.530300000005073	[ 0.41572313 -0.37898413  0.38100156]
2.530301000005073	[ 0.41573063 -0.37899751  0.38100839]
2.530302000005073	[ 0.41573813 -0.37901089  0.38101522]
2.5303030000050732	[ 0.41574564 -0.37902427  0.38102206]
2.5303040000050734	[ 0.41575314 -0.37903764  0.38102889]
2.5303050000050735	[ 0.41576065 -0.37905101  0.38103573]
2.5303060000050737	[ 0.41577077 -0.37906519  0.3810449 ]
2.530307000005074	[ 0.41577525 -0.37907673  0.38104897]
2.530308000005074	[ 0.4157828  -0.37909002  0.38105584]
2.530309000005074	[ 0.41579035 -0.37910329  0.38106272]
2.5303100000050742	[ 0.4157979  -0.37911654  0.38106959]
2.5303110000050744	[ 0.41580544 -0.37912978  0.38107646]
2.5303120000050745	[ 0.41581299 -0.379143    0.38108334]
2.5303130000050746	[ 0.41582054 -0.37915621  0.38109021]
2.530314000005075	[ 0.41582809 -0.3791694   0.38109708]
2.530315000005075	[ 0.41583564 -0.37918258  0.38110396]
2.530316000005075	[ 0.41584319 -0.37919575  0.38111083]
2.530317000005075	[ 0.41585074 -0.37920893  0.38111771]
2.5303180000050753	[ 0.4158583  -0.37922211  0.38112459]
2.5303190000050755	[ 0.41586585 -0.37923531  0.38113146]
2.5303200000050756	[ 0.4158734  -0.37924853  0.38113834]
2.5303210000050758	[ 0.41588095 -0.37926178  0.38114521]
2.530322000005076	[ 0.41588849 -0.37927505  0.38115208]
2.530323000005076	[ 0.41589603 -0.37928836  0.38115895]
2.530324000005076	[ 0.41590356 -0.3793017   0.3811658 ]
2.5303250000050763	[ 0.41591108 -0.37931507  0.38117265]
2.5303260000050765	[ 0.4159186  -0.37932846  0.38117949]
2.5303270000050766	[ 0.4159261  -0.37934186  0.38118632]
2.5303280000050767	[ 0.41593359 -0.37935527  0.38119315]
2.530329000005077	[ 0.41594108 -0.37936867  0.38119997]
2.530330000005077	[ 0.41594857 -0.37938206  0.38120678]
2.530331000005077	[ 0.41595605 -0.37939542  0.38121359]
2.5303320000050773	[ 0.41596353 -0.37940875  0.3812204 ]
2.5303330000050774	[ 0.41597101 -0.37942204  0.38122721]
2.5303340000050776	[ 0.41597849 -0.37943529  0.38123403]
2.5303350000050777	[ 0.41598599 -0.37944851  0.38124085]
2.530336000005078	[ 0.41599349 -0.37946169  0.38124768]
2.530337000005078	[ 0.416001   -0.37947484  0.38125452]
2.530338000005078	[ 0.41600852 -0.37948797  0.38126137]
2.5303390000050783	[ 0.41601605 -0.37950109  0.38126823]
2.5303400000050784	[ 0.41602359 -0.3795142   0.38127509]
2.5303410000050786	[ 0.41603113 -0.37952732  0.38128196]
2.5303420000050787	[ 0.41603868 -0.37954045  0.38128883]
2.530343000005079	[ 0.41604623 -0.3795536   0.38129571]
2.530344000005079	[ 0.41605379 -0.37956677  0.38130259]
2.530345000005079	[ 0.41606133 -0.37957997  0.38130945]
2.5303460000050793	[ 0.41606887 -0.37959319  0.38131632]
2.5303470000050794	[ 0.41607642 -0.37960642  0.38132319]
2.5303480000050795	[ 0.41608395 -0.37961968  0.38133005]
2.5303490000050797	[ 0.41609149 -0.37963294  0.38133691]
2.53035000000508	[ 0.41609902 -0.37964621  0.38134377]
2.53035100000508	[ 0.41610655 -0.37965948  0.38135063]
2.53035200000508	[ 0.41611408 -0.37967274  0.38135748]
2.5303530000050802	[ 0.41612161 -0.37968599  0.38136434]
2.5303540000050804	[ 0.41612915 -0.37969924  0.38137121]
2.5303550000050805	[ 0.41613669 -0.37971247  0.38137808]
2.5303560000050807	[ 0.41614425 -0.37972569  0.38138495]
2.530357000005081	[ 0.41615181 -0.3797389   0.38139184]
2.530358000005081	[ 0.41615937 -0.3797521   0.38139873]
2.530359000005081	[ 0.41616695 -0.37976531  0.38140563]
2.530360000005081	[ 0.41617453 -0.37977852  0.38141253]
2.5303610000050814	[ 0.41618211 -0.37979173  0.38141943]
2.5303620000050815	[ 0.41618969 -0.37980495  0.38142634]
2.5303630000050816	[ 0.41619727 -0.37981818  0.38143324]
2.5303640000050818	[ 0.41620486 -0.37983142  0.38144015]
2.530365000005082	[ 0.41621242 -0.37984468  0.38144704]
2.530366000005082	[ 0.41621999 -0.37985793  0.38145392]
2.530367000005082	[ 0.41622755 -0.3798712   0.3814608 ]
2.5303680000050823	[ 0.41623509 -0.37988446  0.38146768]
2.5303690000050825	[ 0.41624263 -0.37989772  0.38147454]
2.5303700000050826	[ 0.41625016 -0.37991098  0.3814814 ]
2.5303710000050827	[ 0.41625768 -0.37992424  0.38148824]
2.530372000005083	[ 0.4162652  -0.37993748  0.38149509]
2.530373000005083	[ 0.41627271 -0.37995072  0.38150193]
2.530374000005083	[ 0.41628021 -0.37996396  0.38150876]
2.5303750000050833	[ 0.41628772 -0.37997719  0.38151559]
2.5303760000050834	[ 0.41629522 -0.37999042  0.38152243]
2.5303770000050836	[ 0.41630273 -0.38000364  0.38152926]
2.5303780000050837	[ 0.41631024 -0.38001687  0.3815361 ]
2.530379000005084	[ 0.41631775 -0.38003011  0.38154294]
2.530380000005084	[ 0.41632527 -0.38004335  0.38154979]
2.530381000005084	[ 0.41633279 -0.38005659  0.38155664]
2.5303820000050843	[ 0.41634032 -0.38006984  0.38156349]
2.5303830000050844	[ 0.41634784 -0.38008309  0.38157034]
2.5303840000050846	[ 0.41635537 -0.38009635  0.3815772 ]
2.5303850000050847	[ 0.41636291 -0.38010961  0.38158406]
2.530386000005085	[ 0.41637044 -0.38012287  0.38159092]
2.530387000005085	[ 0.41637797 -0.38013613  0.38159778]
2.530388000005085	[ 0.41638551 -0.38014939  0.38160464]
2.5303890000050853	[ 0.41639305 -0.38016264  0.3816115 ]
2.5303900000050854	[ 0.41640058 -0.38017589  0.38161836]
2.5303910000050855	[ 0.41640812 -0.38018914  0.38162522]
2.5303920000050857	[ 0.41641565 -0.38020238  0.38163208]
2.530393000005086	[ 0.41642319 -0.38021562  0.38163894]
2.530394000005086	[ 0.41643072 -0.38022886  0.3816458 ]
2.530395000005086	[ 0.41643825 -0.3802421   0.38165266]
2.5303960000050862	[ 0.41644579 -0.38025535  0.38165952]
2.5303970000050864	[ 0.41645332 -0.38026859  0.38166638]
2.5303980000050865	[ 0.41646085 -0.38028183  0.38167324]
2.5303990000050867	[ 0.41646838 -0.38029508  0.38168009]
2.530400000005087	[ 0.41647591 -0.38030832  0.38168695]
2.530401000005087	[ 0.41648343 -0.38032156  0.3816938 ]
2.530402000005087	[ 0.41649096 -0.3803348   0.38170066]
2.530403000005087	[ 0.41649849 -0.38034804  0.38170751]
2.5304040000050874	[ 0.41650601 -0.38036126  0.38171436]
2.5304050000050875	[ 0.41651354 -0.38037449  0.38172122]
2.5304060000050876	[ 0.41652107 -0.3803877   0.38172807]
2.530407000005088	[ 0.41652859 -0.38040092  0.38173493]
2.530408000005088	[ 0.41653612 -0.38041412  0.38174178]
2.530409000005088	[ 0.41654366 -0.38042733  0.38174864]
2.530410000005088	[ 0.41655119 -0.38044053  0.3817555 ]
2.5304110000050883	[ 0.41655873 -0.38045374  0.38176236]
2.5304120000050885	[ 0.41656626 -0.38046695  0.38176923]
2.5304130000050886	[ 0.41657381 -0.38048017  0.38177609]
2.5304140000050888	[ 0.41658135 -0.3804934   0.38178296]
2.530415000005089	[ 0.41658889 -0.38050664  0.38178983]
2.530416000005089	[ 0.41659643 -0.38051989  0.3817967 ]
2.530417000005089	[ 0.41660398 -0.38053316  0.38180357]
2.5304180000050893	[ 0.41661152 -0.38054643  0.38181043]
2.5304190000050895	[ 0.41661906 -0.38055971  0.3818173 ]
2.5304200000050896	[ 0.41662659 -0.380573    0.38182416]
2.5304210000050897	[ 0.41663412 -0.3805863   0.38183101]
2.53042200000509	[ 0.41664165 -0.38059959  0.38183787]
2.53042300000509	[ 0.41664917 -0.38061288  0.38184471]
2.53042400000509	[ 0.41665668 -0.38062617  0.38185156]
2.5304250000050903	[ 0.41666419 -0.38063945  0.38185839]
2.5304260000050904	[ 0.4166717  -0.38065272  0.38186523]
2.5304270000050906	[ 0.4166792  -0.38066598  0.38187206]
2.5304280000050907	[ 0.4166867  -0.38067923  0.38187888]
2.530429000005091	[ 0.41669419 -0.38069247  0.38188571]
2.530430000005091	[ 0.41670169 -0.3807057   0.38189253]
2.530431000005091	[ 0.41670918 -0.38071893  0.38189936]
2.5304320000050913	[ 0.41671668 -0.38073216  0.38190618]
2.5304330000050914	[ 0.41672417 -0.38074538  0.38191301]
2.5304340000050916	[ 0.41673167 -0.38075861  0.38191984]
2.5304350000050917	[ 0.41673918 -0.38077183  0.38192667]
2.530436000005092	[ 0.41674668 -0.38078506  0.38193351]
2.530437000005092	[ 0.41675419 -0.3807983   0.38194034]
2.530438000005092	[ 0.4167617  -0.38081155  0.38194718]
2.5304390000050923	[ 0.41676922 -0.38082479  0.38195402]
2.5304400000050924	[ 0.41677673 -0.38083805  0.38196087]
2.5304410000050925	[ 0.41678425 -0.38085131  0.38196772]
2.5304420000050927	[ 0.41679177 -0.38086457  0.38197456]
2.530443000005093	[ 0.4167993  -0.38087783  0.38198141]
2.530444000005093	[ 0.41680682 -0.38089109  0.38198826]
2.530445000005093	[ 0.41681434 -0.38090435  0.38199512]
2.5304460000050932	[ 0.41682187 -0.3809176   0.38200197]
2.5304470000050934	[ 0.4168294  -0.38093085  0.38200883]
2.5304480000050935	[ 0.41683693 -0.3809441   0.38201568]
2.5304490000050937	[ 0.41684447 -0.38095735  0.38202254]
2.530450000005094	[ 0.416852   -0.38097059  0.38202941]
2.530451000005094	[ 0.41685954 -0.38098384  0.38203627]
2.530452000005094	[ 0.41686708 -0.38099708  0.38204314]
2.530453000005094	[ 0.41687463 -0.38101032  0.38205001]
2.5304540000050944	[ 0.41688217 -0.38102357  0.38205688]
2.5304550000050945	[ 0.41688971 -0.38103681  0.38206375]
2.5304560000050946	[ 0.41689726 -0.38105007  0.38207062]
2.5304570000050948	[ 0.4169048  -0.38106332  0.38207749]
2.530458000005095	[ 0.41691234 -0.38107658  0.38208435]
2.530459000005095	[ 0.41691988 -0.38108985  0.38209121]
2.530460000005095	[ 0.41692741 -0.38110311  0.38209807]
2.5304610000050953	[ 0.41693494 -0.38111638  0.38210493]
2.5304620000050955	[ 0.41694246 -0.38112964  0.38211177]
2.5304630000050956	[ 0.41694997 -0.3811429   0.38211862]
2.5304640000050957	[ 0.41695748 -0.38115616  0.38212545]
2.530465000005096	[ 0.41696498 -0.38116941  0.38213228]
2.530466000005096	[ 0.41697248 -0.38118266  0.38213911]
2.530467000005096	[ 0.41697997 -0.3811959   0.38214593]
2.5304680000050963	[ 0.41698746 -0.38120914  0.38215275]
2.5304690000050964	[ 0.41699495 -0.38122237  0.38215957]
2.5304700000050966	[ 0.41700244 -0.3812356   0.38216639]
2.5304710000050967	[ 0.41700993 -0.38124883  0.38217321]
2.530472000005097	[ 0.41701743 -0.38126206  0.38218004]
2.530473000005097	[ 0.41702493 -0.38127529  0.38218687]
2.530474000005097	[ 0.41703243 -0.38128853  0.3821937 ]
2.5304750000050973	[ 0.41703994 -0.38130177  0.38220054]
2.5304760000050974	[ 0.41704745 -0.38131501  0.38220738]
2.5304770000050976	[ 0.41705498 -0.38132826  0.38221423]
2.5304780000050977	[ 0.4170625  -0.38134152  0.38222108]
2.530479000005098	[ 0.41707004 -0.38135478  0.38222794]
2.530480000005098	[ 0.41707757 -0.38136805  0.38223481]
2.530481000005098	[ 0.41708511 -0.38138131  0.38224167]
2.5304820000050983	[ 0.41709266 -0.38139458  0.38224854]
2.5304830000050984	[ 0.4171002  -0.38140785  0.38225541]
2.5304840000050985	[ 0.41710775 -0.38142112  0.38226228]
2.5304850000050987	[ 0.41711529 -0.38143439  0.38226915]
2.530486000005099	[ 0.41712284 -0.38144765  0.38227602]
2.530487000005099	[ 0.41713038 -0.38146091  0.38228289]
2.530488000005099	[ 0.41713792 -0.38147416  0.38228975]
2.5304890000050992	[ 0.41714545 -0.38148742  0.38229661]
2.5304900000050994	[ 0.41715298 -0.38150067  0.38230347]
2.5304910000050995	[ 0.41716051 -0.38151392  0.38231033]
2.5304920000050997	[ 0.41716804 -0.38152716  0.38231718]
2.5304930000051	[ 0.41717556 -0.38154041  0.38232403]
2.5304940000051	[ 0.41718308 -0.38155365  0.38233087]
2.5304950000051	[ 0.41719059 -0.38156689  0.38233772]
2.5304960000051	[ 0.41719811 -0.38158013  0.38234456]
2.5304970000051004	[ 0.41720562 -0.38159338  0.3823514 ]
2.5304980000051005	[ 0.41721313 -0.38160662  0.38235824]
2.5304990000051006	[ 0.41722064 -0.38161985  0.38236508]
2.530500000005101	[ 0.41722815 -0.38163309  0.38237192]
2.530501000005101	[ 0.41723566 -0.38164633  0.38237876]
2.530502000005101	[ 0.41724317 -0.38165956  0.3823856 ]
2.530503000005101	[ 0.41725069 -0.38167279  0.38239244]
2.5305040000051013	[ 0.4172582  -0.38168602  0.38239929]
2.5305050000051015	[ 0.41726572 -0.38169925  0.38240613]
2.5305060000051016	[ 0.41727324 -0.38171249  0.38241298]
2.5305070000051018	[ 0.41728076 -0.38172571  0.38241983]
2.530508000005102	[ 0.41728829 -0.38173894  0.38242668]
2.530509000005102	[ 0.41729581 -0.38175218  0.38243353]
2.530510000005102	[ 0.41730334 -0.38176541  0.38244039]
2.5305110000051023	[ 0.41731088 -0.38177865  0.38244725]
2.5305120000051025	[ 0.41731841 -0.3817919   0.38245411]
2.5305130000051026	[ 0.41732594 -0.38180514  0.38246097]
2.5305140000051027	[ 0.41733348 -0.3818184   0.38246783]
2.530515000005103	[ 0.41734101 -0.38183165  0.38247469]
2.530516000005103	[ 0.41734854 -0.38184491  0.38248155]
2.530517000005103	[ 0.41735608 -0.38185818  0.38248841]
2.5305180000051033	[ 0.4173636  -0.38187144  0.38249526]
2.5305190000051034	[ 0.41737113 -0.38188471  0.38250212]
2.5305200000051036	[ 0.41737865 -0.38189798  0.38250896]
2.5305210000051037	[ 0.41738617 -0.38191124  0.38251581]
2.530522000005104	[ 0.41739368 -0.38192451  0.38252265]
2.530523000005104	[ 0.41740119 -0.38193776  0.38252949]
2.530524000005104	[ 0.4174087  -0.38195101  0.38253632]
2.5305250000051043	[ 0.4174162  -0.38196425  0.38254315]
2.5305260000051044	[ 0.4174237  -0.38197748  0.38254998]
2.5305270000051046	[ 0.4174312  -0.3819907   0.38255681]
2.5305280000051047	[ 0.41743869 -0.38200392  0.38256363]
2.530529000005105	[ 0.41744619 -0.38201712  0.38257046]
2.530530000005105	[ 0.41745368 -0.38203032  0.38257728]
2.530531000005105	[ 0.41746118 -0.38204352  0.38258411]
2.5305320000051053	[ 0.41746867 -0.38205671  0.38259094]
2.5305330000051054	[ 0.41747617 -0.3820699   0.38259776]
2.5305340000051055	[ 0.41748367 -0.38208309  0.38260459]
2.5305350000051057	[ 0.41749117 -0.38209628  0.38261142]
2.530536000005106	[ 0.41749867 -0.38210948  0.38261825]
2.530537000005106	[ 0.41750618 -0.38212269  0.38262509]
2.530538000005106	[ 0.41751368 -0.38213591  0.38263192]
2.5305390000051062	[ 0.41752119 -0.38214913  0.38263875]
2.5305400000051064	[ 0.4175287  -0.38216237  0.38264559]
2.5305410000051065	[ 0.41753621 -0.38217561  0.38265243]
2.5305420000051067	[ 0.41754372 -0.38218885  0.38265927]
2.530543000005107	[ 0.41755123 -0.3822021   0.38266611]
2.530544000005107	[ 0.41755875 -0.38221536  0.38267296]
2.530545000005107	[ 0.41756627 -0.38222861  0.38267981]
2.530546000005107	[ 0.41757379 -0.38224185  0.38268666]
2.5305470000051073	[ 0.41758132 -0.3822551   0.38269351]
2.5305480000051075	[ 0.41758885 -0.38226834  0.38270037]
2.5305490000051076	[ 0.41759638 -0.38228157  0.38270723]
2.5305500000051078	[ 0.41760392 -0.3822948   0.38271409]
2.530551000005108	[ 0.41761145 -0.38230802  0.38272095]
2.530552000005108	[ 0.41761899 -0.38232124  0.38272781]
2.530553000005108	[ 0.41762652 -0.38233445  0.38273467]
2.5305540000051083	[ 0.41763405 -0.38234766  0.38274153]
2.5305550000051085	[ 0.41764158 -0.38236088  0.38274838]
2.5305560000051086	[ 0.4176491  -0.38237409  0.38275523]
2.5305570000051087	[ 0.41765662 -0.38238731  0.38276208]
2.530558000005109	[ 0.41766413 -0.38240054  0.38276892]
2.530559000005109	[ 0.41767163 -0.38241376  0.38277575]
2.530560000005109	[ 0.41767912 -0.382427    0.38278257]
2.5305610000051093	[ 0.41768661 -0.38244023  0.38278939]
2.5305620000051094	[ 0.41769409 -0.38245347  0.3827962 ]
2.5305630000051096	[ 0.41770157 -0.38246672  0.38280301]
2.5305640000051097	[ 0.41770904 -0.38247996  0.38280982]
2.53056500000511	[ 0.41771652 -0.38249321  0.38281662]
2.53056600000511	[ 0.41772399 -0.38250645  0.38282342]
2.53056700000511	[ 0.41773146 -0.38251969  0.38283023]
2.5305680000051103	[ 0.41773893 -0.38253293  0.38283703]
2.5305690000051104	[ 0.41774641 -0.38254617  0.38284384]
2.5305700000051106	[ 0.41775389 -0.38255941  0.38285065]
2.5305710000051107	[ 0.41776137 -0.38257264  0.38285747]
2.530572000005111	[ 0.41776887 -0.38258588  0.38286429]
2.530573000005111	[ 0.41777636 -0.38259911  0.38287112]
2.530574000005111	[ 0.41778386 -0.38261234  0.38287795]
2.5305750000051113	[ 0.41779137 -0.38262557  0.38288478]
2.5305760000051114	[ 0.41779888 -0.3826388   0.38289162]
2.5305770000051115	[ 0.41780639 -0.38265203  0.38289846]
2.5305780000051117	[ 0.41781391 -0.38266526  0.38290531]
2.530579000005112	[ 0.41782143 -0.38267849  0.38291216]
2.530580000005112	[ 0.41782895 -0.38269171  0.38291901]
2.530581000005112	[ 0.41783648 -0.38270494  0.38292586]
2.5305820000051122	[ 0.417844   -0.38271817  0.38293271]
2.5305830000051124	[ 0.41785153 -0.3827314   0.38293956]
2.5305840000051125	[ 0.41785905 -0.38274462  0.38294642]
2.5305850000051127	[ 0.41786658 -0.38275785  0.38295327]
2.530586000005113	[ 0.41787411 -0.38277107  0.38296012]
2.530587000005113	[ 0.41788163 -0.38278429  0.38296698]
2.530588000005113	[ 0.41788916 -0.38279751  0.38297383]
2.530589000005113	[ 0.41789668 -0.38281073  0.38298068]
2.5305900000051134	[ 0.41790421 -0.38282395  0.38298753]
2.5305910000051135	[ 0.41791173 -0.38283716  0.38299438]
2.5305920000051136	[ 0.41791925 -0.38285038  0.38300123]
2.530593000005114	[ 0.41792677 -0.38286361  0.38300808]
2.530594000005114	[ 0.41793429 -0.38287683  0.38301493]
2.530595000005114	[ 0.41794181 -0.38289006  0.38302178]
2.530596000005114	[ 0.41794933 -0.38290328  0.38302862]
2.5305970000051143	[ 0.41795685 -0.38291651  0.38303547]
2.5305980000051145	[ 0.41796436 -0.38292975  0.38304231]
2.5305990000051146	[ 0.41797188 -0.38294298  0.38304916]
2.5306000000051148	[ 0.4179794  -0.38295621  0.383056  ]
2.530601000005115	[ 0.41798691 -0.38296945  0.38306284]
2.530602000005115	[ 0.41799443 -0.38298269  0.38306969]
2.530603000005115	[ 0.41800194 -0.38299593  0.38307653]
2.5306040000051153	[ 0.41800946 -0.38300916  0.38308338]
2.5306050000051155	[ 0.41801698 -0.3830224   0.38309023]
2.5306060000051156	[ 0.41802451 -0.38303564  0.38309708]
2.5306070000051157	[ 0.41803203 -0.38304888  0.38310393]
2.530608000005116	[ 0.41803956 -0.38306211  0.38311079]
2.530609000005116	[ 0.41804709 -0.38307535  0.38311764]
2.530610000005116	[ 0.41805462 -0.3830886   0.38312451]
2.5306110000051163	[ 0.41806216 -0.38310184  0.38313137]
2.5306120000051164	[ 0.4180697  -0.38311508  0.38313823]
2.5306130000051166	[ 0.41807724 -0.38312833  0.3831451 ]
2.5306140000051167	[ 0.41808481 -0.38314152  0.38315199]
2.530615000005117	[ 0.41809231 -0.38315483  0.38315882]
2.530616000005117	[ 0.41809985 -0.38316808  0.38316569]
2.530617000005117	[ 0.4181074  -0.38318134  0.38317256]
2.5306180000051173	[ 0.41811493 -0.3831946   0.38317943]
2.5306190000051174	[ 0.41812247 -0.38320786  0.38318629]
2.5306200000051176	[ 0.41813    -0.38322112  0.38319315]
2.5306210000051177	[ 0.41813753 -0.38323438  0.38320001]
2.530622000005118	[ 0.41814506 -0.38324764  0.38320686]
2.530623000005118	[ 0.41815258 -0.38326089  0.38321371]
2.530624000005118	[ 0.41816011 -0.38327414  0.38322056]
2.5306250000051183	[ 0.41816763 -0.38328738  0.38322741]
2.5306260000051184	[ 0.41817514 -0.38330062  0.38323425]
2.5306270000051185	[ 0.41818266 -0.38331386  0.3832411 ]
2.5306280000051187	[ 0.41819019 -0.38332708  0.38324795]
2.530629000005119	[ 0.41819771 -0.38334031  0.3832548 ]
2.530630000005119	[ 0.41820524 -0.38335353  0.38326166]
2.530631000005119	[ 0.41821277 -0.38336676  0.38326852]
2.5306320000051192	[ 0.41822031 -0.38337998  0.38327538]
2.5306330000051194	[ 0.41822785 -0.38339321  0.38328225]
2.5306340000051195	[ 0.41823539 -0.38340644  0.38328912]
2.5306350000051197	[ 0.41824294 -0.38341968  0.38329599]
2.53063600000512	[ 0.41825048 -0.38343293  0.38330286]
2.53063700000512	[ 0.41825804 -0.38344617  0.38330974]
2.53063800000512	[ 0.41826558 -0.38345943  0.38331661]
2.53063900000512	[ 0.41827313 -0.38347269  0.38332348]
2.5306400000051203	[ 0.41828068 -0.38348595  0.38333036]
2.5306410000051205	[ 0.41828822 -0.38349921  0.38333723]
2.5306420000051206	[ 0.41829576 -0.38351248  0.38334409]
2.5306430000051208	[ 0.4183033  -0.38352574  0.38335096]
2.530644000005121	[ 0.41831084 -0.383539    0.38335782]
2.530645000005121	[ 0.41831837 -0.38355225  0.38336468]
2.530646000005121	[ 0.4183259  -0.38356549  0.38337154]
2.5306470000051213	[ 0.41833343 -0.38357874  0.3833784 ]
2.5306480000051215	[ 0.41834096 -0.38359197  0.38338525]
2.5306490000051216	[ 0.41834849 -0.3836052   0.38339211]
2.5306500000051217	[ 0.41835602 -0.38361843  0.38339897]
2.530651000005122	[ 0.41836355 -0.38363166  0.38340582]
2.530652000005122	[ 0.41837108 -0.38364489  0.38341268]
2.530653000005122	[ 0.4183786  -0.38365812  0.38341953]
2.5306540000051223	[ 0.41838613 -0.38367135  0.38342639]
2.5306550000051224	[ 0.41839366 -0.38368458  0.38343324]
2.5306560000051226	[ 0.41840118 -0.38369781  0.3834401 ]
2.5306570000051227	[ 0.41840871 -0.38371105  0.38344695]
2.530658000005123	[ 0.41841623 -0.38372429  0.3834538 ]
2.530659000005123	[ 0.41842375 -0.38373753  0.38346065]
2.530660000005123	[ 0.41843127 -0.38375078  0.38346749]
2.5306610000051233	[ 0.41843879 -0.38376402  0.38347434]
2.5306620000051234	[ 0.4184463  -0.38377726  0.38348118]
2.5306630000051236	[ 0.41845382 -0.3837905   0.38348803]
2.5306640000051237	[ 0.41846133 -0.38380373  0.38349487]
2.530665000005124	[ 0.41846885 -0.38381697  0.38350171]
2.530666000005124	[ 0.41847637 -0.3838302   0.38350856]
2.530667000005124	[ 0.41848389 -0.38384342  0.38351541]
2.5306680000051243	[ 0.41849141 -0.38385664  0.38352226]
2.5306690000051244	[ 0.41849893 -0.38386987  0.38352911]
2.5306700000051245	[ 0.41850646 -0.38388309  0.38353596]
2.5306710000051247	[ 0.41851398 -0.38389631  0.38354282]
2.530672000005125	[ 0.41852151 -0.38390953  0.38354967]
2.530673000005125	[ 0.41852904 -0.38392276  0.38355653]
2.530674000005125	[ 0.41853695 -0.3839361   0.38356379]
2.5306750000051252	[ 0.41854378 -0.38394892  0.3835699 ]
2.5306760000051254	[ 0.41855201 -0.38396257  0.3835775 ]
2.5306770000051255	[ 0.41855922 -0.38397551  0.38358401]
2.5306780000051257	[ 0.41856675 -0.38398874  0.38359087]
2.530679000005126	[ 0.41857427 -0.38400198  0.38359772]
2.530680000005126	[ 0.41858179 -0.38401522  0.38360457]
2.530681000005126	[ 0.41858931 -0.38402846  0.38361141]
2.530682000005126	[ 0.41859683 -0.38404169  0.38361826]
2.5306830000051264	[ 0.41860434 -0.38405492  0.3836251 ]
2.5306840000051265	[ 0.41861185 -0.38406815  0.38363194]
2.5306850000051266	[ 0.41861937 -0.38408137  0.38363878]
2.530686000005127	[ 0.41862688 -0.3840946   0.38364562]
2.530687000005127	[ 0.41863438 -0.38410783  0.38365246]
2.530688000005127	[ 0.41864189 -0.38412106  0.3836593 ]
2.530689000005127	[ 0.4186494  -0.38413428  0.38366614]
2.5306900000051273	[ 0.41865691 -0.38414752  0.38367297]
2.5306910000051275	[ 0.41866441 -0.38416075  0.38367981]
2.5306920000051276	[ 0.41867192 -0.38417398  0.38368664]
2.5306930000051278	[ 0.41867942 -0.38418722  0.38369348]
2.530694000005128	[ 0.41868693 -0.38420046  0.38370031]
2.530695000005128	[ 0.41869444 -0.3842137   0.38370715]
2.530696000005128	[ 0.41870194 -0.38422694  0.38371398]
2.5306970000051283	[ 0.41870945 -0.38424017  0.38372082]
2.5306980000051285	[ 0.41871696 -0.38425341  0.38372766]
2.5306990000051286	[ 0.41872447 -0.38426664  0.38373449]
2.5307000000051287	[ 0.41873198 -0.38427988  0.38374133]
2.530701000005129	[ 0.41873949 -0.3842931   0.38374817]
2.530702000005129	[ 0.41874734 -0.38430643  0.38375536]
2.530703000005129	[ 0.41875452 -0.38431943  0.38376186]
2.5307040000051293	[ 0.41876204 -0.38433267  0.38376871]
2.5307050000051294	[ 0.41876955 -0.38434591  0.38377556]
2.5307060000051296	[ 0.41877707 -0.38435914  0.3837824 ]
2.5307070000051297	[ 0.41878459 -0.38437237  0.38378925]
2.53070800000513	[ 0.41879211 -0.3843856   0.38379609]
2.53070900000513	[ 0.41879962 -0.38439883  0.38380294]
2.53071000000513	[ 0.41880713 -0.38441206  0.38380978]
2.5307110000051303	[ 0.41881465 -0.38442529  0.38381662]
2.5307120000051304	[ 0.41882216 -0.38443852  0.38382346]
2.5307130000051306	[ 0.41882967 -0.38445175  0.3838303 ]
2.5307140000051307	[ 0.41883717 -0.38446497  0.38383713]
2.530715000005131	[ 0.41884468 -0.3844782   0.38384397]
2.530716000005131	[ 0.41885218 -0.38449142  0.3838508 ]
2.530717000005131	[ 0.41885969 -0.38450465  0.38385764]
2.5307180000051313	[ 0.41886719 -0.38451787  0.38386447]
2.5307190000051314	[ 0.4188747  -0.38453109  0.3838713 ]
2.5307200000051315	[ 0.4188822  -0.38454431  0.38387814]
2.5307210000051317	[ 0.41888971 -0.38455754  0.38388497]
2.530722000005132	[ 0.41889721 -0.38457076  0.38389181]
2.530723000005132	[ 0.41890472 -0.38458399  0.38389864]
2.530724000005132	[ 0.41891223 -0.38459722  0.38390548]
2.5307250000051322	[ 0.41891974 -0.38461046  0.38391232]
2.5307260000051324	[ 0.41892725 -0.3846237   0.38391916]
2.5307270000051325	[ 0.41893476 -0.38463695  0.383926  ]
2.5307280000051326	[ 0.41894228 -0.3846502   0.38393285]
2.530729000005133	[ 0.41894979 -0.38466346  0.38393969]
2.530730000005133	[ 0.41895731 -0.38467672  0.38394654]
2.530731000005133	[ 0.41896483 -0.38468999  0.38395339]
2.530732000005133	[ 0.41897235 -0.38470326  0.38396023]
2.5307330000051333	[ 0.41897987 -0.38471653  0.38396708]
2.5307340000051335	[ 0.41898739 -0.38472981  0.38397393]
2.5307350000051336	[ 0.41899491 -0.38474308  0.38398078]
2.5307360000051338	[ 0.41900243 -0.38475636  0.38398763]
2.530737000005134	[ 0.41900995 -0.38476963  0.38399448]
2.530738000005134	[ 0.41901747 -0.38478289  0.38400132]
2.530739000005134	[ 0.41902499 -0.38479615  0.38400817]
2.5307400000051343	[ 0.4190325  -0.3848094   0.38401501]
2.5307410000051345	[ 0.41904002 -0.38482265  0.38402186]
2.5307420000051346	[ 0.41904753 -0.38483588  0.3840287 ]
2.5307430000051347	[ 0.41905504 -0.38484913  0.38403553]
2.530744000005135	[ 0.41906257 -0.38486234  0.38404239]
2.530745000005135	[ 0.41907008 -0.38487556  0.38404923]
2.530746000005135	[ 0.4190776  -0.38488877  0.38405608]
2.5307470000051353	[ 0.41908512 -0.38490198  0.38406292]
2.5307480000051354	[ 0.41909263 -0.3849152   0.38406977]
2.5307490000051356	[ 0.41910015 -0.38492842  0.38407661]
2.5307500000051357	[ 0.41910767 -0.38494164  0.38408346]
2.530751000005136	[ 0.41911519 -0.38495487  0.38409031]
2.530752000005136	[ 0.41912271 -0.3849681   0.38409716]
2.530753000005136	[ 0.41913023 -0.38498134  0.38410401]
2.5307540000051363	[ 0.41913775 -0.38499458  0.38411085]
2.5307550000051364	[ 0.41914527 -0.38500783  0.3841177 ]
2.5307560000051366	[ 0.41915278 -0.38502108  0.38412455]
2.5307570000051367	[ 0.4191603  -0.38503434  0.38413139]
2.530758000005137	[ 0.41916782 -0.38504759  0.38413824]
2.530759000005137	[ 0.41917533 -0.38506085  0.38414508]
2.530760000005137	[ 0.41918285 -0.3850741   0.38415192]
2.5307610000051373	[ 0.41919036 -0.38508734  0.38415877]
2.5307620000051374	[ 0.41919787 -0.38510058  0.38416561]
2.5307630000051375	[ 0.41920539 -0.38511381  0.38417245]
2.5307640000051377	[ 0.4192129  -0.38512704  0.3841793 ]
2.530765000005138	[ 0.41922042 -0.38514026  0.38418614]
2.530766000005138	[ 0.41922794 -0.38515348  0.38419299]
2.530767000005138	[ 0.41923546 -0.3851667   0.38419984]
2.5307680000051382	[ 0.41924298 -0.38517992  0.38420669]
2.5307690000051384	[ 0.4192505  -0.38519314  0.38421354]
2.5307700000051385	[ 0.41925803 -0.38520637  0.38422039]
2.5307710000051387	[ 0.41926556 -0.3852196   0.38422725]
2.530772000005139	[ 0.41927308 -0.38523284  0.3842341 ]
2.530773000005139	[ 0.41928061 -0.38524609  0.38424095]
2.530774000005139	[ 0.41928813 -0.38525934  0.38424781]
2.530775000005139	[ 0.41929566 -0.3852726   0.38425466]
2.5307760000051394	[ 0.41930318 -0.38528586  0.38426151]
2.5307770000051395	[ 0.4193107  -0.38529913  0.38426836]
2.5307780000051396	[ 0.41931823 -0.38531239  0.38427521]
2.53077900000514	[ 0.41932575 -0.38532565  0.38428206]
2.53078000000514	[ 0.41933327 -0.38533891  0.38428891]
2.53078100000514	[ 0.41934079 -0.38535216  0.38429576]
2.53078200000514	[ 0.41934832 -0.38536541  0.38430262]
2.5307830000051403	[ 0.41935584 -0.38537865  0.38430947]
2.5307840000051405	[ 0.41936337 -0.38539189  0.38431633]
2.5307850000051406	[ 0.4193709  -0.38540511  0.38432318]
2.5307860000051408	[ 0.41937843 -0.38541834  0.38433004]
2.530787000005141	[ 0.41938597 -0.38543156  0.3843369 ]
2.530788000005141	[ 0.4193935  -0.38544478  0.38434376]
2.530789000005141	[ 0.41940103 -0.385458    0.38435062]
2.5307900000051413	[ 0.41940857 -0.38547123  0.38435749]
2.5307910000051415	[ 0.4194161  -0.38548445  0.38436435]
2.5307920000051416	[ 0.41942363 -0.38549768  0.3843712 ]
2.5307930000051417	[ 0.41943116 -0.38551091  0.38437806]
2.530794000005142	[ 0.41943869 -0.38552415  0.38438491]
2.530795000005142	[ 0.41944621 -0.38553739  0.38439177]
2.530796000005142	[ 0.41945373 -0.38555063  0.38439862]
2.5307970000051423	[ 0.41946125 -0.38556387  0.38440546]
2.5307980000051424	[ 0.41946877 -0.38557711  0.38441231]
2.5307990000051426	[ 0.41947628 -0.38559035  0.38441915]
2.5308000000051427	[ 0.41948379 -0.38560358  0.38442599]
2.530801000005143	[ 0.41949131 -0.38561681  0.38443283]
2.530802000005143	[ 0.41949882 -0.38563004  0.38443968]
2.530803000005143	[ 0.41950633 -0.38564326  0.38444652]
2.5308040000051433	[ 0.41951385 -0.38565648  0.38445336]
2.5308050000051434	[ 0.41952136 -0.38566969  0.38446021]
2.5308060000051436	[ 0.41952888 -0.38568291  0.38446705]
2.5308070000051437	[ 0.4195364  -0.38569612  0.3844739 ]
2.530808000005144	[ 0.41954391 -0.38570934  0.38448074]
2.530809000005144	[ 0.41955143 -0.38572255  0.38448759]
2.530810000005144	[ 0.41955895 -0.38573577  0.38449444]
2.5308110000051443	[ 0.41956647 -0.38574899  0.38450129]
2.5308120000051444	[ 0.41957399 -0.38576221  0.38450813]
2.5308130000051445	[ 0.41958151 -0.38577544  0.38451498]
2.5308140000051447	[ 0.41958902 -0.38578867  0.38452183]
2.530815000005145	[ 0.41959654 -0.3858019   0.38452867]
2.530816000005145	[ 0.41960406 -0.38581513  0.38453552]
2.530817000005145	[ 0.41961157 -0.38582836  0.38454236]
2.5308180000051452	[ 0.41961909 -0.38584159  0.3845492 ]
2.5308190000051454	[ 0.4196266  -0.38585482  0.38455605]
2.5308200000051455	[ 0.41963411 -0.38586805  0.38456289]
2.5308210000051456	[ 0.41964163 -0.38588128  0.38456973]
2.530822000005146	[ 0.41964914 -0.38589451  0.38457658]
2.530823000005146	[ 0.41965666 -0.38590773  0.38458342]
2.530824000005146	[ 0.41966417 -0.38592096  0.38459027]
2.530825000005146	[ 0.41967169 -0.38593419  0.38459711]
2.5308260000051463	[ 0.41967921 -0.38594741  0.38460396]
2.5308270000051465	[ 0.41968673 -0.38596064  0.3846108 ]
2.5308280000051466	[ 0.41969425 -0.38597387  0.38461765]
2.5308290000051468	[ 0.41970177 -0.3859871   0.3846245 ]
2.530830000005147	[ 0.41970929 -0.38600034  0.38463135]
2.530831000005147	[ 0.4197168  -0.38601357  0.3846382 ]
2.530832000005147	[ 0.41972433 -0.38602681  0.38464504]
2.5308330000051473	[ 0.41973185 -0.38604004  0.38465189]
2.5308340000051475	[ 0.41973937 -0.38605328  0.38465874]
2.5308350000051476	[ 0.41974689 -0.38606651  0.38466559]
2.5308360000051477	[ 0.41975441 -0.38607975  0.38467244]
2.530837000005148	[ 0.41976193 -0.38609298  0.38467929]
2.530838000005148	[ 0.41976945 -0.38610621  0.38468614]
2.530839000005148	[ 0.41977698 -0.38611944  0.38469299]
2.5308400000051483	[ 0.4197845  -0.38613266  0.38469985]
2.5308410000051484	[ 0.41979203 -0.38614589  0.3847067 ]
2.5308420000051486	[ 0.41979955 -0.38615911  0.38471355]
2.5308430000051487	[ 0.41980707 -0.38617234  0.38472041]
2.530844000005149	[ 0.4198146  -0.38618556  0.38472726]
2.530845000005149	[ 0.41982213 -0.38619878  0.38473411]
2.530846000005149	[ 0.41982965 -0.386212    0.38474096]
2.5308470000051493	[ 0.41983717 -0.38622523  0.38474782]
2.5308480000051494	[ 0.41984472 -0.38623843  0.38475469]
2.5308490000051496	[ 0.41985221 -0.38625167  0.38476151]
2.5308500000051497	[ 0.41985973 -0.38626489  0.38476836]
2.53085100000515	[ 0.41986725 -0.38627811  0.38477521]
2.53085200000515	[ 0.41987477 -0.38629133  0.38478205]
2.53085300000515	[ 0.41988228 -0.38630455  0.3847889 ]
2.5308540000051503	[ 0.41988979 -0.38631777  0.38479574]
2.5308550000051504	[ 0.41989731 -0.38633099  0.38480258]
2.5308560000051505	[ 0.41990482 -0.38634421  0.38480942]
2.5308570000051507	[ 0.41991233 -0.38635742  0.38481626]
2.530858000005151	[ 0.41991985 -0.38637064  0.38482311]
2.530859000005151	[ 0.41992736 -0.38638387  0.38482995]
2.530860000005151	[ 0.41993488 -0.38639709  0.3848368 ]
2.5308610000051512	[ 0.4199424  -0.38641031  0.38484365]
2.5308620000051514	[ 0.41994992 -0.38642354  0.3848505 ]
2.5308630000051515	[ 0.41995745 -0.38643677  0.38485735]
2.5308640000051517	[ 0.41996498 -0.38645     0.38486421]
2.530865000005152	[ 0.41997251 -0.38646323  0.38487107]
2.530866000005152	[ 0.41998004 -0.38647647  0.38487793]
2.530867000005152	[ 0.41998758 -0.3864897   0.38488479]
2.530868000005152	[ 0.41999511 -0.38650294  0.38489165]
2.5308690000051524	[ 0.42000265 -0.38651617  0.38489852]
2.5308700000051525	[ 0.42001019 -0.38652941  0.38490538]
2.5308710000051526	[ 0.42001772 -0.38654264  0.38491225]
2.5308720000051528	[ 0.42002526 -0.38655588  0.38491911]
2.530873000005153	[ 0.42003279 -0.38656911  0.38492597]
2.530874000005153	[ 0.42004032 -0.38658234  0.38493283]
2.530875000005153	[ 0.42004785 -0.38659557  0.38493968]
2.5308760000051533	[ 0.42005538 -0.3866088   0.38494654]
2.5308770000051535	[ 0.42006291 -0.38662202  0.38495339]
2.5308780000051536	[ 0.42007043 -0.38663525  0.38496025]
2.5308790000051538	[ 0.42007795 -0.38664847  0.3849671 ]
2.530880000005154	[ 0.42008548 -0.38666169  0.38497395]
2.530881000005154	[ 0.420093   -0.38667491  0.3849808 ]
2.530882000005154	[ 0.42010053 -0.38668812  0.38498766]
2.5308830000051543	[ 0.42010806 -0.38670134  0.38499451]
2.5308840000051545	[ 0.42011559 -0.38671456  0.38500137]
2.5308850000051546	[ 0.42012312 -0.38672777  0.38500823]
2.5308860000051547	[ 0.42013065 -0.38674099  0.38501509]
2.530887000005155	[ 0.42013819 -0.38675421  0.38502196]
2.530888000005155	[ 0.42014573 -0.38676743  0.38502882]
2.530889000005155	[ 0.42015327 -0.38678065  0.38503569]
2.5308900000051553	[ 0.42016081 -0.38679387  0.38504256]
2.5308910000051554	[ 0.42016835 -0.3868071   0.38504942]
2.5308920000051556	[ 0.42017589 -0.38682033  0.38505629]
2.5308930000051557	[ 0.42018343 -0.38683356  0.38506316]
2.530894000005156	[ 0.42019097 -0.38684678  0.38507003]
2.530895000005156	[ 0.42019851 -0.38686001  0.38507689]
2.530896000005156	[ 0.42020604 -0.38687324  0.38508375]
2.5308970000051563	[ 0.42021358 -0.38688647  0.38509061]
2.5308980000051564	[ 0.42022111 -0.3868997   0.38509747]
2.5308990000051566	[ 0.42022864 -0.38691293  0.38510433]
2.5309000000051567	[ 0.42023617 -0.38692615  0.38511119]
2.530901000005157	[ 0.42024369 -0.38693937  0.38511804]
2.530902000005157	[ 0.42025122 -0.38695258  0.3851249 ]
2.530903000005157	[ 0.42025875 -0.3869658   0.38513175]
2.5309040000051573	[ 0.42026627 -0.38697901  0.3851386 ]
2.5309050000051574	[ 0.4202738  -0.38699222  0.38514546]
2.5309060000051575	[ 0.42028133 -0.38700544  0.38515231]
2.5309070000051577	[ 0.42028885 -0.38701865  0.38515917]
2.530908000005158	[ 0.42029638 -0.38703186  0.38516602]
2.530909000005158	[ 0.4203039  -0.38704508  0.38517288]
2.530910000005158	[ 0.42031143 -0.3870583   0.38517973]
2.5309110000051582	[ 0.42031896 -0.38707153  0.38518659]
2.5309120000051584	[ 0.42032648 -0.38708476  0.38519344]
2.5309130000051585	[ 0.42033401 -0.38709799  0.38520029]
2.5309140000051586	[ 0.42034153 -0.38711122  0.38520715]
2.530915000005159	[ 0.42034906 -0.38712445  0.385214  ]
2.530916000005159	[ 0.42035659 -0.38713768  0.38522086]
2.530917000005159	[ 0.42036411 -0.38715091  0.38522771]
2.530918000005159	[ 0.42037164 -0.38716414  0.38523457]
2.5309190000051593	[ 0.42037917 -0.38717736  0.38524142]
2.5309200000051595	[ 0.4203867  -0.38719058  0.38524828]
2.5309210000051596	[ 0.42039424 -0.3872038   0.38525515]
2.5309220000051598	[ 0.42040178 -0.38721702  0.38526201]
2.53092300000516	[ 0.42040931 -0.38723024  0.38526888]
2.53092400000516	[ 0.42041686 -0.38724346  0.38527575]
2.53092500000516	[ 0.4204244  -0.38725667  0.38528262]
2.5309260000051603	[ 0.42043194 -0.38726989  0.38528949]
2.5309270000051605	[ 0.42043949 -0.38728311  0.38529636]
2.5309280000051606	[ 0.42044703 -0.38729633  0.38530323]
2.5309290000051607	[ 0.42045457 -0.38730956  0.3853101 ]
2.530930000005161	[ 0.42046211 -0.38732279  0.38531696]
2.530931000005161	[ 0.42046965 -0.38733601  0.38532383]
2.530932000005161	[ 0.42047719 -0.38734924  0.38533069]
2.5309330000051613	[ 0.42048472 -0.38736247  0.38533755]
2.5309340000051614	[ 0.42049225 -0.3873757   0.38534441]
2.5309350000051616	[ 0.42049977 -0.38738892  0.38535126]
2.5309360000051617	[ 0.42050729 -0.38740214  0.38535811]
2.530937000005162	[ 0.42051481 -0.38741536  0.38536496]
2.530938000005162	[ 0.42052233 -0.38742858  0.3853718 ]
2.530939000005162	[ 0.42052984 -0.38744178  0.38537864]
2.5309400000051623	[ 0.42053735 -0.387455    0.38538549]
2.5309410000051624	[ 0.42054486 -0.38746822  0.38539233]
2.5309420000051626	[ 0.42055237 -0.38748143  0.38539917]
2.5309430000051627	[ 0.42055988 -0.38749464  0.385406  ]
2.530944000005163	[ 0.42056739 -0.38750786  0.38541284]
2.530945000005163	[ 0.42057489 -0.38752108  0.38541968]
2.530946000005163	[ 0.4205824  -0.3875343   0.38542651]
2.5309470000051633	[ 0.42058991 -0.38754753  0.38543335]
2.5309480000051634	[ 0.42059742 -0.38756076  0.38544019]
2.5309490000051635	[ 0.42060493 -0.38757399  0.38544703]
2.5309500000051637	[ 0.42061244 -0.38758723  0.38545387]
2.530951000005164	[ 0.42061995 -0.38760046  0.38546071]
2.530952000005164	[ 0.42062747 -0.38761369  0.38546756]
2.530953000005164	[ 0.42063499 -0.38762691  0.38547441]
2.5309540000051642	[ 0.42064251 -0.38764014  0.38548126]
2.5309550000051644	[ 0.42065004 -0.38765336  0.38548812]
2.5309560000051645	[ 0.42065757 -0.38766657  0.38549498]
2.5309570000051647	[ 0.42066511 -0.38767978  0.38550184]
2.530958000005165	[ 0.42067265 -0.38769299  0.3855087 ]
2.530959000005165	[ 0.42068019 -0.3877062   0.38551557]
2.530960000005165	[ 0.42068773 -0.38771942  0.38552244]
2.530961000005165	[ 0.42069527 -0.38773263  0.38552931]
2.5309620000051654	[ 0.42070282 -0.38774585  0.38553618]
2.5309630000051655	[ 0.42071036 -0.38775908  0.38554305]
2.5309640000051656	[ 0.4207179  -0.38777231  0.38554991]
2.5309650000051658	[ 0.42072543 -0.38778555  0.38555678]
2.530966000005166	[ 0.42073296 -0.38779879  0.38556363]
2.530967000005166	[ 0.42074049 -0.38781204  0.38557049]
2.530968000005166	[ 0.42074801 -0.38782528  0.38557734]
2.5309690000051663	[ 0.42075552 -0.38783853  0.38558418]
2.5309700000051665	[ 0.42076304 -0.38785178  0.38559103]
2.5309710000051666	[ 0.42077055 -0.38786502  0.38559787]
2.5309720000051668	[ 0.42077805 -0.38787826  0.3856047 ]
2.530973000005167	[ 0.42078556 -0.3878915   0.38561154]
2.530974000005167	[ 0.42079307 -0.38790473  0.38561838]
2.530975000005167	[ 0.42080057 -0.38791795  0.38562521]
2.5309760000051673	[ 0.42080808 -0.38793117  0.38563205]
2.5309770000051675	[ 0.42081559 -0.38794438  0.38563889]
2.5309780000051676	[ 0.42082311 -0.3879576   0.38564573]
2.5309790000051677	[ 0.42083062 -0.38797081  0.38565258]
2.530980000005168	[ 0.42083814 -0.38798402  0.38565943]
2.530981000005168	[ 0.42084566 -0.38799724  0.38566628]
2.530982000005168	[ 0.42085318 -0.38801046  0.38567313]
2.5309830000051683	[ 0.42086071 -0.38802368  0.38567998]
2.5309840000051684	[ 0.42086823 -0.38803692  0.38568683]
2.5309850000051686	[ 0.42087576 -0.38805015  0.38569369]
2.5309860000051687	[ 0.42088328 -0.38806339  0.38570054]
2.530987000005169	[ 0.4208908  -0.38807664  0.38570739]
2.530988000005169	[ 0.42089833 -0.38808989  0.38571424]
2.530989000005169	[ 0.42090585 -0.38810314  0.38572109]
2.5309900000051693	[ 0.42091337 -0.38811639  0.38572794]
2.5309910000051694	[ 0.42092089 -0.38812964  0.38573479]
2.5309920000051696	[ 0.42092841 -0.38814289  0.38574164]
2.5309930000051697	[ 0.42093592 -0.38815613  0.38574848]
2.53099400000517	[ 0.42094344 -0.38816937  0.38575533]
2.53099500000517	[ 0.42095096 -0.38818261  0.38576218]
2.53099600000517	[ 0.42095848 -0.38819584  0.38576902]
2.5309970000051702	[ 0.420966   -0.38820907  0.38577587]
2.5309980000051704	[ 0.42097352 -0.38822229  0.38578272]
2.5309990000051705	[ 0.42098104 -0.38823552  0.38578957]
2.5310000000051707	[ 0.42098856 -0.38824873  0.38579642]
2.531001000005171	[ 0.42099609 -0.38826195  0.38580328]
2.531002000005171	[ 0.42100361 -0.38827517  0.38581013]
2.531003000005171	[ 0.42101114 -0.38828839  0.38581698]
2.5310040000051712	[ 0.42101866 -0.3883016   0.38582384]
2.5310050000051714	[ 0.42102619 -0.38831482  0.38583069]
2.5310060000051715	[ 0.42103371 -0.38832805  0.38583754]
2.5310070000051716	[ 0.42104124 -0.38834127  0.3858444 ]
2.531008000005172	[ 0.42104876 -0.3883545   0.38585125]
2.531009000005172	[ 0.42105629 -0.38836773  0.3858581 ]
2.531010000005172	[ 0.42106381 -0.38838096  0.38586496]
2.531011000005172	[ 0.42107133 -0.38839419  0.38587181]
2.5310120000051723	[ 0.42107886 -0.38840743  0.38587866]
2.5310130000051725	[ 0.42108639 -0.38842067  0.38588552]
2.5310140000051726	[ 0.42109392 -0.38843391  0.38589237]
2.5310150000051728	[ 0.42110145 -0.38844715  0.38589923]
2.531016000005173	[ 0.42110898 -0.38846039  0.38590609]
2.531017000005173	[ 0.42111651 -0.38847363  0.38591296]
2.531018000005173	[ 0.42112405 -0.38848687  0.38591982]
2.5310190000051733	[ 0.42113159 -0.38850011  0.38592669]
2.5310200000051735	[ 0.42113914 -0.38851335  0.38593356]
2.5310210000051736	[ 0.42114668 -0.38852659  0.38594043]
2.5310220000051737	[ 0.42115423 -0.38853983  0.38594731]
2.531023000005174	[ 0.42116178 -0.38855308  0.38595418]
2.531024000005174	[ 0.42116932 -0.38856632  0.38596106]
2.531025000005174	[ 0.42117687 -0.38857957  0.38596793]
2.5310260000051743	[ 0.42118441 -0.38859281  0.3859748 ]
2.5310270000051744	[ 0.42119195 -0.38860606  0.38598167]
2.5310280000051746	[ 0.42119949 -0.38861931  0.38598853]
2.5310290000051747	[ 0.42120703 -0.38863256  0.38599539]
2.531030000005175	[ 0.42121456 -0.38864581  0.38600225]
2.531031000005175	[ 0.42122208 -0.38865906  0.38600911]
2.531032000005175	[ 0.42122961 -0.3886723   0.38601596]
2.5310330000051753	[ 0.42123713 -0.38868555  0.38602281]
2.5310340000051754	[ 0.42124465 -0.38869879  0.38602966]
2.5310350000051756	[ 0.42125216 -0.38871203  0.3860365 ]
2.5310360000051757	[ 0.42125968 -0.38872526  0.38604335]
2.531037000005176	[ 0.4212672 -0.3887385  0.3860502]
2.531038000005176	[ 0.42127472 -0.38875172  0.38605704]
2.531039000005176	[ 0.42128224 -0.38876495  0.38606389]
2.5310400000051763	[ 0.42128976 -0.38877818  0.38607074]
2.5310410000051764	[ 0.42129728 -0.3887914   0.3860776 ]
2.5310420000051765	[ 0.42130481 -0.38880463  0.38608445]
2.5310430000051767	[ 0.42131234 -0.38881785  0.38609131]
2.531044000005177	[ 0.42131987 -0.38883108  0.38609817]
2.531045000005177	[ 0.42132741 -0.38884431  0.38610503]
2.531046000005177	[ 0.42133494 -0.38885754  0.38611189]
2.5310470000051772	[ 0.42134248 -0.38887077  0.38611876]
2.5310480000051774	[ 0.42135002 -0.388884    0.38612563]
2.5310490000051775	[ 0.42135756 -0.38889724  0.3861325 ]
2.5310500000051777	[ 0.42136511 -0.38891047  0.38613937]
2.531051000005178	[ 0.42137266 -0.38892371  0.38614624]
2.531052000005178	[ 0.42138021 -0.38893695  0.38615312]
2.531053000005178	[ 0.42138776 -0.38895019  0.38616   ]
2.531054000005178	[ 0.42139531 -0.38896342  0.38616688]
2.5310550000051784	[ 0.42140286 -0.38897666  0.38617376]
2.5310560000051785	[ 0.42141042 -0.38898989  0.38618064]
2.5310570000051786	[ 0.42141797 -0.38900312  0.38618752]
2.5310580000051788	[ 0.42142553 -0.38901636  0.3861944 ]
2.531059000005179	[ 0.42143308 -0.38902959  0.38620128]
2.531060000005179	[ 0.42144064 -0.38904283  0.38620816]
2.531061000005179	[ 0.42144819 -0.38905606  0.38621504]
2.5310620000051793	[ 0.42145573 -0.3890693   0.38622191]
2.5310630000051795	[ 0.42146328 -0.38908254  0.38622878]
2.5310640000051796	[ 0.42147082 -0.38909578  0.38623565]
2.5310650000051798	[ 0.42147836 -0.38910902  0.38624252]
2.53106600000518	[ 0.42148589 -0.38912225  0.38624938]
2.53106700000518	[ 0.42149342 -0.38913549  0.38625623]
2.53106800000518	[ 0.42150094 -0.38914873  0.38626309]
2.5310690000051803	[ 0.42150847 -0.38916197  0.38626994]
2.5310700000051805	[ 0.42151599 -0.3891752   0.38627679]
2.5310710000051806	[ 0.42152351 -0.38918843  0.38628364]
2.5310720000051807	[ 0.42153103 -0.38920166  0.38629049]
2.531073000005181	[ 0.42153855 -0.38921489  0.38629734]
2.531074000005181	[ 0.42154608 -0.38922811  0.38630419]
2.531075000005181	[ 0.4215536  -0.38924134  0.38631105]
2.5310760000051813	[ 0.42156113 -0.38925457  0.3863179 ]
2.5310770000051814	[ 0.42156866 -0.38926779  0.38632476]
2.5310780000051816	[ 0.4215762  -0.38928102  0.38633163]
2.5310790000051817	[ 0.42158373 -0.38929425  0.38633849]
2.531080000005182	[ 0.42159127 -0.38930749  0.38634536]
2.531081000005182	[ 0.42159882 -0.38932072  0.38635223]
2.531082000005182	[ 0.42160636 -0.38933396  0.3863591 ]
2.5310830000051823	[ 0.42161391 -0.3893472   0.38636597]
2.5310840000051824	[ 0.42162145 -0.38936044  0.38637285]
2.5310850000051826	[ 0.421629   -0.38937369  0.38637972]
2.5310860000051827	[ 0.42163654 -0.38938693  0.38638659]
2.531087000005183	[ 0.42164409 -0.38940017  0.38639346]
2.531088000005183	[ 0.42165163 -0.38941342  0.38640033]
2.531089000005183	[ 0.42165917 -0.38942666  0.3864072 ]
2.5310900000051832	[ 0.42166671 -0.3894399   0.38641407]
2.5310910000051834	[ 0.42167425 -0.38945313  0.38642093]
2.5310920000051835	[ 0.42168179 -0.38946637  0.3864278 ]
2.5310930000051837	[ 0.42168932 -0.3894796   0.38643466]
2.531094000005184	[ 0.42169685 -0.38949283  0.38644152]
2.531095000005184	[ 0.42170439 -0.38950606  0.38644838]
2.531096000005184	[ 0.42171192 -0.38951929  0.38645524]
2.5310970000051842	[ 0.42171945 -0.38953252  0.3864621 ]
2.5310980000051844	[ 0.42172697 -0.38954574  0.38646895]
2.5310990000051845	[ 0.4217345  -0.38955897  0.38647581]
2.5311000000051846	[ 0.42174203 -0.3895722   0.38648267]
2.531101000005185	[ 0.42174956 -0.38958542  0.38648953]
2.531102000005185	[ 0.42175709 -0.38959865  0.38649638]
2.531103000005185	[ 0.42176462 -0.38961187  0.38650324]
2.531104000005185	[ 0.42177216 -0.3896251   0.3865101 ]
2.5311050000051853	[ 0.42177969 -0.38963833  0.38651697]
2.5311060000051855	[ 0.42178723 -0.38965156  0.38652383]
2.5311070000051856	[ 0.42179476 -0.38966479  0.38653069]
2.5311080000051858	[ 0.4218023  -0.38967802  0.38653756]
2.531109000005186	[ 0.42180984 -0.38969126  0.38654443]
2.531110000005186	[ 0.42181738 -0.3897045   0.38655129]
2.531111000005186	[ 0.42182492 -0.38971775  0.38655816]
2.5311120000051863	[ 0.42183247 -0.38973099  0.38656503]
2.5311130000051865	[ 0.42184001 -0.38974424  0.3865719 ]
2.5311140000051866	[ 0.42184755 -0.3897575   0.38657877]
2.5311150000051867	[ 0.4218551  -0.38977075  0.38658565]
2.531116000005187	[ 0.42186264 -0.38978401  0.38659252]
2.531117000005187	[ 0.42187018 -0.38979726  0.38659939]
2.531118000005187	[ 0.42187772 -0.38981051  0.38660625]
2.5311190000051873	[ 0.42188526 -0.38982377  0.38661312]
2.5311200000051874	[ 0.4218928  -0.38983701  0.38661999]
2.5311210000051876	[ 0.42190034 -0.38985026  0.38662685]
2.5311220000051877	[ 0.42190788 -0.3898635   0.38663372]
2.531123000005188	[ 0.42191541 -0.38987674  0.38664058]
2.531124000005188	[ 0.42192294 -0.38988997  0.38664744]
2.531125000005188	[ 0.42193047 -0.3899032   0.3866543 ]
2.5311260000051883	[ 0.421938   -0.38991643  0.38666115]
2.5311270000051884	[ 0.42194553 -0.38992965  0.38666801]
2.5311280000051886	[ 0.42195305 -0.38994288  0.38667486]
2.5311290000051887	[ 0.42196058 -0.3899561   0.38668172]
2.531130000005189	[ 0.4219681  -0.38996933  0.38668857]
2.531131000005189	[ 0.42197562 -0.38998255  0.38669542]
2.531132000005189	[ 0.42198315 -0.38999578  0.38670228]
2.5311330000051893	[ 0.42199067 -0.39000901  0.38670913]
2.5311340000051894	[ 0.4219982  -0.39002224  0.38671598]
2.5311350000051895	[ 0.42200573 -0.39003548  0.38672284]
2.5311360000051897	[ 0.42201325 -0.39004872  0.3867297 ]
2.53113700000519	[ 0.42202078 -0.39006196  0.38673655]
2.53113800000519	[ 0.42202831 -0.3900752   0.38674341]
2.53113900000519	[ 0.42203585 -0.39008844  0.38675027]
2.5311400000051902	[ 0.42204338 -0.39010168  0.38675714]
2.5311410000051904	[ 0.42205092 -0.39011493  0.386764  ]
2.5311420000051905	[ 0.42205846 -0.39012817  0.38677087]
2.5311430000051907	[ 0.422066   -0.39014141  0.38677774]
2.531144000005191	[ 0.42207354 -0.39015465  0.38678461]
2.531145000005191	[ 0.42208108 -0.39016789  0.38679148]
2.531146000005191	[ 0.42208863 -0.39018112  0.38679835]
2.531147000005191	[ 0.42209617 -0.39019436  0.38680522]
2.5311480000051914	[ 0.42210372 -0.39020759  0.38681209]
2.5311490000051915	[ 0.42211126 -0.39022082  0.38681896]
2.5311500000051916	[ 0.42211881 -0.39023406  0.38682583]
2.5311510000051918	[ 0.42212635 -0.3902473   0.38683271]
2.531152000005192	[ 0.4221339  -0.39026054  0.38683958]
2.531153000005192	[ 0.42214144 -0.39027378  0.38684645]
2.531154000005192	[ 0.42214898 -0.39028702  0.38685332]
2.5311550000051923	[ 0.42215652 -0.39030026  0.38686019]
2.5311560000051925	[ 0.42216406 -0.39031351  0.38686705]
2.5311570000051926	[ 0.4221716  -0.39032677  0.38687392]
2.5311580000051928	[ 0.42217913 -0.39034002  0.38688078]
2.531159000005193	[ 0.42218667 -0.39035328  0.38688764]
2.531160000005193	[ 0.4221942  -0.39036654  0.3868945 ]
2.531161000005193	[ 0.42220173 -0.3903798   0.38690136]
2.5311620000051933	[ 0.42220926 -0.39039305  0.38690822]
2.5311630000051935	[ 0.42221679 -0.39040631  0.38691508]
2.5311640000051936	[ 0.42222432 -0.39041957  0.38692193]
2.5311650000051937	[ 0.42223184 -0.39043282  0.38692879]
2.531166000005194	[ 0.42223937 -0.39044607  0.38693565]
2.531167000005194	[ 0.4222469  -0.39045932  0.38694251]
2.531168000005194	[ 0.42225444 -0.39047256  0.38694937]
2.5311690000051943	[ 0.42226197 -0.3904858   0.38695623]
2.5311700000051944	[ 0.4222695  -0.39049904  0.38696309]
2.5311710000051946	[ 0.42227704 -0.39051228  0.38696995]
2.5311720000051947	[ 0.42228458 -0.39052552  0.38697682]
2.531173000005195	[ 0.42229212 -0.39053876  0.38698369]
2.531174000005195	[ 0.42229966 -0.390552    0.38699055]
2.531175000005195	[ 0.4223072  -0.39056524  0.38699742]
2.5311760000051953	[ 0.42231474 -0.39057849  0.38700429]
2.5311770000051954	[ 0.42232228 -0.39059174  0.38701116]
2.5311780000051955	[ 0.42232982 -0.39060499  0.38701803]
2.5311790000051957	[ 0.42233736 -0.39061825  0.3870249 ]
2.531180000005196	[ 0.4223449  -0.39063151  0.38703176]
2.531181000005196	[ 0.42235244 -0.39064477  0.38703863]
2.531182000005196	[ 0.42235998 -0.39065803  0.38704549]
2.5311830000051962	[ 0.42236751 -0.39067129  0.38705236]
2.5311840000051964	[ 0.42237505 -0.39068455  0.38705922]
2.5311850000051965	[ 0.42238258 -0.39069781  0.38706608]
2.5311860000051967	[ 0.42239012 -0.39071106  0.38707295]
2.531187000005197	[ 0.42239765 -0.39072431  0.38707981]
2.531188000005197	[ 0.42240519 -0.39073756  0.38708667]
2.531189000005197	[ 0.42241272 -0.3907508   0.38709354]
2.5311900000051972	[ 0.42242026 -0.39076403  0.3871004 ]
2.5311910000051974	[ 0.4224278  -0.39077727  0.38710727]
2.5311920000051975	[ 0.42243533 -0.39079049  0.38711413]
2.5311930000051976	[ 0.42244287 -0.39080372  0.387121  ]
2.531194000005198	[ 0.42245042 -0.39081695  0.38712787]
2.531195000005198	[ 0.42245796 -0.39083018  0.38713474]
2.531196000005198	[ 0.4224655  -0.39084341  0.38714161]
2.531197000005198	[ 0.42247304 -0.39085664  0.38714848]
2.5311980000051983	[ 0.42248059 -0.39086988  0.38715535]
2.5311990000051985	[ 0.42248813 -0.39088313  0.38716222]
2.5312000000051986	[ 0.42249568 -0.39089637  0.3871691 ]
2.5312010000051988	[ 0.42250323 -0.39090963  0.38717597]
2.531202000005199	[ 0.42251077 -0.39092288  0.38718284]
2.531203000005199	[ 0.42251832 -0.39093615  0.38718971]
2.531204000005199	[ 0.42252586 -0.39094941  0.38719659]
2.5312050000051993	[ 0.42253341 -0.39096267  0.38720346]
2.5312060000051995	[ 0.42254095 -0.39097594  0.38721033]
2.5312070000051996	[ 0.4225485  -0.3909892   0.38721721]
2.5312080000051997	[ 0.42255605 -0.39100246  0.38722408]
2.5312090000052	[ 0.42256359 -0.39101572  0.38723095]
2.5312100000052	[ 0.42257114 -0.39102898  0.38723782]
2.5312110000052	[ 0.42257868 -0.39104223  0.3872447 ]
2.5312120000052003	[ 0.42258623 -0.39105548  0.38725157]
2.5312130000052004	[ 0.42259378 -0.39106873  0.38725844]
2.5312140000052006	[ 0.42260132 -0.39108198  0.38726532]
2.5312150000052007	[ 0.42260887 -0.39109523  0.38727219]
2.531216000005201	[ 0.42261641 -0.39110847  0.38727906]
2.531217000005201	[ 0.42262396 -0.39112172  0.38728593]
2.531218000005201	[ 0.4226315  -0.39113496  0.3872928 ]
2.5312190000052013	[ 0.42263904 -0.39114821  0.38729967]
2.5312200000052014	[ 0.42264658 -0.39116146  0.38730654]
2.5312210000052016	[ 0.42265412 -0.39117471  0.38731341]
2.5312220000052017	[ 0.42266166 -0.39118796  0.38732027]
2.531223000005202	[ 0.4226692  -0.39120121  0.38732714]
2.531224000005202	[ 0.42267673 -0.39121447  0.387334  ]
2.531225000005202	[ 0.42268427 -0.39122772  0.38734087]
2.5312260000052023	[ 0.42269181 -0.39124097  0.38734773]
2.5312270000052024	[ 0.42269934 -0.39125423  0.3873546 ]
2.5312280000052025	[ 0.42270688 -0.39126748  0.38736147]
2.5312290000052027	[ 0.42271443 -0.39128073  0.38736834]
2.531230000005203	[ 0.42272197 -0.39129398  0.38737521]
2.531231000005203	[ 0.42272951 -0.39130723  0.38738208]
2.531232000005203	[ 0.42273706 -0.39132048  0.38738895]
2.5312330000052032	[ 0.42274461 -0.39133373  0.38739583]
2.5312340000052034	[ 0.42275216 -0.39134698  0.3874027 ]
2.5312350000052035	[ 0.42275971 -0.39136023  0.38740958]
2.5312360000052037	[ 0.42276726 -0.39137348  0.38741646]
2.531237000005204	[ 0.42277482 -0.39138673  0.38742334]
2.531238000005204	[ 0.42278237 -0.39139999  0.38743022]
2.531239000005204	[ 0.42278992 -0.39141324  0.3874371 ]
2.531240000005204	[ 0.42279748 -0.3914265   0.38744398]
2.5312410000052044	[ 0.42280503 -0.39143975  0.38745086]
2.5312420000052045	[ 0.42281258 -0.39145301  0.38745774]
2.5312430000052046	[ 0.42282013 -0.39146626  0.38746461]
2.5312440000052048	[ 0.42282767 -0.39147952  0.38747149]
2.531245000005205	[ 0.42283522 -0.39149277  0.38747836]
2.531246000005205	[ 0.42284277 -0.39150602  0.38748524]
2.531247000005205	[ 0.42285032 -0.39151927  0.38749211]
2.5312480000052053	[ 0.42285786 -0.39153252  0.38749898]
2.5312490000052055	[ 0.42286541 -0.39154577  0.38750586]
2.5312500000052056	[ 0.42287295 -0.39155901  0.38751273]
2.5312510000052058	[ 0.4228805  -0.39157226  0.3875196 ]
2.531252000005206	[ 0.42288804 -0.3915855   0.38752647]
2.531253000005206	[ 0.42289559 -0.39159874  0.38753334]
2.531254000005206	[ 0.42290313 -0.39161199  0.38754022]
2.5312550000052063	[ 0.42291067 -0.39162523  0.38754709]
2.5312560000052065	[ 0.42291822 -0.39163848  0.38755396]
2.5312570000052066	[ 0.42292576 -0.39165173  0.38756083]
2.5312580000052067	[ 0.4229333  -0.39166498  0.38756769]
2.531259000005207	[ 0.42294084 -0.39167823  0.38757456]
2.531260000005207	[ 0.42294838 -0.39169148  0.38758143]
2.531261000005207	[ 0.42295591 -0.39170473  0.38758829]
2.5312620000052073	[ 0.42296345 -0.39171798  0.38759516]
2.5312630000052074	[ 0.42297099 -0.39173123  0.38760202]
2.5312640000052076	[ 0.42297853 -0.39174449  0.38760889]
2.5312650000052077	[ 0.42298607 -0.39175774  0.38761576]
2.531266000005208	[ 0.42299361 -0.391771    0.38762263]
2.531267000005208	[ 0.42300115 -0.39178425  0.3876295 ]
2.531268000005208	[ 0.4230087  -0.39179751  0.38763637]
2.5312690000052083	[ 0.42301624 -0.39181077  0.38764324]
2.5312700000052084	[ 0.42302379 -0.39182403  0.38765012]
2.5312710000052085	[ 0.42303135 -0.39183729  0.387657  ]
2.5312720000052087	[ 0.4230389  -0.39185055  0.38766388]
2.531273000005209	[ 0.42304645 -0.39186382  0.38767076]
2.531274000005209	[ 0.42305401 -0.39187708  0.38767764]
2.531275000005209	[ 0.42306156 -0.39189035  0.38768452]
2.5312760000052092	[ 0.42306912 -0.39190361  0.3876914 ]
2.5312770000052094	[ 0.42307667 -0.39191687  0.38769828]
2.5312780000052095	[ 0.42308422 -0.39193013  0.38770516]
2.5312790000052097	[ 0.42309177 -0.39194339  0.38771203]
2.53128000000521	[ 0.42309931 -0.39195665  0.38771891]
2.53128100000521	[ 0.42310686 -0.3919699   0.38772578]
2.53128200000521	[ 0.4231144  -0.39198315  0.38773265]
2.5312830000052102	[ 0.42312194 -0.3919964   0.38773952]
2.5312840000052104	[ 0.42312949 -0.39200965  0.38774639]
2.5312850000052105	[ 0.42313703 -0.39202289  0.38775326]
2.5312860000052106	[ 0.42314457 -0.39203613  0.38776013]
2.531287000005211	[ 0.42315211 -0.39204938  0.38776699]
2.531288000005211	[ 0.42315965 -0.39206262  0.38777386]
2.531289000005211	[ 0.42316719 -0.39207586  0.38778073]
2.531290000005211	[ 0.42317474 -0.39208911  0.38778761]
2.5312910000052113	[ 0.42318228 -0.39210235  0.38779448]
2.5312920000052115	[ 0.42318983 -0.3921156   0.38780135]
2.5312930000052116	[ 0.42319738 -0.39212886  0.38780823]
2.5312940000052118	[ 0.42320493 -0.39214211  0.38781511]
2.531295000005212	[ 0.42321248 -0.39215537  0.38782199]
2.531296000005212	[ 0.42322003 -0.39216863  0.38782886]
2.531297000005212	[ 0.42322758 -0.39218189  0.38783574]
2.5312980000052123	[ 0.42323514 -0.39219515  0.38784262]
2.5312990000052125	[ 0.42324269 -0.39220842  0.3878495 ]
2.5313000000052126	[ 0.42325024 -0.39222168  0.38785638]
2.5313010000052127	[ 0.42325779 -0.39223494  0.38786326]
2.531302000005213	[ 0.42326535 -0.39224821  0.38787014]
2.531303000005213	[ 0.4232729  -0.39226147  0.38787702]
2.531304000005213	[ 0.42328045 -0.39227474  0.38788389]
2.5313050000052133	[ 0.423288   -0.392288    0.38789077]
2.5313060000052134	[ 0.42329555 -0.39230126  0.38789765]
2.5313070000052136	[ 0.4233031  -0.39231453  0.38790452]
2.5313080000052137	[ 0.42331065 -0.39232779  0.3879114 ]
2.531309000005214	[ 0.42331819 -0.39234106  0.38791828]
2.531310000005214	[ 0.42332574 -0.39235432  0.38792515]
2.531311000005214	[ 0.42333329 -0.39236759  0.38793203]
2.5313120000052143	[ 0.42334084 -0.39238085  0.3879389 ]
2.5313130000052144	[ 0.42334839 -0.39239412  0.38794578]
2.5313140000052146	[ 0.42335594 -0.39240739  0.38795265]
2.5313150000052147	[ 0.42336348 -0.39242065  0.38795953]
2.531316000005215	[ 0.42337103 -0.39243392  0.3879664 ]
2.531317000005215	[ 0.42337858 -0.39244718  0.38797328]
2.531318000005215	[ 0.42338613 -0.39246044  0.38798015]
2.5313190000052153	[ 0.42339367 -0.39247371  0.38798702]
2.5313200000052154	[ 0.42340122 -0.39248697  0.3879939 ]
2.5313210000052155	[ 0.42340876 -0.39250023  0.38800077]
2.5313220000052157	[ 0.42341631 -0.3925135   0.38800764]
2.531323000005216	[ 0.42342385 -0.39252676  0.38801451]
2.531324000005216	[ 0.42343139 -0.39254002  0.38802139]
2.531325000005216	[ 0.42343894 -0.39255328  0.38802826]
2.5313260000052162	[ 0.42344649 -0.39256654  0.38803513]
2.5313270000052164	[ 0.42345403 -0.3925798   0.38804201]
2.5313280000052165	[ 0.42346158 -0.39259306  0.38804888]
2.5313290000052167	[ 0.42346913 -0.39260632  0.38805576]
2.531330000005217	[ 0.42347669 -0.39261959  0.38806264]
2.531331000005217	[ 0.42348424 -0.39263285  0.38806952]
2.531332000005217	[ 0.4234918  -0.39264611  0.3880764 ]
2.531333000005217	[ 0.42349935 -0.39265938  0.38808329]
2.5313340000052174	[ 0.42350691 -0.39267264  0.38809017]
2.5313350000052175	[ 0.42351447 -0.39268591  0.38809706]
2.5313360000052176	[ 0.42352203 -0.39269918  0.38810394]
2.5313370000052178	[ 0.42352959 -0.39271244  0.38811083]
2.531338000005218	[ 0.42353715 -0.39272571  0.38811771]
2.531339000005218	[ 0.42354471 -0.39273898  0.3881246 ]
2.531340000005218	[ 0.42355227 -0.39275225  0.38813148]
2.5313410000052183	[ 0.42355983 -0.39276552  0.38813837]
2.5313420000052185	[ 0.42356738 -0.39277878  0.38814525]
2.5313430000052186	[ 0.42357494 -0.39279205  0.38815214]
2.5313440000052188	[ 0.4235825  -0.39280532  0.38815902]
2.531345000005219	[ 0.42359005 -0.39281859  0.3881659 ]
2.531346000005219	[ 0.42359761 -0.39283186  0.38817278]
2.531347000005219	[ 0.42360516 -0.39284513  0.38817966]
2.5313480000052193	[ 0.42361271 -0.39285841  0.38818654]
2.5313490000052195	[ 0.42362027 -0.39287168  0.38819342]
2.5313500000052196	[ 0.42362782 -0.39288495  0.3882003 ]
2.5313510000052197	[ 0.42363537 -0.39289823  0.38820718]
2.53135200000522	[ 0.42364292 -0.39291151  0.38821406]
2.53135300000522	[ 0.42365047 -0.39292479  0.38822094]
2.53135400000522	[ 0.42365803 -0.39293806  0.38822782]
2.5313550000052203	[ 0.42366558 -0.39295134  0.38823469]
2.5313560000052204	[ 0.42367313 -0.39296462  0.38824157]
2.5313570000052206	[ 0.42368068 -0.3929779   0.38824845]
2.5313580000052207	[ 0.42368823 -0.39299118  0.38825533]
2.531359000005221	[ 0.42369579 -0.39300445  0.38826221]
2.531360000005221	[ 0.42370334 -0.39301773  0.38826909]
2.531361000005221	[ 0.42371089 -0.393031    0.38827597]
2.5313620000052213	[ 0.42371845 -0.39304427  0.38828285]
2.5313630000052214	[ 0.42372601 -0.39305754  0.38828974]
2.5313640000052215	[ 0.42373357 -0.39307082  0.38829662]
2.5313650000052217	[ 0.42374113 -0.39308409  0.38830351]
2.531366000005222	[ 0.42374869 -0.39309736  0.3883104 ]
2.531367000005222	[ 0.42375625 -0.39311063  0.38831729]
2.531368000005222	[ 0.42376381 -0.3931239   0.38832418]
2.5313690000052222	[ 0.42377138 -0.39313718  0.38833106]
2.5313700000052224	[ 0.42377894 -0.39315046  0.38833795]
2.5313710000052225	[ 0.4237865  -0.39316374  0.38834484]
2.5313720000052227	[ 0.42379406 -0.39317702  0.38835173]
2.531373000005223	[ 0.42380162 -0.3931903   0.38835861]
2.531374000005223	[ 0.42380918 -0.39320359  0.3883655 ]
2.531375000005223	[ 0.42381673 -0.39321687  0.38837238]
2.5313760000052232	[ 0.42382429 -0.39323016  0.38837926]
2.5313770000052234	[ 0.42383184 -0.39324344  0.38838614]
2.5313780000052235	[ 0.42383939 -0.39325672  0.38839302]
2.5313790000052236	[ 0.42384694 -0.39326999  0.38839989]
2.531380000005224	[ 0.42385449 -0.39328327  0.38840677]
2.531381000005224	[ 0.42386204 -0.39329654  0.38841365]
2.531382000005224	[ 0.42386959 -0.39330981  0.38842052]
2.531383000005224	[ 0.42387714 -0.39332307  0.3884274 ]
2.5313840000052243	[ 0.42388469 -0.39333634  0.38843428]
2.5313850000052245	[ 0.42389224 -0.3933496   0.38844116]
2.5313860000052246	[ 0.42389979 -0.39336286  0.38844804]
2.5313870000052248	[ 0.42390735 -0.39337613  0.38845492]
2.531388000005225	[ 0.4239149 -0.3933894  0.3884618]
2.531389000005225	[ 0.42392246 -0.39340267  0.38846868]
2.531390000005225	[ 0.42393001 -0.39341595  0.38847556]
2.5313910000052253	[ 0.42393757 -0.39342922  0.38848245]
2.5313920000052255	[ 0.42394513 -0.39344251  0.38848933]
2.5313930000052256	[ 0.42395268 -0.39345579  0.38849621]
2.5313940000052257	[ 0.42396024 -0.39346908  0.38850309]
2.531395000005226	[ 0.42396779 -0.39348237  0.38850998]
2.531396000005226	[ 0.42397535 -0.39349566  0.38851686]
2.531397000005226	[ 0.4239829  -0.39350895  0.38852374]
2.5313980000052263	[ 0.42399046 -0.39352224  0.38853062]
2.5313990000052264	[ 0.42399802 -0.39353552  0.38853751]
2.5314000000052266	[ 0.42400557 -0.39354881  0.38854439]
2.5314010000052267	[ 0.42401313 -0.39356209  0.38855127]
2.531402000005227	[ 0.42402068 -0.39357537  0.38855815]
2.531403000005227	[ 0.42402824 -0.39358865  0.38856504]
2.531404000005227	[ 0.4240358  -0.39360192  0.38857192]
2.5314050000052273	[ 0.42404336 -0.3936152   0.3885788 ]
2.5314060000052274	[ 0.42405091 -0.39362848  0.38858569]
2.5314070000052276	[ 0.42405847 -0.39364175  0.38859257]
2.5314080000052277	[ 0.42406603 -0.39365503  0.38859946]
2.531409000005228	[ 0.42407358 -0.39366831  0.38860634]
2.531410000005228	[ 0.42408114 -0.39368159  0.38861322]
2.531411000005228	[ 0.42408869 -0.39369488  0.3886201 ]
2.5314120000052283	[ 0.42409624 -0.39370816  0.38862698]
2.5314130000052284	[ 0.42410379 -0.39372145  0.38863385]
2.5314140000052285	[ 0.42411134 -0.39373474  0.38864073]
2.5314150000052287	[ 0.42411888 -0.39374803  0.3886476 ]
2.531416000005229	[ 0.42412643 -0.39376131  0.38865447]
2.531417000005229	[ 0.42413397 -0.3937746   0.38866134]
2.531418000005229	[ 0.42414152 -0.39378788  0.38866822]
2.5314190000052292	[ 0.42414906 -0.39380116  0.38867509]
2.5314200000052294	[ 0.42415661 -0.39381444  0.38868196]
2.5314210000052295	[ 0.42416415 -0.39382771  0.38868884]
2.5314220000052297	[ 0.4241717  -0.39384099  0.38869571]
2.53142300000523	[ 0.42417925 -0.39385426  0.38870259]
2.53142400000523	[ 0.42418681 -0.39386754  0.38870947]
2.53142500000523	[ 0.42419436 -0.39388081  0.38871635]
2.53142600000523	[ 0.42420192 -0.39389409  0.38872324]
2.5314270000052304	[ 0.42420948 -0.39390737  0.38873012]
2.5314280000052305	[ 0.42421704 -0.39392065  0.38873701]
2.5314290000052306	[ 0.4242246  -0.39393393  0.3887439 ]
2.5314300000052308	[ 0.42423217 -0.39394722  0.38875079]
2.531431000005231	[ 0.42423973 -0.39396051  0.38875768]
2.531432000005231	[ 0.42424729 -0.39397381  0.38876457]
2.531433000005231	[ 0.42425485 -0.3939871   0.38877146]
2.5314340000052313	[ 0.42426242 -0.3940004   0.38877834]
2.5314350000052315	[ 0.42426998 -0.39401369  0.38878523]
2.5314360000052316	[ 0.42427754 -0.39402699  0.38879212]
2.5314370000052318	[ 0.4242851  -0.39404028  0.388799  ]
2.531438000005232	[ 0.42429265 -0.39405358  0.38880589]
2.531439000005232	[ 0.42430021 -0.39406687  0.38881277]
2.531440000005232	[ 0.42430777 -0.39408016  0.38881965]
2.5314410000052323	[ 0.42431532 -0.39409344  0.38882654]
2.5314420000052325	[ 0.42432288 -0.39410673  0.38883342]
2.5314430000052326	[ 0.42433043 -0.39412001  0.3888403 ]
2.5314440000052327	[ 0.42433799 -0.3941333   0.38884718]
2.531445000005233	[ 0.42434554 -0.39414658  0.38885406]
2.531446000005233	[ 0.42435309 -0.39415986  0.38886094]
2.531447000005233	[ 0.42436065 -0.39417314  0.38886782]
2.5314480000052333	[ 0.4243682  -0.39418642  0.38887471]
2.5314490000052334	[ 0.42437576 -0.39419971  0.38888159]
2.5314500000052336	[ 0.42438332 -0.394213    0.38888847]
2.5314510000052337	[ 0.42439087 -0.39422628  0.38889536]
2.531452000005234	[ 0.42439843 -0.39423957  0.38890224]
2.531453000005234	[ 0.42440599 -0.39425286  0.38890913]
2.531454000005234	[ 0.42441355 -0.39426616  0.38891601]
2.5314550000052343	[ 0.42442111 -0.39427945  0.3889229 ]
2.5314560000052344	[ 0.42442868 -0.39429275  0.38892979]
2.5314570000052345	[ 0.42443624 -0.39430604  0.38893668]
2.5314580000052347	[ 0.42444381 -0.39431934  0.38894357]
2.531459000005235	[ 0.42445137 -0.39433264  0.38895046]
2.531460000005235	[ 0.42445894 -0.39434594  0.38895736]
2.531461000005235	[ 0.42446651 -0.39435923  0.38896425]
2.5314620000052352	[ 0.42447408 -0.39437253  0.38897115]
2.5314630000052354	[ 0.42448165 -0.39438583  0.38897805]
2.5314640000052355	[ 0.42448923 -0.39439913  0.38898494]
2.5314650000052357	[ 0.4244968  -0.39441243  0.38899184]
2.531466000005236	[ 0.42450437 -0.39442573  0.38899874]
2.531467000005236	[ 0.42451194 -0.39443902  0.38900563]
2.531468000005236	[ 0.42451951 -0.39445232  0.38901253]
2.5314690000052362	[ 0.42452708 -0.39446562  0.38901942]
2.5314700000052364	[ 0.42453464 -0.39447891  0.38902632]
2.5314710000052365	[ 0.42454221 -0.39449221  0.38903321]
2.5314720000052366	[ 0.42454977 -0.39450551  0.3890401 ]
2.531473000005237	[ 0.42455733 -0.3945188   0.38904698]
2.531474000005237	[ 0.42456489 -0.3945321   0.38905387]
2.531475000005237	[ 0.42457245 -0.39454539  0.38906076]
2.531476000005237	[ 0.42458001 -0.39455869  0.38906764]
2.5314770000052373	[ 0.42458757 -0.39457198  0.38907453]
2.5314780000052375	[ 0.42459513 -0.39458528  0.38908141]
2.5314790000052376	[ 0.42460269 -0.39459857  0.3890883 ]
2.5314800000052378	[ 0.42461025 -0.39461186  0.38909519]
2.531481000005238	[ 0.42461782 -0.39462516  0.38910208]
2.531482000005238	[ 0.42462538 -0.39463845  0.38910897]
2.531483000005238	[ 0.42463295 -0.39465175  0.38911586]
2.5314840000052383	[ 0.42464052 -0.39466504  0.38912276]
2.5314850000052385	[ 0.42464809 -0.39467834  0.38912966]
2.5314860000052386	[ 0.42465567 -0.39469163  0.38913656]
2.5314870000052387	[ 0.42466325 -0.39470493  0.38914346]
2.531488000005239	[ 0.42467082 -0.39471823  0.38915036]
2.531489000005239	[ 0.4246784  -0.39473153  0.38915727]
2.531490000005239	[ 0.42468598 -0.39474483  0.38916417]
2.5314910000052393	[ 0.42469356 -0.39475814  0.38917107]
2.5314920000052394	[ 0.42470114 -0.39477144  0.38917798]
2.5314930000052396	[ 0.42470872 -0.39478475  0.38918488]
2.5314940000052397	[ 0.42471629 -0.39479805  0.38919178]
2.53149500000524	[ 0.42472387 -0.39481136  0.38919868]
2.53149600000524	[ 0.42473144 -0.39482466  0.38920558]
2.53149700000524	[ 0.42473901 -0.39483797  0.38921248]
2.5314980000052403	[ 0.42474658 -0.39485127  0.38921937]
2.5314990000052404	[ 0.42475415 -0.39486458  0.38922627]
2.5315000000052406	[ 0.42476172 -0.39487788  0.38923316]
2.5315010000052407	[ 0.42476929 -0.39489118  0.38924006]
2.531502000005241	[ 0.42477686 -0.39490448  0.38924695]
2.531503000005241	[ 0.42478443 -0.39491778  0.38925385]
2.531504000005241	[ 0.424792   -0.39493108  0.38926074]
2.5315050000052413	[ 0.42479957 -0.39494439  0.38926764]
2.5315060000052414	[ 0.42480714 -0.39495769  0.38927453]
2.5315070000052415	[ 0.42481471 -0.39497099  0.38928143]
2.5315080000052417	[ 0.42482227 -0.39498429  0.38928832]
2.531509000005242	[ 0.42482984 -0.39499759  0.38929521]
2.531510000005242	[ 0.4248374 -0.3950109  0.3893021]
2.531511000005242	[ 0.42484497 -0.3950242   0.389309  ]
2.5315120000052422	[ 0.42485253 -0.39503751  0.38931589]
2.5315130000052424	[ 0.4248601  -0.39505082  0.38932277]
2.5315140000052425	[ 0.42486766 -0.39506412  0.38932966]
2.5315150000052427	[ 0.42487522 -0.39507743  0.38933655]
2.531516000005243	[ 0.42488278 -0.39509073  0.38934344]
2.531517000005243	[ 0.42489035 -0.39510404  0.38935033]
2.531518000005243	[ 0.42489791 -0.39511734  0.38935722]
2.531519000005243	[ 0.42490547 -0.39513064  0.38936411]
2.5315200000052434	[ 0.42491304 -0.39514395  0.389371  ]
2.5315210000052435	[ 0.42492061 -0.39515725  0.3893779 ]
2.5315220000052436	[ 0.42492818 -0.39517055  0.38938479]
2.5315230000052438	[ 0.42493575 -0.39518385  0.38939169]
2.531524000005244	[ 0.42494333 -0.39519716  0.38939859]
2.531525000005244	[ 0.42495091 -0.39521046  0.3894055 ]
2.531526000005244	[ 0.42495849 -0.39522377  0.3894124 ]
2.5315270000052443	[ 0.42496607 -0.39523707  0.3894193 ]
2.5315280000052445	[ 0.42497365 -0.39525038  0.38942621]
2.5315290000052446	[ 0.42498123 -0.39526369  0.38943312]
2.5315300000052448	[ 0.42498881 -0.395277    0.38944002]
2.531531000005245	[ 0.42499639 -0.39529031  0.38944693]
2.531532000005245	[ 0.42500397 -0.39530362  0.38945383]
2.531533000005245	[ 0.42501155 -0.39531693  0.38946073]
2.5315340000052453	[ 0.42501912 -0.39533024  0.38946763]
2.5315350000052455	[ 0.42502669 -0.39534355  0.38947453]
2.5315360000052456	[ 0.42503426 -0.39535685  0.38948143]
2.5315370000052457	[ 0.42504183 -0.39537016  0.38948832]
2.531538000005246	[ 0.4250494  -0.39538346  0.38949522]
2.531539000005246	[ 0.42505697 -0.39539677  0.38950211]
2.531540000005246	[ 0.42506453 -0.39541007  0.389509  ]
2.5315410000052463	[ 0.4250721  -0.39542338  0.38951589]
2.5315420000052464	[ 0.42507966 -0.39543668  0.38952278]
2.5315430000052466	[ 0.42508721 -0.39545     0.38952966]
2.5315440000052467	[ 0.42509479 -0.3954633   0.38953656]
2.531545000005247	[ 0.42510235 -0.39547661  0.38954345]
2.531546000005247	[ 0.42510991 -0.39548992  0.38955034]
2.531547000005247	[ 0.42511748 -0.39550324  0.38955723]
2.5315480000052473	[ 0.42512504 -0.39551655  0.38956412]
2.5315490000052474	[ 0.42513261 -0.39552987  0.38957101]
2.5315500000052475	[ 0.42514017 -0.39554318  0.3895779 ]
2.5315510000052477	[ 0.42514774 -0.39555649  0.38958479]
2.531552000005248	[ 0.4251553  -0.39556981  0.38959168]
2.531553000005248	[ 0.42516287 -0.39558312  0.38959858]
2.531554000005248	[ 0.42517044 -0.39559643  0.38960547]
2.5315550000052482	[ 0.42517801 -0.39560974  0.38961237]
2.5315560000052484	[ 0.42518558 -0.39562305  0.38961927]
2.5315570000052485	[ 0.42519316 -0.39563636  0.38962616]
2.5315580000052487	[ 0.42520073 -0.39564967  0.38963306]
2.531559000005249	[ 0.4252083  -0.39566298  0.38963996]
2.531560000005249	[ 0.42521588 -0.3956763   0.38964686]
2.531561000005249	[ 0.42522345 -0.39568962  0.38965376]
2.5315620000052492	[ 0.42523102 -0.39570294  0.38966066]
2.5315630000052494	[ 0.4252386  -0.39571626  0.38966756]
2.5315640000052495	[ 0.42524617 -0.39572959  0.38967445]
2.5315650000052496	[ 0.42525374 -0.39574292  0.38968135]
2.53156600000525	[ 0.4252613  -0.39575625  0.38968824]
2.53156700000525	[ 0.42526887 -0.39576958  0.38969513]
2.53156800000525	[ 0.42527644 -0.39578291  0.38970203]
2.53156900000525	[ 0.425284   -0.39579624  0.38970892]
2.5315700000052503	[ 0.42529157 -0.39580956  0.38971581]
2.5315710000052505	[ 0.42529913 -0.39582288  0.3897227 ]
2.5315720000052506	[ 0.42530669 -0.3958362   0.38972959]
2.5315730000052508	[ 0.42531426 -0.39584951  0.38973648]
2.531574000005251	[ 0.42532182 -0.39586282  0.38974337]
2.531575000005251	[ 0.42532939 -0.39587612  0.38975026]
2.531576000005251	[ 0.42533696 -0.39588943  0.38975715]
2.5315770000052513	[ 0.42534453 -0.39590273  0.38976405]
2.5315780000052515	[ 0.4253521  -0.39591604  0.38977095]
2.5315790000052516	[ 0.42535967 -0.39592934  0.38977785]
2.5315800000052517	[ 0.42536725 -0.39594265  0.38978475]
2.531581000005252	[ 0.42537483 -0.39595596  0.38979166]
2.531582000005252	[ 0.42538241 -0.39596928  0.38979856]
2.531583000005252	[ 0.42538999 -0.3959826   0.38980547]
2.5315840000052523	[ 0.42539758 -0.39599593  0.38981238]
2.5315850000052524	[ 0.42540516 -0.39600926  0.38981929]
2.5315860000052526	[ 0.42541275 -0.39602259  0.38982619]
2.5315870000052527	[ 0.42542033 -0.39603593  0.3898331 ]
2.531588000005253	[ 0.42542791 -0.39604927  0.38984001]
2.531589000005253	[ 0.42543549 -0.39606261  0.38984692]
2.531590000005253	[ 0.42544308 -0.39607594  0.38985382]
2.5315910000052533	[ 0.42545065 -0.39608928  0.38986073]
2.5315920000052534	[ 0.42545823 -0.39610262  0.38986763]
2.5315930000052536	[ 0.42546581 -0.39611595  0.38987453]
2.5315940000052537	[ 0.42547339 -0.39612928  0.38988143]
2.531595000005254	[ 0.42548096 -0.3961426   0.38988833]
2.531596000005254	[ 0.42548854 -0.39615593  0.38989523]
2.531597000005254	[ 0.42549611 -0.39616925  0.38990213]
2.5315980000052543	[ 0.42550368 -0.39618257  0.38990903]
2.5315990000052544	[ 0.42551126 -0.39619589  0.38991593]
2.5316000000052545	[ 0.42551766 -0.39620862  0.3899217 ]
2.5316010000052547	[ 0.42552617 -0.39622312  0.38992953]
2.531602000005255	[ 0.42553373 -0.39623645  0.38993641]
2.531603000005255	[ 0.42554129 -0.39624983  0.3899433 ]
2.531604000005255	[ 0.42554885 -0.39626322  0.38995019]
2.5316050000052552	[ 0.42555641 -0.39627662  0.38995708]
2.5316060000052554	[ 0.42556397 -0.39629003  0.38996396]
2.5316070000052555	[ 0.42557153 -0.39630345  0.38997085]
2.5316080000052557	[ 0.42557909 -0.39631688  0.38997773]
2.531609000005256	[ 0.42558664 -0.39633033  0.38998462]
2.531610000005256	[ 0.4255942  -0.39634377  0.3899915 ]
2.531611000005256	[ 0.42560175 -0.39635721  0.38999838]
2.531612000005256	[ 0.4256093  -0.39637065  0.39000526]
2.5316130000052564	[ 0.42561686 -0.39638412  0.39001214]
2.5316140000052565	[ 0.42562442 -0.3963975   0.39001903]
2.5316150000052566	[ 0.42563198 -0.3964109   0.39002591]
2.5316160000052568	[ 0.42563954 -0.39642428  0.3900328 ]
2.531617000005257	[ 0.42564711 -0.39643764  0.3900397 ]
2.531618000005257	[ 0.42565468 -0.39645099  0.39004659]
2.531619000005257	[ 0.42566226 -0.39646433  0.39005349]
2.5316200000052573	[ 0.42566984 -0.39647765  0.3900604 ]
2.5316210000052575	[ 0.42567742 -0.39649097  0.39006731]
2.5316220000052576	[ 0.42568501 -0.39650429  0.39007422]
2.5316230000052578	[ 0.4256926  -0.39651762  0.39008114]
2.531624000005258	[ 0.4257002  -0.39653095  0.39008806]
2.531625000005258	[ 0.42570779 -0.3965443   0.39009497]
2.531626000005258	[ 0.42571538 -0.39655766  0.39010188]
2.5316270000052583	[ 0.42572295 -0.3965711   0.39010878]
2.5316280000052584	[ 0.42573056 -0.39658443  0.39011571]
2.5316290000052586	[ 0.42573813 -0.39659784  0.39012261]
2.5316300000052587	[ 0.4257457  -0.39661126  0.3901295 ]
2.531631000005259	[ 0.42575256 -0.39662449  0.39013573]
2.531632000005259	[ 0.42576084 -0.39663839  0.39014332]
2.531633000005259	[ 0.42576897 -0.39665211  0.39015075]
2.5316340000052593	[ 0.4257753  -0.39666469  0.39015644]
2.5316350000052594	[ 0.42578408 -0.39667898  0.39016452]
2.5316360000052596	[ 0.425791   -0.39669183  0.39017077]
2.5316370000052597	[ 0.42579858 -0.39670526  0.39017768]
2.53163800000526	[ 0.42580614 -0.39671866  0.39018456]
2.53163900000526	[ 0.42581371 -0.39673206  0.39019145]
2.53164000000526	[ 0.42582128 -0.39674545  0.39019835]
2.5316410000052603	[ 0.42582886 -0.39675884  0.39020526]
2.5316420000052604	[ 0.42583645 -0.39677223  0.39021217]
2.5316430000052605	[ 0.42584404 -0.39678562  0.39021909]
2.5316440000052607	[ 0.42585164 -0.396799    0.39022601]
2.531645000005261	[ 0.42585924 -0.3968124   0.39023293]
2.531646000005261	[ 0.42586684 -0.39682579  0.39023986]
2.531647000005261	[ 0.42587445 -0.39683919  0.39024679]
2.5316480000052612	[ 0.42588205 -0.39685259  0.39025371]
2.5316490000052614	[ 0.42588965 -0.39686599  0.39026064]
2.5316500000052615	[ 0.42589725 -0.39687939  0.39026756]
2.5316510000052617	[ 0.42590484 -0.3968928   0.39027447]
2.531652000005262	[ 0.42591242 -0.3969062   0.39028138]
2.531653000005262	[ 0.42592    -0.39691961  0.39028829]
2.531654000005262	[ 0.42592758 -0.39693301  0.39029519]
2.5316550000052622	[ 0.42593515 -0.39694641  0.39030208]
2.5316560000052624	[ 0.42594271 -0.3969598   0.39030897]
2.5316570000052625	[ 0.42595028 -0.3969732   0.39031586]
2.5316580000052626	[ 0.42595784 -0.39698659  0.39032275]
2.531659000005263	[ 0.4259654  -0.39699999  0.39032964]
2.531660000005263	[ 0.42597296 -0.39701338  0.39033652]
2.531661000005263	[ 0.42598052 -0.39702678  0.39034341]
2.531662000005263	[ 0.42598808 -0.39704017  0.3903503 ]
2.5316630000052633	[ 0.42599565 -0.39705357  0.39035719]
2.5316640000052635	[ 0.42600322 -0.39706697  0.39036409]
2.5316650000052636	[ 0.42601079 -0.39708037  0.39037099]
2.5316660000052638	[ 0.42601837 -0.39709376  0.39037789]
2.531667000005264	[ 0.42602595 -0.39710716  0.3903848 ]
2.531668000005264	[ 0.42603354 -0.39712055  0.39039171]
2.531669000005264	[ 0.42604113 -0.39713394  0.39039862]
2.5316700000052643	[ 0.42604872 -0.39714732  0.39040554]
2.5316710000052645	[ 0.42605632 -0.39716069  0.39041246]
2.5316720000052646	[ 0.42606393 -0.39717406  0.39041939]
2.5316730000052647	[ 0.42607153 -0.39718743  0.39042632]
2.531674000005265	[ 0.42607914 -0.39720078  0.39043325]
2.531675000005265	[ 0.42608675 -0.39721414  0.39044018]
2.531676000005265	[ 0.42609436 -0.3972275   0.39044712]
2.5316770000052653	[ 0.42610198 -0.39724085  0.39045405]
2.5316780000052654	[ 0.42610959 -0.39725421  0.39046099]
2.5316790000052656	[ 0.4261172  -0.39726758  0.39046792]
2.5316800000052657	[ 0.4261248  -0.39728094  0.39047485]
2.531681000005266	[ 0.42613241 -0.39729432  0.39048177]
2.531682000005266	[ 0.42614001 -0.3973077   0.3904887 ]
2.531683000005266	[ 0.42614761 -0.39732109  0.39049562]
2.5316840000052663	[ 0.4261552  -0.39733448  0.39050254]
2.5316850000052664	[ 0.42616279 -0.39734788  0.39050945]
2.5316860000052666	[ 0.42617038 -0.39736128  0.39051636]
2.5316870000052667	[ 0.42617796 -0.39737468  0.39052327]
2.531688000005267	[ 0.42618554 -0.39738807  0.39053018]
2.531689000005267	[ 0.42619312 -0.39740147  0.39053708]
2.531690000005267	[ 0.4262007  -0.39741487  0.39054399]
2.5316910000052673	[ 0.42620828 -0.39742826  0.39055089]
2.5316920000052674	[ 0.42621586 -0.39744164  0.3905578 ]
2.5316930000052675	[ 0.42622344 -0.39745503  0.3905647 ]
2.5316940000052677	[ 0.42623103 -0.39746841  0.39057161]
2.531695000005268	[ 0.42623861 -0.39748179  0.39057852]
2.531696000005268	[ 0.4262462  -0.39749517  0.39058543]
2.531697000005268	[ 0.42625379 -0.39750855  0.39059235]
2.5316980000052682	[ 0.42626138 -0.39752194  0.39059926]
2.5316990000052684	[ 0.42626897 -0.39753533  0.39060618]
2.5317000000052685	[ 0.42627657 -0.39754872  0.3906131 ]
2.5317010000052687	[ 0.42628416 -0.39756211  0.39062002]
2.531702000005269	[ 0.42629176 -0.39757551  0.39062694]
2.531703000005269	[ 0.42629935 -0.39758891  0.39063386]
2.531704000005269	[ 0.42630695 -0.39760232  0.39064078]
2.531705000005269	[ 0.42631455 -0.39761572  0.3906477 ]
2.5317060000052694	[ 0.42632214 -0.39762913  0.39065462]
2.5317070000052695	[ 0.42632975 -0.39764253  0.39066154]
2.5317080000052696	[ 0.42633734 -0.39765594  0.39066846]
2.5317090000052698	[ 0.42634493 -0.39766935  0.39067538]
2.53171000000527	[ 0.42635253 -0.39768275  0.3906823 ]
2.53171100000527	[ 0.42636013 -0.39769616  0.39068922]
2.53171200000527	[ 0.42636773 -0.39770956  0.39069614]
2.5317130000052703	[ 0.42637533 -0.39772296  0.39070306]
2.5317140000052705	[ 0.42638292 -0.39773635  0.39070998]
2.5317150000052706	[ 0.42639052 -0.39774975  0.39071691]
2.5317160000052708	[ 0.42639812 -0.39776315  0.39072383]
2.531717000005271	[ 0.42640572 -0.39777654  0.39073075]
2.531718000005271	[ 0.42641332 -0.39778994  0.39073767]
2.531719000005271	[ 0.42642091 -0.39780334  0.39074459]
2.5317200000052713	[ 0.42642851 -0.39781674  0.39075151]
2.5317210000052714	[ 0.4264361  -0.39783014  0.39075843]
2.5317220000052716	[ 0.4264437  -0.39784354  0.39076535]
2.5317230000052717	[ 0.42645129 -0.39785694  0.39077226]
2.531724000005272	[ 0.42645888 -0.39787034  0.39077918]
2.531725000005272	[ 0.42646647 -0.39788375  0.39078609]
2.531726000005272	[ 0.42647405 -0.39789715  0.390793  ]
2.5317270000052723	[ 0.42648164 -0.39791056  0.39079991]
2.5317280000052724	[ 0.42648922 -0.39792397  0.39080682]
2.5317290000052726	[ 0.4264968  -0.39793738  0.39081372]
2.5317300000052727	[ 0.42650438 -0.39795079  0.39082063]
2.531731000005273	[ 0.42651196 -0.3979642   0.39082754]
2.531732000005273	[ 0.42651955 -0.39797762  0.39083444]
2.531733000005273	[ 0.42652713 -0.39799103  0.39084135]
2.5317340000052733	[ 0.42653472 -0.39800444  0.39084826]
2.5317350000052734	[ 0.4265423  -0.39801785  0.39085517]
2.5317360000052735	[ 0.42654989 -0.39803126  0.39086209]
2.5317370000052737	[ 0.42655749 -0.39804468  0.39086901]
2.531738000005274	[ 0.42656508 -0.39805809  0.39087593]
2.531739000005274	[ 0.42657268 -0.3980715   0.39088285]
2.531740000005274	[ 0.42658028 -0.39808491  0.39088977]
2.5317410000052742	[ 0.42658789 -0.39809833  0.3908967 ]
2.5317420000052744	[ 0.42659549 -0.39811174  0.39090362]
2.5317430000052745	[ 0.42660309 -0.39812516  0.39091055]
2.5317440000052747	[ 0.42661069 -0.39813857  0.39091747]
2.531745000005275	[ 0.42661829 -0.39815199  0.3909244 ]
2.531746000005275	[ 0.42662589 -0.39816541  0.39093132]
2.531747000005275	[ 0.42663349 -0.39817883  0.39093824]
2.5317480000052752	[ 0.42664108 -0.39819225  0.39094516]
2.5317490000052754	[ 0.42664867 -0.39820567  0.39095207]
2.5317500000052755	[ 0.42665626 -0.3982191   0.39095898]
2.5317510000052756	[ 0.42666384 -0.39823252  0.39096589]
2.531752000005276	[ 0.42667142 -0.39824594  0.3909728 ]
2.531753000005276	[ 0.42667901 -0.39825936  0.39097971]
2.531754000005276	[ 0.42668659 -0.39827278  0.39098661]
2.531755000005276	[ 0.42669417 -0.3982862   0.39099352]
2.5317560000052763	[ 0.42670175 -0.39829961  0.39100043]
2.5317570000052765	[ 0.42670934 -0.39831303  0.39100734]
2.5317580000052766	[ 0.42671692 -0.39832644  0.39101425]
2.5317590000052768	[ 0.42672451 -0.39833986  0.39102116]
2.531760000005277	[ 0.4267321  -0.39835327  0.39102808]
2.531761000005277	[ 0.4267397  -0.39836669  0.39103499]
2.531762000005277	[ 0.42674729 -0.39838011  0.39104191]
2.5317630000052773	[ 0.42675489 -0.39839352  0.39104884]
2.5317640000052775	[ 0.42676249 -0.39840694  0.39105576]
2.5317650000052776	[ 0.4267701  -0.39842037  0.39106269]
2.5317660000052777	[ 0.4267777  -0.39843379  0.39106961]
2.531767000005278	[ 0.42678531 -0.39844722  0.39107654]
2.531768000005278	[ 0.42679291 -0.39846065  0.39108347]
2.531769000005278	[ 0.42680052 -0.39847408  0.3910904 ]
2.5317700000052783	[ 0.42680812 -0.39848751  0.39109733]
2.5317710000052784	[ 0.42681573 -0.39850095  0.39110425]
2.5317720000052786	[ 0.42682333 -0.39851438  0.39111118]
2.5317730000052787	[ 0.42683093 -0.39852782  0.39111811]
2.531774000005279	[ 0.42683854 -0.39854126  0.39112503]
2.531775000005279	[ 0.42684614 -0.39855471  0.39113196]
2.531776000005279	[ 0.42685374 -0.39856815  0.39113888]
2.5317770000052793	[ 0.42686134 -0.3985816   0.39114581]
2.5317780000052794	[ 0.42686894 -0.39859505  0.39115273]
2.5317790000052796	[ 0.42687654 -0.3986085   0.39115965]
2.5317800000052797	[ 0.42688414 -0.39862195  0.39116657]
2.53178100000528	[ 0.42689173 -0.3986354   0.39117349]
2.53178200000528	[ 0.42689933 -0.39864885  0.39118041]
2.53178300000528	[ 0.42690693 -0.3986623   0.39118733]
2.5317840000052803	[ 0.42691452 -0.39867575  0.39119425]
2.5317850000052804	[ 0.42692212 -0.3986892   0.39120117]
2.5317860000052805	[ 0.42692971 -0.39870264  0.39120809]
2.5317870000052807	[ 0.42693731 -0.39871608  0.39121501]
2.531788000005281	[ 0.4269449  -0.39872951  0.39122193]
2.531789000005281	[ 0.4269525  -0.39874295  0.39122885]
2.531790000005281	[ 0.42696009 -0.39875638  0.39123577]
2.5317910000052812	[ 0.42696769 -0.39876981  0.39124269]
2.5317920000052814	[ 0.42697529 -0.39878324  0.39124961]
2.5317930000052815	[ 0.42698289 -0.39879667  0.39125653]
2.5317940000052817	[ 0.42699049 -0.3988101   0.39126346]
2.531795000005282	[ 0.42699809 -0.39882354  0.39127038]
2.531796000005282	[ 0.42700569 -0.39883697  0.39127731]
2.531797000005282	[ 0.4270133  -0.39885041  0.39128424]
2.531798000005282	[ 0.4270209  -0.39886386  0.39129116]
2.5317990000052824	[ 0.4270285  -0.39887731  0.39129809]
2.5318000000052825	[ 0.42703611 -0.39889076  0.39130501]
2.5318010000052826	[ 0.42704371 -0.39890421  0.39131194]
2.5318020000052828	[ 0.42705131 -0.39891767  0.39131887]
2.531803000005283	[ 0.42705891 -0.39893112  0.39132579]
2.531804000005283	[ 0.42706652 -0.39894458  0.39133272]
2.531805000005283	[ 0.42707412 -0.39895803  0.39133964]
2.5318060000052833	[ 0.42708093 -0.3989745   0.39134602]
2.5318070000052835	[ 0.42709007 -0.39898501  0.39135428]
2.5318080000052836	[ 0.42709765 -0.39899853  0.39136118]
2.5318090000052837	[ 0.4271052  -0.39901201  0.39136806]
2.531810000005284	[ 0.42711275 -0.39902547  0.39137494]
2.531811000005284	[ 0.4271203  -0.39903891  0.39138182]
2.531812000005284	[ 0.42712786 -0.39905233  0.3913887 ]
2.5318130000052843	[ 0.42713541 -0.39906574  0.39139559]
2.5318140000052844	[ 0.42714297 -0.39907914  0.39140247]
2.5318150000052846	[ 0.42715053 -0.39909254  0.39140936]
2.5318160000052847	[ 0.42715809 -0.39910594  0.39141624]
2.531817000005285	[ 0.42716565 -0.39911935  0.39142313]
2.531818000005285	[ 0.42717321 -0.39913278  0.39143002]
2.531819000005285	[ 0.42718077 -0.39914621  0.39143691]
2.5318200000052853	[ 0.42718833 -0.39915966  0.39144379]
2.5318210000052854	[ 0.42719589 -0.39917312  0.39145067]
2.5318220000052856	[ 0.42720344 -0.3991866   0.39145756]
2.5318230000052857	[ 0.42721099 -0.39920008  0.39146444]
2.531824000005286	[ 0.42721855 -0.39921357  0.39147132]
2.531825000005286	[ 0.4272261  -0.39922706  0.3914782 ]
2.531826000005286	[ 0.42723365 -0.39924054  0.39148508]
2.5318270000052863	[ 0.42724121 -0.39925402  0.39149196]
2.5318280000052864	[ 0.42724877 -0.39926749  0.39149885]
2.5318290000052865	[ 0.42725634 -0.39928095  0.39150575]
2.5318300000052867	[ 0.42726392 -0.39929439  0.39151265]
2.531831000005287	[ 0.4272715  -0.39930783  0.39151956]
2.531832000005287	[ 0.42727909 -0.39932126  0.39152647]
2.531833000005287	[ 0.42728669 -0.39933469  0.39153339]
2.5318340000052872	[ 0.42729429 -0.39934811  0.39154032]
2.5318350000052874	[ 0.4273019  -0.39936154  0.39154725]
2.5318360000052875	[ 0.42730952 -0.39937497  0.39155419]
2.5318370000052877	[ 0.42731713 -0.39938841  0.39156112]
2.531838000005288	[ 0.42732474 -0.39940186  0.39156806]
2.531839000005288	[ 0.42733235 -0.39941532  0.39157499]
2.531840000005288	[ 0.42733996 -0.39942879  0.39158192]
2.5318410000052882	[ 0.42734755 -0.39944227  0.39158884]
2.5318420000052884	[ 0.42735514 -0.39945575  0.39159575]
2.5318430000052885	[ 0.42736272 -0.39946922  0.39160265]
2.5318440000052886	[ 0.42737029 -0.3994827   0.39160955]
2.531845000005289	[ 0.42737785 -0.39949617  0.39161644]
2.531846000005289	[ 0.4273854  -0.39950964  0.39162332]
2.531847000005289	[ 0.42739298 -0.39952311  0.39163023]
2.531848000005289	[ 0.42740049 -0.39953652  0.39163706]
2.5318490000052893	[ 0.42740803 -0.39954996  0.39164393]
2.5318500000052895	[ 0.42741558 -0.39956338  0.39165081]
2.5318510000052896	[ 0.42742312 -0.39957679  0.39165768]
2.5318520000052898	[ 0.42743067 -0.3995902   0.39166456]
2.53185300000529	[ 0.42743823 -0.39960361  0.39167145]
2.53185400000529	[ 0.4274458  -0.39961702  0.39167834]
2.53185500000529	[ 0.42745338 -0.39963043  0.39168525]
2.5318560000052903	[ 0.42746097 -0.39964385  0.39169216]
2.5318570000052905	[ 0.42746857 -0.39965728  0.39169908]
2.5318580000052906	[ 0.42747619 -0.39967071  0.39170602]
2.5318590000052907	[ 0.4274838  -0.39968416  0.39171296]
2.531860000005291	[ 0.42749143 -0.39969761  0.39171991]
2.531861000005291	[ 0.42749906 -0.39971107  0.39172686]
2.531862000005291	[ 0.4275067  -0.39972454  0.39173381]
2.5318630000052913	[ 0.42751433 -0.39973802  0.39174077]
2.5318640000052914	[ 0.42752197 -0.39975149  0.39174773]
2.5318650000052916	[ 0.4275296  -0.39976496  0.39175468]
2.5318660000052917	[ 0.42753724 -0.39977843  0.39176164]
2.531867000005292	[ 0.42754487 -0.39979189  0.39176859]
2.531868000005292	[ 0.42755249 -0.39980535  0.39177553]
2.531869000005292	[ 0.42756011 -0.3998188   0.39178247]
2.5318700000052923	[ 0.42756773 -0.39983224  0.39178941]
2.5318710000052924	[ 0.42757534 -0.39984567  0.39179635]
2.5318720000052926	[ 0.42758295 -0.3998591   0.39180328]
2.5318730000052927	[ 0.42759055 -0.39987253  0.3918102 ]
2.531874000005293	[ 0.42759815 -0.39988595  0.39181712]
2.531875000005293	[ 0.42760574 -0.39989938  0.39182404]
2.531876000005293	[ 0.42761345 -0.39991268  0.39183107]
2.5318770000052933	[ 0.42762077 -0.39992628  0.39183772]
2.5318780000052934	[ 0.42762863 -0.39993953  0.3918449 ]
2.5318790000052935	[ 0.42763606 -0.39995302  0.39185166]
2.5318800000052937	[ 0.42764365 -0.39996645  0.39185857]
2.531881000005294	[ 0.42765124 -0.39997987  0.39186548]
2.531882000005294	[ 0.42765882 -0.3999933   0.39187239]
2.531883000005294	[ 0.42766641 -0.40000673  0.39187931]
2.5318840000052942	[ 0.42767401 -0.40002015  0.39188623]
2.5318850000052944	[ 0.42768161 -0.40003357  0.39189315]
2.5318860000052945	[ 0.42768921 -0.40004698  0.39190007]
2.5318870000052947	[ 0.42769682 -0.40006039  0.39190701]
2.531888000005295	[ 0.42770443 -0.4000738   0.39191394]
2.531889000005295	[ 0.42771206 -0.4000872   0.39192089]
2.531890000005295	[ 0.42771968 -0.4001006   0.39192784]
2.531891000005295	[ 0.42772733 -0.40011401  0.3919348 ]
2.5318920000052954	[ 0.42773497 -0.40012741  0.39194176]
2.5318930000052955	[ 0.42774262 -0.40014082  0.39194873]
2.5318940000052956	[ 0.42775028 -0.40015424  0.39195571]
2.5318950000052958	[ 0.42775794 -0.40016766  0.39196269]
2.531896000005296	[ 0.4277656  -0.40018109  0.39196967]
2.531897000005296	[ 0.42777327 -0.40019453  0.39197665]
2.531898000005296	[ 0.42778093 -0.40020799  0.39198363]
2.5318990000052963	[ 0.42778859 -0.40022145  0.39199061]
2.5319000000052965	[ 0.42779625 -0.40023491  0.39199759]
2.5319010000052966	[ 0.4278039  -0.40024838  0.39200456]
2.5319020000052967	[ 0.42781155 -0.40026186  0.39201153]
2.531903000005297	[ 0.4278192  -0.40027533  0.39201849]
2.531904000005297	[ 0.42782684 -0.4002888   0.39202545]
2.531905000005297	[ 0.42783448 -0.40030227  0.39203241]
2.5319060000052973	[ 0.42784211 -0.40031573  0.39203936]
2.5319070000052974	[ 0.42784973 -0.40032919  0.39204631]
2.5319080000052976	[ 0.42785736 -0.40034264  0.39205325]
2.5319090000052977	[ 0.42786498 -0.40035608  0.3920602 ]
2.531910000005298	[ 0.4278726  -0.40036952  0.39206714]
2.531911000005298	[ 0.42788021 -0.40038295  0.39207407]
2.531912000005298	[ 0.42788782 -0.40039637  0.39208101]
2.5319130000052983	[ 0.42789544 -0.4004098   0.39208795]
2.5319140000052984	[ 0.42790305 -0.40042322  0.39209488]
2.5319150000052986	[ 0.42791066 -0.40043664  0.39210181]
2.5319160000052987	[ 0.42791827 -0.40045006  0.39210875]
2.531917000005299	[ 0.42792588 -0.40046349  0.39211568]
2.531918000005299	[ 0.42793349 -0.40047691  0.39212262]
2.531919000005299	[ 0.42794111 -0.40049033  0.39212955]
2.5319200000052993	[ 0.42794872 -0.40050375  0.39213649]
2.5319210000052994	[ 0.42795632 -0.40051737  0.39214341]
2.5319220000052995	[ 0.42796401 -0.40053063  0.39215043]
2.5319230000052997	[ 0.42797164 -0.40054405  0.39215737]
2.5319240000053	[ 0.42797927 -0.40055748  0.39216433]
2.5319250000053	[ 0.42798691 -0.4005709   0.39217128]
2.5319260000053	[ 0.42799455 -0.40058433  0.39217825]
2.5319270000053002	[ 0.4280022  -0.40059776  0.39218521]
2.5319280000053004	[ 0.42800986 -0.40061118  0.39219219]
2.5319290000053005	[ 0.42801752 -0.40062462  0.39219917]
2.5319300000053007	[ 0.4280253  -0.40063794  0.39220626]
2.531931000005301	[ 0.42803281 -0.40065143  0.39221309]
2.531932000005301	[ 0.42804048 -0.40066488  0.39222008]
2.531933000005301	[ 0.42804815 -0.40067832  0.39222707]
2.531934000005301	[ 0.42805581 -0.40069178  0.39223405]
2.5319350000053014	[ 0.42806348 -0.40070523  0.39224103]
2.5319360000053015	[ 0.42807114 -0.4007187   0.39224801]
2.5319370000053016	[ 0.42807879 -0.40073216  0.39225498]
2.531938000005302	[ 0.42808643 -0.40074563  0.39226194]
2.531939000005302	[ 0.42809407 -0.40075909  0.3922689 ]
2.531940000005302	[ 0.4281017  -0.40077256  0.39227585]
2.531941000005302	[ 0.42810932 -0.40078602  0.39228279]
2.5319420000053023	[ 0.42811693 -0.40079949  0.39228973]
2.5319430000053025	[ 0.42812454 -0.40081295  0.39229666]
2.5319440000053026	[ 0.42813215 -0.40082641  0.3923036 ]
2.5319450000053028	[ 0.42813976 -0.40083986  0.39231052]
2.531946000005303	[ 0.42814736 -0.40085332  0.39231745]
2.531947000005303	[ 0.42815497 -0.40086677  0.39232438]
2.531948000005303	[ 0.42816258 -0.40088022  0.39233132]
2.5319490000053033	[ 0.4281702  -0.40089368  0.39233826]
2.5319500000053035	[ 0.42817782 -0.40090713  0.3923452 ]
2.5319510000053036	[ 0.42818545 -0.40092059  0.39235215]
2.5319520000053037	[ 0.42819309 -0.40093405  0.39235911]
2.531953000005304	[ 0.42820074 -0.40094751  0.39236608]
2.531954000005304	[ 0.42820839 -0.40096098  0.39237305]
2.531955000005304	[ 0.42821605 -0.40097445  0.39238002]
2.5319560000053043	[ 0.42822371 -0.40098793  0.392387  ]
2.5319570000053044	[ 0.42823138 -0.40100141  0.39239399]
2.5319580000053046	[ 0.42823904 -0.4010149   0.39240097]
2.5319590000053047	[ 0.42824671 -0.40102839  0.39240796]
2.531960000005305	[ 0.4282544  -0.40104191  0.39241496]
2.531961000005305	[ 0.42826205 -0.40105539  0.39242193]
2.531962000005305	[ 0.42826971 -0.4010689   0.39242891]
2.5319630000053053	[ 0.42827737 -0.40108241  0.39243589]
2.5319640000053054	[ 0.42828502 -0.40109592  0.39244286]
2.5319650000053056	[ 0.42829267 -0.40110944  0.39244982]
2.5319660000053057	[ 0.42830031 -0.40112295  0.39245679]
2.531967000005306	[ 0.42830794 -0.40113646  0.39246374]
2.531968000005306	[ 0.42831557 -0.40114997  0.39247069]
2.531969000005306	[ 0.4283232  -0.40116348  0.39247764]
2.5319700000053063	[ 0.42833081 -0.40117695  0.39248457]
2.5319710000053064	[ 0.42833845 -0.40119047  0.39249154]
2.5319720000053065	[ 0.42834608 -0.40120395  0.39249849]
2.5319730000053067	[ 0.42835371 -0.40121743  0.39250544]
2.531974000005307	[ 0.42836135 -0.40123089  0.39251239]
2.531975000005307	[ 0.42836899 -0.40124435  0.39251935]
2.531976000005307	[ 0.42837663 -0.40125781  0.39252632]
2.5319770000053072	[ 0.42838428 -0.40127126  0.39253328]
2.5319780000053074	[ 0.42839193 -0.40128471  0.39254025]
2.5319790000053075	[ 0.42839958 -0.40129817  0.39254722]
2.5319800000053077	[ 0.42840723 -0.40131162  0.3925542 ]
2.531981000005308	[ 0.42841489 -0.40132509  0.39256117]
2.531982000005308	[ 0.42842255 -0.40133856  0.39256815]
2.531983000005308	[ 0.42843021 -0.40135204  0.39257513]
2.531984000005308	[ 0.42843787 -0.40136553  0.3925821 ]
2.5319850000053084	[ 0.42844552 -0.40137902  0.39258908]
2.5319860000053085	[ 0.42845318 -0.40139252  0.39259605]
2.5319870000053086	[ 0.42846083 -0.40140602  0.39260302]
2.5319880000053088	[ 0.42846848 -0.40141953  0.39261   ]
2.531989000005309	[ 0.42847614 -0.40143303  0.39261697]
2.531990000005309	[ 0.42848379 -0.40144654  0.39262394]
2.531991000005309	[ 0.42849144 -0.40146005  0.39263091]
2.5319920000053093	[ 0.4284991  -0.40147356  0.39263789]
2.5319930000053095	[ 0.42850645 -0.40148539  0.39264427]
2.5319940000053096	[ 0.42851389 -0.40150092  0.39265133]
2.5319950000053097	[ 0.4285216  -0.40151438  0.39265836]
2.53199600000531	[ 0.42852931 -0.40152786  0.39266538]
2.53199700000531	[ 0.42853701 -0.40154135  0.3926724 ]
2.53199800000531	[ 0.42854471 -0.40155487  0.39267942]
2.5319990000053103	[ 0.4285524  -0.4015684   0.39268642]
2.5320000000053104	[ 0.42856008 -0.40158195  0.39269342]
2.5320010000053106	[ 0.42856773 -0.4015955   0.39270039]
2.5320020000053107	[ 0.4285754  -0.40160909  0.39270737]
2.532003000005311	[ 0.42858304 -0.40162268  0.39271433]
2.532004000005311	[ 0.42859067 -0.40163627  0.39272128]
2.532005000005311	[ 0.42859829 -0.40164986  0.39272823]
2.5320060000053113	[ 0.4286059  -0.40166345  0.39273516]
2.5320070000053114	[ 0.4286135  -0.40167704  0.39274208]
2.5320080000053116	[ 0.42862109 -0.40169061  0.392749  ]
2.5320090000053117	[ 0.42862868 -0.40170418  0.39275591]
2.532010000005312	[ 0.42863627 -0.40171773  0.39276283]
2.532011000005312	[ 0.42864386 -0.40173128  0.39276974]
2.532012000005312	[ 0.42865146 -0.40174481  0.39277666]
2.5320130000053123	[ 0.42865906 -0.40175834  0.39278358]
2.5320140000053124	[ 0.42866667 -0.40177186  0.39279051]
2.5320150000053125	[ 0.42867428 -0.40178538  0.39279745]
2.5320160000053127	[ 0.4286819  -0.40179891  0.39280439]
2.532017000005313	[ 0.42868953 -0.40181244  0.39281134]
2.532018000005313	[ 0.42869717 -0.40182597  0.3928183 ]
2.532019000005313	[ 0.42870481 -0.40183951  0.39282526]
2.5320200000053132	[ 0.42871245 -0.40185306  0.39283223]
2.5320210000053134	[ 0.4287201  -0.40186661  0.39283919]
2.5320220000053135	[ 0.42872775 -0.40188017  0.39284616]
2.5320230000053137	[ 0.4287354  -0.40189373  0.39285313]
2.532024000005314	[ 0.42874305 -0.40190729  0.3928601 ]
2.532025000005314	[ 0.4287507  -0.40192085  0.39286707]
2.532026000005314	[ 0.42875835 -0.40193441  0.39287403]
2.532027000005314	[ 0.42876599 -0.40194798  0.39288099]
2.5320280000053144	[ 0.42877362 -0.40196154  0.39288795]
2.5320290000053145	[ 0.42878125 -0.4019751   0.3928949 ]
2.5320300000053146	[ 0.42878887 -0.40198867  0.39290185]
2.532031000005315	[ 0.42879649 -0.40200224  0.39290878]
2.532032000005315	[ 0.4288041  -0.40201581  0.39291572]
2.532033000005315	[ 0.42881171 -0.40202939  0.39292265]
2.532034000005315	[ 0.42881931 -0.40204298  0.39292957]
2.5320350000053153	[ 0.4288269  -0.40205658  0.39293649]
2.5320360000053155	[ 0.4288345  -0.40207018  0.39294341]
2.5320370000053156	[ 0.42884209 -0.40208379  0.39295032]
2.5320380000053158	[ 0.42884968 -0.40209741  0.39295724]
2.532039000005316	[ 0.42885727 -0.40211104  0.39296415]
2.532040000005316	[ 0.42886486 -0.40212467  0.39297107]
2.532041000005316	[ 0.42887245 -0.4021383   0.39297799]
2.5320420000053163	[ 0.42888005 -0.40215192  0.39298491]
2.5320430000053165	[ 0.42888765 -0.40216555  0.39299183]
2.5320440000053166	[ 0.42889526 -0.40217917  0.39299876]
2.5320450000053167	[ 0.42890287 -0.40219279  0.3930057 ]
2.532046000005317	[ 0.42891048 -0.4022064   0.39301263]
2.532047000005317	[ 0.4289181  -0.40222001  0.39301957]
2.532048000005317	[ 0.42892572 -0.40223362  0.39302652]
2.5320490000053173	[ 0.42893335 -0.40224722  0.39303346]
2.5320500000053174	[ 0.42894097 -0.40226083  0.3930404 ]
2.5320510000053176	[ 0.42894859 -0.40227443  0.39304735]
2.5320520000053177	[ 0.42895621 -0.40228804  0.39305429]
2.532053000005318	[ 0.42896382 -0.40230164  0.39306122]
2.532054000005318	[ 0.42897143 -0.40231524  0.39306816]
2.532055000005318	[ 0.42897904 -0.40232885  0.39307509]
2.5320560000053183	[ 0.42898664 -0.40234245  0.39308201]
2.5320570000053184	[ 0.42899423 -0.40235606  0.39308892]
2.5320580000053186	[ 0.42900182 -0.40236966  0.39309584]
2.5320590000053187	[ 0.4290094  -0.40238327  0.39310274]
2.532060000005319	[ 0.42901698 -0.40239687  0.39310965]
2.532061000005319	[ 0.42902455 -0.40241047  0.39311655]
2.532062000005319	[ 0.42903213 -0.40242406  0.39312344]
2.5320630000053193	[ 0.42903969 -0.40243766  0.39313034]
2.5320640000053194	[ 0.42904726 -0.40245126  0.39313724]
2.5320650000053195	[ 0.42905483 -0.40246487  0.39314413]
2.5320660000053197	[ 0.4290624  -0.40247847  0.39315103]
2.53206700000532	[ 0.42906998 -0.40249208  0.39315793]
2.53206800000532	[ 0.42907755 -0.4025057   0.39316483]
2.53206900000532	[ 0.42908513 -0.40251932  0.39317173]
2.5320700000053202	[ 0.42909271 -0.40253295  0.39317864]
2.5320710000053204	[ 0.4291003  -0.40254659  0.39318555]
2.5320720000053205	[ 0.42910789 -0.40256023  0.39319247]
2.5320730000053207	[ 0.42911549 -0.40257387  0.39319939]
2.532074000005321	[ 0.4291231  -0.40258752  0.39320632]
2.532075000005321	[ 0.42913071 -0.40260116  0.39321326]
2.532076000005321	[ 0.42913833 -0.40261481  0.3932202 ]
2.532077000005321	[ 0.42914596 -0.40262845  0.39322715]
2.5320780000053213	[ 0.42915359 -0.40264209  0.3932341 ]
2.5320790000053215	[ 0.42916123 -0.40265573  0.39324106]
2.5320800000053216	[ 0.42916887 -0.40266937  0.39324802]
2.5320810000053218	[ 0.42917652 -0.402683    0.39325499]
2.532082000005322	[ 0.42918417 -0.40269664  0.39326196]
2.532083000005322	[ 0.42919182 -0.40271027  0.39326893]
2.532084000005322	[ 0.42919947 -0.40272391  0.39327589]
2.5320850000053223	[ 0.42920712 -0.40273755  0.39328286]
2.5320860000053225	[ 0.42921476 -0.40275119  0.39328982]
2.5320870000053226	[ 0.4292224  -0.40276484  0.39329678]
2.5320880000053227	[ 0.42923003 -0.40277848  0.39330374]
2.532089000005323	[ 0.42923766 -0.40279213  0.39331069]
2.532090000005323	[ 0.42924529 -0.40280579  0.39331763]
2.532091000005323	[ 0.4292529  -0.40281944  0.39332457]
2.5320920000053233	[ 0.42926051 -0.40283309  0.39333151]
2.5320930000053234	[ 0.42926812 -0.40284674  0.39333844]
2.5320940000053236	[ 0.42927572 -0.40286038  0.39334536]
2.5320950000053237	[ 0.42928332 -0.40287402  0.39335228]
2.532096000005324	[ 0.42929092 -0.40288766  0.39335921]
2.532097000005324	[ 0.42929852 -0.40290129  0.39336613]
2.532098000005324	[ 0.42930612 -0.40291492  0.39337305]
2.5320990000053243	[ 0.42931371 -0.40292854  0.39337997]
2.5321000000053244	[ 0.42932132 -0.40294216  0.39338689]
2.5321010000053246	[ 0.42932892 -0.40295578  0.39339382]
2.5321020000053247	[ 0.42933653 -0.4029694   0.39340075]
2.532103000005325	[ 0.42934414 -0.40298302  0.39340769]
2.532104000005325	[ 0.42935176 -0.40299664  0.39341463]
2.532105000005325	[ 0.42935938 -0.40301027  0.39342157]
2.5321060000053253	[ 0.42936728 -0.40302371  0.39342879]
2.5321070000053254	[ 0.42937461 -0.4030374   0.39343544]
2.5321080000053255	[ 0.42938226 -0.40305104  0.39344241]
2.5321090000053257	[ 0.42938991 -0.40306468  0.39344938]
2.532110000005326	[ 0.42939757 -0.40307832  0.39345636]
2.532111000005326	[ 0.42940523 -0.40309197  0.39346334]
2.532112000005326	[ 0.4294129  -0.40310563  0.39347033]
2.5321130000053262	[ 0.42942058 -0.40311929  0.39347732]
2.5321140000053264	[ 0.42942825 -0.40313295  0.39348431]
2.5321150000053265	[ 0.42943593 -0.40314661  0.3934913 ]
2.5321160000053267	[ 0.4294436  -0.40316028  0.3934983 ]
2.532117000005327	[ 0.42945128 -0.40317395  0.39350529]
2.532118000005327	[ 0.42945895 -0.40318762  0.39351228]
2.532119000005327	[ 0.42946661 -0.40320128  0.39351926]
2.532120000005327	[ 0.42947428 -0.40321495  0.39352624]
2.5321210000053274	[ 0.42948193 -0.40322861  0.39353322]
2.5321220000053275	[ 0.42948958 -0.40324227  0.39354019]
2.5321230000053276	[ 0.42949723 -0.40325592  0.39354715]
2.532124000005328	[ 0.42950487 -0.40326957  0.39355411]
2.532125000005328	[ 0.42951251 -0.40328321  0.39356107]
2.532126000005328	[ 0.42952014 -0.40329684  0.39356803]
2.532127000005328	[ 0.42952778 -0.40331047  0.39357498]
2.5321280000053283	[ 0.42953541 -0.40332409  0.39358193]
2.5321290000053285	[ 0.42954304 -0.40333771  0.39358889]
2.5321300000053286	[ 0.42955068 -0.40335132  0.39359584]
2.5321310000053288	[ 0.42955832 -0.40336494  0.3936028 ]
2.532132000005329	[ 0.42956596 -0.40337856  0.39360976]
2.532133000005329	[ 0.42957361 -0.40339218  0.39361673]
2.532134000005329	[ 0.42958126 -0.40340581  0.39362371]
2.5321350000053293	[ 0.42958892 -0.40341944  0.39363068]
2.5321360000053295	[ 0.42959659 -0.40343308  0.39363767]
2.5321370000053296	[ 0.42960426 -0.40344673  0.39364466]
2.5321380000053297	[ 0.42961194 -0.40346038  0.39365165]
2.53213900000533	[ 0.42961962 -0.40347404  0.39365865]
2.53214000000533	[ 0.4296273  -0.4034877   0.39366565]
2.53214100000533	[ 0.42963499 -0.40350136  0.39367265]
2.5321420000053303	[ 0.42964268 -0.40351503  0.39367966]
2.5321430000053304	[ 0.42965037 -0.4035287   0.39368667]
2.5321440000053306	[ 0.42965806 -0.40354236  0.39369367]
2.5321450000053307	[ 0.42966575 -0.40355602  0.39370068]
2.532146000005331	[ 0.42967344 -0.40356968  0.39370768]
2.532147000005331	[ 0.42968112 -0.40358334  0.39371468]
2.532148000005331	[ 0.4296888  -0.403597    0.39372168]
2.5321490000053313	[ 0.42969648 -0.40361065  0.39372867]
2.5321500000053314	[ 0.42970414 -0.40362431  0.39373565]
2.5321510000053316	[ 0.4297118  -0.40363796  0.39374263]
2.5321520000053317	[ 0.42971945 -0.40365162  0.3937496 ]
2.532153000005332	[ 0.42972709 -0.40366527  0.39375656]
2.532154000005332	[ 0.42973472 -0.40367893  0.39376351]
2.532155000005332	[ 0.42974234 -0.40369259  0.39377045]
2.5321560000053323	[ 0.42974996 -0.40370624  0.39377739]
2.5321570000053324	[ 0.42975757 -0.4037199   0.39378433]
2.5321580000053325	[ 0.42976518 -0.40373355  0.39379126]
2.5321590000053327	[ 0.42977278 -0.4037472   0.39379818]
2.532160000005333	[ 0.42978039 -0.40376084  0.39380511]
2.532161000005333	[ 0.429788   -0.40377448  0.39381205]
2.532162000005333	[ 0.42979561 -0.40378811  0.39381898]
2.5321630000053332	[ 0.42980323 -0.40380175  0.39382592]
2.5321640000053334	[ 0.42981086 -0.40381538  0.39383287]
2.5321650000053335	[ 0.4298185  -0.40382901  0.39383983]
2.5321660000053337	[ 0.42982615 -0.40384264  0.3938468 ]
2.532167000005334	[ 0.42983381 -0.40385628  0.39385378]
2.532168000005334	[ 0.42984148 -0.40386992  0.39386077]
2.532169000005334	[ 0.42984916 -0.40388357  0.39386777]
2.532170000005334	[ 0.42985685 -0.40389723  0.39387477]
2.5321710000053343	[ 0.42986455 -0.4039109   0.39388178]
2.5321720000053345	[ 0.42987225 -0.40392459  0.3938888 ]
2.5321730000053346	[ 0.42987995 -0.40393828  0.39389582]
2.5321740000053348	[ 0.42988766 -0.40395198  0.39390284]
2.532175000005335	[ 0.42989537 -0.40396568  0.39390986]
2.532176000005335	[ 0.42990307 -0.4039794   0.39391688]
2.532177000005335	[ 0.42991078 -0.40399311  0.3939239 ]
2.5321780000053353	[ 0.42991847 -0.40400683  0.39393091]
2.5321790000053355	[ 0.42992617 -0.40402054  0.39393792]
2.5321800000053356	[ 0.42993386 -0.40403425  0.39394492]
2.5321810000053357	[ 0.42994153 -0.40404796  0.39395192]
2.532182000005336	[ 0.4299492  -0.40406167  0.39395891]
2.532183000005336	[ 0.42995687 -0.40407536  0.39396589]
2.532184000005336	[ 0.42996452 -0.40408905  0.39397286]
2.5321850000053363	[ 0.42997217 -0.40410274  0.39397983]
2.5321860000053364	[ 0.42997982 -0.40411641  0.3939868 ]
2.5321870000053366	[ 0.42998746 -0.40413009  0.39399375]
2.5321880000053367	[ 0.42999509 -0.40414375  0.39400071]
2.532189000005337	[ 0.43000272 -0.40415741  0.39400766]
2.532190000005337	[ 0.43001035 -0.40417107  0.39401461]
2.532191000005337	[ 0.43001798 -0.40418472  0.39402156]
2.5321920000053373	[ 0.4300256  -0.40419837  0.39402851]
2.5321930000053374	[ 0.43003324 -0.40421202  0.39403546]
2.5321940000053376	[ 0.43004087 -0.40422568  0.39404242]
2.5321950000053377	[ 0.43004852 -0.40423933  0.39404938]
2.532196000005338	[ 0.43005617 -0.404253    0.39405635]
2.532197000005338	[ 0.43006382 -0.40426666  0.39406333]
2.532198000005338	[ 0.43007149 -0.40428034  0.39407031]
2.5321990000053383	[ 0.43007917 -0.40429403  0.3940773 ]
2.5322000000053384	[ 0.43008685 -0.40430773  0.39408431]
2.5322010000053385	[ 0.43009455 -0.40432144  0.39409132]
2.5322020000053387	[ 0.43010225 -0.40433517  0.39409833]
2.532203000005339	[ 0.43010996 -0.4043489   0.39410536]
2.532204000005339	[ 0.43011767 -0.40436265  0.39411238]
2.532205000005339	[ 0.43012539 -0.4043764   0.39411942]
2.5322060000053392	[ 0.43013311 -0.40439016  0.39412645]
2.5322070000053394	[ 0.43014083 -0.40440392  0.39413348]
2.5322080000053395	[ 0.43014855 -0.40441768  0.39414052]
2.5322090000053397	[ 0.43015627 -0.40443143  0.39414755]
2.53221000000534	[ 0.43016399 -0.40444518  0.39415458]
2.53221100000534	[ 0.4301717  -0.40445892  0.39416161]
2.53221200000534	[ 0.43017941 -0.40447265  0.39416863]
2.53221300000534	[ 0.43018711 -0.40448637  0.39417564]
2.5322140000053404	[ 0.43019481 -0.40450009  0.39418266]
2.5322150000053405	[ 0.4302025  -0.4045138   0.39418966]
2.5322160000053406	[ 0.43021018 -0.4045275   0.39419666]
2.532217000005341	[ 0.43021786 -0.4045412   0.39420366]
2.532218000005341	[ 0.43022554 -0.4045549   0.39421066]
2.532219000005341	[ 0.43023321 -0.4045686   0.39421765]
2.532220000005341	[ 0.43024088 -0.40458231  0.39422463]
2.5322210000053413	[ 0.43024855 -0.40459601  0.39423161]
2.5322220000053415	[ 0.43025621 -0.40460973  0.3942386 ]
2.5322230000053416	[ 0.43026387 -0.40462345  0.39424558]
2.5322240000053418	[ 0.43027154 -0.40463717  0.39425256]
2.532225000005342	[ 0.4302792  -0.4046509   0.39425954]
2.532226000005342	[ 0.43028682 -0.40466458  0.39426648]
2.532227000005342	[ 0.43029456 -0.40467839  0.39427354]
2.5322280000053423	[ 0.43030219 -0.40469207  0.39428049]
2.5322290000053425	[ 0.43030987 -0.40470578  0.39428748]
2.5322300000053426	[ 0.43031751 -0.40471945  0.39429444]
2.5322310000053427	[ 0.43032527 -0.40473324  0.39430151]
2.532232000005343	[ 0.43033289 -0.40474686  0.39430845]
2.532233000005343	[ 0.43034062 -0.4047606   0.3943155 ]
2.532234000005343	[ 0.43034832 -0.4047743   0.39432252]
2.5322350000053433	[ 0.43035603 -0.404788    0.39432954]
2.5322360000053434	[ 0.43036375 -0.4048017   0.39433657]
2.5322370000053436	[ 0.43037147 -0.40481541  0.3943436 ]
2.5322380000053437	[ 0.43037919 -0.40482912  0.39435064]
2.532239000005344	[ 0.43038692 -0.40484284  0.39435768]
2.532240000005344	[ 0.43039465 -0.40485657  0.39436472]
2.532241000005344	[ 0.43040237 -0.40487031  0.39437176]
2.5322420000053443	[ 0.4304101  -0.40488406  0.3943788 ]
2.5322430000053444	[ 0.43041782 -0.40489782  0.39438583]
2.5322440000053446	[ 0.43042554 -0.40491158  0.39439286]
2.5322450000053447	[ 0.43043325 -0.40492535  0.39439989]
2.532246000005345	[ 0.43044095 -0.40493911  0.39440691]
2.532247000005345	[ 0.43044865 -0.40495288  0.39441392]
2.532248000005345	[ 0.43045634 -0.40496664  0.39442093]
2.5322490000053453	[ 0.43046403 -0.4049804   0.39442793]
2.5322500000053454	[ 0.4304717  -0.40499416  0.39443492]
2.5322510000053455	[ 0.43047938 -0.40500791  0.39444191]
2.5322520000053457	[ 0.43048704 -0.40502165  0.39444889]
2.532253000005346	[ 0.4304947  -0.40503539  0.39445587]
2.532254000005346	[ 0.43050235 -0.40504913  0.39446284]
2.532255000005346	[ 0.43051    -0.40506286  0.39446981]
2.5322560000053462	[ 0.43051766 -0.40507659  0.39447678]
2.5322570000053464	[ 0.43052531 -0.40509031  0.39448375]
2.5322580000053465	[ 0.43053296 -0.40510403  0.39449072]
2.5322590000053466	[ 0.43054061 -0.40511774  0.3944977 ]
2.532260000005347	[ 0.43054827 -0.40513145  0.39450467]
2.532261000005347	[ 0.43055593 -0.40514516  0.39451165]
2.532262000005347	[ 0.4305636  -0.40515886  0.39451864]
2.532263000005347	[ 0.43057128 -0.40517257  0.39452564]
2.5322640000053473	[ 0.43057896 -0.40518627  0.39453264]
2.5322650000053475	[ 0.43058665 -0.40519998  0.39453964]
2.5322660000053476	[ 0.43059402 -0.40521378  0.39454639]
2.5322670000053478	[ 0.43060246 -0.40522755  0.39455407]
2.532268000005348	[ 0.43061013 -0.40524132  0.39456106]
2.532269000005348	[ 0.4306178  -0.4052551   0.39456804]
2.532270000005348	[ 0.43062548 -0.40526887  0.39457503]
2.5322710000053483	[ 0.43063315 -0.40528266  0.39458203]
2.5322720000053485	[ 0.43064083 -0.40529644  0.39458902]
2.5322730000053486	[ 0.4306485  -0.40531023  0.39459601]
2.5322740000053487	[ 0.43065618 -0.40532402  0.39460301]
2.532275000005349	[ 0.43066385 -0.4053378   0.39461   ]
2.532276000005349	[ 0.43067152 -0.40535158  0.39461699]
2.532277000005349	[ 0.4306792  -0.40536535  0.39462398]
2.5322780000053493	[ 0.43068686 -0.40537911  0.39463096]
2.5322790000053494	[ 0.43069453 -0.40539285  0.39463795]
2.5322800000053496	[ 0.4307022  -0.40540658  0.39464493]
2.5322810000053497	[ 0.43070986 -0.4054203   0.39465191]
2.53228200000535	[ 0.43071753 -0.40543401  0.3946589 ]
2.53228300000535	[ 0.43072519 -0.40544771  0.39466588]
2.53228400000535	[ 0.43073285 -0.40546141  0.39467286]
2.5322850000053503	[ 0.43074052 -0.40547511  0.39467984]
2.5322860000053504	[ 0.43074818 -0.40548881  0.39468682]
2.5322870000053506	[ 0.43075584 -0.40550252  0.3946938 ]
2.5322880000053507	[ 0.4307635  -0.40551624  0.39470078]
2.532289000005351	[ 0.43077116 -0.40552997  0.39470775]
2.532290000005351	[ 0.43077881 -0.40554372  0.39471473]
2.532291000005351	[ 0.43078646 -0.40555749  0.39472169]
2.5322920000053513	[ 0.4307941  -0.40557127  0.39472866]
2.5322930000053514	[ 0.43080175 -0.40558506  0.39473562]
2.5322940000053515	[ 0.43080938 -0.40559886  0.39474258]
2.5322950000053517	[ 0.43081702 -0.40561267  0.39474953]
2.532296000005352	[ 0.43082465 -0.40562647  0.39475649]
2.532297000005352	[ 0.43083228 -0.40564027  0.39476344]
2.532298000005352	[ 0.43083991 -0.40565406  0.39477039]
2.5322990000053522	[ 0.43084755 -0.40566784  0.39477735]
2.5323000000053524	[ 0.43085519 -0.40568161  0.3947843 ]
2.5323010000053525	[ 0.43086283 -0.40569536  0.39479127]
2.5323020000053527	[ 0.43087048 -0.40570911  0.39479824]
2.532303000005353	[ 0.43087815 -0.40572284  0.39480522]
2.532304000005353	[ 0.43088582 -0.40573656  0.39481221]
2.532305000005353	[ 0.43089349 -0.40575027  0.3948192 ]
2.532306000005353	[ 0.43090118 -0.40576399  0.39482621]
2.5323070000053534	[ 0.43090888 -0.4057777   0.39483322]
2.5323080000053535	[ 0.43091658 -0.40579142  0.39484023]
2.5323090000053536	[ 0.43092428 -0.40580515  0.39484725]
2.532310000005354	[ 0.43093198 -0.40581888  0.39485427]
2.532311000005354	[ 0.43093968 -0.40583262  0.39486128]
2.532312000005354	[ 0.43094738 -0.40584636  0.39486829]
2.532313000005354	[ 0.43095506 -0.40586011  0.3948753 ]
2.5323140000053543	[ 0.43096274 -0.40587386  0.39488229]
2.5323150000053545	[ 0.4309704  -0.40588762  0.39488927]
2.5323160000053546	[ 0.43097806 -0.40590137  0.39489624]
2.5323170000053548	[ 0.4309857  -0.40591512  0.3949032 ]
2.532318000005355	[ 0.43099333 -0.40592887  0.39491016]
2.532319000005355	[ 0.43100095 -0.40594261  0.3949171 ]
2.532320000005355	[ 0.43100857 -0.40595634  0.39492404]
2.5323210000053553	[ 0.43101618 -0.40597007  0.39493097]
2.5323220000053555	[ 0.43102379 -0.4059838   0.3949379 ]
2.5323230000053556	[ 0.4310314  -0.40599752  0.39494484]
2.5323240000053557	[ 0.43103902 -0.40601124  0.39495178]
2.532325000005356	[ 0.43104665 -0.40602496  0.39495873]
2.532326000005356	[ 0.43105429 -0.40603868  0.39496569]
2.532327000005356	[ 0.43106194 -0.40605241  0.39497266]
2.5323280000053563	[ 0.43106961 -0.40606615  0.39497964]
2.5323290000053564	[ 0.43107729 -0.40607989  0.39498664]
2.5323300000053566	[ 0.43108498 -0.40609365  0.39499365]
2.5323310000053567	[ 0.43109269 -0.40610741  0.39500068]
2.532332000005357	[ 0.43110042 -0.40612118  0.39500771]
2.532333000005357	[ 0.43110815 -0.40613497  0.39501476]
2.532334000005357	[ 0.43111589 -0.40614875  0.39502181]
2.5323350000053573	[ 0.43112364 -0.40616255  0.39502887]
2.5323360000053574	[ 0.43113139 -0.40617635  0.39503593]
2.5323370000053576	[ 0.43113914 -0.40619015  0.39504299]
2.5323380000053577	[ 0.43114688 -0.40620395  0.39505004]
2.532339000005358	[ 0.43115463 -0.40621774  0.3950571 ]
2.532340000005358	[ 0.43116236 -0.40623154  0.39506415]
2.532341000005358	[ 0.43117009 -0.40624533  0.39507119]
2.5323420000053583	[ 0.43117781 -0.40625912  0.39507822]
2.5323430000053584	[ 0.43118552 -0.4062729   0.39508525]
2.5323440000053585	[ 0.43119322 -0.40628668  0.39509226]
2.5323450000053587	[ 0.43120091 -0.40630045  0.39509927]
2.532346000005359	[ 0.43120859 -0.40631421  0.39510626]
2.532347000005359	[ 0.43121626 -0.40632797  0.39511325]
2.532348000005359	[ 0.43122392 -0.40634173  0.39512022]
2.5323490000053592	[ 0.43123157 -0.40635548  0.3951272 ]
2.5323500000053594	[ 0.43123922 -0.40636923  0.39513416]
2.5323510000053595	[ 0.43124686 -0.40638297  0.39514113]
2.5323520000053596	[ 0.4312545  -0.40639672  0.39514809]
2.53235300000536	[ 0.43126215 -0.40641046  0.39515505]
2.53235400000536	[ 0.43126979 -0.4064242   0.39516202]
2.53235500000536	[ 0.43127744 -0.40643795  0.39516899]
2.53235600000536	[ 0.4312851  -0.40645169  0.39517596]
2.5323570000053603	[ 0.43129276 -0.40646544  0.39518294]
2.5323580000053605	[ 0.43130043 -0.40647919  0.39518993]
2.5323590000053606	[ 0.43130811 -0.40649295  0.39519692]
2.5323600000053608	[ 0.43131579 -0.40650671  0.39520392]
2.532361000005361	[ 0.43132348 -0.40652047  0.39521093]
2.532362000005361	[ 0.43133118 -0.40653424  0.39521794]
2.532363000005361	[ 0.43133888 -0.40654801  0.39522496]
2.5323640000053613	[ 0.43134659 -0.40656179  0.39523198]
2.5323650000053615	[ 0.4313543  -0.40657557  0.39523901]
2.5323660000053616	[ 0.43136202 -0.40658936  0.39524604]
2.5323670000053617	[ 0.43136973 -0.40660315  0.39525307]
2.532368000005362	[ 0.43137745 -0.40661694  0.3952601 ]
2.532369000005362	[ 0.43138517 -0.40663073  0.39526713]
2.532370000005362	[ 0.43139288 -0.40664452  0.39527415]
2.5323710000053623	[ 0.4314006  -0.40665831  0.39528118]
2.5323720000053624	[ 0.43140831 -0.4066721   0.39528821]
2.5323730000053626	[ 0.43141602 -0.40668588  0.39529524]
2.5323740000053627	[ 0.43142373 -0.40669966  0.39530226]
2.532375000005363	[ 0.43143144 -0.40671344  0.39530928]
2.532376000005363	[ 0.43143914 -0.40672721  0.3953163 ]
2.532377000005363	[ 0.43144685 -0.40674097  0.39532332]
2.5323780000053633	[ 0.43145455 -0.40675474  0.39533033]
2.5323790000053634	[ 0.43146225 -0.4067685   0.39533735]
2.5323800000053636	[ 0.43146994 -0.40678225  0.39534436]
2.5323810000053637	[ 0.43147764 -0.40679601  0.39535137]
2.532382000005364	[ 0.43148533 -0.40680977  0.39535838]
2.532383000005364	[ 0.43149302 -0.40682353  0.39536538]
2.532384000005364	[ 0.43150071 -0.40683729  0.39537239]
2.5323850000053643	[ 0.4315084  -0.40685106  0.39537939]
2.5323860000053644	[ 0.43151608 -0.40686484  0.39538639]
2.5323870000053645	[ 0.43152376 -0.40687862  0.39539339]
2.5323880000053647	[ 0.43153144 -0.40689241  0.39540039]
2.532389000005365	[ 0.43153913 -0.40690621  0.39540738]
2.532390000005365	[ 0.43154681 -0.40692001  0.39541438]
2.532391000005365	[ 0.4315545  -0.40693382  0.39542139]
2.5323920000053652	[ 0.43156219 -0.40694764  0.39542839]
2.5323930000053654	[ 0.43156988 -0.40696146  0.3954354 ]
2.5323940000053655	[ 0.43157758 -0.40697529  0.39544241]
2.5323950000053657	[ 0.43158528 -0.40698912  0.39544943]
2.532396000005366	[ 0.43159299 -0.40700295  0.39545645]
2.532397000005366	[ 0.4316007  -0.40701678  0.39546348]
2.532398000005366	[ 0.43160842 -0.40703061  0.39547051]
2.532399000005366	[ 0.43161615 -0.40704444  0.39547755]
2.5324000000053664	[ 0.43162388 -0.40705827  0.39548459]
2.5324010000053665	[ 0.43163161 -0.40707209  0.39549164]
2.5324020000053666	[ 0.43163934 -0.40708591  0.39549868]
2.5324030000053668	[ 0.43164707 -0.40709973  0.39550573]
2.532404000005367	[ 0.43165481 -0.40711354  0.39551277]
2.532405000005367	[ 0.43166254 -0.40712734  0.39551982]
2.532406000005367	[ 0.43167027 -0.40714115  0.39552686]
2.5324070000053673	[ 0.43167799 -0.40715494  0.3955339 ]
2.5324080000053675	[ 0.43168571 -0.40716873  0.39554093]
2.5324090000053676	[ 0.43169343 -0.40718252  0.39554796]
2.5324100000053678	[ 0.43170113 -0.40719631  0.39555498]
2.532411000005368	[ 0.43170883 -0.4072101   0.39556199]
2.532412000005368	[ 0.43171653 -0.40722388  0.395569  ]
2.532413000005368	[ 0.43172421 -0.40723766  0.395576  ]
2.5324140000053683	[ 0.4317319  -0.40725145  0.395583  ]
2.5324150000053685	[ 0.43173958 -0.40726524  0.39559   ]
2.5324160000053686	[ 0.43174725 -0.40727902  0.39559699]
2.5324170000053687	[ 0.43175493 -0.40729282  0.39560398]
2.532418000005369	[ 0.4317626  -0.40730661  0.39561098]
2.532419000005369	[ 0.43177028 -0.40732041  0.39561797]
2.532420000005369	[ 0.43177796 -0.40733421  0.39562497]
2.5324210000053693	[ 0.43178565 -0.40734801  0.39563197]
2.5324220000053694	[ 0.43179335 -0.40736182  0.39563898]
2.5324230000053696	[ 0.43180105 -0.40737564  0.395646  ]
2.5324240000053697	[ 0.43180876 -0.40738945  0.39565303]
2.53242500000537	[ 0.43181648 -0.40740328  0.39566006]
2.53242600000537	[ 0.43182421 -0.4074171   0.3956671 ]
2.53242700000537	[ 0.43183194 -0.40743093  0.39567414]
2.5324280000053703	[ 0.43183968 -0.40744476  0.39568119]
2.5324290000053704	[ 0.43184742 -0.4074586   0.39568825]
2.5324300000053706	[ 0.43185517 -0.40747244  0.39569531]
2.5324310000053707	[ 0.43186292 -0.40748628  0.39570237]
2.532432000005371	[ 0.43187067 -0.40750012  0.39570943]
2.532433000005371	[ 0.43187842 -0.40751396  0.39571649]
2.532434000005371	[ 0.43188616 -0.40752781  0.39572354]
2.5324350000053713	[ 0.4318939  -0.40754165  0.39573059]
2.5324360000053714	[ 0.43190163 -0.40755549  0.39573764]
2.5324370000053715	[ 0.43190936 -0.40756933  0.39574468]
2.5324380000053717	[ 0.43191709 -0.40758317  0.39575171]
2.532439000005372	[ 0.4319248  -0.407597    0.39575875]
2.532440000005372	[ 0.43193252 -0.40761083  0.39576577]
2.532441000005372	[ 0.43194023 -0.40762466  0.3957728 ]
2.5324420000053722	[ 0.43194793 -0.40763848  0.39577982]
2.5324430000053724	[ 0.43195564 -0.4076523   0.39578684]
2.5324440000053725	[ 0.43196335 -0.40766612  0.39579386]
2.5324450000053726	[ 0.43197105 -0.40767994  0.39580088]
2.532446000005373	[ 0.43197876 -0.40769376  0.3958079 ]
2.532447000005373	[ 0.43198647 -0.40770758  0.39581492]
2.532448000005373	[ 0.43199418 -0.4077214   0.39582194]
2.532449000005373	[ 0.43200189 -0.40773523  0.39582897]
2.5324500000053733	[ 0.4320096  -0.40774906  0.395836  ]
2.5324510000053735	[ 0.43201732 -0.40776289  0.39584303]
2.5324520000053736	[ 0.43202504 -0.40777673  0.39585006]
2.5324530000053738	[ 0.43203276 -0.40779058  0.3958571 ]
2.532454000005374	[ 0.43204049 -0.40780442  0.39586413]
2.532455000005374	[ 0.43204822 -0.40781827  0.39587118]
2.532456000005374	[ 0.43205595 -0.40783213  0.39587822]
2.5324570000053743	[ 0.43206368 -0.40784598  0.39588526]
2.5324580000053745	[ 0.43207142 -0.40785984  0.39589231]
2.5324590000053746	[ 0.43207915 -0.4078737   0.39589936]
2.5324600000053747	[ 0.43208689 -0.40788755  0.39590641]
2.532461000005375	[ 0.43209463 -0.40790142  0.39591346]
2.532462000005375	[ 0.43210237 -0.40791528  0.39592052]
2.532463000005375	[ 0.43211012 -0.40792914  0.39592757]
2.5324640000053753	[ 0.43211785 -0.407943    0.39593462]
2.5324650000053754	[ 0.43212559 -0.40795686  0.39594167]
2.5324660000053756	[ 0.43213333 -0.40797073  0.39594871]
2.5324670000053757	[ 0.43214106 -0.4079846   0.39595576]
2.532468000005376	[ 0.43214879 -0.40799847  0.3959628 ]
2.532469000005376	[ 0.4321565  -0.40801233  0.39596983]
2.532470000005376	[ 0.43216422 -0.4080262   0.39597686]
2.5324710000053763	[ 0.43217194 -0.40804007  0.39598389]
2.5324720000053764	[ 0.43217965 -0.40805394  0.39599092]
2.5324730000053766	[ 0.43218736 -0.4080678   0.39599794]
2.5324740000053767	[ 0.43219506 -0.40808166  0.39600496]
2.532475000005377	[ 0.43220277 -0.40809552  0.39601198]
2.532476000005377	[ 0.43221048 -0.40810937  0.396019  ]
2.532477000005377	[ 0.43221818 -0.40812322  0.39602602]
2.5324780000053773	[ 0.43222589 -0.40813706  0.39603305]
2.5324790000053774	[ 0.43223361 -0.40815091  0.39604007]
2.5324800000053775	[ 0.43224133 -0.40816475  0.39604711]
2.5324810000053777	[ 0.43224905 -0.4081786   0.39605414]
2.532482000005378	[ 0.43225677 -0.40819245  0.39606118]
2.532483000005378	[ 0.4322645  -0.4082063   0.39606822]
2.532484000005378	[ 0.43227223 -0.40822017  0.39607526]
2.5324850000053782	[ 0.43227996 -0.40823404  0.3960823 ]
2.5324860000053784	[ 0.43228769 -0.40824791  0.39608934]
2.5324870000053785	[ 0.43229542 -0.4082618   0.39609639]
2.5324880000053787	[ 0.43230315 -0.40827569  0.39610343]
2.532489000005379	[ 0.43231088 -0.40828958  0.39611047]
2.532490000005379	[ 0.43231861 -0.40830347  0.39611751]
2.532491000005379	[ 0.43232633 -0.40831737  0.39612455]
2.532492000005379	[ 0.43233405 -0.40833126  0.39613158]
2.5324930000053794	[ 0.43234177 -0.40834514  0.39613861]
2.5324940000053795	[ 0.43234948 -0.40835902  0.39614563]
2.5324950000053796	[ 0.43235719 -0.4083729   0.39615266]
2.5324960000053798	[ 0.4323649  -0.40838676  0.39615968]
2.53249700000538	[ 0.4323726  -0.40840062  0.3961667 ]
2.53249800000538	[ 0.4323803  -0.40841447  0.39617371]
2.53249900000538	[ 0.432388   -0.40842832  0.39618073]
2.5325000000053803	[ 0.4323957  -0.40844217  0.39618774]
2.5325010000053805	[ 0.4324034  -0.40845601  0.39619475]
2.5325020000053806	[ 0.43241109 -0.40846986  0.39620176]
2.5325030000053808	[ 0.43241878 -0.4084837   0.39620877]
2.532504000005381	[ 0.43242647 -0.40849756  0.39621577]
2.532505000005381	[ 0.43243416 -0.40851141  0.39622278]
2.532506000005381	[ 0.43244184 -0.40852528  0.39622978]
2.5325070000053813	[ 0.43244953 -0.40853915  0.39623678]
2.5325080000053815	[ 0.43245721 -0.40855302  0.39624378]
2.5325090000053816	[ 0.4324649  -0.4085669   0.39625078]
2.5325100000053817	[ 0.43247261 -0.40858076  0.39625781]
2.532511000005382	[ 0.43248026 -0.40859464  0.39626478]
2.532512000005382	[ 0.43248795 -0.40860852  0.39627178]
2.532513000005382	[ 0.43249564 -0.4086224   0.39627879]
2.5325140000053823	[ 0.43250333 -0.40863628  0.39628579]
2.5325150000053824	[ 0.43251103 -0.40865016  0.39629281]
2.5325160000053826	[ 0.43251873 -0.40866404  0.39629982]
2.5325170000053827	[ 0.43252644 -0.40867791  0.39630684]
2.532518000005383	[ 0.43253415 -0.4086918   0.39631387]
2.532519000005383	[ 0.43254187 -0.40870568  0.3963209 ]
2.532520000005383	[ 0.43254959 -0.40871957  0.39632793]
2.5325210000053833	[ 0.43255731 -0.40873346  0.39633497]
2.5325220000053834	[ 0.43256504 -0.40874736  0.39634201]
2.5325230000053836	[ 0.43257277 -0.40876127  0.39634905]
2.5325240000053837	[ 0.4325805  -0.40877518  0.39635609]
2.532525000005384	[ 0.43258822 -0.4087891   0.39636313]
2.532526000005384	[ 0.43259595 -0.40880301  0.39637017]
2.532527000005384	[ 0.43260368 -0.40881693  0.39637721]
2.5325280000053842	[ 0.4326114  -0.40883085  0.39638424]
2.5325290000053844	[ 0.43261911 -0.40884477  0.39639127]
2.5325300000053845	[ 0.43262682 -0.40885868  0.39639829]
2.5325310000053847	[ 0.43263452 -0.40887259  0.39640531]
2.532532000005385	[ 0.43264222 -0.40888649  0.39641232]
2.532533000005385	[ 0.43264991 -0.40890039  0.39641933]
2.532534000005385	[ 0.43265759 -0.40891427  0.39642633]
2.5325350000053852	[ 0.43266527 -0.40892815  0.39643332]
2.5325360000053854	[ 0.43267295 -0.40894203  0.39644032]
2.5325370000053855	[ 0.43268063 -0.4089559   0.39644731]
2.5325380000053856	[ 0.4326883  -0.40896977  0.3964543 ]
2.532539000005386	[ 0.43269598 -0.40898363  0.39646129]
2.532540000005386	[ 0.43270365 -0.40899749  0.39646829]
2.532541000005386	[ 0.43271133 -0.40901136  0.39647529]
2.532542000005386	[ 0.43271902 -0.40902523  0.39648229]
2.5325430000053863	[ 0.43272671 -0.4090391   0.39648929]
2.5325440000053865	[ 0.43273441 -0.40905297  0.39649631]
2.5325450000053866	[ 0.43274212 -0.40906685  0.39650333]
2.5325460000053868	[ 0.43274983 -0.40908073  0.39651036]
2.532547000005387	[ 0.43275756 -0.40909462  0.39651739]
2.532548000005387	[ 0.43276528 -0.40910851  0.39652443]
2.532549000005387	[ 0.43277301 -0.4091224   0.39653147]
2.5325500000053873	[ 0.43278075 -0.40913631  0.39653853]
2.5325510000053875	[ 0.4327885  -0.40915022  0.39654558]
2.5325520000053876	[ 0.43279624 -0.40916413  0.39655264]
2.5325530000053877	[ 0.43280399 -0.40917805  0.3965597 ]
2.532554000005388	[ 0.43281174 -0.40919198  0.39656675]
2.532555000005388	[ 0.43281949 -0.40920592  0.39657381]
2.532556000005388	[ 0.43282723 -0.40921986  0.39658087]
2.5325570000053883	[ 0.43283497 -0.4092338   0.39658792]
2.5325580000053884	[ 0.4328427  -0.40924775  0.39659496]
2.5325590000053886	[ 0.43285043 -0.40926171  0.39660201]
2.5325600000053887	[ 0.43285815 -0.40927566  0.39660904]
2.532561000005389	[ 0.43286587 -0.40928962  0.39661607]
2.532562000005389	[ 0.43287358 -0.40930358  0.39662309]
2.532563000005389	[ 0.43288128 -0.40931753  0.3966301 ]
2.5325640000053893	[ 0.43288897 -0.40933148  0.39663711]
2.5325650000053894	[ 0.43289666 -0.40934542  0.39664412]
2.5325660000053896	[ 0.43290434 -0.40935935  0.39665112]
2.5325670000053897	[ 0.43291202 -0.40937328  0.39665811]
2.53256800000539	[ 0.4329197  -0.4093872   0.39666511]
2.53256900000539	[ 0.43292738 -0.40940111  0.39667211]
2.53257000000539	[ 0.43293507 -0.40941501  0.39667911]
2.5325710000053903	[ 0.43294276 -0.40942891  0.39668611]
2.5325720000053904	[ 0.43295046 -0.40944281  0.39669313]
2.5325730000053905	[ 0.43295816 -0.4094567   0.39670015]
2.5325740000053907	[ 0.43296588 -0.40947059  0.39670718]
2.532575000005391	[ 0.43297361 -0.40948448  0.39671421]
2.532576000005391	[ 0.43298134 -0.40949838  0.39672126]
2.532577000005391	[ 0.43298909 -0.40951228  0.39672832]
2.5325780000053912	[ 0.43299685 -0.4095262   0.39673539]
2.5325790000053914	[ 0.43300462 -0.40954012  0.39674247]
2.5325800000053915	[ 0.4330124  -0.40955405  0.39674955]
2.5325810000053917	[ 0.43302018 -0.409568    0.39675664]
2.532582000005392	[ 0.43302797 -0.40958196  0.39676374]
2.532583000005392	[ 0.43303575 -0.40959592  0.39677083]
2.532584000005392	[ 0.43304354 -0.4096099   0.39677793]
2.532585000005392	[ 0.43305133 -0.40962388  0.39678502]
2.5325860000053924	[ 0.43305911 -0.40963786  0.39679211]
2.5325870000053925	[ 0.43306688 -0.40965184  0.39679919]
2.5325880000053926	[ 0.43307465 -0.40966582  0.39680627]
2.5325890000053928	[ 0.43308241 -0.4096798   0.39681334]
2.532590000005393	[ 0.43309017 -0.40969376  0.39682041]
2.532591000005393	[ 0.43309792 -0.40970772  0.39682746]
2.532592000005393	[ 0.43310566 -0.40972166  0.39683452]
2.5325930000053933	[ 0.43311339 -0.40973559  0.39684156]
2.5325940000053935	[ 0.43312112 -0.40974951  0.3968486 ]
2.5325950000053936	[ 0.43312884 -0.40976342  0.39685564]
2.5325960000053938	[ 0.43313657 -0.40977732  0.39686268]
2.532597000005394	[ 0.43314429 -0.40979121  0.39686971]
2.532598000005394	[ 0.43315201 -0.4098051   0.39687674]
2.532599000005394	[ 0.43315973 -0.40981899  0.39688377]
2.5326000000053943	[ 0.43316745 -0.40983288  0.39689081]
2.5326010000053945	[ 0.43317517 -0.40984677  0.39689784]
2.5326020000053946	[ 0.43318289 -0.40986067  0.39690487]
2.5326030000053947	[ 0.43319061 -0.40987459  0.39691191]
2.532604000005395	[ 0.43319834 -0.40988851  0.39691895]
2.532605000005395	[ 0.43320607 -0.40990245  0.39692599]
2.532606000005395	[ 0.4332138  -0.40991639  0.39693304]
2.5326070000053953	[ 0.43322154 -0.40993035  0.39694009]
2.5326080000053954	[ 0.43322928 -0.40994432  0.39694714]
2.5326090000053956	[ 0.43323703 -0.40995829  0.3969542 ]
2.5326100000053957	[ 0.43324478 -0.40997226  0.39696126]
2.532611000005396	[ 0.43325254 -0.40998624  0.39696833]
2.532612000005396	[ 0.43326031 -0.41000021  0.3969754 ]
2.532613000005396	[ 0.43326808 -0.41001419  0.39698248]
2.5326140000053963	[ 0.43327586 -0.41002816  0.39698957]
2.5326150000053964	[ 0.43328365 -0.41004213  0.39699666]
2.5326160000053966	[ 0.43329144 -0.4100561   0.39700376]
2.5326170000053967	[ 0.43329923 -0.41007006  0.39701086]
2.532618000005397	[ 0.43330703 -0.41008403  0.39701797]
2.532619000005397	[ 0.43331483 -0.41009799  0.39702507]
2.532620000005397	[ 0.43332263 -0.41011196  0.39703218]
2.5326210000053972	[ 0.43333043 -0.41012593  0.39703928]
2.5326220000053974	[ 0.43333822 -0.41013991  0.39704638]
2.5326230000053975	[ 0.43334601 -0.41015388  0.39705348]
2.5326240000053977	[ 0.43335379 -0.41016786  0.39706057]
2.532625000005398	[ 0.43336156 -0.41018185  0.39706765]
2.532626000005398	[ 0.43336933 -0.41019583  0.39707473]
2.532627000005398	[ 0.43337709 -0.41020981  0.3970818 ]
2.5326280000053982	[ 0.43338485 -0.41022379  0.39708886]
2.5326290000053984	[ 0.43339259 -0.41023777  0.39709592]
2.5326300000053985	[ 0.43340034 -0.41025174  0.39710297]
2.5326310000053986	[ 0.43340808 -0.4102657   0.39711002]
2.532632000005399	[ 0.43341581 -0.41027966  0.39711707]
2.532633000005399	[ 0.43342355 -0.41029361  0.39712412]
2.532634000005399	[ 0.43343129 -0.41030755  0.39713117]
2.532635000005399	[ 0.43343903 -0.41032149  0.39713822]
2.5326360000053993	[ 0.43344678 -0.41033542  0.39714528]
2.5326370000053995	[ 0.43345453 -0.41034935  0.39715234]
2.5326380000053996	[ 0.43346228 -0.41036328  0.3971594 ]
2.5326390000053998	[ 0.43347004 -0.41037721  0.39716648]
2.5326400000054	[ 0.43347781 -0.41039115  0.39717355]
2.5326410000054	[ 0.43348559 -0.4104051   0.39718064]
2.5326420000054	[ 0.43349337 -0.41041905  0.39718773]
2.5326430000054003	[ 0.43350115 -0.41043302  0.39719482]
2.5326440000054005	[ 0.43350894 -0.41044699  0.39720192]
2.5326450000054006	[ 0.43351674 -0.41046098  0.39720902]
2.5326460000054007	[ 0.43352453 -0.41047498  0.39721612]
2.532647000005401	[ 0.43353233 -0.41048899  0.39722322]
2.532648000005401	[ 0.43354013 -0.41050301  0.39723032]
2.532649000005401	[ 0.43354792 -0.41051703  0.39723743]
2.5326500000054013	[ 0.43355572 -0.41053106  0.39724453]
2.5326510000054014	[ 0.43356351 -0.41054509  0.39725162]
2.5326520000054016	[ 0.4335713  -0.41055912  0.39725872]
2.5326530000054017	[ 0.43357908 -0.41057315  0.39726581]
2.532654000005402	[ 0.43358685 -0.41058718  0.39727289]
2.532655000005402	[ 0.43359462 -0.41060121  0.39727997]
2.532656000005402	[ 0.43360239 -0.41061523  0.39728704]
2.5326570000054023	[ 0.43361015 -0.41062924  0.39729411]
2.5326580000054024	[ 0.4336179  -0.41064324  0.39730118]
2.5326590000054026	[ 0.43362565 -0.41065724  0.39730824]
2.5326600000054027	[ 0.4336334  -0.41067123  0.39731529]
2.532661000005403	[ 0.43364114 -0.41068521  0.39732234]
2.532662000005403	[ 0.43364888 -0.41069919  0.3973294 ]
2.532663000005403	[ 0.43365662 -0.41071316  0.39733645]
2.5326640000054033	[ 0.43366436 -0.41072713  0.3973435 ]
2.5326650000054034	[ 0.4336721  -0.41074109  0.39735055]
2.5326660000054035	[ 0.43367985 -0.41075505  0.39735761]
2.5326670000054037	[ 0.43368759 -0.41076901  0.39736467]
2.532668000005404	[ 0.43369535 -0.41078298  0.39737173]
2.532669000005404	[ 0.43370311 -0.41079695  0.3973788 ]
2.532670000005404	[ 0.43371088 -0.41081092  0.39738588]
2.5326710000054042	[ 0.43371865 -0.4108249   0.39739296]
2.5326720000054044	[ 0.43372643 -0.41083889  0.39740005]
2.5326730000054045	[ 0.43373422 -0.41085288  0.39740715]
2.5326740000054047	[ 0.43374202 -0.41086688  0.39741425]
2.532675000005405	[ 0.43374982 -0.41088089  0.39742135]
2.532676000005405	[ 0.43375762 -0.4108949   0.39742846]
2.532677000005405	[ 0.43376543 -0.41090892  0.39743558]
2.532678000005405	[ 0.43377324 -0.41092295  0.39744269]
2.5326790000054054	[ 0.43378106 -0.41093698  0.39744981]
2.5326800000054055	[ 0.43378887 -0.41095101  0.39745693]
2.5326810000054056	[ 0.43379668 -0.41096504  0.39746404]
2.5326820000054058	[ 0.43380448 -0.41097908  0.39747115]
2.532683000005406	[ 0.43381229 -0.41099312  0.39747826]
2.532684000005406	[ 0.43382008 -0.41100716  0.39748537]
2.532685000005406	[ 0.43382787 -0.4110212   0.39749246]
2.5326860000054063	[ 0.43383566 -0.41103524  0.39749955]
2.5326870000054065	[ 0.43384344 -0.41104928  0.39750664]
2.5326880000054066	[ 0.43385121 -0.41106331  0.39751372]
2.5326890000054068	[ 0.43385897 -0.41107735  0.39752079]
2.532690000005407	[ 0.43386673 -0.41109139  0.39752786]
2.532691000005407	[ 0.43387449 -0.41110542  0.39753493]
2.532692000005407	[ 0.43388224 -0.41111946  0.39754199]
2.5326930000054073	[ 0.43388999 -0.41113349  0.39754905]
2.5326940000054075	[ 0.43389773 -0.41114752  0.3975561 ]
2.5326950000054076	[ 0.43390547 -0.41116155  0.39756316]
2.5326960000054077	[ 0.43391322 -0.41117557  0.39757021]
2.532697000005408	[ 0.43392096 -0.4111896   0.39757726]
2.532698000005408	[ 0.43392871 -0.41120362  0.39758432]
2.532699000005408	[ 0.43393645 -0.41121765  0.39759138]
2.5327000000054083	[ 0.43394421 -0.41123167  0.39759844]
2.5327010000054084	[ 0.43395196 -0.41124569  0.3976055 ]
2.5327020000054086	[ 0.43395972 -0.41125972  0.39761257]
2.5327030000054087	[ 0.43396748 -0.41127375  0.39761964]
2.532704000005409	[ 0.43397525 -0.41128778  0.39762672]
2.532705000005409	[ 0.43398302 -0.41130181  0.3976338 ]
2.532706000005409	[ 0.4339908  -0.41131585  0.39764089]
2.5327070000054093	[ 0.43399858 -0.41132989  0.39764798]
2.5327080000054094	[ 0.43400637 -0.41134394  0.39765507]
2.5327090000054095	[ 0.43401417 -0.41135799  0.39766217]
2.5327100000054097	[ 0.43402197 -0.41137204  0.39766928]
2.53271100000541	[ 0.43402977 -0.41138609  0.39767639]
2.53271200000541	[ 0.43403757 -0.41140014  0.3976835 ]
2.53271300000541	[ 0.43404538 -0.41141419  0.39769061]
2.5327140000054102	[ 0.43405319 -0.41142825  0.39769772]
2.5327150000054104	[ 0.434061   -0.41144231  0.39770484]
2.5327160000054105	[ 0.4340688  -0.41145637  0.39771195]
2.5327170000054107	[ 0.4340766  -0.41147043  0.39771905]
2.532718000005411	[ 0.43408439 -0.41148449  0.39772615]
2.532719000005411	[ 0.43409218 -0.41149856  0.39773325]
2.532720000005411	[ 0.43409996 -0.41151262  0.39774033]
2.5327210000054112	[ 0.43410773 -0.41152669  0.39774741]
2.5327220000054114	[ 0.43411549 -0.41154076  0.39775448]
2.5327230000054115	[ 0.43412324 -0.41155483  0.39776154]
2.5327240000054116	[ 0.43413098 -0.41156891  0.39776859]
2.532725000005412	[ 0.43413871 -0.41158297  0.39777563]
2.532726000005412	[ 0.43414644 -0.41159704  0.39778267]
2.532727000005412	[ 0.43415416 -0.4116111   0.39778971]
2.532728000005412	[ 0.43416188 -0.41162516  0.39779674]
2.5327290000054123	[ 0.43416959 -0.41163922  0.39780377]
2.5327300000054125	[ 0.43417731 -0.41165327  0.3978108 ]
2.5327310000054126	[ 0.43418504 -0.41166731  0.39781783]
2.5327320000054128	[ 0.43419276 -0.41168136  0.39782487]
2.532733000005413	[ 0.4342005  -0.4116954   0.39783192]
2.532734000005413	[ 0.43420824 -0.41170944  0.39783898]
2.532735000005413	[ 0.434216   -0.41172348  0.39784604]
2.5327360000054133	[ 0.43422376 -0.41173753  0.39785311]
2.5327370000054135	[ 0.43423154 -0.41175158  0.39786019]
2.5327380000054136	[ 0.43423932 -0.41176564  0.39786728]
2.5327390000054137	[ 0.43424711 -0.4117797   0.39787438]
2.532740000005414	[ 0.4342549  -0.41179378  0.39788148]
2.532741000005414	[ 0.4342627  -0.41180786  0.39788859]
2.532742000005414	[ 0.43427051 -0.41182195  0.3978957 ]
2.5327430000054143	[ 0.43427831 -0.41183604  0.39790281]
2.5327440000054144	[ 0.43428611 -0.41185014  0.39790991]
2.5327450000054146	[ 0.43429392 -0.41186424  0.39791702]
2.5327460000054147	[ 0.43430171 -0.41187835  0.39792412]
2.532747000005415	[ 0.4343095  -0.41189245  0.39793122]
2.532748000005415	[ 0.43431728 -0.41190656  0.39793831]
2.532749000005415	[ 0.43432506 -0.41192066  0.3979454 ]
2.5327500000054153	[ 0.43433283 -0.41193476  0.39795247]
2.5327510000054154	[ 0.43434059 -0.41194886  0.39795954]
2.5327520000054156	[ 0.43434835 -0.41196295  0.39796661]
2.5327530000054157	[ 0.43435609 -0.41197705  0.39797366]
2.532754000005416	[ 0.43436383 -0.41199114  0.39798071]
2.532755000005416	[ 0.43437157 -0.41200522  0.39798776]
2.532756000005416	[ 0.4343793  -0.41201931  0.3979948 ]
2.5327570000054163	[ 0.43438703 -0.41203339  0.39800184]
2.5327580000054164	[ 0.43439475 -0.41204747  0.39800888]
2.5327590000054165	[ 0.43440248 -0.41206155  0.39801592]
2.5327600000054167	[ 0.43441021 -0.41207562  0.39802296]
2.532761000005417	[ 0.43441794 -0.4120897   0.39803   ]
2.532762000005417	[ 0.43442568 -0.41210377  0.39803705]
2.532763000005417	[ 0.43443342 -0.41211784  0.3980441 ]
2.5327640000054172	[ 0.43444117 -0.41213191  0.39805116]
2.5327650000054174	[ 0.43444892 -0.41214598  0.39805823]
2.5327660000054175	[ 0.43445669 -0.41216005  0.3980653 ]
2.5327670000054177	[ 0.43446446 -0.41217413  0.39807238]
2.532768000005418	[ 0.43447223 -0.41218821  0.39807946]
2.532769000005418	[ 0.43448002 -0.4122023   0.39808656]
2.532770000005418	[ 0.43448781 -0.41221639  0.39809365]
2.532771000005418	[ 0.4344956  -0.41223049  0.39810075]
2.5327720000054184	[ 0.4345034  -0.41224461  0.39810786]
2.5327730000054185	[ 0.4345112  -0.41225873  0.39811496]
2.5327740000054186	[ 0.434519   -0.41227286  0.39812207]
2.5327750000054188	[ 0.4345268  -0.412287    0.39812918]
2.532776000005419	[ 0.4345346  -0.41230114  0.39813628]
2.532777000005419	[ 0.4345424  -0.41231528  0.39814339]
2.532778000005419	[ 0.43455019 -0.41232943  0.39815049]
2.5327790000054193	[ 0.43455798 -0.41234357  0.39815758]
2.5327800000054195	[ 0.43456577 -0.41235772  0.39816467]
2.5327810000054196	[ 0.43457355 -0.41237186  0.39817176]
2.5327820000054198	[ 0.43458133 -0.41238599  0.39817885]
2.53278300000542	[ 0.4345891  -0.41240011  0.39818592]
2.53278400000542	[ 0.43459686 -0.41241423  0.398193  ]
2.53278500000542	[ 0.43460462 -0.41242835  0.39820007]
2.5327860000054203	[ 0.43461238 -0.41244246  0.39820714]
2.5327870000054205	[ 0.43462013 -0.41245656  0.3982142 ]
2.5327880000054206	[ 0.43462788 -0.41247066  0.39822126]
2.5327890000054207	[ 0.43463563 -0.41248477  0.39822832]
2.532790000005421	[ 0.43464338 -0.41249887  0.39823537]
2.532791000005421	[ 0.43465112 -0.41251297  0.39824243]
2.532792000005421	[ 0.43465886 -0.41252707  0.39824948]
2.5327930000054213	[ 0.43466661 -0.41254118  0.39825654]
2.5327940000054214	[ 0.43467546 -0.41255638  0.39826473]
2.5327950000054216	[ 0.43468239 -0.41256895  0.39827094]
2.5327960000054217	[ 0.43469012 -0.41258305  0.39827798]
2.532797000005422	[ 0.43469787 -0.41259713  0.39828504]
2.532798000005422	[ 0.43470562 -0.41261121  0.3982921 ]
2.532799000005422	[ 0.43471338 -0.41262528  0.39829917]
2.5328000000054223	[ 0.43472115 -0.41263933  0.39830625]
2.5328010000054224	[ 0.43472893 -0.41265338  0.39831333]
2.5328020000054225	[ 0.43473672 -0.41266741  0.39832043]
2.5328030000054227	[ 0.43474451 -0.41268144  0.39832753]
2.532804000005423	[ 0.43475232 -0.41269546  0.39833464]
2.532805000005423	[ 0.43476013 -0.41270948  0.39834176]
2.532806000005423	[ 0.43476795 -0.41272351  0.39834888]
2.5328070000054232	[ 0.43477577 -0.41273755  0.39835601]
2.5328080000054234	[ 0.4347836  -0.4127516   0.39836313]
2.5328090000054235	[ 0.43479143 -0.41276566  0.39837026]
2.5328100000054237	[ 0.43479925 -0.41277974  0.39837739]
2.532811000005424	[ 0.43480707 -0.41279383  0.39838452]
2.532812000005424	[ 0.43481489 -0.41280794  0.39839164]
2.532813000005424	[ 0.43482269 -0.41282206  0.39839875]
2.5328140000054242	[ 0.43483049 -0.41283619  0.39840585]
2.5328150000054244	[ 0.43483829 -0.41285032  0.39841295]
2.5328160000054245	[ 0.43484607 -0.41286446  0.39842004]
2.5328170000054246	[ 0.43485384 -0.4128786   0.39842712]
2.532818000005425	[ 0.43486161 -0.41289273  0.3984342 ]
2.532819000005425	[ 0.43486937 -0.41290685  0.39844127]
2.532820000005425	[ 0.43487713 -0.41292097  0.39844833]
2.532821000005425	[ 0.43488488 -0.41293507  0.3984554 ]
2.5328220000054253	[ 0.43489263 -0.41294917  0.39846246]
2.5328230000054255	[ 0.43490039 -0.41296326  0.39846952]
2.5328240000054256	[ 0.43490866 -0.41297712  0.39847709]
2.5328250000054258	[ 0.43491588 -0.4129912   0.39848363]
2.532826000005426	[ 0.43492366 -0.41300526  0.39849071]
2.532827000005426	[ 0.43493144 -0.41301931  0.3984978 ]
2.532828000005426	[ 0.43493923 -0.41303336  0.39850489]
2.5328290000054263	[ 0.43494702 -0.4130474   0.398512  ]
2.5328300000054265	[ 0.43495482 -0.41306145  0.3985191 ]
2.5328310000054266	[ 0.43496263 -0.4130755   0.39852622]
2.5328320000054267	[ 0.43497045 -0.41308954  0.39853334]
2.532833000005427	[ 0.43497827 -0.41310359  0.39854046]
2.532834000005427	[ 0.43498609 -0.41311764  0.39854759]
2.532835000005427	[ 0.43499392 -0.41313169  0.39855472]
2.5328360000054273	[ 0.43500175 -0.41314575  0.39856185]
2.5328370000054274	[ 0.43500958 -0.41315981  0.39856899]
2.5328380000054276	[ 0.43501741 -0.41317388  0.39857612]
2.5328390000054277	[ 0.43502524 -0.41318795  0.39858325]
2.532840000005428	[ 0.43503307 -0.41320203  0.39859039]
2.532841000005428	[ 0.4350409  -0.41321612  0.39859752]
2.532842000005428	[ 0.43504873 -0.4132302   0.39860465]
2.5328430000054283	[ 0.43505655 -0.4132443   0.39861178]
2.5328440000054284	[ 0.43506438 -0.41325839  0.3986189 ]
2.5328450000054286	[ 0.4350722  -0.41327248  0.39862603]
2.5328460000054287	[ 0.43508001 -0.41328657  0.39863315]
2.532847000005429	[ 0.43508783 -0.41330066  0.39864027]
2.532848000005429	[ 0.43509564 -0.41331475  0.39864739]
2.532849000005429	[ 0.43510346 -0.41332882  0.3986545 ]
2.5328500000054293	[ 0.43511127 -0.4133429   0.39866162]
2.5328510000054294	[ 0.43511908 -0.41335697  0.39866874]
2.5328520000054295	[ 0.43512689 -0.41337103  0.39867585]
2.5328530000054297	[ 0.43513471 -0.41338509  0.39868297]
2.53285400000543	[ 0.43514252 -0.41339915  0.39869009]
2.53285500000543	[ 0.43515033 -0.4134132   0.39869721]
2.53285600000543	[ 0.43515815 -0.41342726  0.39870432]
2.5328570000054302	[ 0.43516596 -0.41344132  0.39871145]
2.5328580000054304	[ 0.43517378 -0.41345539  0.39871857]
2.5328590000054305	[ 0.4351816  -0.41346946  0.39872569]
2.5328600000054307	[ 0.43518943 -0.41348353  0.39873282]
2.532861000005431	[ 0.43519725 -0.41349762  0.39873995]
2.532862000005431	[ 0.43520508 -0.41351171  0.39874708]
2.532863000005431	[ 0.43521292 -0.41352581  0.39875422]
2.532864000005431	[ 0.43522075 -0.41353992  0.39876136]
2.5328650000054314	[ 0.43522859 -0.41355404  0.3987685 ]
2.5328660000054315	[ 0.43523644 -0.41356816  0.39877564]
2.5328670000054316	[ 0.43524428 -0.41358229  0.39878279]
2.5328680000054318	[ 0.43525213 -0.41359642  0.39878994]
2.532869000005432	[ 0.43525998 -0.41361056  0.39879709]
2.532870000005432	[ 0.43526783 -0.4136247   0.39880424]
2.532871000005432	[ 0.43527568 -0.41363884  0.3988114 ]
2.5328720000054323	[ 0.43528353 -0.41365297  0.39881855]
2.5328730000054325	[ 0.43529138 -0.41366711  0.3988257 ]
2.5328740000054326	[ 0.43529923 -0.41368124  0.39883284]
2.5328750000054328	[ 0.43530707 -0.41369536  0.39883999]
2.532876000005433	[ 0.43531491 -0.41370948  0.39884714]
2.532877000005433	[ 0.43532275 -0.41372359  0.39885428]
2.532878000005433	[ 0.43533059 -0.4137377   0.39886142]
2.5328790000054333	[ 0.43533842 -0.4137518   0.39886855]
2.5328800000054335	[ 0.43534625 -0.41376589  0.39887568]
2.5328810000054336	[ 0.43535408 -0.41377998  0.39888281]
2.5328820000054337	[ 0.4353619  -0.41379406  0.39888994]
2.532883000005434	[ 0.43536973 -0.41380814  0.39889707]
2.532884000005434	[ 0.43537755 -0.41382222  0.39890419]
2.532885000005434	[ 0.43538536 -0.4138363   0.39891131]
2.5328860000054343	[ 0.43539318 -0.41385039  0.39891843]
2.5328870000054344	[ 0.435401   -0.41386448  0.39892555]
2.5328880000054346	[ 0.43540881 -0.41387857  0.39893267]
2.5328890000054347	[ 0.43541663 -0.41389267  0.39893979]
2.532890000005435	[ 0.43542444 -0.41390678  0.39894691]
2.532891000005435	[ 0.43543226 -0.4139209   0.39895404]
2.532892000005435	[ 0.43544008 -0.41393503  0.39896116]
2.5328930000054353	[ 0.43544791 -0.41394916  0.39896829]
2.5328940000054354	[ 0.43545573 -0.4139633   0.39897542]
2.5328950000054355	[ 0.43546356 -0.41397745  0.39898255]
2.5328960000054357	[ 0.4354714  -0.4139916   0.39898969]
2.532897000005436	[ 0.43547924 -0.41400575  0.39899683]
2.532898000005436	[ 0.43548708 -0.4140199   0.39900397]
2.532899000005436	[ 0.43549493 -0.41403406  0.39901112]
2.5329000000054362	[ 0.43550278 -0.41404821  0.39901827]
2.5329010000054364	[ 0.43551063 -0.41406237  0.39902543]
2.5329020000054365	[ 0.43551849 -0.41407653  0.39903259]
2.5329030000054367	[ 0.43552635 -0.41409068  0.39903974]
2.532904000005437	[ 0.4355342  -0.41410484  0.3990469 ]
2.532905000005437	[ 0.43554206 -0.41411899  0.39905406]
2.532906000005437	[ 0.43554991 -0.41413314  0.39906121]
2.5329070000054372	[ 0.43555776 -0.4141473   0.39906837]
2.5329080000054374	[ 0.43556561 -0.41416145  0.39907551]
2.5329090000054375	[ 0.43557345 -0.4141756   0.39908265]
2.5329100000054376	[ 0.43558128 -0.41418975  0.39908979]
2.532911000005438	[ 0.43558911 -0.41420391  0.39909692]
2.532912000005438	[ 0.43559693 -0.41421806  0.39910405]
2.532913000005438	[ 0.43560475 -0.41423221  0.39911117]
2.532914000005438	[ 0.43561256 -0.41424636  0.39911828]
2.5329150000054383	[ 0.43562036 -0.41426051  0.39912539]
2.5329160000054385	[ 0.43562816 -0.41427466  0.3991325 ]
2.5329170000054386	[ 0.43563596 -0.41428881  0.3991396 ]
2.5329180000054388	[ 0.43564376 -0.41430296  0.3991467 ]
2.532919000005439	[ 0.43565156 -0.41431712  0.39915381]
2.532920000005439	[ 0.43565936 -0.41433128  0.39916091]
2.532921000005439	[ 0.43566716 -0.41434545  0.39916802]
2.5329220000054393	[ 0.43567497 -0.41435962  0.39917513]
2.5329230000054395	[ 0.43568278 -0.4143738   0.39918225]
2.5329240000054396	[ 0.4356906  -0.41438798  0.39918937]
2.5329250000054397	[ 0.43569843 -0.41440218  0.3991965 ]
2.53292600000544	[ 0.43570626 -0.41441637  0.39920364]
2.53292700000544	[ 0.4357141  -0.41443057  0.39921078]
2.53292800000544	[ 0.43572195 -0.41444478  0.39921793]
2.5329290000054403	[ 0.4357298  -0.41445899  0.39922508]
2.5329300000054404	[ 0.43573766 -0.4144732   0.39923224]
2.5329310000054406	[ 0.43574552 -0.41448742  0.3992394 ]
2.5329320000054407	[ 0.43575339 -0.41450163  0.39924657]
2.532933000005441	[ 0.43576125 -0.41451585  0.39925373]
2.532934000005441	[ 0.43576912 -0.41453006  0.3992609 ]
2.532935000005441	[ 0.43577698 -0.41454428  0.39926806]
2.5329360000054413	[ 0.43578484 -0.41455849  0.39927522]
2.5329370000054414	[ 0.4357927  -0.41457271  0.39928238]
2.5329380000054416	[ 0.43580056 -0.41458692  0.39928954]
2.5329390000054417	[ 0.4358084  -0.41460114  0.39929669]
2.532940000005442	[ 0.43581624 -0.41461536  0.39930383]
2.532941000005442	[ 0.43582408 -0.41462957  0.39931097]
2.532942000005442	[ 0.43583191 -0.41464379  0.3993181 ]
2.5329430000054423	[ 0.43583973 -0.41465801  0.39932522]
2.5329440000054424	[ 0.43584755 -0.41467223  0.39933234]
2.5329450000054425	[ 0.43585536 -0.41468644  0.39933946]
2.5329460000054427	[ 0.43586317 -0.41470066  0.39934658]
2.532947000005443	[ 0.43587098 -0.41471488  0.39935369]
2.532948000005443	[ 0.43587878 -0.4147291   0.3993608 ]
2.532949000005443	[ 0.43588659 -0.41474331  0.39936791]
2.5329500000054432	[ 0.4358944  -0.41475753  0.39937502]
2.5329510000054434	[ 0.43590221 -0.41477175  0.39938214]
2.5329520000054435	[ 0.43591002 -0.41478597  0.39938925]
2.5329530000054437	[ 0.43591784 -0.41480019  0.39939638]
2.532954000005444	[ 0.43592566 -0.41481441  0.3994035 ]
2.532955000005444	[ 0.43593349 -0.41482863  0.39941063]
2.532956000005444	[ 0.43594133 -0.41484286  0.39941777]
2.532957000005444	[ 0.43594917 -0.41485709  0.39942491]
2.5329580000054444	[ 0.43595702 -0.41487132  0.39943206]
2.5329590000054445	[ 0.43596487 -0.41488556  0.39943922]
2.5329600000054446	[ 0.43597273 -0.4148998   0.39944638]
2.5329610000054448	[ 0.43598059 -0.41491405  0.39945354]
2.532962000005445	[ 0.43598846 -0.4149283   0.39946071]
2.532963000005445	[ 0.43599633 -0.41494255  0.39946788]
2.532964000005445	[ 0.4360042  -0.41495681  0.39947505]
2.5329650000054453	[ 0.43601208 -0.41497106  0.39948222]
2.5329660000054455	[ 0.43601995 -0.41498532  0.39948939]
2.5329670000054456	[ 0.43602782 -0.41499957  0.39949656]
2.5329680000054458	[ 0.43603569 -0.41501383  0.39950373]
2.532969000005446	[ 0.43604355 -0.41502808  0.39951089]
2.532970000005446	[ 0.43605141 -0.41504234  0.39951805]
2.532971000005446	[ 0.43605926 -0.41505659  0.39952521]
2.5329720000054463	[ 0.43606711 -0.41507083  0.39953235]
2.5329730000054465	[ 0.43607495 -0.41508508  0.3995395 ]
2.5329740000054466	[ 0.43608279 -0.41509932  0.39954664]
2.5329750000054467	[ 0.43609062 -0.41511356  0.39955377]
2.532976000005447	[ 0.43609845 -0.4151278   0.3995609 ]
2.532977000005447	[ 0.43610627 -0.41514204  0.39956803]
2.532978000005447	[ 0.43611409 -0.41515628  0.39957515]
2.5329790000054473	[ 0.43612191 -0.41517052  0.39958227]
2.5329800000054474	[ 0.43612973 -0.41518476  0.3995894 ]
2.5329810000054476	[ 0.43613755 -0.41519899  0.39959652]
2.5329820000054477	[ 0.43614537 -0.41521323  0.39960364]
2.532983000005448	[ 0.4361532  -0.41522747  0.39961077]
2.532984000005448	[ 0.43616102 -0.41524172  0.3996179 ]
2.532985000005448	[ 0.43616886 -0.41525596  0.39962504]
2.5329860000054483	[ 0.43617669 -0.41527021  0.39963218]
2.5329870000054484	[ 0.43618453 -0.41528446  0.39963932]
2.5329880000054485	[ 0.43619238 -0.41529872  0.39964647]
2.5329890000054487	[ 0.43620023 -0.41531298  0.39965362]
2.532990000005449	[ 0.43620809 -0.41532725  0.39966078]
2.532991000005449	[ 0.43621595 -0.41534152  0.39966794]
2.532992000005449	[ 0.43622381 -0.4153558   0.3996751 ]
2.5329930000054492	[ 0.43623168 -0.41537008  0.39968227]
2.5329940000054494	[ 0.43623955 -0.41538436  0.39968944]
2.5329950000054495	[ 0.43624742 -0.41539864  0.39969661]
2.5329960000054497	[ 0.43625529 -0.41541293  0.39970377]
2.53299700000545	[ 0.43626316 -0.41542721  0.39971094]
2.53299800000545	[ 0.43627102 -0.4154415   0.39971811]
2.53299900000545	[ 0.43627889 -0.41545578  0.39972527]
2.5330000000054502	[ 0.43628674 -0.41547007  0.39973243]
2.5330010000054504	[ 0.4362946  -0.41548435  0.39973958]
2.5330020000054505	[ 0.43630245 -0.41549863  0.39974673]
2.5330030000054506	[ 0.43631029 -0.41551291  0.39975388]
2.533004000005451	[ 0.43631812 -0.41552718  0.39976101]
2.533005000005451	[ 0.43632595 -0.41554146  0.39976815]
2.533006000005451	[ 0.43633378 -0.41555573  0.39977527]
2.533007000005451	[ 0.4363416  -0.41557     0.39978239]
2.5330080000054513	[ 0.43634941 -0.41558426  0.39978951]
2.5330090000054515	[ 0.43635722 -0.41559853  0.39979663]
2.5330100000054516	[ 0.43636503 -0.41561279  0.39980374]
2.5330110000054518	[ 0.43637284 -0.41562705  0.39981085]
2.533012000005452	[ 0.43638064 -0.41564131  0.39981796]
2.533013000005452	[ 0.43638845 -0.41565556  0.39982507]
2.533014000005452	[ 0.43639626 -0.41566981  0.39983219]
2.5330150000054523	[ 0.43640407 -0.41568407  0.3998393 ]
2.5330160000054525	[ 0.43641189 -0.41569832  0.39984642]
2.5330170000054526	[ 0.43641971 -0.41571257  0.39985355]
2.5330180000054527	[ 0.43642753 -0.41572682  0.39986068]
2.533019000005453	[ 0.43643537 -0.41574107  0.39986781]
2.533020000005453	[ 0.4364432  -0.41575532  0.39987495]
2.533021000005453	[ 0.43645104 -0.4157696   0.39988209]
2.5330220000054533	[ 0.4364589  -0.41578383  0.39988925]
2.5330230000054534	[ 0.43646675 -0.41579809  0.3998964 ]
2.5330240000054536	[ 0.4364746  -0.41581236  0.39990355]
2.5330250000054537	[ 0.43648246 -0.41582663  0.39991071]
2.533026000005454	[ 0.43649032 -0.41584091  0.39991787]
2.533027000005454	[ 0.43649817 -0.4158552   0.39992503]
2.533028000005454	[ 0.43650603 -0.41586949  0.39993218]
2.5330290000054543	[ 0.43651389 -0.41588379  0.39993934]
2.5330300000054544	[ 0.43652174 -0.4158981   0.39994649]
2.5330310000054546	[ 0.43652959 -0.4159124   0.39995364]
2.5330320000054547	[ 0.43653744 -0.41592671  0.39996079]
2.533033000005455	[ 0.43654528 -0.41594102  0.39996793]
2.533034000005455	[ 0.43655311 -0.41595533  0.39997507]
2.533035000005455	[ 0.43656095 -0.41596964  0.39998221]
2.5330360000054553	[ 0.43656877 -0.41598395  0.39998934]
2.5330370000054554	[ 0.4365766  -0.41599825  0.39999646]
2.5330380000054555	[ 0.43658442 -0.41601255  0.40000359]
2.5330390000054557	[ 0.43659223 -0.41602684  0.40001071]
2.533040000005456	[ 0.43660004 -0.41604113  0.40001782]
2.533041000005456	[ 0.43660785 -0.41605541  0.40002494]
2.533042000005456	[ 0.43661566 -0.41606969  0.40003205]
2.5330430000054562	[ 0.43662348 -0.41608397  0.40003917]
2.5330440000054564	[ 0.43663129 -0.41609825  0.40004628]
2.5330450000054565	[ 0.4366391  -0.41611252  0.4000534 ]
2.5330460000054567	[ 0.43664692 -0.4161268   0.40006052]
2.533047000005457	[ 0.43665474 -0.41614109  0.40006764]
2.533048000005457	[ 0.43666256 -0.41615537  0.40007477]
2.533049000005457	[ 0.43667039 -0.41616967  0.4000819 ]
2.533050000005457	[ 0.43667822 -0.41618397  0.40008903]
2.5330510000054574	[ 0.43668605 -0.41619828  0.40009617]
2.5330520000054575	[ 0.43669389 -0.41621259  0.40010331]
2.5330530000054576	[ 0.43670173 -0.41622691  0.40011045]
2.5330540000054578	[ 0.43670958 -0.41624123  0.4001176 ]
2.533055000005458	[ 0.43671743 -0.41625557  0.40012475]
2.533056000005458	[ 0.43672528 -0.4162699   0.4001319 ]
2.533057000005458	[ 0.43673314 -0.41628424  0.40013906]
2.5330580000054583	[ 0.436741   -0.41629858  0.40014622]
2.5330590000054585	[ 0.43674886 -0.41631293  0.40015338]
2.5330600000054586	[ 0.43675673 -0.41632727  0.40016054]
2.5330610000054588	[ 0.43676459 -0.41634162  0.40016771]
2.533062000005459	[ 0.43677246 -0.41635596  0.40017487]
2.533063000005459	[ 0.43678032 -0.41637031  0.40018204]
2.533064000005459	[ 0.43678819 -0.41638465  0.40018921]
2.5330650000054593	[ 0.43679606 -0.41639899  0.40019637]
2.5330660000054595	[ 0.43680392 -0.41641333  0.40020354]
2.5330670000054596	[ 0.43681178 -0.41642766  0.4002107 ]
2.5330680000054597	[ 0.43681964 -0.416442    0.40021786]
2.53306900000546	[ 0.4368275  -0.41645633  0.40022501]
2.53307000000546	[ 0.43683536 -0.41647065  0.40023217]
2.53307100000546	[ 0.43684321 -0.41648498  0.40023932]
2.5330720000054603	[ 0.43685106 -0.4164993   0.40024647]
2.5330730000054604	[ 0.43685891 -0.41651363  0.40025362]
2.5330740000054606	[ 0.43686675 -0.41652795  0.40026077]
2.5330750000054607	[ 0.4368746  -0.41654227  0.40026792]
2.533076000005461	[ 0.43688244 -0.4165566   0.40027506]
2.533077000005461	[ 0.43689029 -0.41657092  0.40028221]
2.533078000005461	[ 0.43689814 -0.41658525  0.40028936]
2.5330790000054613	[ 0.43690599 -0.41659959  0.40029651]
2.5330800000054614	[ 0.43691384 -0.41661393  0.40030367]
2.5330810000054615	[ 0.4369217  -0.41662827  0.40031082]
2.5330820000054617	[ 0.43692956 -0.41664262  0.40031798]
2.533083000005462	[ 0.43693743 -0.41665697  0.40032515]
2.533084000005462	[ 0.4369453  -0.41667132  0.40033232]
2.533085000005462	[ 0.43695317 -0.41668568  0.40033949]
2.5330860000054622	[ 0.43696105 -0.41670005  0.40034667]
2.5330870000054624	[ 0.43696894 -0.41671441  0.40035385]
2.5330880000054625	[ 0.43697683 -0.41672878  0.40036104]
2.5330890000054627	[ 0.43698472 -0.41674315  0.40036823]
2.533090000005463	[ 0.43699262 -0.41675752  0.40037542]
2.533091000005463	[ 0.43700052 -0.41677189  0.40038262]
2.533092000005463	[ 0.43700842 -0.41678626  0.40038982]
2.5330930000054632	[ 0.43701633 -0.41680063  0.40039702]
2.5330940000054634	[ 0.43702424 -0.41681499  0.40040423]
2.5330950000054635	[ 0.43703214 -0.41682937  0.40041142]
2.5330960000054636	[ 0.4370397  -0.41684241  0.40041814]
2.533097000005464	[ 0.43704713 -0.4168582   0.40042504]
2.533098000005464	[ 0.43705509 -0.41687257  0.40043229]
2.533099000005464	[ 0.43706306 -0.41688695  0.40043955]
2.533100000005464	[ 0.43707102 -0.41690136  0.40044681]
2.5331010000054643	[ 0.43707897 -0.41691579  0.40045405]
2.5331020000054645	[ 0.43708691 -0.41693024  0.40046128]
2.5331030000054646	[ 0.43709484 -0.41694472  0.4004685 ]
2.5331040000054648	[ 0.43710275 -0.41695923  0.4004757 ]
2.533105000005465	[ 0.43711064 -0.41697375  0.4004829 ]
2.533106000005465	[ 0.43711852 -0.41698828  0.40049007]
2.533107000005465	[ 0.43712639 -0.41700282  0.40049724]
2.5331080000054653	[ 0.43713425 -0.41701736  0.4005044 ]
2.5331090000054655	[ 0.4371421  -0.41703189  0.40051155]
2.5331100000054656	[ 0.43714994 -0.41704641  0.40051869]
2.5331110000054657	[ 0.43715779 -0.41706092  0.40052584]
2.533112000005466	[ 0.43716564 -0.41707541  0.40053299]
2.533113000005466	[ 0.43717349 -0.41708988  0.40054015]
2.533114000005466	[ 0.43718136 -0.41710434  0.40054732]
2.5331150000054663	[ 0.43718924 -0.41711877  0.40055449]
2.5331160000054664	[ 0.43719714 -0.41713319  0.40056169]
2.5331170000054666	[ 0.43720505 -0.4171476   0.4005689 ]
2.5331180000054667	[ 0.43721298 -0.41716199  0.40057612]
2.533119000005467	[ 0.43722093 -0.41717639  0.40058336]
2.533120000005467	[ 0.43722889 -0.41719079  0.40059061]
2.533121000005467	[ 0.43723686 -0.41720519  0.40059787]
2.5331220000054673	[ 0.43724483 -0.41721959  0.40060513]
2.5331230000054674	[ 0.43725282 -0.41723401  0.40061241]
2.5331240000054676	[ 0.4372608  -0.41724844  0.40061968]
2.5331250000054677	[ 0.43726878 -0.41726288  0.40062695]
2.533126000005468	[ 0.43727675 -0.41727734  0.40063421]
2.533127000005468	[ 0.43728471 -0.4172918   0.40064146]
2.533128000005468	[ 0.43729266 -0.41730628  0.4006487 ]
2.5331290000054683	[ 0.4373006  -0.41732077  0.40065593]
2.5331300000054684	[ 0.43730852 -0.41733526  0.40066314]
2.5331310000054685	[ 0.43731642 -0.41734977  0.40067034]
2.5331320000054687	[ 0.4373243  -0.41736428  0.40067752]
2.533133000005469	[ 0.43733217 -0.4173788   0.40068469]
2.533134000005469	[ 0.43734003 -0.41739332  0.40069185]
2.533135000005469	[ 0.43734787 -0.41740785  0.40069899]
2.5331360000054692	[ 0.43735571 -0.41742239  0.40070613]
2.5331370000054694	[ 0.43736354 -0.41743693  0.40071326]
2.5331380000054695	[ 0.43737136 -0.41745147  0.40072039]
2.5331390000054697	[ 0.43737919 -0.41746602  0.40072752]
2.53314000000547	[ 0.43738702 -0.41748057  0.40073465]
2.53314100000547	[ 0.43739486 -0.41749512  0.40074179]
2.53314200000547	[ 0.4374027  -0.41750967  0.40074894]
2.53314300000547	[ 0.43741057 -0.41752423  0.4007561 ]
2.5331440000054704	[ 0.43741844 -0.41753879  0.40076327]
2.5331450000054705	[ 0.43742633 -0.41755335  0.40077046]
2.5331460000054706	[ 0.43743423 -0.41756791  0.40077766]
2.5331470000054708	[ 0.43744214 -0.41758247  0.40078487]
2.533148000005471	[ 0.43745007 -0.41759704  0.40079209]
2.533149000005471	[ 0.43745801 -0.41761161  0.40079931]
2.533150000005471	[ 0.43746595 -0.41762617  0.40080655]
2.5331510000054713	[ 0.43747389 -0.41764075  0.40081378]
2.5331520000054715	[ 0.43748183 -0.41765532  0.40082102]
2.5331530000054716	[ 0.43748977 -0.41766989  0.40082825]
2.5331540000054718	[ 0.4374977  -0.41768446  0.40083547]
2.533155000005472	[ 0.43750562 -0.41769903  0.40084269]
2.533156000005472	[ 0.43751353 -0.41771359  0.40084989]
2.533157000005472	[ 0.43752143 -0.41772816  0.40085709]
2.5331580000054723	[ 0.43752931 -0.41774271  0.40086427]
2.5331590000054724	[ 0.43753719 -0.41775726  0.40087144]
2.5331600000054726	[ 0.43754505 -0.41777181  0.4008786 ]
2.5331610000054727	[ 0.4375529  -0.41778635  0.40088575]
2.533162000005473	[ 0.43756075 -0.41780089  0.4008929 ]
2.533163000005473	[ 0.43756858 -0.41781543  0.40090004]
2.533164000005473	[ 0.43757642 -0.41782997  0.40090717]
2.5331650000054733	[ 0.43758424 -0.4178445   0.40091431]
2.5331660000054734	[ 0.43759207 -0.41785905  0.40092144]
2.5331670000054736	[ 0.4375999  -0.41787359  0.40092857]
2.5331680000054737	[ 0.43760773 -0.41788815  0.4009357 ]
2.533169000005474	[ 0.43761556 -0.41790271  0.40094283]
2.533170000005474	[ 0.43762339 -0.41791727  0.40094996]
2.533171000005474	[ 0.43763122 -0.41793185  0.4009571 ]
2.5331720000054743	[ 0.43763906 -0.41794644  0.40096424]
2.5331730000054744	[ 0.43764691 -0.41796103  0.40097138]
2.5331740000054745	[ 0.43765476 -0.41797563  0.40097853]
2.5331750000054747	[ 0.43766261 -0.41799023  0.40098569]
2.533176000005475	[ 0.43767048 -0.41800483  0.40099285]
2.533177000005475	[ 0.43767835 -0.41801944  0.40100002]
2.533178000005475	[ 0.43768623 -0.41803405  0.4010072 ]
2.5331790000054752	[ 0.43769412 -0.41804865  0.40101439]
2.5331800000054754	[ 0.43770202 -0.41806326  0.40102159]
2.5331810000054755	[ 0.43770993 -0.41807788  0.40102879]
2.5331820000054757	[ 0.43771784 -0.41809249  0.401036  ]
2.533183000005476	[ 0.43772577 -0.41810711  0.40104322]
2.533184000005476	[ 0.4377337  -0.41812173  0.40105044]
2.533185000005476	[ 0.43774163 -0.41813635  0.40105767]
2.5331860000054762	[ 0.43774956 -0.41815098  0.40106489]
2.5331870000054764	[ 0.4377575  -0.41816561  0.40107212]
2.5331880000054765	[ 0.43776543 -0.41818024  0.40107934]
2.5331890000054766	[ 0.43777335 -0.41819488  0.40108656]
2.533190000005477	[ 0.43778128 -0.41820951  0.40109378]
2.533191000005477	[ 0.43778919 -0.41822414  0.40110099]
2.533192000005477	[ 0.4377971  -0.41823877  0.40110819]
2.533193000005477	[ 0.437805   -0.41825339  0.40111539]
2.5331940000054773	[ 0.43781289 -0.418268    0.40112258]
2.5331950000054775	[ 0.43782078 -0.4182826   0.40112976]
2.5331960000054776	[ 0.43782866 -0.4182972   0.40113694]
2.5331970000054778	[ 0.43783653 -0.41831179  0.40114411]
2.533198000005478	[ 0.4378444  -0.41832638  0.40115128]
2.533199000005478	[ 0.43785227 -0.41834096  0.40115844]
2.533200000005478	[ 0.43786013 -0.41835554  0.4011656 ]
2.5332010000054783	[ 0.43786799 -0.41837012  0.40117276]
2.5332020000054785	[ 0.43787585 -0.41838471  0.40117992]
2.5332030000054786	[ 0.43788371 -0.4183993   0.40118708]
2.5332040000054787	[ 0.43789156 -0.41841391  0.40119424]
2.533205000005479	[ 0.43789944 -0.41842851  0.40120141]
2.533206000005479	[ 0.43790731 -0.41844313  0.40120858]
2.533207000005479	[ 0.43791519 -0.41845775  0.40121575]
2.5332080000054793	[ 0.43792307 -0.41847238  0.40122293]
2.5332090000054794	[ 0.43793096 -0.41848702  0.40123012]
2.5332100000054796	[ 0.43793885 -0.41850167  0.40123731]
2.5332110000054797	[ 0.43794676 -0.41851632  0.40124451]
2.53321200000548	[ 0.43795468 -0.41853097  0.40125173]
2.53321300000548	[ 0.43796259 -0.41854562  0.40125893]
2.53321400000548	[ 0.43797054 -0.41856029  0.40126617]
2.5332150000054803	[ 0.43797848 -0.41857495  0.40127341]
2.5332160000054804	[ 0.43798643 -0.41858961  0.40128065]
2.5332170000054806	[ 0.4379944  -0.41860429  0.40128791]
2.5332180000054807	[ 0.43800234 -0.41861893  0.40129515]
2.533219000005481	[ 0.4380103  -0.4186336   0.40130239]
2.533220000005481	[ 0.43801825 -0.41864827  0.40130964]
2.533221000005481	[ 0.43802619 -0.41866294  0.40131687]
2.5332220000054813	[ 0.43803412 -0.41867761  0.40132409]
2.5332230000054814	[ 0.43804205 -0.41869228  0.40133131]
2.5332240000054815	[ 0.43804996 -0.41870694  0.40133852]
2.5332250000054817	[ 0.43805527 -0.41872371  0.4013434 ]
2.533226000005482	[ 0.43806665 -0.41873754  0.40135381]
2.533227000005482	[ 0.43807447 -0.41875228  0.40136093]
2.533228000005482	[ 0.43808226 -0.418767    0.40136803]
2.5332290000054822	[ 0.43809005 -0.4187817   0.40137512]
2.5332300000054824	[ 0.43809783 -0.41879639  0.40138221]
2.5332310000054825	[ 0.43810562 -0.41881107  0.40138931]
2.5332320000054827	[ 0.43811342 -0.41882575  0.40139641]
2.533233000005483	[ 0.43812123 -0.41884042  0.40140352]
2.533234000005483	[ 0.43812905 -0.41885509  0.40141064]
2.533235000005483	[ 0.43813689 -0.41886976  0.40141778]
2.533236000005483	[ 0.43814474 -0.41888443  0.40142493]
2.5332370000054834	[ 0.43815261 -0.41889911  0.4014321 ]
2.5332380000054835	[ 0.43816049 -0.41891379  0.40143928]
2.5332390000054836	[ 0.43816839 -0.41892847  0.40144648]
2.5332400000054838	[ 0.43817631 -0.41894315  0.40145369]
2.533241000005484	[ 0.43818424 -0.41895783  0.40146091]
2.533242000005484	[ 0.43819218 -0.4189725   0.40146814]
2.533243000005484	[ 0.43820013 -0.41898718  0.40147539]
2.5332440000054843	[ 0.43820809 -0.41900184  0.40148264]
2.5332450000054845	[ 0.43821605 -0.4190165   0.40148989]
2.5332460000054846	[ 0.43822401 -0.41903116  0.40149714]
2.5332470000054848	[ 0.43823197 -0.41904582  0.40150439]
2.533248000005485	[ 0.43823993 -0.41906049  0.40151164]
2.533249000005485	[ 0.43824787 -0.41907515  0.40151887]
2.533250000005485	[ 0.43825581 -0.41908983  0.4015261 ]
2.5332510000054853	[ 0.43826384 -0.41910461  0.40153343]
2.5332520000054854	[ 0.43827163 -0.41911918  0.40154051]
2.5332530000054856	[ 0.43827952 -0.4191339   0.4015477 ]
2.5332540000054857	[ 0.43828738 -0.41914863  0.40155486]
2.533255000005486	[ 0.43829523 -0.41916338  0.40156201]
2.533256000005486	[ 0.43830307 -0.41917813  0.40156915]
2.533257000005486	[ 0.43831089 -0.41919289  0.40157627]
2.5332580000054863	[ 0.43831869 -0.41920765  0.40158338]
2.5332590000054864	[ 0.43832649 -0.41922239  0.40159048]
2.5332600000054866	[ 0.43833428 -0.41923713  0.40159758]
2.5332610000054867	[ 0.43834207 -0.41925185  0.40160468]
2.533262000005487	[ 0.43834987 -0.41926656  0.40161178]
2.533263000005487	[ 0.43835767 -0.41928124  0.40161888]
2.533264000005487	[ 0.43836549 -0.41929591  0.401626  ]
2.5332650000054873	[ 0.43837332 -0.41931057  0.40163313]
2.5332660000054874	[ 0.43838116 -0.41932521  0.40164027]
2.5332670000054875	[ 0.43838901 -0.41933985  0.40164743]
2.5332680000054877	[ 0.43839688 -0.4193545   0.4016546 ]
2.533269000005488	[ 0.43840476 -0.41936915  0.40166177]
2.533270000005488	[ 0.43841265 -0.41938382  0.40166896]
2.533271000005488	[ 0.43842055 -0.4193985   0.40167615]
2.5332720000054882	[ 0.43842845 -0.41941321  0.40168335]
2.5332730000054884	[ 0.43843635 -0.41942794  0.40169054]
2.5332740000054885	[ 0.43844425 -0.41944268  0.40169774]
2.5332750000054887	[ 0.43845214 -0.41945744  0.40170493]
2.533276000005489	[ 0.43846003 -0.41947222  0.40171212]
2.533277000005489	[ 0.43846792 -0.41948699  0.4017193 ]
2.533278000005489	[ 0.4384758  -0.41950177  0.40172648]
2.5332790000054892	[ 0.43848368 -0.41951655  0.40173366]
2.5332800000054894	[ 0.43849156 -0.41953132  0.40174084]
2.5332810000054895	[ 0.43849945 -0.41954609  0.40174802]
2.5332820000054896	[ 0.43850733 -0.41956084  0.4017552 ]
2.53328300000549	[ 0.43851522 -0.41957559  0.40176239]
2.53328400000549	[ 0.43852312 -0.41959033  0.40176958]
2.53328500000549	[ 0.43853103 -0.41960507  0.40177678]
2.53328600000549	[ 0.43853894 -0.41961982  0.40178399]
2.5332870000054903	[ 0.43854686 -0.41963457  0.4017912 ]
2.5332880000054905	[ 0.43855478 -0.41964933  0.40179841]
2.5332890000054906	[ 0.4385627  -0.4196641   0.40180563]
2.5332900000054908	[ 0.43857063 -0.41967889  0.40181285]
2.533291000005491	[ 0.43857856 -0.41969368  0.40182007]
2.533292000005491	[ 0.43858648 -0.41970848  0.40182729]
2.533293000005491	[ 0.4385944  -0.41972328  0.40183451]
2.5332940000054913	[ 0.43860232 -0.41973807  0.40184172]
2.5332950000054915	[ 0.43861024 -0.41975286  0.40184893]
2.5332960000054916	[ 0.43861815 -0.41976763  0.40185613]
2.5332970000054917	[ 0.43862606 -0.41978239  0.40186334]
2.533298000005492	[ 0.43863398 -0.41979713  0.40187055]
2.533299000005492	[ 0.43864189 -0.41981185  0.40187775]
2.533300000005492	[ 0.4386498  -0.41982656  0.40188497]
2.5333010000054923	[ 0.43865773 -0.41984126  0.40189218]
2.5333020000054924	[ 0.43866566 -0.41985595  0.40189941]
2.5333030000054926	[ 0.43867359 -0.41987065  0.40190663]
2.5333040000054927	[ 0.43868154 -0.41988535  0.40191387]
2.533305000005493	[ 0.43868949 -0.41990007  0.40192111]
2.533306000005493	[ 0.43869744 -0.4199148   0.40192836]
2.533307000005493	[ 0.4387054  -0.41992956  0.40193561]
2.5333080000054933	[ 0.43871337 -0.41994434  0.40194287]
2.5333090000054934	[ 0.43872134 -0.41995914  0.40195012]
2.5333100000054936	[ 0.43872931 -0.41997395  0.40195738]
2.5333110000054937	[ 0.43873728 -0.41998879  0.40196464]
2.533312000005494	[ 0.43874525 -0.42000363  0.4019719 ]
2.533313000005494	[ 0.43875322 -0.42001847  0.40197916]
2.533314000005494	[ 0.43876119 -0.42003331  0.40198642]
2.5333150000054943	[ 0.43876916 -0.42004815  0.40199368]
2.5333160000054944	[ 0.43877713 -0.42006297  0.40200094]
2.5333170000054945	[ 0.4387851  -0.42007779  0.4020082 ]
2.5333180000054947	[ 0.43879307 -0.4200926   0.40201546]
2.533319000005495	[ 0.43880107 -0.42010739  0.40202275]
2.533320000005495	[ 0.43880901 -0.42012218  0.40202998]
2.533321000005495	[ 0.43881699 -0.42013698  0.40203725]
2.5333220000054952	[ 0.43882497 -0.42015178  0.40204452]
2.5333230000054954	[ 0.43883295 -0.42016659  0.40205178]
2.5333240000054955	[ 0.43884093 -0.42018141  0.40205905]
2.5333250000054957	[ 0.43884891 -0.42019624  0.40206632]
2.533326000005496	[ 0.43885689 -0.42021108  0.40207359]
2.533327000005496	[ 0.43886487 -0.42022593  0.40208086]
2.533328000005496	[ 0.43887286 -0.42024079  0.40208814]
2.533329000005496	[ 0.43888084 -0.42025566  0.40209541]
2.5333300000054964	[ 0.43888883 -0.42027052  0.40210269]
2.5333310000054965	[ 0.43889683 -0.42028538  0.40210997]
2.5333320000054966	[ 0.43890482 -0.42030023  0.40211725]
2.5333330000054968	[ 0.43891283 -0.42031508  0.40212454]
2.533334000005497	[ 0.43892083 -0.42032991  0.40213184]
2.533335000005497	[ 0.43892885 -0.42034473  0.40213914]
2.533336000005497	[ 0.43893687 -0.42035955  0.40214644]
2.5333370000054973	[ 0.43894489 -0.42037436  0.40215375]
2.5333380000054975	[ 0.43895292 -0.42038917  0.40216106]
2.5333390000054976	[ 0.43896095 -0.42040398  0.40216838]
2.5333400000054977	[ 0.43896898 -0.4204188   0.40217569]
2.533341000005498	[ 0.43897701 -0.42043363  0.40218301]
2.533342000005498	[ 0.43898504 -0.42044846  0.40219032]
2.533343000005498	[ 0.43899307 -0.42046331  0.40219763]
2.5333440000054983	[ 0.43900109 -0.42047817  0.40220494]
2.5333450000054984	[ 0.4390091  -0.42049303  0.40221224]
2.5333460000054986	[ 0.43901711 -0.4205079   0.40221953]
2.5333470000054987	[ 0.43902512 -0.42052278  0.40222682]
2.533348000005499	[ 0.43903311 -0.42053765  0.40223411]
2.533349000005499	[ 0.43904111 -0.42055252  0.40224139]
2.533350000005499	[ 0.4390491  -0.42056738  0.40224867]
2.5333510000054993	[ 0.43905709 -0.42058224  0.40225594]
2.5333520000054994	[ 0.43906507 -0.42059708  0.40226322]
2.5333530000054996	[ 0.43907306 -0.42061192  0.40227049]
2.5333540000054997	[ 0.43908105 -0.42062674  0.40227777]
2.5333550000055	[ 0.43908904 -0.42064157  0.40228505]
2.5333560000055	[ 0.43909703 -0.42065639  0.40229233]
2.5333570000055	[ 0.43910503 -0.42067121  0.40229961]
2.5333580000055003	[ 0.43911303 -0.42068604  0.4023069 ]
2.5333590000055004	[ 0.43912103 -0.42070087  0.40231419]
2.5333600000055005	[ 0.43912903 -0.42071571  0.40232148]
2.5333610000055007	[ 0.43913704 -0.42073056  0.40232877]
2.533362000005501	[ 0.43914505 -0.42074541  0.40233607]
2.533363000005501	[ 0.43915306 -0.42076027  0.40234336]
2.533364000005501	[ 0.43916107 -0.42077514  0.40235066]
2.5333650000055012	[ 0.43916908 -0.42079001  0.40235795]
2.5333660000055014	[ 0.43917709 -0.42080489  0.40236525]
2.5333670000055015	[ 0.4391851  -0.42081976  0.40237254]
2.5333680000055017	[ 0.4391931  -0.42083464  0.40237984]
2.533369000005502	[ 0.43920111 -0.42084952  0.40238713]
2.533370000005502	[ 0.43920911 -0.4208644   0.40239441]
2.533371000005502	[ 0.43921711 -0.42087928  0.4024017 ]
2.5333720000055022	[ 0.4392251  -0.42089415  0.40240898]
2.5333730000055024	[ 0.43923309 -0.42090903  0.40241625]
2.5333740000055025	[ 0.43924107 -0.42092392  0.40242352]
2.5333750000055026	[ 0.43924904 -0.4209388   0.40243079]
2.533376000005503	[ 0.43925701 -0.42095368  0.40243805]
2.533377000005503	[ 0.43926498 -0.42096857  0.4024453 ]
2.533378000005503	[ 0.43927294 -0.42098346  0.40245255]
2.533379000005503	[ 0.4392809  -0.42099834  0.4024598 ]
2.5333800000055033	[ 0.43928885 -0.42101323  0.40246705]
2.5333810000055035	[ 0.43929681 -0.42102811  0.40247429]
2.5333820000055036	[ 0.43930476 -0.42104299  0.40248154]
2.5333830000055038	[ 0.43931271 -0.42105786  0.40248878]
2.533384000005504	[ 0.43932067 -0.42107274  0.40249603]
2.533385000005504	[ 0.43932863 -0.42108761  0.40250328]
2.533386000005504	[ 0.43933659 -0.42110249  0.40251053]
2.5333870000055043	[ 0.43934456 -0.42111736  0.40251779]
2.5333880000055045	[ 0.43935253 -0.42113224  0.40252505]
2.5333890000055046	[ 0.43936051 -0.42114712  0.40253231]
2.5333900000055047	[ 0.43936848 -0.42116201  0.40253958]
2.533391000005505	[ 0.43937646 -0.42117691  0.40254685]
2.533392000005505	[ 0.43938445 -0.42119181  0.40255412]
2.533393000005505	[ 0.43939243 -0.42120671  0.40256139]
2.5333940000055053	[ 0.43940041 -0.42122163  0.40256866]
2.5333950000055054	[ 0.43940839 -0.42123654  0.40257593]
2.5333960000055056	[ 0.43941638 -0.42125145  0.4025832 ]
2.5333970000055057	[ 0.43942436 -0.42126636  0.40259047]
2.533398000005506	[ 0.43943234 -0.42128127  0.40259774]
2.533399000005506	[ 0.43944032 -0.42129617  0.40260501]
2.533400000005506	[ 0.4394483  -0.42131107  0.40261227]
2.5334010000055063	[ 0.43945627 -0.42132596  0.40261954]
2.5334020000055064	[ 0.43946425 -0.42134085  0.4026268 ]
2.5334030000055066	[ 0.43947222 -0.42135573  0.40263406]
2.5334040000055067	[ 0.43948019 -0.42137062  0.40264132]
2.533405000005507	[ 0.43948815 -0.4213855   0.40264857]
2.533406000005507	[ 0.43949611 -0.4214004   0.40265582]
2.533407000005507	[ 0.43950406 -0.4214153   0.40266306]
2.5334080000055073	[ 0.43951201 -0.42143021  0.4026703 ]
2.5334090000055074	[ 0.43951995 -0.42144512  0.40267753]
2.5334100000055075	[ 0.43952788 -0.42146005  0.40268476]
2.5334110000055077	[ 0.43953581 -0.42147499  0.40269198]
2.533412000005508	[ 0.43954373 -0.42148994  0.4026992 ]
2.533413000005508	[ 0.43955165 -0.42150489  0.40270641]
2.533414000005508	[ 0.43955957 -0.42151984  0.40271362]
2.5334150000055082	[ 0.43956749 -0.4215348   0.40272083]
2.5334160000055084	[ 0.4395754  -0.42154975  0.40272804]
2.5334170000055085	[ 0.43958332 -0.42156471  0.40273526]
2.5334180000055087	[ 0.43959124 -0.42157966  0.40274247]
2.533419000005509	[ 0.43959917 -0.42159461  0.40274969]
2.533420000005509	[ 0.4396071  -0.42160956  0.40275691]
2.533421000005509	[ 0.43961503 -0.42162451  0.40276414]
2.533422000005509	[ 0.43962297 -0.42163946  0.40277137]
2.5334230000055094	[ 0.43963091 -0.42165442  0.4027786 ]
2.5334240000055095	[ 0.43963886 -0.42166938  0.40278583]
2.5334250000055096	[ 0.4396468  -0.42168435  0.40279307]
2.5334260000055098	[ 0.43965475 -0.42169933  0.40280031]
2.53342700000551	[ 0.4396627  -0.42171432  0.40280755]
2.53342800000551	[ 0.43967065 -0.4217293   0.40281479]
2.53342900000551	[ 0.43967859 -0.4217443   0.40282203]
2.5334300000055103	[ 0.43968654 -0.42175929  0.40282927]
2.5334310000055105	[ 0.43969449 -0.42177428  0.4028365 ]
2.5334320000055106	[ 0.43970243 -0.42178926  0.40284374]
2.5334330000055107	[ 0.43971038 -0.42180424  0.40285098]
2.533434000005511	[ 0.43971832 -0.4218192   0.40285821]
2.533435000005511	[ 0.43972627 -0.42183417  0.40286545]
2.533436000005511	[ 0.43973422 -0.42184912  0.4028727 ]
2.5334370000055113	[ 0.43974218 -0.42186407  0.40287994]
2.5334380000055114	[ 0.43975014 -0.42187902  0.40288719]
2.5334390000055116	[ 0.4397581  -0.42189397  0.40289444]
2.5334400000055117	[ 0.43976606 -0.42190893  0.40290169]
2.533441000005512	[ 0.43977402 -0.42192389  0.40290894]
2.533442000005512	[ 0.43978198 -0.42193887  0.40291619]
2.533443000005512	[ 0.43978994 -0.42195386  0.40292344]
2.5334440000055123	[ 0.4397979  -0.42196886  0.40293069]
2.5334450000055124	[ 0.43980585 -0.42198387  0.40293793]
2.5334460000055126	[ 0.4398138  -0.42199889  0.40294517]
2.5334470000055127	[ 0.43982174 -0.42201392  0.40295241]
2.533448000005513	[ 0.43982968 -0.42202894  0.40295964]
2.533449000005513	[ 0.43983762 -0.42204397  0.40296687]
2.533450000005513	[ 0.43984555 -0.42205899  0.40297409]
2.5334510000055133	[ 0.43985349 -0.42207399  0.40298132]
2.5334520000055134	[ 0.43986142 -0.42208899  0.40298854]
2.5334530000055135	[ 0.43986935 -0.42210398  0.40299577]
2.5334540000055137	[ 0.43987729 -0.42211896  0.40300299]
2.533455000005514	[ 0.43988523 -0.42213393  0.40301023]
2.533456000005514	[ 0.43989317 -0.42214889  0.40301746]
2.533457000005514	[ 0.43990112 -0.42216385  0.4030247 ]
2.5334580000055142	[ 0.43990908 -0.42217882  0.40303195]
2.5334590000055144	[ 0.43991704 -0.42219379  0.4030392 ]
2.5334600000055145	[ 0.439925   -0.42220877  0.40304645]
2.5334610000055147	[ 0.43993296 -0.42222377  0.4030537 ]
2.533462000005515	[ 0.43994092 -0.42223878  0.40306095]
2.533463000005515	[ 0.43994889 -0.42225381  0.40306821]
2.533464000005515	[ 0.43995685 -0.42226885  0.40307546]
2.533465000005515	[ 0.4399648 -0.4222839  0.4030827]
2.5334660000055154	[ 0.43997276 -0.42229896  0.40308995]
2.5334670000055155	[ 0.43998071 -0.42231402  0.40309718]
2.5334680000055156	[ 0.43998865 -0.42232909  0.40310442]
2.533469000005516	[ 0.43999659 -0.42234415  0.40311165]
2.533470000005516	[ 0.44000452 -0.42235921  0.40311888]
2.533471000005516	[ 0.44001245 -0.42237425  0.4031261 ]
2.533472000005516	[ 0.44002039 -0.42238929  0.40313332]
2.5334730000055163	[ 0.44002832 -0.42240432  0.40314055]
2.5334740000055165	[ 0.44003625 -0.42241934  0.40314777]
2.5334750000055166	[ 0.44004419 -0.42243435  0.403155  ]
2.5334760000055168	[ 0.44005213 -0.42244935  0.40316223]
2.533477000005517	[ 0.44006007 -0.42246435  0.40316947]
2.533478000005517	[ 0.44006802 -0.42247934  0.40317671]
2.533479000005517	[ 0.44007598 -0.42249434  0.40318396]
2.5334800000055173	[ 0.44008394 -0.42250933  0.40319121]
2.5334810000055175	[ 0.44009191 -0.42252433  0.40319847]
2.5334820000055176	[ 0.44009988 -0.42253934  0.40320573]
2.5334830000055177	[ 0.44010786 -0.42255434  0.40321299]
2.533484000005518	[ 0.44011584 -0.42256936  0.40322026]
2.533485000005518	[ 0.44012382 -0.42258437  0.40322753]
2.533486000005518	[ 0.4401318  -0.42259939  0.4032348 ]
2.5334870000055183	[ 0.44013979 -0.42261442  0.40324207]
2.5334880000055184	[ 0.44014777 -0.42262945  0.40324935]
2.5334890000055186	[ 0.44015575 -0.42264448  0.40325662]
2.5334900000055187	[ 0.44016373 -0.42265951  0.40326388]
2.533491000005519	[ 0.44017171 -0.42267454  0.40327115]
2.533492000005519	[ 0.44017969 -0.42268958  0.40327841]
2.533493000005519	[ 0.44018766 -0.42270462  0.40328567]
2.5334940000055193	[ 0.44019563 -0.42271966  0.40329293]
2.5334950000055194	[ 0.4402036  -0.4227347   0.40330019]
2.5334960000055196	[ 0.44021156 -0.42274975  0.40330744]
2.5334970000055197	[ 0.44021953 -0.4227648   0.4033147 ]
2.53349800000552	[ 0.44022749 -0.42277984  0.40332195]
2.53349900000552	[ 0.44023546 -0.42279489  0.40332921]
2.53350000000552	[ 0.44024343 -0.42280994  0.40333647]
2.5335010000055203	[ 0.4402514  -0.42282499  0.40334373]
2.5335020000055204	[ 0.44025937 -0.42284004  0.40335099]
2.5335030000055205	[ 0.44026735 -0.42285508  0.40335826]
2.5335040000055207	[ 0.44027533 -0.42287013  0.40336552]
2.533505000005521	[ 0.44028332 -0.42288517  0.4033728 ]
2.533506000005521	[ 0.4402913  -0.42290022  0.40338007]
2.533507000005521	[ 0.44029929 -0.42291527  0.40338734]
2.5335080000055212	[ 0.44030728 -0.42293032  0.40339462]
2.5335090000055214	[ 0.44031527 -0.42294537  0.4034019 ]
2.5335100000055215	[ 0.44032326 -0.42296042  0.40340917]
2.5335110000055217	[ 0.44033125 -0.42297547  0.40341645]
2.533512000005522	[ 0.44033923 -0.42299053  0.40342372]
2.533513000005522	[ 0.44034721 -0.42300558  0.40343099]
2.533514000005522	[ 0.44035519 -0.42302064  0.40343826]
2.533515000005522	[ 0.44036317 -0.42303569  0.40344552]
2.5335160000055224	[ 0.44037114 -0.42305075  0.40345278]
2.5335170000055225	[ 0.44037911 -0.4230658   0.40346004]
2.5335180000055226	[ 0.44038708 -0.42308086  0.4034673 ]
2.5335190000055228	[ 0.44039505 -0.42309591  0.40347455]
2.533520000005523	[ 0.44040302 -0.42311097  0.40348181]
2.533521000005523	[ 0.44041099 -0.42312603  0.40348907]
2.533522000005523	[ 0.44041896 -0.42314109  0.40349633]
2.5335230000055233	[ 0.44042694 -0.42315616  0.4035036 ]
2.5335240000055235	[ 0.44043492 -0.42317123  0.40351087]
2.5335250000055236	[ 0.4404429  -0.42318632  0.40351814]
2.5335260000055237	[ 0.44045089 -0.42320141  0.40352542]
2.533527000005524	[ 0.44045889 -0.42321651  0.4035327 ]
2.533528000005524	[ 0.44046688 -0.42323162  0.40353998]
2.533529000005524	[ 0.44047489 -0.42324673  0.40354727]
2.5335300000055243	[ 0.44048289 -0.42326185  0.40355456]
2.5335310000055244	[ 0.4404909  -0.42327696  0.40356185]
2.5335320000055246	[ 0.44049891 -0.42329208  0.40356915]
2.5335330000055247	[ 0.44050692 -0.42330719  0.40357645]
2.533534000005525	[ 0.44051494 -0.42332229  0.40358375]
2.533535000005525	[ 0.44052295 -0.42333738  0.40359105]
2.533536000005525	[ 0.44053096 -0.42335247  0.40359834]
2.5335370000055253	[ 0.44053898 -0.42336755  0.40360564]
2.5335380000055254	[ 0.44054699 -0.42338262  0.40361294]
2.5335390000055256	[ 0.44055501 -0.42339769  0.40362024]
2.5335400000055257	[ 0.44056302 -0.42341275  0.40362754]
2.533541000005526	[ 0.44057104 -0.42342781  0.40363484]
2.533542000005526	[ 0.44057905 -0.42344288  0.40364214]
2.533543000005526	[ 0.44058707 -0.42345795  0.40364944]
2.5335440000055263	[ 0.44059509 -0.42347302  0.40365675]
2.5335450000055264	[ 0.4406031  -0.42348811  0.40366405]
2.5335460000055265	[ 0.44061112 -0.4235032   0.40367135]
2.5335470000055267	[ 0.44061915 -0.4235183   0.40367866]
2.533548000005527	[ 0.44062717 -0.42353341  0.40368597]
2.533549000005527	[ 0.4406352  -0.42354852  0.40369328]
2.533550000005527	[ 0.44064324 -0.42356364  0.4037006 ]
2.5335510000055272	[ 0.44065128 -0.42357877  0.40370792]
2.5335520000055274	[ 0.44065933 -0.42359389  0.40371525]
2.5335530000055275	[ 0.44066738 -0.42360902  0.40372259]
2.5335540000055277	[ 0.44067545 -0.42362415  0.40372994]
2.533555000005528	[ 0.44068352 -0.42363928  0.40373729]
2.533556000005528	[ 0.4406916  -0.42365442  0.40374464]
2.533557000005528	[ 0.44069968 -0.42366956  0.403752  ]
2.533558000005528	[ 0.44070776 -0.42368471  0.40375937]
2.5335590000055284	[ 0.44071585 -0.42369987  0.40376673]
2.5335600000055285	[ 0.44072393 -0.42371504  0.40377409]
2.5335610000055286	[ 0.44073201 -0.42373021  0.40378145]
2.533562000005529	[ 0.44074009 -0.4237454   0.40378881]
2.533563000005529	[ 0.44074815 -0.4237606   0.40379616]
2.533564000005529	[ 0.44075621 -0.4237758   0.4038035 ]
2.533565000005529	[ 0.44076426 -0.423791    0.40381083]
2.5335660000055293	[ 0.4407723  -0.4238062   0.40381815]
2.5335670000055295	[ 0.44078033 -0.4238214   0.40382546]
2.5335680000055296	[ 0.44078836 -0.4238366   0.40383277]
2.5335690000055298	[ 0.44079639 -0.42385178  0.40384009]
2.53357000000553	[ 0.44080438 -0.42386696  0.40384737]
2.53357100000553	[ 0.4408124  -0.42388212  0.40385466]
2.53357200000553	[ 0.44082041 -0.42389728  0.40386196]
2.5335730000055303	[ 0.44082843 -0.42391243  0.40386927]
2.5335740000055305	[ 0.44083645 -0.42392757  0.40387657]
2.5335750000055306	[ 0.44084448 -0.42394271  0.40388389]
2.5335760000055307	[ 0.44085252 -0.42395786  0.40389121]
2.533577000005531	[ 0.44086057 -0.42397301  0.40389854]
2.533578000005531	[ 0.44086863 -0.42398817  0.40390588]
2.533579000005531	[ 0.4408767  -0.42400334  0.40391323]
2.5335800000055313	[ 0.44088478 -0.42401852  0.40392059]
2.5335810000055314	[ 0.44089286 -0.42403372  0.40392795]
2.5335820000055316	[ 0.44090095 -0.42404893  0.40393532]
2.5335830000055317	[ 0.44090904 -0.42406416  0.40394269]
2.533584000005532	[ 0.44091713 -0.42407939  0.40395006]
2.533585000005532	[ 0.44092522 -0.42409463  0.40395743]
2.533586000005532	[ 0.44093331 -0.42410987  0.40396479]
2.5335870000055323	[ 0.4409414  -0.42412511  0.40397216]
2.5335880000055324	[ 0.44094949 -0.42414034  0.40397952]
2.5335890000055326	[ 0.44095757 -0.42415557  0.40398689]
2.5335900000055327	[ 0.44096565 -0.4241708   0.40399425]
2.533591000005533	[ 0.44097373 -0.42418601  0.4040016 ]
2.533592000005533	[ 0.4409818  -0.42420122  0.40400896]
2.533593000005533	[ 0.44098988 -0.42421642  0.40401631]
2.5335940000055333	[ 0.44099795 -0.42423162  0.40402367]
2.5335950000055334	[ 0.44100603 -0.42424682  0.40403102]
2.5335960000055335	[ 0.4410141  -0.42426202  0.40403837]
2.5335970000055337	[ 0.44102217 -0.42427722  0.40404572]
2.533598000005534	[ 0.44103024 -0.42429242  0.40405307]
2.533599000005534	[ 0.4410383  -0.42430763  0.40406042]
2.533600000005534	[ 0.44104636 -0.42432285  0.40406776]
2.5336010000055342	[ 0.44105442 -0.42433806  0.4040751 ]
2.5336020000055344	[ 0.44106247 -0.42435329  0.40408243]
2.5336030000055345	[ 0.44107052 -0.42436851  0.40408976]
2.5336040000055347	[ 0.44107856 -0.42438374  0.40409708]
2.533605000005535	[ 0.44108659 -0.42439897  0.4041044 ]
2.533606000005535	[ 0.44109463 -0.4244142   0.40411171]
2.533607000005535	[ 0.44110265 -0.42442943  0.40411902]
2.533608000005535	[ 0.44111068 -0.42444466  0.40412633]
2.5336090000055353	[ 0.4411187  -0.42445989  0.40413364]
2.5336100000055355	[ 0.44112673 -0.42447513  0.40414095]
2.5336110000055356	[ 0.44113475 -0.42449036  0.40414826]
2.5336120000055358	[ 0.44114278 -0.42450559  0.40415557]
2.533613000005536	[ 0.44115082 -0.42452083  0.40416289]
2.533614000005536	[ 0.44115885 -0.42453607  0.40417021]
2.533615000005536	[ 0.4411669  -0.42455132  0.40417753]
2.5336160000055363	[ 0.44117495 -0.42456658  0.40418487]
2.5336170000055365	[ 0.44118301 -0.42458183  0.40419221]
2.5336180000055366	[ 0.44119107 -0.4245971   0.40419955]
2.5336190000055367	[ 0.44119914 -0.42461237  0.4042069 ]
2.533620000005537	[ 0.44120722 -0.42462764  0.40421426]
2.533621000005537	[ 0.4412153  -0.42464291  0.40422161]
2.533622000005537	[ 0.44122338 -0.42465819  0.40422898]
2.5336230000055373	[ 0.44123147 -0.42467347  0.40423634]
2.5336240000055374	[ 0.44123955 -0.42468876  0.4042437 ]
2.5336250000055376	[ 0.44124763 -0.42470404  0.40425106]
2.5336260000055377	[ 0.4412557  -0.42471933  0.40425841]
2.533627000005538	[ 0.44126377 -0.42473462  0.40426576]
2.533628000005538	[ 0.44127184 -0.42474991  0.40427311]
2.533629000005538	[ 0.44127989 -0.42476521  0.40428044]
2.5336300000055383	[ 0.44128794 -0.4247805   0.40428777]
2.5336310000055384	[ 0.44129597 -0.42479579  0.40429509]
2.5336320000055386	[ 0.441304   -0.42481108  0.4043024 ]
2.5336330000055387	[ 0.44131202 -0.42482638  0.4043097 ]
2.533634000005539	[ 0.44132003 -0.42484166  0.40431699]
2.533635000005539	[ 0.44132803 -0.42485695  0.40432428]
2.533636000005539	[ 0.44133603 -0.42487223  0.40433157]
2.5336370000055393	[ 0.44134402 -0.42488751  0.40433885]
2.5336380000055394	[ 0.44135201 -0.42490279  0.40434612]
2.5336390000055395	[ 0.44136    -0.42491807  0.4043534 ]
2.5336400000055397	[ 0.441368   -0.42493335  0.40436068]
2.53364100000554	[ 0.441376   -0.42494864  0.40436797]
2.53364200000554	[ 0.441384   -0.42496393  0.40437525]
2.53364300000554	[ 0.44139201 -0.42497922  0.40438255]
2.5336440000055402	[ 0.44140002 -0.42499452  0.40438984]
2.5336450000055404	[ 0.44140804 -0.42500983  0.40439715]
2.5336460000055405	[ 0.44141606 -0.42502515  0.40440446]
2.5336470000055407	[ 0.4414241  -0.42504048  0.40441177]
2.533648000005541	[ 0.44143213 -0.42505582  0.40441909]
2.533649000005541	[ 0.44144017 -0.42507116  0.40442641]
2.533650000005541	[ 0.44144821 -0.42508651  0.40443374]
2.533651000005541	[ 0.44145626 -0.42510186  0.40444107]
2.5336520000055414	[ 0.44146431 -0.42511721  0.40444839]
2.5336530000055415	[ 0.44147235 -0.42513256  0.40445572]
2.5336540000055416	[ 0.4414804  -0.42514791  0.40446305]
2.533655000005542	[ 0.44148844 -0.42516326  0.40447038]
2.533656000005542	[ 0.44149649 -0.4251786   0.4044777 ]
2.533657000005542	[ 0.44150453 -0.42519395  0.40448502]
2.533658000005542	[ 0.44151256 -0.42520929  0.40449234]
2.5336590000055423	[ 0.4415206  -0.42522464  0.40449966]
2.5336600000055425	[ 0.44152862 -0.42524     0.40450697]
2.5336610000055426	[ 0.44153665 -0.42525535  0.40451427]
2.5336620000055428	[ 0.44154467 -0.42527072  0.40452158]
2.533663000005543	[ 0.44155268 -0.42528609  0.40452888]
2.533664000005543	[ 0.44156069 -0.42530146  0.40453617]
2.533665000005543	[ 0.44156869 -0.42531684  0.40454346]
2.5336660000055433	[ 0.44157669 -0.42533222  0.40455074]
2.5336670000055435	[ 0.44158469 -0.4253476   0.40455803]
2.5336680000055436	[ 0.44159268 -0.42536298  0.40456531]
2.5336690000055437	[ 0.44160068 -0.42537835  0.40457259]
2.533670000005544	[ 0.44160867 -0.42539371  0.40457987]
2.533671000005544	[ 0.44161667 -0.42540907  0.40458715]
2.533672000005544	[ 0.44162467 -0.42542442  0.40459443]
2.5336730000055443	[ 0.44163267 -0.42543976  0.40460172]
2.5336740000055444	[ 0.44164068 -0.42545509  0.40460902]
2.5336750000055446	[ 0.4416487  -0.42547043  0.40461632]
2.5336760000055447	[ 0.44165672 -0.42548576  0.40462362]
2.533677000005545	[ 0.44166475 -0.4255011   0.40463094]
2.533678000005545	[ 0.44167279 -0.42551645  0.40463825]
2.533679000005545	[ 0.44168083 -0.42553181  0.40464558]
2.5336800000055453	[ 0.44168887 -0.42554719  0.40465291]
2.5336810000055454	[ 0.44169693 -0.42556258  0.40466024]
2.5336820000055456	[ 0.44170498 -0.42557799  0.40466757]
2.5336830000055457	[ 0.44171303 -0.42559342  0.40467491]
2.533684000005546	[ 0.44172109 -0.42560886  0.40468225]
2.533685000005546	[ 0.44172914 -0.4256243   0.40468958]
2.533686000005546	[ 0.4417372  -0.42563975  0.40469692]
2.5336870000055463	[ 0.44174525 -0.4256552   0.40470425]
2.5336880000055464	[ 0.4417533  -0.42567065  0.40471158]
2.5336890000055465	[ 0.44176135 -0.42568609  0.40471891]
2.5336900000055467	[ 0.44176939 -0.42570151  0.40472623]
2.533691000005547	[ 0.44177743 -0.42571692  0.40473356]
2.533692000005547	[ 0.44178548 -0.42573232  0.40474089]
2.533693000005547	[ 0.44179352 -0.4257477   0.40474821]
2.5336940000055472	[ 0.44180156 -0.42576308  0.40475553]
2.5336950000055474	[ 0.4418096  -0.42577844  0.40476286]
2.5336960000055475	[ 0.44181764 -0.42579379  0.40477018]
2.5336970000055477	[ 0.44182568 -0.42580915  0.4047775 ]
2.533698000005548	[ 0.44183372 -0.4258245   0.40478482]
2.533699000005548	[ 0.44184175 -0.42583985  0.40479213]
2.533700000005548	[ 0.44184978 -0.42585521  0.40479945]
2.533701000005548	[ 0.44185781 -0.42587057  0.40480676]
2.5337020000055483	[ 0.44186583 -0.42588594  0.40481406]
2.5337030000055485	[ 0.44187385 -0.42590132  0.40482137]
2.5337040000055486	[ 0.44188187 -0.4259167   0.40482867]
2.5337050000055488	[ 0.44188989 -0.42593208  0.40483597]
2.533706000005549	[ 0.4418979  -0.42594747  0.40484327]
2.533707000005549	[ 0.44190592 -0.42596287  0.40485057]
2.533708000005549	[ 0.44191394 -0.42597827  0.40485787]
2.5337090000055493	[ 0.44192196 -0.42599367  0.40486518]
2.5337100000055495	[ 0.44192999 -0.42600907  0.40487249]
2.5337110000055496	[ 0.44193803 -0.42602448  0.40487981]
2.5337120000055497	[ 0.44194607 -0.4260399   0.40488713]
2.53371300000555	[ 0.44195412 -0.42605532  0.40489447]
2.53371400000555	[ 0.44196218 -0.42607075  0.40490181]
2.53371500000555	[ 0.44197025 -0.42608618  0.40490916]
2.5337160000055503	[ 0.44197833 -0.42610162  0.40491651]
2.5337170000055504	[ 0.44198641 -0.42611707  0.40492388]
2.5337180000055506	[ 0.4419945  -0.42613253  0.40493124]
2.5337190000055507	[ 0.4420026  -0.42614798  0.40493862]
2.533720000005551	[ 0.4420107  -0.42616344  0.40494599]
2.533721000005551	[ 0.4420188  -0.4261789   0.40495337]
2.533722000005551	[ 0.4420269  -0.42619436  0.40496074]
2.5337230000055513	[ 0.44203499 -0.42620981  0.40496812]
2.5337240000055514	[ 0.44204309 -0.42622526  0.40497549]
2.5337250000055516	[ 0.44205118 -0.4262407   0.40498286]
2.5337260000055517	[ 0.44205926 -0.42625614  0.40499022]
2.533727000005552	[ 0.44206734 -0.42627158  0.40499758]
2.533728000005552	[ 0.44207541 -0.42628701  0.40500493]
2.533729000005552	[ 0.44208348 -0.42630244  0.40501228]
2.5337300000055523	[ 0.44209154 -0.42631786  0.40501962]
2.5337310000055524	[ 0.4420996  -0.42633329  0.40502696]
2.5337320000055525	[ 0.44210765 -0.42634871  0.40503429]
2.5337330000055527	[ 0.4421157  -0.42636414  0.40504162]
2.533734000005553	[ 0.44212375 -0.42637957  0.40504895]
2.533735000005553	[ 0.4421318  -0.42639499  0.40505628]
2.533736000005553	[ 0.44213985 -0.42641042  0.40506362]
2.5337370000055532	[ 0.44214791 -0.42642585  0.40507095]
2.5337380000055534	[ 0.44215596 -0.42644128  0.40507829]
2.5337390000055535	[ 0.44216402 -0.42645671  0.40508563]
2.5337400000055537	[ 0.44217209 -0.42647214  0.40509297]
2.533741000005554	[ 0.44218016 -0.42648756  0.40510032]
2.533742000005554	[ 0.44218824 -0.42650298  0.40510768]
2.533743000005554	[ 0.44219632 -0.42651841  0.40511504]
2.533744000005554	[ 0.44220441 -0.42653383  0.40512241]
2.5337450000055544	[ 0.44221251 -0.42654925  0.40512978]
2.5337460000055545	[ 0.44222061 -0.42656467  0.40513716]
2.5337470000055546	[ 0.44222871 -0.4265801   0.40514454]
2.533748000005555	[ 0.44223682 -0.42659553  0.40515193]
2.533749000005555	[ 0.44224493 -0.42661096  0.40515931]
2.533750000005555	[ 0.44225305 -0.42662641  0.4051667 ]
2.533751000005555	[ 0.44226116 -0.42664186  0.40517409]
2.5337520000055553	[ 0.44226927 -0.42665731  0.40518147]
2.5337530000055555	[ 0.44227737 -0.42667277  0.40518885]
2.5337540000055556	[ 0.44228547 -0.42668823  0.40519623]
2.5337550000055558	[ 0.44229357 -0.4267037   0.40520361]
2.533756000005556	[ 0.44230167 -0.42671917  0.40521098]
2.533757000005556	[ 0.44230975 -0.42673464  0.40521834]
2.533758000005556	[ 0.44231784 -0.4267501   0.4052257 ]
2.5337590000055563	[ 0.44232592 -0.42676557  0.40523306]
2.5337600000055565	[ 0.44233399 -0.42678103  0.40524042]
2.5337610000055566	[ 0.44234206 -0.42679649  0.40524777]
2.5337620000055567	[ 0.44235013 -0.42681195  0.40525512]
2.533763000005557	[ 0.4423582  -0.42682741  0.40526246]
2.533764000005557	[ 0.44236627 -0.42684287  0.40526981]
2.533765000005557	[ 0.44237434 -0.42685833  0.40527716]
2.5337660000055573	[ 0.44238241 -0.42687379  0.40528451]
2.5337670000055574	[ 0.44239048 -0.42688925  0.40529186]
2.5337680000055576	[ 0.44239856 -0.42690471  0.40529921]
2.5337690000055577	[ 0.44240664 -0.42692018  0.40530657]
2.533770000005558	[ 0.44241472 -0.42693564  0.40531393]
2.533771000005558	[ 0.44242281 -0.42695112  0.4053213 ]
2.533772000005558	[ 0.44243091 -0.42696659  0.40532868]
2.5337730000055583	[ 0.44243901 -0.42698207  0.40533606]
2.5337740000055584	[ 0.44244712 -0.42699756  0.40534344]
2.5337750000055586	[ 0.44245524 -0.42701305  0.40535083]
2.5337760000055587	[ 0.44246336 -0.42702854  0.40535823]
2.533777000005559	[ 0.44247149 -0.42704404  0.40536563]
2.533778000005559	[ 0.44247962 -0.42705954  0.40537303]
2.533779000005559	[ 0.44248775 -0.42707505  0.40538044]
2.5337800000055593	[ 0.44249588 -0.42709056  0.40538785]
2.5337810000055594	[ 0.44250401 -0.42710608  0.40539525]
2.5337820000055595	[ 0.44251214 -0.4271216   0.40540266]
2.5337830000055597	[ 0.44252027 -0.42713712  0.40541006]
2.53378400000556	[ 0.4425284  -0.42715265  0.40541746]
2.53378500000556	[ 0.44253652 -0.42716817  0.40542485]
2.53378600000556	[ 0.44254463 -0.42718369  0.40543224]
2.5337870000055602	[ 0.44255274 -0.42719921  0.40543963]
2.5337880000055604	[ 0.44256085 -0.42721472  0.40544702]
2.5337890000055605	[ 0.44256896 -0.42723023  0.4054544 ]
2.5337900000055606	[ 0.44257706 -0.42724574  0.40546177]
2.533791000005561	[ 0.44258516 -0.42726124  0.40546915]
2.533792000005561	[ 0.44259326 -0.42727673  0.40547652]
2.533793000005561	[ 0.44260135 -0.42729223  0.4054839 ]
2.533794000005561	[ 0.44260945 -0.42730772  0.40549128]
2.5337950000055613	[ 0.44261756 -0.42732322  0.40549865]
2.5337960000055615	[ 0.44262566 -0.42733873  0.40550604]
2.5337970000055616	[ 0.44263377 -0.42735424  0.40551342]
2.5337980000055618	[ 0.44264188 -0.42736976  0.4055208 ]
2.533799000005562	[ 0.44264999 -0.42738529  0.40552819]
2.533800000005562	[ 0.44265811 -0.42740083  0.40553558]
2.533801000005562	[ 0.44266622 -0.42741638  0.40554298]
2.5338020000055623	[ 0.44267434 -0.42743194  0.40555037]
2.5338030000055625	[ 0.44268246 -0.4274475   0.40555776]
2.5338040000055626	[ 0.44269058 -0.42746307  0.40556516]
2.5338050000055627	[ 0.44269871 -0.42747865  0.40557256]
2.533806000005563	[ 0.44270683 -0.42749422  0.40557995]
2.533807000005563	[ 0.44271495 -0.42750979  0.40558735]
2.533808000005563	[ 0.44272307 -0.42752536  0.40559475]
2.5338090000055633	[ 0.4427312  -0.42754093  0.40560215]
2.5338100000055634	[ 0.44273933 -0.42755649  0.40560955]
2.5338110000055636	[ 0.44274746 -0.42757205  0.40561695]
2.5338120000055637	[ 0.44275559 -0.42758761  0.40562436]
2.533813000005564	[ 0.44276372 -0.42760317  0.40563177]
2.533814000005564	[ 0.44277186 -0.42761873  0.40563918]
2.533815000005564	[ 0.44278    -0.4276343   0.40564659]
2.5338160000055643	[ 0.44278814 -0.42764987  0.405654  ]
2.5338170000055644	[ 0.44279628 -0.42766545  0.40566142]
2.5338180000055646	[ 0.44280442 -0.42768104  0.40566883]
2.5338190000055647	[ 0.44281256 -0.42769664  0.40567624]
2.533820000005565	[ 0.4428207  -0.42771225  0.40568365]
2.533821000005565	[ 0.44282883 -0.42772786  0.40569106]
2.533822000005565	[ 0.44283696 -0.42774348  0.40569846]
2.5338230000055653	[ 0.44284509 -0.4277591   0.40570587]
2.5338240000055654	[ 0.44285322 -0.42777472  0.40571326]
2.5338250000055655	[ 0.44286134 -0.42779034  0.40572066]
2.5338260000055657	[ 0.44286945 -0.42780595  0.40572805]
2.533827000005566	[ 0.44287757 -0.42782156  0.40573544]
2.533828000005566	[ 0.44288568 -0.42783717  0.40574283]
2.533829000005566	[ 0.4428938  -0.42785277  0.40575022]
2.5338300000055662	[ 0.44290191 -0.42786837  0.40575761]
2.5338310000055664	[ 0.44291003 -0.42788396  0.405765  ]
2.5338320000055665	[ 0.44291815 -0.42789956  0.4057724 ]
2.5338330000055667	[ 0.44292627 -0.42791517  0.40577979]
2.533834000005567	[ 0.4429344  -0.42793077  0.40578719]
2.533835000005567	[ 0.44294252 -0.42794639  0.40579459]
2.533836000005567	[ 0.44295065 -0.42796201  0.405802  ]
2.533837000005567	[ 0.44295878 -0.42797764  0.4058094 ]
2.5338380000055674	[ 0.44296692 -0.42799327  0.40581681]
2.5338390000055675	[ 0.44297505 -0.42800892  0.40582421]
2.5338400000055676	[ 0.44298318 -0.42802457  0.40583162]
2.533841000005568	[ 0.44299132 -0.42804022  0.40583903]
2.533842000005568	[ 0.44299945 -0.42805587  0.40584644]
2.533843000005568	[ 0.44300759 -0.42807152  0.40585384]
2.533844000005568	[ 0.44301572 -0.42808717  0.40586125]
2.5338450000055683	[ 0.44302386 -0.42810282  0.40586866]
2.5338460000055685	[ 0.44303199 -0.42811846  0.40587607]
2.5338470000055686	[ 0.44304013 -0.4281341   0.40588348]
2.5338480000055688	[ 0.44304827 -0.42814973  0.40589089]
2.533849000005569	[ 0.4430564  -0.42816537  0.4058983 ]
2.533850000005569	[ 0.44306454 -0.428181    0.40590571]
2.533851000005569	[ 0.44307268 -0.42819663  0.40591312]
2.5338520000055693	[ 0.44308082 -0.42821227  0.40592053]
2.5338530000055695	[ 0.44308895 -0.42822792  0.40592794]
2.5338540000055696	[ 0.44309709 -0.42824357  0.40593535]
2.5338550000055697	[ 0.44310522 -0.42825922  0.40594276]
2.53385600000557	[ 0.44311335 -0.42827488  0.40595016]
2.53385700000557	[ 0.44312147 -0.42829055  0.40595756]
2.53385800000557	[ 0.44312959 -0.42830623  0.40596495]
2.5338590000055703	[ 0.44313771 -0.4283219   0.40597234]
2.5338600000055704	[ 0.44314582 -0.42833758  0.40597973]
2.5338610000055706	[ 0.44315393 -0.42835327  0.40598712]
2.5338620000055707	[ 0.44316204 -0.42836895  0.4059945 ]
2.533863000005571	[ 0.44317015 -0.42838463  0.40600189]
2.533864000005571	[ 0.44317826 -0.42840031  0.40600927]
2.533865000005571	[ 0.44318638 -0.428416    0.40601666]
2.5338660000055713	[ 0.44319449 -0.42843168  0.40602405]
2.5338670000055714	[ 0.44320261 -0.42844736  0.40603144]
2.5338680000055716	[ 0.44321073 -0.42846305  0.40603884]
2.5338690000055717	[ 0.44321885 -0.42847874  0.40604623]
2.533870000005572	[ 0.44322698 -0.42849444  0.40605363]
2.533871000005572	[ 0.44323511 -0.42851014  0.40606104]
2.533872000005572	[ 0.44324324 -0.42852585  0.40606844]
2.5338730000055723	[ 0.44325137 -0.42854157  0.40607585]
2.5338740000055724	[ 0.4432595  -0.42855729  0.40608325]
2.5338750000055725	[ 0.44326763 -0.42857301  0.40609065]
2.5338760000055727	[ 0.44327576 -0.42858874  0.40609805]
2.533877000005573	[ 0.44328388 -0.42860448  0.40610545]
2.533878000005573	[ 0.443292   -0.42862021  0.40611285]
2.533879000005573	[ 0.44330012 -0.42863594  0.40612024]
2.5338800000055732	[ 0.44330824 -0.42865167  0.40612764]
2.5338810000055734	[ 0.44331636 -0.4286674   0.40613503]
2.5338820000055735	[ 0.44332447 -0.42868312  0.40614242]
2.5338830000055736	[ 0.44333259 -0.42869883  0.40614981]
2.533884000005574	[ 0.4433407  -0.42871455  0.4061572 ]
2.533885000005574	[ 0.44334882 -0.42873026  0.40616459]
2.533886000005574	[ 0.44335693 -0.42874597  0.40617198]
2.533887000005574	[ 0.44336505 -0.42876168  0.40617937]
2.5338880000055743	[ 0.44337317 -0.42877739  0.40618676]
2.5338890000055745	[ 0.44338129 -0.4287931   0.40619416]
2.5338900000055746	[ 0.44338941 -0.42880882  0.40620155]
2.5338910000055748	[ 0.44339753 -0.42882455  0.40620895]
2.533892000005575	[ 0.44340565 -0.42884028  0.40621634]
2.533893000005575	[ 0.44341378 -0.42885602  0.40622374]
2.533894000005575	[ 0.44342189 -0.42887176  0.40623113]
2.5338950000055753	[ 0.44343001 -0.42888751  0.40623853]
2.5338960000055755	[ 0.44343813 -0.42890326  0.40624592]
2.5338970000055756	[ 0.44344625 -0.42891902  0.40625331]
2.5338980000055757	[ 0.44345436 -0.42893478  0.4062607 ]
2.533899000005576	[ 0.44346247 -0.42895054  0.40626808]
2.533900000005576	[ 0.44347058 -0.4289663   0.40627547]
2.533901000005576	[ 0.44347869 -0.42898206  0.40628286]
2.5339020000055763	[ 0.4434868  -0.42899782  0.40629024]
2.5339030000055764	[ 0.44349492 -0.42901357  0.40629763]
2.5339040000055766	[ 0.44350303 -0.42902933  0.40630502]
2.5339050000055767	[ 0.44351114 -0.42904509  0.4063124 ]
2.533906000005577	[ 0.44351926 -0.42906084  0.4063198 ]
2.533907000005577	[ 0.44352738 -0.4290766   0.40632719]
2.533908000005577	[ 0.4435355  -0.42909235  0.40633458]
2.5339090000055773	[ 0.44354362 -0.42910811  0.40634198]
2.5339100000055774	[ 0.44355175 -0.42912388  0.40634938]
2.5339110000055776	[ 0.44355987 -0.42913965  0.40635678]
2.5339120000055777	[ 0.443568   -0.42915542  0.40636418]
2.533913000005578	[ 0.44357613 -0.4291712   0.40637159]
2.533914000005578	[ 0.44358426 -0.42918699  0.40637899]
2.533915000005578	[ 0.44359239 -0.42920278  0.40638639]
2.5339160000055783	[ 0.44360051 -0.42921857  0.40639379]
2.5339170000055784	[ 0.44360864 -0.42923438  0.40640119]
2.5339180000055785	[ 0.44361676 -0.42925018  0.40640858]
2.5339190000055787	[ 0.44362487 -0.42926599  0.40641597]
2.533920000005579	[ 0.44363298 -0.4292818   0.40642336]
2.533921000005579	[ 0.44364109 -0.42929761  0.40643074]
2.533922000005579	[ 0.4436492  -0.42931342  0.40643812]
2.5339230000055792	[ 0.4436573  -0.42932923  0.4064455 ]
2.5339240000055794	[ 0.4436654  -0.42934504  0.40645288]
2.5339250000055795	[ 0.4436735  -0.42936084  0.40646025]
2.5339260000055797	[ 0.44368161 -0.42937663  0.40646763]
2.53392700000558	[ 0.44368971 -0.42939242  0.40647501]
2.53392800000558	[ 0.44369782 -0.42940821  0.4064824 ]
2.53392900000558	[ 0.44370594 -0.429424    0.40648979]
2.53393000000558	[ 0.44371407 -0.42943978  0.40649719]
2.5339310000055804	[ 0.4437222  -0.42945557  0.40650459]
2.5339320000055805	[ 0.44373034 -0.42947136  0.40651201]
2.5339330000055806	[ 0.44373848 -0.42948716  0.40651943]
2.5339340000055808	[ 0.44374664 -0.42950297  0.40652685]
2.533935000005581	[ 0.4437548  -0.42951878  0.40653428]
2.533936000005581	[ 0.44376297 -0.4295346   0.40654172]
2.533937000005581	[ 0.44377113 -0.42955043  0.40654915]
2.5339380000055813	[ 0.4437793  -0.42956627  0.40655659]
2.5339390000055815	[ 0.44378747 -0.42958212  0.40656403]
2.5339400000055816	[ 0.44379563 -0.42959797  0.40657147]
2.5339410000055818	[ 0.44380379 -0.42961383  0.4065789 ]
2.533942000005582	[ 0.44381195 -0.42962969  0.40658633]
2.533943000005582	[ 0.4438201  -0.42964555  0.40659375]
2.533944000005582	[ 0.44382825 -0.4296614   0.40660117]
2.5339450000055823	[ 0.4438364  -0.42967725  0.40660859]
2.5339460000055825	[ 0.44384454 -0.42969309  0.406616  ]
2.5339470000055826	[ 0.44385268 -0.42970893  0.40662341]
2.5339480000055827	[ 0.44386081 -0.42972476  0.40663082]
2.533949000005583	[ 0.44386896 -0.42974059  0.40663824]
2.533950000005583	[ 0.44387709 -0.42975641  0.40664565]
2.533951000005583	[ 0.44388523 -0.42977223  0.40665306]
2.5339520000055833	[ 0.44389338 -0.42978805  0.40666048]
2.5339530000055834	[ 0.44390153 -0.42980388  0.4066679 ]
2.5339540000055836	[ 0.44390968 -0.42981972  0.40667532]
2.5339550000055837	[ 0.44391783 -0.42983556  0.40668274]
2.533956000005584	[ 0.44392599 -0.42985141  0.40669017]
2.533957000005584	[ 0.44393415 -0.42986727  0.4066976 ]
2.533958000005584	[ 0.44394231 -0.42988314  0.40670503]
2.5339590000055843	[ 0.44395047 -0.42989902  0.40671247]
2.5339600000055844	[ 0.44395863 -0.4299149   0.4067199 ]
2.5339610000055846	[ 0.4439668  -0.42993079  0.40672733]
2.5339620000055847	[ 0.44397496 -0.42994668  0.40673477]
2.533963000005585	[ 0.44398312 -0.42996257  0.4067422 ]
2.533964000005585	[ 0.44399129 -0.42997846  0.40674964]
2.533965000005585	[ 0.44399946 -0.42999435  0.40675707]
2.5339660000055853	[ 0.44400762 -0.43001023  0.40676451]
2.5339670000055854	[ 0.4440158  -0.43002611  0.40677195]
2.5339680000055855	[ 0.44402397 -0.43004199  0.40677939]
2.5339690000055857	[ 0.44403214 -0.43005787  0.40678684]
2.533970000005586	[ 0.44404032 -0.43007374  0.40679428]
2.533971000005586	[ 0.44404849 -0.43008962  0.40680173]
2.533972000005586	[ 0.44405667 -0.43010551  0.40680917]
2.5339730000055862	[ 0.44406485 -0.43012139  0.40681662]
2.5339740000055864	[ 0.44407302 -0.43013729  0.40682406]
2.5339750000055865	[ 0.4440812  -0.43015318  0.40683151]
2.5339760000055866	[ 0.44408937 -0.43016908  0.40683895]
2.533977000005587	[ 0.44409754 -0.43018499  0.40684639]
2.533978000005587	[ 0.4441057  -0.43020089  0.40685382]
2.533979000005587	[ 0.44411387 -0.43021679  0.40686126]
2.533980000005587	[ 0.44412203 -0.4302327   0.40686869]
2.5339810000055873	[ 0.44413019 -0.4302486   0.40687612]
2.5339820000055875	[ 0.44413835 -0.43026449  0.40688356]
2.5339830000055876	[ 0.44414652 -0.43028038  0.40689099]
2.5339840000055878	[ 0.44415468 -0.43029627  0.40689843]
2.533985000005588	[ 0.44416285 -0.43031215  0.40690586]
2.533986000005588	[ 0.44417102 -0.43032803  0.4069133 ]
2.533987000005588	[ 0.4441792  -0.43034391  0.40692075]
2.5339880000055883	[ 0.44418738 -0.4303598   0.4069282 ]
2.5339890000055885	[ 0.44419556 -0.43037568  0.40693565]
2.5339900000055886	[ 0.44420375 -0.43039158  0.4069431 ]
2.5339910000055887	[ 0.44421193 -0.43040748  0.40695056]
2.533992000005589	[ 0.44422012 -0.43042339  0.40695802]
2.533993000005589	[ 0.44422831 -0.43043931  0.40696548]
2.533994000005589	[ 0.44423651 -0.43045525  0.40697294]
2.5339950000055893	[ 0.4442447  -0.43047119  0.4069804 ]
2.5339960000055894	[ 0.44425289 -0.43048713  0.40698785]
2.5339970000055896	[ 0.44426108 -0.43050309  0.40699531]
2.5339980000055897	[ 0.44426927 -0.43051905  0.40700277]
2.53399900000559	[ 0.44427746 -0.43053501  0.40701023]
2.53400000000559	[ 0.44428565 -0.43055097  0.40701769]
2.53400100000559	[ 0.44429384 -0.43056694  0.40702515]
2.5340020000055903	[ 0.44430203 -0.4305829   0.4070326 ]
2.5340030000055904	[ 0.44431022 -0.43059886  0.40704006]
2.5340040000055906	[ 0.44431842 -0.43061482  0.40704753]
2.5340050000055907	[ 0.44432661 -0.43063078  0.40705499]
2.534006000005591	[ 0.44433481 -0.43064674  0.40706245]
2.534007000005591	[ 0.444343   -0.43066269  0.40706991]
2.534008000005591	[ 0.44435119 -0.43067865  0.40707737]
2.5340090000055913	[ 0.44435939 -0.4306946   0.40708483]
2.5340100000055914	[ 0.44436758 -0.43071056  0.40709229]
2.5340110000055915	[ 0.44437577 -0.43072652  0.40709975]
2.5340120000055917	[ 0.44438395 -0.43074248  0.4071072 ]
2.534013000005592	[ 0.44439214 -0.43075843  0.40711466]
2.534014000005592	[ 0.44440032 -0.43077439  0.40712211]
2.534015000005592	[ 0.4444085  -0.43079035  0.40712955]
2.5340160000055922	[ 0.44441667 -0.43080631  0.407137  ]
2.5340170000055924	[ 0.44442485 -0.43082228  0.40714444]
2.5340180000055925	[ 0.44443302 -0.43083824  0.40715189]
2.5340190000055927	[ 0.4444412  -0.4308542   0.40715933]
2.534020000005593	[ 0.44444937 -0.43087017  0.40716678]
2.534021000005593	[ 0.44445755 -0.43088614  0.40717422]
2.534022000005593	[ 0.44446573 -0.43090212  0.40718167]
2.534023000005593	[ 0.44447392 -0.4309181   0.40718912]
2.5340240000055934	[ 0.4444821  -0.43093408  0.40719658]
2.5340250000055935	[ 0.44449029 -0.43095007  0.40720404]
2.5340260000055936	[ 0.44449849 -0.43096607  0.4072115 ]
2.5340270000055938	[ 0.44450669 -0.43098207  0.40721896]
2.534028000005594	[ 0.44451489 -0.43099808  0.40722643]
2.534029000005594	[ 0.44452309 -0.43101409  0.4072339 ]
2.534030000005594	[ 0.4445313  -0.43103011  0.40724138]
2.5340310000055943	[ 0.44453951 -0.43104613  0.40724885]
2.5340320000055945	[ 0.44454772 -0.43106215  0.40725633]
2.5340330000055946	[ 0.44455593 -0.43107817  0.4072638 ]
2.5340340000055948	[ 0.44456414 -0.43109418  0.40727128]
2.534035000005595	[ 0.44457235 -0.4311102   0.40727876]
2.534036000005595	[ 0.44458056 -0.43112622  0.40728623]
2.534037000005595	[ 0.44458876 -0.43114224  0.4072937 ]
2.5340380000055953	[ 0.44459697 -0.43115825  0.40730118]
2.5340390000055955	[ 0.44460517 -0.43117427  0.40730865]
2.5340400000055956	[ 0.44461337 -0.43119029  0.40731611]
2.5340410000055957	[ 0.44462157 -0.43120631  0.40732358]
2.534042000005596	[ 0.44462977 -0.43122233  0.40733104]
2.534043000005596	[ 0.44463796 -0.43123836  0.4073385 ]
2.534044000005596	[ 0.44464615 -0.43125439  0.40734596]
2.5340450000055963	[ 0.44465434 -0.43127042  0.40735342]
2.5340460000055964	[ 0.44466253 -0.43128645  0.40736087]
2.5340470000055966	[ 0.44467072 -0.43130249  0.40736833]
2.5340480000055967	[ 0.44467891 -0.43131853  0.40737579]
2.534049000005597	[ 0.4446871  -0.43133457  0.40738325]
2.534050000005597	[ 0.4446953  -0.43135061  0.40739071]
2.534051000005597	[ 0.4447035  -0.43136666  0.40739818]
2.5340520000055973	[ 0.4447117  -0.43138271  0.40740565]
2.5340530000055974	[ 0.4447199  -0.43139876  0.40741312]
2.5340540000055976	[ 0.44472811 -0.43141482  0.40742059]
2.5340550000055977	[ 0.44473632 -0.43143088  0.40742806]
2.534056000005598	[ 0.44474453 -0.43144695  0.40743554]
2.534057000005598	[ 0.44475274 -0.43146302  0.40744302]
2.534058000005598	[ 0.44476095 -0.43147909  0.4074505 ]
2.5340590000055983	[ 0.44476916 -0.43149517  0.40745797]
2.5340600000055984	[ 0.44477737 -0.43151126  0.40746545]
2.5340610000055985	[ 0.44478558 -0.43152734  0.40747292]
2.5340620000055987	[ 0.44479379 -0.43154343  0.4074804 ]
2.534063000005599	[ 0.44480199 -0.43155953  0.40748787]
2.534064000005599	[ 0.4448102  -0.43157562  0.40749534]
2.534065000005599	[ 0.4448184  -0.43159171  0.40750281]
2.5340660000055992	[ 0.44482661 -0.4316078   0.40751028]
2.5340670000055994	[ 0.44483481 -0.43162389  0.40751775]
2.5340680000055995	[ 0.44484301 -0.43163998  0.40752522]
2.5340690000055996	[ 0.44485122 -0.43165608  0.40753269]
2.5340700000056	[ 0.44485943 -0.43167217  0.40754017]
2.5340710000056	[ 0.44486763 -0.43168826  0.40754764]
2.5340720000056	[ 0.44487584 -0.43170436  0.40755511]
2.5340730000056	[ 0.44488405 -0.43172046  0.40756259]
2.5340740000056003	[ 0.44489226 -0.43173656  0.40757006]
2.5340750000056005	[ 0.44490047 -0.43175267  0.40757754]
2.5340760000056006	[ 0.44490868 -0.43176878  0.40758501]
2.5340770000056008	[ 0.44491688 -0.43178489  0.40759249]
2.534078000005601	[ 0.44492509 -0.431801    0.40759996]
2.534079000005601	[ 0.4449333  -0.43181711  0.40760743]
2.534080000005601	[ 0.4449415  -0.43183323  0.40761491]
2.5340810000056013	[ 0.44494971 -0.43184934  0.40762238]
2.5340820000056015	[ 0.44495791 -0.43186544  0.40762985]
2.5340830000056016	[ 0.44496612 -0.43188155  0.40763732]
2.5340840000056017	[ 0.44497432 -0.43189765  0.40764479]
2.534085000005602	[ 0.44498253 -0.43191375  0.40765227]
2.534086000005602	[ 0.44499074 -0.43192985  0.40765974]
2.534087000005602	[ 0.44499895 -0.43194595  0.40766722]
2.5340880000056023	[ 0.44500724 -0.43196203  0.40767477]
2.5340890000056024	[ 0.44501537 -0.43197813  0.40768217]
2.5340900000056026	[ 0.44502359 -0.43199424  0.40768965]
2.5340910000056027	[ 0.44503181 -0.43201036  0.40769714]
2.534092000005603	[ 0.44504004 -0.4320265   0.40770463]
2.534093000005603	[ 0.44504826 -0.43204263  0.40771212]
2.534094000005603	[ 0.44505648 -0.43205878  0.4077196 ]
2.5340950000056033	[ 0.44506471 -0.43207493  0.40772709]
2.5340960000056034	[ 0.44507293 -0.43209108  0.40773458]
2.5340970000056036	[ 0.44508115 -0.43210724  0.40774207]
2.5340980000056037	[ 0.44508937 -0.43212339  0.40774955]
2.534099000005604	[ 0.44509759 -0.43213954  0.40775704]
2.534100000005604	[ 0.44510581 -0.43215569  0.40776452]
2.534101000005604	[ 0.44511403 -0.43217183  0.40777201]
2.5341020000056043	[ 0.44512225 -0.43218797  0.40777949]
2.5341030000056044	[ 0.44513047 -0.43220411  0.40778697]
2.5341040000056045	[ 0.44513868 -0.43222024  0.40779445]
2.5341050000056047	[ 0.4451469  -0.43223638  0.40780193]
2.534106000005605	[ 0.44515511 -0.43225251  0.40780941]
2.534107000005605	[ 0.44516332 -0.43226866  0.40781689]
2.534108000005605	[ 0.44517152 -0.43228481  0.40782436]
2.5341090000056052	[ 0.44517973 -0.43230096  0.40783183]
2.5341100000056054	[ 0.44518793 -0.43231712  0.40783929]
2.5341110000056055	[ 0.44519612 -0.43233329  0.40784676]
2.5341120000056057	[ 0.44520432 -0.43234947  0.40785422]
2.534113000005606	[ 0.44521251 -0.43236565  0.40786167]
2.534114000005606	[ 0.4452207  -0.43238183  0.40786913]
2.534115000005606	[ 0.44522889 -0.43239802  0.40787659]
2.534116000005606	[ 0.44523708 -0.4324142   0.40788405]
2.5341170000056064	[ 0.44524527 -0.43243038  0.40789151]
2.5341180000056065	[ 0.44525347 -0.43244656  0.40789897]
2.5341190000056066	[ 0.44526167 -0.43246273  0.40790644]
2.5341200000056068	[ 0.44526989 -0.4324789   0.40791392]
2.534121000005607	[ 0.4452781  -0.43249507  0.4079214 ]
2.534122000005607	[ 0.44528633 -0.43251123  0.40792889]
2.534123000005607	[ 0.44529456 -0.4325274   0.40793639]
2.5341240000056073	[ 0.4453028  -0.43254357  0.40794389]
2.5341250000056075	[ 0.44531104 -0.43255975  0.4079514 ]
2.5341260000056076	[ 0.44531928 -0.43257593  0.4079589 ]
2.5341270000056078	[ 0.44532753 -0.43259213  0.40796641]
2.534128000005608	[ 0.44533577 -0.43260832  0.40797392]
2.534129000005608	[ 0.44534402 -0.43262453  0.40798143]
2.534130000005608	[ 0.44535225 -0.43264074  0.40798893]
2.5341310000056083	[ 0.44536049 -0.43265696  0.40799642]
2.5341320000056085	[ 0.44536872 -0.43267318  0.40800391]
2.5341330000056086	[ 0.44537694 -0.4326894   0.4080114 ]
2.5341340000056087	[ 0.44538515 -0.43270562  0.40801888]
2.534135000005609	[ 0.44539337 -0.43272184  0.40802636]
2.534136000005609	[ 0.44540157 -0.43273805  0.40803383]
2.534137000005609	[ 0.44540978 -0.43275425  0.4080413 ]
2.5341380000056093	[ 0.44541798 -0.43277045  0.40804877]
2.5341390000056094	[ 0.44542619 -0.43278665  0.40805625]
2.5341400000056096	[ 0.44543438 -0.43280284  0.4080637 ]
2.5341410000056097	[ 0.44544258 -0.43281904  0.40807117]
2.53414200000561	[ 0.44545079 -0.43283524  0.40807864]
2.53414300000561	[ 0.44545899 -0.43285144  0.40808612]
2.53414400000561	[ 0.4454672  -0.43286764  0.40809359]
2.5341450000056103	[ 0.44547541 -0.43288385  0.40810107]
2.5341460000056104	[ 0.44548363 -0.43290007  0.40810855]
2.5341470000056106	[ 0.44549185 -0.43291629  0.40811603]
2.5341480000056107	[ 0.44550007 -0.43293252  0.40812352]
2.534149000005611	[ 0.4455083  -0.43294875  0.40813101]
2.534150000005611	[ 0.44551652 -0.43296498  0.4081385 ]
2.534151000005611	[ 0.44552476 -0.43298122  0.408146  ]
2.5341520000056112	[ 0.44553299 -0.43299746  0.40815349]
2.5341530000056114	[ 0.44554122 -0.4330137   0.40816099]
2.5341540000056115	[ 0.44554946 -0.43302994  0.40816849]
2.5341550000056117	[ 0.4455577  -0.43304618  0.408176  ]
2.534156000005612	[ 0.44556594 -0.43306243  0.4081835 ]
2.534157000005612	[ 0.44557419 -0.43307868  0.40819101]
2.534158000005612	[ 0.44558243 -0.43309493  0.40819851]
2.5341590000056122	[ 0.44559067 -0.43311119  0.40820602]
2.5341600000056124	[ 0.44559891 -0.43312745  0.40821352]
2.5341610000056125	[ 0.44560716 -0.43314372  0.40822103]
2.5341620000056126	[ 0.4456154  -0.43315999  0.40822853]
2.534163000005613	[ 0.44562363 -0.43317627  0.40823603]
2.534164000005613	[ 0.44563187 -0.43319255  0.40824353]
2.534165000005613	[ 0.4456401  -0.43320884  0.40825103]
2.534166000005613	[ 0.44564834 -0.43322512  0.40825853]
2.5341670000056133	[ 0.44565657 -0.43324141  0.40826602]
2.5341680000056135	[ 0.4456648  -0.43325769  0.40827352]
2.5341690000056136	[ 0.44567303 -0.43327397  0.40828101]
2.5341700000056138	[ 0.44568126 -0.43329025  0.4082885 ]
2.534171000005614	[ 0.44568949 -0.43330652  0.408296  ]
2.534172000005614	[ 0.44569772 -0.43332279  0.40830349]
2.534173000005614	[ 0.44570595 -0.43333905  0.40831099]
2.5341740000056143	[ 0.44571418 -0.43335532  0.40831848]
2.5341750000056145	[ 0.44572242 -0.43337159  0.40832598]
2.5341760000056146	[ 0.44573066 -0.43338786  0.40833348]
2.5341770000056147	[ 0.44573889 -0.43340413  0.40834098]
2.534178000005615	[ 0.44574714 -0.43342041  0.40834849]
2.534179000005615	[ 0.44575538 -0.43343669  0.408356  ]
2.534180000005615	[ 0.4457636  -0.43345298  0.40836348]
2.5341810000056153	[ 0.44577188 -0.43346929  0.40837102]
2.5341820000056154	[ 0.44578013 -0.43348559  0.40837853]
2.5341830000056156	[ 0.44578838 -0.4335019   0.40838605]
2.5341840000056157	[ 0.44579664 -0.43351821  0.40839357]
2.534185000005616	[ 0.4458049  -0.43353453  0.40840109]
2.534186000005616	[ 0.44581316 -0.43355085  0.40840861]
2.534187000005616	[ 0.44582143 -0.43356717  0.40841614]
2.5341880000056163	[ 0.4458297  -0.4335835   0.40842367]
2.5341890000056164	[ 0.44583797 -0.43359982  0.4084312 ]
2.5341900000056166	[ 0.44584624 -0.43361615  0.40843873]
2.5341910000056167	[ 0.44585451 -0.43363248  0.40844626]
2.534192000005617	[ 0.44586278 -0.43364881  0.40845379]
2.534193000005617	[ 0.44587105 -0.43366514  0.40846132]
2.534194000005617	[ 0.44587932 -0.43368148  0.40846885]
2.5341950000056173	[ 0.44588759 -0.43369781  0.40847638]
2.5341960000056174	[ 0.44589585 -0.43371414  0.4084839 ]
2.5341970000056175	[ 0.44590412 -0.43373048  0.40849143]
2.5341980000056177	[ 0.44591238 -0.43374681  0.40849895]
2.534199000005618	[ 0.44592064 -0.43376314  0.40850647]
2.534200000005618	[ 0.4459289  -0.43377947  0.40851399]
2.534201000005618	[ 0.44593716 -0.43379581  0.40852151]
2.5342020000056182	[ 0.44594541 -0.43381214  0.40852903]
2.5342030000056184	[ 0.44595367 -0.43382848  0.40853655]
2.5342040000056185	[ 0.44596192 -0.43384482  0.40854407]
2.5342050000056187	[ 0.44597018 -0.43386116  0.40855158]
2.534206000005619	[ 0.44597844 -0.43387751  0.4085591 ]
2.534207000005619	[ 0.44598669 -0.43389386  0.40856662]
2.534208000005619	[ 0.44599495 -0.43391022  0.40857414]
2.534209000005619	[ 0.44600321 -0.43392658  0.40858165]
2.5342100000056194	[ 0.44601146 -0.43394295  0.40858917]
2.5342110000056195	[ 0.44601972 -0.43395933  0.40859669]
2.5342120000056196	[ 0.44602798 -0.43397572  0.40860421]
2.5342130000056198	[ 0.44603624 -0.43399211  0.40861173]
2.53421400000562	[ 0.4460445  -0.4340085   0.40861926]
2.53421500000562	[ 0.44605276 -0.43402489  0.40862678]
2.53421600000562	[ 0.44606103 -0.43404128  0.40863431]
2.5342170000056203	[ 0.4460693  -0.43405766  0.40864184]
2.5342180000056205	[ 0.44607757 -0.43407405  0.40864937]
2.5342190000056206	[ 0.44608585 -0.43409043  0.4086569 ]
2.5342200000056208	[ 0.44609413 -0.43410681  0.40866444]
2.534221000005621	[ 0.44610241 -0.43412319  0.40867199]
2.534222000005621	[ 0.4461107  -0.43413956  0.40867953]
2.534223000005621	[ 0.44611899 -0.43415594  0.40868708]
2.5342240000056213	[ 0.44612728 -0.43417232  0.40869463]
2.5342250000056215	[ 0.44613557 -0.43418871  0.40870218]
2.5342260000056216	[ 0.44614386 -0.4342051   0.40870973]
2.5342270000056217	[ 0.44615216 -0.43422149  0.40871728]
2.534228000005622	[ 0.44616044 -0.4342379   0.40872483]
2.534229000005622	[ 0.44616873 -0.43425431  0.40873237]
2.534230000005622	[ 0.44617701 -0.43427073  0.40873992]
2.5342310000056223	[ 0.44618529 -0.43428715  0.40874745]
2.5342320000056224	[ 0.44619357 -0.43430357  0.40875499]
2.5342330000056226	[ 0.44620184 -0.43432     0.40876252]
2.5342340000056227	[ 0.44621011 -0.43433642  0.40877005]
2.534235000005623	[ 0.44621838 -0.43435284  0.40877758]
2.534236000005623	[ 0.44622664 -0.43436926  0.40878511]
2.534237000005623	[ 0.44623491 -0.43438567  0.40879264]
2.5342380000056233	[ 0.44624319 -0.43440208  0.40880017]
2.5342390000056234	[ 0.44625146 -0.43441849  0.4088077 ]
2.5342400000056235	[ 0.44625974 -0.4344349   0.40881524]
2.5342410000056237	[ 0.44626802 -0.4344513   0.40882278]
2.534242000005624	[ 0.44627631 -0.43446771  0.40883033]
2.534243000005624	[ 0.4462846  -0.43448413  0.40883788]
2.534244000005624	[ 0.44629289 -0.43450055  0.40884543]
2.5342450000056242	[ 0.44630118 -0.43451698  0.40885298]
2.5342460000056244	[ 0.44630948 -0.43453342  0.40886053]
2.5342470000056245	[ 0.44631778 -0.43454987  0.40886809]
2.5342480000056247	[ 0.44632607 -0.43456632  0.40887564]
2.534249000005625	[ 0.44633437 -0.43458278  0.40888319]
2.534250000005625	[ 0.44634266 -0.43459925  0.40889075]
2.534251000005625	[ 0.44635095 -0.43461572  0.4088983 ]
2.5342520000056252	[ 0.44635924 -0.43463219  0.40890585]
2.5342530000056254	[ 0.44636754 -0.43464866  0.4089134 ]
2.5342540000056255	[ 0.44637582 -0.43466513  0.40892094]
2.5342550000056256	[ 0.44638411 -0.43468159  0.40892849]
2.534256000005626	[ 0.4463924  -0.43469806  0.40893604]
2.534257000005626	[ 0.44640069 -0.43471452  0.40894359]
2.534258000005626	[ 0.44640898 -0.43473098  0.40895114]
2.534259000005626	[ 0.44641727 -0.43474745  0.40895868]
2.5342600000056263	[ 0.44642556 -0.43476391  0.40896623]
2.5342610000056265	[ 0.44643385 -0.43478038  0.40897378]
2.5342620000056266	[ 0.44644214 -0.43479686  0.40898133]
2.5342630000056268	[ 0.44645043 -0.43481334  0.40898888]
2.534264000005627	[ 0.44645872 -0.43482983  0.40899643]
2.534265000005627	[ 0.44646701 -0.43484632  0.40900397]
2.534266000005627	[ 0.4464753  -0.43486282  0.40901152]
2.5342670000056273	[ 0.44648358 -0.43487933  0.40901906]
2.5342680000056275	[ 0.44649186 -0.43489583  0.4090266 ]
2.5342690000056276	[ 0.44650015 -0.43491234  0.40903414]
2.5342700000056277	[ 0.44650843 -0.43492885  0.40904168]
2.534271000005628	[ 0.44651671 -0.43494535  0.40904922]
2.534272000005628	[ 0.44652499 -0.43496185  0.40905676]
2.534273000005628	[ 0.44653327 -0.43497835  0.40906431]
2.5342740000056283	[ 0.44654156 -0.43499485  0.40907185]
2.5342750000056284	[ 0.44654985 -0.43501135  0.4090794 ]
2.5342760000056286	[ 0.44655814 -0.43502785  0.40908695]
2.5342770000056287	[ 0.44656643 -0.43504434  0.4090945 ]
2.534278000005629	[ 0.44657473 -0.43506084  0.40910205]
2.534279000005629	[ 0.44658302 -0.43507734  0.4091096 ]
2.534280000005629	[ 0.44659133 -0.43509385  0.40911717]
2.5342810000056293	[ 0.44659963 -0.43511036  0.40912473]
2.5342820000056294	[ 0.44660794 -0.43512688  0.40913229]
2.5342830000056296	[ 0.44661624 -0.4351434   0.40913986]
2.5342840000056297	[ 0.44662455 -0.43515993  0.40914742]
2.53428500000563	[ 0.44663286 -0.43517647  0.40915499]
2.53428600000563	[ 0.44664117 -0.435193    0.40916255]
2.53428700000563	[ 0.44664948 -0.43520955  0.40917012]
2.5342880000056303	[ 0.44665779 -0.43522609  0.40917768]
2.5342890000056304	[ 0.44666609 -0.43524264  0.40918524]
2.5342900000056305	[ 0.4466744  -0.43525919  0.40919281]
2.5342910000056307	[ 0.4466827  -0.43527574  0.40920037]
2.534292000005631	[ 0.446691   -0.43529229  0.40920793]
2.534293000005631	[ 0.4466993  -0.43530884  0.40921548]
2.534294000005631	[ 0.4467076  -0.43532539  0.40922304]
2.5342950000056312	[ 0.4467159  -0.43534194  0.40923059]
2.5342960000056314	[ 0.44672419 -0.43535849  0.40923815]
2.5342970000056315	[ 0.44673248 -0.43537505  0.4092457 ]
2.5342980000056317	[ 0.44674077 -0.43539161  0.40925324]
2.534299000005632	[ 0.44674906 -0.43540816  0.40926079]
2.534300000005632	[ 0.44675735 -0.43542472  0.40926834]
2.534301000005632	[ 0.44676564 -0.43544128  0.40927589]
2.534302000005632	[ 0.44677393 -0.43545784  0.40928343]
2.5343030000056324	[ 0.44678222 -0.43547441  0.40929098]
2.5343040000056325	[ 0.44679051 -0.43549097  0.40929853]
2.5343050000056326	[ 0.4467988  -0.43550754  0.40930608]
2.5343060000056328	[ 0.4468071  -0.4355241   0.40931363]
2.534307000005633	[ 0.44681539 -0.43554067  0.40932119]
2.534308000005633	[ 0.44682369 -0.43555725  0.40932874]
2.534309000005633	[ 0.446832   -0.43557383  0.4093363 ]
2.5343100000056333	[ 0.4468403  -0.43559041  0.40934387]
2.5343110000056335	[ 0.44684861 -0.435607    0.40935143]
2.5343120000056336	[ 0.44685692 -0.43562359  0.409359  ]
2.5343130000056338	[ 0.44686523 -0.43564019  0.40936657]
2.534314000005634	[ 0.44687355 -0.43565679  0.40937414]
2.534315000005634	[ 0.44688186 -0.43567339  0.40938171]
2.534316000005634	[ 0.44689018 -0.43569     0.40938928]
2.5343170000056343	[ 0.44689849 -0.43570662  0.40939685]
2.5343180000056345	[ 0.44690681 -0.43572323  0.40940442]
2.5343190000056346	[ 0.44691513 -0.43573985  0.40941199]
2.5343200000056347	[ 0.44692344 -0.43575646  0.40941957]
2.534321000005635	[ 0.44693176 -0.43577308  0.40942714]
2.534322000005635	[ 0.44694007 -0.43578969  0.40943471]
2.534323000005635	[ 0.44694838 -0.4358063   0.40944227]
2.5343240000056353	[ 0.44695669 -0.43582291  0.40944984]
2.5343250000056354	[ 0.446965   -0.43583952  0.40945741]
2.5343260000056356	[ 0.44697331 -0.43585613  0.40946497]
2.5343270000056357	[ 0.44698161 -0.43587275  0.40947253]
2.534328000005636	[ 0.44698992 -0.43588936  0.4094801 ]
2.534329000005636	[ 0.44699822 -0.43590597  0.40948766]
2.534330000005636	[ 0.44700653 -0.43592259  0.40949522]
2.5343310000056363	[ 0.44701483 -0.43593921  0.40950278]
2.5343320000056364	[ 0.44702313 -0.43595584  0.40951034]
2.5343330000056365	[ 0.44703143 -0.43597246  0.4095179 ]
2.5343340000056367	[ 0.44703974 -0.43598909  0.40952546]
2.534335000005637	[ 0.44704804 -0.43600572  0.40953302]
2.534336000005637	[ 0.44705635 -0.43602236  0.40954058]
2.534337000005637	[ 0.44706466 -0.43603899  0.40954815]
2.5343380000056372	[ 0.44707297 -0.43605563  0.40955572]
2.5343390000056374	[ 0.44708128 -0.43607227  0.40956329]
2.5343400000056375	[ 0.4470896  -0.43608891  0.40957086]
2.5343410000056377	[ 0.44709792 -0.43610555  0.40957844]
2.534342000005638	[ 0.44710625 -0.4361222   0.40958602]
2.534343000005638	[ 0.44711457 -0.43613885  0.4095936 ]
2.534344000005638	[ 0.4471229  -0.4361555   0.40960118]
2.5343450000056382	[ 0.44713123 -0.43617216  0.40960876]
2.5343460000056384	[ 0.44713956 -0.43618883  0.40961634]
2.5343470000056385	[ 0.44714788 -0.4362055   0.40962393]
2.5343480000056386	[ 0.44715621 -0.43622217  0.40963151]
2.534349000005639	[ 0.44716453 -0.43623885  0.40963909]
2.534350000005639	[ 0.44717286 -0.43625553  0.40964667]
2.534351000005639	[ 0.44718118 -0.43627222  0.40965424]
2.534352000005639	[ 0.44718949 -0.4362889   0.40966181]
2.5343530000056393	[ 0.44719781 -0.43630558  0.40966939]
2.5343540000056395	[ 0.44720612 -0.43632226  0.40967695]
2.5343550000056396	[ 0.44721444 -0.43633894  0.40968452]
2.5343560000056398	[ 0.44722275 -0.43635561  0.40969209]
2.53435700000564	[ 0.44723106 -0.43637229  0.40969966]
2.53435800000564	[ 0.44723937 -0.43638896  0.40970723]
2.53435900000564	[ 0.44724768 -0.43640562  0.40971479]
2.5343600000056403	[ 0.447256   -0.43642229  0.40972237]
2.5343610000056405	[ 0.44726431 -0.43643896  0.40972993]
2.5343620000056406	[ 0.44727262 -0.43645564  0.4097375 ]
2.5343630000056407	[ 0.44728094 -0.43647232  0.40974507]
2.534364000005641	[ 0.44728925 -0.436489    0.40975265]
2.534365000005641	[ 0.44729757 -0.43650569  0.40976022]
2.534366000005641	[ 0.4473059  -0.43652239  0.4097678 ]
2.5343670000056413	[ 0.44731422 -0.43653909  0.40977538]
2.5343680000056414	[ 0.44732254 -0.4365558   0.40978296]
2.5343690000056416	[ 0.44733087 -0.43657252  0.40979054]
2.5343700000056417	[ 0.4473392  -0.43658924  0.40979812]
2.534371000005642	[ 0.44734753 -0.43660596  0.40980571]
2.534372000005642	[ 0.44735586 -0.43662268  0.4098133 ]
2.534373000005642	[ 0.44736421 -0.43663941  0.40982089]
2.5343740000056423	[ 0.44737254 -0.43665612  0.40982848]
2.5343750000056424	[ 0.44738088 -0.43667285  0.40983607]
2.5343760000056426	[ 0.44738922 -0.43668957  0.40984366]
2.5343770000056427	[ 0.44739756 -0.43670629  0.40985126]
2.534378000005643	[ 0.4474059  -0.43672302  0.40985886]
2.534379000005643	[ 0.44741425 -0.43673974  0.40986646]
2.534380000005643	[ 0.44742259 -0.43675647  0.40987405]
2.5343810000056433	[ 0.44743094 -0.4367732   0.40988165]
2.5343820000056434	[ 0.44743928 -0.43678993  0.40988925]
2.5343830000056435	[ 0.44744762 -0.43680667  0.40989684]
2.5343840000056437	[ 0.44745596 -0.43682342  0.40990443]
2.534385000005644	[ 0.4474643  -0.43684016  0.40991203]
2.534386000005644	[ 0.44747263 -0.43685691  0.40991961]
2.534387000005644	[ 0.44748096 -0.43687366  0.4099272 ]
2.5343880000056442	[ 0.44748929 -0.43689041  0.40993479]
2.5343890000056444	[ 0.44749762 -0.43690716  0.40994237]
2.5343900000056445	[ 0.44750595 -0.43692391  0.40994995]
2.5343910000056447	[ 0.44751428 -0.43694066  0.40995753]
2.534392000005645	[ 0.4475226  -0.43695741  0.40996511]
2.534393000005645	[ 0.44753093 -0.43697415  0.4099727 ]
2.534394000005645	[ 0.44753926 -0.4369909   0.40998028]
2.534395000005645	[ 0.44754759 -0.43700765  0.40998786]
2.5343960000056454	[ 0.44755592 -0.43702439  0.40999545]
2.5343970000056455	[ 0.44756428 -0.43704115  0.41000307]
2.5343980000056456	[ 0.44757259 -0.43705789  0.41001063]
2.5343990000056458	[ 0.44758093 -0.43707465  0.41001822]
2.534400000005646	[ 0.44758927 -0.43709141  0.41002582]
2.534401000005646	[ 0.44759762 -0.43710819  0.41003341]
2.534402000005646	[ 0.44760596 -0.43712497  0.41004101]
2.5344030000056463	[ 0.44761431 -0.43714175  0.41004861]
2.5344040000056465	[ 0.44762266 -0.43715854  0.41005621]
2.5344050000056466	[ 0.44763101 -0.43717534  0.41006382]
2.5344060000056468	[ 0.44763936 -0.43719214  0.41007142]
2.534407000005647	[ 0.44764772 -0.43720894  0.41007903]
2.534408000005647	[ 0.44765607 -0.43722574  0.41008664]
2.534409000005647	[ 0.44766443 -0.43724255  0.41009425]
2.5344100000056473	[ 0.44767279 -0.43725935  0.41010186]
2.5344110000056475	[ 0.44768115 -0.43727616  0.41010947]
2.5344120000056476	[ 0.44768951 -0.43729297  0.41011708]
2.5344130000056477	[ 0.44769787 -0.43730977  0.4101247 ]
2.534414000005648	[ 0.44770623 -0.43732658  0.41013231]
2.534415000005648	[ 0.4477146  -0.43734338  0.41013993]
2.534416000005648	[ 0.44772296 -0.43736019  0.41014754]
2.5344170000056483	[ 0.44773132 -0.437377    0.41015516]
2.5344180000056484	[ 0.44773968 -0.43739381  0.41016277]
2.5344190000056486	[ 0.44774804 -0.43741063  0.41017038]
2.5344200000056487	[ 0.4477564  -0.43742744  0.41017799]
2.534421000005649	[ 0.44776476 -0.43744426  0.4101856 ]
2.534422000005649	[ 0.44777312 -0.43746109  0.41019321]
2.534423000005649	[ 0.44778147 -0.43747791  0.41020082]
2.5344240000056493	[ 0.44778983 -0.43749474  0.41020843]
2.5344250000056494	[ 0.44779818 -0.43751156  0.41021603]
2.5344260000056495	[ 0.44780654 -0.43752839  0.41022364]
2.5344270000056497	[ 0.44781489 -0.43754523  0.41023125]
2.53442800000565	[ 0.44782325 -0.43756206  0.41023886]
2.53442900000565	[ 0.44783161 -0.4375789   0.41024647]
2.53443000000565	[ 0.44783997 -0.43759574  0.41025408]
2.5344310000056502	[ 0.44784834 -0.43761258  0.4102617 ]
2.5344320000056504	[ 0.4478567  -0.43762943  0.41026932]
2.5344330000056505	[ 0.44786507 -0.43764628  0.41027694]
2.5344340000056507	[ 0.44787345 -0.43766314  0.41028456]
2.534435000005651	[ 0.44788182 -0.43768     0.41029219]
2.534436000005651	[ 0.4478902  -0.43769686  0.41029982]
2.534437000005651	[ 0.44789858 -0.43771373  0.41030745]
2.5344380000056512	[ 0.44790696 -0.4377306   0.41031508]
2.5344390000056514	[ 0.44791534 -0.43774748  0.41032271]
2.5344400000056515	[ 0.44792373 -0.43776435  0.41033034]
2.5344410000056516	[ 0.44793211 -0.43778123  0.41033797]
2.534442000005652	[ 0.44794049 -0.43779811  0.41034561]
2.534443000005652	[ 0.44794887 -0.43781499  0.41035324]
2.534444000005652	[ 0.44795725 -0.43783186  0.41036087]
2.534445000005652	[ 0.44796563 -0.43784874  0.41036849]
2.5344460000056523	[ 0.447974   -0.43786562  0.41037612]
2.5344470000056525	[ 0.44798238 -0.4378825   0.41038374]
2.5344480000056526	[ 0.44799075 -0.43789938  0.41039137]
2.5344490000056528	[ 0.44799912 -0.43791627  0.41039899]
2.534450000005653	[ 0.44800749 -0.43793315  0.41040661]
2.534451000005653	[ 0.44801586 -0.43795004  0.41041423]
2.534452000005653	[ 0.44802423 -0.43796693  0.41042185]
2.5344530000056533	[ 0.44803259 -0.43798382  0.41042947]
2.5344540000056535	[ 0.44804096 -0.43800072  0.41043709]
2.5344550000056536	[ 0.44804933 -0.43801761  0.41044471]
2.5344560000056537	[ 0.4480577  -0.43803451  0.41045233]
2.534457000005654	[ 0.44806607 -0.43805141  0.41045995]
2.534458000005654	[ 0.44807444 -0.43806831  0.41046757]
2.534459000005654	[ 0.44808282 -0.43808522  0.4104752 ]
2.5344600000056543	[ 0.4480912  -0.43810212  0.41048282]
2.5344610000056544	[ 0.44809958 -0.43811903  0.41049045]
2.5344620000056546	[ 0.44810796 -0.43813593  0.41049809]
2.5344630000056547	[ 0.44811634 -0.43815284  0.41050572]
2.534464000005655	[ 0.44812473 -0.43816975  0.41051336]
2.534465000005655	[ 0.44813312 -0.43818667  0.410521  ]
2.534466000005655	[ 0.44814151 -0.43820359  0.41052864]
2.5344670000056553	[ 0.4481499  -0.43822051  0.41053628]
2.5344680000056554	[ 0.4481583  -0.43823744  0.41054392]
2.5344690000056556	[ 0.44816669 -0.43825438  0.41055157]
2.5344700000056557	[ 0.44817509 -0.43827131  0.41055921]
2.534471000005656	[ 0.44818348 -0.43828826  0.41056685]
2.534472000005656	[ 0.44819188 -0.43830521  0.4105745 ]
2.534473000005656	[ 0.448202   -0.43832104  0.41058379]
2.5344740000056563	[ 0.44820852 -0.43833813  0.4105896 ]
2.5344750000056564	[ 0.44821694 -0.438355    0.41059726]
2.5344760000056565	[ 0.44822535 -0.43837188  0.41060492]
2.5344770000056567	[ 0.44823377 -0.43838876  0.41061259]
2.534478000005657	[ 0.44824219 -0.43840564  0.41062025]
2.534479000005657	[ 0.4482506  -0.43842251  0.41062791]
2.534480000005657	[ 0.44825902 -0.43843937  0.41063558]
2.5344810000056572	[ 0.44826744 -0.43845623  0.41064324]
2.5344820000056574	[ 0.44827585 -0.43847309  0.4106509 ]
2.5344830000056575	[ 0.44828426 -0.43848995  0.41065856]
2.5344840000056577	[ 0.44829267 -0.43850681  0.41066622]
2.534485000005658	[ 0.44830107 -0.43852368  0.41067387]
2.534486000005658	[ 0.44830947 -0.43854056  0.41068151]
2.534487000005658	[ 0.44831786 -0.43855744  0.41068915]
2.534488000005658	[ 0.44832625 -0.43857434  0.41069679]
2.5344890000056584	[ 0.44833463 -0.43859126  0.41070442]
2.5344900000056585	[ 0.44834301 -0.43860819  0.41071205]
2.5344910000056586	[ 0.44835138 -0.43862514  0.41071967]
2.5344920000056588	[ 0.44835975 -0.43864209  0.41072729]
2.534493000005659	[ 0.44836811 -0.43865906  0.4107349 ]
2.534494000005659	[ 0.44837648 -0.43867604  0.41074252]
2.534495000005659	[ 0.44838484 -0.43869302  0.41075014]
2.5344960000056593	[ 0.44839321 -0.43871     0.41075776]
2.5344970000056595	[ 0.44840158 -0.43872698  0.41076538]
2.5344980000056596	[ 0.44840996 -0.43874396  0.41077301]
2.5344990000056598	[ 0.44841835 -0.43876093  0.41078064]
2.53450000000566	[ 0.44842674 -0.4387779   0.41078829]
2.53450100000566	[ 0.44843514 -0.43879486  0.41079593]
2.53450200000566	[ 0.44844355 -0.43881182  0.41080359]
2.5345030000056603	[ 0.44845196 -0.43882877  0.41081125]
2.5345040000056605	[ 0.44846039 -0.43884572  0.41081893]
2.5345050000056606	[ 0.44846882 -0.43886266  0.4108266 ]
2.5345060000056607	[ 0.44847726 -0.43887961  0.41083428]
2.534507000005661	[ 0.4484857  -0.43889656  0.41084197]
2.534508000005661	[ 0.44849414 -0.43891352  0.41084966]
2.534509000005661	[ 0.44850258 -0.43893048  0.41085734]
2.5345100000056613	[ 0.44851102 -0.43894745  0.41086503]
2.5345110000056614	[ 0.44851946 -0.43896443  0.41087271]
2.5345120000056616	[ 0.4485279  -0.43898141  0.41088039]
2.5345130000056617	[ 0.44853632 -0.4389984   0.41088806]
2.534514000005662	[ 0.44854473 -0.43901539  0.41089572]
2.534515000005662	[ 0.44855315 -0.43903238  0.41090338]
2.534516000005662	[ 0.44856155 -0.43904938  0.41091103]
2.5345170000056623	[ 0.44856994 -0.43906638  0.41091868]
2.5345180000056624	[ 0.44857834 -0.43908338  0.41092632]
2.5345190000056625	[ 0.44858672 -0.43910037  0.41093395]
2.5345200000056627	[ 0.44859511 -0.43911736  0.41094159]
2.534521000005663	[ 0.44860349 -0.43913435  0.41094922]
2.534522000005663	[ 0.44861187 -0.43915133  0.41095685]
2.534523000005663	[ 0.44862025 -0.43916831  0.41096448]
2.5345240000056632	[ 0.44862864 -0.4391853   0.41097212]
2.5345250000056634	[ 0.44863703 -0.43920228  0.41097976]
2.5345260000056635	[ 0.44864543 -0.43921926  0.41098741]
2.5345270000056637	[ 0.44865383 -0.43923624  0.41099506]
2.534528000005664	[ 0.44866224 -0.43925322  0.41100271]
2.534529000005664	[ 0.44867065 -0.43927021  0.41101037]
2.534530000005664	[ 0.44867907 -0.4392872   0.41101803]
2.5345310000056642	[ 0.44868749 -0.43930419  0.4110257 ]
2.5345320000056644	[ 0.44869591 -0.43932119  0.41103337]
2.5345330000056645	[ 0.44870434 -0.43933819  0.41104104]
2.5345340000056646	[ 0.44871276 -0.43935519  0.41104872]
2.534535000005665	[ 0.44872119 -0.4393722   0.41105639]
2.534536000005665	[ 0.44872962 -0.43938921  0.41106406]
2.534537000005665	[ 0.44873804 -0.43940622  0.41107173]
2.534538000005665	[ 0.44874646 -0.43942324  0.41107939]
2.5345390000056653	[ 0.44875488 -0.43944026  0.41108706]
2.5345400000056655	[ 0.44876329 -0.43945728  0.41109472]
2.5345410000056656	[ 0.4487717  -0.43947431  0.41110238]
2.5345420000056658	[ 0.44878011 -0.43949135  0.41111004]
2.534543000005666	[ 0.44878852 -0.43950838  0.41111769]
2.534544000005666	[ 0.44879692 -0.43952543  0.41112534]
2.534545000005666	[ 0.44880532 -0.43954249  0.41113299]
2.5345460000056663	[ 0.44881373 -0.43955956  0.41114064]
2.5345470000056665	[ 0.44882212 -0.43957663  0.41114829]
2.5345480000056666	[ 0.44883052 -0.43959371  0.41115593]
2.5345490000056667	[ 0.44883892 -0.4396108   0.41116358]
2.534550000005667	[ 0.44884732 -0.43962788  0.41117123]
2.534551000005667	[ 0.44885572 -0.43964497  0.41117888]
2.534552000005667	[ 0.44886412 -0.43966206  0.41118653]
2.5345530000056673	[ 0.44887253 -0.43967914  0.41119418]
2.5345540000056674	[ 0.44888093 -0.43969622  0.41120183]
2.5345550000056676	[ 0.44888934 -0.4397133   0.41120948]
2.5345560000056677	[ 0.44889775 -0.43973037  0.41121714]
2.534557000005668	[ 0.44890616 -0.43974743  0.4112248 ]
2.534558000005668	[ 0.44891457 -0.43976449  0.41123246]
2.534559000005668	[ 0.44892299 -0.43978155  0.41124012]
2.5345600000056683	[ 0.44893141 -0.43979862  0.41124779]
2.5345610000056684	[ 0.44893983 -0.43981568  0.41125546]
2.5345620000056686	[ 0.44894826 -0.43983275  0.41126313]
2.5345630000056687	[ 0.44895668 -0.43984983  0.4112708 ]
2.534564000005669	[ 0.44896511 -0.43986692  0.41127847]
2.534565000005669	[ 0.44897354 -0.43988402  0.41128615]
2.534566000005669	[ 0.44898197 -0.43990113  0.41129382]
2.5345670000056693	[ 0.4489904  -0.43991825  0.4113015 ]
2.5345680000056694	[ 0.44899883 -0.43993539  0.41130917]
2.5345690000056695	[ 0.44900725 -0.43995253  0.41131685]
2.5345700000056697	[ 0.44901568 -0.43996968  0.41132452]
2.53457100000567	[ 0.44902411 -0.43998683  0.41133219]
2.53457200000567	[ 0.44903254 -0.44000399  0.41133986]
2.53457300000567	[ 0.44904096 -0.44002115  0.41134754]
2.5345740000056702	[ 0.44904939 -0.4400383   0.41135521]
2.5345750000056704	[ 0.44905781 -0.44005546  0.41136288]
2.5345760000056705	[ 0.44906624 -0.4400726   0.41137055]
2.5345770000056707	[ 0.44907467 -0.44008974  0.41137822]
2.534578000005671	[ 0.44908309 -0.44010688  0.41138589]
2.534579000005671	[ 0.44909152 -0.44012401  0.41139357]
2.534580000005671	[ 0.44909994 -0.44014114  0.41140124]
2.534581000005671	[ 0.44910837 -0.44015827  0.41140891]
2.5345820000056714	[ 0.44911679 -0.4401754   0.41141658]
2.5345830000056715	[ 0.44912522 -0.44019252  0.41142425]
2.5345840000056716	[ 0.44913365 -0.44020965  0.41143192]
2.5345850000056718	[ 0.44914207 -0.44022678  0.4114396 ]
2.534586000005672	[ 0.4491505  -0.44024391  0.41144727]
2.534587000005672	[ 0.44915892 -0.44026105  0.41145494]
2.534588000005672	[ 0.44916735 -0.44027819  0.41146261]
2.5345890000056723	[ 0.44917577 -0.44029533  0.41147028]
2.5345900000056725	[ 0.4491842  -0.44031248  0.41147795]
2.5345910000056726	[ 0.44919262 -0.44032963  0.41148562]
2.5345920000056728	[ 0.44920105 -0.44034678  0.4114933 ]
2.534593000005673	[ 0.44920948 -0.44036393  0.41150097]
2.534594000005673	[ 0.44921792 -0.44038108  0.41150865]
2.534595000005673	[ 0.44922635 -0.44039824  0.41151633]
2.5345960000056733	[ 0.44923479 -0.4404154   0.41152402]
2.5345970000056735	[ 0.44924323 -0.44043256  0.4115317 ]
2.5345980000056736	[ 0.44925168 -0.44044973  0.41153939]
2.5345990000056737	[ 0.44926012 -0.44046691  0.41154708]
2.534600000005674	[ 0.44926857 -0.44048408  0.41155477]
2.534601000005674	[ 0.44927703 -0.44050127  0.41156247]
2.534602000005674	[ 0.44928548 -0.44051846  0.41157017]
2.5346030000056743	[ 0.44929394 -0.44053565  0.41157787]
2.5346040000056744	[ 0.44930239 -0.44055285  0.41158557]
2.5346050000056746	[ 0.44931085 -0.44057005  0.41159326]
2.5346060000056747	[ 0.4493193  -0.44058726  0.41160096]
2.534607000005675	[ 0.44932776 -0.44060447  0.41160866]
2.534608000005675	[ 0.44933621 -0.44062168  0.41161636]
2.534609000005675	[ 0.44934467 -0.4406389   0.41162406]
2.5346100000056753	[ 0.44935312 -0.44065611  0.41163175]
2.5346110000056754	[ 0.44936156 -0.44067333  0.41163944]
2.5346120000056755	[ 0.44937001 -0.44069055  0.41164713]
2.5346130000056757	[ 0.44937845 -0.44070777  0.41165482]
2.534614000005676	[ 0.4493869  -0.44072499  0.41166251]
2.534615000005676	[ 0.44939534 -0.44074221  0.41167019]
2.534616000005676	[ 0.44940378 -0.44075943  0.41167788]
2.5346170000056762	[ 0.44941221 -0.44077666  0.41168556]
2.5346180000056764	[ 0.44942065 -0.44079389  0.41169324]
2.5346190000056765	[ 0.44942909 -0.44081113  0.41170093]
2.5346200000056767	[ 0.44943753 -0.44082836  0.41170861]
2.534621000005677	[ 0.44944598 -0.44084561  0.4117163 ]
2.534622000005677	[ 0.44945442 -0.44086285  0.41172399]
2.534623000005677	[ 0.44946287 -0.4408801   0.41173168]
2.5346240000056772	[ 0.44947132 -0.44089735  0.41173937]
2.5346250000056774	[ 0.44947978 -0.44091461  0.41174707]
2.5346260000056775	[ 0.44948823 -0.44093186  0.41175477]
2.5346270000056776	[ 0.4494967  -0.44094912  0.41176248]
2.534628000005678	[ 0.44950516 -0.44096637  0.41177019]
2.534629000005678	[ 0.44951363 -0.44098363  0.4117779 ]
2.534630000005678	[ 0.44952211 -0.44100089  0.41178562]
2.534631000005678	[ 0.44953058 -0.44101815  0.41179333]
2.5346320000056783	[ 0.44953906 -0.44103541  0.41180105]
2.5346330000056785	[ 0.44954754 -0.44105267  0.41180878]
2.5346340000056786	[ 0.44955603 -0.44106994  0.4118165 ]
2.5346350000056788	[ 0.44956451 -0.4410872   0.41182422]
2.534636000005679	[ 0.44957299 -0.44110447  0.41183195]
2.534637000005679	[ 0.44958147 -0.44112175  0.41183967]
2.534638000005679	[ 0.44958996 -0.44113903  0.41184739]
2.5346390000056793	[ 0.44959844 -0.44115631  0.41185511]
2.5346400000056795	[ 0.44960692 -0.4411736   0.41186284]
2.5346410000056796	[ 0.4496154  -0.44119089  0.41187056]
2.5346420000056797	[ 0.44962387 -0.44120819  0.41187828]
2.53464300000568	[ 0.44963235 -0.44122549  0.41188599]
2.53464400000568	[ 0.44964083 -0.44124279  0.41189371]
2.53464500000568	[ 0.4496493  -0.4412601   0.41190143]
2.5346460000056803	[ 0.44965777 -0.44127741  0.41190914]
2.5346470000056804	[ 0.44966625 -0.44129472  0.41191686]
2.5346480000056806	[ 0.44967472 -0.44131203  0.41192457]
2.5346490000056807	[ 0.44968319 -0.44132935  0.41193228]
2.534650000005681	[ 0.44969166 -0.44134666  0.41194   ]
2.534651000005681	[ 0.44970014 -0.44136398  0.41194771]
2.534652000005681	[ 0.44970861 -0.4413813   0.41195543]
2.5346530000056813	[ 0.44971709 -0.44139861  0.41196314]
2.5346540000056814	[ 0.44972556 -0.44141593  0.41197086]
2.5346550000056816	[ 0.44973404 -0.44143325  0.41197858]
2.5346560000056817	[ 0.44974252 -0.44145057  0.4119863 ]
2.534657000005682	[ 0.449751   -0.44146789  0.41199402]
2.534658000005682	[ 0.44975948 -0.44148522  0.41200174]
2.534659000005682	[ 0.44976796 -0.44150255  0.41200947]
2.5346600000056823	[ 0.44977645 -0.44151988  0.41201719]
2.5346610000056824	[ 0.44978494 -0.44153721  0.41202492]
2.5346620000056825	[ 0.44979342 -0.44155455  0.41203265]
2.5346630000056827	[ 0.44980191 -0.44157188  0.41204038]
2.534664000005683	[ 0.4498104  -0.44158922  0.41204811]
2.534665000005683	[ 0.44981889 -0.44160656  0.41205584]
2.534666000005683	[ 0.44982739 -0.44162391  0.41206357]
2.5346670000056832	[ 0.44983588 -0.44164125  0.4120713 ]
2.5346680000056834	[ 0.44984437 -0.44165859  0.41207904]
2.5346690000056835	[ 0.44985286 -0.44167594  0.41208677]
2.5346700000056837	[ 0.44986136 -0.44169328  0.4120945 ]
2.534671000005684	[ 0.44986985 -0.44171062  0.41210224]
2.534672000005684	[ 0.44987834 -0.44172796  0.41210997]
2.534673000005684	[ 0.44988684 -0.44174531  0.4121177 ]
2.534674000005684	[ 0.44989533 -0.44176265  0.41212544]
2.5346750000056844	[ 0.44990382 -0.44178     0.41213317]
2.5346760000056845	[ 0.44991232 -0.44179735  0.4121409 ]
2.5346770000056846	[ 0.44992081 -0.4418147   0.41214863]
2.5346780000056848	[ 0.4499293  -0.44183206  0.41215637]
2.534679000005685	[ 0.44993779 -0.44184942  0.4121641 ]
2.534680000005685	[ 0.44994628 -0.4418668   0.41217183]
2.534681000005685	[ 0.44995477 -0.44188417  0.41217956]
2.5346820000056853	[ 0.44996326 -0.44190156  0.41218729]
2.5346830000056855	[ 0.44997175 -0.44191895  0.41219501]
2.5346840000056856	[ 0.44998024 -0.44193635  0.41220274]
2.5346850000056858	[ 0.44998872 -0.44195376  0.41221047]
2.534686000005686	[ 0.44999721 -0.44197117  0.41221819]
2.534687000005686	[ 0.45000569 -0.44198858  0.41222592]
2.534688000005686	[ 0.45001418 -0.442006    0.41223365]
2.5346890000056863	[ 0.45002266 -0.44202341  0.41224137]
2.5346900000056864	[ 0.45003115 -0.44204082  0.4122491 ]
2.5346910000056866	[ 0.45003964 -0.44205824  0.41225683]
2.5346920000056867	[ 0.45004813 -0.44207565  0.41226456]
2.534693000005687	[ 0.45005662 -0.44209305  0.41227229]
2.534694000005687	[ 0.45006512 -0.44211045  0.41228003]
2.534695000005687	[ 0.45007362 -0.44212786  0.41228776]
2.5346960000056873	[ 0.45008212 -0.44214526  0.4122955 ]
2.5346970000056874	[ 0.45009062 -0.44216266  0.41230325]
2.5346980000056876	[ 0.45009913 -0.44218006  0.41231099]
2.5346990000056877	[ 0.45010764 -0.44219746  0.41231874]
2.534700000005688	[ 0.45011615 -0.44221487  0.41232649]
2.534701000005688	[ 0.45012466 -0.44223228  0.41233424]
2.534702000005688	[ 0.45013317 -0.4422497   0.41234199]
2.5347030000056883	[ 0.45014168 -0.44226713  0.41234974]
2.5347040000056884	[ 0.45015019 -0.44228457  0.41235749]
2.5347050000056885	[ 0.4501587  -0.44230201  0.41236523]
2.5347060000056887	[ 0.45016721 -0.44231946  0.41237298]
2.534707000005689	[ 0.45017571 -0.44233692  0.41238072]
2.534708000005689	[ 0.45018421 -0.44235438  0.41238846]
2.534709000005689	[ 0.45019271 -0.44237185  0.4123962 ]
2.5347100000056892	[ 0.4502012  -0.44238931  0.41240393]
2.5347110000056894	[ 0.4502097  -0.44240678  0.41241166]
2.5347120000056895	[ 0.45021819 -0.44242425  0.41241939]
2.5347130000056897	[ 0.45022668 -0.44244171  0.41242712]
2.53471400000569	[ 0.45023516 -0.44245917  0.41243485]
2.53471500000569	[ 0.45024365 -0.44247663  0.41244258]
2.53471600000569	[ 0.45025214 -0.44249409  0.41245031]
2.5347170000056902	[ 0.45026063 -0.44251154  0.41245804]
2.5347180000056904	[ 0.45026912 -0.44252899  0.41246577]
2.5347190000056905	[ 0.45027762 -0.44254644  0.41247351]
2.5347200000056906	[ 0.45028611 -0.44256389  0.41248124]
2.534721000005691	[ 0.45029461 -0.44258134  0.41248898]
2.534722000005691	[ 0.45030312 -0.4425988   0.41249672]
2.534723000005691	[ 0.45031162 -0.44261626  0.41250446]
2.534724000005691	[ 0.45032012 -0.44263373  0.41251221]
2.5347250000056913	[ 0.45032863 -0.44265121  0.41251995]
2.5347260000056915	[ 0.45033714 -0.44266869  0.4125277 ]
2.5347270000056916	[ 0.45034564 -0.44268618  0.41253544]
2.5347280000056918	[ 0.45035415 -0.44270368  0.41254319]
2.534729000005692	[ 0.45036266 -0.44272119  0.41255093]
2.534730000005692	[ 0.45037116 -0.4427387   0.41255868]
2.534731000005692	[ 0.45037967 -0.44275621  0.41256642]
2.5347320000056923	[ 0.45038818 -0.44277374  0.41257417]
2.5347330000056925	[ 0.45039668 -0.44279125  0.41258191]
2.5347340000056926	[ 0.45040518 -0.44280877  0.41258965]
2.5347350000056927	[ 0.45041368 -0.44282629  0.41259739]
2.534736000005693	[ 0.45042219 -0.44284381  0.41260514]
2.534737000005693	[ 0.45043069 -0.44286133  0.41261288]
2.534738000005693	[ 0.4504392  -0.44287885  0.41262062]
2.5347390000056933	[ 0.45044771 -0.44289637  0.41262837]
2.5347400000056934	[ 0.45045621 -0.44291389  0.41263612]
2.5347410000056936	[ 0.45046472 -0.44293141  0.41264387]
2.5347420000056937	[ 0.45047324 -0.44294893  0.41265162]
2.534743000005694	[ 0.45048175 -0.44296646  0.41265937]
2.534744000005694	[ 0.45049026 -0.44298399  0.41266712]
2.534745000005694	[ 0.45049878 -0.44300152  0.41267487]
2.5347460000056943	[ 0.45050729 -0.44301906  0.41268262]
2.5347470000056944	[ 0.45051581 -0.4430366   0.41269038]
2.5347480000056946	[ 0.45052433 -0.44305415  0.41269813]
2.5347490000056947	[ 0.45053284 -0.4430717   0.41270589]
2.534750000005695	[ 0.45054136 -0.44308926  0.41271364]
2.534751000005695	[ 0.45054987 -0.44310681  0.41272139]
2.534752000005695	[ 0.45055839 -0.44312438  0.41272915]
2.5347530000056953	[ 0.45056691 -0.44314194  0.4127369 ]
2.5347540000056954	[ 0.45057542 -0.44315951  0.41274465]
2.5347550000056955	[ 0.45058393 -0.44317707  0.41275241]
2.5347560000056957	[ 0.45059245 -0.44319464  0.41276016]
2.534757000005696	[ 0.45060096 -0.44321222  0.41276791]
2.534758000005696	[ 0.45060948 -0.44322979  0.41277566]
2.534759000005696	[ 0.45061799 -0.44324737  0.41278342]
2.5347600000056962	[ 0.45062651 -0.44326495  0.41279117]
2.5347610000056964	[ 0.45063503 -0.44328253  0.41279892]
2.5347620000056965	[ 0.45064354 -0.44330011  0.41280668]
2.5347630000056967	[ 0.45065206 -0.4433177   0.41281444]
2.534764000005697	[ 0.45066058 -0.44333528  0.41282219]
2.534765000005697	[ 0.4506691  -0.44335287  0.41282995]
2.534766000005697	[ 0.45067763 -0.44337046  0.41283771]
2.534767000005697	[ 0.45068615 -0.44338805  0.41284547]
2.5347680000056974	[ 0.45069468 -0.44340564  0.41285324]
2.5347690000056975	[ 0.45070321 -0.44342323  0.412861  ]
2.5347700000056976	[ 0.45071174 -0.44344082  0.41286877]
2.5347710000056978	[ 0.45072027 -0.44345841  0.41287654]
2.534772000005698	[ 0.4507288 -0.443476   0.4128843]
2.534773000005698	[ 0.45073733 -0.44349359  0.41289207]
2.534774000005698	[ 0.45074586 -0.44351119  0.41289984]
2.5347750000056983	[ 0.4507544  -0.44352878  0.41290761]
2.5347760000056985	[ 0.45076293 -0.44354638  0.41291538]
2.5347770000056986	[ 0.45077146 -0.44356399  0.41292314]
2.5347780000056988	[ 0.45077998 -0.4435816   0.41293091]
2.534779000005699	[ 0.45078851 -0.44359921  0.41293867]
2.534780000005699	[ 0.45079704 -0.44361683  0.41294644]
2.534781000005699	[ 0.45080557 -0.44363445  0.4129542 ]
2.5347820000056993	[ 0.45081409 -0.44365208  0.41296196]
2.5347830000056994	[ 0.45082261 -0.44366972  0.41296972]
2.5347840000056996	[ 0.45083114 -0.44368736  0.41297748]
2.5347850000056997	[ 0.45083966 -0.44370501  0.41298525]
2.5347860000057	[ 0.45084819 -0.44372266  0.41299301]
2.5347870000057	[ 0.45085672 -0.44374031  0.41300078]
2.5347880000057	[ 0.45086525 -0.44375797  0.41300854]
2.5347890000057003	[ 0.45087379 -0.44377563  0.41301631]
2.5347900000057004	[ 0.45088232 -0.44379329  0.41302409]
2.5347910000057006	[ 0.45089086 -0.44381095  0.41303186]
2.5347920000057007	[ 0.4508994  -0.44382861  0.41303964]
2.534793000005701	[ 0.45090794 -0.44384628  0.41304742]
2.534794000005701	[ 0.45091649 -0.44386394  0.4130552 ]
2.534795000005701	[ 0.45092504 -0.44388161  0.41306298]
2.5347960000057013	[ 0.45093358 -0.44389928  0.41307076]
2.5347970000057014	[ 0.45094213 -0.44391694  0.41307854]
2.5347980000057015	[ 0.45095068 -0.44393461  0.41308632]
2.5347990000057017	[ 0.45095922 -0.44395227  0.4130941 ]
2.534800000005702	[ 0.45096777 -0.44396994  0.41310188]
2.534801000005702	[ 0.45097631 -0.44398761  0.41310966]
2.534802000005702	[ 0.45098485 -0.44400527  0.41311744]
2.5348030000057022	[ 0.45099339 -0.44402294  0.41312522]
2.5348040000057024	[ 0.45100193 -0.44404061  0.41313299]
2.5348050000057025	[ 0.45101047 -0.44405827  0.41314076]
2.5348060000057027	[ 0.45101901 -0.44407594  0.41314854]
2.534807000005703	[ 0.45102754 -0.44409362  0.41315631]
2.534808000005703	[ 0.45103608 -0.44411129  0.41316409]
2.534809000005703	[ 0.45104462 -0.44412897  0.41317186]
2.5348100000057032	[ 0.45105316 -0.44414665  0.41317964]
2.5348110000057034	[ 0.45106171 -0.44416433  0.41318742]
2.5348120000057035	[ 0.45107025 -0.44418202  0.4131952 ]
2.5348130000057036	[ 0.45107881 -0.44419971  0.41320298]
2.534814000005704	[ 0.45108736 -0.44421741  0.41321077]
2.534815000005704	[ 0.45109592 -0.44423511  0.41321856]
2.534816000005704	[ 0.45110448 -0.44425282  0.41322636]
2.534817000005704	[ 0.45111304 -0.44427054  0.41323416]
2.5348180000057043	[ 0.45112161 -0.44428826  0.41324196]
2.5348190000057045	[ 0.45113018 -0.44430599  0.41324976]
2.5348200000057046	[ 0.45113875 -0.44432372  0.41325756]
2.5348210000057048	[ 0.45114732 -0.44434145  0.41326537]
2.534822000005705	[ 0.45115589 -0.44435919  0.41327317]
2.534823000005705	[ 0.45116446 -0.44437692  0.41328097]
2.534824000005705	[ 0.45117303 -0.44439466  0.41328877]
2.5348250000057053	[ 0.45118159 -0.4444124   0.41329657]
2.5348260000057055	[ 0.45119015 -0.44443013  0.41330437]
2.5348270000057056	[ 0.45119871 -0.44444786  0.41331216]
2.5348280000057057	[ 0.45120727 -0.44446559  0.41331995]
2.534829000005706	[ 0.45121582 -0.44448332  0.41332774]
2.534830000005706	[ 0.45122438 -0.44450104  0.41333553]
2.534831000005706	[ 0.45123293 -0.44451876  0.41334332]
2.5348320000057063	[ 0.45124148 -0.44453647  0.4133511 ]
2.5348330000057064	[ 0.45125004 -0.44455419  0.41335889]
2.5348340000057066	[ 0.45125859 -0.44457191  0.41336668]
2.5348350000057067	[ 0.45126715 -0.44458963  0.41337448]
2.534836000005707	[ 0.45127571 -0.44460735  0.41338227]
2.534837000005707	[ 0.45128428 -0.44462508  0.41339007]
2.534838000005707	[ 0.45129284 -0.44464282  0.41339787]
2.5348390000057073	[ 0.45130141 -0.44466057  0.41340567]
2.5348400000057074	[ 0.45130803 -0.44467766  0.41341154]
2.5348410000057076	[ 0.45131839 -0.44469698  0.41342111]
2.5348420000057077	[ 0.45132693 -0.44471481  0.41342888]
2.534843000005708	[ 0.45133545 -0.44473266  0.41343664]
2.534844000005708	[ 0.45134398 -0.44475052  0.4134444 ]
2.534845000005708	[ 0.4513525  -0.44476839  0.41345216]
2.5348460000057083	[ 0.45136103 -0.44478628  0.41345993]
2.5348470000057084	[ 0.45136956 -0.44480417  0.4134677 ]
2.5348480000057085	[ 0.4513781  -0.44482206  0.41347547]
2.5348490000057087	[ 0.45138665 -0.44483995  0.41348325]
2.534850000005709	[ 0.4513952  -0.44485784  0.41349104]
2.534851000005709	[ 0.45140376 -0.44487572  0.41349884]
2.534852000005709	[ 0.45141233 -0.44489358  0.41350664]
2.5348530000057092	[ 0.45142092 -0.44491143  0.41351446]
2.5348540000057094	[ 0.45142951 -0.44492926  0.41352228]
2.5348550000057095	[ 0.45143812 -0.44494707  0.41353012]
2.5348560000057097	[ 0.45144674 -0.44496486  0.41353797]
2.53485700000571	[ 0.45145536 -0.44498265  0.41354582]
2.53485800000571	[ 0.45146399 -0.44500042  0.41355368]
2.53485900000571	[ 0.45147262 -0.44501819  0.41356154]
2.53486000000571	[ 0.45148126 -0.44503597  0.4135694 ]
2.5348610000057104	[ 0.45148989 -0.44505375  0.41357726]
2.5348620000057105	[ 0.45149851 -0.44507155  0.41358511]
2.5348630000057106	[ 0.45150719 -0.44508881  0.41359298]
2.5348640000057108	[ 0.45151556 -0.44510714  0.41360061]
2.534865000005711	[ 0.45152417 -0.44512495  0.41360845]
2.534866000005711	[ 0.45153276 -0.44514279  0.41361627]
2.534867000005711	[ 0.45154134 -0.44516065  0.41362408]
2.5348680000057113	[ 0.4515499  -0.44517853  0.41363188]
2.5348690000057115	[ 0.45155845 -0.44519641  0.41363966]
2.5348700000057116	[ 0.45156699 -0.4452143   0.41364744]
2.5348710000057117	[ 0.45157552 -0.4452322   0.41365521]
2.534872000005712	[ 0.45158405 -0.44525009  0.41366297]
2.534873000005712	[ 0.45159258 -0.44526797  0.41367074]
2.534874000005712	[ 0.45160111 -0.44528585  0.4136785 ]
2.5348750000057123	[ 0.45160965 -0.44530372  0.41368628]
2.5348760000057124	[ 0.45161819 -0.44532157  0.41369406]
2.5348770000057126	[ 0.45162675 -0.44533942  0.41370185]
2.5348780000057127	[ 0.45163533 -0.44535726  0.41370966]
2.534879000005713	[ 0.45164392 -0.44537509  0.41371748]
2.534880000005713	[ 0.45165252 -0.44539293  0.41372531]
2.534881000005713	[ 0.45166114 -0.44541076  0.41373316]
2.5348820000057133	[ 0.45166979 -0.44542913  0.41374107]
2.5348830000057134	[ 0.45167853 -0.44544595  0.41374898]
2.5348840000057136	[ 0.45168706 -0.44546488  0.4137568 ]
2.5348850000057137	[ 0.4516958  -0.44548171  0.41376471]
2.534886000005714	[ 0.45170434 -0.44550066  0.41377253]
2.534887000005714	[ 0.4517131  -0.44551804  0.41378049]
2.534888000005714	[ 0.45172171 -0.44553596  0.41378834]
2.5348890000057143	[ 0.45173032 -0.44555389  0.41379617]
2.5348900000057144	[ 0.45173892 -0.44557182  0.413804  ]
2.5348910000057145	[ 0.4517475  -0.44558975  0.41381182]
2.5348920000057147	[ 0.45175607 -0.44560767  0.41381962]
2.534893000005715	[ 0.45176464 -0.44562558  0.41382742]
2.534894000005715	[ 0.45177319 -0.44564349  0.41383521]
2.534895000005715	[ 0.45178174 -0.4456614   0.41384299]
2.5348960000057152	[ 0.45179029 -0.44567929  0.41385077]
2.5348970000057154	[ 0.45179884 -0.44569719  0.41385856]
2.5348980000057155	[ 0.4518074  -0.44571509  0.41386635]
2.5348990000057157	[ 0.45181596 -0.44573299  0.41387414]
2.534900000005716	[ 0.45182461 -0.44575035  0.41388199]
2.534901000005716	[ 0.45183295 -0.44576875  0.41388959]
2.534902000005716	[ 0.45184156 -0.44578664  0.41389743]
2.5349030000057162	[ 0.45185018 -0.44580455  0.41390528]
2.5349040000057164	[ 0.4518588  -0.44582248  0.41391313]
2.5349050000057165	[ 0.45186744 -0.44584042  0.413921  ]
2.5349060000057166	[ 0.45187609 -0.44585837  0.41392887]
2.534907000005717	[ 0.45188474 -0.44587633  0.41393675]
2.534908000005717	[ 0.4518934  -0.44589429  0.41394464]
2.534909000005717	[ 0.45190206 -0.44591226  0.41395252]
2.534910000005717	[ 0.45191073 -0.44593023  0.41396041]
2.5349110000057173	[ 0.45191939 -0.4459482   0.4139683 ]
2.5349120000057175	[ 0.45192805 -0.44596616  0.41397619]
2.5349130000057176	[ 0.45193671 -0.44598412  0.41398407]
2.5349140000057178	[ 0.45194537 -0.44600208  0.41399195]
2.534915000005718	[ 0.45195402 -0.44602003  0.41399983]
2.534916000005718	[ 0.45196267 -0.44603797  0.41400771]
2.534917000005718	[ 0.45197132 -0.44605592  0.41401558]
2.5349180000057183	[ 0.45197996 -0.44607387  0.41402345]
2.5349190000057185	[ 0.45198859 -0.44609182  0.41403131]
2.5349200000057186	[ 0.45199722 -0.44610978  0.41403917]
2.5349210000057187	[ 0.45200585 -0.44612774  0.41404702]
2.534922000005719	[ 0.45201447 -0.44614572  0.41405487]
2.534923000005719	[ 0.45202308 -0.44616369  0.41406271]
2.534924000005719	[ 0.45203169 -0.44618168  0.41407055]
2.5349250000057193	[ 0.45204041 -0.44619963  0.41407849]
2.5349260000057194	[ 0.45204887 -0.4462176   0.41408619]
2.5349270000057196	[ 0.45205746 -0.44623558  0.41409402]
2.5349280000057197	[ 0.45206606 -0.44625355  0.41410184]
2.53492900000572	[ 0.45207465 -0.44627152  0.41410967]
2.53493000000572	[ 0.45208325 -0.44628947  0.41411749]
2.53493100000572	[ 0.45209184 -0.44630742  0.41412532]
2.5349320000057203	[ 0.45210044 -0.44632535  0.41413315]
2.5349330000057204	[ 0.45210905 -0.44634328  0.41414099]
2.5349340000057206	[ 0.45211766 -0.4463612   0.41414883]
2.5349350000057207	[ 0.45212628 -0.44637912  0.41415667]
2.534936000005721	[ 0.4521349  -0.44639705  0.41416452]
2.534937000005721	[ 0.45214353 -0.44641498  0.41417238]
2.534938000005721	[ 0.45215216 -0.44643292  0.41418024]
2.5349390000057213	[ 0.4521608  -0.44645088  0.41418811]
2.5349400000057214	[ 0.45216945 -0.44646886  0.41419599]
2.5349410000057215	[ 0.45217808 -0.44648684  0.41420384]
2.5349420000057217	[ 0.45218672 -0.44650485  0.41421171]
2.534943000005722	[ 0.45219537 -0.44652288  0.41421958]
2.534944000005722	[ 0.45220402 -0.44654092  0.41422746]
2.534945000005722	[ 0.45221266 -0.44655898  0.41423533]
2.5349460000057222	[ 0.45222131 -0.44657704  0.4142432 ]
2.5349470000057224	[ 0.45222996 -0.44659511  0.41425108]
2.5349480000057225	[ 0.45223869 -0.44661317  0.41425903]
2.5349490000057227	[ 0.45224725 -0.44663124  0.41426682]
2.534950000005723	[ 0.45225591 -0.44664931  0.4142747 ]
2.534951000005723	[ 0.45226456 -0.44666738  0.41428258]
2.534952000005723	[ 0.45227322 -0.44668545  0.41429047]
2.534953000005723	[ 0.45228188 -0.44670352  0.41429835]
2.5349540000057234	[ 0.45229054 -0.44672158  0.41430624]
2.5349550000057235	[ 0.4522992  -0.44673965  0.41431412]
2.5349560000057236	[ 0.45230785 -0.44675771  0.414322  ]
2.5349570000057238	[ 0.4523165  -0.44677577  0.41432988]
2.534958000005724	[ 0.45232515 -0.44679383  0.41433775]
2.534959000005724	[ 0.45233379 -0.44681189  0.41434561]
2.534960000005724	[ 0.45234242 -0.44682995  0.41435347]
2.5349610000057243	[ 0.45235104 -0.44684801  0.41436133]
2.5349620000057245	[ 0.45235966 -0.44686607  0.41436918]
2.5349630000057246	[ 0.45236827 -0.44688412  0.41437702]
2.5349640000057247	[ 0.45237688 -0.44690217  0.41438486]
2.534965000005725	[ 0.45238549 -0.44692021  0.41439269]
2.534966000005725	[ 0.45239409 -0.44693825  0.41440052]
2.534967000005725	[ 0.4524027  -0.44695629  0.41440836]
2.5349680000057253	[ 0.4524113  -0.44697433  0.41441619]
2.5349690000057254	[ 0.45241991 -0.44699237  0.41442403]
2.5349700000057256	[ 0.45242853 -0.44701041  0.41443188]
2.5349710000057257	[ 0.45243715 -0.44702846  0.41443973]
2.534972000005726	[ 0.45244578 -0.44704652  0.41444758]
2.534973000005726	[ 0.45245441 -0.44706459  0.41445545]
2.534974000005726	[ 0.45246306 -0.44708266  0.41446332]
2.5349750000057263	[ 0.45247171 -0.44710075  0.4144712 ]
2.5349760000057264	[ 0.45248037 -0.44711884  0.41447908]
2.5349770000057266	[ 0.45248903 -0.44713695  0.41448697]
2.5349780000057267	[ 0.4524977  -0.44715506  0.41449486]
2.534979000005727	[ 0.45250638 -0.44717318  0.41450276]
2.534980000005727	[ 0.45251505 -0.44719131  0.41451066]
2.534981000005727	[ 0.45252373 -0.44720944  0.41451856]
2.5349820000057273	[ 0.4525324  -0.44722757  0.41452646]
2.5349830000057274	[ 0.45254107 -0.4472457   0.41453435]
2.5349840000057275	[ 0.45254974 -0.44726383  0.41454224]
2.5349850000057277	[ 0.4525584  -0.44728196  0.41455013]
2.534986000005728	[ 0.45256706 -0.44730009  0.41455801]
2.534987000005728	[ 0.4525757  -0.44731822  0.41456589]
2.534988000005728	[ 0.45258434 -0.44733636  0.41457376]
2.5349890000057282	[ 0.45259298 -0.44735449  0.41458162]
2.5349900000057284	[ 0.45260171 -0.44737259  0.41458957]
2.5349910000057285	[ 0.45261021 -0.44739072  0.4145973 ]
2.5349920000057287	[ 0.45261882 -0.44740885  0.41460515]
2.534993000005729	[ 0.45262744 -0.44742699  0.41461299]
2.534994000005729	[ 0.45263605 -0.44744513  0.41462083]
2.534995000005729	[ 0.45264466 -0.44746327  0.41462867]
2.534996000005729	[ 0.45265327 -0.44748141  0.41463651]
2.5349970000057294	[ 0.45266189 -0.44749955  0.41464436]
2.5349980000057295	[ 0.45267051 -0.44751769  0.41465221]
2.5349990000057296	[ 0.45267914 -0.44753584  0.41466006]
2.53500000000573	[ 0.45268778 -0.44755399  0.41466793]
2.53500100000573	[ 0.45269642 -0.44757213  0.4146758 ]
2.53500200000573	[ 0.45270507 -0.44759029  0.41468368]
2.53500300000573	[ 0.45271374 -0.44760844  0.41469157]
2.5350040000057303	[ 0.45272241 -0.44762661  0.41469946]
2.5350050000057305	[ 0.45273108 -0.44764478  0.41470736]
2.5350060000057306	[ 0.45273976 -0.44766296  0.41471526]
2.5350070000057308	[ 0.45274843 -0.44768115  0.41472315]
2.535008000005731	[ 0.45275713 -0.44769934  0.41473108]
2.535009000005731	[ 0.45276582 -0.44771753  0.41473899]
2.535010000005731	[ 0.4527745  -0.44773574  0.41474689]
2.5350110000057313	[ 0.45278318 -0.44775394  0.4147548 ]
2.5350120000057315	[ 0.45279186 -0.44777215  0.4147627 ]
2.5350130000057316	[ 0.45280054 -0.44779035  0.4147706 ]
2.5350140000057317	[ 0.45280921 -0.44780856  0.4147785 ]
2.535015000005732	[ 0.45281788 -0.44782676  0.41478639]
2.535016000005732	[ 0.45282654 -0.44784495  0.41479428]
2.535017000005732	[ 0.4528352  -0.44786315  0.41480216]
2.5350180000057323	[ 0.45284386 -0.44788134  0.41481004]
2.5350190000057324	[ 0.45285251 -0.44789952  0.41481792]
2.5350200000057326	[ 0.45286116 -0.44791771  0.4148258 ]
2.5350210000057327	[ 0.45286981 -0.44793589  0.41483367]
2.535022000005733	[ 0.45287845 -0.44795408  0.41484154]
2.535023000005733	[ 0.45288709 -0.44797226  0.41484941]
2.535024000005733	[ 0.45289573 -0.44799045  0.41485728]
2.5350250000057333	[ 0.45290437 -0.44800864  0.41486514]
2.5350260000057334	[ 0.452913   -0.44802684  0.414873  ]
2.5350270000057336	[ 0.45292164 -0.44804503  0.41488087]
2.5350280000057337	[ 0.45293027 -0.44806323  0.41488873]
2.535029000005734	[ 0.45293891 -0.44808143  0.41489659]
2.535030000005734	[ 0.45294755 -0.44809964  0.41490446]
2.535031000005734	[ 0.45295619 -0.44811785  0.41491233]
2.5350320000057343	[ 0.45296484 -0.44813606  0.4149202 ]
2.5350330000057344	[ 0.45297349 -0.44815428  0.41492808]
2.5350340000057345	[ 0.45298215 -0.4481725   0.41493596]
2.5350350000057347	[ 0.45299081 -0.44819073  0.41494385]
2.535036000005735	[ 0.45299949 -0.44820898  0.41495175]
2.535037000005735	[ 0.45300816 -0.44822723  0.41495965]
2.535038000005735	[ 0.45301685 -0.4482455   0.41496756]
2.5350390000057352	[ 0.45302554 -0.44826378  0.41497547]
2.5350400000057354	[ 0.45303423 -0.44828208  0.41498339]
2.5350410000057355	[ 0.45304293 -0.44830038  0.41499131]
2.5350420000057357	[ 0.45305163 -0.4483187   0.41499923]
2.535043000005736	[ 0.45306033 -0.44833702  0.41500715]
2.535044000005736	[ 0.45306903 -0.44835535  0.41501507]
2.535045000005736	[ 0.45307773 -0.44837368  0.41502299]
2.535046000005736	[ 0.45308643 -0.448392    0.41503091]
2.5350470000057364	[ 0.45309512 -0.44841032  0.41503883]
2.5350480000057365	[ 0.45310382 -0.44842862  0.41504675]
2.5350490000057366	[ 0.45311261 -0.44844689  0.41505476]
2.5350500000057368	[ 0.45312118 -0.44846515  0.41506256]
2.535051000005737	[ 0.45312987 -0.44848341  0.41507047]
2.535052000005737	[ 0.45313856 -0.44850166  0.41507838]
2.535053000005737	[ 0.45314725 -0.4485199   0.41508629]
2.5350540000057373	[ 0.45315593 -0.44853814  0.4150942 ]
2.5350550000057375	[ 0.45316462 -0.44855637  0.41510211]
2.5350560000057376	[ 0.4531733  -0.44857461  0.41511001]
2.5350570000057377	[ 0.45318198 -0.44859285  0.41511792]
2.535058000005738	[ 0.45319066 -0.4486111   0.41512582]
2.535059000005738	[ 0.45319933 -0.44862936  0.41513372]
2.535060000005738	[ 0.45320801 -0.44864764  0.41514161]
2.5350610000057383	[ 0.45321668 -0.44866593  0.41514951]
2.5350620000057384	[ 0.45322534 -0.44868422  0.4151574 ]
2.5350630000057386	[ 0.45323401 -0.44870253  0.41516529]
2.5350640000057387	[ 0.45324267 -0.44872084  0.41517318]
2.535065000005739	[ 0.45325134 -0.44873915  0.41518107]
2.535066000005739	[ 0.45326001 -0.44875747  0.41518896]
2.535067000005739	[ 0.45326867 -0.44877578  0.41519685]
2.5350680000057393	[ 0.45327735 -0.44879408  0.41520475]
2.5350690000057394	[ 0.45328602 -0.44881238  0.41521265]
2.5350700000057396	[ 0.45329471 -0.44883067  0.41522056]
2.5350710000057397	[ 0.4533034  -0.44884896  0.41522847]
2.53507200000574	[ 0.45331209 -0.44886724  0.41523639]
2.53507300000574	[ 0.4533208  -0.44888553  0.41524431]
2.53507400000574	[ 0.4533295  -0.44890381  0.41525224]
2.5350750000057403	[ 0.45333822 -0.4489221   0.41526017]
2.5350760000057404	[ 0.45334693 -0.4489404   0.41526811]
2.5350770000057405	[ 0.45335565 -0.4489587   0.41527605]
2.5350780000057407	[ 0.45336437 -0.44897702  0.41528399]
2.535079000005741	[ 0.45337308 -0.44899535  0.41529192]
2.535080000005741	[ 0.4533818  -0.4490137   0.41529986]
2.535081000005741	[ 0.45339051 -0.44903205  0.41530779]
2.5350820000057412	[ 0.45339922 -0.44905042  0.41531572]
2.5350830000057414	[ 0.45340792 -0.44906879  0.41532365]
2.5350840000057415	[ 0.45341662 -0.44908717  0.41533157]
2.5350850000057417	[ 0.45342541 -0.44910553  0.41533957]
2.535086000005742	[ 0.45343399 -0.4491239   0.41534738]
2.535087000005742	[ 0.45344269 -0.44914228  0.4153553 ]
2.535088000005742	[ 0.45345137 -0.44916065  0.41536321]
2.535089000005742	[ 0.45346006 -0.44917902  0.41537112]
2.5350900000057424	[ 0.45346875 -0.44919739  0.41537903]
2.5350910000057425	[ 0.45347744 -0.44921575  0.41538694]
2.5350920000057426	[ 0.45348613 -0.44923411  0.41539486]
2.535093000005743	[ 0.45349483 -0.44925246  0.41540277]
2.535094000005743	[ 0.45350353 -0.44927081  0.4154107 ]
2.535095000005743	[ 0.45351224 -0.44928917  0.41541862]
2.535096000005743	[ 0.45352095 -0.44930752  0.41542656]
2.5350970000057433	[ 0.45352967 -0.44932588  0.41543449]
2.5350980000057435	[ 0.45353839 -0.44934424  0.41544244]
2.5350990000057436	[ 0.45354712 -0.4493626   0.41545038]
2.5351000000057438	[ 0.45355585 -0.44938097  0.41545833]
2.535101000005744	[ 0.45356458 -0.44939934  0.41546629]
2.535102000005744	[ 0.45357332 -0.44941771  0.41547425]
2.535103000005744	[ 0.45358206 -0.44943609  0.4154822 ]
2.5351040000057443	[ 0.4535908  -0.44945447  0.41549016]
2.5351050000057445	[ 0.45359955 -0.44947285  0.41549812]
2.5351060000057446	[ 0.45360829 -0.44949124  0.41550608]
2.5351070000057447	[ 0.45361703 -0.44950963  0.41551404]
2.535108000005745	[ 0.45362577 -0.44952801  0.415522  ]
2.535109000005745	[ 0.4536345  -0.4495464   0.41552996]
2.535110000005745	[ 0.45364324 -0.44956479  0.41553791]
2.5351110000057453	[ 0.45365197 -0.44958319  0.41554586]
2.5351120000057454	[ 0.4536607  -0.44960158  0.41555381]
2.5351130000057456	[ 0.45366942 -0.44961997  0.41556175]
2.5351140000057457	[ 0.45367815 -0.44963837  0.4155697 ]
2.535115000005746	[ 0.45368687 -0.44965676  0.41557764]
2.535116000005746	[ 0.45369559 -0.44967516  0.41558558]
2.535117000005746	[ 0.45370431 -0.44969355  0.41559352]
2.5351180000057463	[ 0.45371365 -0.44971185  0.41560203]
2.5351190000057464	[ 0.45372166 -0.44973012  0.41560931]
2.5351200000057466	[ 0.4537304  -0.4497485   0.41561726]
2.5351210000057467	[ 0.45373913 -0.44976688  0.41562521]
2.535122000005747	[ 0.45374786 -0.44978526  0.41563316]
2.535123000005747	[ 0.45375659 -0.44980365  0.41564111]
2.535124000005747	[ 0.45376533 -0.44982203  0.41564907]
2.5351250000057473	[ 0.45377407 -0.44984043  0.41565702]
2.5351260000057474	[ 0.45378281 -0.44985882  0.41566498]
2.5351270000057475	[ 0.45379155 -0.44987723  0.41567294]
2.5351280000057477	[ 0.45380029 -0.44989564  0.4156809 ]
2.535129000005748	[ 0.45380904 -0.44991406  0.41568887]
2.535130000005748	[ 0.45381778 -0.44993249  0.41569683]
2.535131000005748	[ 0.45382653 -0.44995093  0.4157048 ]
2.5351320000057482	[ 0.45383528 -0.44996938  0.41571276]
2.5351330000057484	[ 0.45384403 -0.44998784  0.41572073]
2.5351340000057485	[ 0.45385277 -0.45000631  0.41572869]
2.5351350000057487	[ 0.45386152 -0.45002478  0.41573666]
2.535136000005749	[ 0.45387027 -0.45004327  0.41574462]
2.535137000005749	[ 0.45387901 -0.45006175  0.41575258]
2.535138000005749	[ 0.45388776 -0.45008024  0.41576055]
2.535139000005749	[ 0.4538965  -0.45009873  0.41576851]
2.5351400000057494	[ 0.45390524 -0.45011722  0.41577647]
2.5351410000057495	[ 0.45391398 -0.4501357   0.41578443]
2.5351420000057496	[ 0.45392273 -0.45015418  0.41579239]
2.5351430000057498	[ 0.45393147 -0.45017266  0.41580035]
2.53514400000575	[ 0.45394022 -0.45019113  0.41580832]
2.53514500000575	[ 0.45394897 -0.45020959  0.41581628]
2.53514600000575	[ 0.45395772 -0.45022805  0.41582425]
2.5351470000057503	[ 0.45396648 -0.4502465   0.41583223]
2.5351480000057505	[ 0.45397524 -0.45026495  0.4158402 ]
2.5351490000057506	[ 0.453984   -0.4502834   0.41584818]
2.5351500000057507	[ 0.45399279 -0.45030185  0.41585619]
2.535151000005751	[ 0.45400163 -0.45032028  0.41586424]
2.535152000005751	[ 0.45401029 -0.45033871  0.41587212]
2.535153000005751	[ 0.45401906 -0.45035716  0.41588011]
2.5351540000057513	[ 0.45402784 -0.45037562  0.4158881 ]
2.5351550000057514	[ 0.45403661 -0.45039409  0.41589608]
2.5351560000057516	[ 0.45404538 -0.45041256  0.41590407]
2.5351570000057517	[ 0.45405415 -0.45043104  0.41591205]
2.535158000005752	[ 0.45406291 -0.45044952  0.41592003]
2.535159000005752	[ 0.45407167 -0.45046801  0.41592801]
2.535160000005752	[ 0.45408043 -0.45048651  0.41593599]
2.5351610000057523	[ 0.45408919 -0.45050501  0.41594397]
2.5351620000057524	[ 0.45409795 -0.45052351  0.41595194]
2.5351630000057526	[ 0.45410671 -0.45054202  0.41595991]
2.5351640000057527	[ 0.45411547 -0.45056053  0.41596789]
2.535165000005753	[ 0.45412423 -0.45057904  0.41597587]
2.535166000005753	[ 0.45413299 -0.45059755  0.41598385]
2.535167000005753	[ 0.45414176 -0.45061606  0.41599183]
2.5351680000057533	[ 0.45415053 -0.45063458  0.41599982]
2.5351690000057534	[ 0.45415931 -0.4506531   0.41600781]
2.5351700000057535	[ 0.45416809 -0.45067162  0.41601581]
2.5351710000057537	[ 0.45417688 -0.45069014  0.41602381]
2.535172000005754	[ 0.45418567 -0.45070867  0.41603181]
2.535173000005754	[ 0.45419446 -0.45072721  0.41603982]
2.535174000005754	[ 0.45420325 -0.45074575  0.41604783]
2.5351750000057542	[ 0.45421204 -0.4507643   0.41605583]
2.5351760000057544	[ 0.45422083 -0.45078286  0.41606384]
2.5351770000057545	[ 0.45422962 -0.45080142  0.41607184]
2.5351780000057547	[ 0.4542384  -0.45081999  0.41607983]
2.535179000005755	[ 0.45424718 -0.45083856  0.41608782]
2.535180000005755	[ 0.45425595 -0.45085714  0.41609581]
2.535181000005755	[ 0.45426471 -0.45087571  0.41610379]
2.535182000005755	[ 0.45427347 -0.45089429  0.41611176]
2.5351830000057554	[ 0.45428222 -0.45091286  0.41611973]
2.5351840000057555	[ 0.45429097 -0.45093142  0.4161277 ]
2.5351850000057556	[ 0.45429972 -0.45094998  0.41613566]
2.535186000005756	[ 0.45430846 -0.45096854  0.41614363]
2.535187000005756	[ 0.45431721 -0.45098709  0.4161516 ]
2.535188000005756	[ 0.45432597 -0.45100564  0.41615957]
2.535189000005756	[ 0.45433472 -0.45102418  0.41616754]
2.5351900000057563	[ 0.45434349 -0.45104273  0.41617552]
2.5351910000057565	[ 0.45435233 -0.45106128  0.41618357]
2.5351920000057566	[ 0.45436102 -0.45107982  0.41619148]
2.5351930000057568	[ 0.4543698  -0.45109839  0.41619948]
2.535194000005757	[ 0.45437859 -0.45111697  0.41620748]
2.535195000005757	[ 0.45438738 -0.45113556  0.41621549]
2.535196000005757	[ 0.45439617 -0.45115416  0.41622349]
2.5351970000057573	[ 0.45440497 -0.45117278  0.4162315 ]
2.5351980000057575	[ 0.45441376 -0.45119141  0.41623951]
2.5351990000057576	[ 0.45442255 -0.45121005  0.41624751]
2.5352000000057577	[ 0.45443134 -0.45122869  0.41625551]
2.535201000005758	[ 0.45444012 -0.45124733  0.41626351]
2.535202000005758	[ 0.4544489  -0.45126598  0.41627151]
2.535203000005758	[ 0.45445768 -0.45128462  0.4162795 ]
2.5352040000057583	[ 0.45446646 -0.45130325  0.41628749]
2.5352050000057584	[ 0.45447523 -0.45132188  0.41629548]
2.5352060000057586	[ 0.45448401 -0.4513405   0.41630347]
2.5352070000057587	[ 0.45449278 -0.4513591   0.41631146]
2.535208000005759	[ 0.45450156 -0.4513777   0.41631945]
2.535209000005759	[ 0.45451033 -0.4513963   0.41632745]
2.535210000005759	[ 0.45451912 -0.45141489  0.41633544]
2.5352110000057593	[ 0.4545279  -0.45143348  0.41634345]
2.5352120000057594	[ 0.45453669 -0.45145207  0.41635145]
2.5352130000057596	[ 0.45454549 -0.45147067  0.41635946]
2.5352140000057597	[ 0.45455428 -0.45148927  0.41636747]
2.53521500000576	[ 0.45456308 -0.45150789  0.41637548]
2.53521600000576	[ 0.45457189 -0.45152652  0.41638349]
2.53521700000576	[ 0.45458069 -0.45154517  0.41639151]
2.5352180000057603	[ 0.45458949 -0.45156382  0.41639952]
2.5352190000057604	[ 0.45459829 -0.45158249  0.41640754]
2.5352200000057605	[ 0.45460709 -0.45160117  0.41641555]
2.5352210000057607	[ 0.45461586 -0.45161986  0.41642354]
2.535222000005761	[ 0.45462469 -0.45163856  0.41643158]
2.535223000005761	[ 0.45463348 -0.45165726  0.41643958]
2.535224000005761	[ 0.45464227 -0.45167596  0.41644759]
2.5352250000057612	[ 0.45465106 -0.45169466  0.41645559]
2.5352260000057614	[ 0.45465985 -0.45171336  0.4164636 ]
2.5352270000057615	[ 0.45466864 -0.45173206  0.4164716 ]
2.5352280000057617	[ 0.45467743 -0.45175076  0.41647961]
2.535229000005762	[ 0.45468623 -0.45176946  0.41648761]
2.535230000005762	[ 0.45469502 -0.45178816  0.41649562]
2.535231000005762	[ 0.45470381 -0.45180686  0.41650362]
2.535232000005762	[ 0.45471261 -0.45182557  0.41651163]
2.5352330000057623	[ 0.4547214  -0.45184427  0.41651964]
2.5352340000057625	[ 0.4547302  -0.45186297  0.41652765]
2.5352350000057626	[ 0.45473899 -0.45188168  0.41653566]
2.5352360000057628	[ 0.45474779 -0.45190039  0.41654367]
2.535237000005763	[ 0.45475659 -0.45191909  0.41655168]
2.535238000005763	[ 0.45476539 -0.4519378   0.41655969]
2.535239000005763	[ 0.45477418 -0.4519565   0.4165677 ]
2.5352400000057633	[ 0.45478298 -0.45197521  0.41657571]
2.5352410000057635	[ 0.45479177 -0.45199391  0.41658372]
2.5352420000057636	[ 0.45480058 -0.45201262  0.41659174]
2.5352430000057637	[ 0.45480937 -0.45203132  0.41659975]
2.535244000005764	[ 0.45481817 -0.45205002  0.41660776]
2.535245000005764	[ 0.45482697 -0.45206872  0.41661577]
2.535246000005764	[ 0.45483577 -0.45208743  0.41662379]
2.5352470000057643	[ 0.45484457 -0.45210614  0.4166318 ]
2.5352480000057644	[ 0.45485338 -0.45212485  0.41663982]
2.5352490000057646	[ 0.45486218 -0.45214357  0.41664784]
2.5352500000057647	[ 0.45487099 -0.4521623   0.41665585]
2.535251000005765	[ 0.4548798  -0.45218103  0.41666387]
2.535252000005765	[ 0.4548886  -0.45219977  0.4166719 ]
2.535253000005765	[ 0.45489741 -0.45221851  0.41667992]
2.5352540000057653	[ 0.45490622 -0.45223726  0.41668794]
2.5352550000057654	[ 0.45491504 -0.45225602  0.41669597]
2.5352560000057656	[ 0.45492385 -0.45227477  0.41670399]
2.5352570000057657	[ 0.45493267 -0.45229353  0.41671202]
2.535258000005766	[ 0.45494149 -0.4523123   0.41672005]
2.535259000005766	[ 0.45495031 -0.45233106  0.41672808]
2.535260000005766	[ 0.45495913 -0.45234983  0.41673611]
2.5352610000057663	[ 0.45496795 -0.4523686   0.41674415]
2.5352620000057664	[ 0.45497678 -0.45238738  0.41675218]
2.5352630000057665	[ 0.45498571 -0.45240614  0.41676032]
2.5352640000057667	[ 0.45499441 -0.4524249   0.41676824]
2.535265000005767	[ 0.45500324 -0.45244368  0.41677628]
2.535266000005767	[ 0.45501207 -0.45246247  0.41678432]
2.535267000005767	[ 0.4550209  -0.45248126  0.41679236]
2.5352680000057672	[ 0.45502972 -0.45250005  0.4168004 ]
2.5352690000057674	[ 0.45503855 -0.45251885  0.41680843]
2.5352700000057675	[ 0.45504737 -0.45253765  0.41681646]
2.5352710000057677	[ 0.45505619 -0.45255645  0.4168245 ]
2.535272000005768	[ 0.45506501 -0.45257526  0.41683253]
2.535273000005768	[ 0.45507382 -0.45259406  0.41684055]
2.535274000005768	[ 0.45508264 -0.45261287  0.41684858]
2.535275000005768	[ 0.45509145 -0.45263168  0.41685661]
2.5352760000057684	[ 0.45510027 -0.45265049  0.41686464]
2.5352770000057685	[ 0.45510909 -0.4526693   0.41687266]
2.5352780000057686	[ 0.4551179  -0.45268811  0.41688069]
2.535279000005769	[ 0.45512672 -0.45270692  0.41688872]
2.535280000005769	[ 0.45513554 -0.45272574  0.41689676]
2.535281000005769	[ 0.45514437 -0.45274455  0.41690479]
2.535282000005769	[ 0.45515319 -0.45276337  0.41691283]
2.5352830000057693	[ 0.45516202 -0.45278218  0.41692087]
2.5352840000057695	[ 0.45517085 -0.452801    0.41692891]
2.5352850000057696	[ 0.45517969 -0.45281981  0.41693695]
2.5352860000057698	[ 0.45518852 -0.45283863  0.416945  ]
2.53528700000577	[ 0.45519736 -0.45285745  0.41695305]
2.53528800000577	[ 0.45520621 -0.45287627  0.4169611 ]
2.53528900000577	[ 0.45521505 -0.45289509  0.41696915]
2.5352900000057703	[ 0.45522389 -0.45291391  0.41697721]
2.5352910000057705	[ 0.45523274 -0.45293274  0.41698526]
2.5352920000057706	[ 0.45524159 -0.45295157  0.41699332]
2.5352930000057707	[ 0.45525043 -0.4529704   0.41700137]
2.535294000005771	[ 0.45525927 -0.45298925  0.41700943]
2.535295000005771	[ 0.45526812 -0.4530081   0.41701748]
2.535296000005771	[ 0.45527695 -0.45302695  0.41702552]
2.5352970000057713	[ 0.45528579 -0.45304582  0.41703357]
2.5352980000057714	[ 0.45529462 -0.45306469  0.41704161]
2.5352990000057716	[ 0.45530344 -0.45308357  0.41704965]
2.5353000000057717	[ 0.45531226 -0.45310245  0.41705768]
2.535301000005772	[ 0.45532108 -0.45312133  0.41706571]
2.535302000005772	[ 0.4553299  -0.45314021  0.41707374]
2.535303000005772	[ 0.45533871 -0.45315909  0.41708176]
2.5353040000057723	[ 0.45534753 -0.45317796  0.41708979]
2.5353050000057724	[ 0.45535634 -0.45319683  0.41709782]
2.5353060000057726	[ 0.45536516 -0.45321569  0.41710585]
2.5353070000057727	[ 0.45537399 -0.45323455  0.41711389]
2.535308000005773	[ 0.45538282 -0.4532534   0.41712193]
2.535309000005773	[ 0.45539166 -0.45327225  0.41712998]
2.535310000005773	[ 0.4554005  -0.4532911   0.41713803]
2.5353110000057733	[ 0.45540936 -0.45330995  0.41714609]
2.5353120000057734	[ 0.45541822 -0.4533288   0.41715416]
2.5353130000057735	[ 0.45542708 -0.45334765  0.41716223]
2.5353140000057737	[ 0.45543595 -0.45336651  0.41717031]
2.535315000005774	[ 0.45544482 -0.45338538  0.41717839]
2.535316000005774	[ 0.45545369 -0.45340426  0.41718647]
2.535317000005774	[ 0.45546257 -0.45342314  0.41719455]
2.5353180000057742	[ 0.45547144 -0.45344204  0.41720263]
2.5353190000057744	[ 0.45548031 -0.45346094  0.41721071]
2.5353200000057745	[ 0.45548917 -0.45347985  0.41721878]
2.5353210000057746	[ 0.45549804 -0.45349876  0.41722685]
2.535322000005775	[ 0.45550681 -0.45351768  0.41723484]
2.535323000005775	[ 0.45551576 -0.45353663  0.41724299]
2.535324000005775	[ 0.45552461 -0.45355554  0.41725104]
2.535325000005775	[ 0.45553345 -0.45357446  0.4172591 ]
2.5353260000057753	[ 0.4555423  -0.45359339  0.41726716]
2.5353270000057755	[ 0.45555114 -0.45361231  0.41727521]
2.5353280000057756	[ 0.45555999 -0.45363124  0.41728326]
2.5353290000057758	[ 0.45556884 -0.45365017  0.41729132]
2.535330000005776	[ 0.45557768 -0.4536691   0.41729938]
2.535331000005776	[ 0.45558653 -0.45368804  0.41730744]
2.535332000005776	[ 0.45559539 -0.45370698  0.4173155 ]
2.5353330000057763	[ 0.45560424 -0.45372593  0.41732356]
2.5353340000057765	[ 0.4556131  -0.45374487  0.41733162]
2.5353350000057766	[ 0.45562196 -0.45376383  0.41733969]
2.5353360000057767	[ 0.45563082 -0.45378278  0.41734776]
2.535337000005777	[ 0.45563968 -0.45380174  0.41735583]
2.535338000005777	[ 0.45564854 -0.45382069  0.4173639 ]
2.535339000005777	[ 0.45565741 -0.45383965  0.41737198]
2.5353400000057773	[ 0.45566628 -0.4538586   0.41738005]
2.5353410000057774	[ 0.45567515 -0.45387755  0.41738813]
2.5353420000057776	[ 0.45568402 -0.45389651  0.4173962 ]
2.5353430000057777	[ 0.45569289 -0.45391546  0.41740428]
2.535344000005778	[ 0.45570176 -0.45393442  0.41741236]
2.535345000005778	[ 0.45571063 -0.45395338  0.41742045]
2.535346000005778	[ 0.45571951 -0.45397234  0.41742853]
2.5353470000057783	[ 0.45572839 -0.45399131  0.41743661]
2.5353480000057784	[ 0.45573726 -0.45401029  0.41744469]
2.5353490000057786	[ 0.45574614 -0.45402927  0.41745278]
2.5353500000057787	[ 0.45575502 -0.45404826  0.41746087]
2.535351000005779	[ 0.4557639  -0.45406726  0.41746895]
2.535352000005779	[ 0.45577278 -0.45408626  0.41747704]
2.535353000005779	[ 0.45578166 -0.45410527  0.41748512]
2.5353540000057793	[ 0.45579054 -0.45412428  0.41749321]
2.5353550000057794	[ 0.45579943 -0.45414329  0.4175013 ]
2.5353560000057795	[ 0.45580831 -0.45416231  0.41750939]
2.5353570000057797	[ 0.4558172  -0.45418132  0.41751749]
2.53535800000578	[ 0.45582608 -0.45420032  0.41752558]
2.53535900000578	[ 0.45583497 -0.45421933  0.41753367]
2.53536000000578	[ 0.45584386 -0.45423833  0.41754177]
2.5353610000057802	[ 0.45585275 -0.45425733  0.41754986]
2.5353620000057804	[ 0.45586164 -0.45427633  0.41755796]
2.5353630000057805	[ 0.45587053 -0.45429534  0.41756606]
2.5353640000057807	[ 0.45587942 -0.45431434  0.41757415]
2.535365000005781	[ 0.45588831 -0.45433335  0.41758224]
2.535366000005781	[ 0.45589719 -0.45435236  0.41759034]
2.535367000005781	[ 0.45590608 -0.45437138  0.41759842]
2.535368000005781	[ 0.45591495 -0.4543904   0.41760651]
2.5353690000057814	[ 0.45592383 -0.45440942  0.41761459]
2.5353700000057815	[ 0.4559327  -0.45442845  0.41762267]
2.5353710000057816	[ 0.45594157 -0.45444749  0.41763074]
2.535372000005782	[ 0.45595044 -0.45446652  0.41763882]
2.535373000005782	[ 0.4559593  -0.45448556  0.41764689]
2.535374000005782	[ 0.45596817 -0.45450459  0.41765497]
2.535375000005782	[ 0.45597705 -0.45452363  0.41766305]
2.5353760000057823	[ 0.45598592 -0.45454267  0.41767113]
2.5353770000057825	[ 0.4559948  -0.45456171  0.41767922]
2.5353780000057826	[ 0.45600369 -0.45458075  0.41768731]
2.5353790000057828	[ 0.45601258 -0.45459979  0.41769541]
2.535380000005783	[ 0.45602149 -0.45461884  0.41770352]
2.535381000005783	[ 0.45603039 -0.45463789  0.41771163]
2.535382000005783	[ 0.45603931 -0.45465695  0.41771975]
2.5353830000057833	[ 0.45604823 -0.45467602  0.41772787]
2.5353840000057835	[ 0.45605716 -0.45469509  0.417736  ]
2.5353850000057836	[ 0.45606574 -0.4547142   0.41774381]
2.5353860000057837	[ 0.45607505 -0.45473338  0.41775231]
2.535387000005784	[ 0.45608398 -0.45475247  0.41776043]
2.535388000005784	[ 0.4560929  -0.45477158  0.41776856]
2.535389000005784	[ 0.45610183 -0.45479068  0.41777669]
2.5353900000057843	[ 0.45611075 -0.45480979  0.41778481]
2.5353910000057844	[ 0.45611966 -0.4548289   0.41779293]
2.5353920000057846	[ 0.45612858 -0.45484801  0.41780105]
2.5353930000057847	[ 0.45613749 -0.45486713  0.41780916]
2.535394000005785	[ 0.45614639 -0.45488625  0.41781727]
2.535395000005785	[ 0.45615529 -0.45490536  0.41782537]
2.535396000005785	[ 0.45616418 -0.45492448  0.41783347]
2.5353970000057853	[ 0.45617308 -0.4549436   0.41784157]
2.5353980000057854	[ 0.45618196 -0.45496272  0.41784966]
2.5353990000057856	[ 0.45619085 -0.45498184  0.41785776]
2.5354000000057857	[ 0.45619973 -0.45500096  0.41786585]
2.535401000005786	[ 0.45620862 -0.45502008  0.41787394]
2.535402000005786	[ 0.4562175  -0.45503919  0.41788203]
2.535403000005786	[ 0.45622648 -0.45505829  0.41789021]
2.5354040000057863	[ 0.45623527 -0.45507737  0.4178982 ]
2.5354050000057864	[ 0.45624417 -0.45509647  0.41790631]
2.5354060000057865	[ 0.45625307 -0.45511556  0.41791441]
2.5354070000057867	[ 0.45626197 -0.45513465  0.41792252]
2.535408000005787	[ 0.45627089 -0.45515374  0.41793064]
2.535409000005787	[ 0.45627981 -0.45517283  0.41793876]
2.535410000005787	[ 0.45628873 -0.45519192  0.41794689]
2.5354110000057872	[ 0.45629766 -0.45521102  0.41795503]
2.5354120000057874	[ 0.4563066  -0.45523013  0.41796316]
2.5354130000057875	[ 0.45631554 -0.45524925  0.4179713 ]
2.5354140000057876	[ 0.45632448 -0.45526838  0.41797945]
2.535415000005788	[ 0.45633343 -0.45528753  0.4179876 ]
2.535416000005788	[ 0.45634237 -0.45530669  0.41799574]
2.535417000005788	[ 0.45635132 -0.45532586  0.41800389]
2.535418000005788	[ 0.45636026 -0.45534505  0.41801203]
2.5354190000057883	[ 0.4563692  -0.45536424  0.41802017]
2.5354200000057885	[ 0.45637813 -0.45538344  0.41802831]
2.5354210000057886	[ 0.45638706 -0.45540265  0.41803644]
2.5354220000057888	[ 0.45639599 -0.45542185  0.41804457]
2.535423000005789	[ 0.45640491 -0.45544106  0.41805269]
2.535424000005789	[ 0.45641382 -0.45546026  0.41806081]
2.535425000005789	[ 0.45642274 -0.45547945  0.41806893]
2.5354260000057893	[ 0.45643165 -0.45549863  0.41807704]
2.5354270000057895	[ 0.45644055 -0.45551781  0.41808515]
2.5354280000057896	[ 0.45644946 -0.45553698  0.41809326]
2.5354290000057897	[ 0.45645836 -0.45555614  0.41810137]
2.53543000000579	[ 0.45646727 -0.4555753   0.41810948]
2.53543100000579	[ 0.45647617 -0.45559445  0.41811759]
2.53543200000579	[ 0.45648508 -0.45561361  0.4181257 ]
2.5354330000057903	[ 0.45649398 -0.45563277  0.41813381]
2.5354340000057904	[ 0.45650289 -0.45565194  0.41814192]
2.5354350000057906	[ 0.4565118  -0.45567111  0.41815003]
2.5354360000057907	[ 0.45652071 -0.45569029  0.41815815]
2.535437000005791	[ 0.45652963 -0.45570948  0.41816627]
2.535438000005791	[ 0.45653855 -0.45572868  0.41817439]
2.535439000005791	[ 0.45654747 -0.45574788  0.41818251]
2.5354400000057913	[ 0.45655639 -0.45576709  0.41819064]
2.5354410000057914	[ 0.45656532 -0.45578631  0.41819877]
2.5354420000057916	[ 0.45657425 -0.45580553  0.41820691]
2.5354430000057917	[ 0.45658319 -0.45582476  0.41821504]
2.535444000005792	[ 0.45659213 -0.455844    0.41822318]
2.535445000005792	[ 0.45660107 -0.45586323  0.41823133]
2.535446000005792	[ 0.45661001 -0.45588247  0.41823947]
2.5354470000057923	[ 0.45661896 -0.45590171  0.41824762]
2.5354480000057924	[ 0.45662791 -0.45592094  0.41825577]
2.5354490000057925	[ 0.45663686 -0.45594018  0.41826392]
2.5354500000057927	[ 0.45664581 -0.45595942  0.41827207]
2.535451000005793	[ 0.45665476 -0.45597866  0.41828022]
2.535452000005793	[ 0.45666371 -0.4559979   0.41828838]
2.535453000005793	[ 0.45667267 -0.45601713  0.41829653]
2.5354540000057932	[ 0.45668162 -0.45603637  0.41830468]
2.5354550000057934	[ 0.45669057 -0.4560556   0.41831283]
2.5354560000057935	[ 0.45669952 -0.45607483  0.41832098]
2.5354570000057937	[ 0.45670847 -0.45609405  0.41832913]
2.535458000005794	[ 0.45671742 -0.45611328  0.41833728]
2.535459000005794	[ 0.45672636 -0.45613251  0.41834543]
2.535460000005794	[ 0.45673531 -0.45615173  0.41835358]
2.535461000005794	[ 0.45674425 -0.45617096  0.41836172]
2.5354620000057944	[ 0.45675319 -0.45619019  0.41836986]
2.5354630000057945	[ 0.45676213 -0.45620943  0.41837801]
2.5354640000057946	[ 0.45677107 -0.45622867  0.41838615]
2.5354650000057948	[ 0.45678001 -0.45624793  0.41839428]
2.535466000005795	[ 0.45678894 -0.45626718  0.41840242]
2.535467000005795	[ 0.45679787 -0.45628645  0.41841055]
2.535468000005795	[ 0.45680681 -0.45630572  0.41841869]
2.5354690000057953	[ 0.45681573 -0.456325    0.41842682]
2.5354700000057955	[ 0.45682466 -0.45634429  0.41843495]
2.5354710000057956	[ 0.45683359 -0.45636357  0.41844308]
2.5354720000057958	[ 0.45684252 -0.45638286  0.41845121]
2.535473000005796	[ 0.45685146 -0.45640215  0.41845935]
2.535474000005796	[ 0.45686039 -0.45642143  0.41846748]
2.535475000005796	[ 0.45686933 -0.45644072  0.41847563]
2.5354760000057963	[ 0.45687827 -0.45646     0.41848377]
2.5354770000057965	[ 0.45688722 -0.45647928  0.41849192]
2.5354780000057966	[ 0.45689618 -0.45649856  0.41850007]
2.5354790000057967	[ 0.45690514 -0.45651784  0.41850823]
2.535480000005797	[ 0.4569141  -0.45653713  0.4185164 ]
2.535481000005797	[ 0.45692307 -0.45655641  0.41852457]
2.535482000005797	[ 0.45693204 -0.45657571  0.41853274]
2.5354830000057973	[ 0.45694102 -0.45659501  0.41854091]
2.5354840000057974	[ 0.45695    -0.45661432  0.41854909]
2.5354850000057976	[ 0.45695897 -0.45663364  0.41855727]
2.5354860000057977	[ 0.45696795 -0.45665297  0.41856544]
2.535487000005798	[ 0.45697693 -0.45667231  0.41857361]
2.535488000005798	[ 0.4569859  -0.45669166  0.41858178]
2.535489000005798	[ 0.45699487 -0.45671101  0.41858995]
2.5354900000057983	[ 0.45700383 -0.45673036  0.41859812]
2.5354910000057984	[ 0.45701279 -0.45674972  0.41860628]
2.5354920000057986	[ 0.45702175 -0.45676908  0.41861443]
2.5354930000057987	[ 0.4570307  -0.45678843  0.41862259]
2.535494000005799	[ 0.45703965 -0.45680778  0.41863074]
2.535495000005799	[ 0.4570486  -0.45682713  0.41863889]
2.535496000005799	[ 0.45705754 -0.45684647  0.41864703]
2.5354970000057993	[ 0.4570665  -0.45686581  0.41865519]
2.5354980000057994	[ 0.45707545 -0.45688514  0.41866334]
2.5354990000057995	[ 0.45708441 -0.45690447  0.4186715 ]
2.5355000000057997	[ 0.45709336 -0.45692379  0.41867965]
2.5355010000058	[ 0.45710233 -0.45694312  0.41868782]
2.5355020000058	[ 0.45711129 -0.45696244  0.41869598]
2.5355030000058	[ 0.45712027 -0.45698177  0.41870415]
2.5355040000058002	[ 0.45712924 -0.4570011   0.41871233]
2.5355050000058004	[ 0.45713823 -0.45702043  0.41872051]
2.5355060000058005	[ 0.45714721 -0.45703977  0.4187287 ]
2.5355070000058006	[ 0.45715621 -0.45705912  0.41873688]
2.535508000005801	[ 0.4571652  -0.45707847  0.41874508]
2.535509000005801	[ 0.4571742  -0.45709782  0.41875327]
2.535510000005801	[ 0.4571832  -0.45711719  0.41876147]
2.535511000005801	[ 0.4571922  -0.45713656  0.41876967]
2.5355120000058013	[ 0.4572012  -0.45715593  0.41877786]
2.5355130000058015	[ 0.4572102  -0.45717531  0.41878606]
2.5355140000058016	[ 0.4572192  -0.45719469  0.41879426]
2.5355150000058018	[ 0.4572282  -0.45721408  0.41880245]
2.535516000005802	[ 0.4572372  -0.45723346  0.41881064]
2.535517000005802	[ 0.45724618 -0.45725285  0.41881883]
2.535518000005802	[ 0.45725518 -0.45727224  0.41882702]
2.5355190000058023	[ 0.45726417 -0.45729163  0.41883521]
2.5355200000058025	[ 0.45727315 -0.45731101  0.41884339]
2.5355210000058026	[ 0.45728213 -0.4573304   0.41885157]
2.5355220000058027	[ 0.45729112 -0.45734979  0.41885975]
2.535523000005803	[ 0.45730009 -0.45736918  0.41886793]
2.535524000005803	[ 0.45730907 -0.45738857  0.4188761 ]
2.535525000005803	[ 0.45731805 -0.45740796  0.41888428]
2.5355260000058033	[ 0.45732703 -0.45742736  0.41889245]
2.5355270000058034	[ 0.457336   -0.45744676  0.41890063]
2.5355280000058036	[ 0.45734498 -0.45746617  0.41890881]
2.5355290000058037	[ 0.45735396 -0.45748558  0.41891698]
2.535530000005804	[ 0.45736294 -0.45750499  0.41892516]
2.535531000005804	[ 0.45737192 -0.45752441  0.41893334]
2.535532000005804	[ 0.4573809  -0.45754384  0.41894152]
2.5355330000058043	[ 0.45738989 -0.45756327  0.4189497 ]
2.5355340000058044	[ 0.45739887 -0.45758271  0.41895788]
2.5355350000058046	[ 0.45740786 -0.45760215  0.41896607]
2.5355360000058047	[ 0.45741685 -0.45762159  0.41897425]
2.535537000005805	[ 0.45742584 -0.45764103  0.41898244]
2.535538000005805	[ 0.45743483 -0.45766048  0.41899063]
2.535539000005805	[ 0.45744383 -0.45767992  0.41899882]
2.5355400000058053	[ 0.45745282 -0.45769937  0.41900702]
2.5355410000058054	[ 0.45746183 -0.45771881  0.41901522]
2.5355420000058055	[ 0.45747083 -0.45773826  0.41902342]
2.5355430000058057	[ 0.45747984 -0.4577577   0.41903162]
2.535544000005806	[ 0.45748885 -0.45777714  0.41903983]
2.535545000005806	[ 0.45749787 -0.45779659  0.41904804]
2.535546000005806	[ 0.45750689 -0.45781603  0.41905626]
2.5355470000058062	[ 0.45751591 -0.45783548  0.41906447]
2.5355480000058064	[ 0.45752494 -0.45785493  0.4190727 ]
2.5355490000058065	[ 0.45753397 -0.45787438  0.41908092]
2.5355500000058067	[ 0.457543   -0.45789384  0.41908915]
2.535551000005807	[ 0.45755204 -0.4579133   0.41909737]
2.535552000005807	[ 0.45756107 -0.45793276  0.4191056 ]
2.535553000005807	[ 0.4575701  -0.45795223  0.41911383]
2.535554000005807	[ 0.45757913 -0.4579717   0.41912205]
2.5355550000058074	[ 0.45758816 -0.45799117  0.41913028]
2.5355560000058075	[ 0.45759719 -0.45801064  0.4191385 ]
2.5355570000058076	[ 0.45760621 -0.45803012  0.41914672]
2.5355580000058078	[ 0.45761523 -0.4580496   0.41915493]
2.535559000005808	[ 0.45762425 -0.45806907  0.41916314]
2.535560000005808	[ 0.45763326 -0.45808855  0.41917135]
2.535561000005808	[ 0.45764227 -0.45810803  0.41917956]
2.5355620000058083	[ 0.45765128 -0.45812751  0.41918776]
2.5355630000058085	[ 0.45766033 -0.458147    0.419196  ]
2.5355640000058086	[ 0.45766928 -0.45816646  0.41920415]
2.5355650000058088	[ 0.45767828 -0.45818595  0.41921235]
2.535566000005809	[ 0.45768729 -0.45820544  0.41922055]
2.535567000005809	[ 0.45769629 -0.45822493  0.41922875]
2.535568000005809	[ 0.4577053  -0.45824442  0.41923696]
2.5355690000058093	[ 0.45771431 -0.45826392  0.41924516]
2.5355700000058095	[ 0.45772332 -0.45828343  0.41925337]
2.5355710000058096	[ 0.45773234 -0.45830293  0.41926159]
2.5355720000058097	[ 0.45774137 -0.45832245  0.41926981]
2.53557300000581	[ 0.4577504  -0.45834197  0.41927803]
2.53557400000581	[ 0.45775943 -0.45836149  0.41928625]
2.53557500000581	[ 0.45776847 -0.45838101  0.41929449]
2.5355760000058103	[ 0.45777751 -0.45840055  0.41930272]
2.5355770000058104	[ 0.45778655 -0.45842008  0.41931096]
2.5355780000058106	[ 0.4577956  -0.45843962  0.4193192 ]
2.5355790000058107	[ 0.45780465 -0.45845916  0.41932744]
2.535580000005811	[ 0.4578137  -0.45847871  0.41933568]
2.535581000005811	[ 0.45782275 -0.45849825  0.41934392]
2.535582000005811	[ 0.4578318  -0.4585178   0.41935216]
2.5355830000058113	[ 0.45784084 -0.45853735  0.4193604 ]
2.5355840000058114	[ 0.45785003 -0.4585569   0.41936877]
2.5355850000058116	[ 0.45785891 -0.45857641  0.41937686]
2.5355860000058117	[ 0.45786796 -0.45859596  0.41938509]
2.535587000005812	[ 0.457877   -0.45861551  0.41939333]
2.535588000005812	[ 0.45788603 -0.45863506  0.41940156]
2.535589000005812	[ 0.45789507 -0.45865461  0.41940978]
2.5355900000058123	[ 0.45790409 -0.45867416  0.41941801]
2.5355910000058124	[ 0.45791313 -0.45869371  0.41942623]
2.5355920000058125	[ 0.45792215 -0.45871325  0.41943445]
2.5355930000058127	[ 0.45793118 -0.4587328   0.41944268]
2.535594000005813	[ 0.45794017 -0.45875234  0.41945086]
2.535595000005813	[ 0.45794924 -0.4587719   0.41945913]
2.535596000005813	[ 0.45795827 -0.45879145  0.41946735]
2.5355970000058132	[ 0.45796731 -0.458811    0.41947558]
2.5355980000058134	[ 0.45797634 -0.45883055  0.41948381]
2.5355990000058135	[ 0.45798539 -0.4588501   0.41949204]
2.5356000000058136	[ 0.4579944  -0.45886965  0.41950025]
2.535601000005814	[ 0.45800348 -0.45888924  0.41950852]
2.535602000005814	[ 0.45801253 -0.45890881  0.41951676]
2.535603000005814	[ 0.45802159 -0.4589284   0.41952501]
2.535604000005814	[ 0.45803065 -0.45894799  0.41953327]
2.5356050000058143	[ 0.45803971 -0.45896758  0.41954152]
2.5356060000058145	[ 0.45804878 -0.45898719  0.41954978]
2.5356070000058146	[ 0.45805784 -0.4590068   0.41955804]
2.5356080000058148	[ 0.45806691 -0.45902642  0.41956629]
2.535609000005815	[ 0.45807598 -0.45904604  0.41957455]
2.535610000005815	[ 0.45808504 -0.45906566  0.41958281]
2.535611000005815	[ 0.4580941  -0.45908529  0.41959106]
2.5356120000058153	[ 0.45810316 -0.45910492  0.41959931]
2.5356130000058155	[ 0.45811222 -0.45912454  0.41960756]
2.5356140000058156	[ 0.45812128 -0.45914417  0.41961581]
2.5356150000058157	[ 0.45813033 -0.45916379  0.41962406]
2.535616000005816	[ 0.45813939 -0.45918341  0.4196323 ]
2.535617000005816	[ 0.45814844 -0.45920302  0.41964055]
2.535618000005816	[ 0.45815749 -0.45922263  0.41964879]
2.5356190000058163	[ 0.45816654 -0.45924224  0.41965703]
2.5356200000058164	[ 0.45817559 -0.45926185  0.41966528]
2.5356210000058166	[ 0.45818464 -0.45928146  0.41967352]
2.5356220000058167	[ 0.4581937  -0.45930107  0.41968177]
2.535623000005817	[ 0.45820275 -0.45932068  0.41969001]
2.535624000005817	[ 0.45821181 -0.4593403   0.41969826]
2.535625000005817	[ 0.45822086 -0.45935992  0.41970651]
2.5356260000058173	[ 0.45822992 -0.45937956  0.41971476]
2.5356270000058174	[ 0.45823898 -0.45939919  0.41972301]
2.5356280000058176	[ 0.45824804 -0.45941884  0.41973126]
2.5356290000058177	[ 0.4582571  -0.45943849  0.41973951]
2.535630000005818	[ 0.45826616 -0.45945815  0.41974776]
2.535631000005818	[ 0.45827522 -0.45947782  0.41975601]
2.535632000005818	[ 0.45828428 -0.45949748  0.41976427]
2.5356330000058183	[ 0.45829335 -0.45951716  0.41977253]
2.5356340000058184	[ 0.45830242 -0.45953683  0.41978078]
2.5356350000058185	[ 0.45831149 -0.4595565   0.41978905]
2.5356360000058187	[ 0.45832056 -0.45957617  0.41979731]
2.535637000005819	[ 0.45832964 -0.45959584  0.41980558]
2.535638000005819	[ 0.45833872 -0.45961552  0.41981385]
2.535639000005819	[ 0.45834781 -0.45963519  0.41982212]
2.5356400000058192	[ 0.45835689 -0.45965486  0.4198304 ]
2.5356410000058194	[ 0.45836598 -0.45967453  0.41983868]
2.5356420000058195	[ 0.45837507 -0.4596942   0.41984696]
2.5356430000058197	[ 0.45838417 -0.45971387  0.41985524]
2.53564400000582	[ 0.45839326 -0.45973355  0.41986352]
2.53564500000582	[ 0.45840235 -0.45975323  0.4198718 ]
2.53564600000582	[ 0.45841144 -0.45977291  0.41988008]
2.53564700000582	[ 0.45842053 -0.45979259  0.41988836]
2.5356480000058204	[ 0.45842961 -0.45981228  0.41989663]
2.5356490000058205	[ 0.4584387  -0.45983197  0.41990491]
2.5356500000058206	[ 0.45844778 -0.45985166  0.41991318]
2.5356510000058208	[ 0.45845686 -0.45987135  0.41992145]
2.535652000005821	[ 0.45846594 -0.45989105  0.41992971]
2.535653000005821	[ 0.45847501 -0.45991075  0.41993798]
2.535654000005821	[ 0.45848409 -0.45993046  0.41994625]
2.5356550000058213	[ 0.45849316 -0.45995016  0.41995451]
2.5356560000058215	[ 0.45850223 -0.45996988  0.41996277]
2.5356570000058216	[ 0.45851131 -0.45998959  0.41997104]
2.5356580000058218	[ 0.45852038 -0.46000931  0.4199793 ]
2.535659000005822	[ 0.45852946 -0.46002903  0.41998757]
2.535660000005822	[ 0.45853853 -0.46004875  0.41999584]
2.535661000005822	[ 0.45854761 -0.46006848  0.4200041 ]
2.5356620000058223	[ 0.45855669 -0.4600882   0.42001237]
2.5356630000058225	[ 0.45856577 -0.46010793  0.42002064]
2.5356640000058226	[ 0.45857486 -0.46012766  0.42002892]
2.5356650000058227	[ 0.45858394 -0.4601474   0.42003719]
2.535666000005823	[ 0.45859303 -0.46016713  0.42004547]
2.535667000005823	[ 0.45860213 -0.46018686  0.42005376]
2.535668000005823	[ 0.45861122 -0.4602066   0.42006204]
2.5356690000058233	[ 0.45862032 -0.46022633  0.42007033]
2.5356700000058234	[ 0.45862942 -0.46024607  0.42007862]
2.5356710000058236	[ 0.45863853 -0.46026581  0.42008691]
2.5356720000058237	[ 0.45864763 -0.46028555  0.4200952 ]
2.535673000005824	[ 0.45865674 -0.4603053   0.4201035 ]
2.535674000005824	[ 0.45866584 -0.46032505  0.42011179]
2.535675000005824	[ 0.45867495 -0.4603448   0.42012008]
2.5356760000058243	[ 0.45868405 -0.46036456  0.42012837]
2.5356770000058244	[ 0.45869316 -0.46038432  0.42013666]
2.5356780000058246	[ 0.45870226 -0.46040408  0.42014495]
2.5356790000058247	[ 0.45871135 -0.46042385  0.42015324]
2.535680000005825	[ 0.45872045 -0.46044362  0.42016152]
2.535681000005825	[ 0.45872954 -0.46046338  0.4201698 ]
2.535682000005825	[ 0.45873863 -0.46048315  0.42017808]
2.5356830000058252	[ 0.45874772 -0.46050292  0.42018636]
2.5356840000058254	[ 0.45875681 -0.46052268  0.42019464]
2.5356850000058255	[ 0.4587659  -0.46054245  0.42020292]
2.5356860000058257	[ 0.45877499 -0.46056221  0.4202112 ]
2.535687000005826	[ 0.45878408 -0.46058198  0.42021948]
2.535688000005826	[ 0.45879317 -0.46060174  0.42022776]
2.535689000005826	[ 0.45880227 -0.46062151  0.42023604]
2.5356900000058262	[ 0.45881137 -0.46064128  0.42024433]
2.5356910000058264	[ 0.45882047 -0.46066105  0.42025262]
2.5356920000058265	[ 0.45882958 -0.46068083  0.42026092]
2.5356930000058266	[ 0.45883869 -0.46070061  0.42026922]
2.535694000005827	[ 0.4588478  -0.46072041  0.42027752]
2.535695000005827	[ 0.45885692 -0.4607402   0.42028582]
2.535696000005827	[ 0.45886604 -0.46076001  0.42029412]
2.535697000005827	[ 0.45887515 -0.46077982  0.42030243]
2.5356980000058273	[ 0.45888427 -0.46079964  0.42031074]
2.5356990000058275	[ 0.4588934  -0.46081946  0.42031904]
2.5357000000058276	[ 0.45890252 -0.46083928  0.42032735]
2.5357010000058278	[ 0.45891164 -0.4608591   0.42033566]
2.535702000005828	[ 0.45892076 -0.46087893  0.42034397]
2.535703000005828	[ 0.45892988 -0.46089875  0.42035227]
2.535704000005828	[ 0.458939   -0.46091858  0.42036058]
2.5357050000058283	[ 0.45894811 -0.4609384   0.42036888]
2.5357060000058285	[ 0.45895721 -0.46095822  0.42037717]
2.5357070000058286	[ 0.45896635 -0.46097805  0.42038549]
2.5357080000058287	[ 0.45897547 -0.46099788  0.4203938 ]
2.535709000005829	[ 0.45898458 -0.4610177   0.4204021 ]
2.535710000005829	[ 0.4589937  -0.46103753  0.4204104 ]
2.535711000005829	[ 0.45900281 -0.46105735  0.4204187 ]
2.5357120000058293	[ 0.45901193 -0.46107718  0.42042701]
2.5357130000058294	[ 0.45902104 -0.46109702  0.42043531]
2.5357140000058296	[ 0.45903016 -0.46111685  0.42044361]
2.5357150000058297	[ 0.45903927 -0.46113669  0.42045191]
2.53571600000583	[ 0.45904839 -0.46115652  0.42046022]
2.53571700000583	[ 0.45905751 -0.46117636  0.42046852]
2.53571800000583	[ 0.45906662 -0.4611962   0.42047682]
2.5357190000058303	[ 0.45907575 -0.46121604  0.42048513]
2.5357200000058304	[ 0.45908487 -0.46123589  0.42049344]
2.5357210000058306	[ 0.45909399 -0.46125574  0.42050175]
2.5357220000058307	[ 0.45910312 -0.46127559  0.42051006]
2.535723000005831	[ 0.45911225 -0.46129544  0.42051838]
2.535724000005831	[ 0.45912138 -0.4613153   0.42052669]
2.535725000005831	[ 0.45913051 -0.46133517  0.42053501]
2.5357260000058313	[ 0.45913964 -0.46135504  0.42054333]
2.5357270000058314	[ 0.45914877 -0.46137491  0.42055165]
2.5357280000058315	[ 0.45915791 -0.4613948   0.42055997]
2.5357290000058317	[ 0.45916704 -0.46141468  0.42056829]
2.535730000005832	[ 0.45917618 -0.46143458  0.42057661]
2.535731000005832	[ 0.45918532 -0.46145447  0.42058493]
2.535732000005832	[ 0.45919445 -0.46147437  0.42059326]
2.5357330000058322	[ 0.45920359 -0.46149427  0.42060158]
2.5357340000058324	[ 0.45921274 -0.46151418  0.42060991]
2.5357350000058325	[ 0.45922188 -0.46153408  0.42061823]
2.5357360000058327	[ 0.45923102 -0.46155398  0.42062656]
2.535737000005833	[ 0.45924017 -0.46157389  0.4206349 ]
2.535738000005833	[ 0.45924932 -0.46159379  0.42064323]
2.535739000005833	[ 0.45925847 -0.4616137   0.42065156]
2.535740000005833	[ 0.45926762 -0.46163361  0.4206599 ]
2.5357410000058334	[ 0.45927677 -0.46165352  0.42066823]
2.5357420000058335	[ 0.45928592 -0.46167343  0.42067657]
2.5357430000058336	[ 0.45929507 -0.46169335  0.4206849 ]
2.5357440000058338	[ 0.45930422 -0.46171326  0.42069323]
2.535745000005834	[ 0.45931336 -0.46173318  0.42070156]
2.535746000005834	[ 0.45932251 -0.4617531   0.42070989]
2.535747000005834	[ 0.45933165 -0.46177302  0.42071822]
2.5357480000058343	[ 0.45934079 -0.46179295  0.42072654]
2.5357490000058345	[ 0.45934993 -0.46181287  0.42073487]
2.5357500000058346	[ 0.45935907 -0.46183279  0.42074319]
2.5357510000058348	[ 0.45936821 -0.46185272  0.42075152]
2.535752000005835	[ 0.45937735 -0.46187264  0.42075984]
2.535753000005835	[ 0.45938649 -0.46189256  0.42076817]
2.535754000005835	[ 0.45939563 -0.46191249  0.42077649]
2.5357550000058353	[ 0.45940478 -0.46193242  0.42078483]
2.5357560000058355	[ 0.45941393 -0.46195235  0.42079316]
2.5357570000058356	[ 0.45942308 -0.46197228  0.4208015 ]
2.5357580000058357	[ 0.45943224 -0.46199222  0.42080984]
2.535759000005836	[ 0.4594414  -0.46201217  0.42081818]
2.535760000005836	[ 0.45945056 -0.46203212  0.42082653]
2.535761000005836	[ 0.45945973 -0.46205207  0.42083488]
2.5357620000058363	[ 0.4594689  -0.46207203  0.42084323]
2.5357630000058364	[ 0.45947808 -0.462092    0.42085159]
2.5357640000058366	[ 0.45948725 -0.46211197  0.42085995]
2.5357650000058367	[ 0.45949643 -0.46213194  0.42086831]
2.535766000005837	[ 0.45950561 -0.46215192  0.42087667]
2.535767000005837	[ 0.45951479 -0.46217189  0.42088503]
2.535768000005837	[ 0.45952397 -0.46219187  0.4208934 ]
2.5357690000058373	[ 0.45953316 -0.46221185  0.42090176]
2.5357700000058374	[ 0.45954234 -0.46223183  0.42091013]
2.5357710000058375	[ 0.45955152 -0.46225181  0.42091849]
2.5357720000058377	[ 0.45956071 -0.46227179  0.42092685]
2.535773000005838	[ 0.45956989 -0.46229177  0.42093522]
2.535774000005838	[ 0.45957907 -0.46231176  0.42094358]
2.535775000005838	[ 0.45958824 -0.46233175  0.42095194]
2.5357760000058382	[ 0.45959742 -0.46235174  0.4209603 ]
2.5357770000058384	[ 0.45960659 -0.46237174  0.42096865]
2.5357780000058385	[ 0.45961576 -0.46239174  0.420977  ]
2.5357790000058387	[ 0.45962493 -0.46241175  0.42098535]
2.535780000005839	[ 0.45963409 -0.46243175  0.4209937 ]
2.535781000005839	[ 0.45964326 -0.46245176  0.42100205]
2.535782000005839	[ 0.45965242 -0.46247177  0.4210104 ]
2.5357830000058392	[ 0.45966159 -0.46249178  0.42101874]
2.5357840000058394	[ 0.45967075 -0.46251179  0.42102709]
2.5357850000058395	[ 0.45967992 -0.4625318   0.42103544]
2.5357860000058396	[ 0.4596891  -0.46255181  0.4210438 ]
2.53578700000584	[ 0.45969827 -0.46257181  0.42105216]
2.53578800000584	[ 0.45970746 -0.46259182  0.42106052]
2.53578900000584	[ 0.45971665 -0.46261183  0.42106889]
2.53579000000584	[ 0.45972584 -0.46263185  0.42107727]
2.5357910000058403	[ 0.45973504 -0.46265187  0.42108565]
2.5357920000058405	[ 0.45974424 -0.46267189  0.42109403]
2.5357930000058406	[ 0.45975345 -0.46269192  0.42110242]
2.5357940000058408	[ 0.45976266 -0.46271196  0.42111081]
2.535795000005841	[ 0.45977187 -0.46273201  0.4211192 ]
2.535796000005841	[ 0.45978109 -0.46275207  0.42112759]
2.535797000005841	[ 0.4597903  -0.46277213  0.42113599]
2.5357980000058413	[ 0.45979951 -0.46279219  0.42114438]
2.5357990000058415	[ 0.45980872 -0.46281226  0.42115277]
2.5358000000058416	[ 0.45981793 -0.46283233  0.42116116]
2.5358010000058417	[ 0.45982714 -0.46285241  0.42116954]
2.535802000005842	[ 0.45983634 -0.46287247  0.42117793]
2.535803000005842	[ 0.45984555 -0.46289254  0.42118631]
2.535804000005842	[ 0.45985475 -0.4629126   0.42119469]
2.5358050000058423	[ 0.45986394 -0.46293266  0.42120307]
2.5358060000058424	[ 0.45987314 -0.46295271  0.42121144]
2.5358070000058426	[ 0.45988234 -0.46297276  0.42121982]
2.5358080000058427	[ 0.45989153 -0.46299281  0.4212282 ]
2.535809000005843	[ 0.45990073 -0.46301285  0.42123657]
2.535810000005843	[ 0.45990993 -0.4630329   0.42124495]
2.535811000005843	[ 0.45991912 -0.46305294  0.42125333]
2.5358120000058433	[ 0.45992832 -0.46307299  0.42126171]
2.5358130000058434	[ 0.45993752 -0.46309304  0.42127008]
2.5358140000058436	[ 0.45994672 -0.4631131   0.42127846]
2.5358150000058437	[ 0.45995592 -0.46313316  0.42128685]
2.535816000005844	[ 0.45996512 -0.46315322  0.42129523]
2.535817000005844	[ 0.45997433 -0.4631733   0.42130361]
2.535818000005844	[ 0.45998353 -0.46319338  0.421312  ]
2.5358190000058443	[ 0.45999274 -0.46321347  0.42132039]
2.5358200000058444	[ 0.46000195 -0.46323357  0.42132878]
2.5358210000058445	[ 0.46001117 -0.46325367  0.42133717]
2.5358220000058447	[ 0.46002038 -0.46327378  0.42134557]
2.535823000005845	[ 0.4600296  -0.4632939   0.42135396]
2.535824000005845	[ 0.46003882 -0.46331402  0.42136236]
2.535825000005845	[ 0.46004804 -0.46333415  0.42137076]
2.5358260000058452	[ 0.46005727 -0.46335429  0.42137916]
2.5358270000058454	[ 0.4600665  -0.46337443  0.42138757]
2.5358280000058455	[ 0.46007571 -0.46339457  0.42139596]
2.5358290000058457	[ 0.46008493 -0.46341471  0.42140436]
2.535830000005846	[ 0.46009416 -0.46343485  0.42141277]
2.535831000005846	[ 0.46010338 -0.463455    0.42142117]
2.535832000005846	[ 0.46011261 -0.46347514  0.42142957]
2.535833000005846	[ 0.46012183 -0.46349528  0.42143797]
2.5358340000058464	[ 0.46013105 -0.46351541  0.42144637]
2.5358350000058465	[ 0.46014028 -0.46353555  0.42145477]
2.5358360000058466	[ 0.4601495  -0.46355568  0.42146318]
2.5358370000058468	[ 0.46015872 -0.4635758   0.42147158]
2.535838000005847	[ 0.46016794 -0.46359593  0.42147998]
2.535839000005847	[ 0.46017716 -0.46361605  0.42148838]
2.535840000005847	[ 0.46018638 -0.46363618  0.42149677]
2.5358410000058473	[ 0.4601956  -0.46365631  0.42150517]
2.5358420000058475	[ 0.46020482 -0.46367644  0.42151357]
2.5358430000058476	[ 0.46021404 -0.46369658  0.42152197]
2.5358440000058478	[ 0.46022326 -0.46371672  0.42153037]
2.535845000005848	[ 0.46023248 -0.46373687  0.42153877]
2.535846000005848	[ 0.4602417  -0.46375703  0.42154717]
2.535847000005848	[ 0.46025092 -0.46377719  0.42155556]
2.5358480000058483	[ 0.46026014 -0.46379735  0.42156396]
2.5358490000058485	[ 0.46026937 -0.46381752  0.42157236]
2.5358500000058486	[ 0.46027859 -0.46383769  0.42158077]
2.5358510000058487	[ 0.46028782 -0.46385787  0.42158917]
2.535852000005849	[ 0.46029705 -0.46387804  0.42159758]
2.535853000005849	[ 0.46030628 -0.46389822  0.42160599]
2.535854000005849	[ 0.46031552 -0.46391839  0.4216144 ]
2.5358550000058493	[ 0.46032476 -0.46393857  0.42162282]
2.5358560000058494	[ 0.460334   -0.46395874  0.42163124]
2.5358570000058496	[ 0.46034325 -0.46397892  0.42163966]
2.5358580000058497	[ 0.4603525  -0.4639991   0.42164809]
2.53585900000585	[ 0.46036175 -0.46401928  0.42165652]
2.53586000000585	[ 0.460371   -0.46403946  0.42166495]
2.53586100000585	[ 0.46038026 -0.46405965  0.42167338]
2.5358620000058503	[ 0.46038951 -0.46407984  0.42168181]
2.5358630000058504	[ 0.46039877 -0.46410003  0.42169024]
2.5358640000058505	[ 0.46040802 -0.46412023  0.42169867]
2.5358650000058507	[ 0.46041727 -0.46414044  0.4217071 ]
2.535866000005851	[ 0.46042652 -0.46416065  0.42171552]
2.535867000005851	[ 0.46043577 -0.46418086  0.42172395]
2.535868000005851	[ 0.46044502 -0.46420108  0.42173237]
2.5358690000058512	[ 0.46045426 -0.4642213   0.42174079]
2.5358700000058514	[ 0.4604635  -0.46424152  0.42174921]
2.5358710000058515	[ 0.46047274 -0.46426175  0.42175763]
2.5358720000058517	[ 0.46048198 -0.46428198  0.42176604]
2.535873000005852	[ 0.46049122 -0.46430221  0.42177446]
2.535874000005852	[ 0.46050046 -0.46432244  0.42178287]
2.535875000005852	[ 0.46050969 -0.46434267  0.42179128]
2.5358760000058522	[ 0.46051893 -0.46436291  0.42179969]
2.5358770000058524	[ 0.46052816 -0.46438315  0.42180811]
2.5358780000058525	[ 0.4605374  -0.46440339  0.42181652]
2.5358790000058526	[ 0.46054663 -0.46442363  0.42182493]
2.535880000005853	[ 0.46055587 -0.46444387  0.42183335]
2.535881000005853	[ 0.46056511 -0.46446412  0.42184177]
2.535882000005853	[ 0.46057436 -0.46448436  0.42185019]
2.535883000005853	[ 0.46058361 -0.4645046   0.42185861]
2.5358840000058533	[ 0.46059286 -0.46452485  0.42186704]
2.5358850000058535	[ 0.46060211 -0.46454509  0.42187547]
2.5358860000058536	[ 0.46061138 -0.46456534  0.42188391]
2.5358870000058538	[ 0.46062064 -0.46458558  0.42189235]
2.535888000005854	[ 0.46062991 -0.46460583  0.42190079]
2.535889000005854	[ 0.46063919 -0.46462609  0.42190924]
2.535890000005854	[ 0.46064846 -0.46464634  0.42191769]
2.5358910000058543	[ 0.46065774 -0.46466661  0.42192615]
2.5358920000058545	[ 0.46066702 -0.46468687  0.4219346 ]
2.5358930000058546	[ 0.4606763  -0.46470715  0.42194306]
2.5358940000058547	[ 0.46068559 -0.46472743  0.42195151]
2.535895000005855	[ 0.46069487 -0.46474772  0.42195996]
2.535896000005855	[ 0.46070414 -0.46476801  0.42196842]
2.535897000005855	[ 0.46071342 -0.4647883   0.42197687]
2.5358980000058553	[ 0.46072269 -0.4648086   0.42198531]
2.5358990000058554	[ 0.46073196 -0.4648289   0.42199376]
2.5359000000058556	[ 0.46074123 -0.4648492   0.4220022 ]
2.5359010000058557	[ 0.46075049 -0.46486949  0.42201064]
2.535902000005856	[ 0.46075976 -0.46488979  0.42201908]
2.535903000005856	[ 0.46076902 -0.46491008  0.42202752]
2.535904000005856	[ 0.46077828 -0.46493037  0.42203595]
2.5359050000058563	[ 0.46078755 -0.46495066  0.42204439]
2.5359060000058564	[ 0.46079681 -0.46497094  0.42205283]
2.5359070000058566	[ 0.46080608 -0.46499123  0.42206127]
2.5359080000058567	[ 0.46081534 -0.46501151  0.42206971]
2.535909000005857	[ 0.46082461 -0.4650318   0.42207816]
2.535910000005857	[ 0.46083388 -0.46505209  0.4220866 ]
2.535911000005857	[ 0.46084316 -0.46507238  0.42209505]
2.5359120000058573	[ 0.46085243 -0.46509268  0.4221035 ]
2.5359130000058574	[ 0.46086171 -0.46511299  0.42211195]
2.5359140000058575	[ 0.46087098 -0.46513331  0.4221204 ]
2.5359150000058577	[ 0.46088026 -0.46515363  0.42212885]
2.535916000005858	[ 0.46088954 -0.46517396  0.4221373 ]
2.535917000005858	[ 0.46089882 -0.46519429  0.42214575]
2.535918000005858	[ 0.46090809 -0.46521463  0.42215421]
2.5359190000058582	[ 0.46091737 -0.46523498  0.42216266]
2.5359200000058584	[ 0.46092666 -0.46525533  0.42217111]
2.5359210000058585	[ 0.46093594 -0.46527568  0.42217957]
2.5359220000058587	[ 0.46094522 -0.46529603  0.42218803]
2.535923000005859	[ 0.46095451 -0.46531639  0.42219648]
2.535924000005859	[ 0.46096379 -0.46533674  0.42220494]
2.535925000005859	[ 0.46097308 -0.4653571   0.42221341]
2.535926000005859	[ 0.46098237 -0.46537746  0.42222187]
2.5359270000058594	[ 0.46099166 -0.46539781  0.42223033]
2.5359280000058595	[ 0.46100096 -0.46541817  0.4222388 ]
2.5359290000058596	[ 0.46101025 -0.46543853  0.42224727]
2.5359300000058598	[ 0.46101955 -0.46545889  0.42225573]
2.53593100000586	[ 0.46102884 -0.46547925  0.4222642 ]
2.53593200000586	[ 0.46103814 -0.46549961  0.42227267]
2.53593300000586	[ 0.46104744 -0.46551997  0.42228114]
2.5359340000058603	[ 0.46105673 -0.46554034  0.42228961]
2.5359350000058605	[ 0.46106603 -0.4655607   0.42229808]
2.5359360000058606	[ 0.46107533 -0.46558107  0.42230655]
2.5359370000058608	[ 0.4610846  -0.46560144  0.422315  ]
2.535938000005861	[ 0.46109392 -0.46562181  0.42232348]
2.535939000005861	[ 0.46110321 -0.46564218  0.42233195]
2.535940000005861	[ 0.4611125  -0.46566255  0.42234042]
2.5359410000058613	[ 0.4611218  -0.46568293  0.42234888]
2.5359420000058615	[ 0.46113109 -0.46570331  0.42235735]
2.5359430000058616	[ 0.46114038 -0.46572369  0.42236581]
2.5359440000058617	[ 0.46114968 -0.46574408  0.42237428]
2.535945000005862	[ 0.46115897 -0.46576446  0.42238275]
2.535946000005862	[ 0.46116827 -0.46578486  0.42239121]
2.535947000005862	[ 0.46117756 -0.46580525  0.42239968]
2.5359480000058623	[ 0.46118688 -0.46582565  0.42240817]
2.5359490000058624	[ 0.46119616 -0.46584604  0.42241663]
2.5359500000058626	[ 0.46120547 -0.46586645  0.4224251 ]
2.5359510000058627	[ 0.46121477 -0.46588685  0.42243358]
2.535952000005863	[ 0.46122404 -0.46590725  0.42244203]
2.535953000005863	[ 0.4612334  -0.46592768  0.42245055]
2.535954000005863	[ 0.46124271 -0.46594809  0.42245903]
2.5359550000058633	[ 0.46125203 -0.4659685   0.42246752]
2.5359560000058634	[ 0.46126135 -0.46598892  0.42247601]
2.5359570000058635	[ 0.46127067 -0.46600934  0.4224845 ]
2.5359580000058637	[ 0.46128    -0.46602976  0.422493  ]
2.535959000005864	[ 0.46128932 -0.46605018  0.42250149]
2.535960000005864	[ 0.46129864 -0.46607061  0.42250999]
2.535961000005864	[ 0.46130797 -0.46609104  0.42251848]
2.5359620000058642	[ 0.46131729 -0.46611148  0.42252698]
2.5359630000058644	[ 0.46132661 -0.46613192  0.42253547]
2.5359640000058645	[ 0.46133593 -0.46615237  0.42254396]
2.5359650000058647	[ 0.46134525 -0.46617282  0.42255245]
2.535966000005865	[ 0.46135457 -0.46619328  0.42256093]
2.535967000005865	[ 0.46136388 -0.46621373  0.42256942]
2.535968000005865	[ 0.4613732  -0.46623419  0.4225779 ]
2.5359690000058652	[ 0.46138251 -0.46625465  0.42258639]
2.5359700000058654	[ 0.46139182 -0.46627511  0.42259487]
2.5359710000058655	[ 0.46140113 -0.46629557  0.42260335]
2.5359720000058656	[ 0.46141044 -0.46631602  0.42261183]
2.535973000005866	[ 0.46141975 -0.46633648  0.42262031]
2.535974000005866	[ 0.46142906 -0.46635693  0.42262879]
2.535975000005866	[ 0.46143837 -0.46637738  0.42263728]
2.535976000005866	[ 0.46144769 -0.46639784  0.42264577]
2.5359770000058663	[ 0.46145701 -0.46641829  0.42265426]
2.5359780000058665	[ 0.46146633 -0.46643875  0.42266275]
2.5359790000058666	[ 0.46147566 -0.46645921  0.42267125]
2.5359800000058668	[ 0.46148499 -0.46647967  0.42267975]
2.535981000005867	[ 0.46149433 -0.46650014  0.42268825]
2.535982000005867	[ 0.46150367 -0.46652061  0.42269676]
2.535983000005867	[ 0.46151301 -0.46654109  0.42270527]
2.5359840000058673	[ 0.46152236 -0.46656158  0.42271379]
2.5359850000058675	[ 0.4615317  -0.46658207  0.4227223 ]
2.5359860000058676	[ 0.46154105 -0.46660257  0.42273082]
2.5359870000058677	[ 0.46155041 -0.46662307  0.42273934]
2.535988000005868	[ 0.46155976 -0.46664358  0.42274786]
2.535989000005868	[ 0.46156911 -0.46666409  0.42275638]
2.535990000005868	[ 0.46157846 -0.46668461  0.4227649 ]
2.5359910000058683	[ 0.46158782 -0.46670512  0.42277342]
2.5359920000058684	[ 0.46159717 -0.46672564  0.42278194]
2.5359930000058686	[ 0.46160661 -0.46674615  0.42279055]
2.5359940000058687	[ 0.46161586 -0.46676664  0.42279897]
2.535995000005869	[ 0.4616252  -0.46678715  0.42280748]
2.535996000005869	[ 0.46163455 -0.46680766  0.422816  ]
2.535997000005869	[ 0.46164389 -0.46682817  0.42282451]
2.5359980000058693	[ 0.46165323 -0.46684868  0.42283302]
2.5359990000058694	[ 0.46166257 -0.46686919  0.42284153]
2.5360000000058696	[ 0.46167191 -0.4668897   0.42285004]
2.5360010000058697	[ 0.46168125 -0.46691021  0.42285855]
2.53600200000587	[ 0.4616906  -0.46693072  0.42286706]
2.53600300000587	[ 0.46169994 -0.46695124  0.42287557]
2.53600400000587	[ 0.4617093  -0.46697176  0.42288409]
2.5360050000058703	[ 0.46171863 -0.46699227  0.42289259]
2.5360060000058704	[ 0.46172797 -0.46701279  0.42290111]
2.5360070000058705	[ 0.46173733 -0.46703332  0.42290963]
2.5360080000058707	[ 0.46174668 -0.46705385  0.42291815]
2.536009000005871	[ 0.46175604 -0.46707438  0.42292668]
2.536010000005871	[ 0.4617654  -0.46709492  0.4229352 ]
2.536011000005871	[ 0.46177476 -0.46711547  0.42294373]
2.5360120000058712	[ 0.46178412 -0.46713602  0.42295226]
2.5360130000058714	[ 0.46179349 -0.46715657  0.4229608 ]
2.5360140000058715	[ 0.46180286 -0.46717713  0.42296933]
2.5360150000058717	[ 0.46181223 -0.4671977   0.42297787]
2.536016000005872	[ 0.46182161 -0.46721826  0.42298641]
2.536017000005872	[ 0.46183098 -0.46723883  0.42299495]
2.536018000005872	[ 0.46184035 -0.46725941  0.42300349]
2.536019000005872	[ 0.46184973 -0.46727998  0.42301203]
2.5360200000058724	[ 0.4618591  -0.46730055  0.42302057]
2.5360210000058725	[ 0.46186848 -0.46732112  0.42302912]
2.5360220000058726	[ 0.46187786 -0.4673417   0.42303766]
2.5360230000058728	[ 0.46188723 -0.46736227  0.4230462 ]
2.536024000005873	[ 0.46189661 -0.46738284  0.42305474]
2.536025000005873	[ 0.46190599 -0.46740342  0.42306329]
2.536026000005873	[ 0.46191536 -0.46742399  0.42307183]
2.5360270000058733	[ 0.46192474 -0.46744456  0.42308037]
2.5360280000058735	[ 0.46193412 -0.46746514  0.42308891]
2.5360290000058736	[ 0.4619435  -0.46748571  0.42309746]
2.5360300000058738	[ 0.46195287 -0.46750629  0.423106  ]
2.536031000005874	[ 0.46196225 -0.46752688  0.42311454]
2.536032000005874	[ 0.46197163 -0.46754747  0.42312309]
2.536033000005874	[ 0.461981   -0.46756806  0.42313163]
2.5360340000058743	[ 0.46199038 -0.46758866  0.42314017]
2.5360350000058745	[ 0.46199976 -0.46760926  0.42314872]
2.5360360000058746	[ 0.46200913 -0.46762986  0.42315726]
2.5360370000058747	[ 0.46201851 -0.46765047  0.4231658 ]
2.536038000005875	[ 0.46202789 -0.46767108  0.42317435]
2.536039000005875	[ 0.46203727 -0.46769169  0.42318289]
2.536040000005875	[ 0.46204665 -0.46771231  0.42319144]
2.5360410000058753	[ 0.46205603 -0.46773293  0.42319998]
2.5360420000058754	[ 0.46206542 -0.46775355  0.42320853]
2.5360430000058756	[ 0.4620748  -0.46777417  0.42321708]
2.5360440000058757	[ 0.46208419 -0.46779479  0.42322564]
2.536045000005876	[ 0.46209358 -0.46781541  0.42323419]
2.536046000005876	[ 0.46210297 -0.46783604  0.42324275]
2.536047000005876	[ 0.46211236 -0.46785666  0.42325131]
2.5360480000058763	[ 0.46212176 -0.46787729  0.42325987]
2.5360490000058764	[ 0.46213116 -0.46789792  0.42326843]
2.5360500000058765	[ 0.46214056 -0.46791855  0.42327699]
2.5360510000058767	[ 0.46214996 -0.46793919  0.42328555]
2.536052000005877	[ 0.46215936 -0.46795983  0.42329412]
2.536053000005877	[ 0.46216876 -0.46798047  0.42330268]
2.536054000005877	[ 0.46217816 -0.46800112  0.42331125]
2.5360550000058772	[ 0.46218756 -0.46802176  0.42331981]
2.5360560000058774	[ 0.46219696 -0.46804241  0.42332838]
2.5360570000058775	[ 0.46220636 -0.46806306  0.42333694]
2.5360580000058777	[ 0.46221576 -0.46808371  0.42334551]
2.536059000005878	[ 0.46222516 -0.46810437  0.42335407]
2.536060000005878	[ 0.46223456 -0.46812502  0.42336263]
2.536061000005878	[ 0.46224396 -0.46814568  0.4233712 ]
2.5360620000058782	[ 0.46225336 -0.46816633  0.42337976]
2.5360630000058784	[ 0.46226275 -0.46818699  0.42338832]
2.5360640000058785	[ 0.46227215 -0.46820765  0.42339688]
2.5360650000058786	[ 0.46228155 -0.46822831  0.42340544]
2.536066000005879	[ 0.46229095 -0.46824898  0.42341401]
2.536067000005879	[ 0.46230034 -0.46826965  0.42342257]
2.536068000005879	[ 0.46230974 -0.46829032  0.42343113]
2.536069000005879	[ 0.46231914 -0.468311    0.4234397 ]
2.5360700000058793	[ 0.46232854 -0.46833167  0.42344826]
2.5360710000058795	[ 0.46233795 -0.46835236  0.42345683]
2.5360720000058796	[ 0.46234735 -0.46837304  0.4234654 ]
2.5360730000058798	[ 0.46235676 -0.46839373  0.42347397]
2.53607400000588	[ 0.46236617 -0.46841441  0.42348254]
2.53607500000588	[ 0.46237558 -0.4684351   0.42349112]
2.53607600000588	[ 0.462385   -0.4684558   0.42349969]
2.5360770000058803	[ 0.46239441 -0.46847649  0.42350827]
2.5360780000058805	[ 0.46240383 -0.46849719  0.42351686]
2.5360790000058806	[ 0.46241326 -0.46851789  0.42352544]
2.5360800000058807	[ 0.46242268 -0.46853859  0.42353403]
2.536081000005881	[ 0.4624321  -0.4685593   0.42354261]
2.536082000005881	[ 0.46244153 -0.46858001  0.4235512 ]
2.536083000005881	[ 0.4624506  -0.46860067  0.42355943]
2.5360840000058813	[ 0.46246036 -0.46862158  0.42356836]
2.5360850000058814	[ 0.46246978 -0.4686423   0.42357694]
2.5360860000058816	[ 0.46247921 -0.46866303  0.42358553]
2.5360870000058817	[ 0.46248863 -0.46868376  0.42359411]
2.536088000005882	[ 0.46249805 -0.46870449  0.4236027 ]
2.536089000005882	[ 0.46250747 -0.46872523  0.42361128]
2.536090000005882	[ 0.46251689 -0.46874597  0.42361986]
2.5360910000058823	[ 0.4625263  -0.46876672  0.42362844]
2.5360920000058824	[ 0.46253572 -0.46878746  0.42363701]
2.5360930000058826	[ 0.46254513 -0.46880821  0.42364559]
2.5360940000058827	[ 0.46255455 -0.46882896  0.42365417]
2.536095000005883	[ 0.46256396 -0.4688497   0.42366274]
2.536096000005883	[ 0.46257337 -0.46887045  0.42367132]
2.536097000005883	[ 0.46258279 -0.4688912   0.4236799 ]
2.5360980000058833	[ 0.46259221 -0.46891194  0.42368848]
2.5360990000058834	[ 0.46260163 -0.46893269  0.42369707]
2.5361000000058835	[ 0.46261106 -0.46895344  0.42370565]
2.5361010000058837	[ 0.46262048 -0.46897418  0.42371424]
2.536102000005884	[ 0.46262991 -0.46899494  0.42372283]
2.536103000005884	[ 0.46263935 -0.46901569  0.42373143]
2.536104000005884	[ 0.46264878 -0.46903644  0.42374002]
2.5361050000058842	[ 0.46265822 -0.4690572   0.42374862]
2.5361060000058844	[ 0.46266766 -0.46907797  0.42375722]
2.5361070000058845	[ 0.4626771  -0.46909873  0.42376582]
2.5361080000058847	[ 0.46268653 -0.46911951  0.42377442]
2.536109000005885	[ 0.46269598 -0.46914028  0.42378303]
2.536110000005885	[ 0.46270542 -0.46916106  0.42379163]
2.536111000005885	[ 0.46271486 -0.46918184  0.42380023]
2.536112000005885	[ 0.4627243  -0.46920262  0.42380883]
2.5361130000058854	[ 0.46273375 -0.46922341  0.42381744]
2.5361140000058855	[ 0.46274319 -0.4692442   0.42382604]
2.5361150000058856	[ 0.46275263 -0.469265    0.42383464]
2.5361160000058858	[ 0.46276207 -0.46928579  0.42384324]
2.536117000005886	[ 0.46277151 -0.46930659  0.42385185]
2.536118000005886	[ 0.46278095 -0.46932739  0.42386045]
2.536119000005886	[ 0.46279039 -0.46934819  0.42386905]
2.5361200000058863	[ 0.46279984 -0.469369    0.42387765]
2.5361210000058865	[ 0.46280928 -0.46938981  0.42388626]
2.5361220000058866	[ 0.46281872 -0.46941062  0.42389486]
2.5361230000058868	[ 0.46282817 -0.46943143  0.42390347]
2.536124000005887	[ 0.46283761 -0.46945225  0.42391207]
2.536125000005887	[ 0.46284706 -0.46947307  0.42392068]
2.536126000005887	[ 0.46285682 -0.46949395  0.42392958]
2.5361270000058873	[ 0.46286596 -0.46951461  0.4239379 ]
2.5361280000058875	[ 0.46287541 -0.46953543  0.42394651]
2.5361290000058876	[ 0.46288487 -0.46955625  0.42395512]
2.5361300000058877	[ 0.46289432 -0.46957707  0.42396374]
2.536131000005888	[ 0.46290377 -0.4695979   0.42397235]
2.536132000005888	[ 0.46291323 -0.46961872  0.42398097]
2.536133000005888	[ 0.46292268 -0.46963955  0.42398958]
2.5361340000058883	[ 0.46293214 -0.46966038  0.4239982 ]
2.5361350000058884	[ 0.46294159 -0.46968121  0.42400681]
2.5361360000058886	[ 0.46295113 -0.46970206  0.4240155 ]
2.5361370000058887	[ 0.46296051 -0.46972285  0.42402405]
2.536138000005889	[ 0.46296997 -0.46974369  0.42403267]
2.536139000005889	[ 0.46297944 -0.46976453  0.42404129]
2.536140000005889	[ 0.4629889  -0.46978537  0.42404991]
2.5361410000058893	[ 0.46299837 -0.46980622  0.42405854]
2.5361420000058894	[ 0.46300783 -0.46982706  0.42406716]
2.5361430000058895	[ 0.4630173  -0.46984792  0.42407579]
2.5361440000058897	[ 0.46302677 -0.46986877  0.42408442]
2.53614500000589	[ 0.46303625 -0.46988963  0.42409305]
2.53614600000589	[ 0.46304572 -0.46991049  0.42410168]
2.53614700000589	[ 0.46305519 -0.46993136  0.42411032]
2.5361480000058902	[ 0.46306467 -0.46995222  0.42411895]
2.5361490000058904	[ 0.46307414 -0.46997309  0.42412758]
2.5361500000058905	[ 0.46308362 -0.46999396  0.42413621]
2.5361510000058907	[ 0.46309309 -0.47001483  0.42414485]
2.536152000005891	[ 0.46310257 -0.47003571  0.42415348]
2.536153000005891	[ 0.46311204 -0.47005658  0.42416211]
2.536154000005891	[ 0.46312151 -0.47007746  0.42417074]
2.5361550000058912	[ 0.46313098 -0.47009833  0.42417937]
2.5361560000058914	[ 0.46314046 -0.47011921  0.424188  ]
2.5361570000058915	[ 0.46314993 -0.47014009  0.42419663]
2.5361580000058916	[ 0.4631594  -0.47016096  0.42420526]
2.536159000005892	[ 0.46316887 -0.47018184  0.42421389]
2.536160000005892	[ 0.46317834 -0.47020272  0.42422252]
2.536161000005892	[ 0.46318781 -0.4702236   0.42423115]
2.536162000005892	[ 0.46319729 -0.47024448  0.42423978]
2.5361630000058923	[ 0.46320676 -0.47026537  0.42424842]
2.5361640000058925	[ 0.46321624 -0.47028626  0.42425705]
2.5361650000058926	[ 0.46322572 -0.47030715  0.42426569]
2.5361660000058928	[ 0.46323521 -0.47032805  0.42427433]
2.536167000005893	[ 0.46324469 -0.47034895  0.42428298]
2.536168000005893	[ 0.46325418 -0.47036985  0.42429162]
2.536169000005893	[ 0.46326368 -0.47039076  0.42430027]
2.5361700000058933	[ 0.46327317 -0.47041168  0.42430893]
2.5361710000058935	[ 0.46328267 -0.4704326   0.42431758]
2.5361720000058936	[ 0.46329217 -0.47045352  0.42432624]
2.5361730000058937	[ 0.46330168 -0.47047445  0.4243349 ]
2.536174000005894	[ 0.46331118 -0.47049537  0.42434356]
2.536175000005894	[ 0.46332069 -0.4705163   0.42435222]
2.536176000005894	[ 0.46333019 -0.47053724  0.42436088]
2.5361770000058943	[ 0.4633397  -0.47055817  0.42436954]
2.5361780000058944	[ 0.46334921 -0.4705791   0.42437821]
2.5361790000058946	[ 0.46335871 -0.47060004  0.42438687]
2.5361800000058947	[ 0.46336822 -0.47062097  0.42439553]
2.536181000005895	[ 0.46337772 -0.4706419   0.42440419]
2.536182000005895	[ 0.46338722 -0.47066284  0.42441285]
2.536183000005895	[ 0.46339672 -0.47068377  0.4244215 ]
2.5361840000058953	[ 0.46340622 -0.47070471  0.42443016]
2.5361850000058954	[ 0.46341572 -0.47072565  0.42443881]
2.5361860000058956	[ 0.46342521 -0.47074659  0.42444746]
2.5361870000058957	[ 0.46343471 -0.47076753  0.42445611]
2.536188000005896	[ 0.4634442  -0.47078847  0.42446476]
2.536189000005896	[ 0.4634537  -0.47080942  0.42447341]
2.536190000005896	[ 0.46346319 -0.47083036  0.42448206]
2.5361910000058963	[ 0.46347269 -0.47085131  0.42449072]
2.5361920000058964	[ 0.46348218 -0.47087226  0.42449937]
2.5361930000058965	[ 0.46349168 -0.47089322  0.42450803]
2.5361940000058967	[ 0.46350119 -0.47091417  0.42451669]
2.536195000005897	[ 0.4635107  -0.47093513  0.42452535]
2.536196000005897	[ 0.46352021 -0.47095609  0.42453402]
2.536197000005897	[ 0.46352973 -0.47097706  0.42454269]
2.5361980000058972	[ 0.46353925 -0.47099802  0.42455137]
2.5361990000058974	[ 0.46354877 -0.471019    0.42456004]
2.5362000000058975	[ 0.4635583  -0.47103998  0.42456873]
2.5362010000058977	[ 0.46356783 -0.47106096  0.42457741]
2.536202000005898	[ 0.46357737 -0.47108195  0.4245861 ]
2.536203000005898	[ 0.4635869  -0.47110294  0.42459479]
2.536204000005898	[ 0.46359644 -0.47112394  0.42460348]
2.536205000005898	[ 0.46360597 -0.47114495  0.42461217]
2.5362060000058984	[ 0.46361551 -0.47116595  0.42462085]
2.5362070000058985	[ 0.46362437 -0.47118682  0.42462892]
2.5362080000058986	[ 0.46363457 -0.47120819  0.42463823]
2.5362090000058988	[ 0.46364409 -0.47122921  0.4246469 ]
2.536210000005899	[ 0.46365361 -0.47125024  0.42465557]
2.536211000005899	[ 0.46366313 -0.47127126  0.42466425]
2.536212000005899	[ 0.46367265 -0.47129229  0.42467292]
2.5362130000058993	[ 0.46368217 -0.47131332  0.42468159]
2.5362140000058995	[ 0.46369168 -0.47133435  0.42469027]
2.5362150000058996	[ 0.4637012  -0.47135539  0.42469894]
2.5362160000058998	[ 0.46371072 -0.47137643  0.42470761]
2.5362170000059	[ 0.46372162 -0.47139771  0.42471759]
2.5362180000059	[ 0.46372976 -0.47141803  0.42472496]
2.5362190000059	[ 0.46373931 -0.47143907  0.42473366]
2.5362200000059003	[ 0.46374884 -0.47146009  0.42474235]
2.5362210000059004	[ 0.46375838 -0.47148111  0.42475104]
2.5362220000059006	[ 0.4637679  -0.47150211  0.42475971]
2.5362230000059007	[ 0.46377743 -0.47152312  0.4247684 ]
2.536224000005901	[ 0.46378725 -0.4715442   0.42477735]
2.536225000005901	[ 0.46379652 -0.47156501  0.42478579]
2.536226000005901	[ 0.46380606 -0.47158599  0.42479449]
2.5362270000059013	[ 0.4638156  -0.47160696  0.42480318]
2.5362280000059014	[ 0.46382515 -0.47162793  0.42481188]
2.5362290000059016	[ 0.4638347  -0.4716489   0.42482059]
2.5362300000059017	[ 0.46384426 -0.47166988  0.42482929]
2.536231000005902	[ 0.46385382 -0.47169086  0.424838  ]
2.536232000005902	[ 0.46386338 -0.47171185  0.42484671]
2.536233000005902	[ 0.46387294 -0.47173285  0.42485543]
2.5362340000059023	[ 0.4638825  -0.47175387  0.42486414]
2.5362350000059024	[ 0.46389207 -0.47177491  0.42487286]
2.5362360000059025	[ 0.46390164 -0.47179596  0.42488158]
2.5362370000059027	[ 0.4639112  -0.47181703  0.42489029]
2.536238000005903	[ 0.46392077 -0.47183812  0.42489901]
2.536239000005903	[ 0.46393033 -0.47185921  0.42490772]
2.536240000005903	[ 0.46393989 -0.47188031  0.42491643]
2.5362410000059032	[ 0.46394944 -0.47190142  0.42492514]
2.5362420000059034	[ 0.463959   -0.47192252  0.42493385]
2.5362430000059035	[ 0.46396855 -0.47194362  0.42494255]
2.5362440000059037	[ 0.4639781  -0.47196472  0.42495125]
2.536245000005904	[ 0.46398764 -0.47198581  0.42495995]
2.536246000005904	[ 0.46399719 -0.47200689  0.42496865]
2.536247000005904	[ 0.46400674 -0.47202796  0.42497735]
2.5362480000059042	[ 0.46401628 -0.47204902  0.42498605]
2.5362490000059044	[ 0.46402583 -0.47207008  0.42499475]
2.5362500000059045	[ 0.46403538 -0.47209113  0.42500345]
2.5362510000059046	[ 0.46404493 -0.47211217  0.42501215]
2.536252000005905	[ 0.46405449 -0.47213322  0.42502086]
2.536253000005905	[ 0.46406404 -0.47215427  0.42502956]
2.536254000005905	[ 0.4640736  -0.47217532  0.42503827]
2.536255000005905	[ 0.46408316 -0.47219638  0.42504699]
2.5362560000059053	[ 0.46409272 -0.47221744  0.4250557 ]
2.5362570000059055	[ 0.46410229 -0.47223851  0.42506442]
2.5362580000059056	[ 0.46411186 -0.47225959  0.42507314]
2.5362590000059058	[ 0.46412143 -0.47228068  0.42508186]
2.536260000005906	[ 0.464131   -0.47230177  0.42509058]
2.536261000005906	[ 0.46414057 -0.47232287  0.4250993 ]
2.536262000005906	[ 0.46415015 -0.47234397  0.42510803]
2.5362630000059063	[ 0.46415973 -0.47236508  0.42511676]
2.5362640000059065	[ 0.46416931 -0.47238618  0.42512549]
2.5362650000059066	[ 0.4641789  -0.47240729  0.42513423]
2.5362660000059067	[ 0.46418849 -0.47242839  0.42514296]
2.536267000005907	[ 0.46419808 -0.4724495   0.4251517 ]
2.536268000005907	[ 0.46420767 -0.4724706   0.42516044]
2.536269000005907	[ 0.46421726 -0.47249171  0.42516919]
2.5362700000059073	[ 0.46422686 -0.47251282  0.42517793]
2.5362710000059074	[ 0.46423646 -0.47253394  0.42518668]
2.5362720000059076	[ 0.46424606 -0.47255506  0.42519543]
2.5362730000059077	[ 0.46425566 -0.47257619  0.42520418]
2.536274000005908	[ 0.46426526 -0.47259732  0.42521292]
2.536275000005908	[ 0.46427486 -0.47261845  0.42522167]
2.536276000005908	[ 0.46428445 -0.47263959  0.42523041]
2.5362770000059083	[ 0.46429405 -0.47266074  0.42523916]
2.5362780000059084	[ 0.46430364 -0.47268188  0.4252479 ]
2.5362790000059086	[ 0.46431323 -0.47270303  0.42525664]
2.5362800000059087	[ 0.46432282 -0.47272418  0.42526537]
2.536281000005909	[ 0.4643324  -0.47274532  0.42527411]
2.536282000005909	[ 0.46434199 -0.47276646  0.42528284]
2.536283000005909	[ 0.46435157 -0.4727876   0.42529157]
2.5362840000059093	[ 0.46436115 -0.47280874  0.4253003 ]
2.5362850000059094	[ 0.46437073 -0.47282988  0.42530904]
2.5362860000059095	[ 0.46438032 -0.47285101  0.42531777]
2.5362870000059097	[ 0.4643899  -0.47287215  0.4253265 ]
2.53628800000591	[ 0.46439949 -0.47289329  0.42533524]
2.53628900000591	[ 0.46440908 -0.47291443  0.42534398]
2.53629000000591	[ 0.46441867 -0.47293557  0.42535272]
2.5362910000059102	[ 0.46442827 -0.47295672  0.42536147]
2.5362920000059104	[ 0.46443787 -0.47297788  0.42537021]
2.5362930000059105	[ 0.46444747 -0.47299905  0.42537897]
2.5362940000059107	[ 0.46445708 -0.47302022  0.42538772]
2.536295000005911	[ 0.46446669 -0.4730414   0.42539648]
2.536296000005911	[ 0.4644763  -0.47306259  0.42540524]
2.536297000005911	[ 0.46448592 -0.47308378  0.425414  ]
2.536298000005911	[ 0.46449553 -0.47310498  0.42542276]
2.5362990000059114	[ 0.46450515 -0.47312619  0.42543152]
2.5363000000059115	[ 0.46451476 -0.47314739  0.42544029]
2.5363010000059116	[ 0.46452438 -0.47316859  0.42544905]
2.5363020000059118	[ 0.464534   -0.4731898   0.42545781]
2.536303000005912	[ 0.46454361 -0.47321101  0.42546657]
2.536304000005912	[ 0.46455322 -0.47323221  0.42547533]
2.536305000005912	[ 0.46456284 -0.47325341  0.42548409]
2.5363060000059123	[ 0.46457245 -0.47327462  0.42549285]
2.5363070000059125	[ 0.46458206 -0.47329582  0.42550161]
2.5363080000059126	[ 0.46459167 -0.47331702  0.42551037]
2.5363090000059128	[ 0.46460128 -0.47333823  0.42551913]
2.536310000005913	[ 0.46461089 -0.47335943  0.42552788]
2.536311000005913	[ 0.4646205  -0.47338065  0.42553664]
2.536312000005913	[ 0.4646301  -0.47340186  0.42554539]
2.5363130000059133	[ 0.46463971 -0.47342308  0.42555415]
2.5363140000059134	[ 0.46464932 -0.4734443   0.4255629 ]
2.5363150000059136	[ 0.46465893 -0.47346552  0.42557166]
2.5363160000059137	[ 0.46466854 -0.47348675  0.42558042]
2.536317000005914	[ 0.46467815 -0.47350798  0.42558917]
2.536318000005914	[ 0.46468776 -0.47352922  0.42559793]
2.536319000005914	[ 0.46469737 -0.47355045  0.42560669]
2.5363200000059143	[ 0.46470698 -0.47357169  0.42561545]
2.5363210000059144	[ 0.4647166  -0.47359293  0.42562422]
2.5363220000059146	[ 0.46472622 -0.47361417  0.42563298]
2.5363230000059147	[ 0.46473584 -0.47363541  0.42564175]
2.536324000005915	[ 0.46474547 -0.47365665  0.42565052]
2.536325000005915	[ 0.4647551  -0.47367789  0.4256593 ]
2.536326000005915	[ 0.46476473 -0.47369914  0.42566807]
2.5363270000059153	[ 0.46477436 -0.47372039  0.42567685]
2.5363280000059154	[ 0.464784   -0.47374164  0.42568563]
2.5363290000059155	[ 0.46479364 -0.4737629   0.42569442]
2.5363300000059157	[ 0.46480328 -0.47378416  0.4257032 ]
2.536331000005916	[ 0.46481292 -0.47380542  0.42571199]
2.536332000005916	[ 0.46482256 -0.47382669  0.42572077]
2.536333000005916	[ 0.4648322  -0.47384796  0.42572956]
2.5363340000059162	[ 0.46484184 -0.47386923  0.42573835]
2.5363350000059164	[ 0.46485149 -0.4738905   0.42574714]
2.5363360000059165	[ 0.46486113 -0.47391178  0.42575592]
2.5363370000059167	[ 0.46487077 -0.47393306  0.42576471]
2.536338000005917	[ 0.46488041 -0.47395434  0.42577349]
2.536339000005917	[ 0.46489004 -0.47397562  0.42578227]
2.536340000005917	[ 0.46489968 -0.4739969   0.42579106]
2.5363410000059172	[ 0.46490931 -0.47401819  0.42579984]
2.5363420000059174	[ 0.46491901 -0.4740395   0.42580868]
2.5363430000059175	[ 0.46492859 -0.47406074  0.4258174 ]
2.5363440000059176	[ 0.46493822 -0.47408203  0.42582618]
2.536345000005918	[ 0.46494785 -0.47410333  0.42583495]
2.536346000005918	[ 0.46495748 -0.47412462  0.42584373]
2.536347000005918	[ 0.46496711 -0.47414592  0.4258525 ]
2.536348000005918	[ 0.46497674 -0.47416722  0.42586128]
2.5363490000059183	[ 0.46498637 -0.47418853  0.42587006]
2.5363500000059185	[ 0.464996   -0.47420983  0.42587883]
2.5363510000059186	[ 0.46500563 -0.47423114  0.42588761]
2.5363520000059188	[ 0.46501527 -0.47425245  0.42589639]
2.536353000005919	[ 0.4650249  -0.47427376  0.42590517]
2.536354000005919	[ 0.46503454 -0.47429507  0.42591396]
2.536355000005919	[ 0.46504419 -0.47431639  0.42592275]
2.5363560000059193	[ 0.46505383 -0.4743377   0.42593154]
2.5363570000059195	[ 0.46506348 -0.47435902  0.42594033]
2.5363580000059196	[ 0.46507314 -0.47438034  0.42594913]
2.5363590000059197	[ 0.46508279 -0.47440166  0.42595793]
2.53636000000592	[ 0.46509245 -0.47442298  0.42596673]
2.53636100000592	[ 0.46510212 -0.47444431  0.42597554]
2.53636200000592	[ 0.46511179 -0.47446564  0.42598435]
2.5363630000059203	[ 0.46512146 -0.47448698  0.42599316]
2.5363640000059204	[ 0.46513113 -0.47450832  0.42600198]
2.5363650000059206	[ 0.4651408  -0.47452967  0.4260108 ]
2.5363660000059207	[ 0.46515048 -0.47455102  0.42601961]
2.536367000005921	[ 0.46516015 -0.47457238  0.42602843]
2.536368000005921	[ 0.46516983 -0.47459375  0.42603725]
2.536369000005921	[ 0.4651795  -0.47461512  0.42604606]
2.5363700000059213	[ 0.46518917 -0.47463649  0.42605488]
2.5363710000059214	[ 0.46519884 -0.47465786  0.42606369]
2.5363720000059216	[ 0.46520851 -0.47467923  0.4260725 ]
2.5363730000059217	[ 0.46521818 -0.47470061  0.42608131]
2.536374000005922	[ 0.46522784 -0.47472198  0.42609012]
2.536375000005922	[ 0.46523751 -0.47474335  0.42609892]
2.536376000005922	[ 0.46524717 -0.47476472  0.42610773]
2.5363770000059223	[ 0.46525683 -0.47478609  0.42611653]
2.5363780000059224	[ 0.46526649 -0.47480745  0.42612534]
2.5363790000059225	[ 0.46527615 -0.47482882  0.42613414]
2.5363800000059227	[ 0.4652858  -0.47485018  0.42614294]
2.536381000005923	[ 0.46529547 -0.47487154  0.42615175]
2.536382000005923	[ 0.46530513 -0.4748929   0.42616055]
2.536383000005923	[ 0.46531479 -0.47491427  0.42616936]
2.5363840000059232	[ 0.46532446 -0.47493563  0.42617817]
2.5363850000059234	[ 0.46533414 -0.474957    0.42618699]
2.5363860000059235	[ 0.46534381 -0.47497837  0.42619581]
2.5363870000059237	[ 0.46535349 -0.47499975  0.42620463]
2.536388000005924	[ 0.46536318 -0.47502113  0.42621345]
2.536389000005924	[ 0.46537286 -0.47504252  0.42622228]
2.536390000005924	[ 0.46538255 -0.47506391  0.42623111]
2.536391000005924	[ 0.46539225 -0.47508531  0.42623995]
2.5363920000059244	[ 0.46540194 -0.47510671  0.42624878]
2.5363930000059245	[ 0.46541164 -0.47512812  0.42625762]
2.5363940000059246	[ 0.46542134 -0.47514954  0.42626646]
2.5363950000059248	[ 0.46543104 -0.47517096  0.42627531]
2.536396000005925	[ 0.46544075 -0.47519238  0.42628415]
2.536397000005925	[ 0.46545045 -0.47521381  0.42629299]
2.536398000005925	[ 0.46546015 -0.47523524  0.42630183]
2.5363990000059253	[ 0.46546985 -0.47525667  0.42631067]
2.5364000000059255	[ 0.46547955 -0.4752781   0.42631951]
2.5364010000059256	[ 0.46548925 -0.47529954  0.42632835]
2.5364020000059257	[ 0.46549889 -0.47532095  0.42633714]
2.536403000005926	[ 0.46550864 -0.47534242  0.42634602]
2.536404000005926	[ 0.46551833 -0.47536385  0.42635485]
2.536405000005926	[ 0.46552803 -0.47538528  0.42636369]
2.5364060000059263	[ 0.46553772 -0.4754067   0.42637253]
2.5364070000059264	[ 0.46554742 -0.47542813  0.42638137]
2.5364080000059266	[ 0.46555712 -0.47544955  0.4263902 ]
2.5364090000059267	[ 0.46556682 -0.47547098  0.42639904]
2.536410000005927	[ 0.46557652 -0.47549241  0.42640788]
2.536411000005927	[ 0.46558622 -0.47551383  0.42641672]
2.536412000005927	[ 0.46559592 -0.47553526  0.42642557]
2.5364130000059273	[ 0.46560562 -0.4755567   0.42643441]
2.5364140000059274	[ 0.46561533 -0.47557813  0.42644325]
2.5364150000059276	[ 0.46562504 -0.47559957  0.4264521 ]
2.5364160000059277	[ 0.46563474 -0.47562102  0.42646095]
2.536417000005928	[ 0.46564187 -0.47564178  0.4264672 ]
2.536418000005928	[ 0.46565247 -0.47566711  0.42647747]
2.536419000005928	[ 0.46566621 -0.47568461  0.42648927]
2.5364200000059283	[ 0.46567191 -0.47571028  0.42649518]
2.5364210000059284	[ 0.46568565 -0.47572783  0.42650698]
2.5364220000059285	[ 0.46569138 -0.47575352  0.42651293]
2.5364230000059287	[ 0.46570511 -0.47577113  0.42652472]
2.536424000005929	[ 0.46571085 -0.47579686  0.42653067]
2.536425000005929	[ 0.46572458 -0.47581452  0.42654247]
2.536426000005929	[ 0.46573032 -0.47584029  0.42654842]
2.5364270000059292	[ 0.46574404 -0.47585797  0.4265602 ]
2.5364280000059294	[ 0.46574977 -0.47588376  0.42656614]
2.5364290000059295	[ 0.46576348 -0.47590144  0.42657792]
2.5364300000059297	[ 0.46576919 -0.47592724  0.42658385]
2.53643100000593	[ 0.46578289 -0.47594489  0.42659561]
2.53643200000593	[ 0.46578859 -0.47597065  0.42660153]
2.53643300000593	[ 0.46580229 -0.47598824  0.42661329]
2.5364340000059302	[ 0.46580796 -0.47601393  0.42661918]
2.5364350000059304	[ 0.46582169 -0.4760315   0.42663097]
2.5364360000059305	[ 0.46582736 -0.47605711  0.42663685]
2.5364370000059306	[ 0.46584108 -0.47607461  0.42664865]
2.536438000005931	[ 0.46584677 -0.47610018  0.42665455]
2.536439000005931	[ 0.46586051 -0.47611763  0.42666635]
2.536440000005931	[ 0.46586622 -0.47614318  0.42667227]
2.536441000005931	[ 0.46587997 -0.47616062  0.42668408]
2.5364420000059313	[ 0.46588569 -0.47618619  0.42669002]
2.5364430000059315	[ 0.46589946 -0.47620364  0.42670185]
2.5364440000059316	[ 0.4659052  -0.47622926  0.4267078 ]
2.5364450000059318	[ 0.46591891 -0.47624725  0.42671958]
2.536446000005932	[ 0.46592159 -0.47627007  0.42672238]
2.536447000005932	[ 0.46594102 -0.4762933   0.42674001]
2.536448000005932	[ 0.46594113 -0.4763138   0.4267402 ]
2.5364490000059323	[ 0.46596054 -0.47633662  0.42675779]
2.5364500000059325	[ 0.4659606  -0.47635722  0.42675795]
2.5364510000059326	[ 0.46598005 -0.47638008  0.42677557]
2.5364520000059327	[ 0.46598009 -0.47640075  0.42677571]
2.536453000005933	[ 0.46599954 -0.47642364  0.42679334]
2.536454000005933	[ 0.46599958 -0.47644435  0.42679347]
2.536455000005933	[ 0.46601902 -0.47646726  0.42681108]
2.5364560000059333	[ 0.46601905 -0.47648797  0.42681122]
2.5364570000059334	[ 0.46603847 -0.47651088  0.42682881]
2.5364580000059336	[ 0.46603851 -0.47653157  0.42682896]
2.5364590000059337	[ 0.46605791 -0.47655445  0.42684653]
2.536460000005934	[ 0.46605796 -0.47657512  0.42684668]
2.536461000005934	[ 0.46607734 -0.47659796  0.42686424]
2.536462000005934	[ 0.46607739 -0.4766186   0.42686439]
2.5364630000059343	[ 0.46609677 -0.4766414   0.42688195]
2.5364640000059344	[ 0.46609683 -0.47666203  0.4268821 ]
2.5364650000059346	[ 0.4661162  -0.4766848   0.42689966]
2.5364660000059347	[ 0.46611625 -0.47670541  0.42689981]
2.536467000005935	[ 0.46613564 -0.47672818  0.42691737]
2.536468000005935	[ 0.46613569 -0.47674878  0.42691752]
2.536469000005935	[ 0.46615507 -0.47677155  0.42693508]
2.5364700000059353	[ 0.46615512 -0.47679216  0.42693523]
2.5364710000059354	[ 0.4661745  -0.47681494  0.42695279]
2.5364720000059355	[ 0.46617455 -0.47683557  0.42695294]
2.5364730000059357	[ 0.46619393 -0.47685836  0.4269705 ]
2.536474000005936	[ 0.46619398 -0.476879    0.42697065]
2.536475000005936	[ 0.46621335 -0.4769018   0.4269882 ]
2.536476000005936	[ 0.46621341 -0.47692245  0.42698836]
2.5364770000059362	[ 0.46623278 -0.47694526  0.42700591]
2.5364780000059364	[ 0.46623284 -0.47696592  0.42700607]
2.5364790000059365	[ 0.46625221 -0.47698873  0.42702362]
2.5364800000059367	[ 0.46625229 -0.4770094   0.42702379]
2.536481000005937	[ 0.46627167 -0.47703221  0.42704135]
2.536482000005937	[ 0.46627176 -0.47705289  0.42704154]
2.536483000005937	[ 0.46629115 -0.4770757   0.42705911]
2.536484000005937	[ 0.46629127 -0.47709639  0.42705932]
2.5364850000059374	[ 0.46631068 -0.47711921  0.4270769 ]
2.5364860000059375	[ 0.46631081 -0.47713991  0.42707713]
2.5364870000059376	[ 0.46633023 -0.47716273  0.42709473]
2.5364880000059378	[ 0.46633038 -0.47718345  0.42709497]
2.536489000005938	[ 0.46634981 -0.47720628  0.42711257]
2.536490000005938	[ 0.46634997 -0.47722701  0.42711282]
2.536491000005938	[ 0.46636939 -0.47724985  0.42713042]
2.5364920000059383	[ 0.46636955 -0.47727059  0.42713067]
2.5364930000059385	[ 0.46638895 -0.4772934   0.42714824]
2.5364940000059386	[ 0.4663891  -0.47731416  0.42714849]
2.5364950000059387	[ 0.46640848 -0.47733696  0.42716604]
2.536496000005939	[ 0.46640861 -0.4773577   0.42716628]
2.536497000005939	[ 0.46642798 -0.47738048  0.42718381]
2.536498000005939	[ 0.4664281  -0.47740122  0.42718403]
2.5364990000059393	[ 0.46644744 -0.47742398  0.42720156]
2.5365000000059394	[ 0.46644756 -0.4774447   0.42720177]
2.5365010000059396	[ 0.4664669  -0.47746744  0.42721929]
2.5365020000059397	[ 0.46646702 -0.47748817  0.42721951]
2.53650300000594	[ 0.46648636 -0.4775109   0.42723702]
2.53650400000594	[ 0.46648649 -0.47753163  0.42723726]
2.53650500000594	[ 0.46650584 -0.47755438  0.42725478]
2.5365060000059403	[ 0.46650599 -0.47757512  0.42725503]
2.5365070000059404	[ 0.46652535 -0.47759788  0.42727256]
2.5365080000059406	[ 0.46652552 -0.47761865  0.42727283]
2.5365090000059407	[ 0.4665449  -0.47764143  0.42729038]
2.536510000005941	[ 0.46654509 -0.47766222  0.42729067]
2.536511000005941	[ 0.46656449 -0.47768501  0.42730824]
2.536512000005941	[ 0.4665647  -0.47770581  0.42730854]
2.5365130000059413	[ 0.46658411 -0.47772862  0.42732612]
2.5365140000059414	[ 0.46658434 -0.47774942  0.42732644]
2.5365150000059415	[ 0.46660375 -0.47777223  0.42734402]
2.5365160000059417	[ 0.466604   -0.47779304  0.42734436]
2.536517000005942	[ 0.46662342 -0.47781584  0.42736195]
2.536518000005942	[ 0.46662367 -0.47783665  0.42736229]
2.536519000005942	[ 0.46664309 -0.47785946  0.42737988]
2.5365200000059422	[ 0.46664335 -0.47788027  0.42738022]
2.5365210000059424	[ 0.46666276 -0.47790308  0.42739781]
2.5365220000059425	[ 0.46666301 -0.4779239   0.42739815]
2.5365230000059427	[ 0.46668242 -0.47794672  0.42741572]
2.536524000005943	[ 0.46668266 -0.47796756  0.42741606]
2.536525000005943	[ 0.46670205 -0.47799039  0.42743362]
2.536526000005943	[ 0.46670228 -0.47801124  0.42743394]
2.5365270000059432	[ 0.46672165 -0.47803408  0.42745148]
2.5365280000059434	[ 0.46672188 -0.47805494  0.4274518 ]
2.5365290000059435	[ 0.46674123 -0.47807778  0.42746933]
2.5365300000059436	[ 0.46674145 -0.47809863  0.42746964]
2.536531000005944	[ 0.46676079 -0.47812146  0.42748716]
2.536532000005944	[ 0.46676101 -0.4781423   0.42748747]
2.536533000005944	[ 0.46678035 -0.4781651   0.42750499]
2.536534000005944	[ 0.46678058 -0.47818592  0.42750531]
2.5365350000059443	[ 0.46679994 -0.47820871  0.42752284]
2.5365360000059445	[ 0.46680018 -0.47822952  0.42752317]
2.5365370000059446	[ 0.46681955 -0.47825229  0.42754071]
2.5365380000059448	[ 0.46681982 -0.47827308  0.42754107]
2.536539000005945	[ 0.4668392  -0.47829585  0.42755863]
2.536540000005945	[ 0.46683949 -0.47831665  0.427559  ]
2.536541000005945	[ 0.46685889 -0.47833943  0.42757657]
2.5365420000059453	[ 0.46685919 -0.47836024  0.42757696]
2.5365430000059455	[ 0.4668786  -0.47838303  0.42759453]
2.5365440000059456	[ 0.46687891 -0.47840387  0.42759494]
2.5365450000059457	[ 0.46689832 -0.47842667  0.42761251]
2.536546000005946	[ 0.46689863 -0.47844752  0.42761291]
2.536547000005946	[ 0.46691803 -0.47847033  0.42763048]
2.536548000005946	[ 0.46692306 -0.47849082  0.42763504]
2.5365490000059463	[ 0.46693264 -0.47851276  0.42764377]
2.5365500000059464	[ 0.46694256 -0.47853458  0.42765282]
2.5365510000059466	[ 0.46695247 -0.47855638  0.42766185]
2.5365520000059467	[ 0.46696238 -0.47857818  0.42767088]
2.536553000005947	[ 0.46697229 -0.47859998  0.42767991]
2.536554000005947	[ 0.46698219 -0.47862178  0.42768894]
2.536555000005947	[ 0.46699209 -0.47864357  0.42769796]
2.5365560000059473	[ 0.46700198 -0.47866536  0.42770698]
2.5365570000059474	[ 0.46701187 -0.47868716  0.427716  ]
2.5365580000059476	[ 0.46702176 -0.47870896  0.42772501]
2.5365590000059477	[ 0.46703164 -0.47873078  0.42773402]
2.536560000005948	[ 0.46704152 -0.47875261  0.42774302]
2.536561000005948	[ 0.46705139 -0.47877446  0.42775202]
2.536562000005948	[ 0.46706126 -0.47879633  0.42776101]
2.5365630000059483	[ 0.46707111 -0.47881822  0.42776999]
2.5365640000059484	[ 0.46708096 -0.47884012  0.42777897]
2.5365650000059485	[ 0.4670908  -0.47886203  0.42778794]
2.5365660000059487	[ 0.46710063 -0.47888396  0.4277969 ]
2.536567000005949	[ 0.46711045 -0.47890589  0.42780585]
2.536568000005949	[ 0.46712027 -0.47892782  0.4278148 ]
2.536569000005949	[ 0.46713009 -0.47894975  0.42782375]
2.5365700000059492	[ 0.4671399  -0.47897167  0.42783269]
2.5365710000059494	[ 0.46714972 -0.47899359  0.42784164]
2.5365720000059495	[ 0.46715954 -0.47901549  0.42785059]
2.5365730000059497	[ 0.46716936 -0.47903738  0.42785955]
2.53657400000595	[ 0.4671792  -0.47905926  0.42786851]
2.53657500000595	[ 0.46718904 -0.47908114  0.42787748]
2.53657600000595	[ 0.4671989  -0.479103    0.42788647]
2.53657700000595	[ 0.46720876 -0.47912487  0.42789546]
2.5365780000059504	[ 0.46721864 -0.47914674  0.42790446]
2.5365790000059505	[ 0.46722853 -0.47916861  0.42791348]
2.5365800000059506	[ 0.46723842 -0.47919049  0.4279225 ]
2.5365810000059508	[ 0.46724833 -0.47921238  0.42793152]
2.536582000005951	[ 0.46725823 -0.47923427  0.42794055]
2.536583000005951	[ 0.46726814 -0.47925618  0.42794959]
2.536584000005951	[ 0.46727805 -0.47927811  0.42795862]
2.5365850000059513	[ 0.46728796 -0.47930004  0.42796765]
2.5365860000059515	[ 0.46729787 -0.47932198  0.42797668]
2.5365870000059516	[ 0.46730776 -0.47934393  0.4279857 ]
2.5365880000059517	[ 0.46731765 -0.47936589  0.42799472]
2.536589000005952	[ 0.46732754 -0.47938786  0.42800373]
2.536590000005952	[ 0.46733741 -0.47940983  0.42801272]
2.536591000005952	[ 0.46734727 -0.4794318   0.42802171]
2.5365920000059523	[ 0.46735712 -0.47945378  0.4280307 ]
2.5365930000059524	[ 0.46736697 -0.47947576  0.42803967]
2.5365940000059526	[ 0.46737681 -0.47949773  0.42804864]
2.5365950000059527	[ 0.46738664 -0.47951971  0.4280576 ]
2.536596000005953	[ 0.46739647 -0.47954169  0.42806656]
2.536597000005953	[ 0.46740629 -0.47956366  0.42807552]
2.536598000005953	[ 0.46741612 -0.47958563  0.42808447]
2.5365990000059533	[ 0.46742595 -0.47960761  0.42809343]
2.5366000000059534	[ 0.46743578 -0.47962958  0.4281024 ]
2.5366010000059536	[ 0.46744562 -0.47965155  0.42811137]
2.5366020000059537	[ 0.46745547 -0.47967353  0.42812034]
2.536603000005954	[ 0.46746532 -0.47969551  0.42812933]
2.536604000005954	[ 0.46747519 -0.4797175   0.42813832]
2.536605000005954	[ 0.46748506 -0.4797395   0.42814732]
2.5366060000059543	[ 0.46749495 -0.4797615   0.42815633]
2.5366070000059544	[ 0.46750484 -0.47978352  0.42816534]
2.5366080000059545	[ 0.46751473 -0.47980554  0.42817436]
2.5366090000059547	[ 0.46752464 -0.47982758  0.42818339]
2.536610000005955	[ 0.46753454 -0.47984964  0.42819242]
2.536611000005955	[ 0.46754445 -0.4798717   0.42820145]
2.536612000005955	[ 0.46755436 -0.47989377  0.42821048]
2.5366130000059552	[ 0.46756426 -0.47991586  0.42821951]
2.5366140000059554	[ 0.46757416 -0.47993795  0.42822854]
2.5366150000059555	[ 0.46758407 -0.47996004  0.42823756]
2.5366160000059557	[ 0.46759396 -0.47998214  0.42824658]
2.536617000005956	[ 0.46760386 -0.48000423  0.4282556 ]
2.536618000005956	[ 0.46761375 -0.48002633  0.42826462]
2.536619000005956	[ 0.46762364 -0.48004842  0.42827363]
2.536620000005956	[ 0.46763352 -0.48007051  0.42828264]
2.5366210000059564	[ 0.4676434  -0.4800926   0.42829165]
2.5366220000059565	[ 0.46765328 -0.48011469  0.42830066]
2.5366230000059566	[ 0.46766316 -0.48013678  0.42830966]
2.536624000005957	[ 0.46767304 -0.48015888  0.42831866]
2.536625000005957	[ 0.46768291 -0.48018097  0.42832766]
2.536626000005957	[ 0.46769278 -0.48020308  0.42833666]
2.536627000005957	[ 0.46770265 -0.48022519  0.42834566]
2.5366280000059573	[ 0.46771252 -0.4802473   0.42835465]
2.5366290000059575	[ 0.46772239 -0.48026943  0.42836365]
2.5366300000059576	[ 0.46773225 -0.48029156  0.42837264]
2.5366310000059578	[ 0.46774212 -0.4803137   0.42838164]
2.536632000005958	[ 0.46775199 -0.48033584  0.42839063]
2.536633000005958	[ 0.46776186 -0.48035799  0.42839963]
2.536634000005958	[ 0.46777174 -0.48038014  0.42840864]
2.5366350000059583	[ 0.46778163 -0.4804023   0.42841765]
2.5366360000059585	[ 0.46779152 -0.48042446  0.42842667]
2.5366370000059586	[ 0.46780142 -0.48044662  0.4284357 ]
2.5366380000059587	[ 0.46781134 -0.48046879  0.42844473]
2.536639000005959	[ 0.46782126 -0.48049096  0.42845378]
2.536640000005959	[ 0.4678312  -0.48051314  0.42846284]
2.536641000005959	[ 0.46784114 -0.48053534  0.4284719 ]
2.5366420000059593	[ 0.4678511  -0.48055754  0.42848098]
2.5366430000059594	[ 0.46786106 -0.48057975  0.42849006]
2.5366440000059596	[ 0.46787103 -0.48060198  0.42849915]
2.5366450000059597	[ 0.46788101 -0.48062422  0.42850824]
2.53664600000596	[ 0.46789099 -0.48064646  0.42851734]
2.53664700000596	[ 0.46790096 -0.48066871  0.42852643]
2.53664800000596	[ 0.46791094 -0.48069095  0.42853553]
2.5366490000059603	[ 0.46792091 -0.4807132   0.42854462]
2.5366500000059604	[ 0.46793088 -0.48073544  0.4285537 ]
2.5366510000059606	[ 0.46794084 -0.48075766  0.42856279]
2.5366520000059607	[ 0.4679508  -0.48077987  0.42857186]
2.536653000005961	[ 0.46796075 -0.48080207  0.42858093]
2.536654000005961	[ 0.46797069 -0.48082425  0.42859   ]
2.536655000005961	[ 0.46798063 -0.48084641  0.42859906]
2.5366560000059613	[ 0.46799056 -0.48086857  0.42860811]
2.5366570000059614	[ 0.46800049 -0.48089071  0.42861717]
2.5366580000059615	[ 0.46801042 -0.48091286  0.42862621]
2.5366590000059617	[ 0.46802034 -0.480935    0.42863526]
2.536660000005962	[ 0.46803027 -0.48095715  0.42864431]
2.536661000005962	[ 0.46804019 -0.48097932  0.42865335]
2.536662000005962	[ 0.46805011 -0.4810015   0.42866239]
2.5366630000059622	[ 0.46806003 -0.4810237   0.42867144]
2.5366640000059624	[ 0.46806996 -0.48104591  0.42868049]
2.5366650000059625	[ 0.46807988 -0.48106815  0.42868953]
2.5366660000059627	[ 0.46808981 -0.4810904   0.42869859]
2.536667000005963	[ 0.46809974 -0.48111266  0.42870764]
2.536668000005963	[ 0.46810968 -0.48113493  0.4287167 ]
2.536669000005963	[ 0.46811963 -0.4811572   0.42872577]
2.536670000005963	[ 0.46812958 -0.48117947  0.42873484]
2.5366710000059634	[ 0.46813954 -0.48120174  0.42874392]
2.5366720000059635	[ 0.4681495 -0.481224   0.428753 ]
2.5366730000059636	[ 0.46815948 -0.48124626  0.42876209]
2.5366740000059638	[ 0.46816945 -0.4812685   0.42877119]
2.536675000005964	[ 0.46817944 -0.48129074  0.42878029]
2.536676000005964	[ 0.46818942 -0.48131296  0.42878939]
2.536677000005964	[ 0.46819941 -0.48133519  0.4287985 ]
2.5366780000059643	[ 0.4682094  -0.4813574   0.42880761]
2.5366790000059645	[ 0.46821939 -0.48137962  0.42881671]
2.5366800000059646	[ 0.46822938 -0.48140183  0.42882582]
2.5366810000059647	[ 0.46823936 -0.48142405  0.42883492]
2.536682000005965	[ 0.46824934 -0.48144626  0.42884401]
2.536683000005965	[ 0.46825931 -0.48146848  0.4288531 ]
2.536684000005965	[ 0.46826927 -0.4814907   0.42886218]
2.5366850000059653	[ 0.46827923 -0.48151292  0.42887126]
2.5366860000059654	[ 0.46828918 -0.48153514  0.42888033]
2.5366870000059656	[ 0.46829912 -0.48155735  0.42888939]
2.5366880000059657	[ 0.46830906 -0.48157957  0.42889845]
2.536689000005966	[ 0.46831899 -0.48160179  0.42890751]
2.536690000005966	[ 0.46832892 -0.48162401  0.42891656]
2.536691000005966	[ 0.46833885 -0.48164623  0.42892561]
2.5366920000059663	[ 0.46834877 -0.48166845  0.42893466]
2.5366930000059664	[ 0.4683587  -0.48169068  0.42894371]
2.5366940000059666	[ 0.46836863 -0.48171292  0.42895276]
2.5366950000059667	[ 0.46837857 -0.48173517  0.42896182]
2.536696000005967	[ 0.4683885  -0.48175742  0.42897088]
2.536697000005967	[ 0.46839844 -0.48177969  0.42897994]
2.536698000005967	[ 0.46840838 -0.48180197  0.428989  ]
2.5366990000059673	[ 0.46841833 -0.48182426  0.42899807]
2.5367000000059674	[ 0.46842828 -0.48184655  0.42900714]
2.5367010000059675	[ 0.46843824 -0.48186884  0.42901622]
2.5367020000059677	[ 0.4684482  -0.48189114  0.4290253 ]
2.536703000005968	[ 0.46845816 -0.48191343  0.42903438]
2.536704000005968	[ 0.46846812 -0.48193572  0.42904346]
2.536705000005968	[ 0.46847809 -0.481958    0.42905255]
2.5367060000059682	[ 0.46848806 -0.48198027  0.42906164]
2.5367070000059684	[ 0.46849803 -0.48200253  0.42907073]
2.5367080000059685	[ 0.46850801 -0.48202478  0.42907982]
2.5367090000059687	[ 0.46851798 -0.48204703  0.42908892]
2.536710000005969	[ 0.46852796 -0.48206928  0.42909801]
2.536711000005969	[ 0.46853793 -0.48209152  0.4291071 ]
2.536712000005969	[ 0.4685479  -0.48211376  0.42911619]
2.536713000005969	[ 0.46855787 -0.48213601  0.42912528]
2.5367140000059694	[ 0.46856783 -0.48215827  0.42913436]
2.5367150000059695	[ 0.46857779 -0.48218053  0.42914344]
2.5367160000059696	[ 0.46858774 -0.48220279  0.42915251]
2.53671700000597	[ 0.46859769 -0.48222507  0.42916158]
2.53671800000597	[ 0.46860763 -0.48224735  0.42917064]
2.53671900000597	[ 0.46861757 -0.48226963  0.4291797 ]
2.53672000000597	[ 0.46862751 -0.48229191  0.42918876]
2.5367210000059703	[ 0.46863744 -0.4823142   0.42919782]
2.5367220000059705	[ 0.46864737 -0.48233648  0.42920687]
2.5367230000059706	[ 0.4686573  -0.48235875  0.42921592]
2.5367240000059708	[ 0.46866724 -0.48238103  0.42922498]
2.536725000005971	[ 0.46867718 -0.48240331  0.42923404]
2.536726000005971	[ 0.46868712 -0.48242557  0.4292431 ]
2.536727000005971	[ 0.46869706 -0.48244785  0.42925217]
2.5367280000059713	[ 0.46870701 -0.48247012  0.42926124]
2.5367290000059715	[ 0.46871697 -0.4824924   0.42927032]
2.5367300000059716	[ 0.46872693 -0.48251469  0.4292794 ]
2.5367310000059717	[ 0.4687369  -0.48253698  0.42928848]
2.536732000005972	[ 0.46874687 -0.48255929  0.42929757]
2.536733000005972	[ 0.46875684 -0.4825816   0.42930667]
2.536734000005972	[ 0.46876682 -0.48260393  0.42931577]
2.5367350000059723	[ 0.46877681 -0.48262626  0.42932487]
2.5367360000059724	[ 0.46878679 -0.48264859  0.42933397]
2.5367370000059726	[ 0.46879678 -0.48267093  0.42934308]
2.5367380000059727	[ 0.46880677 -0.48269327  0.42935218]
2.536739000005973	[ 0.46881676 -0.48271561  0.42936129]
2.536740000005973	[ 0.46882675 -0.48273795  0.4293704 ]
2.536741000005973	[ 0.46883674 -0.48276028  0.42937951]
2.5367420000059733	[ 0.46884673 -0.48278261  0.42938861]
2.5367430000059734	[ 0.46885672 -0.48280494  0.42939772]
2.5367440000059736	[ 0.46886671 -0.48282726  0.42940683]
2.5367450000059737	[ 0.4688767  -0.48284958  0.42941594]
2.536746000005974	[ 0.46888668 -0.4828719   0.42942504]
2.536747000005974	[ 0.46889667 -0.48289422  0.42943415]
2.536748000005974	[ 0.46890666 -0.48291655  0.42944325]
2.5367490000059743	[ 0.46891664 -0.48293887  0.42945235]
2.5367500000059744	[ 0.46892663 -0.48296121  0.42946146]
2.5367510000059745	[ 0.46893661 -0.48298354  0.42947056]
2.5367520000059747	[ 0.4689466  -0.48300588  0.42947966]
2.536753000005975	[ 0.46895659 -0.48302822  0.42948877]
2.536754000005975	[ 0.46896658 -0.48305056  0.42949788]
2.536755000005975	[ 0.46897658 -0.48307291  0.429507  ]
2.5367560000059752	[ 0.46898658 -0.48309526  0.42951611]
2.5367570000059754	[ 0.46899659 -0.48311761  0.42952524]
2.5367580000059755	[ 0.46900661 -0.48313997  0.42953437]
2.5367590000059757	[ 0.46901663 -0.48316232  0.42954351]
2.536760000005976	[ 0.46902666 -0.48318469  0.42955266]
2.536761000005976	[ 0.4690367  -0.48320706  0.42956181]
2.536762000005976	[ 0.46904675 -0.48322944  0.42957097]
2.536763000005976	[ 0.4690568  -0.48325183  0.42958013]
2.5367640000059763	[ 0.46906686 -0.48327423  0.42958931]
2.5367650000059765	[ 0.46907693 -0.48329663  0.42959848]
2.5367660000059766	[ 0.469087   -0.48331905  0.42960766]
2.5367670000059768	[ 0.46909707 -0.48334148  0.42961684]
2.536768000005977	[ 0.46910714 -0.48336392  0.42962603]
2.536769000005977	[ 0.46911721 -0.48338636  0.42963521]
2.536770000005977	[ 0.46912729 -0.4834088   0.42964439]
2.5367710000059773	[ 0.46913736 -0.48343124  0.42965358]
2.5367720000059775	[ 0.46914744 -0.48345367  0.42966276]
2.5367730000059776	[ 0.46915751 -0.4834761   0.42967194]
2.5367740000059777	[ 0.46916758 -0.48349853  0.42968113]
2.536775000005978	[ 0.46917765 -0.48352095  0.42969031]
2.536776000005978	[ 0.46918772 -0.48354337  0.42969949]
2.536777000005978	[ 0.46919778 -0.48356578  0.42970867]
2.5367780000059783	[ 0.46920785 -0.4835882   0.42971784]
2.5367790000059784	[ 0.46921792 -0.48361061  0.42972702]
2.5367800000059786	[ 0.46922798 -0.48363303  0.4297362 ]
2.5367810000059787	[ 0.46923804 -0.48365545  0.42974537]
2.536782000005979	[ 0.46924811 -0.48367787  0.42975454]
2.536783000005979	[ 0.46925817 -0.48370031  0.42976372]
2.536784000005979	[ 0.46926823 -0.48372275  0.42977289]
2.5367850000059793	[ 0.46927829 -0.4837452   0.42978206]
2.5367860000059794	[ 0.46928835 -0.48376765  0.42979123]
2.5367870000059796	[ 0.46929841 -0.48379011  0.42980041]
2.5367880000059797	[ 0.46930847 -0.48381257  0.42980958]
2.53678900000598	[ 0.46931854 -0.48383502  0.42981876]
2.53679000000598	[ 0.46932861 -0.48385748  0.42982794]
2.53679100000598	[ 0.46933868 -0.48387993  0.42983712]
2.5367920000059803	[ 0.46934876 -0.48390237  0.42984631]
2.5367930000059804	[ 0.46935885 -0.48392482  0.42985551]
2.5367940000059805	[ 0.46936894 -0.48394726  0.42986471]
2.5367950000059807	[ 0.46937904 -0.4839697   0.42987392]
2.536796000005981	[ 0.46938915 -0.48399215  0.42988313]
2.536797000005981	[ 0.46939926 -0.4840146   0.42989236]
2.536798000005981	[ 0.46940938 -0.48403706  0.42990158]
2.5367990000059812	[ 0.4694195  -0.48405953  0.42991081]
2.5368000000059814	[ 0.46942963 -0.48408201  0.42992004]
2.5368010000059815	[ 0.46943975 -0.48410449  0.42992927]
2.5368020000059817	[ 0.46944988 -0.484127    0.42993851]
2.536803000005982	[ 0.46946    -0.4841495   0.42994774]
2.536804000005982	[ 0.46947012 -0.48417202  0.42995696]
2.536805000005982	[ 0.46948024 -0.48419453  0.42996619]
2.536806000005982	[ 0.46949035 -0.48421705  0.4299754 ]
2.5368070000059824	[ 0.46950045 -0.48423957  0.42998462]
2.5368080000059825	[ 0.46951055 -0.48426209  0.42999382]
2.5368090000059826	[ 0.46952064 -0.4842846   0.43000302]
2.536810000005983	[ 0.46953073 -0.4843071   0.43001222]
2.536811000005983	[ 0.46954081 -0.4843296   0.43002141]
2.536812000005983	[ 0.46955089 -0.4843521   0.4300306 ]
2.536813000005983	[ 0.46956097 -0.48437459  0.43003979]
2.5368140000059833	[ 0.46957104 -0.48439708  0.43004897]
2.5368150000059835	[ 0.46958111 -0.48441958  0.43005816]
2.5368160000059836	[ 0.46959119 -0.48444207  0.43006734]
2.5368170000059838	[ 0.46960126 -0.48446458  0.43007653]
2.536818000005984	[ 0.46961134 -0.48448709  0.43008572]
2.536819000005984	[ 0.46962143 -0.48450962  0.43009492]
2.536820000005984	[ 0.46963152 -0.48453215  0.43010411]
2.5368210000059843	[ 0.46964161 -0.48455469  0.43011332]
2.5368220000059845	[ 0.46965171 -0.48457724  0.43012253]
2.5368230000059846	[ 0.46966182 -0.4845998   0.43013174]
2.5368240000059847	[ 0.46967194 -0.48462237  0.43014097]
2.536825000005985	[ 0.46968206 -0.48464495  0.43015019]
2.536826000005985	[ 0.46969218 -0.48466753  0.43015943]
2.536827000005985	[ 0.46970232 -0.48469011  0.43016866]
2.5368280000059853	[ 0.46971245 -0.4847127   0.4301779 ]
2.5368290000059854	[ 0.46972259 -0.48473529  0.43018715]
2.5368300000059856	[ 0.46973273 -0.48475789  0.43019639]
2.5368310000059857	[ 0.46974286 -0.48478048  0.43020563]
2.536832000005986	[ 0.469753   -0.48480308  0.43021488]
2.536833000005986	[ 0.46976313 -0.48482568  0.43022411]
2.536834000005986	[ 0.46977326 -0.48484827  0.43023335]
2.5368350000059863	[ 0.46978338 -0.48487086  0.43024258]
2.5368360000059864	[ 0.4697935  -0.48489345  0.4302518 ]
2.5368370000059866	[ 0.46980361 -0.48491604  0.43026102]
2.5368380000059867	[ 0.46981372 -0.48493862  0.43027024]
2.536839000005987	[ 0.46982382 -0.48496119  0.43027945]
2.536840000005987	[ 0.46983391 -0.48498375  0.43028865]
2.536841000005987	[ 0.46984401 -0.48500631  0.43029785]
2.5368420000059873	[ 0.4698541  -0.48502886  0.43030705]
2.5368430000059874	[ 0.46986419 -0.4850514   0.43031625]
2.5368440000059875	[ 0.46987428 -0.48507394  0.43032545]
2.5368450000059877	[ 0.46988437 -0.48509648  0.43033465]
2.536846000005988	[ 0.46989446 -0.48511902  0.43034385]
2.536847000005988	[ 0.46990455 -0.48514157  0.43035305]
2.536848000005988	[ 0.46991464 -0.48516413  0.43036226]
2.5368490000059882	[ 0.46992474 -0.48518669  0.43037146]
2.5368500000059884	[ 0.46993484 -0.48520927  0.43038067]
2.5368510000059885	[ 0.46994494 -0.48523187  0.43038988]
2.5368520000059886	[ 0.46995504 -0.48525447  0.43039909]
2.536853000005989	[ 0.46996515 -0.4852771   0.4304083 ]
2.536854000005989	[ 0.46997525 -0.48529973  0.43041752]
2.536855000005989	[ 0.46998537 -0.48532238  0.43042674]
2.536856000005989	[ 0.46999548 -0.48534503  0.43043596]
2.5368570000059893	[ 0.4700056  -0.48536769  0.43044519]
2.5368580000059895	[ 0.47001572 -0.48539036  0.43045442]
2.5368590000059896	[ 0.47002585 -0.48541303  0.43046365]
2.5368600000059898	[ 0.47003598 -0.4854357   0.43047289]
2.53686100000599	[ 0.47004612 -0.48545838  0.43048213]
2.53686200000599	[ 0.47005626 -0.48548105  0.43049138]
2.53686300000599	[ 0.47006641 -0.48550373  0.43050063]
2.5368640000059903	[ 0.47007655 -0.4855264   0.43050989]
2.5368650000059905	[ 0.4700867  -0.48554908  0.43051914]
2.5368660000059906	[ 0.47009686 -0.48557175  0.4305284 ]
2.5368670000059907	[ 0.47010701 -0.48559443  0.43053765]
2.536868000005991	[ 0.47011716 -0.4856171   0.43054691]
2.536869000005991	[ 0.47012731 -0.48563978  0.43055616]
2.536870000005991	[ 0.47013745 -0.48566245  0.43056541]
2.5368710000059913	[ 0.47014759 -0.48568512  0.43057466]
2.5368720000059914	[ 0.47015773 -0.48570779  0.4305839 ]
2.5368730000059916	[ 0.47016601 -0.48573201  0.43059157]
2.5368740000059917	[ 0.47017852 -0.48575364  0.43060292]
2.536875000005992	[ 0.47018857 -0.48577627  0.43061209]
2.536876000005992	[ 0.47019864 -0.48579892  0.43062126]
2.536877000005992	[ 0.47020871 -0.48582158  0.43063044]
2.5368780000059923	[ 0.47021878 -0.48584422  0.43063963]
2.5368790000059924	[ 0.47022886 -0.48586686  0.43064881]
2.5368800000059926	[ 0.47023894 -0.48588951  0.43065801]
2.5368810000059927	[ 0.47024903 -0.48591216  0.43066721]
2.536882000005993	[ 0.47025913 -0.48593482  0.43067642]
2.536883000005993	[ 0.47026924 -0.48595749  0.43068564]
2.536884000005993	[ 0.47027936 -0.48598018  0.43069486]
2.5368850000059933	[ 0.47028949 -0.48600287  0.4307041 ]
2.5368860000059934	[ 0.47029962 -0.48602558  0.43071334]
2.5368870000059935	[ 0.47030977 -0.4860483   0.43072259]
2.5368880000059937	[ 0.47031992 -0.48607103  0.43073185]
2.536889000005994	[ 0.47033008 -0.48609376  0.43074111]
2.536890000005994	[ 0.47034025 -0.4861165   0.43075038]
2.536891000005994	[ 0.47035043 -0.48613923  0.43075966]
2.5368920000059942	[ 0.47036061 -0.48616196  0.43076894]
2.5368930000059944	[ 0.47037079 -0.48618469  0.43077823]
2.5368940000059945	[ 0.47038098 -0.48620741  0.43078752]
2.5368950000059947	[ 0.47039117 -0.48623013  0.43079681]
2.536896000005995	[ 0.47040137 -0.48625285  0.43080611]
2.536897000005995	[ 0.47041157 -0.48627556  0.43081541]
2.536898000005995	[ 0.47042175 -0.48629828  0.43082469]
2.536899000005995	[ 0.47043194 -0.486321    0.43083398]
2.5369000000059954	[ 0.47044212 -0.48634372  0.43084327]
2.5369010000059955	[ 0.4704523  -0.48636644  0.43085255]
2.5369020000059956	[ 0.47046248 -0.48638917  0.43086183]
2.536903000005996	[ 0.47047264 -0.48641191  0.4308711 ]
2.536904000005996	[ 0.4704828  -0.48643464  0.43088036]
2.536905000005996	[ 0.47049295 -0.48645738  0.43088962]
2.536906000005996	[ 0.4705031  -0.48648011  0.43089887]
2.5369070000059963	[ 0.47051323 -0.48650284  0.43090811]
2.5369080000059965	[ 0.47052337 -0.48652556  0.43091735]
2.5369090000059966	[ 0.4705335  -0.48654826  0.43092659]
2.5369100000059968	[ 0.47054364 -0.48657096  0.43093583]
2.536911000005997	[ 0.47055377 -0.48659366  0.43094508]
2.536912000005997	[ 0.47056391 -0.48661634  0.43095432]
2.536913000005997	[ 0.47057406 -0.48663902  0.43096357]
2.5369140000059973	[ 0.47058421 -0.4866617   0.43097283]
2.5369150000059975	[ 0.47059437 -0.48668439  0.43098209]
2.5369160000059976	[ 0.47060453 -0.48670708  0.43099136]
2.5369170000059977	[ 0.47061471 -0.48672977  0.43100064]
2.536918000005998	[ 0.47062489 -0.48675248  0.43100992]
2.536919000005998	[ 0.47063508 -0.48677521  0.43101921]
2.536920000005998	[ 0.47064527 -0.48679794  0.4310285 ]
2.5369210000059983	[ 0.47065547 -0.48682069  0.4310378 ]
2.5369220000059984	[ 0.47066567 -0.48684344  0.4310471 ]
2.5369230000059986	[ 0.47067587 -0.48686621  0.43105641]
2.5369240000059987	[ 0.47068608 -0.48688898  0.43106572]
2.536925000005999	[ 0.4706963  -0.48691175  0.43107503]
2.536926000005999	[ 0.47070651 -0.48693452  0.43108434]
2.536927000005999	[ 0.47071673 -0.48695728  0.43109366]
2.5369280000059993	[ 0.47072695 -0.48698004  0.43110298]
2.5369290000059994	[ 0.47073717 -0.4870028   0.4311123 ]
2.5369300000059996	[ 0.47074739 -0.48702556  0.43112162]
2.5369310000059997	[ 0.47075762 -0.48704831  0.43113095]
2.536932000006	[ 0.47076785 -0.48707106  0.43114027]
2.536933000006	[ 0.47077807 -0.48709382  0.4311496 ]
2.536934000006	[ 0.4707883  -0.48711657  0.43115893]
2.5369350000060003	[ 0.47079853 -0.48713933  0.43116825]
2.5369360000060004	[ 0.47080875 -0.4871621   0.43117758]
2.5369370000060005	[ 0.47081898 -0.48718487  0.4311869 ]
2.5369380000060007	[ 0.47082919 -0.48720764  0.43119622]
2.536939000006001	[ 0.47083941 -0.48723041  0.43120553]
2.536940000006001	[ 0.47084962 -0.48725318  0.43121484]
2.536941000006001	[ 0.47085982 -0.48727595  0.43122414]
2.5369420000060012	[ 0.47087002 -0.48729873  0.43123345]
2.5369430000060014	[ 0.47088022 -0.48732148  0.43124275]
2.5369440000060015	[ 0.47089041 -0.48734423  0.43125204]
2.5369450000060016	[ 0.47090061 -0.48736697  0.43126133]
2.536946000006002	[ 0.4709108  -0.48738971  0.43127062]
2.536947000006002	[ 0.47092099 -0.48741245  0.43127992]
2.536948000006002	[ 0.47093118 -0.48743518  0.43128921]
2.536949000006002	[ 0.47094137 -0.48745791  0.43129851]
2.5369500000060023	[ 0.47095157 -0.48748064  0.4313078 ]
2.5369510000060025	[ 0.47096177 -0.48750338  0.4313171 ]
2.5369520000060026	[ 0.47097197 -0.48752613  0.43132641]
2.5369530000060028	[ 0.47098218 -0.48754889  0.43133572]
2.536954000006003	[ 0.4709924  -0.48757165  0.43134503]
2.536955000006003	[ 0.47100261 -0.48759444  0.43135435]
2.536956000006003	[ 0.47101284 -0.48761723  0.43136368]
2.5369570000060033	[ 0.47102307 -0.48764003  0.431373  ]
2.5369580000060035	[ 0.4710333  -0.48766284  0.43138234]
2.5369590000060036	[ 0.47104354 -0.48768566  0.43139167]
2.5369600000060037	[ 0.47105378 -0.48770849  0.43140101]
2.536961000006004	[ 0.47106403 -0.48773132  0.43141036]
2.536962000006004	[ 0.47107428 -0.48775415  0.4314197 ]
2.536963000006004	[ 0.47108453 -0.48777698  0.43142905]
2.5369640000060043	[ 0.47109479 -0.48779982  0.4314384 ]
2.5369650000060044	[ 0.47110504 -0.48782265  0.43144775]
2.5369660000060046	[ 0.4711153  -0.48784549  0.43145711]
2.5369670000060047	[ 0.47112555 -0.48786833  0.43146646]
2.536968000006005	[ 0.4711358  -0.48789116  0.43147581]
2.536969000006005	[ 0.47114605 -0.487914    0.43148515]
2.536970000006005	[ 0.4711563  -0.48793684  0.4314945 ]
2.5369710000060053	[ 0.47116654 -0.48795969  0.43150384]
2.5369720000060054	[ 0.47117678 -0.48798253  0.43151317]
2.5369730000060056	[ 0.47118702 -0.48800537  0.4315225 ]
2.5369740000060057	[ 0.47119725 -0.48802821  0.43153183]
2.536975000006006	[ 0.47120747 -0.48805105  0.43154116]
2.536976000006006	[ 0.4712177  -0.48807389  0.43155049]
2.536977000006006	[ 0.47122793 -0.48809673  0.43155981]
2.5369780000060063	[ 0.47123815 -0.48811957  0.43156913]
2.5369790000060064	[ 0.47124838 -0.4881424   0.43157846]
2.5369800000060065	[ 0.4712586  -0.48816523  0.43158779]
2.5369810000060067	[ 0.47126883 -0.48818807  0.43159711]
2.536982000006007	[ 0.47127907 -0.48821091  0.43160645]
2.536983000006007	[ 0.47128931 -0.48823376  0.43161578]
2.536984000006007	[ 0.47129955 -0.48825661  0.43162512]
2.5369850000060072	[ 0.4713098  -0.48827947  0.43163447]
2.5369860000060074	[ 0.47132005 -0.48830234  0.43164382]
2.5369870000060075	[ 0.47133031 -0.48832521  0.43165317]
2.5369880000060077	[ 0.47134057 -0.4883481   0.43166253]
2.536989000006008	[ 0.47135084 -0.48837099  0.43167189]
2.536990000006008	[ 0.47136111 -0.48839388  0.43168126]
2.536991000006008	[ 0.47137138 -0.48841678  0.43169063]
2.536992000006008	[ 0.47138166 -0.48843967  0.4317    ]
2.5369930000060084	[ 0.47139194 -0.48846257  0.43170938]
2.5369940000060085	[ 0.47140222 -0.48848547  0.43171875]
2.5369950000060086	[ 0.47141251 -0.48850837  0.43172814]
2.5369960000060088	[ 0.4714228  -0.48853126  0.43173752]
2.536997000006009	[ 0.4714331  -0.48855416  0.43174691]
2.536998000006009	[ 0.4714434  -0.48857706  0.4317563 ]
2.536999000006009	[ 0.47145369 -0.48859997  0.43176569]
2.5370000000060093	[ 0.47146399 -0.48862288  0.43177508]
2.5370010000060095	[ 0.4714743  -0.48864579  0.43178448]
2.5370020000060096	[ 0.4714846  -0.48866872  0.43179387]
2.5370030000060098	[ 0.4714949  -0.48869165  0.43180326]
2.53700400000601	[ 0.4715052  -0.48871459  0.43181266]
2.53700500000601	[ 0.47151549 -0.48873754  0.43182205]
2.53700600000601	[ 0.47152579 -0.4887605   0.43183143]
2.5370070000060103	[ 0.47153608 -0.48878346  0.43184082]
2.5370080000060105	[ 0.47154637 -0.48880642  0.43185021]
2.5370090000060106	[ 0.47155666 -0.48882938  0.43185959]
2.5370100000060107	[ 0.47156695 -0.48885234  0.43186897]
2.537011000006011	[ 0.47157724 -0.48887529  0.43187835]
2.537012000006011	[ 0.47158752 -0.48889824  0.43188773]
2.537013000006011	[ 0.47159781 -0.48892119  0.43189712]
2.5370140000060113	[ 0.47160811 -0.48894413  0.4319065 ]
2.5370150000060114	[ 0.4716184  -0.48896707  0.43191589]
2.5370160000060116	[ 0.4716287  -0.48899001  0.43192528]
2.5370170000060117	[ 0.471639   -0.48901295  0.43193468]
2.537018000006012	[ 0.47164931 -0.4890359   0.43194408]
2.537019000006012	[ 0.47165962 -0.48905885  0.43195348]
2.537020000006012	[ 0.47166993 -0.48908181  0.43196289]
2.5370210000060123	[ 0.47168025 -0.48910478  0.4319723 ]
2.5370220000060124	[ 0.47169058 -0.48912776  0.43198171]
2.5370230000060126	[ 0.47170091 -0.48915074  0.43199113]
2.5370240000060127	[ 0.47171124 -0.48917374  0.43200055]
2.537025000006013	[ 0.47172157 -0.48919674  0.43200998]
2.537026000006013	[ 0.47173191 -0.48921975  0.4320194 ]
2.537027000006013	[ 0.47174224 -0.48924276  0.43202883]
2.5370280000060133	[ 0.47175258 -0.48926578  0.43203826]
2.5370290000060134	[ 0.47176292 -0.4892888   0.43204768]
2.5370300000060135	[ 0.47177326 -0.48931182  0.43205711]
2.5370310000060137	[ 0.47178359 -0.48933484  0.43206654]
2.537032000006014	[ 0.47179393 -0.48935786  0.43207596]
2.537033000006014	[ 0.47180426 -0.48938088  0.43208539]
2.537034000006014	[ 0.47181459 -0.4894039   0.43209481]
2.5370350000060142	[ 0.47182492 -0.48942692  0.43210423]
2.5370360000060144	[ 0.47183525 -0.48944995  0.43211365]
2.5370370000060145	[ 0.47184558 -0.48947297  0.43212307]
2.5370380000060146	[ 0.47185591 -0.489496    0.43213249]
2.537039000006015	[ 0.47186624 -0.48951902  0.43214191]
2.537040000006015	[ 0.47187657 -0.48954205  0.43215133]
2.537041000006015	[ 0.47188689 -0.48956507  0.43216075]
2.537042000006015	[ 0.47189723 -0.4895881   0.43217017]
2.5370430000060153	[ 0.47190756 -0.48961113  0.43217959]
2.5370440000060155	[ 0.4719179  -0.48963415  0.43218902]
2.5370450000060156	[ 0.47192824 -0.48965717  0.43219845]
2.5370460000060158	[ 0.47193858 -0.4896802   0.43220788]
2.537047000006016	[ 0.47194893 -0.48970322  0.43221732]
2.537048000006016	[ 0.47195929 -0.48972624  0.43222677]
2.537049000006016	[ 0.47196965 -0.48974927  0.43223621]
2.5370500000060163	[ 0.47198001 -0.4897723   0.43224567]
2.5370510000060165	[ 0.47199038 -0.48979533  0.43225512]
2.5370520000060166	[ 0.47200076 -0.48981836  0.43226459]
2.5370530000060167	[ 0.47201113 -0.4898414   0.43227405]
2.537054000006017	[ 0.47202151 -0.48986445  0.43228351]
2.537055000006017	[ 0.47203189 -0.4898875   0.43229298]
2.537056000006017	[ 0.47204227 -0.48991056  0.43230244]
2.5370570000060173	[ 0.47205265 -0.48993362  0.43231191]
2.5370580000060174	[ 0.47206302 -0.48995668  0.43232137]
2.5370590000060176	[ 0.47207339 -0.48997975  0.43233083]
2.5370600000060177	[ 0.47208376 -0.49000281  0.43234029]
2.537061000006018	[ 0.47209412 -0.49002588  0.43234974]
2.537062000006018	[ 0.47210448 -0.49004894  0.43235919]
2.537063000006018	[ 0.47211484 -0.49007201  0.43236863]
2.5370640000060183	[ 0.47212519 -0.49009507  0.43237807]
2.5370650000060184	[ 0.47213554 -0.49011813  0.43238751]
2.5370660000060186	[ 0.47214588 -0.4901412   0.43239694]
2.5370670000060187	[ 0.47215622 -0.49016427  0.43240637]
2.537068000006019	[ 0.47216656 -0.49018735  0.4324158 ]
2.537069000006019	[ 0.4721769  -0.49021045  0.43242522]
2.537070000006019	[ 0.47218723 -0.49023352  0.43243465]
2.5370710000060193	[ 0.47219756 -0.49025662  0.43244407]
2.5370720000060194	[ 0.47220789 -0.49027972  0.43245349]
2.5370730000060195	[ 0.47221822 -0.49030283  0.43246291]
2.5370740000060197	[ 0.47222855 -0.49032594  0.43247233]
2.53707500000602	[ 0.47223888 -0.49034905  0.43248176]
2.53707600000602	[ 0.47224922 -0.49037218  0.43249118]
2.53707700000602	[ 0.47225956 -0.49039531  0.43250061]
2.5370780000060202	[ 0.47226989 -0.49041841  0.43251004]
2.5370790000060204	[ 0.47228024 -0.49044153  0.43251947]
2.5370800000060205	[ 0.47229058 -0.49046464  0.4325289 ]
2.5370810000060207	[ 0.47230092 -0.49048775  0.43253834]
2.537082000006021	[ 0.47231127 -0.49051085  0.43254777]
2.537083000006021	[ 0.47232163 -0.49053396  0.43255722]
2.537084000006021	[ 0.47233198 -0.49055706  0.43256666]
2.537085000006021	[ 0.47234234 -0.49058016  0.4325761 ]
2.5370860000060214	[ 0.4723527  -0.49060326  0.43258555]
2.5370870000060215	[ 0.47236306 -0.49062637  0.432595  ]
2.5370880000060216	[ 0.47237342 -0.49064948  0.43260445]
2.5370890000060218	[ 0.47238378 -0.49067259  0.4326139 ]
2.537090000006022	[ 0.47239415 -0.4906957   0.43262336]
2.537091000006022	[ 0.47240451 -0.49071882  0.43263281]
2.537092000006022	[ 0.47241487 -0.49074194  0.43264226]
2.5370930000060223	[ 0.47242524 -0.49076506  0.43265171]
2.5370940000060225	[ 0.4724356  -0.49078819  0.43266116]
2.5370950000060226	[ 0.47244597 -0.49081131  0.43267062]
2.5370960000060228	[ 0.47245633 -0.49083444  0.43268007]
2.537097000006023	[ 0.4724667  -0.49085757  0.43268952]
2.537098000006023	[ 0.47247706 -0.4908807   0.43269897]
2.537099000006023	[ 0.47248743 -0.49090383  0.43270843]
2.5371000000060233	[ 0.47249779 -0.49092697  0.43271788]
2.5371010000060235	[ 0.47250816 -0.4909501   0.43272733]
2.5371020000060236	[ 0.47251852 -0.49097324  0.43273679]
2.5371030000060237	[ 0.47252889 -0.49099639  0.43274624]
2.537104000006024	[ 0.47253925 -0.49101953  0.43275569]
2.537105000006024	[ 0.47254962 -0.49104269  0.43276515]
2.537106000006024	[ 0.47255998 -0.49106584  0.4327746 ]
2.5371070000060243	[ 0.47257034 -0.49108901  0.43278405]
2.5371080000060244	[ 0.4725807  -0.49111217  0.4327935 ]
2.5371090000060246	[ 0.47259107 -0.49113534  0.43280295]
2.5371100000060247	[ 0.47260143 -0.49115852  0.4328124 ]
2.537111000006025	[ 0.47261179 -0.4911817   0.43282185]
2.537112000006025	[ 0.47262215 -0.49120488  0.4328313 ]
2.537113000006025	[ 0.47263252 -0.49122806  0.43284075]
2.5371140000060253	[ 0.47264288 -0.49125125  0.43285021]
2.5371150000060254	[ 0.47265325 -0.49127444  0.43285966]
2.5371160000060256	[ 0.47266362 -0.49129763  0.43286912]
2.5371170000060257	[ 0.472674   -0.49132083  0.43287859]
2.537118000006026	[ 0.47268438 -0.49134403  0.43288805]
2.537119000006026	[ 0.47269476 -0.49136724  0.43289752]
2.537120000006026	[ 0.47270514 -0.49139045  0.43290699]
2.5371210000060263	[ 0.47271552 -0.49141366  0.43291646]
2.5371220000060264	[ 0.47272591 -0.49143688  0.43292593]
2.5371230000060265	[ 0.47273629 -0.49146009  0.4329354 ]
2.5371240000060267	[ 0.47274667 -0.49148331  0.43294487]
2.537125000006027	[ 0.47275706 -0.49150652  0.43295434]
2.537126000006027	[ 0.47276744 -0.49152973  0.43296381]
2.537127000006027	[ 0.47277782 -0.49155293  0.43297327]
2.5371280000060272	[ 0.4727882  -0.49157614  0.43298274]
2.5371290000060274	[ 0.47279858 -0.49159933  0.4329922 ]
2.5371300000060275	[ 0.47280895 -0.49162252  0.43300167]
2.5371310000060276	[ 0.47281933 -0.49164571  0.43301113]
2.537132000006028	[ 0.47282971 -0.49166889  0.4330206 ]
2.537133000006028	[ 0.47284009 -0.49169207  0.43303006]
2.537134000006028	[ 0.47285047 -0.49171526  0.43303953]
2.537135000006028	[ 0.47286085 -0.49173844  0.433049  ]
2.5371360000060283	[ 0.47287124 -0.49176163  0.43305848]
2.5371370000060285	[ 0.47288163 -0.49178483  0.43306796]
2.5371380000060286	[ 0.47289203 -0.49180804  0.43307744]
2.5371390000060288	[ 0.47290243 -0.49183126  0.43308692]
2.537140000006029	[ 0.47291284 -0.49185448  0.43309641]
2.537141000006029	[ 0.47292324 -0.49187771  0.43310591]
2.537142000006029	[ 0.47293366 -0.49190095  0.4331154 ]
2.5371430000060293	[ 0.47294407 -0.49192419  0.4331249 ]
2.5371440000060295	[ 0.47295449 -0.49194743  0.4331344 ]
2.5371450000060296	[ 0.47296491 -0.49197068  0.43314391]
2.5371460000060297	[ 0.47297533 -0.49199392  0.43315341]
2.53714700000603	[ 0.47298575 -0.49201717  0.43316292]
2.53714800000603	[ 0.47299618 -0.49204041  0.43317243]
2.53714900000603	[ 0.47300661 -0.49206364  0.43318194]
2.5371500000060303	[ 0.47301704 -0.49208687  0.43319145]
2.5371510000060304	[ 0.47302747 -0.49211011  0.43320097]
2.5371520000060306	[ 0.47303791 -0.49213334  0.43321049]
2.5371530000060307	[ 0.47304835 -0.49215658  0.43322001]
2.537154000006031	[ 0.47305879 -0.49217982  0.43322953]
2.537155000006031	[ 0.47306923 -0.49220306  0.43323906]
2.537156000006031	[ 0.47307968 -0.49222632  0.43324858]
2.5371570000060313	[ 0.47309012 -0.49224958  0.43325811]
2.5371580000060314	[ 0.47310057 -0.49227286  0.43326764]
2.5371590000060316	[ 0.47311101 -0.49229614  0.43327716]
2.5371600000060317	[ 0.47312146 -0.49231943  0.43328669]
2.537161000006032	[ 0.4731319  -0.49234273  0.43329621]
2.537162000006032	[ 0.47314233 -0.49236603  0.43330573]
2.537163000006032	[ 0.47315277 -0.49238934  0.43331525]
2.5371640000060323	[ 0.4731632  -0.49241264  0.43332476]
2.5371650000060324	[ 0.47317363 -0.49243594  0.43333428]
2.5371660000060325	[ 0.47318406 -0.49245924  0.43334379]
2.5371670000060327	[ 0.47319449 -0.49248253  0.4333533 ]
2.537168000006033	[ 0.47320492 -0.49250582  0.43336281]
2.537169000006033	[ 0.47321535 -0.4925291   0.43337232]
2.537170000006033	[ 0.47322578 -0.49255238  0.43338184]
2.5371710000060332	[ 0.47323622 -0.49257565  0.43339136]
2.5371720000060334	[ 0.47324666 -0.49259893  0.43340088]
2.5371730000060335	[ 0.47325711 -0.4926222   0.43341041]
2.5371740000060337	[ 0.47326756 -0.49264549  0.43341995]
2.537175000006034	[ 0.47327802 -0.49266877  0.43342948]
2.537176000006034	[ 0.47328848 -0.49269207  0.43343903]
2.537177000006034	[ 0.47329895 -0.49271537  0.43344857]
2.537178000006034	[ 0.47330942 -0.49273868  0.43345812]
2.5371790000060344	[ 0.47331989 -0.492762    0.43346768]
2.5371800000060345	[ 0.47333036 -0.49278533  0.43347723]
2.5371810000060346	[ 0.47334084 -0.49280866  0.43348679]
2.5371820000060348	[ 0.47335132 -0.492832    0.43349634]
2.537183000006035	[ 0.47336179 -0.49285534  0.4335059 ]
2.537184000006035	[ 0.47337227 -0.49287868  0.43351545]
2.537185000006035	[ 0.47338275 -0.49290202  0.43352501]
2.5371860000060353	[ 0.47339322 -0.49292536  0.43353456]
2.5371870000060355	[ 0.4734037  -0.49294869  0.43354412]
2.5371880000060356	[ 0.47341417 -0.49297203  0.43355367]
2.5371890000060358	[ 0.47342464 -0.49299535  0.43356323]
2.537190000006036	[ 0.47343512 -0.49301868  0.43357278]
2.537191000006036	[ 0.4734456  -0.493042    0.43358234]
2.537192000006036	[ 0.47345607 -0.49306533  0.43359189]
2.5371930000060363	[ 0.47346655 -0.49308865  0.43360145]
2.5371940000060365	[ 0.47347703 -0.49311198  0.43361101]
2.5371950000060366	[ 0.47348751 -0.4931353   0.43362057]
2.5371960000060367	[ 0.473498   -0.49315864  0.43363013]
2.537197000006037	[ 0.47350848 -0.49318197  0.43363969]
2.537198000006037	[ 0.47351897 -0.49320532  0.43364926]
2.537199000006037	[ 0.47352945 -0.49322866  0.43365882]
2.5372000000060373	[ 0.47353994 -0.49325202  0.43366839]
2.5372010000060374	[ 0.47355044 -0.49327538  0.43367796]
2.5372020000060376	[ 0.47356093 -0.49329874  0.43368753]
2.5372030000060377	[ 0.47357143 -0.49332211  0.43369711]
2.537204000006038	[ 0.47358192 -0.49334549  0.43370668]
2.537205000006038	[ 0.47359242 -0.49336887  0.43371626]
2.537206000006038	[ 0.47360293 -0.49339226  0.43372584]
2.5372070000060383	[ 0.47361343 -0.49341566  0.43373542]
2.5372080000060384	[ 0.47362394 -0.49343906  0.433745  ]
2.5372090000060386	[ 0.47363444 -0.49346247  0.43375459]
2.5372100000060387	[ 0.47364495 -0.49348589  0.43376417]
2.537211000006039	[ 0.47365546 -0.49350931  0.43377376]
2.537212000006039	[ 0.47366597 -0.49353273  0.43378334]
2.537213000006039	[ 0.47367648 -0.49355616  0.43379293]
2.5372140000060392	[ 0.47368698 -0.49357958  0.43380251]
2.5372150000060394	[ 0.47369749 -0.49360301  0.43381209]
2.5372160000060395	[ 0.47370799 -0.49362644  0.43382167]
2.5372170000060397	[ 0.47371849 -0.49364986  0.43383125]
2.53721800000604	[ 0.473729   -0.49367328  0.43384083]
2.53721900000604	[ 0.47373949 -0.4936967   0.43385041]
2.53722000000604	[ 0.47374999 -0.49372012  0.43385998]
2.5372210000060402	[ 0.47376049 -0.49374352  0.43386956]
2.5372220000060404	[ 0.47377099 -0.49376693  0.43387914]
2.5372230000060405	[ 0.47378149 -0.49379034  0.43388871]
2.5372240000060406	[ 0.47379199 -0.49381374  0.43389829]
2.537225000006041	[ 0.47380249 -0.49383715  0.43390787]
2.537226000006041	[ 0.473813   -0.49386056  0.43391746]
2.537227000006041	[ 0.47382351 -0.49388397  0.43392704]
2.537228000006041	[ 0.47383402 -0.49390739  0.43393663]
2.5372290000060413	[ 0.47384454 -0.49393081  0.43394623]
2.5372300000060415	[ 0.47385507 -0.49395424  0.43395583]
2.5372310000060416	[ 0.4738656  -0.49397768  0.43396543]
2.5372320000060418	[ 0.47387613 -0.49400112  0.43397504]
2.537233000006042	[ 0.47388667 -0.49402458  0.43398466]
2.537234000006042	[ 0.47389722 -0.49404804  0.43399428]
2.537235000006042	[ 0.47390777 -0.49407151  0.4340039 ]
2.5372360000060423	[ 0.47391833 -0.49409498  0.43401354]
2.5372370000060425	[ 0.4739289  -0.49411846  0.43402317]
2.5372380000060426	[ 0.47393947 -0.49414195  0.43403282]
2.5372390000060427	[ 0.47395004 -0.49416544  0.43404246]
2.537240000006043	[ 0.47396062 -0.49418894  0.43405211]
2.537241000006043	[ 0.4739712  -0.49421244  0.43406176]
2.537242000006043	[ 0.47398177 -0.49423595  0.4340714 ]
2.5372430000060433	[ 0.47399235 -0.49425945  0.43408105]
2.5372440000060434	[ 0.47400292 -0.49428296  0.4340907 ]
2.5372450000060436	[ 0.47401349 -0.49430647  0.43410034]
2.5372460000060437	[ 0.47402406 -0.49432998  0.43410998]
2.537247000006044	[ 0.47403462 -0.49435349  0.43411961]
2.537248000006044	[ 0.47404517 -0.494377    0.43412924]
2.537249000006044	[ 0.47405573 -0.49440051  0.43413886]
2.5372500000060443	[ 0.47406627 -0.49442401  0.43414848]
2.5372510000060444	[ 0.47407681 -0.49444752  0.4341581 ]
2.5372520000060446	[ 0.47408736 -0.49447102  0.43416771]
2.5372530000060447	[ 0.4740979  -0.49449452  0.43417733]
2.537254000006045	[ 0.47410844 -0.49451802  0.43418694]
2.537255000006045	[ 0.47411898 -0.49454152  0.43419656]
2.537256000006045	[ 0.47412952 -0.49456503  0.43420617]
2.5372570000060453	[ 0.47414007 -0.49458854  0.43421579]
2.5372580000060454	[ 0.47415061 -0.49461205  0.43422542]
2.5372590000060455	[ 0.47416117 -0.49463558  0.43423504]
2.5372600000060457	[ 0.47417173 -0.49465911  0.43424467]
2.537261000006046	[ 0.47418229 -0.49468265  0.43425431]
2.537262000006046	[ 0.47419286 -0.49470619  0.43426395]
2.537263000006046	[ 0.47420343 -0.49472974  0.43427359]
2.5372640000060462	[ 0.474214   -0.4947533   0.43428324]
2.5372650000060464	[ 0.47422458 -0.49477686  0.43429289]
2.5372660000060465	[ 0.47423516 -0.49480043  0.43430254]
2.5372670000060467	[ 0.47424575 -0.49482399  0.43431219]
2.537268000006047	[ 0.47425633 -0.49484756  0.43432185]
2.537269000006047	[ 0.47426692 -0.49487112  0.43433151]
2.537270000006047	[ 0.47427752 -0.49489469  0.43434118]
2.537271000006047	[ 0.47428812 -0.49491825  0.43435084]
2.5372720000060474	[ 0.47429872 -0.49494181  0.43436051]
2.5372730000060475	[ 0.47430932 -0.49496538  0.43437019]
2.5372740000060476	[ 0.47431992 -0.49498894  0.43437986]
2.5372750000060478	[ 0.47433053 -0.4950125   0.43438953]
2.537276000006048	[ 0.47434113 -0.49503607  0.43439921]
2.537277000006048	[ 0.47435174 -0.49505964  0.43440888]
2.537278000006048	[ 0.47436234 -0.49508322  0.43441855]
2.5372790000060483	[ 0.47437294 -0.4951068   0.43442822]
2.5372800000060485	[ 0.47438353 -0.49513038  0.43443788]
2.5372810000060486	[ 0.47439412 -0.49515397  0.43444754]
2.5372820000060488	[ 0.47440471 -0.49517756  0.4344572 ]
2.537283000006049	[ 0.47441528 -0.49520115  0.43446685]
2.537284000006049	[ 0.47442586 -0.49522474  0.43447649]
2.537285000006049	[ 0.47443643 -0.49524834  0.43448614]
2.5372860000060493	[ 0.474447   -0.49527193  0.43449578]
2.5372870000060495	[ 0.47445757 -0.49529551  0.43450542]
2.5372880000060496	[ 0.47446814 -0.4953191   0.43451506]
2.5372890000060497	[ 0.47447872 -0.49534268  0.43452471]
2.53729000000605	[ 0.47448929 -0.49536626  0.43453436]
2.53729100000605	[ 0.47449987 -0.49538984  0.43454401]
2.53729200000605	[ 0.47451045 -0.49541342  0.43455366]
2.5372930000060503	[ 0.47452105 -0.49543701  0.43456333]
2.5372940000060504	[ 0.47453165 -0.4954606   0.43457299]
2.5372950000060506	[ 0.47454225 -0.4954842   0.43458267]
2.5372960000060507	[ 0.47455286 -0.4955078   0.43459235]
2.537297000006051	[ 0.47456348 -0.49553141  0.43460203]
2.537298000006051	[ 0.4745741  -0.49555503  0.43461172]
2.537299000006051	[ 0.47458472 -0.49557866  0.43462141]
2.5373000000060513	[ 0.47459535 -0.49560229  0.4346311 ]
2.5373010000060514	[ 0.47460598 -0.49562593  0.4346408 ]
2.5373020000060515	[ 0.4746166  -0.49564957  0.43465049]
2.5373030000060517	[ 0.47462723 -0.49567322  0.43466019]
2.537304000006052	[ 0.47463786 -0.49569687  0.43466988]
2.537305000006052	[ 0.47464848 -0.49572052  0.43467957]
2.537306000006052	[ 0.4746591  -0.49574417  0.43468926]
2.5373070000060522	[ 0.47466972 -0.49576782  0.43469894]
2.5373080000060524	[ 0.47468033 -0.49579147  0.43470862]
2.5373090000060525	[ 0.47469093 -0.49581512  0.4347183 ]
2.5373100000060527	[ 0.47470154 -0.49583877  0.43472797]
2.537311000006053	[ 0.47471213 -0.49586242  0.43473764]
2.537312000006053	[ 0.47472273 -0.49588607  0.4347473 ]
2.537313000006053	[ 0.47473331 -0.49590972  0.43475696]
2.5373140000060532	[ 0.4747439  -0.49593337  0.43476662]
2.5373150000060534	[ 0.47475448 -0.49595702  0.43477627]
2.5373160000060535	[ 0.47476506 -0.49598067  0.43478592]
2.5373170000060536	[ 0.47477564 -0.49600432  0.43479557]
2.537318000006054	[ 0.47478622 -0.49602797  0.43480522]
2.537319000006054	[ 0.4747968  -0.49605162  0.43481487]
2.537320000006054	[ 0.47480738 -0.49607526  0.43482453]
2.537321000006054	[ 0.47481797 -0.49609891  0.43483419]
2.5373220000060543	[ 0.47482856 -0.49612255  0.43484385]
2.5373230000060545	[ 0.47483916 -0.4961462   0.43485352]
2.5373240000060546	[ 0.47484977 -0.49616985  0.43486319]
2.5373250000060548	[ 0.47486038 -0.49619351  0.43487287]
2.537326000006055	[ 0.47487099 -0.49621717  0.43488256]
2.537327000006055	[ 0.47488162 -0.49624083  0.43489225]
2.537328000006055	[ 0.47489224 -0.4962645   0.43490194]
2.5373290000060553	[ 0.47490287 -0.49628818  0.43491164]
2.5373300000060555	[ 0.47491351 -0.49631187  0.43492134]
2.5373310000060556	[ 0.47492414 -0.49633557  0.43493104]
2.5373320000060557	[ 0.47493478 -0.49635927  0.43494075]
2.537333000006056	[ 0.47494542 -0.49638298  0.43495045]
2.537334000006056	[ 0.47495606 -0.49640669  0.43496016]
2.537335000006056	[ 0.4749667  -0.49643041  0.43496986]
2.5373360000060563	[ 0.47497733 -0.49645413  0.43497957]
2.5373370000060564	[ 0.47498797 -0.49647785  0.43498927]
2.5373380000060566	[ 0.4749986  -0.49650157  0.43499897]
2.5373390000060567	[ 0.47500924 -0.49652529  0.43500867]
2.537340000006057	[ 0.47501987 -0.49654901  0.43501837]
2.537341000006057	[ 0.47503049 -0.49657273  0.43502806]
2.537342000006057	[ 0.47504112 -0.49659645  0.43503776]
2.5373430000060573	[ 0.47505175 -0.49662017  0.43504745]
2.5373440000060574	[ 0.47506237 -0.49664389  0.43505714]
2.5373450000060576	[ 0.47507299 -0.49666761  0.43506683]
2.5373460000060577	[ 0.4750836  -0.49669134  0.43507651]
2.537347000006058	[ 0.47509422 -0.49671506  0.43508619]
2.537348000006058	[ 0.47510483 -0.49673879  0.43509588]
2.537349000006058	[ 0.47511544 -0.49676252  0.43510556]
2.5373500000060583	[ 0.47512605 -0.49678626  0.43511524]
2.5373510000060584	[ 0.47513666 -0.49680999  0.43512491]
2.5373520000060585	[ 0.47514727 -0.49683372  0.43513459]
2.5373530000060587	[ 0.47515788 -0.49685745  0.43514427]
2.537354000006059	[ 0.4751685  -0.49688119  0.43515395]
2.537355000006059	[ 0.47517911 -0.49690492  0.43516364]
2.537356000006059	[ 0.47518973 -0.49692865  0.43517333]
2.5373570000060592	[ 0.47520036 -0.49695239  0.43518302]
2.5373580000060594	[ 0.47521099 -0.49697613  0.43519272]
2.5373590000060595	[ 0.47522162 -0.49699987  0.43520242]
2.5373600000060597	[ 0.47523226 -0.49702361  0.43521213]
2.53736100000606	[ 0.47524291 -0.49704737  0.43522184]
2.53736200000606	[ 0.47525356 -0.49707112  0.43523155]
2.53736300000606	[ 0.47526422 -0.49709489  0.43524128]
2.53736400000606	[ 0.47527488 -0.49711866  0.435251  ]
2.5373650000060604	[ 0.47528554 -0.49714244  0.43526073]
2.5373660000060605	[ 0.47529621 -0.49716622  0.43527046]
2.5373670000060606	[ 0.47530688 -0.49719002  0.4352802 ]
2.5373680000060608	[ 0.47531755 -0.49721381  0.43528993]
2.537369000006061	[ 0.47532823 -0.49723761  0.43529967]
2.537370000006061	[ 0.4753389  -0.49726141  0.43530941]
2.537371000006061	[ 0.47534958 -0.49728522  0.43531915]
2.5373720000060613	[ 0.47536025 -0.49730903  0.43532889]
2.5373730000060615	[ 0.47537093 -0.49733283  0.43533863]
2.5373740000060616	[ 0.47538161 -0.49735664  0.43534837]
2.5373750000060618	[ 0.47539228 -0.49738045  0.43535811]
2.537376000006062	[ 0.47540296 -0.49740426  0.43536785]
2.537377000006062	[ 0.47541363 -0.49742808  0.43537758]
2.537378000006062	[ 0.4754243  -0.49745189  0.43538732]
2.5373790000060623	[ 0.47543497 -0.4974757   0.43539705]
2.5373800000060625	[ 0.47544563 -0.49749952  0.43540678]
2.5373810000060626	[ 0.4754563  -0.49752333  0.43541651]
2.5373820000060627	[ 0.47546696 -0.49754715  0.43542624]
2.537383000006063	[ 0.47547762 -0.49757096  0.43543596]
2.537384000006063	[ 0.47548828 -0.49759477  0.43544569]
2.537385000006063	[ 0.47549894 -0.49761858  0.43545542]
2.5373860000060633	[ 0.47550961 -0.49764239  0.43546515]
2.5373870000060634	[ 0.47552028 -0.4976662   0.43547488]
2.5373880000060636	[ 0.47553095 -0.49769001  0.43548462]
2.5373890000060637	[ 0.47554163 -0.49771382  0.43549436]
2.537390000006064	[ 0.47555232 -0.49773763  0.43550411]
2.537391000006064	[ 0.47556302 -0.49776145  0.43551387]
2.537392000006064	[ 0.47557372 -0.49778527  0.43552364]
2.5373930000060643	[ 0.47558443 -0.4978091   0.43553341]
2.5373940000060644	[ 0.47559515 -0.49783294  0.43554318]
2.5373950000060645	[ 0.47560587 -0.49785679  0.43555297]
2.5373960000060647	[ 0.4756166  -0.49788065  0.43556276]
2.537397000006065	[ 0.47562733 -0.49790452  0.43557255]
2.537398000006065	[ 0.47563807 -0.4979284   0.43558234]
2.537399000006065	[ 0.4756488  -0.49795228  0.43559213]
2.5374000000060652	[ 0.47565954 -0.49797617  0.43560193]
2.5374010000060654	[ 0.47567027 -0.49800007  0.43561172]
2.5374020000060655	[ 0.475681   -0.49802396  0.43562151]
2.5374030000060657	[ 0.47569173 -0.49804785  0.4356313 ]
2.537404000006066	[ 0.47570246 -0.49807174  0.43564109]
2.537405000006066	[ 0.47571319 -0.49809562  0.43565087]
2.537406000006066	[ 0.47572391 -0.49811949  0.43566066]
2.5374070000060662	[ 0.47573463 -0.49814336  0.43567044]
2.5374080000060664	[ 0.47574535 -0.49816723  0.43568022]
2.5374090000060665	[ 0.47575607 -0.49819109  0.43569   ]
2.5374100000060666	[ 0.47576679 -0.49821495  0.43569978]
2.537411000006067	[ 0.47577751 -0.49823882  0.43570956]
2.537412000006067	[ 0.47578823 -0.49826268  0.43571933]
2.537413000006067	[ 0.47579894 -0.49828655  0.43572911]
2.537414000006067	[ 0.47580966 -0.49831043  0.43573889]
2.5374150000060673	[ 0.47582038 -0.49833431  0.43574866]
2.5374160000060675	[ 0.47583109 -0.4983582   0.43575844]
2.5374170000060676	[ 0.47584181 -0.49838209  0.43576822]
2.5374180000060678	[ 0.47585253 -0.49840599  0.435778  ]
2.537419000006068	[ 0.47586325 -0.49842989  0.43578778]
2.537420000006068	[ 0.47587398 -0.49845379  0.43579757]
2.537421000006068	[ 0.47588471 -0.4984777   0.43580736]
2.5374220000060683	[ 0.47589544 -0.49850161  0.43581715]
2.5374230000060685	[ 0.47590619 -0.49852552  0.43582695]
2.5374240000060686	[ 0.47591693 -0.49854943  0.43583676]
2.5374250000060687	[ 0.47592769 -0.49857334  0.43584657]
2.537426000006069	[ 0.47593845 -0.49859726  0.43585639]
2.537427000006069	[ 0.47594921 -0.49862118  0.43586621]
2.537428000006069	[ 0.47595998 -0.49864511  0.43587604]
2.5374290000060693	[ 0.47597076 -0.49866904  0.43588587]
2.5374300000060694	[ 0.47598154 -0.49869298  0.4358957 ]
2.5374310000060696	[ 0.47599232 -0.49871693  0.43590554]
2.5374320000060697	[ 0.4760031  -0.49874089  0.43591537]
2.53743300000607	[ 0.47601388 -0.49876485  0.4359252 ]
2.53743400000607	[ 0.47602465 -0.49878881  0.43593503]
2.53743500000607	[ 0.47603542 -0.49881278  0.43594486]
2.5374360000060703	[ 0.47604619 -0.49883674  0.43595469]
2.5374370000060704	[ 0.47605695 -0.49886071  0.43596451]
2.5374380000060706	[ 0.47606771 -0.49888467  0.43597432]
2.5374390000060707	[ 0.47607847 -0.49890863  0.43598414]
2.537440000006071	[ 0.47608922 -0.49893258  0.43599395]
2.537441000006071	[ 0.47609997 -0.49895652  0.43600375]
2.537442000006071	[ 0.47611072 -0.49898046  0.43601356]
2.5374430000060713	[ 0.47612146 -0.4990044   0.43602336]
2.5374440000060714	[ 0.47613221 -0.49902834  0.43603317]
2.5374450000060715	[ 0.47614296 -0.49905227  0.43604298]
2.5374460000060717	[ 0.47615371 -0.49907621  0.43605279]
2.537447000006072	[ 0.47616447 -0.49910016  0.4360626 ]
2.537448000006072	[ 0.47617522 -0.49912411  0.43607241]
2.537449000006072	[ 0.47618598 -0.49914806  0.43608223]
2.5374500000060722	[ 0.47619675 -0.49917203  0.43609205]
2.5374510000060724	[ 0.47620752 -0.49919601  0.43610188]
2.5374520000060725	[ 0.47621829 -0.49921999  0.4361117 ]
2.5374530000060727	[ 0.47622906 -0.49924398  0.43612153]
2.537454000006073	[ 0.47623984 -0.49926797  0.43613137]
2.537455000006073	[ 0.47625063 -0.49929197  0.43614121]
2.537456000006073	[ 0.47626141 -0.49931598  0.43615105]
2.537457000006073	[ 0.4762722  -0.49933998  0.43616089]
2.5374580000060734	[ 0.476283   -0.49936399  0.43617074]
2.5374590000060735	[ 0.47629379 -0.49938799  0.43618059]
2.5374600000060736	[ 0.47630459 -0.499412    0.43619044]
2.5374610000060738	[ 0.47631539 -0.499436    0.43620029]
2.537462000006074	[ 0.47632619 -0.49946001  0.43621015]
2.537463000006074	[ 0.47633699 -0.49948402  0.43622001]
2.537464000006074	[ 0.47634766 -0.49950841  0.43622993]
2.5374650000060743	[ 0.47635946 -0.49953173  0.43624036]
2.5374660000060745	[ 0.47636926 -0.49955648  0.43624964]
2.5374670000060746	[ 0.47638106 -0.49957981  0.43626007]
2.5374680000060748	[ 0.47639085 -0.49960456  0.43626934]
2.537469000006075	[ 0.47640255 -0.4996283   0.43627986]
2.537470000006075	[ 0.47641331 -0.49965236  0.43628968]
2.537471000006075	[ 0.4764241  -0.49967644  0.43629953]
2.5374720000060753	[ 0.4764349  -0.49970052  0.43630938]
2.5374730000060755	[ 0.47644569 -0.4997246   0.43631922]
2.5374740000060756	[ 0.47645648 -0.49974868  0.43632907]
2.5374750000060757	[ 0.47646727 -0.49977277  0.43633891]
2.537476000006076	[ 0.47647805 -0.49979685  0.43634876]
2.537477000006076	[ 0.47648884 -0.49982093  0.4363586 ]
2.537478000006076	[ 0.47649963 -0.49984501  0.43636844]
2.5374790000060763	[ 0.47651041 -0.49986909  0.43637828]
2.5374800000060764	[ 0.4765212  -0.49989314  0.43638813]
2.5374810000060766	[ 0.47653199 -0.4999172   0.43639797]
2.5374820000060767	[ 0.47654279 -0.49994125  0.43640782]
2.537483000006077	[ 0.47655358 -0.4999653   0.43641766]
2.537484000006077	[ 0.47656438 -0.49998934  0.43642752]
2.537485000006077	[ 0.47657518 -0.50001338  0.43643738]
2.5374860000060773	[ 0.476586   -0.50003741  0.43644724]
2.5374870000060774	[ 0.47659681 -0.50006145  0.43645711]
2.5374880000060775	[ 0.47660764 -0.50008549  0.43646699]
2.5374890000060777	[ 0.47661847 -0.50010953  0.43647687]
2.537490000006078	[ 0.47662931 -0.50013358  0.43648676]
2.537491000006078	[ 0.47664016 -0.50015764  0.43649666]
2.537492000006078	[ 0.47665101 -0.50018171  0.43650656]
2.5374930000060782	[ 0.47666187 -0.5002058   0.43651647]
2.5374940000060784	[ 0.47667273 -0.5002299   0.43652638]
2.5374950000060785	[ 0.47668359 -0.50025402  0.43653629]
2.5374960000060787	[ 0.47669446 -0.50027815  0.4365462 ]
2.537497000006079	[ 0.47670532 -0.5003023   0.43655611]
2.537498000006079	[ 0.47671618 -0.50032646  0.43656602]
2.537499000006079	[ 0.47672704 -0.50035063  0.43657593]
2.5375000000060792	[ 0.4767379  -0.50037481  0.43658584]
2.5375010000060794	[ 0.47674875 -0.500399    0.43659574]
2.5375020000060795	[ 0.4767596  -0.50042319  0.43660564]
2.5375030000060796	[ 0.47677044 -0.50044737  0.43661553]
2.53750400000608	[ 0.47678128 -0.50047156  0.43662542]
2.53750500000608	[ 0.47679212 -0.50049573  0.43663531]
2.53750600000608	[ 0.47680295 -0.5005199   0.4366452 ]
2.53750700000608	[ 0.47681378 -0.50054408  0.43665508]
2.5375080000060803	[ 0.47682462 -0.50056822  0.43666496]
2.5375090000060805	[ 0.47683545 -0.50059237  0.43667484]
2.5375100000060806	[ 0.47684628 -0.50061651  0.43668473]
2.5375110000060808	[ 0.47685711 -0.50064065  0.43669461]
2.537512000006081	[ 0.47686794 -0.50066479  0.43670449]
2.537513000006081	[ 0.47687877 -0.50068893  0.43671437]
2.537514000006081	[ 0.4768896  -0.50071307  0.43672426]
2.5375150000060813	[ 0.47690043 -0.50073721  0.43673414]
2.5375160000060815	[ 0.47691127 -0.50076136  0.43674403]
2.5375170000060816	[ 0.4769221  -0.50078552  0.43675391]
2.5375180000060817	[ 0.47693294 -0.50080967  0.4367638 ]
2.537519000006082	[ 0.47694378 -0.50083384  0.43677369]
2.537520000006082	[ 0.47695462 -0.500858    0.43678358]
2.537521000006082	[ 0.47696546 -0.50088217  0.43679347]
2.5375220000060823	[ 0.4769763  -0.50090634  0.43680337]
2.5375230000060824	[ 0.47698715 -0.50093051  0.43681327]
2.5375240000060826	[ 0.47699801 -0.50095467  0.43682317]
2.5375250000060827	[ 0.47700887 -0.50097884  0.43683308]
2.537526000006083	[ 0.47701973 -0.501003    0.43684299]
2.537527000006083	[ 0.4770306  -0.50102717  0.43685291]
2.537528000006083	[ 0.47704147 -0.50105133  0.43686283]
2.5375290000060833	[ 0.47705235 -0.5010755   0.43687275]
2.5375300000060834	[ 0.47706322 -0.50109967  0.43688268]
2.5375310000060836	[ 0.47707411 -0.50112384  0.43689261]
2.5375320000060837	[ 0.47708499 -0.50114802  0.43690254]
2.537533000006084	[ 0.47709587 -0.5011722   0.43691247]
2.537534000006084	[ 0.47710676 -0.50119638  0.4369224 ]
2.537535000006084	[ 0.47711764 -0.50122057  0.43693233]
2.5375360000060843	[ 0.47712852 -0.50124477  0.43694225]
2.5375370000060844	[ 0.47713939 -0.50126897  0.43695218]
2.5375380000060845	[ 0.47715026 -0.50129317  0.4369621 ]
2.5375390000060847	[ 0.47716098 -0.50131727  0.43697189]
2.537540000006085	[ 0.47717203 -0.50134159  0.43698195]
2.537541000006085	[ 0.47718288 -0.50136579  0.43699185]
2.537542000006085	[ 0.47719373 -0.50138998  0.43700175]
2.5375430000060852	[ 0.47720459 -0.50141417  0.43701166]
2.5375440000060854	[ 0.47721544 -0.50143836  0.43702156]
2.5375450000060855	[ 0.4772263  -0.50146255  0.43703147]
2.5375460000060857	[ 0.47723715 -0.50148673  0.43704137]
2.537547000006086	[ 0.477248   -0.50151092  0.43705127]
2.537548000006086	[ 0.47725886 -0.50153511  0.43706118]
2.537549000006086	[ 0.47726972 -0.5015593   0.43707108]
2.537550000006086	[ 0.47728057 -0.50158349  0.43708099]
2.5375510000060864	[ 0.47729143 -0.50160769  0.4370909 ]
2.5375520000060865	[ 0.47730229 -0.50163189  0.43710081]
2.5375530000060866	[ 0.47731316 -0.5016561   0.43711072]
2.5375540000060868	[ 0.47732402 -0.50168031  0.43712064]
2.537555000006087	[ 0.47733489 -0.50170453  0.43713055]
2.537556000006087	[ 0.47734576 -0.50172875  0.43714047]
2.537557000006087	[ 0.47735663 -0.50175298  0.43715039]
2.5375580000060873	[ 0.47736751 -0.50177722  0.43716032]
2.5375590000060875	[ 0.47737838 -0.50180145  0.43717024]
2.5375600000060876	[ 0.47738926 -0.5018257   0.43718017]
2.5375610000060878	[ 0.47740014 -0.50184994  0.43719009]
2.537562000006088	[ 0.47741103 -0.5018742   0.43720002]
2.537563000006088	[ 0.47742191 -0.50189846  0.43720996]
2.537564000006088	[ 0.4774328  -0.50192272  0.43721989]
2.5375650000060883	[ 0.47744368 -0.501947    0.43722982]
2.5375660000060885	[ 0.47745457 -0.50197128  0.43723976]
2.5375670000060886	[ 0.47746546 -0.50199556  0.4372497 ]
2.5375680000060887	[ 0.47747635 -0.50201985  0.43725963]
2.537569000006089	[ 0.47748724 -0.50204415  0.43726956]
2.537570000006089	[ 0.47749812 -0.50206845  0.4372795 ]
2.537571000006089	[ 0.47750901 -0.50209275  0.43728943]
2.5375720000060893	[ 0.47751989 -0.50211705  0.43729936]
2.5375730000060894	[ 0.47753077 -0.50214134  0.43730929]
2.5375740000060896	[ 0.47754166 -0.50216563  0.43731922]
2.5375750000060897	[ 0.47755253 -0.50218992  0.43732915]
2.53757600000609	[ 0.47756341 -0.5022142   0.43733907]
2.53757700000609	[ 0.47757429 -0.50223848  0.437349  ]
2.53757800000609	[ 0.47758517 -0.50226274  0.43735893]
2.5375790000060903	[ 0.47759606 -0.502287    0.43736886]
2.5375800000060904	[ 0.47760694 -0.50231126  0.4373788 ]
2.5375810000060905	[ 0.47761783 -0.50233551  0.43738873]
2.5375820000060907	[ 0.47762873 -0.50235977  0.43739867]
2.537583000006091	[ 0.47763962 -0.50238403  0.43740862]
2.537584000006091	[ 0.47765053 -0.50240828  0.43741857]
2.537585000006091	[ 0.47766143 -0.50243255  0.43742852]
2.5375860000060912	[ 0.47767235 -0.50245682  0.43743848]
2.5375870000060914	[ 0.47768326 -0.5024811   0.43744844]
2.5375880000060915	[ 0.47769419 -0.5025054   0.43745841]
2.5375890000060917	[ 0.47770511 -0.5025297   0.43746837]
2.537590000006092	[ 0.47771604 -0.50255401  0.43747835]
2.537591000006092	[ 0.47772697 -0.50257832  0.43748832]
2.537592000006092	[ 0.4777379  -0.50260265  0.4374983 ]
2.5375930000060922	[ 0.47774884 -0.50262698  0.43750827]
2.5375940000060924	[ 0.47775977 -0.50265131  0.43751825]
2.5375950000060925	[ 0.47777071 -0.50267564  0.43752823]
2.5375960000060926	[ 0.47778164 -0.50269998  0.43753821]
2.537597000006093	[ 0.47779258 -0.50272431  0.43754819]
2.537598000006093	[ 0.47780351 -0.50274865  0.43755816]
2.537599000006093	[ 0.47781444 -0.50277298  0.43756814]
2.537600000006093	[ 0.47782538 -0.50279732  0.43757812]
2.5376010000060933	[ 0.47783631 -0.50282165  0.43758809]
2.5376020000060935	[ 0.47784724 -0.50284599  0.43759807]
2.5376030000060936	[ 0.47785817 -0.50287032  0.43760804]
2.5376040000060938	[ 0.47786909 -0.50289466  0.43761801]
2.537605000006094	[ 0.47788002 -0.50291904  0.43762798]
2.537606000006094	[ 0.47789095 -0.50294336  0.43763796]
2.537607000006094	[ 0.47790188 -0.50296771  0.43764793]
2.5376080000060943	[ 0.4779128  -0.50299207  0.4376579 ]
2.5376090000060945	[ 0.47792373 -0.50301643  0.43766787]
2.5376100000060946	[ 0.47793465 -0.5030408   0.43767784]
2.5376110000060947	[ 0.47794558 -0.50306518  0.43768781]
2.537612000006095	[ 0.47795651 -0.50308955  0.43769778]
2.537613000006095	[ 0.47796744 -0.50311393  0.43770775]
2.537614000006095	[ 0.47797837 -0.50313832  0.43771773]
2.5376150000060953	[ 0.47798931 -0.5031627   0.43772771]
2.5376160000060954	[ 0.47800025 -0.50318709  0.43773769]
2.5376170000060956	[ 0.47801119 -0.50321149  0.43774768]
2.5376180000060957	[ 0.47802215 -0.50323587  0.43775768]
2.537619000006096	[ 0.47803311 -0.50326027  0.43776768]
2.537620000006096	[ 0.47804408 -0.50328466  0.43777769]
2.537621000006096	[ 0.47805505 -0.50330906  0.4377877 ]
2.5376220000060963	[ 0.47806603 -0.50333345  0.43779772]
2.5376230000060964	[ 0.47807701 -0.50335785  0.43780774]
2.5376240000060966	[ 0.478088   -0.50338225  0.43781777]
2.5376250000060967	[ 0.478099   -0.50340665  0.43782781]
2.537626000006097	[ 0.47811    -0.50343106  0.43783785]
2.537627000006097	[ 0.478121   -0.50345546  0.43784789]
2.537628000006097	[ 0.47813201 -0.50347987  0.43785794]
2.5376290000060973	[ 0.47814302 -0.50350429  0.43786798]
2.5376300000060974	[ 0.47815403 -0.50352871  0.43787803]
2.5376310000060975	[ 0.47816504 -0.50355313  0.43788808]
2.5376320000060977	[ 0.47817605 -0.50357755  0.43789813]
2.537633000006098	[ 0.47818706 -0.50360198  0.43790817]
2.537634000006098	[ 0.47819807 -0.50362642  0.43791822]
2.537635000006098	[ 0.47820907 -0.50365086  0.43792826]
2.5376360000060982	[ 0.47822007 -0.5036753   0.4379383 ]
2.5376370000060984	[ 0.47823107 -0.50369974  0.43794833]
2.5376380000060985	[ 0.47824206 -0.50372419  0.43795837]
2.5376390000060987	[ 0.47825306 -0.50374864  0.4379684 ]
2.537640000006099	[ 0.47826405 -0.50377308  0.43797842]
2.537641000006099	[ 0.47827503 -0.50379753  0.43798845]
2.537642000006099	[ 0.47828602 -0.50382198  0.43799848]
2.537643000006099	[ 0.47829701 -0.50384644  0.4380085 ]
2.5376440000060994	[ 0.478308   -0.50387088  0.43801854]
2.5376450000060995	[ 0.478319   -0.50389533  0.43802857]
2.5376460000060996	[ 0.47832999 -0.50391977  0.4380386 ]
2.5376470000060998	[ 0.47834099 -0.50394422  0.43804864]
2.5376480000061	[ 0.47835199 -0.50396867  0.43805868]
2.5376490000061	[ 0.478363   -0.50399313  0.43806873]
2.5376500000061	[ 0.47837402 -0.50401758  0.43807878]
2.5376510000061003	[ 0.47838503 -0.50404205  0.43808883]
2.5376520000061005	[ 0.47839606 -0.50406651  0.43809889]
2.5376530000061006	[ 0.47840708 -0.50409098  0.43810896]
2.5376540000061008	[ 0.47841811 -0.50411546  0.43811902]
2.537655000006101	[ 0.47842915 -0.50413994  0.43812909]
2.537656000006101	[ 0.47844018 -0.50416443  0.43813916]
2.537657000006101	[ 0.47845122 -0.50418892  0.43814924]
2.5376580000061013	[ 0.47846226 -0.50421341  0.43815931]
2.5376590000061015	[ 0.4784733  -0.50423791  0.43816939]
2.5376600000061016	[ 0.47848435 -0.5042624   0.43817946]
2.5376610000061017	[ 0.47849539 -0.50428689  0.43818954]
2.537662000006102	[ 0.47850643 -0.50431139  0.43819962]
2.537663000006102	[ 0.47851747 -0.50433588  0.4382097 ]
2.537664000006102	[ 0.47852852 -0.50436037  0.43821977]
2.5376650000061023	[ 0.47853956 -0.50438486  0.43822985]
2.5376660000061024	[ 0.4785506  -0.50440935  0.43823992]
2.5376670000061026	[ 0.47856164 -0.50443385  0.43825   ]
2.5376680000061027	[ 0.47857267 -0.50445834  0.43826007]
2.537669000006103	[ 0.47858371 -0.50448283  0.43827014]
2.537670000006103	[ 0.47859474 -0.50450733  0.43828021]
2.537671000006103	[ 0.47860578 -0.50453183  0.43829028]
2.5376720000061033	[ 0.47861681 -0.50455633  0.43830035]
2.5376730000061034	[ 0.47862784 -0.50458084  0.43831041]
2.5376740000061035	[ 0.47863887 -0.50460535  0.43832048]
2.5376750000061037	[ 0.4786499  -0.50462986  0.43833055]
2.537676000006104	[ 0.47866093 -0.50465437  0.43834061]
2.537677000006104	[ 0.47867196 -0.50467889  0.43835068]
2.537678000006104	[ 0.478683   -0.50470341  0.43836075]
2.5376790000061042	[ 0.47869403 -0.50472793  0.43837082]
2.5376800000061044	[ 0.47870507 -0.50475246  0.4383809 ]
2.5376810000061045	[ 0.47871612 -0.50477699  0.43839098]
2.5376820000061047	[ 0.47872717 -0.50480152  0.43840106]
2.537683000006105	[ 0.47873822 -0.50482606  0.43841115]
2.537684000006105	[ 0.47874928 -0.5048506   0.43842124]
2.537685000006105	[ 0.47876034 -0.50487515  0.43843134]
2.5376860000061052	[ 0.47877141 -0.50489971  0.43844144]
2.5376870000061054	[ 0.47878248 -0.50492427  0.43845154]
2.5376880000061055	[ 0.47879355 -0.50494884  0.43846164]
2.5376890000061056	[ 0.47880462 -0.50497342  0.43847175]
2.537690000006106	[ 0.47881569 -0.504998    0.43848185]
2.537691000006106	[ 0.47882677 -0.50502258  0.43849196]
2.537692000006106	[ 0.47883784 -0.50504716  0.43850206]
2.537693000006106	[ 0.47884891 -0.50507175  0.43851216]
2.5376940000061063	[ 0.47885998 -0.50509633  0.43852227]
2.5376950000061065	[ 0.47887105 -0.50512091  0.43853237]
2.5376960000061066	[ 0.47888212 -0.50514549  0.43854247]
2.5376970000061068	[ 0.47889318 -0.50517007  0.43855257]
2.537698000006107	[ 0.47890425 -0.50519464  0.43856267]
2.537699000006107	[ 0.47891532 -0.50521921  0.43857277]
2.537700000006107	[ 0.47892638 -0.50524379  0.43858287]
2.5377010000061073	[ 0.47893745 -0.50526836  0.43859297]
2.5377020000061075	[ 0.47894852 -0.50529293  0.43860307]
2.5377030000061076	[ 0.47895959 -0.50531751  0.43861317]
2.5377040000061077	[ 0.47897065 -0.50534209  0.43862327]
2.537705000006108	[ 0.47898172 -0.50536668  0.43863337]
2.537706000006108	[ 0.47899279 -0.50539128  0.43864347]
2.537707000006108	[ 0.47900386 -0.50541587  0.43865357]
2.5377080000061083	[ 0.47901492 -0.50544048  0.43866367]
2.5377090000061084	[ 0.47902599 -0.50546509  0.43867377]
2.5377100000061086	[ 0.47903706 -0.5054897   0.43868387]
2.5377110000061087	[ 0.47904813 -0.50551432  0.43869397]
2.537712000006109	[ 0.47905919 -0.50553894  0.43870408]
2.537713000006109	[ 0.47907026 -0.50556356  0.43871418]
2.537714000006109	[ 0.47908134 -0.50558818  0.43872428]
2.5377150000061093	[ 0.47909241 -0.5056128   0.43873439]
2.5377160000061094	[ 0.47910349 -0.50563742  0.4387445 ]
2.5377170000061096	[ 0.47911457 -0.50566203  0.43875461]
2.5377180000061097	[ 0.47912565 -0.50568665  0.43876473]
2.53771900000611	[ 0.47913674 -0.50571127  0.43877485]
2.53772000000611	[ 0.47914783 -0.50573589  0.43878497]
2.53772100000611	[ 0.47915892 -0.50576052  0.43879509]
2.5377220000061103	[ 0.47917002 -0.50578515  0.43880522]
2.5377230000061104	[ 0.47918112 -0.50580978  0.43881535]
2.5377240000061105	[ 0.47919222 -0.50583442  0.43882548]
2.5377250000061107	[ 0.47920332 -0.50585907  0.43883561]
2.537726000006111	[ 0.47921443 -0.50588372  0.43884575]
2.537727000006111	[ 0.47922553 -0.50590837  0.43885588]
2.537728000006111	[ 0.47923663 -0.50593304  0.43886601]
2.5377290000061112	[ 0.47924773 -0.5059577   0.43887614]
2.5377300000061114	[ 0.47925883 -0.50598237  0.43888627]
2.5377310000061115	[ 0.47926992 -0.50600704  0.4388964 ]
2.5377320000061117	[ 0.47928102 -0.50603171  0.43890652]
2.537733000006112	[ 0.47929211 -0.50605638  0.43891665]
2.537734000006112	[ 0.4793032  -0.50608105  0.43892677]
2.537735000006112	[ 0.4793143  -0.50610572  0.43893689]
2.537736000006112	[ 0.47932539 -0.50613039  0.43894701]
2.5377370000061124	[ 0.47933647 -0.50615507  0.43895713]
2.5377380000061125	[ 0.47934756 -0.50617974  0.43896725]
2.5377390000061126	[ 0.47935865 -0.50620442  0.43897738]
2.5377400000061128	[ 0.47936974 -0.50622909  0.4389875 ]
2.537741000006113	[ 0.47938084 -0.50625378  0.43899762]
2.537742000006113	[ 0.47939193 -0.50627846  0.43900775]
2.537743000006113	[ 0.47940303 -0.50630315  0.43901787]
2.5377440000061133	[ 0.47941413 -0.50632785  0.439028  ]
2.5377450000061135	[ 0.47942523 -0.50635254  0.43903813]
2.5377460000061136	[ 0.47943633 -0.50637725  0.43904827]
2.5377470000061138	[ 0.47944744 -0.50640195  0.4390584 ]
2.537748000006114	[ 0.47945855 -0.50642666  0.43906854]
2.537749000006114	[ 0.47946966 -0.50645137  0.43907869]
2.537750000006114	[ 0.47948078 -0.50647608  0.43908883]
2.5377510000061143	[ 0.4794919  -0.5065008   0.43909898]
2.5377520000061145	[ 0.47950302 -0.50652551  0.43910913]
2.5377530000061146	[ 0.47951414 -0.50655023  0.43911928]
2.5377540000061147	[ 0.47952527 -0.50657495  0.43912944]
2.537755000006115	[ 0.4795364  -0.50659967  0.43913959]
2.537756000006115	[ 0.47954752 -0.50662439  0.43914975]
2.537757000006115	[ 0.47955865 -0.50664911  0.43915991]
2.5377580000061153	[ 0.47956978 -0.50667384  0.43917006]
2.5377590000061154	[ 0.47958091 -0.50669856  0.43918022]
2.5377600000061156	[ 0.47959204 -0.50672329  0.43919038]
2.5377610000061157	[ 0.47960317 -0.50674801  0.43920054]
2.537762000006116	[ 0.4796143  -0.50677274  0.43921069]
2.537763000006116	[ 0.47962542 -0.50679747  0.43922084]
2.537764000006116	[ 0.47963655 -0.50682221  0.439231  ]
2.5377650000061163	[ 0.47964767 -0.50684694  0.43924115]
2.5377660000061164	[ 0.47965879 -0.50687167  0.4392513 ]
2.5377670000061165	[ 0.47966992 -0.50689641  0.43926145]
2.5377680000061167	[ 0.47968104 -0.50692115  0.4392716 ]
2.537769000006117	[ 0.47969216 -0.50694589  0.43928176]
2.537770000006117	[ 0.47970328 -0.50697063  0.43929191]
2.537771000006117	[ 0.47971441 -0.50699538  0.43930206]
2.5377720000061172	[ 0.47972553 -0.50702013  0.43931222]
2.5377730000061174	[ 0.47973666 -0.50704489  0.43932237]
2.5377740000061175	[ 0.47974779 -0.50706965  0.43933253]
2.5377750000061177	[ 0.47975893 -0.50709441  0.43934269]
2.537776000006118	[ 0.47977006 -0.50711918  0.43935286]
2.537777000006118	[ 0.4797812  -0.50714396  0.43936302]
2.537778000006118	[ 0.47979234 -0.50716874  0.43937319]
2.5377790000061182	[ 0.47980349 -0.50719352  0.43938336]
2.5377800000061184	[ 0.47981464 -0.50721831  0.43939354]
2.5377810000061185	[ 0.47982579 -0.5072431   0.43940372]
2.5377820000061186	[ 0.47983694 -0.50726789  0.43941389]
2.537783000006119	[ 0.47984809 -0.50729269  0.43942407]
2.537784000006119	[ 0.47985925 -0.50731749  0.43943426]
2.537785000006119	[ 0.47987041 -0.50734229  0.43944444]
2.537786000006119	[ 0.47988156 -0.50736709  0.43945462]
2.5377870000061193	[ 0.47989272 -0.50739189  0.4394648 ]
2.5377880000061195	[ 0.47990387 -0.5074167   0.43947498]
2.5377890000061196	[ 0.47991503 -0.5074415   0.43948517]
2.5377900000061198	[ 0.47992618 -0.50746631  0.43949535]
2.53779100000612	[ 0.47993734 -0.50749111  0.43950553]
2.53779200000612	[ 0.47994849 -0.50751591  0.43951571]
2.53779300000612	[ 0.47995964 -0.50754071  0.43952588]
2.5377940000061203	[ 0.47997079 -0.50756551  0.43953606]
2.5377950000061205	[ 0.47998195 -0.50759031  0.43954625]
2.5377960000061206	[ 0.47999311 -0.5076151   0.43955643]
2.5377970000061207	[ 0.48000426 -0.5076399   0.43956661]
2.537798000006121	[ 0.48001543 -0.5076647   0.4395768 ]
2.537799000006121	[ 0.48002659 -0.5076895   0.43958699]
2.537800000006121	[ 0.48003776 -0.5077143   0.43959718]
2.5378010000061213	[ 0.48004893 -0.50773911  0.43960738]
2.5378020000061214	[ 0.48006011 -0.50776393  0.43961758]
2.5378030000061216	[ 0.48007129 -0.50778875  0.43962779]
2.5378040000061217	[ 0.48008247 -0.50781357  0.43963799]
2.537805000006122	[ 0.48009366 -0.50783841  0.43964821]
2.537806000006122	[ 0.48010485 -0.50786325  0.43965842]
2.537807000006122	[ 0.48011605 -0.5078881   0.43966864]
2.5378080000061223	[ 0.48012724 -0.50791296  0.43967886]
2.5378090000061224	[ 0.48013844 -0.50793783  0.43968908]
2.5378100000061226	[ 0.48014964 -0.5079627   0.4396993 ]
2.5378110000061227	[ 0.48016084 -0.50798757  0.43970953]
2.537812000006123	[ 0.48017205 -0.50801245  0.43971975]
2.537813000006123	[ 0.48018325 -0.50803733  0.43972997]
2.537814000006123	[ 0.48019445 -0.50806221  0.4397402 ]
2.5378150000061233	[ 0.48020565 -0.50808709  0.43975042]
2.5378160000061234	[ 0.48021685 -0.50811197  0.43976065]
2.5378170000061235	[ 0.48022806 -0.50813685  0.43977087]
2.5378180000061237	[ 0.48023926 -0.50816173  0.4397811 ]
2.537819000006124	[ 0.48025046 -0.50818661  0.43979132]
2.537820000006124	[ 0.48026166 -0.50821149  0.43980155]
2.537821000006124	[ 0.48027286 -0.50823637  0.43981177]
2.5378220000061242	[ 0.48028407 -0.50826125  0.439822  ]
2.5378230000061244	[ 0.48029527 -0.50828613  0.43983222]
2.5378240000061245	[ 0.48030647 -0.50831101  0.43984245]
2.5378250000061247	[ 0.48031768 -0.50833589  0.43985267]
2.537826000006125	[ 0.48032888 -0.50836077  0.4398629 ]
2.537827000006125	[ 0.48034009 -0.50838566  0.43987313]
2.537828000006125	[ 0.4803513  -0.50841055  0.43988336]
2.537829000006125	[ 0.4803625  -0.50843544  0.43989359]
2.5378300000061254	[ 0.48037372 -0.50846034  0.43990382]
2.5378310000061255	[ 0.48038493 -0.50848524  0.43991406]
2.5378320000061256	[ 0.48039615 -0.50851014  0.4399243 ]
2.5378330000061258	[ 0.48040736 -0.50853506  0.43993454]
2.537834000006126	[ 0.48041859 -0.50855995  0.43994479]
2.537835000006126	[ 0.48042982 -0.50858486  0.43995504]
2.537836000006126	[ 0.48044105 -0.50860978  0.43996529]
2.5378370000061263	[ 0.48045228 -0.5086347   0.43997554]
2.5378380000061265	[ 0.48046352 -0.50865963  0.43998579]
2.5378390000061266	[ 0.48047476 -0.50868456  0.43999605]
2.5378400000061268	[ 0.480486   -0.50870949  0.44000631]
2.537841000006127	[ 0.48049725 -0.50873443  0.44001658]
2.537842000006127	[ 0.48050849 -0.50875937  0.44002684]
2.537843000006127	[ 0.48051974 -0.50878432  0.44003711]
2.5378440000061273	[ 0.48053098 -0.50880926  0.44004737]
2.5378450000061274	[ 0.48054223 -0.50883421  0.44005764]
2.5378460000061276	[ 0.48055348 -0.50885916  0.44006791]
2.5378470000061277	[ 0.48056473 -0.50888411  0.44007817]
2.537848000006128	[ 0.48057598 -0.50890906  0.44008844]
2.537849000006128	[ 0.48058723 -0.508934    0.44009871]
2.537850000006128	[ 0.48059848 -0.50895895  0.44010898]
2.5378510000061283	[ 0.48060973 -0.5089839   0.44011924]
2.5378520000061284	[ 0.48062098 -0.50900885  0.44012951]
2.5378530000061286	[ 0.48063223 -0.50903379  0.44013978]
2.5378540000061287	[ 0.48064348 -0.50905874  0.44015006]
2.537855000006129	[ 0.48065474 -0.5090837   0.44016033]
2.537856000006129	[ 0.48066599 -0.50910865  0.4401706 ]
2.537857000006129	[ 0.48067725 -0.50913361  0.44018088]
2.5378580000061293	[ 0.48068851 -0.50915857  0.44019115]
2.5378590000061294	[ 0.48069977 -0.50918354  0.44020143]
2.5378600000061295	[ 0.48071103 -0.50920852  0.44021171]
2.5378610000061297	[ 0.48072229 -0.5092335   0.44022199]
2.53786200000613	[ 0.48073356 -0.50925848  0.44023228]
2.53786300000613	[ 0.48074483 -0.50928348  0.44024256]
2.53786400000613	[ 0.4807561  -0.50930847  0.44025285]
2.5378650000061302	[ 0.48076737 -0.50933347  0.44026313]
2.5378660000061304	[ 0.48077864 -0.50935848  0.44027343]
2.5378670000061305	[ 0.48078992 -0.50938349  0.44028372]
2.5378680000061307	[ 0.4808012  -0.5094085   0.44029401]
2.537869000006131	[ 0.48081248 -0.50943351  0.44030431]
2.537870000006131	[ 0.48082376 -0.50945853  0.44031461]
2.537871000006131	[ 0.48083505 -0.50948354  0.44032492]
2.5378720000061312	[ 0.48084634 -0.50950856  0.44033522]
2.5378730000061314	[ 0.48085764 -0.50953358  0.44034553]
2.5378740000061315	[ 0.48086894 -0.5095586   0.44035585]
2.5378750000061316	[ 0.48088024 -0.50958362  0.44036616]
2.537876000006132	[ 0.48089154 -0.50960864  0.44037648]
2.537877000006132	[ 0.48090284 -0.50963367  0.44038679]
2.537878000006132	[ 0.48091414 -0.50965869  0.44039711]
2.537879000006132	[ 0.48092544 -0.50968372  0.44040743]
2.5378800000061323	[ 0.48093674 -0.50970875  0.44041774]
2.5378810000061325	[ 0.48094804 -0.50973379  0.44042806]
2.5378820000061326	[ 0.48095934 -0.50975882  0.44043837]
2.5378830000061328	[ 0.48097064 -0.50978385  0.44044868]
2.537884000006133	[ 0.48098193 -0.50980889  0.44045899]
2.537885000006133	[ 0.48099323 -0.50983392  0.4404693 ]
2.537886000006133	[ 0.48100452 -0.50985895  0.44047961]
2.5378870000061333	[ 0.48101581 -0.50988398  0.44048991]
2.5378880000061335	[ 0.4810271  -0.50990902  0.44050022]
2.5378890000061336	[ 0.48103839 -0.50993405  0.44051053]
2.5378900000061337	[ 0.48104968 -0.50995907  0.44052083]
2.537891000006134	[ 0.48106098 -0.50998411  0.44053114]
2.537892000006134	[ 0.48107227 -0.51000914  0.44054145]
2.537893000006134	[ 0.48108357 -0.51003417  0.44055177]
2.5378940000061343	[ 0.48109487 -0.51005921  0.44056208]
2.5378950000061344	[ 0.48110618 -0.51008425  0.4405724 ]
2.5378960000061346	[ 0.48111749 -0.51010929  0.44058273]
2.5378970000061347	[ 0.4811288  -0.51013434  0.44059305]
2.537898000006135	[ 0.48114011 -0.5101594   0.44060338]
2.537899000006135	[ 0.48115142 -0.51018447  0.44061371]
2.537900000006135	[ 0.48116274 -0.51020954  0.44062404]
2.5379010000061353	[ 0.48117406 -0.51023462  0.44063437]
2.5379020000061354	[ 0.48118538 -0.5102597   0.4406447 ]
2.5379030000061356	[ 0.48119575 -0.51028268  0.44065392]
2.5379040000061357	[ 0.48120718 -0.51031017  0.44066461]
2.537905000006136	[ 0.48121843 -0.51033517  0.44067488]
2.537906000006136	[ 0.48122974 -0.51036023  0.4406852 ]
2.537907000006136	[ 0.48124104 -0.5103853   0.44069552]
2.5379080000061363	[ 0.48125234 -0.51041037  0.44070583]
2.5379090000061364	[ 0.48126363 -0.51043544  0.44071614]
2.5379100000061365	[ 0.48127493 -0.51046052  0.44072645]
2.5379110000061367	[ 0.48128622 -0.5104856   0.44073676]
2.537912000006137	[ 0.4812975  -0.51051068  0.44074706]
2.537913000006137	[ 0.48130879 -0.51053576  0.44075737]
2.537914000006137	[ 0.48132008 -0.51056085  0.44076767]
2.5379150000061372	[ 0.48133137 -0.51058593  0.44077798]
2.5379160000061374	[ 0.48134267 -0.51061102  0.44078829]
2.5379170000061375	[ 0.48135396 -0.51063611  0.4407986 ]
2.5379180000061377	[ 0.48136526 -0.5106612   0.44080891]
2.537919000006138	[ 0.48137656 -0.51068628  0.44081922]
2.537920000006138	[ 0.48138786 -0.51071137  0.44082954]
2.537921000006138	[ 0.48139917 -0.51073646  0.44083986]
2.537922000006138	[ 0.48141048 -0.51076155  0.44085019]
2.5379230000061384	[ 0.48142179 -0.51078665  0.44086051]
2.5379240000061385	[ 0.4814331  -0.51081174  0.44087084]
2.5379250000061386	[ 0.48144442 -0.51083684  0.44088117]
2.5379260000061388	[ 0.48145574 -0.51086194  0.4408915 ]
2.537927000006139	[ 0.48146706 -0.51088704  0.44090184]
2.537928000006139	[ 0.48147837 -0.51091215  0.44091217]
2.537929000006139	[ 0.48148969 -0.51093727  0.4409225 ]
2.5379300000061393	[ 0.48150101 -0.51096239  0.44093283]
2.5379310000061395	[ 0.48151233 -0.51098751  0.44094316]
2.5379320000061396	[ 0.48152364 -0.51101263  0.44095349]
2.5379330000061397	[ 0.48153496 -0.51103776  0.44096382]
2.53793400000614	[ 0.48154627 -0.51106288  0.44097414]
2.53793500000614	[ 0.48155758 -0.511088    0.44098447]
2.53793600000614	[ 0.48156889 -0.51111312  0.44099479]
2.5379370000061403	[ 0.4815802  -0.51113824  0.44100512]
2.5379380000061404	[ 0.4815915  -0.51116335  0.44101544]
2.5379390000061406	[ 0.48160281 -0.51118846  0.44102576]
2.5379400000061407	[ 0.48161413 -0.51121356  0.44103609]
2.537941000006141	[ 0.48162545 -0.51123866  0.44104642]
2.537942000006141	[ 0.48163677 -0.51126375  0.44105676]
2.537943000006141	[ 0.4816481  -0.51128884  0.4410671 ]
2.5379440000061413	[ 0.48165943 -0.51131394  0.44107745]
2.5379450000061414	[ 0.48167078 -0.51133904  0.4410878 ]
2.5379460000061416	[ 0.48168212 -0.51136414  0.44109816]
2.5379470000061417	[ 0.48169348 -0.51138925  0.44110853]
2.537948000006142	[ 0.48170484 -0.51141436  0.4411189 ]
2.537949000006142	[ 0.4817162  -0.51143949  0.44112927]
2.537950000006142	[ 0.48172757 -0.51146462  0.44113965]
2.5379510000061423	[ 0.48173894 -0.51148976  0.44115002]
2.5379520000061424	[ 0.48175031 -0.5115149   0.4411604 ]
2.5379530000061425	[ 0.48176167 -0.51154005  0.44117078]
2.5379540000061427	[ 0.48177304 -0.51156521  0.44118115]
2.537955000006143	[ 0.4817844  -0.51159036  0.44119153]
2.537956000006143	[ 0.48179577 -0.51161552  0.4412019 ]
2.537957000006143	[ 0.48180713 -0.51164067  0.44121227]
2.5379580000061432	[ 0.48181849 -0.51166583  0.44122265]
2.5379590000061434	[ 0.48182985 -0.51169099  0.44123302]
2.5379600000061435	[ 0.48184122 -0.51171615  0.44124339]
2.5379610000061437	[ 0.48185258 -0.51174132  0.44125377]
2.537962000006144	[ 0.48186395 -0.51176649  0.44126414]
2.537963000006144	[ 0.48187532 -0.51179167  0.44127453]
2.537964000006144	[ 0.4818867  -0.51181685  0.44128491]
2.5379650000061442	[ 0.48189808 -0.51184205  0.4412953 ]
2.5379660000061444	[ 0.48190947 -0.51186725  0.44130569]
2.5379670000061445	[ 0.48192086 -0.51189247  0.44131609]
2.5379680000061446	[ 0.48193225 -0.51191769  0.44132649]
2.537969000006145	[ 0.48194365 -0.51194291  0.4413369 ]
2.537970000006145	[ 0.48195505 -0.51196814  0.44134731]
2.537971000006145	[ 0.48196645 -0.51199337  0.44135772]
2.537972000006145	[ 0.48197786 -0.51201859  0.44136813]
2.5379730000061453	[ 0.48198927 -0.51204381  0.44137855]
2.5379740000061455	[ 0.48200069 -0.51206903  0.44138897]
2.5379750000061456	[ 0.48201211 -0.51209424  0.4413994 ]
2.5379760000061458	[ 0.48202353 -0.51211944  0.44140982]
2.537977000006146	[ 0.48203495 -0.51214463  0.44142025]
2.537978000006146	[ 0.48204638 -0.51216982  0.44143068]
2.537979000006146	[ 0.48205781 -0.51219501  0.44144112]
2.5379800000061463	[ 0.48206924 -0.5122202   0.44145155]
2.5379810000061465	[ 0.48208068 -0.51224539  0.44146199]
2.5379820000061466	[ 0.48209211 -0.51227058  0.44147243]
2.5379830000061467	[ 0.48210355 -0.51229579  0.44148287]
2.537984000006147	[ 0.48211499 -0.512321    0.44149331]
2.537985000006147	[ 0.48212642 -0.51234622  0.44150376]
2.537986000006147	[ 0.48213786 -0.51237144  0.4415142 ]
2.5379870000061473	[ 0.4821493  -0.51239668  0.44152464]
2.5379880000061474	[ 0.48216074 -0.51242193  0.44153508]
2.5379890000061476	[ 0.48217217 -0.51244718  0.44154552]
2.5379900000061477	[ 0.48218361 -0.51247243  0.44155596]
2.537991000006148	[ 0.48219505 -0.51249769  0.4415664 ]
2.537992000006148	[ 0.48220648 -0.51252295  0.44157684]
2.537993000006148	[ 0.48221792 -0.51254821  0.44158728]
2.5379940000061483	[ 0.48222936 -0.51257348  0.44159773]
2.5379950000061484	[ 0.4822408  -0.51259874  0.44160817]
2.5379960000061486	[ 0.48225225 -0.512624    0.44161862]
2.5379970000061487	[ 0.48226369 -0.51264926  0.44162906]
2.537998000006149	[ 0.48227514 -0.51267453  0.44163951]
2.537999000006149	[ 0.48228658 -0.51269979  0.44164996]
2.538000000006149	[ 0.48229803 -0.51272506  0.44166041]
2.5380010000061493	[ 0.48230948 -0.51275033  0.44167086]
2.5380020000061494	[ 0.48232093 -0.51277561  0.44168132]
2.5380030000061495	[ 0.48233237 -0.51280089  0.44169177]
2.5380040000061497	[ 0.48234382 -0.51282616  0.44170222]
2.53800500000615	[ 0.48235527 -0.51285144  0.44171267]
2.53800600000615	[ 0.48236672 -0.51287672  0.44172312]
2.53800700000615	[ 0.48237817 -0.512902    0.44173358]
2.5380080000061502	[ 0.48238962 -0.51292728  0.44174403]
2.5380090000061504	[ 0.48240108 -0.51295256  0.44175449]
2.5380100000061505	[ 0.48241254 -0.51297784  0.44176495]
2.5380110000061507	[ 0.48242401 -0.51300312  0.44177542]
2.538012000006151	[ 0.48243548 -0.5130284   0.44178589]
2.538013000006151	[ 0.48244695 -0.51305369  0.44179637]
2.538014000006151	[ 0.48245843 -0.51307899  0.44180685]
2.538015000006151	[ 0.48246991 -0.51310429  0.44181733]
2.5380160000061514	[ 0.4824814  -0.51312961  0.44182782]
2.5380170000061515	[ 0.48249289 -0.51315493  0.44183831]
2.5380180000061516	[ 0.48250438 -0.51318027  0.4418488 ]
2.5380190000061518	[ 0.48251587 -0.51320562  0.44185928]
2.538020000006152	[ 0.48252735 -0.51323097  0.44186977]
2.538021000006152	[ 0.48253884 -0.51325633  0.44188025]
2.538022000006152	[ 0.48255032 -0.5132817   0.44189073]
2.5380230000061523	[ 0.48256179 -0.51330707  0.44190121]
2.5380240000061525	[ 0.48257326 -0.51333243  0.44191168]
2.5380250000061526	[ 0.48258473 -0.5133578   0.44192215]
2.5380260000061527	[ 0.4825962  -0.51338316  0.44193262]
2.538027000006153	[ 0.48260766 -0.51340852  0.44194309]
2.538028000006153	[ 0.48261912 -0.51343387  0.44195355]
2.538029000006153	[ 0.48263059 -0.51345922  0.44196402]
2.5380300000061533	[ 0.48264205 -0.51348457  0.44197449]
2.5380310000061534	[ 0.48265352 -0.51350992  0.44198495]
2.5380320000061536	[ 0.48266499 -0.51353528  0.44199543]
2.5380330000061537	[ 0.48267646 -0.51356064  0.4420059 ]
2.538034000006154	[ 0.48268794 -0.51358602  0.44201638]
2.538035000006154	[ 0.48269942 -0.5136114   0.44202686]
2.538036000006154	[ 0.4827109  -0.5136368   0.44203734]
2.5380370000061543	[ 0.48272239 -0.51366221  0.44204783]
2.5380380000061544	[ 0.48273388 -0.51368763  0.44205832]
2.5380390000061546	[ 0.48274537 -0.51371306  0.44206881]
2.5380400000061547	[ 0.48275576 -0.51373724  0.44207865]
2.538041000006155	[ 0.48276927 -0.5137642   0.44209064]
2.538042000006155	[ 0.48278074 -0.51378959  0.44210112]
2.538043000006155	[ 0.4827922  -0.51381502  0.44211158]
2.5380440000061553	[ 0.48280367 -0.51384046  0.44212205]
2.5380450000061554	[ 0.48281516 -0.5138659   0.44213253]
2.5380460000061555	[ 0.48282665 -0.51389135  0.44214303]
2.5380470000061557	[ 0.48283816 -0.5139168   0.44215354]
2.538048000006156	[ 0.48284969 -0.51394225  0.44216406]
2.538049000006156	[ 0.48286122 -0.51396771  0.44217459]
2.538050000006156	[ 0.48287277 -0.51399316  0.44218513]
2.5380510000061562	[ 0.48288433 -0.5140186   0.44219569]
2.5380520000061564	[ 0.4828959  -0.51404404  0.44220625]
2.5380530000061565	[ 0.48290748 -0.51406946  0.44221682]
2.5380540000061567	[ 0.48291906 -0.51409488  0.44222739]
2.538055000006157	[ 0.48293065 -0.51412029  0.44223797]
2.538056000006157	[ 0.48294224 -0.51414569  0.44224856]
2.538057000006157	[ 0.48295383 -0.51417108  0.44225914]
2.5380580000061572	[ 0.48296542 -0.51419647  0.44226972]
2.5380590000061574	[ 0.48297702 -0.51422187  0.44228031]
2.5380600000061575	[ 0.4829886  -0.51424726  0.44229089]
2.5380610000061576	[ 0.48300019 -0.51427266  0.44230146]
2.538062000006158	[ 0.48301177 -0.51429808  0.44231204]
2.538063000006158	[ 0.48302335 -0.51432351  0.4423226 ]
2.538064000006158	[ 0.48303492 -0.51434896  0.44233317]
2.538065000006158	[ 0.48304649 -0.51437443  0.44234373]
2.5380660000061583	[ 0.48305805 -0.51439992  0.44235429]
2.5380670000061585	[ 0.48306961 -0.51442543  0.44236484]
2.5380680000061586	[ 0.48308116 -0.51445096  0.44237539]
2.5380690000061588	[ 0.48309271 -0.5144765   0.44238594]
2.538070000006159	[ 0.48310426 -0.51450205  0.44239648]
2.538071000006159	[ 0.48311581 -0.51452761  0.44240702]
2.538072000006159	[ 0.48312736 -0.51455318  0.44241757]
2.5380730000061593	[ 0.48313892 -0.51457874  0.44242812]
2.5380740000061595	[ 0.48315047 -0.51460429  0.44243867]
2.5380750000061596	[ 0.48316203 -0.51462984  0.44244922]
2.5380760000061597	[ 0.4831736  -0.51465538  0.44245979]
2.53807700000616	[ 0.48318517 -0.51468091  0.44247035]
2.53807800000616	[ 0.48319675 -0.51470643  0.44248092]
2.53807900000616	[ 0.48320834 -0.51473194  0.4424915 ]
2.5380800000061603	[ 0.48321993 -0.51475744  0.44250208]
2.5380810000061604	[ 0.48323152 -0.51478293  0.44251267]
2.5380820000061606	[ 0.48324312 -0.51480843  0.44252325]
2.5380830000061607	[ 0.48325471 -0.51483392  0.44253384]
2.538084000006161	[ 0.4832663  -0.51485942  0.44254442]
2.538085000006161	[ 0.48327789 -0.51488492  0.442555  ]
2.538086000006161	[ 0.48328947 -0.51491042  0.44256558]
2.5380870000061613	[ 0.48330104 -0.51493593  0.44257614]
2.5380880000061614	[ 0.48331261 -0.51496145  0.4425867 ]
2.5380890000061616	[ 0.48332416 -0.51498697  0.44259725]
2.5380900000061617	[ 0.48333571 -0.51501249  0.44260779]
2.538091000006162	[ 0.48334725 -0.51503801  0.44261833]
2.538092000006162	[ 0.48335878 -0.51506352  0.44262886]
2.538093000006162	[ 0.48337031 -0.51508904  0.44263938]
2.5380940000061623	[ 0.48338183 -0.51511455  0.44264991]
2.5380950000061624	[ 0.48339336 -0.51514006  0.44266043]
2.5380960000061625	[ 0.48340489 -0.51516556  0.44267096]
2.5380970000061627	[ 0.48341643 -0.51519107  0.44268149]
2.538098000006163	[ 0.48342798 -0.51521658  0.44269203]
2.538099000006163	[ 0.48343953 -0.5152421   0.44270258]
2.538100000006163	[ 0.4834511  -0.51526762  0.44271314]
2.5381010000061632	[ 0.48346267 -0.51529316  0.44272371]
2.5381020000061634	[ 0.48347426 -0.51531871  0.44273429]
2.5381030000061635	[ 0.48348586 -0.51534428  0.44274488]
2.5381040000061637	[ 0.48349747 -0.51536985  0.44275548]
2.538105000006164	[ 0.48350908 -0.51539544  0.44276608]
2.538106000006164	[ 0.4835207  -0.51542105  0.44277669]
2.538107000006164	[ 0.48353232 -0.51544666  0.4427873 ]
2.538108000006164	[ 0.48354395 -0.51547227  0.44279792]
2.5381090000061644	[ 0.48355557 -0.51549789  0.44280853]
2.5381100000061645	[ 0.48356719 -0.5155235   0.44281914]
2.5381110000061646	[ 0.48357881 -0.51554911  0.44282975]
2.5381120000061648	[ 0.48359042 -0.51557471  0.44284035]
2.538113000006165	[ 0.48360203 -0.5156003   0.44285095]
2.538114000006165	[ 0.48361363 -0.51562588  0.44286154]
2.538115000006165	[ 0.48362523 -0.51565145  0.44287213]
2.5381160000061653	[ 0.48363681 -0.51567701  0.44288271]
2.5381170000061655	[ 0.48364839 -0.51570256  0.44289328]
2.5381180000061656	[ 0.48365996 -0.51572811  0.44290384]
2.5381190000061657	[ 0.48367152 -0.51575366  0.4429144 ]
2.538120000006166	[ 0.48368308 -0.5157792   0.44292495]
2.538121000006166	[ 0.48369462 -0.51580475  0.44293549]
2.538122000006166	[ 0.48370616 -0.5158303   0.44294602]
2.5381230000061663	[ 0.48371769 -0.51585586  0.44295655]
2.5381240000061664	[ 0.48372922 -0.51588142  0.44296707]
2.5381250000061666	[ 0.48374073 -0.51590698  0.44297759]
2.5381260000061667	[ 0.48375225 -0.51593255  0.4429881 ]
2.538127000006167	[ 0.48376376 -0.51595811  0.44299862]
2.538128000006167	[ 0.48377528 -0.51598368  0.44300913]
2.538129000006167	[ 0.48378679 -0.51600924  0.44301964]
2.5381300000061673	[ 0.48379831 -0.51603479  0.44303016]
2.5381310000061674	[ 0.48380983 -0.51606035  0.44304068]
2.5381320000061676	[ 0.48382136 -0.5160859   0.4430512 ]
2.5381330000061677	[ 0.48383289 -0.51611146  0.44306173]
2.538134000006168	[ 0.48384443 -0.51613701  0.44307227]
2.538135000006168	[ 0.48385598 -0.51616258  0.44308281]
2.538136000006168	[ 0.48386753 -0.51618815  0.44309336]
2.5381370000061683	[ 0.4838791  -0.51621373  0.44310392]
2.5381380000061684	[ 0.48389067 -0.51623933  0.44311449]
2.5381390000061685	[ 0.48390225 -0.51626494  0.44312506]
2.5381400000061687	[ 0.48391383 -0.51629057  0.44313564]
2.538141000006169	[ 0.48392542 -0.51631622  0.44314622]
2.538142000006169	[ 0.48393701 -0.51634188  0.4431568 ]
2.538143000006169	[ 0.48394861 -0.51636756  0.44316739]
2.5381440000061692	[ 0.48396021 -0.51639325  0.44317798]
2.5381450000061694	[ 0.48397181 -0.51641894  0.44318858]
2.5381460000061695	[ 0.48398341 -0.51644464  0.44319917]
2.5381470000061697	[ 0.48399501 -0.51647034  0.44320976]
2.53814800000617	[ 0.48400661 -0.51649604  0.44322035]
2.53814900000617	[ 0.48401821 -0.51652173  0.44323094]
2.53815000000617	[ 0.4840298  -0.51654742  0.44324152]
2.53815100000617	[ 0.48404139 -0.5165731   0.4432521 ]
2.5381520000061704	[ 0.48405297 -0.51659878  0.44326268]
2.5381530000061705	[ 0.48406455 -0.51662444  0.44327325]
2.5381540000061706	[ 0.48407613 -0.51665011  0.44328382]
2.538155000006171	[ 0.4840877  -0.51667577  0.44329439]
2.538156000006171	[ 0.48409927 -0.51670143  0.44330495]
2.538157000006171	[ 0.48411083 -0.51672709  0.44331551]
2.538158000006171	[ 0.4841224  -0.51675275  0.44332607]
2.5381590000061713	[ 0.48413396 -0.51677842  0.44333663]
2.5381600000061715	[ 0.48414553 -0.51680409  0.44334719]
2.5381610000061716	[ 0.4841571  -0.51682976  0.44335775]
2.5381620000061718	[ 0.48416867 -0.51685544  0.44336832]
2.538163000006172	[ 0.48418026 -0.51688112  0.4433789 ]
2.538164000006172	[ 0.48419185 -0.51690681  0.44338948]
2.538165000006172	[ 0.48420345 -0.51693249  0.44340007]
2.5381660000061723	[ 0.48421506 -0.51695818  0.44341067]
2.5381670000061725	[ 0.48422668 -0.51698386  0.44342128]
2.5381680000061726	[ 0.48423831 -0.51700954  0.4434319 ]
2.5381690000061727	[ 0.48424995 -0.51703522  0.44344253]
2.538170000006173	[ 0.48426159 -0.51706089  0.44345316]
2.538171000006173	[ 0.48427325 -0.51708657  0.4434638 ]
2.538172000006173	[ 0.4842849  -0.51711224  0.44347445]
2.5381730000061733	[ 0.48429657 -0.5171379   0.4434851 ]
2.5381740000061734	[ 0.48430823 -0.51716357  0.44349574]
2.5381750000061736	[ 0.48431989 -0.51718924  0.44350639]
2.5381760000061737	[ 0.48433155 -0.51721491  0.44351704]
2.538177000006174	[ 0.48434321 -0.51724059  0.44352769]
2.538178000006174	[ 0.48435486 -0.51726626  0.44353833]
2.538179000006174	[ 0.48436651 -0.51729195  0.44354896]
2.5381800000061743	[ 0.48437815 -0.51731764  0.44355959]
2.5381810000061744	[ 0.48438978 -0.51734333  0.44357021]
2.5381820000061746	[ 0.48440141 -0.51736904  0.44358083]
2.5381830000061747	[ 0.48441303 -0.51739475  0.44359143]
2.538184000006175	[ 0.48442464 -0.51742047  0.44360204]
2.538185000006175	[ 0.48443624 -0.51744619  0.44361263]
2.538186000006175	[ 0.48444784 -0.51747192  0.44362323]
2.5381870000061753	[ 0.48445944 -0.51749766  0.44363382]
2.5381880000061754	[ 0.48447104 -0.5175234   0.4436444 ]
2.5381890000061755	[ 0.48448263 -0.51754915  0.44365499]
2.5381900000061757	[ 0.48449423 -0.5175749   0.44366558]
2.538191000006176	[ 0.48450584 -0.51760065  0.44367618]
2.538192000006176	[ 0.48451745 -0.5176264   0.44368678]
2.538193000006176	[ 0.48452907 -0.51765215  0.44369739]
2.5381940000061762	[ 0.4845407  -0.5176779   0.44370801]
2.5381950000061764	[ 0.48455235 -0.51770365  0.44371865]
2.5381960000061765	[ 0.48456401 -0.5177294   0.44372929]
2.5381970000061767	[ 0.48457568 -0.51775516  0.44373995]
2.538198000006177	[ 0.48458737 -0.51778092  0.44375063]
2.538199000006177	[ 0.48459953 -0.51780696  0.44376175]
2.538200000006177	[ 0.48461044 -0.51783205  0.44377167]
2.538201000006177	[ 0.48462299 -0.51785854  0.44378317]
2.5382020000061774	[ 0.48463392 -0.51788365  0.44379312]
2.5382030000061775	[ 0.48464649 -0.51791016  0.44380463]
2.5382040000061776	[ 0.48465788 -0.51793556  0.44381501]
2.5382050000061778	[ 0.48466965 -0.51796141  0.44382576]
2.538206000006178	[ 0.48468141 -0.51798726  0.4438365 ]
2.538207000006178	[ 0.48469317 -0.51801312  0.44384724]
2.538208000006178	[ 0.48470493 -0.51803898  0.44385797]
2.5382090000061783	[ 0.48471668 -0.51806483  0.4438687 ]
2.5382100000061785	[ 0.48472842 -0.51809069  0.44387942]
2.5382110000061786	[ 0.48474015 -0.51811653  0.44389013]
2.5382120000061787	[ 0.48475187 -0.51814236  0.44390084]
2.538213000006179	[ 0.48476359 -0.51816818  0.44391153]
2.538214000006179	[ 0.4847753  -0.51819399  0.44392222]
2.538215000006179	[ 0.484787   -0.51821978  0.44393291]
2.5382160000061793	[ 0.4847987  -0.51824556  0.44394359]
2.5382170000061794	[ 0.48481039 -0.51827132  0.44395427]
2.5382180000061796	[ 0.48482208 -0.51829708  0.44396494]
2.5382190000061797	[ 0.48483377 -0.51832284  0.44397562]
2.53822000000618	[ 0.48484546 -0.5183486   0.4439863 ]
2.53822100000618	[ 0.48485716 -0.51837436  0.44399697]
2.53822200000618	[ 0.48486885 -0.51840013  0.44400765]
2.5382230000061803	[ 0.48488055 -0.51842592  0.44401834]
2.5382240000061804	[ 0.48489226 -0.51845171  0.44402903]
2.5382250000061806	[ 0.48490397 -0.51847752  0.44403972]
2.5382260000061807	[ 0.48491569 -0.51850334  0.44405043]
2.538227000006181	[ 0.48492742 -0.51852917  0.44406114]
2.538228000006181	[ 0.48493916 -0.51855502  0.44407186]
2.538229000006181	[ 0.48495091 -0.51858087  0.44408258]
2.5382300000061813	[ 0.48496267 -0.51860673  0.44409332]
2.5382310000061814	[ 0.48497444 -0.51863259  0.44410407]
2.5382320000061815	[ 0.48498622 -0.51865845  0.44411483]
2.5382330000061817	[ 0.48499801 -0.51868432  0.44412559]
2.538234000006182	[ 0.48500981 -0.51871019  0.44413637]
2.538235000006182	[ 0.48502162 -0.51873606  0.44414715]
2.538236000006182	[ 0.48503343 -0.51876193  0.44415794]
2.5382370000061822	[ 0.48504525 -0.51878781  0.44416873]
2.5382380000061824	[ 0.48505706 -0.51881369  0.44417952]
2.5382390000061825	[ 0.48506888 -0.51883958  0.44419031]
2.5382400000061827	[ 0.48508133 -0.51886623  0.44420146]
2.538241000006183	[ 0.48509137 -0.51889052  0.44421098]
2.538242000006183	[ 0.48510497 -0.51891809  0.44422306]
2.538243000006183	[ 0.48511498 -0.51894232  0.44423254]
2.538244000006183	[ 0.48512855 -0.51896989  0.44424459]
2.5382450000061834	[ 0.48513854 -0.51899412  0.44425406]
2.5382460000061835	[ 0.48515208 -0.51902169  0.44426608]
2.5382470000061836	[ 0.48516205 -0.51904591  0.44427553]
2.538248000006184	[ 0.48517559 -0.51907345  0.44428754]
2.538249000006184	[ 0.48518554 -0.51909767  0.44429698]
2.538250000006184	[ 0.48519907 -0.51912518  0.44430898]
2.538251000006184	[ 0.48520902 -0.51914939  0.44431841]
2.5382520000061843	[ 0.48522255 -0.5191769   0.44433042]
2.5382530000061845	[ 0.48523251 -0.51920109  0.44433986]
2.5382540000061846	[ 0.48524605 -0.51922861  0.44435189]
2.5382550000061848	[ 0.48525603 -0.51925282  0.44436134]
2.538256000006185	[ 0.48526959 -0.51928037  0.44437338]
2.538257000006185	[ 0.48527959 -0.5193046   0.44438285]
2.538258000006185	[ 0.48529317 -0.51933219  0.44439491]
2.5382590000061853	[ 0.48530319 -0.51935647  0.44440441]
2.5382600000061855	[ 0.48531677 -0.51938409  0.44441647]
2.5382610000061856	[ 0.48532682 -0.51940842  0.44442599]
2.5382620000061857	[ 0.48534041 -0.51943608  0.44443805]
2.538263000006186	[ 0.48535047 -0.51946043  0.44444759]
2.538264000006186	[ 0.48536406 -0.5194881   0.44445964]
2.538265000006186	[ 0.48537414 -0.51951245  0.4444692 ]
2.5382660000061863	[ 0.48538771 -0.51954013  0.44448124]
2.5382670000061864	[ 0.48539781 -0.51956446  0.44449082]
2.5382680000061866	[ 0.48541137 -0.51959211  0.44450285]
2.5382690000061867	[ 0.48542148 -0.51961642  0.44451243]
2.538270000006187	[ 0.48543504 -0.51964403  0.44452446]
2.538271000006187	[ 0.48544516 -0.51966831  0.44453406]
2.538272000006187	[ 0.48545872 -0.51969589  0.44454608]
2.5382730000061873	[ 0.48546885 -0.51972014  0.44455569]
2.5382740000061874	[ 0.48548241 -0.51974771  0.44456772]
2.5382750000061876	[ 0.48549255 -0.51977196  0.44457733]
2.5382760000061877	[ 0.4855061  -0.51979953  0.44458935]
2.538277000006188	[ 0.48551625 -0.5198238   0.44459898]
2.538278000006188	[ 0.4855298  -0.51985139  0.44461099]
2.538279000006188	[ 0.48553995 -0.51987569  0.44462062]
2.5382800000061883	[ 0.48555348 -0.51990333  0.44463262]
2.5382810000061884	[ 0.48556363 -0.51992767  0.44464224]
2.5382820000061885	[ 0.48557714 -0.51995535  0.44465422]
2.5382830000061887	[ 0.48558728 -0.51997973  0.44466384]
2.538284000006189	[ 0.48560077 -0.52000744  0.4446758 ]
2.538285000006189	[ 0.48561091 -0.52003185  0.44468541]
2.538286000006189	[ 0.48562438 -0.52005958  0.44469736]
2.5382870000061892	[ 0.48563451 -0.52008401  0.44470697]
2.5382880000061894	[ 0.48564801 -0.52011173  0.44471894]
2.5382890000061895	[ 0.48565808 -0.52013616  0.44472849]
2.5382900000061897	[ 0.48567161 -0.52016388  0.4447405 ]
2.53829100000619	[ 0.4856817  -0.5201883   0.44475007]
2.53829200000619	[ 0.48569525 -0.52021602  0.44476208]
2.53829300000619	[ 0.48570537 -0.52024043  0.44477168]
2.53829400000619	[ 0.48571893 -0.52026813  0.44478371]
2.5382950000061903	[ 0.48572909 -0.52029254  0.44479334]
2.5382960000061905	[ 0.48574267 -0.52032023  0.44480539]
2.5382970000061906	[ 0.48575286 -0.52034463  0.44481505]
2.5382980000061908	[ 0.48576646 -0.52037236  0.44482711]
2.538299000006191	[ 0.48577668 -0.52039675  0.4448368 ]
2.538300000006191	[ 0.48579028 -0.52042449  0.44484887]
2.538301000006191	[ 0.48580052 -0.5204489   0.44485858]
2.5383020000061913	[ 0.48581412 -0.52047664  0.44487063]
2.5383030000061915	[ 0.48582436 -0.52050107  0.44488035]
2.5383040000061916	[ 0.48583794 -0.52052882  0.44489239]
2.5383050000061917	[ 0.48584818 -0.52055328  0.4449021 ]
2.538306000006192	[ 0.48586173 -0.520581    0.44491411]
2.538307000006192	[ 0.48587195 -0.52060549  0.44492381]
2.538308000006192	[ 0.48588547 -0.52063322  0.44493579]
2.5383090000061923	[ 0.48589568 -0.52065771  0.44494548]
2.5383100000061924	[ 0.48590938 -0.52068606  0.44495777]
2.5383110000061926	[ 0.48591955 -0.52070916  0.44496714]
2.5383120000061927	[ 0.48593304 -0.52073832  0.44497938]
2.538313000006193	[ 0.48594321 -0.5207614   0.44498875]
2.538314000006193	[ 0.48595667 -0.52079056  0.44500096]
2.538315000006193	[ 0.48596689 -0.52081366  0.44501038]
2.5383160000061933	[ 0.48598033 -0.52084282  0.44502256]
2.5383170000061934	[ 0.48599056 -0.52086592  0.44503199]
2.5383180000061936	[ 0.48600401 -0.52089509  0.44504419]
2.5383190000061937	[ 0.48601426 -0.5209182   0.44505363]
2.538320000006194	[ 0.48602772 -0.52094739  0.44506584]
2.538321000006194	[ 0.48603798 -0.52097051  0.4450753 ]
2.538322000006194	[ 0.48605145 -0.52099971  0.44508751]
2.5383230000061943	[ 0.48606173 -0.52102285  0.44509699]
2.5383240000061944	[ 0.48607521 -0.52105206  0.44510921]
2.5383250000061945	[ 0.4860855  -0.52107521  0.4451187 ]
2.5383260000061947	[ 0.48609898 -0.52110443  0.44513091]
2.538327000006195	[ 0.48610928 -0.52112759  0.44514041]
2.538328000006195	[ 0.48612275 -0.52115681  0.44515263]
2.538329000006195	[ 0.48613305 -0.52117996  0.44516212]
2.5383300000061952	[ 0.48614639 -0.52120852  0.44517407]
2.5383310000061954	[ 0.48615657 -0.52123306  0.44518373]
2.5383320000061955	[ 0.48617015 -0.52126086  0.44519577]
2.5383330000061957	[ 0.48618036 -0.52128537  0.44520545]
2.538334000006196	[ 0.48619393 -0.52131316  0.44521749]
2.538335000006196	[ 0.48620415 -0.52133766  0.44522718]
2.538336000006196	[ 0.48621771 -0.52136545  0.44523921]
2.538337000006196	[ 0.48622795 -0.52138994  0.44524891]
2.5383380000061964	[ 0.48624149 -0.52141775  0.44526092]
2.5383390000061965	[ 0.48625174 -0.52144224  0.44527064]
2.5383400000061966	[ 0.48626528 -0.52147006  0.44528265]
2.538341000006197	[ 0.48627553 -0.52149457  0.44529237]
2.538342000006197	[ 0.48628906 -0.5215224   0.44530437]
2.538343000006197	[ 0.48629932 -0.52154693  0.4453141 ]
2.538344000006197	[ 0.48631285 -0.52157478  0.44532609]
2.5383450000061973	[ 0.48632311 -0.52159933  0.44533582]
2.5383460000061975	[ 0.48633662 -0.52162719  0.4453478 ]
2.5383470000061976	[ 0.48634688 -0.52165176  0.44535753]
2.5383480000061978	[ 0.48636058 -0.52168024  0.44536983]
2.538349000006198	[ 0.48637083 -0.52170344  0.44537927]
2.538350000006198	[ 0.48638433 -0.52173275  0.44539152]
2.538351000006198	[ 0.48639457 -0.52175595  0.44540095]
2.5383520000061983	[ 0.48640788 -0.52178463  0.44541288]
2.5383530000061985	[ 0.48641811 -0.52180921  0.44542258]
2.5383540000061986	[ 0.48643161 -0.52183709  0.44543455]
2.5383550000061987	[ 0.48644186 -0.52186169  0.44544426]
2.538356000006199	[ 0.48645555 -0.52189019  0.44545656]
2.538357000006199	[ 0.48646578 -0.52191341  0.44546599]
2.538358000006199	[ 0.48647928 -0.52194271  0.44547823]
2.5383590000061993	[ 0.48648951 -0.52196593  0.44548765]
2.5383600000061994	[ 0.486503   -0.52199523  0.44549989]
2.5383610000061996	[ 0.48651324 -0.52201845  0.44550932]
2.5383620000061997	[ 0.48652671 -0.52204777  0.44552155]
2.5383630000062	[ 0.48653696 -0.52207097  0.44553099]
2.5383640000062	[ 0.48655043 -0.52210028  0.44554321]
2.5383650000062	[ 0.48656068 -0.52212348  0.44555266]
2.5383660000062003	[ 0.48657415 -0.52215279  0.44556487]
2.5383670000062004	[ 0.48658441 -0.52217598  0.44557432]
2.5383680000062006	[ 0.48659788 -0.52220528  0.44558654]
2.5383690000062007	[ 0.48660815 -0.52222846  0.445596  ]
2.538370000006201	[ 0.48662162 -0.52225774  0.44560822]
2.538371000006201	[ 0.4866319  -0.52228091  0.44561769]
2.538372000006201	[ 0.48664538 -0.52231019  0.44562992]
2.5383730000062013	[ 0.48665567 -0.52233336  0.44563941]
2.5383740000062014	[ 0.48666916 -0.52236264  0.44565164]
2.5383750000062015	[ 0.48667948 -0.52238581  0.44566115]
2.5383760000062017	[ 0.48669298 -0.52241509  0.44567339]
2.538377000006202	[ 0.48670331 -0.52243827  0.44568291]
2.538378000006202	[ 0.48671682 -0.52246757  0.44569517]
2.538379000006202	[ 0.48672716 -0.52249076  0.4457047 ]
2.5383800000062022	[ 0.48674068 -0.52252007  0.44571696]
2.5383810000062024	[ 0.48675103 -0.52254328  0.44572649]
2.5383820000062025	[ 0.48676455 -0.52257261  0.44573875]
2.5383830000062026	[ 0.4867749  -0.52259584  0.4457483 ]
2.538384000006203	[ 0.48678841 -0.52262518  0.44576055]
2.538385000006203	[ 0.48679877 -0.52264843  0.44577009]
2.538386000006203	[ 0.48681227 -0.52267778  0.44578234]
2.538387000006203	[ 0.48682262 -0.52270104  0.44579188]
2.5383880000062033	[ 0.48683611 -0.52273039  0.44580411]
2.5383890000062035	[ 0.48684646 -0.52275365  0.44581365]
2.5383900000062036	[ 0.48685994 -0.52278301  0.44582588]
2.5383910000062038	[ 0.48687029 -0.52280627  0.44583541]
2.538392000006204	[ 0.48688376 -0.52283563  0.44584763]
2.538393000006204	[ 0.48689411 -0.52285889  0.44585717]
2.538394000006204	[ 0.48690758 -0.52288826  0.44586938]
2.5383950000062043	[ 0.48691793 -0.52291152  0.44587892]
2.5383960000062045	[ 0.48693139 -0.52294089  0.44589113]
2.5383970000062046	[ 0.48694175 -0.52296415  0.44590068]
2.5383980000062047	[ 0.48695521 -0.52299352  0.44591288]
2.538399000006205	[ 0.48696557 -0.5230168   0.44592243]
2.538400000006205	[ 0.48697902 -0.52304618  0.44593463]
2.538401000006205	[ 0.48698939 -0.52306946  0.44594418]
2.5384020000062053	[ 0.48700284 -0.52309885  0.44595639]
2.5384030000062054	[ 0.48701321 -0.52312215  0.44596594]
2.5384040000062056	[ 0.48702666 -0.52315155  0.44597814]
2.5384050000062057	[ 0.48703782 -0.5231763   0.44598835]
2.538406000006206	[ 0.4870497  -0.52320266  0.4459992 ]
2.538407000006206	[ 0.48706164 -0.52322902  0.4460101 ]
2.538408000006206	[ 0.48707357 -0.52325539  0.446021  ]
2.5384090000062063	[ 0.48708552 -0.52328176  0.44603191]
2.5384100000062064	[ 0.48709747 -0.52330814  0.44604282]
2.5384110000062066	[ 0.48710943 -0.52333451  0.44605374]
2.5384120000062067	[ 0.48712139 -0.52336089  0.44606467]
2.538413000006207	[ 0.48713336 -0.52338726  0.44607561]
2.538414000006207	[ 0.48714535 -0.52341364  0.44608655]
2.538415000006207	[ 0.48715734 -0.52344001  0.4460975 ]
2.5384160000062073	[ 0.48716933 -0.5234664   0.44610846]
2.5384170000062074	[ 0.48718133 -0.52349278  0.44611942]
2.5384180000062075	[ 0.48719334 -0.52351917  0.44613038]
2.5384190000062077	[ 0.48720535 -0.52354557  0.44614135]
2.538420000006208	[ 0.48721736 -0.52357196  0.44615232]
2.538421000006208	[ 0.48722937 -0.52359837  0.44616329]
2.538422000006208	[ 0.48724137 -0.52362477  0.44617425]
2.5384230000062082	[ 0.48725338 -0.52365118  0.44618522]
2.5384240000062084	[ 0.48726538 -0.52367759  0.44619618]
2.5384250000062085	[ 0.48727738 -0.52370399  0.44620714]
2.5384260000062087	[ 0.48728937 -0.5237304   0.44621809]
2.538427000006209	[ 0.48730136 -0.52375679  0.44622904]
2.538428000006209	[ 0.48731335 -0.52378318  0.44623999]
2.538429000006209	[ 0.48732533 -0.52380956  0.44625093]
2.538430000006209	[ 0.48733731 -0.52383594  0.44626187]
2.5384310000062094	[ 0.48734929 -0.5238623   0.44627281]
2.5384320000062095	[ 0.48736127 -0.52388866  0.44628376]
2.5384330000062096	[ 0.48737325 -0.52391501  0.4462947 ]
2.53843400000621	[ 0.48738524 -0.52394136  0.44630565]
2.53843500000621	[ 0.48739723 -0.52396771  0.4463166 ]
2.53843600000621	[ 0.48740923 -0.52399407  0.44632756]
2.53843700000621	[ 0.48742124 -0.52402043  0.44633853]
2.5384380000062103	[ 0.48743326 -0.5240468   0.44634951]
2.5384390000062105	[ 0.48744528 -0.52407319  0.44636049]
2.5384400000062106	[ 0.48745731 -0.52409959  0.44637148]
2.5384410000062108	[ 0.48746935 -0.52412601  0.44638247]
2.538442000006211	[ 0.4874814  -0.52415246  0.44639348]
2.538443000006211	[ 0.48749345 -0.52417892  0.44640448]
2.538444000006211	[ 0.48750551 -0.5242054   0.4464155 ]
2.5384450000062113	[ 0.48751756 -0.5242319   0.44642651]
2.5384460000062115	[ 0.48752962 -0.52425841  0.44643752]
2.5384470000062116	[ 0.48754168 -0.52428494  0.44644853]
2.5384480000062117	[ 0.48755373 -0.52431147  0.44645954]
2.538449000006212	[ 0.48756579 -0.52433801  0.44647055]
2.538450000006212	[ 0.48757783 -0.52436455  0.44648156]
2.538451000006212	[ 0.48758988 -0.52439109  0.44649256]
2.5384520000062123	[ 0.48760192 -0.52441762  0.44650356]
2.5384530000062124	[ 0.48761396 -0.52444415  0.44651455]
2.5384540000062126	[ 0.48762599 -0.52447068  0.44652554]
2.5384550000062127	[ 0.48763803 -0.52449719  0.44653654]
2.538456000006213	[ 0.48765006 -0.5245237   0.44654753]
2.538457000006213	[ 0.4876621  -0.52455021  0.44655852]
2.538458000006213	[ 0.48767413 -0.52457671  0.44656951]
2.5384590000062133	[ 0.48768617 -0.52460321  0.44658051]
2.5384600000062134	[ 0.48769821 -0.52462971  0.4465915 ]
2.5384610000062136	[ 0.48771026 -0.5246562   0.44660251]
2.5384620000062137	[ 0.48772231 -0.5246827   0.44661351]
2.538463000006214	[ 0.48773436 -0.52470919  0.44662452]
2.538464000006214	[ 0.48774642 -0.52473569  0.44663553]
2.538465000006214	[ 0.48775848 -0.52476218  0.44664655]
2.5384660000062143	[ 0.48777055 -0.52478867  0.44665758]
2.5384670000062144	[ 0.48778263 -0.52481516  0.44666861]
2.5384680000062145	[ 0.48779471 -0.52484164  0.44667964]
2.5384690000062147	[ 0.48780679 -0.52486813  0.44669068]
2.538470000006215	[ 0.48781889 -0.52489461  0.44670172]
2.538471000006215	[ 0.48783099 -0.5249211   0.44671278]
2.538472000006215	[ 0.48784309 -0.52494759  0.44672383]
2.5384730000062152	[ 0.48785521 -0.52497408  0.4467349 ]
2.5384740000062154	[ 0.48786733 -0.52500058  0.44674597]
2.5384750000062155	[ 0.48787945 -0.52502709  0.44675704]
2.5384760000062156	[ 0.48789158 -0.52505362  0.44676812]
2.538477000006216	[ 0.48790371 -0.52508015  0.4467792 ]
2.538478000006216	[ 0.48791584 -0.52510671  0.44679028]
2.538479000006216	[ 0.48792797 -0.52513327  0.44680136]
2.538480000006216	[ 0.4879401  -0.52515986  0.44681244]
2.5384810000062163	[ 0.48795223 -0.52518645  0.44682352]
2.5384820000062165	[ 0.48796436 -0.52521306  0.4468346 ]
2.5384830000062166	[ 0.48797648 -0.52523967  0.44684567]
2.5384840000062168	[ 0.4879886  -0.52526629  0.44685673]
2.538485000006217	[ 0.48800071 -0.5252929   0.4468678 ]
2.538486000006217	[ 0.48801281 -0.52531951  0.44687885]
2.538487000006217	[ 0.48802491 -0.52534613  0.4468899 ]
2.5384880000062173	[ 0.488037   -0.52537273  0.44690095]
2.5384890000062175	[ 0.48804909 -0.52539933  0.44691199]
2.5384900000062176	[ 0.48806117 -0.52542591  0.44692303]
2.5384910000062177	[ 0.48807326 -0.5254525   0.44693406]
2.538492000006218	[ 0.48808533 -0.52547907  0.44694509]
2.538493000006218	[ 0.48809741 -0.52550565  0.44695613]
2.538494000006218	[ 0.48810949 -0.52553223  0.44696716]
2.5384950000062183	[ 0.48812157 -0.52555881  0.4469782 ]
2.5384960000062184	[ 0.48813366 -0.5255854   0.44698923]
2.5384970000062186	[ 0.48814574 -0.52561199  0.44700027]
2.5384980000062187	[ 0.48815784 -0.5256386   0.44701132]
2.538499000006219	[ 0.48816993 -0.52566522  0.44702236]
2.538500000006219	[ 0.48818203 -0.52569185  0.44703342]
2.538501000006219	[ 0.48819414 -0.52571849  0.44704447]
2.5385020000062193	[ 0.48820625 -0.52574514  0.44705554]
2.5385030000062194	[ 0.48821837 -0.52577179  0.44706661]
2.5385040000062196	[ 0.48823049 -0.52579845  0.44707768]
2.5385050000062197	[ 0.48824262 -0.52582511  0.44708876]
2.53850600000622	[ 0.48825476 -0.52585178  0.44709985]
2.53850700000622	[ 0.48826691 -0.52587844  0.44711094]
2.53850800000622	[ 0.48827906 -0.52590511  0.44712204]
2.5385090000062203	[ 0.48829121 -0.52593177  0.44713314]
2.5385100000062204	[ 0.48830337 -0.52595843  0.44714424]
2.5385110000062205	[ 0.48831553 -0.5259851   0.44715535]
2.5385120000062207	[ 0.48832769 -0.52601176  0.44716646]
2.538513000006221	[ 0.48833985 -0.52603843  0.44717757]
2.538514000006221	[ 0.48835202 -0.5260651   0.44718868]
2.538515000006221	[ 0.48836417 -0.52609177  0.44719978]
2.5385160000062212	[ 0.48837633 -0.52611845  0.44721089]
2.5385170000062214	[ 0.48838848 -0.52614514  0.44722198]
2.5385180000062215	[ 0.48840062 -0.52617183  0.44723308]
2.5385190000062217	[ 0.48841276 -0.52619852  0.44724416]
2.538520000006222	[ 0.4884249  -0.52622522  0.44725525]
2.538521000006222	[ 0.48843703 -0.52625192  0.44726633]
2.538522000006222	[ 0.48844915 -0.52627862  0.4472774 ]
2.538523000006222	[ 0.48846128 -0.52630532  0.44728848]
2.5385240000062224	[ 0.4884734  -0.52633202  0.44729955]
2.5385250000062225	[ 0.48848552 -0.52635872  0.44731063]
2.5385260000062226	[ 0.48849765 -0.52638543  0.4473217 ]
2.538527000006223	[ 0.48850977 -0.52641213  0.44733278]
2.538528000006223	[ 0.4885219  -0.52643883  0.44734386]
2.538529000006223	[ 0.48853404 -0.52646554  0.44735494]
2.538530000006223	[ 0.48854617 -0.52649225  0.44736603]
2.5385310000062233	[ 0.48855832 -0.52651897  0.44737712]
2.5385320000062235	[ 0.48857046 -0.52654569  0.44738821]
2.5385330000062236	[ 0.48858261 -0.52657242  0.44739931]
2.5385340000062238	[ 0.48859477 -0.52659915  0.44741042]
2.538535000006224	[ 0.48860693 -0.52662588  0.44742152]
2.538536000006224	[ 0.48861909 -0.52665262  0.44743263]
2.538537000006224	[ 0.48863126 -0.52667936  0.44744374]
2.5385380000062243	[ 0.48864342 -0.52670611  0.44745486]
2.5385390000062245	[ 0.48865559 -0.52673286  0.44746597]
2.5385400000062246	[ 0.48866777 -0.52675961  0.44747709]
2.5385410000062247	[ 0.48867994 -0.52678637  0.44748821]
2.538542000006225	[ 0.48869212 -0.52681313  0.44749934]
2.538543000006225	[ 0.4887043  -0.52683989  0.44751046]
2.538544000006225	[ 0.48871648 -0.52686666  0.44752159]
2.5385450000062253	[ 0.48872866 -0.52689344  0.44753272]
2.5385460000062254	[ 0.48874084 -0.52692022  0.44754384]
2.5385470000062256	[ 0.48875303 -0.526947    0.44755498]
2.5385480000062257	[ 0.48876521 -0.5269738   0.44756611]
2.538549000006226	[ 0.4887774  -0.5270006   0.44757724]
2.538550000006226	[ 0.48878959 -0.5270274   0.44758837]
2.538551000006226	[ 0.48880177 -0.52705422  0.4475995 ]
2.5385520000062263	[ 0.48881395 -0.52708103  0.44761062]
2.5385530000062264	[ 0.48882613 -0.52710785  0.44762175]
2.5385540000062266	[ 0.4888383  -0.52713468  0.44763287]
2.5385550000062267	[ 0.48885048 -0.5271615   0.44764399]
2.538556000006227	[ 0.48886265 -0.52718832  0.44765511]
2.538557000006227	[ 0.48887482 -0.52721513  0.44766622]
2.538558000006227	[ 0.48888698 -0.52724195  0.44767733]
2.5385590000062273	[ 0.48889914 -0.52726875  0.44768844]
2.5385600000062274	[ 0.48891131 -0.52729556  0.44769955]
2.5385610000062275	[ 0.48892347 -0.52732236  0.44771066]
2.5385620000062277	[ 0.48893563 -0.52734915  0.44772177]
2.538563000006228	[ 0.4889478  -0.52737595  0.44773288]
2.538564000006228	[ 0.48895996 -0.52740274  0.447744  ]
2.538565000006228	[ 0.48897213 -0.52742953  0.44775512]
2.5385660000062282	[ 0.48898435 -0.5274563   0.44776627]
2.5385670000062284	[ 0.48899648 -0.52748312  0.44777735]
2.5385680000062285	[ 0.48900867 -0.52750993  0.44778849]
2.5385690000062286	[ 0.48902086 -0.52753674  0.44779963]
2.538570000006229	[ 0.48903307 -0.52756356  0.44781077]
2.538571000006229	[ 0.48904527 -0.52759039  0.44782192]
2.538572000006229	[ 0.48905749 -0.52761723  0.44783308]
2.538573000006229	[ 0.48906971 -0.52764407  0.44784425]
2.5385740000062293	[ 0.48908194 -0.52767093  0.44785541]
2.5385750000062295	[ 0.48909417 -0.52769779  0.44786659]
2.5385760000062296	[ 0.4891064  -0.52772466  0.44787776]
2.5385770000062298	[ 0.48911863 -0.52775153  0.44788894]
2.53857800000623	[ 0.48913087 -0.52777842  0.44790011]
2.53857900000623	[ 0.48914311 -0.5278053   0.44791129]
2.53858000000623	[ 0.48915534 -0.5278322   0.44792247]
2.5385810000062303	[ 0.48916757 -0.52785909  0.44793364]
2.5385820000062305	[ 0.4891798  -0.52788599  0.44794481]
2.5385830000062306	[ 0.48919203 -0.52791289  0.44795598]
2.5385840000062307	[ 0.48920425 -0.5279398   0.44796714]
2.538585000006231	[ 0.48921646 -0.5279667   0.4479783 ]
2.538586000006231	[ 0.48922867 -0.52799361  0.44798945]
2.538587000006231	[ 0.48924088 -0.52802051  0.4480006 ]
2.5385880000062313	[ 0.48925308 -0.52804742  0.44801175]
2.5385890000062314	[ 0.48926528 -0.52807432  0.44802289]
2.5385900000062316	[ 0.48927747 -0.52810123  0.44803403]
2.5385910000062317	[ 0.48928966 -0.52812813  0.44804516]
2.538592000006232	[ 0.48930185 -0.52815504  0.4480563 ]
2.538593000006232	[ 0.48931404 -0.52818195  0.44806743]
2.538594000006232	[ 0.48932622 -0.52820886  0.44807856]
2.5385950000062323	[ 0.48933841 -0.52823577  0.44808969]
2.5385960000062324	[ 0.48935059 -0.52826269  0.44810082]
2.5385970000062326	[ 0.48936278 -0.52828961  0.44811195]
2.5385980000062327	[ 0.48937496 -0.52831652  0.44812308]
2.538599000006233	[ 0.48938715 -0.52834344  0.44813422]
2.538600000006233	[ 0.48939934 -0.52837036  0.44814535]
2.538601000006233	[ 0.48941153 -0.52839727  0.44815649]
2.5386020000062333	[ 0.48942373 -0.52842418  0.44816763]
2.5386030000062334	[ 0.48943593 -0.52845109  0.44817878]
2.5386040000062335	[ 0.48944814 -0.528478    0.44818993]
2.5386050000062337	[ 0.48946036 -0.52850491  0.44820109]
2.538606000006234	[ 0.48947258 -0.52853181  0.44821226]
2.538607000006234	[ 0.48948482 -0.52855872  0.44822344]
2.538608000006234	[ 0.48949706 -0.52858563  0.44823462]
2.5386090000062342	[ 0.48950931 -0.52861255  0.44824581]
2.5386100000062344	[ 0.48952158 -0.52863947  0.44825701]
2.5386110000062345	[ 0.48953384 -0.5286664   0.44826822]
2.5386120000062347	[ 0.48954612 -0.52869335  0.44827943]
2.538613000006235	[ 0.4895584  -0.52872031  0.44829065]
2.538614000006235	[ 0.48957068 -0.52874729  0.44830187]
2.538615000006235	[ 0.48958296 -0.52877428  0.44831309]
2.538616000006235	[ 0.48959524 -0.52880129  0.4483243 ]
2.5386170000062354	[ 0.48960751 -0.52882831  0.44833552]
2.5386180000062355	[ 0.48961978 -0.52885533  0.44834673]
2.5386190000062356	[ 0.48963205 -0.52888237  0.44835793]
2.5386200000062358	[ 0.4896443  -0.5289094   0.44836913]
2.538621000006236	[ 0.48965655 -0.52893644  0.44838032]
2.538622000006236	[ 0.4896688  -0.52896347  0.4483915 ]
2.538623000006236	[ 0.48968104 -0.52899049  0.44840268]
2.5386240000062363	[ 0.48969327 -0.5290175   0.44841386]
2.5386250000062365	[ 0.4897055  -0.52904451  0.44842503]
2.5386260000062366	[ 0.48971773 -0.5290715   0.4484362 ]
2.5386270000062368	[ 0.48972996 -0.52909849  0.44844737]
2.538628000006237	[ 0.48974219 -0.52912547  0.44845855]
2.538629000006237	[ 0.48975443 -0.52915244  0.44846972]
2.538630000006237	[ 0.48976666 -0.52917942  0.4484809 ]
2.5386310000062373	[ 0.48977891 -0.5292064   0.44849209]
2.5386320000062375	[ 0.48979116 -0.52923338  0.44850328]
2.5386330000062376	[ 0.48980341 -0.52926038  0.44851447]
2.5386340000062377	[ 0.48981568 -0.52928738  0.44852567]
2.538635000006238	[ 0.48982794 -0.5293144   0.44853688]
2.538636000006238	[ 0.48984021 -0.52934142  0.44854809]
2.538637000006238	[ 0.48985249 -0.52936846  0.44855931]
2.5386380000062383	[ 0.48986477 -0.52939551  0.44857052]
2.5386390000062384	[ 0.48987706 -0.52942256  0.44858175]
2.5386400000062386	[ 0.48988934 -0.52944962  0.44859297]
2.5386410000062387	[ 0.48990163 -0.52947668  0.4486042 ]
2.538642000006239	[ 0.48991393 -0.52950374  0.44861543]
2.538643000006239	[ 0.48992623 -0.5295308   0.44862667]
2.538644000006239	[ 0.48993853 -0.52955786  0.44863791]
2.5386450000062393	[ 0.48995084 -0.52958491  0.44864915]
2.5386460000062394	[ 0.48996314 -0.52961196  0.44866039]
2.5386470000062396	[ 0.48997546 -0.52963901  0.44867164]
2.5386480000062397	[ 0.48998777 -0.52966606  0.44868289]
2.53864900000624	[ 0.49000009 -0.52969312  0.44869414]
2.53865000000624	[ 0.49001241 -0.52972018  0.44870539]
2.53865100000624	[ 0.49002473 -0.52974724  0.44871665]
2.5386520000062403	[ 0.49003704 -0.52977432  0.4487279 ]
2.5386530000062404	[ 0.49004936 -0.5298014   0.44873915]
2.5386540000062405	[ 0.49006168 -0.52982849  0.4487504 ]
2.5386550000062407	[ 0.49007399 -0.52985559  0.44876165]
2.538656000006241	[ 0.4900863 -0.5298827  0.4487729]
2.538657000006241	[ 0.49009861 -0.52990982  0.44878414]
2.538658000006241	[ 0.49011091 -0.52993693  0.44879538]
2.5386590000062412	[ 0.49012321 -0.52996406  0.44880662]
2.5386600000062414	[ 0.49013551 -0.52999118  0.44881786]
2.5386610000062415	[ 0.49014781 -0.5300183   0.44882909]
2.5386620000062416	[ 0.49016011 -0.53004542  0.44884033]
2.538663000006242	[ 0.49017242 -0.53007254  0.44885157]
2.538664000006242	[ 0.49018349 -0.53009758  0.44886173]
2.538665000006242	[ 0.4901982  -0.53012837  0.44887502]
2.538666000006242	[ 0.49020759 -0.53015255  0.44888383]
2.5386670000062423	[ 0.49022159 -0.5301813   0.44889655]
2.5386680000062425	[ 0.49023385 -0.53020829  0.44890774]
2.5386690000062426	[ 0.49024617 -0.5302354   0.448919  ]
2.5386700000062428	[ 0.49025849 -0.53026252  0.44893026]
2.538671000006243	[ 0.49027083 -0.53028965  0.44894153]
2.538672000006243	[ 0.49028316 -0.5303168   0.4489528 ]
2.538673000006243	[ 0.4902955  -0.53034397  0.44896407]
2.5386740000062433	[ 0.49030784 -0.53037115  0.44897534]
2.5386750000062435	[ 0.49032018 -0.53039834  0.44898661]
2.5386760000062436	[ 0.49033251 -0.53042554  0.44899788]
2.5386770000062437	[ 0.49034485 -0.53045274  0.44900915]
2.538678000006244	[ 0.49035718 -0.53047995  0.44902042]
2.538679000006244	[ 0.49036951 -0.53050715  0.44903168]
2.538680000006244	[ 0.49038184 -0.53053434  0.44904294]
2.5386810000062443	[ 0.49039417 -0.53056153  0.4490542 ]
2.5386820000062444	[ 0.49040649 -0.5305887   0.44906546]
2.5386830000062446	[ 0.49041882 -0.53061586  0.44907673]
2.5386840000062447	[ 0.49043115 -0.53064302  0.44908799]
2.538685000006245	[ 0.49044349 -0.53067016  0.44909926]
2.538686000006245	[ 0.49045583 -0.5306973   0.44911053]
2.538687000006245	[ 0.49046817 -0.53072443  0.44912181]
2.5386880000062453	[ 0.49048052 -0.53075157  0.44913309]
2.5386890000062454	[ 0.49049288 -0.53077872  0.44914438]
2.5386900000062456	[ 0.49050524 -0.53080587  0.44915568]
2.5386910000062457	[ 0.49051761 -0.53083304  0.44916697]
2.538692000006246	[ 0.49052998 -0.53086022  0.44917827]
2.538693000006246	[ 0.49054235 -0.53088742  0.44918957]
2.538694000006246	[ 0.49055472 -0.53091463  0.44920087]
2.5386950000062463	[ 0.49056709 -0.53094186  0.44921218]
2.5386960000062464	[ 0.49057945 -0.53096911  0.44922347]
2.5386970000062465	[ 0.49059182 -0.53099636  0.44923477]
2.5386980000062467	[ 0.49060419 -0.53102362  0.44924607]
2.538699000006247	[ 0.49061655 -0.53105088  0.44925737]
2.538700000006247	[ 0.49062891 -0.53107814  0.44926866]
2.538701000006247	[ 0.49064128 -0.53110539  0.44927996]
2.5387020000062472	[ 0.49065365 -0.53113264  0.44929126]
2.5387030000062474	[ 0.49066602 -0.53115988  0.44930256]
2.5387040000062475	[ 0.4906784  -0.53118711  0.44931387]
2.5387050000062477	[ 0.49069079 -0.53121433  0.44932518]
2.538706000006248	[ 0.49070318 -0.53124155  0.44933651]
2.538707000006248	[ 0.49071558 -0.53126876  0.44934784]
2.538708000006248	[ 0.49072799 -0.53129597  0.44935917]
2.538709000006248	[ 0.49074041 -0.53132318  0.44937052]
2.5387100000062484	[ 0.49075284 -0.53135039  0.44938187]
2.5387110000062485	[ 0.49076527 -0.53137761  0.44939323]
2.5387120000062486	[ 0.49077771 -0.53140484  0.44940459]
2.5387130000062488	[ 0.49079015 -0.53143207  0.44941596]
2.538714000006249	[ 0.49080259 -0.53145932  0.44942732]
2.538715000006249	[ 0.49081503 -0.53148658  0.44943869]
2.538716000006249	[ 0.49082747 -0.53151384  0.44945005]
2.5387170000062493	[ 0.4908399  -0.53154111  0.44946141]
2.5387180000062495	[ 0.49085233 -0.53156838  0.44947277]
2.5387190000062496	[ 0.49086475 -0.53159566  0.44948412]
2.5387200000062498	[ 0.49087717 -0.53162293  0.44949546]
2.53872100000625	[ 0.49088959 -0.53165021  0.44950681]
2.53872200000625	[ 0.49090251 -0.53167775  0.44951862]
2.53872300000625	[ 0.49091399 -0.53170431  0.44952908]
2.5387240000062503	[ 0.49092733 -0.5317323   0.44954131]
2.5387250000062505	[ 0.49093932 -0.53175911  0.44955223]
2.5387260000062506	[ 0.49095174 -0.53178637  0.44956358]
2.5387270000062507	[ 0.49096415 -0.53181363  0.44957492]
2.538728000006251	[ 0.49097658 -0.53184088  0.44958627]
2.538729000006251	[ 0.490989   -0.53186812  0.44959763]
2.538730000006251	[ 0.49100144 -0.53189537  0.44960899]
2.5387310000062513	[ 0.49101388 -0.53192261  0.44962035]
2.5387320000062514	[ 0.49102633 -0.53194986  0.44963173]
2.5387330000062516	[ 0.49103879 -0.53197711  0.44964311]
2.5387340000062517	[ 0.49105126 -0.53200435  0.4496545 ]
2.538735000006252	[ 0.49106373 -0.5320316   0.4496659 ]
2.538736000006252	[ 0.49107621 -0.53205886  0.4496773 ]
2.538737000006252	[ 0.49108869 -0.53208612  0.4496887 ]
2.5387380000062523	[ 0.49110118 -0.53211338  0.44970011]
2.5387390000062524	[ 0.49111367 -0.53214064  0.44971152]
2.5387400000062526	[ 0.49112616 -0.5321679   0.44972294]
2.5387410000062527	[ 0.49113866 -0.53219518  0.44973435]
2.538742000006253	[ 0.49115115 -0.53222245  0.44974577]
2.538743000006253	[ 0.49116364 -0.53224973  0.44975718]
2.538744000006253	[ 0.49117614 -0.53227701  0.44976859]
2.5387450000062532	[ 0.49118863 -0.53230429  0.44978001]
2.5387460000062534	[ 0.49120111 -0.53233158  0.44979141]
2.5387470000062535	[ 0.4912136  -0.53235887  0.44980282]
2.5387480000062537	[ 0.49122608 -0.53238617  0.44981423]
2.538749000006254	[ 0.49123856 -0.53241347  0.44982563]
2.538750000006254	[ 0.49125104 -0.53244077  0.44983703]
2.538751000006254	[ 0.49126352 -0.53246808  0.44984843]
2.5387520000062542	[ 0.49127599 -0.5324954   0.44985982]
2.5387530000062544	[ 0.49128846 -0.53252271  0.44987121]
2.5387540000062545	[ 0.49130093 -0.53255003  0.4498826 ]
2.5387550000062546	[ 0.49131339 -0.53257736  0.44989399]
2.538756000006255	[ 0.49132586 -0.53260469  0.44990538]
2.538757000006255	[ 0.49133832 -0.53263202  0.44991677]
2.538758000006255	[ 0.49135079 -0.53265936  0.44992816]
2.538759000006255	[ 0.49136325 -0.53268669  0.44993954]
2.5387600000062553	[ 0.49137572 -0.53271403  0.44995094]
2.5387610000062555	[ 0.49138819 -0.53274137  0.44996233]
2.5387620000062556	[ 0.49140067 -0.5327687   0.44997373]
2.5387630000062558	[ 0.49141374 -0.5327969   0.44998544]
2.538764000006256	[ 0.49142455 -0.53282247  0.4499957 ]
2.538765000006256	[ 0.49143875 -0.53285163  0.4500083 ]
2.538766000006256	[ 0.49144956 -0.53287713  0.45001855]
2.5387670000062563	[ 0.49146377 -0.53290629  0.45003116]
2.5387680000062565	[ 0.49147459 -0.53293179  0.45004142]
2.5387690000062566	[ 0.49148881 -0.53296095  0.45005403]
2.5387700000062567	[ 0.49149964 -0.53298647  0.45006431]
2.538771000006257	[ 0.49151386 -0.53301563  0.45007692]
2.538772000006257	[ 0.4915247  -0.53304115  0.4500872 ]
2.538773000006257	[ 0.49153892 -0.53307034  0.45009982]
2.5387740000062573	[ 0.49154976 -0.53309587  0.4501101 ]
2.5387750000062574	[ 0.49156398 -0.53312507  0.45012271]
2.5387760000062576	[ 0.49157481 -0.5331506   0.45013299]
2.5387770000062577	[ 0.49158903 -0.53317983  0.4501456 ]
2.538778000006258	[ 0.49159985 -0.53320537  0.45015586]
2.538779000006258	[ 0.49161406 -0.53323461  0.45016847]
2.538780000006258	[ 0.49162487 -0.53326016  0.45017873]
2.5387810000062583	[ 0.49163907 -0.53328941  0.45019132]
2.5387820000062584	[ 0.49164988 -0.53331497  0.45020157]
2.5387830000062586	[ 0.49166406 -0.53334421  0.45021415]
2.5387840000062587	[ 0.49167488 -0.53336978  0.45022441]
2.538785000006259	[ 0.49168905 -0.53339901  0.45023698]
2.538786000006259	[ 0.49169986 -0.53342458  0.45024724]
2.538787000006259	[ 0.49171402 -0.5334538   0.4502598 ]
2.5387880000062593	[ 0.49172485 -0.53347936  0.45027007]
2.5387890000062594	[ 0.491739   -0.53350858  0.45028262]
2.5387900000062595	[ 0.49174984 -0.53353414  0.4502929 ]
2.5387910000062597	[ 0.49176399 -0.53356335  0.45030545]
2.53879200000626	[ 0.49177484 -0.53358891  0.45031575]
2.53879300000626	[ 0.491789   -0.53361812  0.4503283 ]
2.53879400000626	[ 0.49179987 -0.53364369  0.45033861]
2.5387950000062602	[ 0.49181426 -0.53367357  0.45035153]
2.5387960000062604	[ 0.4918251  -0.53369768  0.45036152]
2.5387970000062605	[ 0.49183931 -0.53372844  0.45037442]
2.5387980000062607	[ 0.49185016 -0.53375256  0.45038442]
2.538799000006261	[ 0.49186438 -0.53378334  0.45039732]
2.538800000006261	[ 0.49187524 -0.5338075   0.45040733]
2.538801000006261	[ 0.49188946 -0.5338383   0.45042024]
2.538802000006261	[ 0.49190033 -0.53386249  0.45043026]
2.5388030000062614	[ 0.49191456 -0.53389332  0.45044317]
2.5388040000062615	[ 0.49192543 -0.53391753  0.45045319]
2.5388050000062616	[ 0.49193965 -0.53394838  0.45046609]
2.5388060000062618	[ 0.49195052 -0.53397261  0.45047612]
2.538807000006262	[ 0.49196473 -0.53400348  0.45048901]
2.538808000006262	[ 0.4919756  -0.53402772  0.45049903]
2.538809000006262	[ 0.49198944 -0.53405806  0.45051146]
2.5388100000062623	[ 0.49200066 -0.53408355  0.45052204]
2.5388110000062625	[ 0.49201449 -0.53411315  0.45053434]
2.5388120000062626	[ 0.49202619 -0.53413968  0.45054516]
2.5388130000062628	[ 0.49203868 -0.53416721  0.45055658]
2.538814000006263	[ 0.49205122 -0.53419473  0.45056803]
2.538815000006263	[ 0.49206375 -0.53422225  0.45057948]
2.538816000006263	[ 0.49207629 -0.53424977  0.45059094]
2.5388170000062633	[ 0.49208883 -0.53427729  0.45060239]
2.5388180000062635	[ 0.49210137 -0.53430481  0.45061386]
2.5388190000062636	[ 0.49211392 -0.53433233  0.45062532]
2.5388200000062637	[ 0.49212648 -0.53435985  0.4506368 ]
2.538821000006264	[ 0.49213905 -0.53438738  0.45064828]
2.538822000006264	[ 0.49215163 -0.53441492  0.45065977]
2.538823000006264	[ 0.49216421 -0.53444247  0.45067127]
2.5388240000062643	[ 0.4921768  -0.53447003  0.45068278]
2.5388250000062644	[ 0.4921894  -0.5344976   0.45069429]
2.5388260000062646	[ 0.492202   -0.53452519  0.4507058 ]
2.5388270000062647	[ 0.4922146  -0.53455278  0.45071732]
2.538828000006265	[ 0.49222721 -0.53458039  0.45072883]
2.538829000006265	[ 0.49223982 -0.53460801  0.45074035]
2.538830000006265	[ 0.49225242 -0.53463563  0.45075187]
2.5388310000062653	[ 0.49226503 -0.53466326  0.45076339]
2.5388320000062654	[ 0.49227763 -0.53469088  0.4507749 ]
2.5388330000062656	[ 0.49229023 -0.53471851  0.45078641]
2.5388340000062657	[ 0.49230282 -0.53474614  0.45079792]
2.538835000006266	[ 0.49231541 -0.53477376  0.45080942]
2.538836000006266	[ 0.492328   -0.53480138  0.45082092]
2.538837000006266	[ 0.49234058 -0.53482899  0.45083241]
2.5388380000062662	[ 0.49235315 -0.5348566   0.4508439 ]
2.5388390000062664	[ 0.49236572 -0.53488421  0.45085539]
2.5388400000062665	[ 0.49237829 -0.53491181  0.45086687]
2.5388410000062667	[ 0.49239086 -0.53493942  0.45087835]
2.538842000006267	[ 0.49240342 -0.53496702  0.45088983]
2.538843000006267	[ 0.49241599 -0.53499463  0.45090131]
2.538844000006267	[ 0.49242855 -0.53502224  0.4509128 ]
2.5388450000062672	[ 0.49244112 -0.53504985  0.45092428]
2.5388460000062674	[ 0.4924537  -0.53507747  0.45093578]
2.5388470000062675	[ 0.49246628 -0.5351051   0.45094727]
2.5388480000062676	[ 0.49247887 -0.53513274  0.45095878]
2.538849000006268	[ 0.49249147 -0.53516038  0.45097029]
2.538850000006268	[ 0.49250408 -0.53518803  0.45098181]
2.538851000006268	[ 0.49251669 -0.53521569  0.45099333]
2.538852000006268	[ 0.49252932 -0.53524336  0.45100487]
2.5388530000062683	[ 0.49254195 -0.53527104  0.45101641]
2.5388540000062685	[ 0.49255459 -0.53529872  0.45102796]
2.5388550000062686	[ 0.49256724 -0.53532642  0.45103952]
2.5388560000062688	[ 0.49257989 -0.53535412  0.45105108]
2.538857000006269	[ 0.49259255 -0.53538183  0.45106265]
2.538858000006269	[ 0.49260521 -0.53540955  0.45107421]
2.538859000006269	[ 0.49261787 -0.53543727  0.45108578]
2.5388600000062693	[ 0.49263053 -0.53546499  0.45109735]
2.5388610000062695	[ 0.49264319 -0.53549272  0.45110892]
2.5388620000062696	[ 0.49265585 -0.53552045  0.45112048]
2.5388630000062697	[ 0.4926685  -0.53554817  0.45113205]
2.53886400000627	[ 0.49268115 -0.5355759   0.45114361]
2.53886500000627	[ 0.4926938  -0.53560362  0.45115516]
2.53886600000627	[ 0.49270644 -0.53563134  0.45116671]
2.5388670000062703	[ 0.49271908 -0.53565906  0.45117826]
2.5388680000062704	[ 0.49273171 -0.53568677  0.4511898 ]
2.5388690000062706	[ 0.49274434 -0.53571447  0.45120134]
2.5388700000062707	[ 0.49275697 -0.53574217  0.45121288]
2.538871000006271	[ 0.49276959 -0.53576987  0.45122441]
2.538872000006271	[ 0.4927822  -0.53579757  0.45123594]
2.538873000006271	[ 0.49279482 -0.53582527  0.45124746]
2.5388740000062713	[ 0.49280743 -0.53585296  0.45125898]
2.5388750000062714	[ 0.49282004 -0.53588066  0.45127051]
2.5388760000062716	[ 0.49283264 -0.53590836  0.45128202]
2.5388770000062717	[ 0.49284525 -0.53593607  0.45129355]
2.538878000006272	[ 0.49285786 -0.53596377  0.45130506]
2.538879000006272	[ 0.49287047 -0.53599149  0.45131659]
2.538880000006272	[ 0.49288308 -0.5360192   0.45132811]
2.5388810000062723	[ 0.4928957  -0.53604693  0.45133964]
2.5388820000062724	[ 0.49290833 -0.53607465  0.45135118]
2.5388830000062725	[ 0.49292096 -0.53610239  0.45136272]
2.5388840000062727	[ 0.4929336  -0.53613013  0.45137427]
2.538885000006273	[ 0.49294625 -0.53615788  0.45138583]
2.538886000006273	[ 0.4929589  -0.53618564  0.45139739]
2.538887000006273	[ 0.49297156 -0.53621341  0.45140896]
2.5388880000062732	[ 0.49298423 -0.53624119  0.45142054]
2.5388890000062734	[ 0.4929969  -0.53626897  0.45143211]
2.5388900000062735	[ 0.49300958 -0.53629677  0.4514437 ]
2.5388910000062737	[ 0.49302226 -0.53632457  0.45145528]
2.538892000006274	[ 0.49303493 -0.53635239  0.45146686]
2.538893000006274	[ 0.49304761 -0.5363802   0.45147845]
2.538894000006274	[ 0.49306028 -0.53640802  0.45149003]
2.538895000006274	[ 0.49307295 -0.53643584  0.4515016 ]
2.5388960000062744	[ 0.49308561 -0.53646366  0.45151317]
2.5388970000062745	[ 0.49309827 -0.53649147  0.45152474]
2.5388980000062746	[ 0.49311092 -0.53651927  0.4515363 ]
2.5388990000062748	[ 0.49312357 -0.53654707  0.45154786]
2.538900000006275	[ 0.49313621 -0.53657486  0.45155941]
2.538901000006275	[ 0.49314885 -0.53660265  0.45157096]
2.538902000006275	[ 0.49316149 -0.53663042  0.45158251]
2.5389030000062753	[ 0.49317413 -0.53665819  0.45159406]
2.5389040000062755	[ 0.49318676 -0.53668596  0.4516056 ]
2.5389050000062756	[ 0.4931994  -0.53671372  0.45161715]
2.5389060000062758	[ 0.49321204 -0.53674148  0.4516287 ]
2.538907000006276	[ 0.49322468 -0.53676925  0.45164025]
2.538908000006276	[ 0.49323732 -0.53679701  0.4516518 ]
2.538909000006276	[ 0.49324997 -0.53682477  0.45166336]
2.5389100000062763	[ 0.49326262 -0.53685254  0.45167492]
2.5389110000062765	[ 0.49327528 -0.53688032  0.45168649]
2.5389120000062766	[ 0.49328795 -0.53690809  0.45169806]
2.5389130000062767	[ 0.49330063 -0.53693587  0.45170964]
2.538914000006277	[ 0.49331331 -0.53696366  0.45172123]
2.538915000006277	[ 0.49332599 -0.53699144  0.45173282]
2.538916000006277	[ 0.49333869 -0.53701923  0.45174442]
2.5389170000062773	[ 0.49335139 -0.53704702  0.45175603]
2.5389180000062774	[ 0.49336409 -0.53707482  0.45176764]
2.5389190000062776	[ 0.4933768  -0.53710263  0.45177925]
2.5389200000062777	[ 0.49338951 -0.53713045  0.45179086]
2.538921000006278	[ 0.49340222 -0.53715827  0.45180248]
2.538922000006278	[ 0.49341493 -0.53718611  0.45181409]
2.538923000006278	[ 0.49342764 -0.53721396  0.45182571]
2.5389240000062783	[ 0.49344035 -0.53724183  0.45183732]
2.5389250000062784	[ 0.49345305 -0.53726971  0.45184892]
2.5389260000062785	[ 0.49346574 -0.5372976   0.45186052]
2.5389270000062787	[ 0.49347843 -0.5373255   0.45187212]
2.538928000006279	[ 0.49349112 -0.5373534   0.45188371]
2.538929000006279	[ 0.49350379 -0.53738132  0.45189529]
2.538930000006279	[ 0.49351647 -0.53740923  0.45190687]
2.5389310000062792	[ 0.49352914 -0.53743714  0.45191845]
2.5389320000062794	[ 0.4935418  -0.53746504  0.45193002]
2.5389330000062795	[ 0.49355447 -0.53749293  0.45194159]
2.5389340000062797	[ 0.49356713 -0.53752082  0.45195317]
2.53893500000628	[ 0.4935798  -0.53754869  0.45196474]
2.53893600000628	[ 0.49359247 -0.53757656  0.45197632]
2.53893700000628	[ 0.49360514 -0.53760442  0.4519879 ]
2.5389380000062802	[ 0.49361782 -0.53763227  0.45199949]
2.5389390000062804	[ 0.49363051 -0.53766012  0.45201108]
2.5389400000062805	[ 0.4936432  -0.53768798  0.45202267]
2.5389410000062806	[ 0.49365589 -0.53771583  0.45203428]
2.538942000006281	[ 0.4936686  -0.53774369  0.45204588]
2.538943000006281	[ 0.4936813  -0.53777157  0.45205749]
2.538944000006281	[ 0.49369401 -0.53779945  0.45206911]
2.538945000006281	[ 0.49370673 -0.53782734  0.45208073]
2.5389460000062813	[ 0.49371945 -0.53785524  0.45209235]
2.5389470000062815	[ 0.49373217 -0.53788314  0.45210398]
2.5389480000062816	[ 0.4937449  -0.53791106  0.45211561]
2.5389490000062818	[ 0.49375764 -0.53793898  0.45212725]
2.538950000006282	[ 0.49377038 -0.5379669   0.45213889]
2.538951000006282	[ 0.49378313 -0.53799483  0.45215054]
2.538952000006282	[ 0.49379588 -0.53802275  0.4521622 ]
2.5389530000062823	[ 0.49380865 -0.53805068  0.45217386]
2.5389540000062825	[ 0.49382141 -0.53807861  0.45218552]
2.5389550000062826	[ 0.49383419 -0.53810653  0.4521972 ]
2.5389560000062827	[ 0.49384697 -0.53813447  0.45220888]
2.538957000006283	[ 0.49385976 -0.5381624   0.45222056]
2.538958000006283	[ 0.49387255 -0.53819034  0.45223225]
2.538959000006283	[ 0.49388534 -0.53821829  0.45224394]
2.5389600000062833	[ 0.49389814 -0.53824624  0.45225563]
2.5389610000062834	[ 0.49391093 -0.53827421  0.45226732]
2.5389620000062836	[ 0.49392372 -0.53830218  0.45227901]
2.5389630000062837	[ 0.49393651 -0.53833016  0.4522907 ]
2.538964000006284	[ 0.49394929 -0.53835814  0.45230238]
2.538965000006284	[ 0.49396207 -0.53838613  0.45231406]
2.538966000006284	[ 0.49397484 -0.53841412  0.45232573]
2.5389670000062843	[ 0.49398761 -0.53844211  0.45233739]
2.5389680000062844	[ 0.49400036 -0.5384701   0.45234905]
2.5389690000062846	[ 0.49401312 -0.53849808  0.4523607 ]
2.5389700000062847	[ 0.49402587 -0.53852606  0.45237235]
2.538971000006285	[ 0.49403861 -0.53855404  0.452384  ]
2.538972000006285	[ 0.49405136 -0.53858201  0.45239565]
2.538973000006285	[ 0.4940641  -0.53860997  0.45240729]
2.5389740000062853	[ 0.49407685 -0.53863794  0.45241894]
2.5389750000062854	[ 0.4940896  -0.53866591  0.4524306 ]
2.5389760000062855	[ 0.49410236 -0.53869387  0.45244225]
2.5389770000062857	[ 0.49411512 -0.53872185  0.45245392]
2.538978000006286	[ 0.4941279  -0.53874983  0.45246559]
2.538979000006286	[ 0.49414068 -0.53877782  0.45247727]
2.538980000006286	[ 0.49415348 -0.53880582  0.45248897]
2.5389810000062862	[ 0.49416628 -0.53883384  0.45250067]
2.5389820000062864	[ 0.4941791  -0.53886186  0.45251238]
2.5389830000062865	[ 0.49419201 -0.53888989  0.45252418]
2.5389840000062867	[ 0.49420477 -0.53891792  0.45253583]
2.538985000006287	[ 0.49421762 -0.53894598  0.45254757]
2.538986000006287	[ 0.49423047 -0.53897405  0.45255932]
2.538987000006287	[ 0.49424334 -0.53900213  0.45257108]
2.538988000006287	[ 0.49425621 -0.53903022  0.45258284]
2.5389890000062874	[ 0.49426909 -0.53905831  0.45259461]
2.5389900000062875	[ 0.49428196 -0.53908641  0.45260637]
2.5389910000062876	[ 0.49429484 -0.53911451  0.45261814]
2.5389920000062878	[ 0.49430771 -0.53914262  0.4526299 ]
2.538993000006288	[ 0.49432058 -0.53917072  0.45264166]
2.538994000006288	[ 0.49433345 -0.53919882  0.45265342]
2.538995000006288	[ 0.4943463  -0.53922692  0.45266517]
2.5389960000062883	[ 0.49435916 -0.53925501  0.45267691]
2.5389970000062885	[ 0.494372   -0.5392831   0.45268865]
2.5389980000062886	[ 0.49438484 -0.53931118  0.45270038]
2.5389990000062888	[ 0.49439767 -0.53933925  0.45271211]
2.539000000006289	[ 0.49441049 -0.53936732  0.45272382]
2.539001000006289	[ 0.49442331 -0.53939538  0.45273554]
2.539002000006289	[ 0.49443612 -0.53942343  0.45274725]
2.5390030000062893	[ 0.49444893 -0.53945148  0.45275895]
2.5390040000062895	[ 0.49446174 -0.53947953  0.45277066]
2.5390050000062896	[ 0.49447454 -0.53950758  0.45278236]
2.5390060000062897	[ 0.49448735 -0.53953563  0.45279406]
2.53900700000629	[ 0.49450016 -0.53956369  0.45280577]
2.53900800000629	[ 0.49451298 -0.53959175  0.45281748]
2.53900900000629	[ 0.4945258  -0.53961983  0.4528292 ]
2.5390100000062903	[ 0.49453862 -0.53964792  0.45284092]
2.5390110000062904	[ 0.49455146 -0.53967601  0.45285265]
2.5390120000062906	[ 0.4945643  -0.53970413  0.45286438]
2.5390130000062907	[ 0.49457714 -0.53973225  0.45287612]
2.539014000006291	[ 0.49459    -0.53976038  0.45288787]
2.539015000006291	[ 0.49460287 -0.53978852  0.45289963]
2.539016000006291	[ 0.49461574 -0.53981667  0.4529114 ]
2.5390170000062913	[ 0.49462863 -0.53984483  0.45292317]
2.5390180000062914	[ 0.49464151 -0.53987299  0.45293495]
2.5390190000062915	[ 0.49465441 -0.53990116  0.45294673]
2.5390200000062917	[ 0.49466731 -0.53992933  0.45295852]
2.539021000006292	[ 0.49468021 -0.53995751  0.45297031]
2.539022000006292	[ 0.49469311 -0.53998569  0.4529821 ]
2.539023000006292	[ 0.49470602 -0.54001388  0.45299389]
2.5390240000062922	[ 0.49471892 -0.54004208  0.45300568]
2.5390250000062924	[ 0.49473181 -0.54007027  0.45301747]
2.5390260000062925	[ 0.49474471 -0.54009848  0.45302925]
2.5390270000062927	[ 0.49475759 -0.54012669  0.45304103]
2.539028000006293	[ 0.49477048 -0.5401549   0.4530528 ]
2.539029000006293	[ 0.49478335 -0.54018312  0.45306456]
2.539030000006293	[ 0.49479622 -0.54021134  0.45307632]
2.5390310000062932	[ 0.49480909 -0.54023956  0.45308808]
2.5390320000062934	[ 0.49482195 -0.54026777  0.45309984]
2.5390330000062935	[ 0.49483481 -0.54029599  0.45311159]
2.5390340000062936	[ 0.49484767 -0.5403242   0.45312334]
2.539035000006294	[ 0.49486054 -0.54035241  0.4531351 ]
2.539036000006294	[ 0.49487341 -0.5403806   0.45314687]
2.539037000006294	[ 0.49488627 -0.54040881  0.45315861]
2.539038000006294	[ 0.49489914 -0.540437    0.45317037]
2.5390390000062943	[ 0.49491202 -0.5404652   0.45318214]
2.5390400000062945	[ 0.4949249  -0.54049339  0.45319392]
2.5390410000062946	[ 0.49493779 -0.54052159  0.4532057 ]
2.5390420000062948	[ 0.49495069 -0.5405498   0.45321749]
2.539043000006295	[ 0.4949636  -0.54057801  0.45322928]
2.539044000006295	[ 0.49497651 -0.54060623  0.45324108]
2.539045000006295	[ 0.49498943 -0.54063446  0.45325288]
2.5390460000062953	[ 0.49500235 -0.5406627   0.45326469]
2.5390470000062955	[ 0.49501527 -0.54069095  0.4532765 ]
2.5390480000062956	[ 0.4950282  -0.54071921  0.45328832]
2.5390490000062957	[ 0.49504114 -0.54074748  0.45330014]
2.539050000006296	[ 0.49505407 -0.54077576  0.45331196]
2.539051000006296	[ 0.49506701 -0.54080404  0.45332379]
2.539052000006296	[ 0.49507995 -0.54083233  0.45333561]
2.5390530000062963	[ 0.49509289 -0.54086063  0.45334744]
2.5390540000062964	[ 0.49510583 -0.54088893  0.45335927]
2.5390550000062966	[ 0.49511878 -0.54091723  0.4533711 ]
2.5390560000062967	[ 0.49513172 -0.54094554  0.45338292]
2.539057000006297	[ 0.49514466 -0.54097385  0.45339475]
2.539058000006297	[ 0.4951576  -0.54100216  0.45340658]
2.539059000006297	[ 0.49517054 -0.54103048  0.4534184 ]
2.5390600000062973	[ 0.49518348 -0.5410588   0.45343023]
2.5390610000062974	[ 0.49519642 -0.54108713  0.45344205]
2.5390620000062976	[ 0.49520935 -0.54111546  0.45345387]
2.5390630000062977	[ 0.49522228 -0.54114379  0.45346568]
2.539064000006298	[ 0.4952352  -0.54117213  0.45347749]
2.539065000006298	[ 0.49524813 -0.54120047  0.45348931]
2.539066000006298	[ 0.49526105 -0.5412288   0.45350111]
2.5390670000062983	[ 0.49527397 -0.54125714  0.45351292]
2.5390680000062984	[ 0.49528688 -0.54128548  0.45352473]
2.5390690000062985	[ 0.4952998  -0.54131381  0.45353653]
2.5390700000062987	[ 0.49531272 -0.54134215  0.45354834]
2.539071000006299	[ 0.49532564 -0.54137048  0.45356015]
2.539072000006299	[ 0.49533856 -0.54139881  0.45357196]
2.539073000006299	[ 0.49535149 -0.54142715  0.45358377]
2.5390740000062992	[ 0.49536442 -0.54145548  0.45359559]
2.5390750000062994	[ 0.49537736 -0.54148382  0.45360741]
2.5390760000062995	[ 0.49539057 -0.54151287  0.45361963]
2.5390770000062997	[ 0.49540369 -0.54154033  0.45363149]
2.5390780000063	[ 0.49541664 -0.54156871  0.45364333]
2.5390790000063	[ 0.49542959 -0.54159709  0.45365517]
2.5390800000063	[ 0.49544255 -0.54162548  0.45366701]
2.5390810000063	[ 0.49545552 -0.54165386  0.45367886]
2.5390820000063004	[ 0.49546849 -0.54168225  0.45369072]
2.5390830000063005	[ 0.49548147 -0.54171064  0.45370258]
2.5390840000063006	[ 0.49549445 -0.54173903  0.45371444]
2.5390850000063008	[ 0.49550743 -0.54176742  0.4537263 ]
2.539086000006301	[ 0.49552042 -0.5417958   0.45373817]
2.539087000006301	[ 0.4955334  -0.54182419  0.45375003]
2.539088000006301	[ 0.49554638 -0.54185257  0.4537619 ]
2.5390890000063013	[ 0.49555936 -0.54188094  0.45377376]
2.5390900000063015	[ 0.49557234 -0.54190932  0.45378562]
2.5390910000063016	[ 0.49558532 -0.5419377   0.45379748]
2.5390920000063018	[ 0.49559829 -0.54196608  0.45380934]
2.539093000006302	[ 0.49561126 -0.54199446  0.45382119]
2.539094000006302	[ 0.49562423 -0.54202284  0.45383305]
2.539095000006302	[ 0.4956372  -0.54205122  0.4538449 ]
2.5390960000063023	[ 0.49565017 -0.54207962  0.45385676]
2.5390970000063025	[ 0.49566314 -0.54210801  0.45386861]
2.5390980000063026	[ 0.49567612 -0.54213642  0.45388047]
2.5390990000063027	[ 0.49568909 -0.54216484  0.45389232]
2.539100000006303	[ 0.49570206 -0.54219326  0.45390418]
2.539101000006303	[ 0.49571504 -0.54222169  0.45391604]
2.539102000006303	[ 0.49572802 -0.54225014  0.4539279 ]
2.5391030000063033	[ 0.495741   -0.54227859  0.45393976]
2.5391040000063034	[ 0.49575398 -0.54230705  0.45395163]
2.5391050000063036	[ 0.495767   -0.5423355   0.45396352]
2.5391060000063037	[ 0.49577995 -0.542364    0.45397536]
2.539107000006304	[ 0.49579294 -0.54239249  0.45398723]
2.539108000006304	[ 0.49580593 -0.54242099  0.45399911]
2.539109000006304	[ 0.49581893 -0.54244949  0.45401098]
2.5391100000063043	[ 0.49583193 -0.542478    0.45402286]
2.5391110000063044	[ 0.49584493 -0.54250651  0.45403474]
2.5391120000063045	[ 0.49585793 -0.54253503  0.45404662]
2.5391130000063047	[ 0.49587093 -0.54256354  0.45405851]
2.539114000006305	[ 0.49588393 -0.54259206  0.45407039]
2.539115000006305	[ 0.49589693 -0.54262057  0.45408227]
2.539116000006305	[ 0.49590994 -0.54264907  0.45409416]
2.5391170000063052	[ 0.49592294 -0.54267757  0.45410604]
2.5391180000063054	[ 0.49593595 -0.54270607  0.45411793]
2.5391190000063055	[ 0.49594896 -0.54273456  0.45412982]
2.5391200000063057	[ 0.49596196 -0.54276304  0.4541417 ]
2.539121000006306	[ 0.49597497 -0.54279151  0.45415359]
2.539122000006306	[ 0.49598798 -0.54281998  0.45416548]
2.539123000006306	[ 0.49600098 -0.54284844  0.45417737]
2.5391240000063062	[ 0.49601399 -0.5428769   0.45418925]
2.5391250000063064	[ 0.49602699 -0.54290537  0.45420114]
2.5391260000063065	[ 0.49604    -0.54293383  0.45421302]
2.5391270000063066	[ 0.496053   -0.5429623   0.45422491]
2.539128000006307	[ 0.496066   -0.54299077  0.45423679]
2.539129000006307	[ 0.496079   -0.54301924  0.45424867]
2.539130000006307	[ 0.496092   -0.54304773  0.45426055]
2.539131000006307	[ 0.496105   -0.54307621  0.45427243]
2.5391320000063073	[ 0.496118   -0.5431047   0.45428431]
2.5391330000063075	[ 0.496131   -0.5431332   0.45429619]
2.5391340000063076	[ 0.496144   -0.54316169  0.45430807]
2.5391350000063078	[ 0.496157   -0.54319019  0.45431995]
2.539136000006308	[ 0.49617004 -0.54321865  0.45433187]
2.539137000006308	[ 0.49618299 -0.54324718  0.45434371]
2.539138000006308	[ 0.496196   -0.54327569  0.4543556 ]
2.5391390000063083	[ 0.49620902 -0.54330419  0.4543675 ]
2.5391400000063085	[ 0.49622204 -0.54333269  0.4543794 ]
2.5391410000063086	[ 0.49623507 -0.5433612   0.45439131]
2.5391420000063087	[ 0.49624811 -0.54338972  0.45440322]
2.539143000006309	[ 0.49626114 -0.54341824  0.45441513]
2.539144000006309	[ 0.49627419 -0.54344677  0.45442705]
2.539145000006309	[ 0.49628723 -0.5434753   0.45443898]
2.5391460000063093	[ 0.49630028 -0.54350385  0.4544509 ]
2.5391470000063094	[ 0.49631333 -0.54353241  0.45446283]
2.5391480000063096	[ 0.49632638 -0.54356097  0.45447476]
2.5391490000063097	[ 0.49633943 -0.54358954  0.45448668]
2.53915000000631	[ 0.49635248 -0.54361812  0.45449861]
2.53915100000631	[ 0.49636552 -0.5436467   0.45451053]
2.53915200000631	[ 0.49637856 -0.54367529  0.45452245]
2.5391530000063103	[ 0.4963916  -0.54370387  0.45453437]
2.5391540000063104	[ 0.49640464 -0.54373245  0.45454628]
2.5391550000063106	[ 0.49641767 -0.54376102  0.45455819]
2.5391560000063107	[ 0.4964307  -0.54378959  0.4545701 ]
2.539157000006311	[ 0.49644373 -0.54381816  0.45458201]
2.539158000006311	[ 0.49645676 -0.54384672  0.45459391]
2.539159000006311	[ 0.49646978 -0.54387528  0.45460582]
2.5391600000063113	[ 0.49648281 -0.54390384  0.45461772]
2.5391610000063114	[ 0.49649583 -0.5439324   0.45462963]
2.5391620000063115	[ 0.49650886 -0.54396096  0.45464154]
2.5391630000063117	[ 0.49652189 -0.54398953  0.45465344]
2.539164000006312	[ 0.49653492 -0.54401811  0.45466535]
2.539165000006312	[ 0.49654795 -0.5440467   0.45467726]
2.539166000006312	[ 0.49656098 -0.54407529  0.45468917]
2.5391670000063122	[ 0.49657402 -0.54410389  0.45470108]
2.5391680000063124	[ 0.49658723 -0.54413234  0.45471316]
2.5391690000063125	[ 0.49660003 -0.54416107  0.45472485]
2.5391700000063127	[ 0.49661308 -0.54418969  0.45473678]
2.539171000006313	[ 0.49662614 -0.54421831  0.45474871]
2.539172000006313	[ 0.49663919 -0.54424693  0.45476064]
2.539173000006313	[ 0.49665225 -0.54427556  0.45477258]
2.539174000006313	[ 0.49666532 -0.54430418  0.45478452]
2.5391750000063134	[ 0.49667839 -0.5443328   0.45479647]
2.5391760000063135	[ 0.49669147 -0.54436143  0.45480842]
2.5391770000063136	[ 0.49670455 -0.54439005  0.45482038]
2.5391780000063138	[ 0.49671764 -0.54441868  0.45483234]
2.539179000006314	[ 0.49673073 -0.54444731  0.45484431]
2.539180000006314	[ 0.49674382 -0.54447595  0.45485628]
2.539181000006314	[ 0.49675692 -0.5445046   0.45486825]
2.5391820000063143	[ 0.49677003 -0.54453325  0.45488022]
2.5391830000063145	[ 0.49678313 -0.54456191  0.4548922 ]
2.5391840000063146	[ 0.49679623 -0.54459059  0.45490418]
2.5391850000063148	[ 0.49680934 -0.54461927  0.45491615]
2.539186000006315	[ 0.49682244 -0.54464795  0.45492813]
2.539187000006315	[ 0.49683554 -0.54467664  0.4549401 ]
2.539188000006315	[ 0.49684864 -0.54470534  0.45495208]
2.5391890000063153	[ 0.49686174 -0.54473403  0.45496405]
2.5391900000063155	[ 0.49687484 -0.54476272  0.45497602]
2.5391910000063156	[ 0.49688794 -0.54479141  0.45498799]
2.5391920000063157	[ 0.49690104 -0.5448201   0.45499996]
2.539193000006316	[ 0.49691414 -0.54484878  0.45501194]
2.539194000006316	[ 0.49692724 -0.54487745  0.45502391]
2.539195000006316	[ 0.49694024 -0.54490623  0.45503579]
2.5391960000063163	[ 0.49695349 -0.54493483  0.45504791]
2.5391970000063164	[ 0.49696659 -0.54496351  0.45505989]
2.5391980000063166	[ 0.49697971 -0.5449922   0.45507187]
2.5391990000063167	[ 0.49699282 -0.54502089  0.45508386]
2.539200000006317	[ 0.49700594 -0.54504958  0.45509585]
2.539201000006317	[ 0.49701906 -0.54507828  0.45510784]
2.539202000006317	[ 0.49703219 -0.545107    0.45511984]
2.5392030000063173	[ 0.49704532 -0.54513572  0.45513184]
2.5392040000063174	[ 0.49705845 -0.54516445  0.45514384]
2.5392050000063175	[ 0.49707158 -0.54519319  0.45515584]
2.5392060000063177	[ 0.49708472 -0.54522193  0.45516785]
2.539207000006318	[ 0.49709785 -0.54525068  0.45517985]
2.539208000006318	[ 0.49711099 -0.54527943  0.45519186]
2.539209000006318	[ 0.49712413 -0.54530818  0.45520387]
2.5392100000063182	[ 0.49713728 -0.54533694  0.45521589]
2.5392110000063184	[ 0.49715043 -0.5453657   0.45522791]
2.5392120000063185	[ 0.49716358 -0.54539446  0.45523993]
2.5392130000063187	[ 0.49717673 -0.54542322  0.45525195]
2.539214000006319	[ 0.49718989 -0.54545199  0.45526397]
2.539215000006319	[ 0.49720305 -0.54548075  0.455276  ]
2.539216000006319	[ 0.49721621 -0.54550952  0.45528803]
2.5392170000063192	[ 0.49722938 -0.54553829  0.45530007]
2.5392180000063194	[ 0.49724254 -0.54556707  0.4553121 ]
2.5392190000063195	[ 0.49725571 -0.54559585  0.45532414]
2.5392200000063196	[ 0.49726888 -0.54562462  0.45533618]
2.53922100000632	[ 0.49728206 -0.54565341  0.45534822]
2.53922200000632	[ 0.49729523 -0.54568219  0.45536026]
2.53922300000632	[ 0.49730841 -0.54571097  0.4553723 ]
2.53922400000632	[ 0.49732159 -0.54573976  0.45538435]
2.5392250000063203	[ 0.49733477 -0.54576854  0.4553964 ]
2.5392260000063205	[ 0.49734795 -0.54579733  0.45540844]
2.5392270000063206	[ 0.49736114 -0.54582612  0.4554205 ]
2.5392280000063208	[ 0.49737432 -0.54585492  0.45543255]
2.539229000006321	[ 0.49738752 -0.54588372  0.45544461]
2.539230000006321	[ 0.49740071 -0.54591253  0.45545667]
2.539231000006321	[ 0.49741391 -0.54594135  0.45546874]
2.5392320000063213	[ 0.49742712 -0.54597018  0.4554808 ]
2.5392330000063215	[ 0.49744032 -0.54599902  0.45549287]
2.5392340000063216	[ 0.49745353 -0.54602787  0.45550495]
2.5392350000063217	[ 0.49746674 -0.54605674  0.45551702]
2.539236000006322	[ 0.49747996 -0.54608561  0.4555291 ]
2.539237000006322	[ 0.49749318 -0.5461145   0.45554118]
2.539238000006322	[ 0.4975064  -0.54614339  0.45555326]
2.5392390000063223	[ 0.49751962 -0.54617228  0.45556535]
2.5392400000063224	[ 0.49753284 -0.54620118  0.45557743]
2.5392410000063226	[ 0.49754606 -0.54623008  0.45558952]
2.5392420000063227	[ 0.49755929 -0.54625897  0.45560161]
2.539243000006323	[ 0.49757252 -0.54628786  0.4556137 ]
2.539244000006323	[ 0.49758575 -0.54631674  0.45562579]
2.539245000006323	[ 0.49759898 -0.54634562  0.45563789]
2.5392460000063233	[ 0.49761221 -0.5463745   0.45564998]
2.5392470000063234	[ 0.49762544 -0.54640337  0.45566208]
2.5392480000063236	[ 0.49763868 -0.54643224  0.45567417]
2.5392490000063237	[ 0.49765191 -0.54646111  0.45568627]
2.539250000006324	[ 0.49766515 -0.54648998  0.45569837]
2.539251000006324	[ 0.49767838 -0.54651886  0.45571046]
2.539252000006324	[ 0.49769161 -0.54654774  0.45572256]
2.5392530000063243	[ 0.49770485 -0.54657662  0.45573465]
2.5392540000063244	[ 0.49771808 -0.54660551  0.45574675]
2.5392550000063245	[ 0.49773131 -0.5466344   0.45575884]
2.5392560000063247	[ 0.49774454 -0.5466633   0.45577094]
2.539257000006325	[ 0.49775778 -0.5466922   0.45578303]
2.539258000006325	[ 0.49777101 -0.5467211   0.45579513]
2.539259000006325	[ 0.49778425 -0.54675001  0.45580723]
2.5392600000063252	[ 0.4977975  -0.54677891  0.45581934]
2.5392610000063254	[ 0.49781074 -0.54680782  0.45583145]
2.5392620000063255	[ 0.497824   -0.54683673  0.45584357]
2.5392630000063257	[ 0.49783726 -0.54686565  0.45585569]
2.539264000006326	[ 0.49785053 -0.54689457  0.45586782]
2.539265000006326	[ 0.49786381 -0.54692349  0.45587995]
2.539266000006326	[ 0.49787709 -0.54695243  0.45589209]
2.539267000006326	[ 0.49789037 -0.54698137  0.45590423]
2.5392680000063264	[ 0.49790366 -0.54701032  0.45591638]
2.5392690000063265	[ 0.49791696 -0.54703927  0.45592853]
2.5392700000063266	[ 0.49793025 -0.54706824  0.45594069]
2.5392710000063268	[ 0.49794355 -0.54709721  0.45595284]
2.539272000006327	[ 0.49795684 -0.54712619  0.45596499]
2.539273000006327	[ 0.49797013 -0.54715517  0.45597714]
2.539274000006327	[ 0.49798342 -0.54718415  0.45598928]
2.5392750000063273	[ 0.49799671 -0.54721313  0.45600143]
2.5392760000063275	[ 0.49800999 -0.54724212  0.45601357]
2.5392770000063276	[ 0.49802327 -0.5472711   0.45602571]
2.5392780000063278	[ 0.49803654 -0.54730008  0.45603784]
2.539279000006328	[ 0.49804982 -0.54732905  0.45604997]
2.539280000006328	[ 0.49806309 -0.54735803  0.4560621 ]
2.539281000006328	[ 0.49807636 -0.547387    0.45607423]
2.5392820000063283	[ 0.49808963 -0.54741598  0.45608636]
2.5392830000063285	[ 0.4981029  -0.54744496  0.45609849]
2.5392840000063286	[ 0.49811617 -0.54747395  0.45611062]
2.5392850000063287	[ 0.49812944 -0.54750294  0.45612275]
2.539286000006329	[ 0.49814271 -0.54753194  0.45613488]
2.539287000006329	[ 0.49815598 -0.54756095  0.45614701]
2.539288000006329	[ 0.49816926 -0.54758997  0.45615915]
2.5392890000063293	[ 0.49818253 -0.547619    0.45617128]
2.5392900000063294	[ 0.49819581 -0.54764804  0.45618342]
2.5392910000063296	[ 0.49820909 -0.54767708  0.45619556]
2.5392920000063297	[ 0.49822237 -0.54770613  0.4562077 ]
2.53929300000633	[ 0.49823565 -0.54773518  0.45621984]
2.53929400000633	[ 0.49824894 -0.54776424  0.45623198]
2.53929500000633	[ 0.49826223 -0.5477933   0.45624413]
2.5392960000063303	[ 0.49827552 -0.54782235  0.45625628]
2.5392970000063304	[ 0.49828881 -0.54785141  0.45626843]
2.5392980000063305	[ 0.49830211 -0.54788047  0.45628059]
2.5392990000063307	[ 0.49831542 -0.54790952  0.45629274]
2.539300000006331	[ 0.49832872 -0.54793858  0.45630491]
2.539301000006331	[ 0.49834203 -0.54796764  0.45631707]
2.539302000006331	[ 0.49835534 -0.54799669  0.45632924]
2.5393030000063312	[ 0.49836866 -0.54802575  0.45634141]
2.5393040000063314	[ 0.49838197 -0.54805482  0.45635358]
2.5393050000063315	[ 0.49839529 -0.54808388  0.45636576]
2.5393060000063317	[ 0.49840861 -0.54811295  0.45637793]
2.539307000006332	[ 0.49842192 -0.54814202  0.4563901 ]
2.539308000006332	[ 0.49843524 -0.54817109  0.45640227]
2.539309000006332	[ 0.49844855 -0.54820017  0.45641444]
2.5393100000063322	[ 0.49846187 -0.54822925  0.45642661]
2.5393110000063324	[ 0.49847517 -0.54825833  0.45643877]
2.5393120000063325	[ 0.49848848 -0.54828741  0.45645094]
2.5393130000063326	[ 0.49850178 -0.5483165   0.45646309]
2.539314000006333	[ 0.49851508 -0.54834559  0.45647525]
2.539315000006333	[ 0.49852837 -0.54837468  0.4564874 ]
2.539316000006333	[ 0.49854166 -0.54840378  0.45649955]
2.539317000006333	[ 0.49855495 -0.54843288  0.4565117 ]
2.5393180000063333	[ 0.49856824 -0.54846198  0.45652385]
2.5393190000063335	[ 0.49858153 -0.54849109  0.456536  ]
2.5393200000063336	[ 0.49859482 -0.5485202   0.45654815]
2.5393210000063338	[ 0.49860812 -0.54854932  0.4565603 ]
2.539322000006334	[ 0.49862142 -0.54857844  0.45657245]
2.539323000006334	[ 0.49863472 -0.54860757  0.45658461]
2.539324000006334	[ 0.49864803 -0.5486367   0.45659678]
2.5393250000063343	[ 0.49866135 -0.54866583  0.45660895]
2.5393260000063345	[ 0.49867467 -0.54869497  0.45662113]
2.5393270000063346	[ 0.498688   -0.54872411  0.45663332]
2.5393280000063347	[ 0.49870134 -0.54875326  0.45664551]
2.539329000006335	[ 0.49871469 -0.54878241  0.45665771]
2.539330000006335	[ 0.49872804 -0.54881157  0.45666992]
2.539331000006335	[ 0.4987414  -0.54884073  0.45668213]
2.5393320000063353	[ 0.49875476 -0.54886991  0.45669434]
2.5393330000063354	[ 0.49876812 -0.54889909  0.45670656]
2.5393340000063356	[ 0.49878148 -0.54892828  0.45671877]
2.5393350000063357	[ 0.49879484 -0.54895748  0.45673098]
2.539336000006336	[ 0.4988082  -0.54898668  0.45674319]
2.539337000006336	[ 0.49882156 -0.5490159   0.4567554 ]
2.539338000006336	[ 0.4988349  -0.54904511  0.4567676 ]
2.5393390000063363	[ 0.49884825 -0.54907433  0.4567798 ]
2.5393400000063364	[ 0.49886159 -0.54910355  0.45679199]
2.5393410000063366	[ 0.49887492 -0.54913277  0.45680418]
2.5393420000063367	[ 0.49888825 -0.54916199  0.45681636]
2.539343000006337	[ 0.49890157 -0.54919121  0.45682854]
2.539344000006337	[ 0.4989149  -0.54922042  0.45684072]
2.539345000006337	[ 0.49892822 -0.54924963  0.4568529 ]
2.5393460000063373	[ 0.49894155 -0.54927883  0.45686508]
2.5393470000063374	[ 0.49895487 -0.54930803  0.45687726]
2.5393480000063375	[ 0.4989682  -0.54933723  0.45688945]
2.5393490000063377	[ 0.49898153 -0.54936643  0.45690163]
2.539350000006338	[ 0.49899487 -0.54939564  0.45691382]
2.539351000006338	[ 0.4990082  -0.54942484  0.45692601]
2.539352000006338	[ 0.49902154 -0.54945406  0.45693821]
2.5393530000063382	[ 0.49903489 -0.54948327  0.4569504 ]
2.5393540000063384	[ 0.49904823 -0.5495125   0.4569626 ]
2.5393550000063385	[ 0.49906158 -0.54954173  0.4569748 ]
2.5393560000063387	[ 0.49907493 -0.54957097  0.45698701]
2.539357000006339	[ 0.49908828 -0.54960021  0.45699921]
2.539358000006339	[ 0.49910163 -0.54962946  0.45701142]
2.539359000006339	[ 0.49911499 -0.54965871  0.45702362]
2.539360000006339	[ 0.49912834 -0.54968797  0.45703583]
2.5393610000063394	[ 0.4991417  -0.54971722  0.45704804]
2.5393620000063395	[ 0.49915506 -0.54974648  0.45706025]
2.5393630000063396	[ 0.49916842 -0.54977574  0.45707247]
2.5393640000063398	[ 0.49918179 -0.549805    0.45708469]
2.53936500000634	[ 0.49919516 -0.54983426  0.45709691]
2.53936600000634	[ 0.49920854 -0.54986352  0.45710914]
2.53936700000634	[ 0.49922192 -0.54989278  0.45712137]
2.5393680000063403	[ 0.49923531 -0.54992205  0.45713361]
2.5393690000063405	[ 0.49924871 -0.54995131  0.45714587]
2.5393700000063406	[ 0.49926208 -0.5499806   0.45715808]
2.5393710000063408	[ 0.49927547 -0.55000989  0.45717032]
2.539372000006341	[ 0.49928886 -0.55003918  0.45718257]
2.539373000006341	[ 0.49930226 -0.55006848  0.45719481]
2.539374000006341	[ 0.49931565 -0.55009778  0.45720705]
2.5393750000063413	[ 0.49932904 -0.55012709  0.45721929]
2.5393760000063414	[ 0.49934242 -0.5501564   0.45723153]
2.5393770000063416	[ 0.49935581 -0.55018571  0.45724376]
2.5393780000063417	[ 0.49936919 -0.55021503  0.457256  ]
2.539379000006342	[ 0.49938257 -0.55024434  0.45726823]
2.539380000006342	[ 0.49939594 -0.55027366  0.45728045]
2.539381000006342	[ 0.49940932 -0.55030298  0.45729268]
2.5393820000063423	[ 0.49942269 -0.5503323   0.4573049 ]
2.5393830000063424	[ 0.49943606 -0.55036162  0.45731713]
2.5393840000063426	[ 0.49944944 -0.55039094  0.45732935]
2.5393850000063427	[ 0.49946282 -0.55042027  0.45734158]
2.539386000006343	[ 0.4994762  -0.55044959  0.45735382]
2.539387000006343	[ 0.49948959 -0.55047892  0.45736605]
2.539388000006343	[ 0.49950298 -0.55050826  0.45737829]
2.5393890000063433	[ 0.49951638 -0.5505376   0.45739054]
2.5393900000063434	[ 0.49952978 -0.55056694  0.4574028 ]
2.5393910000063435	[ 0.49954319 -0.55059629  0.45741505]
2.5393920000063437	[ 0.49955661 -0.55062564  0.45742732]
2.539393000006344	[ 0.49957003 -0.55065499  0.45743959]
2.539394000006344	[ 0.49958346 -0.55068435  0.45745187]
2.539395000006344	[ 0.4995969  -0.55071372  0.45746415]
2.5393960000063442	[ 0.49961034 -0.55074309  0.45747643]
2.5393970000063444	[ 0.49962378 -0.55077246  0.45748872]
2.5393980000063445	[ 0.49963722 -0.55080184  0.45750101]
2.5393990000063447	[ 0.49965067 -0.55083122  0.4575133 ]
2.539400000006345	[ 0.49966411 -0.55086061  0.45752559]
2.539401000006345	[ 0.49967755 -0.55089     0.45753788]
2.539402000006345	[ 0.49969099 -0.55091939  0.45755016]
2.5394030000063452	[ 0.49970442 -0.55094879  0.45756244]
2.5394040000063454	[ 0.49971786 -0.55097818  0.45757472]
2.5394050000063455	[ 0.49973128 -0.55100758  0.457587  ]
2.5394060000063456	[ 0.49974471 -0.55103698  0.45759927]
2.539407000006346	[ 0.49975813 -0.55106638  0.45761154]
2.539408000006346	[ 0.49977154 -0.55109577  0.4576238 ]
2.539409000006346	[ 0.49978496 -0.55112517  0.45763606]
2.539410000006346	[ 0.49979837 -0.55115455  0.45764833]
2.5394110000063463	[ 0.49981179 -0.55118394  0.45766059]
2.5394120000063465	[ 0.49982521 -0.55121332  0.45767286]
2.5394130000063466	[ 0.49983863 -0.5512427   0.45768512]
2.5394140000063468	[ 0.49985205 -0.55127208  0.4576974 ]
2.539415000006347	[ 0.49986548 -0.55130147  0.45770967]
2.539416000006347	[ 0.49987892 -0.55133086  0.45772196]
2.539417000006347	[ 0.49989236 -0.55136025  0.45773425]
2.5394180000063473	[ 0.49990581 -0.55138966  0.45774654]
2.5394190000063475	[ 0.49991927 -0.55141907  0.45775884]
2.5394200000063476	[ 0.49993273 -0.5514485   0.45777115]
2.5394210000063477	[ 0.4999462  -0.55147793  0.45778347]
2.539422000006348	[ 0.49995968 -0.55150739  0.45779579]
2.539423000006348	[ 0.49997316 -0.55153685  0.45780811]
2.539424000006348	[ 0.49998665 -0.55156632  0.45782044]
2.5394250000063483	[ 0.50000014 -0.55159581  0.45783277]
2.5394260000063484	[ 0.50001363 -0.5516253   0.45784511]
2.5394270000063486	[ 0.50002713 -0.55165479  0.45785744]
2.5394280000063487	[ 0.50004062 -0.55168429  0.45786978]
2.539429000006349	[ 0.50005412 -0.55171379  0.45788212]
2.539430000006349	[ 0.50006762 -0.55174329  0.45789446]
2.539431000006349	[ 0.50008113 -0.55177279  0.45790681]
2.5394320000063493	[ 0.50009463 -0.55180228  0.45791915]
2.5394330000063494	[ 0.50010813 -0.55183178  0.4579315 ]
2.5394340000063496	[ 0.50012164 -0.55186127  0.45794384]
2.5394350000063497	[ 0.50013514 -0.55189076  0.45795619]
2.53943600000635	[ 0.50014865 -0.55192024  0.45796853]
2.53943700000635	[ 0.50016215 -0.55194973  0.45798087]
2.53943800000635	[ 0.5001752  -0.55197752  0.45799289]
2.5394390000063503	[ 0.50018961 -0.55200959  0.4580058 ]
2.5394400000063504	[ 0.50020211 -0.55203913  0.45801752]
2.5394410000063505	[ 0.50021616 -0.55206764  0.45803025]
2.5394420000063507	[ 0.50022965 -0.55209714  0.45804258]
2.539443000006351	[ 0.50024315 -0.55212665  0.45805492]
2.539444000006351	[ 0.5002562  -0.55215445  0.45806693]
2.539445000006351	[ 0.50027059 -0.55218654  0.45807982]
2.5394460000063512	[ 0.50028309 -0.5522161   0.45809155]
2.5394470000063514	[ 0.50029713 -0.55224463  0.45810427]
2.5394480000063515	[ 0.50031019 -0.55227243  0.45811629]
2.5394490000063517	[ 0.50032458 -0.55230453  0.45812918]
2.539450000006352	[ 0.50033666 -0.55233239  0.4581406 ]
2.539451000006352	[ 0.5003516  -0.55236351  0.45815388]
2.539452000006352	[ 0.50036414 -0.55239309  0.45816564]
2.539453000006352	[ 0.5003782  -0.55242163  0.45817839]
2.5394540000063524	[ 0.50039129 -0.55244945  0.45819044]
2.5394550000063525	[ 0.50040571 -0.55248158  0.45820334]
2.5394560000063526	[ 0.50041834 -0.5525103   0.45821504]
2.5394570000063528	[ 0.50043186 -0.55253982  0.45822741]
2.539458000006353	[ 0.50044544 -0.55256935  0.45823982]
2.539459000006353	[ 0.50046052 -0.55259942  0.45825361]
2.539460000006353	[ 0.50047091 -0.55262727  0.45826295]
2.5394610000063533	[ 0.50048425 -0.55265671  0.45827573]
2.5394620000063535	[ 0.50050018 -0.55268788  0.45828996]
2.5394630000063536	[ 0.50051375 -0.55271741  0.45830236]
2.5394640000063537	[ 0.5005273  -0.55274698  0.45831474]
2.539465000006354	[ 0.50054084 -0.55277655  0.45832712]
2.539466000006354	[ 0.50055438 -0.55280614  0.4583395 ]
2.539467000006354	[ 0.50056792 -0.55283574  0.45835187]
2.5394680000063543	[ 0.50058145 -0.55286535  0.45836424]
2.5394690000063544	[ 0.50059497 -0.55289498  0.4583766 ]
2.5394700000063546	[ 0.50060849 -0.55292462  0.45838896]
2.5394710000063547	[ 0.500622   -0.55295427  0.45840132]
2.539472000006355	[ 0.50063552 -0.55298393  0.45841367]
2.539473000006355	[ 0.50064902 -0.5530136   0.45842602]
2.539474000006355	[ 0.50066253 -0.55304325  0.45843837]
2.5394750000063553	[ 0.50067604 -0.5530729   0.45845072]
2.5394760000063554	[ 0.50068955 -0.55310254  0.45846307]
2.5394770000063556	[ 0.50070307 -0.55313216  0.45847543]
2.5394780000063557	[ 0.5007166  -0.55316175  0.4584878 ]
2.539479000006356	[ 0.50073014 -0.55319133  0.45850017]
2.539480000006356	[ 0.50074369 -0.55322088  0.45851256]
2.539481000006356	[ 0.50075726 -0.55325042  0.45852496]
2.5394820000063563	[ 0.50077084 -0.55327994  0.45853738]
2.5394830000063564	[ 0.50078444 -0.55330945  0.45854981]
2.5394840000063565	[ 0.50079805 -0.55333897  0.45856226]
2.5394850000063567	[ 0.50081168 -0.5533685   0.45857472]
2.539486000006357	[ 0.50082533 -0.55339804  0.45858719]
2.539487000006357	[ 0.50083898 -0.5534276   0.45859967]
2.539488000006357	[ 0.50085264 -0.5534572   0.45861216]
2.5394890000063572	[ 0.5008663  -0.55348682  0.45862465]
2.5394900000063574	[ 0.50087996 -0.55351648  0.45863714]
2.5394910000063575	[ 0.50089361 -0.55354617  0.45864962]
2.5394920000063577	[ 0.50090726 -0.55357588  0.4586621 ]
2.539493000006358	[ 0.50092091 -0.55360562  0.45867457]
2.539494000006358	[ 0.50093454 -0.55363538  0.45868704]
2.539495000006358	[ 0.50094816 -0.55366514  0.45869949]
2.5394960000063582	[ 0.50096177 -0.55369491  0.45871193]
2.5394970000063584	[ 0.50097537 -0.55372467  0.45872436]
2.5394980000063585	[ 0.50098896 -0.55375442  0.45873679]
2.5394990000063586	[ 0.50100255 -0.55378415  0.45874921]
2.539500000006359	[ 0.50101613 -0.55381386  0.45876163]
2.539501000006359	[ 0.50102972 -0.55384355  0.45877405]
2.539502000006359	[ 0.50104331 -0.55387322  0.45878647]
2.539503000006359	[ 0.5010569  -0.55390287  0.4587989 ]
2.5395040000063593	[ 0.5010705  -0.55393251  0.45881134]
2.5395050000063595	[ 0.50108411 -0.55396213  0.45882378]
2.5395060000063596	[ 0.50109773 -0.55399176  0.45883623]
2.5395070000063598	[ 0.50111136 -0.55402138  0.45884868]
2.53950800000636	[ 0.50112499 -0.55405101  0.45886115]
2.53950900000636	[ 0.50113863 -0.55408065  0.45887361]
2.53951000000636	[ 0.50115227 -0.55411029  0.45888609]
2.5395110000063603	[ 0.50116592 -0.55413995  0.45889856]
2.5395120000063605	[ 0.50117956 -0.55416961  0.45891104]
2.5395130000063606	[ 0.50119321 -0.55419929  0.45892352]
2.5395140000063607	[ 0.50120686 -0.55422897  0.45893599]
2.539515000006361	[ 0.50122051 -0.55425866  0.45894847]
2.539516000006361	[ 0.50123416 -0.55428835  0.45896095]
2.539517000006361	[ 0.5012478  -0.55431804  0.45897343]
2.5395180000063613	[ 0.50126145 -0.55434773  0.45898591]
2.5395190000063614	[ 0.50127511 -0.55437742  0.45899839]
2.5395200000063616	[ 0.50128876 -0.55440711  0.45901087]
2.5395210000063617	[ 0.50130242 -0.55443681  0.45902336]
2.539522000006362	[ 0.50131609 -0.5544665   0.45903585]
2.539523000006362	[ 0.50132976 -0.55449621  0.45904835]
2.539524000006362	[ 0.50134344 -0.55452592  0.45906086]
2.5395250000063623	[ 0.50135712 -0.55455563  0.45907337]
2.5395260000063624	[ 0.50137081 -0.55458536  0.45908588]
2.5395270000063626	[ 0.5013845 -0.5546151  0.4590984]
2.5395280000063627	[ 0.50139819 -0.55464485  0.45911091]
2.539529000006363	[ 0.50141188 -0.55467461  0.45912343]
2.539530000006363	[ 0.50142557 -0.55470438  0.45913594]
2.539531000006363	[ 0.50143925 -0.55473416  0.45914846]
2.5395320000063633	[ 0.50145293 -0.55476393  0.45916096]
2.5395330000063634	[ 0.50146661 -0.55479371  0.45917347]
2.5395340000063635	[ 0.50148028 -0.55482348  0.45918597]
2.5395350000063637	[ 0.50149395 -0.55485325  0.45919846]
2.539536000006364	[ 0.50150761 -0.55488301  0.45921095]
2.539537000006364	[ 0.50152127 -0.55491276  0.45922344]
2.539538000006364	[ 0.50153764 -0.55494439  0.45923822]
2.5395390000063642	[ 0.50154527 -0.55496964  0.4592455 ]
2.5395400000063644	[ 0.50156499 -0.55500392  0.45926323]
2.5395410000063645	[ 0.5015739  -0.55503034  0.45927132]
2.5395420000063647	[ 0.50159019 -0.55506198  0.45928662]
2.539543000006365	[ 0.50160135 -0.55508985  0.45929641]
2.539544000006365	[ 0.50161764 -0.55512149  0.45931172]
2.539545000006365	[ 0.50162744 -0.55514818  0.45932062]
2.539546000006365	[ 0.50164559 -0.55518308  0.45933709]
2.5395470000063654	[ 0.50165853 -0.55521012  0.45934887]
2.5395480000063655	[ 0.50167401 -0.55523923  0.45936284]
2.5395490000063656	[ 0.5016834  -0.55526841  0.45937143]
2.5395500000063658	[ 0.5016997  -0.55530009  0.45938674]
2.539551000006366	[ 0.50171088 -0.55532804  0.45939654]
2.539552000006366	[ 0.50172713 -0.5553598   0.45941181]
2.539553000006366	[ 0.50173829 -0.55538778  0.4594216 ]
2.5395540000063663	[ 0.50175454 -0.55541956  0.45943687]
2.5395550000063665	[ 0.50176435 -0.55544639  0.45944578]
2.5395560000063666	[ 0.50178246 -0.55548146  0.45946223]
2.5395570000063667	[ 0.50179541 -0.55550864  0.459474  ]
2.539558000006367	[ 0.50181088 -0.55553789  0.45948796]
2.539559000006367	[ 0.50182027 -0.5555672   0.45949656]
2.539560000006367	[ 0.50183656 -0.55559899  0.45951186]
2.5395610000063673	[ 0.50184775 -0.555627    0.45952167]
2.5395620000063674	[ 0.50186399 -0.5556588   0.45953693]
2.5395630000063676	[ 0.50187515 -0.5556868   0.45954673]
2.5395640000063677	[ 0.50189141 -0.55571857  0.459562  ]
2.539565000006368	[ 0.50190123 -0.55574536  0.45957093]
2.539566000006368	[ 0.50191935 -0.55578035  0.45958737]
2.539567000006368	[ 0.50193231 -0.55580745  0.45959916]
2.5395680000063683	[ 0.50194779 -0.55583662  0.45961313]
2.5395690000063684	[ 0.5019572  -0.55586584  0.45962175]
2.5395700000063686	[ 0.5019735  -0.55589755  0.45963706]
2.5395710000063687	[ 0.50198472 -0.5559255   0.45964689]
2.539572000006369	[ 0.50200097 -0.55595725  0.45966217]
2.539573000006369	[ 0.50201083 -0.55598405  0.45967113]
2.539574000006369	[ 0.50203073 -0.55601848  0.45968903]
2.5395750000063693	[ 0.50203821 -0.55604382  0.45969617]
2.5395760000063694	[ 0.50205812 -0.55607827  0.45971407]
2.5395770000063695	[ 0.50206561 -0.55610364  0.45972122]
2.5395780000063697	[ 0.50208551 -0.55613813  0.45973912]
2.53957900000637	[ 0.50209433 -0.55616471  0.45974712]
2.53958000000637	[ 0.5021106  -0.55619657  0.45976241]
2.53958100000637	[ 0.50212048 -0.5562235   0.45977138]
2.5395820000063702	[ 0.50214036 -0.55625806  0.45978927]
2.5395830000063704	[ 0.50214788 -0.55628352  0.45979643]
2.5395840000063705	[ 0.50216778 -0.55631808  0.45981433]
2.5395850000063707	[ 0.50217531 -0.55634355  0.45982152]
2.539586000006371	[ 0.50219522 -0.55637813  0.45983943]
2.539587000006371	[ 0.50220278 -0.55640362  0.45984663]
2.539588000006371	[ 0.50222271 -0.55643821  0.45986455]
2.5395890000063712	[ 0.50223029 -0.55646371  0.45987178]
2.5395900000063714	[ 0.50225023 -0.55649831  0.45988972]
2.5395910000063715	[ 0.50225783 -0.55652383  0.45989696]
2.5395920000063716	[ 0.50227778 -0.55655843  0.4599149 ]
2.539593000006372	[ 0.50228539 -0.55658396  0.45992216]
2.539594000006372	[ 0.50230534 -0.55661856  0.4599401 ]
2.539595000006372	[ 0.50231295 -0.55664409  0.45994736]
2.539596000006372	[ 0.5023329  -0.55667869  0.45996529]
2.5395970000063723	[ 0.5023405  -0.5567042   0.45997255]
2.5395980000063725	[ 0.50236044 -0.55673879  0.45999047]
2.5395990000063726	[ 0.50236804 -0.55676428  0.45999772]
2.5396000000063728	[ 0.50238796 -0.55679886  0.46001563]
2.539601000006373	[ 0.50239555 -0.55682434  0.46002287]
2.539602000006373	[ 0.50241546 -0.5568589   0.46004077]
2.539603000006373	[ 0.50242305 -0.55688438  0.46004802]
2.5396040000063733	[ 0.50244295 -0.55691894  0.46006591]
2.5396050000063735	[ 0.50245054 -0.55694443  0.46007315]
2.5396060000063736	[ 0.50247044 -0.556979    0.46009104]
2.5396070000063737	[ 0.50247805 -0.55700451  0.4600983 ]
2.539608000006374	[ 0.50249793 -0.55703912  0.46011618]
2.539609000006374	[ 0.50250555 -0.55706466  0.46012344]
2.539610000006374	[ 0.50252544 -0.5570993   0.46014133]
2.5396110000063743	[ 0.50253307 -0.55712488  0.4601486 ]
2.5396120000063744	[ 0.50255296 -0.55715954  0.46016649]
2.5396130000063746	[ 0.50256059 -0.55718515  0.46017377]
2.5396140000063747	[ 0.50258049 -0.55721984  0.46019166]
2.539615000006375	[ 0.50258813 -0.55724547  0.46019895]
2.539616000006375	[ 0.50260803 -0.55728016  0.46021684]
2.539617000006375	[ 0.50261569 -0.55730578  0.46022414]
2.5396180000063753	[ 0.5026356  -0.55734047  0.46024205]
2.5396190000063754	[ 0.50264328 -0.55736608  0.46024937]
2.5396200000063756	[ 0.5026632  -0.55740075  0.46026728]
2.5396210000063757	[ 0.5026709  -0.55742634  0.46027462]
2.539622000006376	[ 0.50269084 -0.557461    0.46029255]
2.539623000006376	[ 0.50269856 -0.55748659  0.46029991]
2.539624000006376	[ 0.50271852 -0.55752124  0.46031786]
2.5396250000063763	[ 0.50272626 -0.55754683  0.46032523]
2.5396260000063764	[ 0.50274622 -0.55758149  0.46034319]
2.5396270000063765	[ 0.50275397 -0.55760711  0.46035058]
2.5396280000063767	[ 0.50277394 -0.55764179  0.46036853]
2.539629000006377	[ 0.5027817  -0.55766742  0.46037592]
2.539630000006377	[ 0.50280165 -0.55770213  0.46039387]
2.539631000006377	[ 0.5028094  -0.55772779  0.46040126]
2.5396320000063772	[ 0.50282935 -0.55776251  0.46041919]
2.5396330000063774	[ 0.50283709 -0.55778818  0.46042657]
2.5396340000063775	[ 0.50285702 -0.55782291  0.46044449]
2.5396350000063777	[ 0.50286475 -0.55784859  0.46045186]
2.539636000006378	[ 0.50288466 -0.55788332  0.46046976]
2.539637000006378	[ 0.50289238 -0.55790899  0.46047712]
2.539638000006378	[ 0.50291228 -0.5579437   0.46049502]
2.539639000006378	[ 0.50292    -0.55796936  0.46050238]
2.5396400000063784	[ 0.5029399  -0.55800406  0.46052027]
2.5396410000063785	[ 0.50294763 -0.55802972  0.46052764]
2.5396420000063786	[ 0.50296754 -0.55806441  0.46054554]
2.5396430000063788	[ 0.50297528 -0.55809006  0.46055292]
2.539644000006379	[ 0.50299519 -0.55812476  0.46057083]
2.539645000006379	[ 0.50300295 -0.55815042  0.46057822]
2.539646000006379	[ 0.50302288 -0.55818513  0.46059614]
2.5396470000063793	[ 0.50303066 -0.55821081  0.46060355]
2.5396480000063795	[ 0.50305059 -0.55824554  0.46062148]
2.5396490000063796	[ 0.50305839 -0.55827123  0.46062891]
2.5396500000063797	[ 0.50307834 -0.55830597  0.46064685]
2.53965100000638	[ 0.50308616 -0.55833167  0.46065429]
2.53965200000638	[ 0.50310612 -0.55836641  0.46067224]
2.53965300000638	[ 0.50311394 -0.55839212  0.4606797 ]
2.5396540000063803	[ 0.50313391 -0.55842686  0.46069766]
2.5396550000063804	[ 0.50314175 -0.55845256  0.46070512]
2.5396560000063806	[ 0.50316172 -0.55848729  0.46072308]
2.5396570000063807	[ 0.50316956 -0.55851298  0.46073055]
2.539658000006381	[ 0.50318953 -0.55854771  0.46074851]
2.539659000006381	[ 0.50319737 -0.5585734   0.46075598]
2.539660000006381	[ 0.50321733 -0.55860812  0.46077393]
2.5396610000063813	[ 0.50322516 -0.55863382  0.46078139]
2.5396620000063814	[ 0.5032451  -0.55866855  0.46079932]
2.5396630000063816	[ 0.50325293 -0.55869427  0.46080677]
2.5396640000063817	[ 0.50327285 -0.55872902  0.46082469]
2.539665000006382	[ 0.50328065 -0.55875475  0.46083213]
2.539666000006382	[ 0.50330056 -0.55878953  0.46085002]
2.539667000006382	[ 0.50330835 -0.55881528  0.46085745]
2.5396680000063823	[ 0.50332823 -0.55885008  0.46087533]
2.5396690000063824	[ 0.50333602 -0.55887585  0.46088275]
2.5396700000063825	[ 0.5033559  -0.55891065  0.46090062]
2.5396710000063827	[ 0.50336368 -0.55893642  0.46090804]
2.539672000006383	[ 0.50338356 -0.55897122  0.46092591]
2.539673000006383	[ 0.50339136 -0.55899699  0.46093335]
2.539674000006383	[ 0.50341124 -0.55903178  0.46095123]
2.5396750000063832	[ 0.50341906 -0.55905755  0.46095868]
2.5396760000063834	[ 0.50343897 -0.55909233  0.46097657]
2.5396770000063835	[ 0.50344681 -0.55911808  0.46098405]
2.5396780000063837	[ 0.50346674 -0.55915286  0.46100197]
2.539679000006384	[ 0.50347461 -0.55917861  0.46100946]
2.539680000006384	[ 0.50349455 -0.55921338  0.4610274 ]
2.539681000006384	[ 0.50350245 -0.55923914  0.46103492]
2.539682000006384	[ 0.50352242 -0.55927392  0.46105288]
2.5396830000063844	[ 0.50353033 -0.55929969  0.46106042]
2.5396840000063845	[ 0.50355031 -0.55933449  0.46107838]
2.5396850000063846	[ 0.50355824 -0.55936027  0.46108593]
2.539686000006385	[ 0.50357822 -0.55939509  0.4611039 ]
2.539687000006385	[ 0.50358616 -0.55942089  0.46111146]
2.539688000006385	[ 0.50360613 -0.55945573  0.46112942]
2.539689000006385	[ 0.50361406 -0.55948155  0.46113697]
2.5396900000063853	[ 0.50363402 -0.5595164   0.46115492]
2.5396910000063855	[ 0.50364194 -0.55954224  0.46116246]
2.5396920000063856	[ 0.50366188 -0.55957709  0.4611804 ]
2.5396930000063858	[ 0.50366978 -0.55960293  0.46118792]
2.539694000006386	[ 0.5036897  -0.55963778  0.46120584]
2.539695000006386	[ 0.50369759 -0.55966362  0.46121335]
2.539696000006386	[ 0.50371749 -0.55969846  0.46123124]
2.5396970000063863	[ 0.50372536 -0.55972429  0.46123874]
2.5396980000063865	[ 0.50374525 -0.55975912  0.46125662]
2.5396990000063866	[ 0.50375312 -0.55978494  0.46126412]
2.5397000000063867	[ 0.503773   -0.55981976  0.461282  ]
2.539701000006387	[ 0.50378087 -0.55984557  0.4612895 ]
2.539702000006387	[ 0.50380076 -0.55988038  0.46130738]
2.539703000006387	[ 0.50380865 -0.5599062   0.4613149 ]
2.5397040000063873	[ 0.50382855 -0.55994102  0.46133279]
2.5397050000063874	[ 0.50383647 -0.55996684  0.46134033]
2.5397060000063876	[ 0.50385639 -0.56000169  0.46135824]
2.5397070000063877	[ 0.50386433 -0.56002754  0.46136581]
2.539708000006388	[ 0.50388427 -0.56006241  0.46138374]
2.539709000006388	[ 0.50389224 -0.56008829  0.46139132]
2.539710000006388	[ 0.5039122  -0.56012319  0.46140927]
2.5397110000063883	[ 0.50392018 -0.5601491   0.46141687]
2.5397120000063884	[ 0.50394015 -0.56018403  0.46143483]
2.5397130000063886	[ 0.50394815 -0.56020996  0.46144244]
2.5397140000063887	[ 0.50396812 -0.56024491  0.46146041]
2.539715000006389	[ 0.50397613 -0.56027086  0.46146803]
2.539716000006389	[ 0.5039961  -0.56030581  0.46148599]
2.539717000006389	[ 0.50400412 -0.56033176  0.46149361]
2.5397180000063893	[ 0.50402409 -0.56036671  0.46151158]
2.5397190000063894	[ 0.5040321  -0.56039265  0.4615192 ]
2.5397200000063895	[ 0.50405207 -0.56042758  0.46153716]
2.5397210000063897	[ 0.50406009 -0.56045352  0.46154479]
2.53972200000639	[ 0.50408005 -0.56048844  0.46156275]
2.53972300000639	[ 0.50408807 -0.56051437  0.46157038]
2.53972400000639	[ 0.50410802 -0.56054929  0.46158832]
2.5397250000063902	[ 0.50411604 -0.56057522  0.46159595]
2.5397260000063904	[ 0.50413599 -0.56061015  0.46161389]
2.5397270000063905	[ 0.504144   -0.56063609  0.46162152]
2.5397280000063907	[ 0.50416393 -0.56067103  0.46163945]
2.539729000006391	[ 0.50417194 -0.56069698  0.46164706]
2.539730000006391	[ 0.50419186 -0.56073194  0.46166498]
2.539731000006391	[ 0.50419986 -0.56075791  0.46167259]
2.539732000006391	[ 0.5042191  -0.56079365  0.46168977]
2.5397330000063914	[ 0.5042303  -0.56082108  0.46170027]
2.5397340000063915	[ 0.50424433 -0.56085154  0.4617131 ]
2.5397350000063916	[ 0.50425832 -0.56088207  0.46172589]
2.5397360000063918	[ 0.50427231 -0.56091257  0.46173869]
2.539737000006392	[ 0.50428631 -0.56094307  0.46175149]
2.539738000006392	[ 0.50430031 -0.56097355  0.46176429]
2.539739000006392	[ 0.50431432 -0.56100404  0.4617771 ]
2.5397400000063923	[ 0.50432833 -0.56103452  0.46178991]
2.5397410000063925	[ 0.50434236 -0.561065    0.46180274]
2.5397420000063926	[ 0.50435639 -0.56109549  0.46181557]
2.5397430000063927	[ 0.50437043 -0.561126    0.46182841]
2.539744000006393	[ 0.50438447 -0.56115653  0.46184125]
2.539745000006393	[ 0.50439852 -0.56118708  0.46185409]
2.539746000006393	[ 0.50441257 -0.56121766  0.46186694]
2.5397470000063933	[ 0.50442661 -0.56124826  0.46187978]
2.5397480000063934	[ 0.50444065 -0.56127889  0.46189262]
2.5397490000063936	[ 0.50445469 -0.56130954  0.46190545]
2.5397500000063937	[ 0.50446871 -0.5613402   0.46191828]
2.539751000006394	[ 0.50448273 -0.56137087  0.4619311 ]
2.539752000006394	[ 0.50449674 -0.56140154  0.46194391]
2.539753000006394	[ 0.50451075 -0.5614322   0.46195671]
2.5397540000063943	[ 0.50452475 -0.56146284  0.46196951]
2.5397550000063944	[ 0.50453874 -0.56149346  0.4619823 ]
2.5397560000063946	[ 0.50455273 -0.56152406  0.4619951 ]
2.5397570000063947	[ 0.50456672 -0.56155464  0.46200789]
2.539758000006395	[ 0.50458071 -0.56158519  0.46202068]
2.539759000006395	[ 0.50459471 -0.56161572  0.46203348]
2.539760000006395	[ 0.50460871 -0.56164624  0.46204628]
2.5397610000063953	[ 0.50462271 -0.56167674  0.46205909]
2.5397620000063954	[ 0.50463672 -0.56170725  0.4620719 ]
2.5397630000063955	[ 0.50465074 -0.56173777  0.46208472]
2.5397640000063957	[ 0.50466477 -0.5617683   0.46209754]
2.539765000006396	[ 0.5046788  -0.56179884  0.46211037]
2.539766000006396	[ 0.50469283 -0.56182942  0.4621232 ]
2.539767000006396	[ 0.50470687 -0.56186002  0.46213604]
2.5397680000063962	[ 0.50472091 -0.56189064  0.46214888]
2.5397690000063964	[ 0.50473495 -0.5619213   0.46216172]
2.5397700000063965	[ 0.504749   -0.56195197  0.46217456]
2.5397710000063967	[ 0.50476304 -0.56198266  0.4621874 ]
2.539772000006397	[ 0.5047771  -0.56201337  0.46220025]
2.539773000006397	[ 0.50479115 -0.56204409  0.46221311]
2.539774000006397	[ 0.50480522 -0.56207481  0.46222597]
2.539775000006397	[ 0.50481929 -0.56210553  0.46223884]
2.5397760000063974	[ 0.50483337 -0.56213626  0.46225171]
2.5397770000063975	[ 0.50484746 -0.56216698  0.46226459]
2.5397780000063976	[ 0.50486156 -0.5621977   0.46227749]
2.539779000006398	[ 0.50487567 -0.56222841  0.46229039]
2.539780000006398	[ 0.50488978 -0.56225913  0.46230329]
2.539781000006398	[ 0.5049039  -0.56228985  0.46231621]
2.539782000006398	[ 0.50491803 -0.56232058  0.46232912]
2.5397830000063983	[ 0.50493215 -0.56235131  0.46234204]
2.5397840000063985	[ 0.50494628 -0.56238205  0.46235496]
2.5397850000063986	[ 0.5049604  -0.56241281  0.46236787]
2.5397860000063988	[ 0.50497451 -0.56244357  0.46238077]
2.539787000006399	[ 0.50498861 -0.56247434  0.46239367]
2.539788000006399	[ 0.5050027  -0.56250511  0.46240655]
2.539789000006399	[ 0.50501677 -0.56253589  0.46241942]
2.5397900000063993	[ 0.50503083 -0.56256667  0.46243228]
2.5397910000063995	[ 0.50504488 -0.56259745  0.46244512]
2.5397920000063996	[ 0.50505891 -0.56262822  0.46245795]
2.5397930000063997	[ 0.50507294 -0.56265899  0.46247077]
2.5397940000064	[ 0.50508695 -0.56268975  0.46248359]
2.5397950000064	[ 0.50510096 -0.5627205   0.4624964 ]
2.5397960000064	[ 0.50511498 -0.56275124  0.46250921]
2.5397970000064003	[ 0.50512899 -0.56278198  0.46252203]
2.5397980000064004	[ 0.505142   -0.5628126   0.46253423]
2.5397990000064006	[ 0.50515899 -0.56284432  0.46254918]
2.5398000000064007	[ 0.50517058 -0.56287343  0.46256033]
2.539801000006401	[ 0.50518612 -0.56290506  0.46257425]
2.539802000006401	[ 0.50520017 -0.56293581  0.4625871 ]
2.539803000006401	[ 0.50521423 -0.56296656  0.46259995]
2.5398040000064013	[ 0.50522832 -0.56299733  0.46261284]
2.5398050000064014	[ 0.50524244 -0.56302812  0.46262575]
2.5398060000064016	[ 0.50525659 -0.56305893  0.46263868]
2.5398070000064017	[ 0.50527076 -0.56308975  0.46265164]
2.539808000006402	[ 0.50528496 -0.56312059  0.46266462]
2.539809000006402	[ 0.50529917 -0.56315142  0.46267762]
2.539810000006402	[ 0.50531341 -0.56318226  0.46269064]
2.5398110000064023	[ 0.50532765 -0.56321308  0.46270367]
2.5398120000064024	[ 0.50534191 -0.56324388  0.4627167 ]
2.5398130000064025	[ 0.50535617 -0.56327467  0.46272974]
2.5398140000064027	[ 0.50537044 -0.56330545  0.46274279]
2.539815000006403	[ 0.50538471 -0.5633362   0.46275584]
2.539816000006403	[ 0.50539898 -0.56336694  0.46276888]
2.539817000006403	[ 0.50541324 -0.56339768  0.46278193]
2.5398180000064032	[ 0.5054275  -0.56342842  0.46279497]
2.5398190000064034	[ 0.50544175 -0.56345917  0.462808  ]
2.5398200000064035	[ 0.50545599 -0.56348993  0.46282102]
2.5398210000064037	[ 0.50547022 -0.56352072  0.46283403]
2.539822000006404	[ 0.50548444 -0.56355154  0.46284704]
2.539823000006404	[ 0.50549865 -0.5635824   0.46286003]
2.539824000006404	[ 0.50551285 -0.56361328  0.46287301]
2.539825000006404	[ 0.50552703 -0.5636442   0.46288598]
2.5398260000064043	[ 0.5055412  -0.56367515  0.46289894]
2.5398270000064045	[ 0.50555536 -0.56370612  0.46291189]
2.5398280000064046	[ 0.50556903 -0.56373621  0.46292429]
2.5398290000064048	[ 0.50558482 -0.56376996  0.46293867]
2.539830000006405	[ 0.5055965  -0.56379812  0.46294976]
2.539831000006405	[ 0.50561199 -0.56383003  0.46296367]
2.539832000006405	[ 0.50562568 -0.56386009  0.46297609]
2.5398330000064053	[ 0.50564147 -0.56389378  0.46299047]
2.5398340000064055	[ 0.50565317 -0.56392185  0.46300158]
2.5398350000064056	[ 0.5056687  -0.56395365  0.46301553]
2.5398360000064057	[ 0.50568243 -0.56398361  0.46302798]
2.539837000006406	[ 0.50569826 -0.5640172   0.46304241]
2.539838000006406	[ 0.50571002 -0.56404519  0.46305357]
2.539839000006406	[ 0.5057256  -0.56407694  0.46306756]
2.5398400000064063	[ 0.50573937 -0.56410686  0.46308006]
2.5398410000064064	[ 0.50575525 -0.56414045  0.46309452]
2.5398420000064066	[ 0.50576703 -0.56416846  0.4631057 ]
2.5398430000064067	[ 0.50578262 -0.56420025  0.46311971]
2.539844000006407	[ 0.50579639 -0.56423024  0.4631322 ]
2.539845000006407	[ 0.50581225 -0.56426391  0.46314665]
2.539846000006407	[ 0.505824  -0.564292   0.4631578]
2.5398470000064073	[ 0.50583955 -0.56432387  0.46317176]
2.5398480000064074	[ 0.50585327 -0.56435393  0.46318421]
2.5398490000064076	[ 0.50586907 -0.56438765  0.4631986 ]
2.5398500000064077	[ 0.50588076 -0.56441578  0.4632097 ]
2.539851000006408	[ 0.50589625 -0.56444766  0.46322362]
2.539852000006408	[ 0.50591041 -0.56447861  0.46323656]
2.539853000006408	[ 0.50592406 -0.56450864  0.46324894]
2.5398540000064083	[ 0.50593983 -0.56454234  0.46326331]
2.5398550000064084	[ 0.5059515  -0.56457043  0.4632744 ]
2.5398560000064085	[ 0.505967   -0.56460228  0.46328831]
2.5398570000064087	[ 0.50598118 -0.5646332   0.46330128]
2.539858000006409	[ 0.50599488 -0.56466321  0.4633137 ]
2.539859000006409	[ 0.5060107  -0.56469691  0.46332812]
2.539860000006409	[ 0.50602244 -0.56472502  0.46333927]
2.5398610000064092	[ 0.50603802 -0.56475692  0.46335325]
2.5398620000064094	[ 0.50605227 -0.56478791  0.46336629]
2.5398630000064095	[ 0.50606652 -0.5648189   0.46337932]
2.5398640000064097	[ 0.50608079 -0.56484991  0.46339236]
2.53986500000641	[ 0.50609457 -0.56488004  0.46340487]
2.53986600000641	[ 0.50611048 -0.56491387  0.46341936]
2.53986700000641	[ 0.50612229 -0.56494211  0.46343057]
2.53986800000641	[ 0.50613792 -0.56497412  0.46344461]
2.5398690000064104	[ 0.50615222 -0.56500519  0.46345768]
2.5398700000064105	[ 0.5061665  -0.56503625  0.46347074]
2.5398710000064106	[ 0.50618077 -0.5650673   0.4634838 ]
2.539872000006411	[ 0.50619505 -0.56509833  0.46349685]
2.539873000006411	[ 0.50620933 -0.56512936  0.46350991]
2.539874000006411	[ 0.5062236  -0.56516037  0.46352296]
2.539875000006411	[ 0.50623787 -0.56519138  0.46353601]
2.5398760000064113	[ 0.50625214 -0.56522238  0.46354906]
2.5398770000064115	[ 0.50626641 -0.56525338  0.46356211]
2.5398780000064116	[ 0.50628068 -0.56528437  0.46357516]
2.5398790000064118	[ 0.50629495 -0.56531538  0.4635882 ]
2.539880000006412	[ 0.50630921 -0.56534639  0.46360124]
2.539881000006412	[ 0.50632346 -0.56537741  0.46361428]
2.539882000006412	[ 0.50633771 -0.56540844  0.4636273 ]
2.5398830000064123	[ 0.50635194 -0.56543948  0.46364032]
2.5398840000064125	[ 0.50636617 -0.56547053  0.46365333]
2.5398850000064126	[ 0.50638039 -0.56550159  0.46366634]
2.5398860000064127	[ 0.5063946  -0.56553265  0.46367933]
2.539887000006413	[ 0.50640879 -0.5655637   0.46369231]
2.539888000006413	[ 0.50642298 -0.56559476  0.46370529]
2.539889000006413	[ 0.50643717 -0.5656258   0.46371826]
2.5398900000064133	[ 0.50645135 -0.56565683  0.46373123]
2.5398910000064134	[ 0.50646554 -0.56568785  0.4637442 ]
2.5398920000064136	[ 0.50647972 -0.56571886  0.46375718]
2.5398930000064137	[ 0.50649392 -0.56574986  0.46377016]
2.539894000006414	[ 0.50650812 -0.56578084  0.46378315]
2.539895000006414	[ 0.50652234 -0.56581182  0.46379615]
2.539896000006414	[ 0.50653658 -0.56584281  0.46380917]
2.5398970000064143	[ 0.50655083 -0.56587379  0.4638222 ]
2.5398980000064144	[ 0.50656509 -0.56590479  0.46383524]
2.5398990000064146	[ 0.50657937 -0.56593581  0.46384831]
2.5399000000064147	[ 0.50659367 -0.56596685  0.46386138]
2.539901000006415	[ 0.50660798 -0.56599791  0.46387446]
2.539902000006415	[ 0.50662229 -0.566029    0.46388755]
2.539903000006415	[ 0.50663662 -0.56606011  0.46390065]
2.5399040000064153	[ 0.50665094 -0.56609124  0.46391375]
2.5399050000064154	[ 0.50666526 -0.5661224   0.46392685]
2.5399060000064155	[ 0.50667958 -0.56615357  0.46393994]
2.5399070000064157	[ 0.50669389 -0.56618475  0.46395303]
2.539908000006416	[ 0.5067082  -0.56621593  0.46396611]
2.539909000006416	[ 0.50672249 -0.5662471   0.46397918]
2.539910000006416	[ 0.50673677 -0.56627827  0.46399225]
2.5399110000064162	[ 0.50675105 -0.56630943  0.4640053 ]
2.5399120000064164	[ 0.50676531 -0.56634058  0.46401834]
2.5399130000064165	[ 0.50677957 -0.56637171  0.46403138]
2.5399140000064167	[ 0.50679382 -0.56640282  0.46404441]
2.539915000006417	[ 0.50680807 -0.56643393  0.46405744]
2.539916000006417	[ 0.50682232 -0.56646503  0.46407047]
2.539917000006417	[ 0.50683656 -0.56649612  0.4640835 ]
2.539918000006417	[ 0.50685082 -0.56652722  0.46409653]
2.5399190000064173	[ 0.50686507 -0.56655832  0.46410957]
2.5399200000064175	[ 0.50687934 -0.56658944  0.46412261]
2.5399210000064176	[ 0.5068936  -0.56662056  0.46413566]
2.5399220000064178	[ 0.50690788 -0.56665171  0.46414872]
2.539923000006418	[ 0.50692217 -0.56668287  0.46416178]
2.539924000006418	[ 0.50693646 -0.56671404  0.46417485]
2.539925000006418	[ 0.50695076 -0.56674523  0.46418793]
2.5399260000064183	[ 0.50696506 -0.56677643  0.46420101]
2.5399270000064185	[ 0.50697937 -0.56680763  0.4642141 ]
2.5399280000064186	[ 0.50699369 -0.56683883  0.46422719]
2.5399290000064187	[ 0.50700801 -0.56687003  0.46424029]
2.539930000006419	[ 0.50702234 -0.56690122  0.46425339]
2.539931000006419	[ 0.50703667 -0.5669324   0.4642665 ]
2.539932000006419	[ 0.50705101 -0.56696357  0.46427961]
2.5399330000064193	[ 0.50706535 -0.56699472  0.46429272]
2.5399340000064194	[ 0.50707969 -0.56702586  0.46430584]
2.5399350000064196	[ 0.50709404 -0.56705699  0.46431896]
2.5399360000064197	[ 0.50710838 -0.56708812  0.46433208]
2.53993700000642	[ 0.50712273 -0.56711924  0.46434519]
2.53993800000642	[ 0.50713707 -0.56715036  0.46435831]
2.53993900000642	[ 0.50715141 -0.56718149  0.46437143]
2.5399400000064203	[ 0.50716575 -0.56721263  0.46438454]
2.5399410000064204	[ 0.50718007 -0.56724378  0.46439764]
2.5399420000064206	[ 0.50719439 -0.56727494  0.46441073]
2.5399430000064207	[ 0.5072087  -0.56730612  0.46442382]
2.539944000006421	[ 0.507223   -0.56733731  0.46443689]
2.539945000006421	[ 0.50723728 -0.56736852  0.46444995]
2.539946000006421	[ 0.50725155 -0.56739974  0.46446301]
2.5399470000064213	[ 0.50726582 -0.56743096  0.46447605]
2.5399480000064214	[ 0.50728007 -0.56746219  0.46448909]
2.5399490000064215	[ 0.50729433 -0.56749342  0.46450212]
2.5399500000064217	[ 0.50730858 -0.56752465  0.46451516]
2.539951000006422	[ 0.50732283 -0.56755587  0.46452819]
2.539952000006422	[ 0.50733709 -0.56758709  0.46454123]
2.539953000006422	[ 0.50735136 -0.56761831  0.46455428]
2.5399540000064222	[ 0.50736565 -0.56764952  0.46456735]
2.5399550000064224	[ 0.50737995 -0.56768074  0.46458043]
2.5399560000064225	[ 0.50739427 -0.56771196  0.46459353]
2.5399570000064227	[ 0.50740862 -0.56774319  0.46460664]
2.539958000006423	[ 0.50742298 -0.56777444  0.46461978]
2.539959000006423	[ 0.50743736 -0.5678057   0.46463293]
2.539960000006423	[ 0.50745176 -0.56783699  0.4646461 ]
2.539961000006423	[ 0.50746617 -0.5678683   0.46465928]
2.5399620000064234	[ 0.5074806  -0.56789964  0.46467247]
2.5399630000064235	[ 0.50749503 -0.567931    0.46468567]
