2.825120000002981	[0.36430185 0.63359101 0.3337653 ]
2.825130000002981	[0.36421543 0.63387588 0.3336862 ]
2.825140000002981	[0.36412857 0.63416063 0.3336067 ]
2.825150000002981	[0.36404151 0.63444539 0.33352701]
2.825160000002981	[0.36395425 0.63473018 0.33344714]
2.825170000002981	[0.36386679 0.63501498 0.33336709]
2.825180000002981	[0.36377914 0.63529981 0.33328686]
2.8251900000029813	[0.36369129 0.63558465 0.33320645]
2.8252000000029813	[0.36360325 0.63586951 0.33312586]
2.8252100000029814	[0.36351501 0.63615439 0.33304509]
2.8252200000029815	[0.36342658 0.63643929 0.33296414]
2.8252300000029815	[0.36333796 0.63672421 0.33288301]
2.8252400000029816	[0.36324914 0.63700914 0.33280171]
2.8252500000029817	[0.36316012 0.63729409 0.33272023]
2.8252600000029817	[0.36307092 0.63757905 0.33263857]
2.825270000002982	[0.36298152 0.63786403 0.33255674]
2.825280000002982	[0.36289211 0.6381487  0.3324749 ]
2.825290000002982	[0.36280218 0.63843406 0.33239257]
2.825300000002982	[0.36271221 0.63871909 0.33231021]
2.825310000002982	[0.36262205 0.63900413 0.33222768]
2.825320000002982	[0.36253171 0.63928918 0.33214498]
2.825330000002982	[0.36244117 0.63957425 0.3320621 ]
2.8253400000029822	[0.36235045 0.63985933 0.33197905]
2.8253500000029823	[0.36225954 0.64014443 0.33189582]
2.8253600000029824	[0.36216844 0.64042954 0.33181243]
2.8253700000029824	[0.36207715 0.64071466 0.33172886]
2.8253800000029825	[0.36198568 0.64099979 0.33164512]
2.8253900000029826	[0.36189402 0.64128493 0.33156121]
2.8254000000029826	[0.36180218 0.64157009 0.33147714]
2.8254100000029827	[0.36171015 0.64185525 0.33139289]
2.8254200000029828	[0.36161794 0.64214043 0.33130847]
2.825430000002983	[0.36152555 0.64242562 0.33122389]
2.825440000002983	[0.36143297 0.64271082 0.33113913]
2.825450000002983	[0.36134021 0.64299603 0.33105421]
2.825460000002983	[0.36124727 0.64328124 0.33096912]
2.825470000002983	[0.36115414 0.64356647 0.33088387]
2.825480000002983	[0.36106083 0.6438517  0.33079844]
2.8254900000029832	[0.36096735 0.64413694 0.33071285]
2.8255000000029833	[0.36087368 0.64442219 0.3306271 ]
2.8255100000029834	[0.36077983 0.64470745 0.33054118]
2.8255200000029834	[0.36068581 0.64499271 0.3304551 ]
2.8255300000029835	[0.3605916  0.64527798 0.33036885]
2.8255400000029836	[0.36049722 0.64556325 0.33028244]
2.8255500000029836	[0.36040266 0.64584853 0.33019587]
2.8255600000029837	[0.36030792 0.64613381 0.33010913]
2.8255700000029838	[0.360213   0.6464191  0.33002223]
2.825580000002984	[0.36011791 0.64670439 0.32993517]
2.825590000002984	[0.36002264 0.64698969 0.32984794]
2.825600000002984	[0.3599272  0.64727498 0.32976056]
2.825610000002984	[0.35983158 0.64756029 0.32967301]
2.825620000002984	[0.35973579 0.64784559 0.32958531]
2.825630000002984	[0.35963982 0.6481309  0.32949745]
2.825640000002984	[0.35954368 0.6484162  0.32940942]
2.8256500000029843	[0.35944737 0.64870151 0.32932124]
2.8256600000029843	[0.35935089 0.64898682 0.3292329 ]
2.8256700000029844	[0.35925423 0.64927214 0.3291444 ]
2.8256800000029845	[0.3591574  0.64955745 0.32905575]
2.8256900000029845	[0.3590604  0.64984276 0.32896693]
2.8257000000029846	[0.35896324 0.65012808 0.32887797]
2.8257100000029847	[0.3588659  0.65041339 0.32878884]
2.8257200000029847	[0.35876839 0.6506987  0.32869956]
2.825730000002985	[0.35867072 0.65098402 0.32861013]
2.825740000002985	[0.35857287 0.65126933 0.32852054]
2.825750000002985	[0.35847486 0.65155464 0.3284308 ]
2.825760000002985	[0.35837668 0.65183995 0.32834091]
2.825770000002985	[0.35827834 0.65212526 0.32825086]
2.825780000002985	[0.35817983 0.65241056 0.32816066]
2.825790000002985	[0.35808115 0.65269587 0.3280703 ]
2.8258000000029853	[0.35798231 0.65298117 0.3279798 ]
2.8258100000029853	[0.35788331 0.65326647 0.32788915]
2.8258200000029854	[0.35778414 0.65355176 0.32779834]
2.8258300000029855	[0.35768481 0.65383706 0.32770739]
2.8258400000029855	[0.35758531 0.65412234 0.32761628]
2.8258500000029856	[0.35748566 0.65440763 0.32752503]
2.8258600000029857	[0.35738584 0.65469291 0.32743362]
2.8258700000029857	[0.35728585 0.65497818 0.32734207]
2.825880000002986	[0.35718571 0.65526345 0.32725037]
2.825890000002986	[0.35708541 0.65554871 0.32715853]
2.825900000002986	[0.35698495 0.65583397 0.32706653]
2.825910000002986	[0.35688432 0.65611922 0.32697439]
2.825920000002986	[0.35678354 0.65640447 0.3268821 ]
2.825930000002986	[0.3566826  0.6566897  0.32678967]
2.825940000002986	[0.3565815  0.65697493 0.32669709]
2.8259500000029862	[0.35648024 0.65726015 0.32660437]
2.8259600000029863	[0.35637883 0.65754536 0.3265115 ]
2.8259700000029864	[0.35627725 0.65783057 0.32641849]
2.8259800000029864	[0.35617552 0.65811576 0.32632533]
2.8259900000029865	[0.35607364 0.65840095 0.32623203]
2.8260000000029866	[0.3559716  0.65868612 0.32613859]
2.8260100000029866	[0.3558694  0.65897129 0.326045  ]
2.8260200000029867	[0.35576705 0.65925644 0.32595127]
2.8260300000029868	[0.35566454 0.65954159 0.3258574 ]
2.826040000002987	[0.35556187 0.65982672 0.32576338]
2.826050000002987	[0.35545907 0.66011184 0.32566924]
2.826060000002987	[0.3553561  0.66039695 0.32557494]
2.826070000002987	[0.35525298 0.66068205 0.32548051]
2.826080000002987	[0.35514971 0.66096713 0.32538594]
2.826090000002987	[0.35504628 0.66125221 0.32529122]
2.8261000000029872	[0.35494271 0.66153727 0.32519637]
2.8261100000029873	[0.35483898 0.66182232 0.32510138]
2.8261200000029874	[0.3547351  0.66210735 0.32500625]
2.8261300000029874	[0.35463108 0.66239237 0.32491098]
2.8261400000029875	[0.3545269  0.66267738 0.32481558]
2.8261500000029876	[0.35442258 0.66296238 0.32472004]
2.8261600000029876	[0.3543181  0.66324736 0.32462436]
2.8261700000029877	[0.35421348 0.66353232 0.32452855]
2.8261800000029877	[0.35410872 0.66381727 0.3244326 ]
2.826190000002988	[0.3540038  0.66410221 0.32433652]
2.826200000002988	[0.35389874 0.66438713 0.3242403 ]
2.826210000002988	[0.35379353 0.66467203 0.32414395]
2.826220000002988	[0.35368818 0.66495692 0.32404746]
2.826230000002988	[0.35358268 0.66524179 0.32395085]
2.826240000002988	[0.35347704 0.66552665 0.3238541 ]
2.826250000002988	[0.35337125 0.66581148 0.32375721]
2.8262600000029883	[0.35326532 0.6660963  0.3236602 ]
2.8262700000029883	[0.35315925 0.66638111 0.32356305]
2.8262800000029884	[0.35305303 0.66666589 0.32346577]
2.8262900000029885	[0.35294668 0.66695066 0.32336837]
2.8263000000029885	[0.35284018 0.66723541 0.32327083]
2.8263100000029886	[0.35273354 0.66752014 0.32317316]
2.8263200000029887	[0.35262675 0.66780485 0.32307536]
2.8263300000029887	[0.35251983 0.66808955 0.32297744]
2.826340000002989	[0.35241277 0.66837422 0.32287938]
2.826350000002989	[0.35230557 0.66865887 0.3227812 ]
2.826360000002989	[0.35219823 0.66894351 0.32268288]
2.826370000002989	[0.35209075 0.66922812 0.32258445]
2.826380000002989	[0.35198313 0.66951271 0.32248588]
2.826390000002989	[0.35187537 0.66979728 0.32238719]
2.826400000002989	[0.35176748 0.67008183 0.32228837]
2.8264100000029893	[0.35165945 0.67036636 0.32218942]
2.8264200000029893	[0.35155128 0.67065087 0.32209035]
2.8264300000029894	[0.35144297 0.67093535 0.32199115]
2.8264400000029894	[0.35133453 0.67121982 0.32189183]
2.8264500000029895	[0.35122596 0.67150426 0.32179239]
2.8264600000029896	[0.35111725 0.67178867 0.32169282]
2.8264700000029896	[0.3510084  0.67207307 0.32159312]
2.8264800000029897	[0.35089942 0.67235744 0.32149331]
2.8264900000029898	[0.35079031 0.67264179 0.32139337]
2.82650000000299	[0.35068106 0.67292611 0.3212933 ]
2.82651000000299	[0.35057168 0.67321041 0.32119312]
2.82652000000299	[0.35046216 0.67349469 0.32109281]
2.82653000000299	[0.35035252 0.67377894 0.32099238]
2.82654000000299	[0.35024274 0.67406317 0.32089183]
2.82655000000299	[0.35013283 0.67434737 0.32079116]
2.8265600000029902	[0.35002279 0.67463154 0.32069037]
2.8265700000029903	[0.34991262 0.67491569 0.32058946]
2.8265800000029904	[0.34980232 0.67519982 0.32048842]
2.8265900000029904	[0.34969189 0.67548392 0.32038727]
2.8266000000029905	[0.34958132 0.67576799 0.320286  ]
2.8266100000029906	[0.34947063 0.67605203 0.32018462]
2.8266200000029906	[0.34935982 0.67633605 0.32008311]
2.8266300000029907	[0.34924887 0.67662004 0.31998149]
2.8266400000029908	[0.34913787 0.67690406 0.31987982]
2.826650000002991	[0.34902658 0.67718795 0.31977788]
2.826660000002991	[0.34891525 0.67747186 0.3196759 ]
2.826670000002991	[0.3488038  0.67775574 0.31957381]
2.826680000002991	[0.34869222 0.67803959 0.3194716 ]
2.826690000002991	[0.34858051 0.67832341 0.31936928]
2.826700000002991	[0.34846868 0.6786072  0.31926684]
2.826710000002991	[0.34835673 0.67889097 0.31916429]
2.8267200000029913	[0.34824465 0.6791747  0.31906163]
2.8267300000029913	[0.34813244 0.6794584  0.31895885]
2.8267400000029914	[0.34802011 0.67974208 0.31885595]
2.8267500000029915	[0.34790766 0.68002572 0.31875295]
2.8267600000029915	[0.34779509 0.68030933 0.31864983]
2.8267700000029916	[0.34768239 0.68059291 0.3185466 ]
2.8267800000029917	[0.34756958 0.68087646 0.31844325]
2.8267900000029917	[0.34745664 0.68115998 0.3183398 ]
2.826800000002992	[0.34734358 0.68144347 0.31823623]
2.826810000002992	[0.3472304  0.68172693 0.31813256]
2.826820000002992	[0.3471171  0.68201035 0.31802877]
2.826830000002992	[0.34700368 0.68229375 0.31792487]
2.826840000002992	[0.34689014 0.68257711 0.31782087]
2.826850000002992	[0.34677648 0.68286044 0.31771675]
2.826860000002992	[0.3466627  0.68314373 0.31761252]
2.8268700000029923	[0.3465488  0.683427   0.31750819]
2.8268800000029923	[0.34643479 0.68371023 0.31740375]
2.8268900000029924	[0.34632066 0.68399342 0.3172992 ]
2.8269000000029925	[0.34620641 0.68427659 0.31719454]
2.8269100000029925	[0.34609205 0.68455972 0.31708977]
2.8269200000029926	[0.34597757 0.68484281 0.3169849 ]
2.8269300000029927	[0.34586297 0.68512587 0.31687992]
2.8269400000029927	[0.34574826 0.6854089  0.31677484]
2.826950000002993	[0.34563344 0.68569192 0.31666966]
2.826960000002993	[0.34551849 0.68597485 0.31656435]
2.826970000002993	[0.34540343 0.68625778 0.31645895]
2.826980000002993	[0.34528826 0.68654067 0.31635344]
2.826990000002993	[0.34517297 0.68682352 0.31624783]
2.827000000002993	[0.34505758 0.68710633 0.31614212]
2.827010000002993	[0.34494207 0.68738911 0.3160363 ]
2.8270200000029932	[0.34482644 0.68767185 0.31593038]
2.8270300000029933	[0.34471071 0.68795456 0.31582435]
2.8270400000029934	[0.34459486 0.68823723 0.31571823]
2.8270500000029934	[0.3444789  0.68851986 0.315612  ]
2.8270600000029935	[0.34436283 0.68880246 0.31550566]
2.8270700000029936	[0.34424665 0.68908501 0.31539923]
2.8270800000029936	[0.34413036 0.68936753 0.31529269]
2.8270900000029937	[0.34401396 0.68965001 0.31518606]
2.8271000000029938	[0.34389745 0.68993246 0.31507932]
2.827110000002994	[0.34378083 0.69021486 0.31497248]
2.827120000002994	[0.34366411 0.69049722 0.31486555]
2.827130000002994	[0.34354722 0.69077962 0.31475847]
2.827140000002994	[0.34343032 0.69106183 0.31465137]
2.827150000002994	[0.34331327 0.69134407 0.31454414]
2.827160000002994	[0.34319611 0.69162628 0.3144368 ]
2.8271700000029942	[0.34307884 0.69190845 0.31432937]
2.8271800000029943	[0.34296147 0.69219057 0.31422184]
2.8271900000029944	[0.34284399 0.69247266 0.31411421]
2.8272000000029944	[0.34272641 0.6927547  0.31400648]
2.8272100000029945	[0.34260871 0.69303671 0.31389866]
2.8272200000029946	[0.34249091 0.69331871 0.31379073]
2.8272300000029946	[0.34237301 0.6936006  0.31368272]
2.8272400000029947	[0.34225501 0.69388247 0.31357461]
2.8272500000029948	[0.3421369  0.69416431 0.31346641]
2.827260000002995	[0.34201869 0.69444611 0.3133581 ]
2.827270000002995	[0.34190037 0.69472786 0.3132497 ]
2.827280000002995	[0.34178195 0.69500958 0.31314121]
2.827290000002995	[0.34166343 0.69529125 0.31303263]
2.827300000002995	[0.3415448  0.69557288 0.31292395]
2.827310000002995	[0.34142608 0.69585446 0.31281517]
2.827320000002995	[0.34130725 0.69613601 0.3127063 ]
2.8273300000029953	[0.34118808 0.69641743 0.31259712]
2.8273400000029953	[0.34106931 0.69669893 0.31248831]
2.8273500000029954	[0.34095018 0.69698035 0.31237916]
2.8273600000029955	[0.34083095 0.69726172 0.31226993]
2.8273700000029955	[0.34071162 0.69754305 0.3121606 ]
2.8273800000029956	[0.34059219 0.69782433 0.31205118]
2.8273900000029957	[0.34047267 0.69810558 0.31194167]
2.8274000000029957	[0.34035271 0.69838698 0.31183175]
2.827410000002996	[0.34023329 0.69866788 0.31172235]
2.827420000002996	[0.34011337 0.69894899 0.31161248]
2.827430000002996	[0.33999355 0.69923003 0.3115027 ]
2.827440000002996	[0.33987354 0.69951104 0.31139274]
2.827450000002996	[0.33975359 0.69979194 0.31128284]
2.827460000002996	[0.33963323 0.70007294 0.31117256]
2.827470000002996	[0.33951269 0.70035396 0.31106212]
2.8274800000029963	[0.33939268 0.70063455 0.31095217]
2.8274900000029963	[0.33927199 0.70091546 0.31084158]
2.8275000000029964	[0.33915139 0.7011962  0.31073109]
2.8275100000029965	[0.3390307  0.70147689 0.31062051]
2.8275200000029965	[0.33890991 0.70175754 0.31050984]
2.8275300000029966	[0.33878903 0.70203814 0.31039908]
2.8275400000029967	[0.33866805 0.70231869 0.31028824]
2.8275500000029967	[0.33854698 0.70259919 0.31017731]
2.827560000002997	[0.33842582 0.70287965 0.31006629]
2.827570000002997	[0.33830457 0.70316006 0.30995519]
2.827580000002997	[0.33818322 0.70344042 0.30984401]
2.827590000002997	[0.33806178 0.70372073 0.30973274]
2.827600000002997	[0.33794024 0.704001   0.30962138]
2.827610000002997	[0.33781862 0.70428122 0.30950995]
2.827620000002997	[0.33769702 0.70456138 0.30939853]
2.8276300000029972	[0.33757509 0.70484152 0.30928681]
2.8276400000029973	[0.3374532  0.7051216  0.30917512]
2.8276500000029974	[0.33733121 0.70540162 0.30906335]
2.8276600000029974	[0.33720913 0.70568159 0.30895149]
2.8276700000029975	[0.33708697 0.70596152 0.30883955]
2.8276800000029976	[0.33696471 0.70624139 0.30872753]
2.8276900000029976	[0.33684237 0.70652122 0.30861543]
2.8277000000029977	[0.33672    0.70680104 0.30850331]
2.8277100000029978	[0.33659741 0.70708073 0.30839098]
2.827720000002998	[0.33647485 0.70736038 0.30827868]
2.827730000002998	[0.33635209 0.70764004 0.3081662 ]
2.827740000002998	[0.33622931 0.70791961 0.30805369]
2.827750000002998	[0.33610644 0.70819913 0.30794111]
2.827760000002998	[0.33598348 0.7084786  0.30782844]
2.827770000002998	[0.33586043 0.70875802 0.30771569]
2.8277800000029982	[0.3357373  0.70903739 0.30760287]
2.8277900000029983	[0.33561409 0.70931671 0.30748996]
2.8278000000029984	[0.33549078 0.70959597 0.30737698]
2.8278100000029984	[0.33536739 0.70987518 0.30726392]
2.8278200000029985	[0.33524392 0.71015434 0.30715078]
2.8278300000029986	[0.33512036 0.71043345 0.30703756]
2.8278400000029986	[0.33499659 0.71071265 0.30692414]
2.8278500000029987	[0.33487299 0.71099149 0.30681089]
2.8278600000029988	[0.33474918 0.71127044 0.30669744]
2.827870000002999	[0.33462529 0.71154934 0.30658392]
2.827880000002999	[0.33450131 0.71182818 0.30647031]
2.827890000002999	[0.33437725 0.71210697 0.30635663]
2.827900000002999	[0.3342531  0.7123857  0.30624287]
2.827910000002999	[0.33412888 0.71266438 0.30612904]
2.827920000002999	[0.33400457 0.71294301 0.30601513]
2.827930000002999	[0.33388018 0.71322158 0.30590115]
2.8279400000029993	[0.33375571 0.7135001  0.30578709]
2.8279500000029993	[0.33363115 0.71377857 0.30567295]
2.8279600000029994	[0.33350652 0.71405698 0.30555875]
2.8279700000029995	[0.3333818  0.71433533 0.30544446]
2.8279800000029995	[0.33325701 0.71461364 0.30533011]
2.8279900000029996	[0.33313213 0.71489188 0.30521568]
2.8280000000029997	[0.33300718 0.71517007 0.30510117]
2.8280100000029997	[0.33288214 0.71544821 0.3049866 ]
2.828020000003	[0.33275703 0.71572629 0.30487195]
2.828030000003	[0.33263184 0.71600432 0.30475723]
2.828040000003	[0.33250657 0.71628229 0.30464244]
2.828050000003	[0.33238122 0.71656021 0.30452757]
2.828060000003	[0.3322558  0.71683807 0.30441263]
2.828070000003	[0.33213029 0.71711587 0.30429763]
2.828080000003	[0.33200472 0.71739346 0.30418256]
2.8280900000030003	[0.33187923 0.71767133 0.30406756]
2.8281000000030003	[0.33175334 0.71794897 0.30395219]
2.8281100000030004	[0.33162753 0.71822656 0.3038369 ]
2.8281200000030005	[0.33150164 0.71850409 0.30372155]
2.8281300000030005	[0.33137568 0.71878156 0.30360612]
2.8281400000030006	[0.33124965 0.71905898 0.30349062]
2.8281500000030007	[0.33112354 0.71933634 0.30337506]
2.8281600000030007	[0.33099736 0.71961364 0.30325942]
2.828170000003001	[0.3308711  0.71989088 0.30314372]
2.828180000003001	[0.33074477 0.72016807 0.30302795]
2.828190000003001	[0.33061836 0.72044519 0.30291211]
2.828200000003001	[0.33049188 0.72072226 0.30279621]
2.828210000003001	[0.33036533 0.72099927 0.30268023]
2.828220000003001	[0.3302387  0.72127623 0.30256419]
2.828230000003001	[0.330112   0.72155312 0.30244808]
2.8282400000030012	[0.32998523 0.72182995 0.30233191]
2.8282500000030013	[0.32985839 0.72210673 0.30221567]
2.8282600000030014	[0.32973147 0.72238344 0.30209936]
2.8282700000030014	[0.32960449 0.7226601  0.30198299]
2.8282800000030015	[0.32947743 0.7229367  0.30186655]
2.8282900000030016	[0.3293503  0.72321324 0.30175005]
2.8283000000030016	[0.3292231  0.72348971 0.30163348]
2.8283100000030017	[0.32909586 0.72376597 0.30151688]
2.8283200000030018	[0.32896846 0.72404266 0.30140011]
2.828330000003002	[0.3288411  0.72431862 0.30128341]
2.828340000003002	[0.32871359 0.72459503 0.30116655]
2.828350000003002	[0.32858604 0.7248712  0.30104966]
2.828360000003002	[0.32845842 0.72514731 0.3009327 ]
2.828370000003002	[0.32833073 0.72542337 0.30081568]
2.828380000003002	[0.32820297 0.72569936 0.30069859]
2.8283900000030022	[0.32807514 0.72597529 0.30058145]
2.8284000000030023	[0.32794724 0.72625116 0.30046424]
2.8284100000030024	[0.32781928 0.72652697 0.30034696]
2.8284200000030024	[0.32769124 0.72680272 0.30022963]
2.8284300000030025	[0.32756314 0.72707841 0.30011223]
2.8284400000030026	[0.3274349  0.72735403 0.2999947 ]
2.8284500000030026	[0.32730674 0.7276296  0.29987725]
2.8284600000030027	[0.32717844 0.7279051  0.29975966]
2.8284700000030027	[0.32705007 0.72818055 0.29964202]
2.828480000003003	[0.32692173 0.72845594 0.2995244 ]
2.828490000003003	[0.32679313 0.72873126 0.29940655]
2.828500000003003	[0.32666457 0.72900652 0.29928872]
2.828510000003003	[0.32653594 0.72928172 0.29917083]
2.828520000003003	[0.32640724 0.72955685 0.29905288]
2.828530000003003	[0.32627848 0.72983192 0.29893488]
2.828540000003003	[0.32614965 0.73010693 0.29881681]
2.8285500000030033	[0.32602076 0.73038188 0.29869868]
2.8285600000030033	[0.3258918  0.73065676 0.2985805 ]
2.8285700000030034	[0.32576278 0.73093157 0.29846225]
2.8285800000030035	[0.3256337  0.73120632 0.29834395]
2.8285900000030035	[0.32550455 0.73148101 0.29822559]
2.8286000000030036	[0.32537534 0.73175564 0.29810717]
2.8286100000030037	[0.32524607 0.7320302  0.29798869]
2.8286200000030037	[0.32511673 0.73230469 0.29787016]
2.828630000003004	[0.32498734 0.73257912 0.29775156]
2.828640000003004	[0.32485787 0.73285349 0.29763291]
2.828650000003004	[0.32472835 0.73312779 0.29751421]
2.828660000003004	[0.32459877 0.73340202 0.29739544]
2.828670000003004	[0.32446912 0.73367619 0.29727662]
2.828680000003004	[0.32433941 0.7339503  0.29715774]
2.828690000003004	[0.32420965 0.73422434 0.29703881]
2.8287000000030043	[0.32407982 0.73449832 0.29691982]
2.8287100000030043	[0.32394993 0.73477223 0.29680078]
2.8287200000030044	[0.32381998 0.73504608 0.29668168]
2.8287300000030045	[0.32368997 0.73531986 0.29656252]
2.8287400000030045	[0.3235599  0.73559358 0.29644331]
2.8287500000030046	[0.32342977 0.73586723 0.29632404]
2.8287600000030046	[0.32329958 0.73614082 0.29620472]
2.8287700000030047	[0.32316934 0.73641434 0.29608535]
2.828780000003005	[0.32303903 0.7366878  0.29596592]
2.828790000003005	[0.32290867 0.73696119 0.29584644]
2.828800000003005	[0.32277825 0.73723452 0.29572691]
2.828810000003005	[0.32264777 0.73750778 0.29560732]
2.828820000003005	[0.32251723 0.73778097 0.29548768]
2.828830000003005	[0.32238664 0.7380541  0.29536798]
2.828840000003005	[0.32225599 0.73832717 0.29524824]
2.8288500000030052	[0.32212528 0.73860016 0.29512844]
2.8288600000030053	[0.32199452 0.73887309 0.29500859]
2.8288700000030054	[0.3218637  0.73914596 0.29488869]
2.8288800000030054	[0.32173282 0.73941876 0.29476873]
2.8288900000030055	[0.32160189 0.73969149 0.29464873]
2.8289000000030056	[0.3214709  0.73996415 0.29452867]
2.8289100000030056	[0.32133986 0.74023675 0.29440857]
2.8289200000030057	[0.32120876 0.74050927 0.29428841]
2.8289300000030058	[0.32107761 0.74078173 0.2941682 ]
2.828940000003006	[0.3209464  0.74105412 0.29404794]
2.828950000003006	[0.32081514 0.74132645 0.29392763]
2.828960000003006	[0.32068386 0.74159871 0.2938073 ]
2.828970000003006	[0.32055245 0.74187089 0.29368686]
2.828980000003006	[0.32042103 0.74214301 0.2935664 ]
2.828990000003006	[0.32028955 0.74241506 0.29344589]
2.829000000003006	[0.32015802 0.74268704 0.29332533]
2.8290100000030063	[0.32002643 0.74295895 0.29320473]
2.8290200000030064	[0.31989479 0.74323079 0.29308407]
2.8290300000030064	[0.3197631  0.74350256 0.29296337]
2.8290400000030065	[0.31963136 0.74377427 0.29284261]
2.8290500000030065	[0.31949956 0.7440459  0.29272181]
2.8290600000030066	[0.31936771 0.74431746 0.29260096]
2.8290700000030067	[0.31923581 0.74458896 0.29248006]
2.8290800000030067	[0.31910386 0.74486038 0.29235911]
2.829090000003007	[0.31897185 0.74513173 0.29223812]
2.829100000003007	[0.31883979 0.74540302 0.29211708]
2.829110000003007	[0.31870769 0.74567423 0.29199599]
2.829120000003007	[0.31857553 0.74594538 0.29187485]
2.829130000003007	[0.31844332 0.74621646 0.29175367]
2.829140000003007	[0.31831105 0.74648746 0.29163244]
2.829150000003007	[0.31817874 0.7467584  0.29151116]
2.8291600000030073	[0.31804638 0.74702926 0.29138984]
2.8291700000030073	[0.31791397 0.74730006 0.29126847]
2.8291800000030074	[0.31778167 0.7475712  0.29114719]
2.8291900000030075	[0.31764885 0.74784108 0.29102548]
2.8292000000030075	[0.31751654 0.74811242 0.29090418]
2.8292100000030076	[0.31738368 0.74838219 0.29078242]
2.8292200000030077	[0.31725128 0.74865338 0.29066103]
2.8292300000030077	[0.31711843 0.74892339 0.29053927]
2.829240000003008	[0.31698567 0.74919369 0.29041759]
2.829250000003008	[0.31685288 0.74946392 0.29029586]
2.829260000003008	[0.31672002 0.74973408 0.29017409]
2.829270000003008	[0.31658713 0.75000417 0.29005227]
2.829280000003008	[0.31645418 0.75027419 0.28993041]
2.829290000003008	[0.31632119 0.75054414 0.28980851]
2.829300000003008	[0.31618816 0.75081402 0.28968657]
2.8293100000030083	[0.31605507 0.75108382 0.28956458]
2.8293200000030083	[0.31592194 0.75135355 0.28944255]
2.8293300000030084	[0.31578876 0.75162322 0.28932047]
2.8293400000030084	[0.31565554 0.75189281 0.28919836]
2.8293500000030085	[0.31552227 0.75216232 0.2890762 ]
2.8293600000030086	[0.31538896 0.75243177 0.288954  ]
2.8293700000030086	[0.3152556  0.75270114 0.28883175]
2.8293800000030087	[0.31512219 0.75297044 0.28870947]
2.8293900000030088	[0.31498874 0.75323967 0.28858714]
2.829400000003009	[0.31485524 0.75350883 0.28846477]
2.829410000003009	[0.3147217  0.75377791 0.28834236]
2.829420000003009	[0.31458812 0.75404692 0.28821991]
2.829430000003009	[0.31445449 0.75431586 0.28809742]
2.829440000003009	[0.31432081 0.75458472 0.28797489]
2.829450000003009	[0.31418709 0.75485351 0.28785231]
2.8294600000030092	[0.31405333 0.75512223 0.2877297 ]
2.8294700000030093	[0.31391952 0.75539087 0.28760705]
2.8294800000030094	[0.31378567 0.75565945 0.28748435]
2.8294900000030094	[0.31365178 0.75592794 0.28736162]
2.8295000000030095	[0.31351784 0.75619637 0.28723884]
2.8295100000030096	[0.31338386 0.75646472 0.28711603]
2.8295200000030096	[0.31324984 0.756733   0.28699317]
2.8295300000030097	[0.31311577 0.7570012  0.28687028]
2.8295400000030098	[0.31298167 0.75726933 0.28674735]
2.82955000000301	[0.31284752 0.75753738 0.28662438]
2.82956000000301	[0.31271332 0.75780537 0.28650137]
2.82957000000301	[0.31257909 0.75807327 0.28637832]
2.82958000000301	[0.31244481 0.75834111 0.28625523]
2.82959000000301	[0.3123105  0.75860887 0.2861321 ]
2.82960000000301	[0.31217614 0.75887655 0.28600894]
2.82961000000301	[0.31204174 0.75914416 0.28588574]
2.8296200000030103	[0.3119073 0.7594117 0.2857625]
2.8296300000030103	[0.31177281 0.75967916 0.28563922]
2.8296400000030104	[0.31163829 0.75994654 0.28551591]
2.8296500000030105	[0.31150373 0.76021386 0.28539256]
2.8296600000030105	[0.31136913 0.76048109 0.28526917]
2.8296700000030106	[0.31123449 0.76074825 0.28514575]
2.8296800000030107	[0.31109981 0.76101534 0.28502229]
2.8296900000030107	[0.31096509 0.76128235 0.28489879]
2.829700000003011	[0.31083033 0.76154929 0.28477526]
2.829710000003011	[0.31069553 0.76181615 0.28465169]
2.829720000003011	[0.31056069 0.76208293 0.28452808]
2.829730000003011	[0.31042582 0.76234964 0.28440444]
2.829740000003011	[0.3102909  0.76261627 0.28428077]
2.829750000003011	[0.31015595 0.76288283 0.28415705]
2.829760000003011	[0.31002096 0.76314931 0.28403331]
2.8297700000030113	[0.30988593 0.76341571 0.28390953]
2.8297800000030113	[0.30975087 0.76368204 0.28378571]
2.8297900000030114	[0.30961577 0.76394829 0.28366186]
2.8298000000030115	[0.30948062 0.76421447 0.28353798]
2.8298100000030115	[0.30934545 0.76448057 0.28341406]
2.8298200000030116	[0.30921023 0.76474659 0.2832901 ]
2.8298300000030117	[0.30907498 0.76501254 0.28316612]
2.8298400000030117	[0.30893969 0.76527841 0.2830421 ]
2.829850000003012	[0.30880437 0.7655442  0.28291804]
2.829860000003012	[0.30866901 0.76580991 0.28279395]
2.829870000003012	[0.30853361 0.76607555 0.28266983]
2.829880000003012	[0.30839817 0.76634112 0.28254567]
2.829890000003012	[0.30826259 0.76660639 0.28242139]
2.829900000003012	[0.30812733 0.76687219 0.28229738]
2.829910000003012	[0.30799155 0.76713713 0.28217291]
2.8299200000030122	[0.30785621 0.76740278 0.28204884]
2.8299300000030123	[0.30772036 0.76766755 0.28192431]
2.8299400000030124	[0.30758495 0.76793306 0.28180016]
2.8299500000030124	[0.30744904 0.76819767 0.28167557]
2.8299600000030125	[0.30731344 0.76846281 0.28155127]
2.8299700000030126	[0.30717769 0.76872767 0.28142682]
2.8299800000030126	[0.30704191 0.76899247 0.28130234]
2.8299900000030127	[0.30690609 0.76925718 0.28117783]
2.8300000000030128	[0.30677023 0.76952181 0.28105328]
2.830010000003013	[0.30663434 0.76978637 0.28092871]
2.830020000003013	[0.30649842 0.77005085 0.2808041 ]
2.830030000003013	[0.30636246 0.77031526 0.28067946]
2.830040000003013	[0.30622647 0.77057958 0.2805548 ]
2.830050000003013	[0.30609045 0.77084383 0.2804301 ]
2.830060000003013	[0.3059544  0.771108   0.28030537]
2.8300700000030132	[0.30581831 0.77137209 0.28018061]
2.8300800000030133	[0.30568219 0.7716361  0.28005582]
2.8300900000030134	[0.30554603 0.77190003 0.279931  ]
2.8301000000030134	[0.30540985 0.77216388 0.27980615]
2.8301100000030135	[0.30527363 0.77242766 0.27968127]
2.8301200000030136	[0.30513738 0.77269136 0.27955636]
2.8301300000030136	[0.3050011  0.77295497 0.27943142]
2.8301400000030137	[0.30486479 0.77321851 0.27930646]
2.8301500000030138	[0.30472844 0.77348197 0.27918146]
2.830160000003014	[0.30459207 0.77374536 0.27905644]
2.830170000003014	[0.30445566 0.77400865 0.27893138]
2.830180000003014	[0.30431922 0.77427187 0.2788063 ]
2.830190000003014	[0.30418275 0.77453501 0.27868119]
2.830200000003014	[0.30404625 0.77479807 0.27855605]
2.830210000003014	[0.30390972 0.77506105 0.27843088]
2.830220000003014	[0.30377316 0.77532395 0.27830569]
2.8302300000030143	[0.30363657 0.77558677 0.27818046]
2.8302400000030143	[0.30349995 0.77584951 0.27805521]
2.8302500000030144	[0.30336287 0.77611241 0.27792953]
2.8302600000030145	[0.30322663 0.7763747  0.27780463]
2.8302700000030145	[0.30308991 0.7766372  0.2776793 ]
2.8302800000030146	[0.30295317 0.77689962 0.27755393]
2.8302900000030147	[0.3028164  0.77716196 0.27742854]
2.8303000000030147	[0.3026796  0.77742422 0.27730312]
2.830310000003015	[0.30254277 0.7776864  0.27717768]
2.830320000003015	[0.30240591 0.7779485  0.27705221]
2.830330000003015	[0.30226902 0.77821052 0.27692671]
2.830340000003015	[0.3021321  0.77847245 0.27680118]
2.830350000003015	[0.30199515 0.77873431 0.27667563]
2.830360000003015	[0.30185818 0.77899609 0.27655005]
2.830370000003015	[0.30172117 0.77925779 0.27642444]
2.8303800000030153	[0.30158414 0.77951941 0.27629881]
2.8303900000030153	[0.30144708 0.77978094 0.27617315]
2.8304000000030154	[0.30130999 0.7800424  0.27604747]
2.8304100000030155	[0.30117288 0.78030378 0.27592176]
2.8304200000030155	[0.30103573 0.78056507 0.27579603]
2.8304300000030156	[0.30089856 0.78082629 0.27567027]
2.8304400000030157	[0.30076137 0.78108742 0.27554448]
2.8304500000030157	[0.30062414 0.78134848 0.27541867]
2.830460000003016	[0.30048689 0.78160945 0.27529284]
2.830470000003016	[0.30034961 0.78187035 0.27516698]
2.830480000003016	[0.3002123  0.78213116 0.2750411 ]
2.830490000003016	[0.30007497 0.78239189 0.27491519]
2.830500000003016	[0.29993761 0.78265254 0.27478925]
2.830510000003016	[0.29980023 0.78291311 0.2746633 ]
2.830520000003016	[0.29966281 0.78317361 0.27453731]
2.8305300000030162	[0.29952538 0.78343401 0.27441131]
2.8305400000030163	[0.29938792 0.78369434 0.27428528]
2.8305500000030164	[0.29925045 0.78395457 0.27415925]
2.8305600000030164	[0.29911292 0.78421475 0.27403316]
2.8305700000030165	[0.29897539 0.78447483 0.27390706]
2.8305800000030166	[0.29883782 0.78473483 0.27378094]
2.8305900000030166	[0.29870023 0.78499475 0.27365479]
2.8306000000030167	[0.29856262 0.78525458 0.27352862]
2.8306100000030168	[0.29842498 0.78551434 0.27340243]
2.830620000003017	[0.29828732 0.78577401 0.27327622]
2.830630000003017	[0.29814963 0.7860336  0.27314998]
2.830640000003017	[0.29801192 0.78629311 0.27302372]
2.830650000003017	[0.29787419 0.78655253 0.27289744]
2.830660000003017	[0.29773643 0.78681188 0.27277113]
2.830670000003017	[0.29759864 0.78707114 0.2726448 ]
2.8306800000030172	[0.29746083 0.78733031 0.27251845]
2.8306900000030173	[0.297323   0.78758941 0.27239208]
2.8307000000030174	[0.29718514 0.78784842 0.27226569]
2.8307100000030174	[0.29704726 0.78810735 0.27213927]
2.8307200000030175	[0.29690936 0.7883662  0.27201283]
2.8307300000030176	[0.29677143 0.78862496 0.27188637]
2.8307400000030176	[0.29663348 0.78888364 0.27175989]
2.8307500000030177	[0.2964955  0.78914224 0.27163339]
2.8307600000030178	[0.29635751 0.78940075 0.27150687]
2.830770000003018	[0.29621948 0.78965919 0.27138032]
2.830780000003018	[0.29608144 0.78991754 0.27125375]
2.830790000003018	[0.29594337 0.7901758  0.27112716]
2.830800000003018	[0.29580528 0.79043398 0.27100056]
2.830810000003018	[0.29566717 0.79069208 0.27087393]
2.830820000003018	[0.29552904 0.7909501  0.27074727]
2.830830000003018	[0.29539088 0.79120804 0.2706206 ]
2.8308400000030183	[0.2952527  0.79146589 0.27049391]
2.8308500000030183	[0.2951145  0.79172365 0.2703672 ]
2.8308600000030184	[0.29497628 0.79198134 0.27024047]
2.8308700000030185	[0.29483804 0.79223894 0.27011372]
2.8308800000030185	[0.29469977 0.79249646 0.26998694]
2.8308900000030186	[0.29456195 0.79275338 0.26986059]
2.8309000000030187	[0.29442321 0.79301131 0.26973337]
2.8309100000030187	[0.29428488 0.79326858 0.26960654]
2.830920000003019	[0.29414653 0.79352576 0.26947969]
2.830930000003019	[0.29400816 0.79378286 0.26935282]
2.830940000003019	[0.29386977 0.79403988 0.26922593]
2.830950000003019	[0.29373136 0.79429682 0.26909902]
2.830960000003019	[0.29359292 0.79455367 0.2689721 ]
2.830970000003019	[0.29345447 0.79481043 0.26884515]
2.830980000003019	[0.293316   0.79506711 0.26871819]
2.8309900000030193	[0.29317751 0.79532371 0.2685912 ]
2.8310000000030193	[0.29303899 0.79558022 0.2684642 ]
2.8310100000030194	[0.29290046 0.79583665 0.26833718]
2.8310200000030195	[0.29276191 0.796093   0.26821014]
2.8310300000030195	[0.29262333 0.79634926 0.26808309]
2.8310400000030196	[0.29248474 0.79660544 0.26795601]
2.8310500000030197	[0.29234613 0.79686153 0.26782892]
2.8310600000030197	[0.2922075  0.79711754 0.26770181]
2.83107000000302	[0.29206885 0.79737347 0.26757468]
2.83108000000302	[0.29193018 0.79762931 0.26744753]
2.83109000000302	[0.29179149 0.79788507 0.26732037]
2.83110000000302	[0.29165278 0.79814074 0.26719319]
2.83111000000302	[0.29151406 0.79839633 0.26706599]
2.83112000000302	[0.29137531 0.79865183 0.26693877]
2.83113000000302	[0.29123655 0.79890725 0.26681154]
2.8311400000030202	[0.29109776 0.79916259 0.26668429]
2.8311500000030203	[0.29095896 0.79941784 0.26655702]
2.8311600000030204	[0.29082014 0.79967301 0.26642973]
2.8311700000030204	[0.2906813  0.79992809 0.26630243]
2.8311800000030205	[0.29054245 0.80018309 0.26617511]
2.8311900000030206	[0.29040357 0.80043801 0.26604777]
2.8312000000030206	[0.29026468 0.80069283 0.26592042]
2.8312100000030207	[0.29012577 0.80094758 0.26579305]
2.8312200000030208	[0.28998684 0.80120224 0.26566567]
2.831230000003021	[0.2898479  0.80145681 0.26553826]
2.831240000003021	[0.28970893 0.8017113  0.26541085]
2.831250000003021	[0.28956995 0.8019657  0.26528341]
2.831260000003021	[0.28943095 0.80222001 0.26515596]
2.831270000003021	[0.28929194 0.80247425 0.26502849]
2.831280000003021	[0.28915291 0.80272839 0.26490101]
2.8312900000030212	[0.28901385 0.80298245 0.26477351]
2.8313000000030213	[0.28887479 0.80323642 0.26464599]
2.8313100000030214	[0.2887357  0.80349031 0.26451846]
2.8313200000030214	[0.2885966  0.80374411 0.26439092]
2.8313300000030215	[0.28845748 0.80399782 0.26426335]
2.8313400000030216	[0.28831835 0.80425145 0.26413578]
2.8313500000030216	[0.28817919 0.80450499 0.26400818]
2.8313600000030217	[0.28804003 0.80475845 0.26388057]
2.8313700000030217	[0.28790084 0.80501182 0.26375295]
2.831380000003022	[0.28776164 0.8052651  0.26362531]
2.831390000003022	[0.28762242 0.8055183  0.26349765]
2.831400000003022	[0.28748319 0.80577142 0.26336998]
2.831410000003022	[0.28734394 0.80602444 0.2632423 ]
2.831420000003022	[0.28720467 0.80627738 0.2631146 ]
2.831430000003022	[0.28706539 0.80653024 0.26298689]
2.831440000003022	[0.28692609 0.806783   0.26285916]
2.8314500000030223	[0.28678678 0.80703569 0.26273141]
2.8314600000030223	[0.28664745 0.80728829 0.26260366]
2.8314700000030224	[0.28650811 0.8075408  0.26247588]
2.8314800000030225	[0.28636874 0.80779322 0.2623481 ]
2.8314900000030225	[0.28622937 0.80804556 0.2622203 ]
2.8315000000030226	[0.28608998 0.80829782 0.26209248]
2.8315100000030227	[0.28595058 0.80854999 0.26196466]
2.8315200000030227	[0.28581116 0.80880207 0.26183681]
2.831530000003023	[0.28567172 0.80905407 0.26170896]
2.831540000003023	[0.28553227 0.80930598 0.26158109]
2.831550000003023	[0.28539281 0.80955781 0.26145321]
2.831560000003023	[0.28525333 0.80980955 0.26132531]
2.831570000003023	[0.28511384 0.8100612  0.2611974 ]
2.831580000003023	[0.28497434 0.81031277 0.26106948]
2.831590000003023	[0.28483482 0.81056425 0.26094154]
2.8316000000030233	[0.28469528 0.81081565 0.2608136 ]
2.8316100000030233	[0.28455573 0.81106696 0.26068564]
2.8316200000030234	[0.28441617 0.81131818 0.26055766]
2.8316300000030235	[0.2842766  0.81156932 0.26042967]
2.8316400000030235	[0.28413701 0.81182037 0.26030167]
2.8316500000030236	[0.2839974  0.81207133 0.26017366]
2.8316600000030236	[0.28385779 0.81232221 0.26004564]
2.8316700000030237	[0.28371816 0.812573   0.2599176 ]
2.831680000003024	[0.28357851 0.8128237  0.25978955]
2.831690000003024	[0.28343886 0.81307431 0.25966148]
2.831700000003024	[0.28329918 0.81332484 0.25953341]
2.831710000003024	[0.2831595  0.81357528 0.25940532]
2.831720000003024	[0.2830198  0.81382563 0.25927722]
2.831730000003024	[0.28288009 0.8140759  0.25914911]
2.831740000003024	[0.28274037 0.81432608 0.25902098]
2.8317500000030242	[0.28260063 0.81457617 0.25889285]
2.8317600000030243	[0.28246088 0.81482617 0.2587647 ]
2.8317700000030244	[0.28232112 0.81507609 0.25863654]
2.8317800000030244	[0.28218134 0.81532591 0.25850836]
2.8317900000030245	[0.28204155 0.81557566 0.25838018]
2.8318000000030246	[0.28190175 0.81582531 0.25825198]
2.8318100000030246	[0.28176193 0.81607488 0.25812377]
2.8318200000030247	[0.28162211 0.81632436 0.25799555]
2.8318300000030248	[0.28148227 0.81657375 0.25786732]
2.831840000003025	[0.28134241 0.81682305 0.25773907]
2.831850000003025	[0.28120255 0.81707227 0.25761081]
2.831860000003025	[0.28106267 0.8173214  0.25748255]
2.831870000003025	[0.28092278 0.81757045 0.25735427]
2.831880000003025	[0.28078288 0.81781941 0.25722598]
2.831890000003025	[0.28064297 0.81806828 0.25709768]
2.831900000003025	[0.28050304 0.81831706 0.25696936]
2.8319100000030253	[0.2803631  0.81856575 0.25684104]
2.8319200000030254	[0.28022315 0.81881436 0.2567127 ]
2.8319300000030254	[0.28008319 0.81906288 0.25658436]
2.8319400000030255	[0.27994322 0.81931132 0.256456  ]
2.8319500000030255	[0.27980323 0.81955966 0.25632764]
2.8319600000030256	[0.27966324 0.81980792 0.25619926]
2.8319700000030257	[0.27952323 0.82005609 0.25607087]
2.8319800000030257	[0.27938321 0.82030418 0.25594247]
2.831990000003026	[0.27924318 0.82055218 0.25581406]
2.832000000003026	[0.27910314 0.82080008 0.25568564]
2.832010000003026	[0.27896309 0.82104791 0.25555721]
2.832020000003026	[0.27882303 0.82129564 0.25542877]
2.832030000003026	[0.27868295 0.82154329 0.25530032]
2.832040000003026	[0.27854287 0.82179084 0.25517186]
2.832050000003026	[0.27840277 0.82203832 0.25504339]
2.8320600000030263	[0.27826267 0.8222857  0.25491491]
2.8320700000030263	[0.27812255 0.82253299 0.25478642]
2.8320800000030264	[0.27798242 0.8227802  0.25465792]
2.8320900000030265	[0.27784228 0.82302732 0.25452941]
2.8321000000030265	[0.27770213 0.82327435 0.25440089]
2.8321100000030266	[0.27756197 0.82352129 0.25427236]
2.8321200000030267	[0.27742181 0.82376815 0.25414382]
2.8321300000030267	[0.27728163 0.82401491 0.25401527]
2.832140000003027	[0.27714143 0.82426159 0.25388671]
2.832150000003027	[0.27700123 0.82450818 0.25375814]
2.832160000003027	[0.27686102 0.82475469 0.25362956]
2.832170000003027	[0.2767208  0.8250011  0.25350097]
2.832180000003027	[0.27658057 0.82524743 0.25337238]
2.832190000003027	[0.27644033 0.82549366 0.25324377]
2.832200000003027	[0.27630008 0.82573981 0.25311515]
2.8322100000030273	[0.27615982 0.82598588 0.25298653]
2.8322200000030273	[0.27601954 0.82623185 0.25285789]
2.8322300000030274	[0.27587926 0.82647773 0.25272925]
2.8322400000030274	[0.27573897 0.82672353 0.25260059]
2.8322500000030275	[0.27559867 0.82696924 0.25247193]
2.8322600000030276	[0.27545836 0.82721486 0.25234326]
2.8322700000030276	[0.27531804 0.82746039 0.25221458]
2.8322800000030277	[0.27517771 0.82770584 0.25208589]
2.8322900000030278	[0.27503737 0.82795119 0.25195719]
2.832300000003028	[0.27489702 0.82819646 0.25182848]
2.832310000003028	[0.27475666 0.82844164 0.25169976]
2.832320000003028	[0.27461629 0.82868673 0.25157104]
2.832330000003028	[0.27447591 0.82893174 0.2514423 ]
2.832340000003028	[0.27433552 0.82917665 0.25131356]
2.832350000003028	[0.27419512 0.82942148 0.25118481]
2.8323600000030282	[0.27405471 0.82966621 0.25105605]
2.8323700000030283	[0.2739143  0.82991086 0.25092728]
2.8323800000030284	[0.27377387 0.83015543 0.2507985 ]
2.8323900000030284	[0.27363344 0.8303999  0.25066971]
2.8324000000030285	[0.27349299 0.83064428 0.25054091]
2.8324100000030286	[0.27335254 0.83088858 0.25041211]
2.8324200000030286	[0.27321208 0.83113279 0.2502833 ]
2.8324300000030287	[0.27307161 0.83137691 0.25015448]
2.8324400000030288	[0.27293113 0.83162094 0.25002565]
2.832450000003029	[0.27279064 0.83186488 0.24989681]
2.832460000003029	[0.27265014 0.83210874 0.24976797]
2.832470000003029	[0.27250964 0.83235251 0.24963911]
2.832480000003029	[0.27236912 0.83259618 0.24951025]
2.832490000003029	[0.2722286  0.83283978 0.24938138]
2.832500000003029	[0.27208807 0.83308328 0.2492525 ]
2.832510000003029	[0.27194753 0.83332669 0.24912362]
2.8325200000030293	[0.27180698 0.83357002 0.24899472]
2.8325300000030293	[0.27166642 0.83381326 0.24886582]
2.8325400000030294	[0.27152586 0.83405641 0.24873691]
2.8325500000030295	[0.27138528 0.83429947 0.24860799]
2.8325600000030295	[0.2712447  0.83454244 0.24847907]
2.8325700000030296	[0.27110411 0.83478533 0.24835014]
2.8325800000030297	[0.27096351 0.83502812 0.2482212 ]
2.8325900000030297	[0.2708229  0.83527083 0.24809225]
2.83260000000303	[0.27068229 0.83551345 0.24796329]
2.83261000000303	[0.27054166 0.83575599 0.24783433]
2.83262000000303	[0.27040103 0.83599843 0.24770536]
2.83263000000303	[0.27026039 0.83624079 0.24757638]
2.83264000000303	[0.27011975 0.83648305 0.24744739]
2.83265000000303	[0.26997909 0.83672523 0.2473184 ]
2.83266000000303	[0.26983843 0.83696732 0.2471894 ]
2.8326700000030303	[0.26969775 0.83720932 0.24706039]
2.8326800000030303	[0.26955708 0.83745124 0.24693137]
2.8326900000030304	[0.26941639 0.83769306 0.24680235]
2.8327000000030305	[0.26927569 0.8379348  0.24667332]
2.8327100000030305	[0.26913499 0.83817644 0.24654428]
2.8327200000030306	[0.26899428 0.838418   0.24641524]
2.8327300000030307	[0.26885356 0.83865947 0.24628619]
2.8327400000030307	[0.26871284 0.83890085 0.24615713]
2.832750000003031	[0.2685721  0.83914215 0.24602806]
2.832760000003031	[0.26843136 0.83938335 0.24589899]
2.832770000003031	[0.26829061 0.83962446 0.24576991]
2.832780000003031	[0.26814986 0.83986549 0.24564082]
2.832790000003031	[0.26800909 0.84010643 0.24551172]
2.832800000003031	[0.26786832 0.84034728 0.24538262]
2.832810000003031	[0.26772755 0.84058804 0.24525352]
2.8328200000030312	[0.26758676 0.84082871 0.2451244 ]
2.8328300000030313	[0.26744597 0.8410693  0.24499528]
2.8328400000030314	[0.26730517 0.84130979 0.24486615]
2.8328500000030314	[0.26716436 0.8415502  0.24473702]
2.8328600000030315	[0.26702355 0.84179052 0.24460787]
2.8328700000030316	[0.26688273 0.84203075 0.24447872]
2.8328800000030316	[0.2667419  0.84227089 0.24434957]
2.8328900000030317	[0.26660106 0.84251094 0.24422041]
2.8329000000030318	[0.26646022 0.8427509  0.24409124]
2.832910000003032	[0.26631937 0.84299078 0.24396206]
2.832920000003032	[0.26617852 0.84323057 0.24383288]
2.832930000003032	[0.26603765 0.84347026 0.24370369]
2.832940000003032	[0.26589678 0.84370987 0.2435745 ]
2.832950000003032	[0.26575591 0.8439494  0.2434453 ]
2.832960000003032	[0.26561502 0.84418883 0.24331609]
2.8329700000030322	[0.26547413 0.84442817 0.24318688]
2.8329800000030323	[0.26533323 0.84466743 0.24305765]
2.8329900000030324	[0.26519233 0.84490659 0.24292843]
2.8330000000030324	[0.26505141 0.84514567 0.24279919]
2.8330100000030325	[0.26491049 0.84538466 0.24266995]
2.8330200000030326	[0.26476957 0.84562356 0.2425407 ]
2.8330300000030326	[0.26462863 0.84586237 0.24241145]
2.8330400000030327	[0.26448769 0.84610109 0.24228219]
2.8330500000030328	[0.26434674 0.84633973 0.24215292]
2.833060000003033	[0.26420579 0.84657827 0.24202365]
2.833070000003033	[0.26406483 0.84681673 0.24189437]
2.833080000003033	[0.26392386 0.8470551  0.24176508]
2.833090000003033	[0.26378289 0.84729338 0.24163579]
2.833100000003033	[0.2636419  0.84753157 0.24150649]
2.833110000003033	[0.26350091 0.84776967 0.24137718]
2.833120000003033	[0.26335992 0.84800769 0.24124787]
2.8331300000030333	[0.26321892 0.84824561 0.24111855]
2.8331400000030333	[0.26307791 0.84848345 0.24098923]
2.8331500000030334	[0.26293689 0.8487212  0.2408599 ]
2.8331600000030335	[0.26279587 0.84895886 0.24073056]
2.8331700000030335	[0.26265484 0.84919643 0.24060121]
2.8331800000030336	[0.2625138  0.84943392 0.24047186]
2.8331900000030337	[0.26237276 0.84967131 0.24034251]
2.8332000000030337	[0.26223171 0.84990862 0.24021314]
2.833210000003034	[0.26209065 0.85014584 0.24008378]
2.833220000003034	[0.26194959 0.85038297 0.2399544 ]
2.833230000003034	[0.26180852 0.85062001 0.23982502]
2.833240000003034	[0.26166745 0.85085697 0.23969563]
2.833250000003034	[0.26152637 0.85109383 0.23956624]
2.833260000003034	[0.26138528 0.85133061 0.23943684]
2.833270000003034	[0.26124418 0.8515673  0.23930744]
2.8332800000030343	[0.26110308 0.8518039  0.23917802]
2.8332900000030343	[0.26096198 0.85204041 0.23904861]
2.8333000000030344	[0.26082086 0.85227684 0.23891918]
2.8333100000030345	[0.26067974 0.85251317 0.23878975]
2.8333200000030345	[0.26053861 0.85274942 0.23866032]
2.8333300000030346	[0.26039748 0.85298558 0.23853088]
2.8333400000030347	[0.26025634 0.85322165 0.23840143]
2.8333500000030347	[0.26011519 0.85345763 0.23827198]
2.833360000003035	[0.25997404 0.85369352 0.23814252]
2.833370000003035	[0.25983288 0.85392933 0.23801305]
2.833380000003035	[0.25969171 0.85416505 0.23788358]
2.833390000003035	[0.25955054 0.85440067 0.2377541 ]
2.833400000003035	[0.25940936 0.85463621 0.23762462]
2.833410000003035	[0.25926818 0.85487167 0.23749513]
2.833420000003035	[0.25912699 0.85510703 0.23736563]
2.8334300000030352	[0.25898579 0.85534231 0.23723613]
2.8334400000030353	[0.25884458 0.85557749 0.23710662]
2.8334500000030354	[0.25870337 0.85581259 0.2369771 ]
2.8334600000030354	[0.25856215 0.8560476  0.23684758]
2.8334700000030355	[0.25842093 0.85628253 0.23671806]
2.8334800000030356	[0.2582797  0.85651736 0.23658852]
2.8334900000030356	[0.25813846 0.85675211 0.23645898]
2.8335000000030357	[0.25799722 0.85698677 0.23632944]
2.8335100000030358	[0.25785597 0.85722134 0.23619989]
2.833520000003036	[0.25771471 0.85745582 0.23607033]
2.833530000003036	[0.25757345 0.85769022 0.23594077]
2.833540000003036	[0.25743218 0.85792452 0.2358112 ]
2.833550000003036	[0.2572909  0.85815874 0.23568162]
2.833560000003036	[0.25714962 0.85839287 0.23555204]
2.833570000003036	[0.25700833 0.85862692 0.23542245]
2.8335800000030362	[0.25686703 0.85886087 0.23529286]
2.8335900000030363	[0.25672573 0.85909474 0.23516326]
2.8336000000030364	[0.25658442 0.85932852 0.23503365]
2.8336100000030364	[0.25644311 0.85956222 0.23490404]
2.8336200000030365	[0.25630179 0.85979582 0.23477442]
2.8336300000030366	[0.25616046 0.86002934 0.2346448 ]
2.8336400000030366	[0.25601913 0.86026277 0.23451517]
2.8336500000030367	[0.25587779 0.86049611 0.23438554]
2.8336600000030367	[0.25573644 0.86072937 0.23425589]
2.833670000003037	[0.25559509 0.86096253 0.23412625]
2.833680000003037	[0.25545373 0.86119561 0.23399659]
2.833690000003037	[0.25531236 0.8614286  0.23386693]
2.833700000003037	[0.25517099 0.86166151 0.23373727]
2.833710000003037	[0.25502961 0.86189432 0.2336076 ]
2.833720000003037	[0.25488822 0.86212705 0.23347792]
2.833730000003037	[0.25474683 0.86235969 0.23334823]
2.8337400000030373	[0.25460543 0.86259224 0.23321854]
2.8337500000030373	[0.25446403 0.86282471 0.23308885]
2.8337600000030374	[0.25432262 0.86305709 0.23295914]
2.8337700000030375	[0.2541812  0.86328938 0.23282944]
2.8337800000030375	[0.25403977 0.86352158 0.23269972]
2.8337900000030376	[0.25389834 0.86375369 0.23257   ]
2.8338000000030377	[0.25375691 0.86398572 0.23244027]
2.8338100000030377	[0.25361546 0.86421766 0.23231054]
2.833820000003038	[0.25347401 0.86444952 0.2321808 ]
2.833830000003038	[0.25333258 0.86468129 0.23205108]
2.833840000003038	[0.25319109 0.86491296 0.2319213 ]
2.833850000003038	[0.25304962 0.86514456 0.23179155]
2.833860000003038	[0.25290814 0.86537606 0.23166178]
2.833870000003038	[0.25276666 0.86560748 0.23153201]
2.833880000003038	[0.25262517 0.86583881 0.23140223]
2.8338900000030383	[0.25248367 0.86607005 0.23127245]
2.8339000000030383	[0.25234216 0.86630121 0.23114266]
2.8339100000030384	[0.25220065 0.86653228 0.23101287]
2.8339200000030385	[0.25205914 0.86676326 0.23088307]
2.8339300000030385	[0.25191761 0.86699415 0.23075326]
2.8339400000030386	[0.25177608 0.86722496 0.23062344]
2.8339500000030386	[0.25163454 0.86745568 0.23049362]
2.8339600000030387	[0.251493   0.86768632 0.2303638 ]
2.833970000003039	[0.25135145 0.86791687 0.23023396]
2.833980000003039	[0.25120989 0.86814733 0.23010412]
2.833990000003039	[0.25106833 0.8683777  0.22997428]
2.834000000003039	[0.25092675 0.86860799 0.22984443]
2.834010000003039	[0.25078518 0.86883819 0.22971457]
2.834020000003039	[0.25064359 0.8690683  0.2295847 ]
2.834030000003039	[0.250502   0.86929833 0.22945483]
2.8340400000030392	[0.2503604  0.86952827 0.22932496]
2.8340500000030393	[0.2502188  0.86975812 0.22919507]
2.8340600000030394	[0.25007719 0.86998789 0.22906518]
2.8340700000030394	[0.24993557 0.87021757 0.22893529]
2.8340800000030395	[0.24979394 0.87044716 0.22880538]
2.8340900000030396	[0.24965231 0.87067666 0.22867547]
2.8341000000030396	[0.24951067 0.87090608 0.22854556]
2.8341100000030397	[0.24936902 0.87113542 0.22841563]
2.8341200000030398	[0.24922737 0.87136466 0.22828571]
2.83413000000304	[0.24908571 0.87159382 0.22815577]
2.83414000000304	[0.24894404 0.87182289 0.22802583]
2.83415000000304	[0.24880237 0.87205188 0.22789588]
2.83416000000304	[0.24866068 0.87228078 0.22776592]
2.83417000000304	[0.24851899 0.87250959 0.22763596]
2.83418000000304	[0.2483773  0.87273832 0.22750599]
2.83419000000304	[0.24823559 0.87296696 0.22737602]
2.8342000000030403	[0.24809388 0.87319551 0.22724603]
2.8342100000030404	[0.24795217 0.87342398 0.22711604]
2.8342200000030404	[0.24781044 0.87365236 0.22698605]
2.8342300000030405	[0.24766871 0.87388066 0.22685604]
2.8342400000030405	[0.24752697 0.87410887 0.22672603]
2.8342500000030406	[0.24738522 0.87433699 0.22659602]
2.8342600000030407	[0.24724346 0.87456503 0.22646599]
2.8342700000030407	[0.2471017  0.87479298 0.22633596]
2.834280000003041	[0.24695993 0.87502085 0.22620593]
2.834290000003041	[0.24681815 0.87524863 0.22607588]
2.834300000003041	[0.24667637 0.87547632 0.22594583]
2.834310000003041	[0.24653458 0.87570393 0.22581577]
2.834320000003041	[0.24639278 0.87593145 0.2256857 ]
2.834330000003041	[0.24625097 0.87615889 0.22555563]
2.834340000003041	[0.24610915 0.87638624 0.22542555]
2.8343500000030413	[0.24596733 0.87661351 0.22529546]
2.8343600000030413	[0.2458255  0.87684069 0.22516537]
2.8343700000030414	[0.24568366 0.87706779 0.22503527]
2.8343800000030415	[0.24554182 0.8772948  0.22490516]
2.8343900000030415	[0.24539996 0.87752172 0.22477504]
2.8344000000030416	[0.2452581  0.87774856 0.22464492]
2.8344100000030417	[0.24511623 0.87797531 0.22451479]
2.8344200000030417	[0.24497435 0.87820198 0.22438465]
2.834430000003042	[0.24483247 0.87842856 0.2242545 ]
2.834440000003042	[0.24469057 0.87865506 0.22412435]
2.834450000003042	[0.24454867 0.87888147 0.22399419]
2.834460000003042	[0.24440676 0.8791078  0.22386402]
2.834470000003042	[0.24426485 0.87933404 0.22373385]
2.834480000003042	[0.24412292 0.8795602  0.22360366]
2.834490000003042	[0.24398099 0.87978626 0.22347347]
2.8345000000030423	[0.24383904 0.88001225 0.22334327]
2.8345100000030423	[0.24369709 0.88023815 0.22321307]
2.8345200000030424	[0.24355514 0.88046396 0.22308286]
2.8345300000030424	[0.24341317 0.88068969 0.22295263]
2.8345400000030425	[0.2432712  0.88091534 0.22282241]
2.8345500000030426	[0.24312921 0.8811409  0.22269217]
2.8345600000030426	[0.24298722 0.88136637 0.22256193]
2.8345700000030427	[0.24284522 0.88159177 0.22243167]
2.8345800000030428	[0.24270322 0.88181707 0.22230141]
2.834590000003043	[0.2425612  0.88204229 0.22217115]
2.834600000003043	[0.24241917 0.88226743 0.22204087]
2.834610000003043	[0.24227714 0.88249248 0.22191059]
2.834620000003043	[0.2421351  0.88271745 0.2217803 ]
2.834630000003043	[0.24199305 0.88294233 0.22165   ]
2.834640000003043	[0.24185099 0.88316713 0.22151969]
2.8346500000030432	[0.24170891 0.88339202 0.22138936]
2.8346600000030433	[0.24156683 0.88361648 0.22125904]
2.8346700000030434	[0.24142475 0.88384102 0.2211287 ]
2.8346800000030434	[0.24128265 0.88406549 0.22099837]
2.8346900000030435	[0.24114055 0.88428986 0.22086802]
2.8347000000030436	[0.24099844 0.88451416 0.22073766]
2.8347100000030436	[0.24085632 0.88473837 0.2206073 ]
2.8347200000030437	[0.24071394 0.88496259 0.2204767 ]
2.8347300000030438	[0.24057204 0.88518651 0.22034653]
2.834740000003044	[0.2404299  0.88541045 0.22021615]
2.834750000003044	[0.24028788 0.88563439 0.22008588]
2.834760000003044	[0.24014558 0.88585813 0.21995534]
2.834770000003044	[0.2400034  0.88608183 0.21982493]
2.834780000003044	[0.23986122 0.88630544 0.21969451]
2.834790000003044	[0.23971902 0.88652897 0.21956407]
2.834800000003044	[0.23957684 0.88675227 0.21943365]
2.8348100000030443	[0.23943462 0.88697579 0.21930319]
2.8348200000030443	[0.2392924  0.88719907 0.21917274]
2.8348300000030444	[0.23915017 0.88742227 0.21904227]
2.8348400000030445	[0.23900793 0.88764539 0.2189118 ]
2.8348500000030445	[0.23886568 0.88786843 0.21878131]
2.8348600000030446	[0.23872343 0.88809138 0.21865082]
2.8348700000030447	[0.23858116 0.88831424 0.21852032]
2.8348800000030447	[0.23843888 0.88853703 0.21838981]
2.834890000003045	[0.2382966  0.88875973 0.21825929]
2.834900000003045	[0.2381543  0.88898235 0.21812876]
2.834910000003045	[0.23801199 0.88920489 0.21799822]
2.834920000003045	[0.23786968 0.88942734 0.21786768]
2.834930000003045	[0.23772735 0.88964971 0.21773712]
2.834940000003045	[0.23758501 0.889872   0.21760655]
2.834950000003045	[0.23744267 0.8900942  0.21747598]
2.8349600000030453	[0.23730031 0.89031632 0.2173454 ]
2.8349700000030453	[0.23715795 0.89053836 0.2172148 ]
2.8349800000030454	[0.23701557 0.89076032 0.2170842 ]
2.8349900000030455	[0.23687318 0.89098219 0.21695359]
2.8350000000030455	[0.23673078 0.89120398 0.21682297]
2.8350100000030456	[0.23658838 0.89142569 0.21669233]
2.8350200000030457	[0.23644596 0.89164731 0.21656169]
2.8350300000030457	[0.23630353 0.89186885 0.21643104]
2.835040000003046	[0.23616109 0.89209031 0.21630038]
2.835050000003046	[0.23601864 0.89231169 0.21616971]
2.835060000003046	[0.23587618 0.89253298 0.21603903]
2.835070000003046	[0.23573371 0.89275419 0.21590834]
2.835080000003046	[0.23559123 0.89297532 0.21577764]
2.835090000003046	[0.23544873 0.89319636 0.21564693]
2.835100000003046	[0.23530623 0.89341733 0.21551621]
2.8351100000030462	[0.23516372 0.89363821 0.21538548]
2.8351200000030463	[0.23502119 0.89385901 0.21525474]
2.8351300000030464	[0.23487866 0.89407973 0.21512399]
2.8351400000030464	[0.23473611 0.89430036 0.21499323]
2.8351500000030465	[0.23459355 0.89452092 0.21486245]
2.8351600000030466	[0.23445098 0.89474139 0.21473167]
2.8351700000030466	[0.2343084  0.89496178 0.21460088]
2.8351800000030467	[0.23416581 0.89518209 0.21447008]
2.8351900000030468	[0.23402321 0.89540232 0.21433927]
2.835200000003047	[0.2338806  0.89562246 0.21420845]
2.835210000003047	[0.23373797 0.89584253 0.21407761]
2.835220000003047	[0.23359534 0.89606251 0.21394677]
2.835230000003047	[0.23345269 0.89628241 0.21381592]
2.835240000003047	[0.23331003 0.89650223 0.21368505]
2.835250000003047	[0.23316737 0.89672197 0.21355418]
2.8352600000030472	[0.23302469 0.89694163 0.21342329]
2.8352700000030473	[0.23288199 0.89716121 0.2132924 ]
2.8352800000030474	[0.23273929 0.89738071 0.21316149]
2.8352900000030474	[0.23259657 0.89760012 0.21303058]
2.8353000000030475	[0.23245385 0.89781946 0.21289965]
2.8353100000030476	[0.23231111 0.89803871 0.21276871]
2.8353200000030476	[0.23216836 0.89825788 0.21263776]
2.8353300000030477	[0.2320256  0.89847698 0.2125068 ]
2.8353400000030478	[0.23188282 0.89869599 0.21237583]
2.835350000003048	[0.23174004 0.89891492 0.21224485]
2.835360000003048	[0.23159724 0.89913377 0.21211385]
2.835370000003048	[0.23145451 0.8993525  0.21198292]
2.835380000003048	[0.23131161 0.89957124 0.21185183]
2.835390000003048	[0.23116877 0.89978986 0.2117208 ]
2.835400000003048	[0.23102593 0.90000839 0.21158977]
2.835410000003048	[0.23088307 0.90022684 0.21145871]
2.8354200000030483	[0.2307402  0.90044521 0.21132765]
2.8354300000030483	[0.23059731 0.9006635  0.21119658]
2.8354400000030484	[0.23045442 0.90088171 0.21106549]
2.8354500000030485	[0.23031151 0.90109984 0.2109344 ]
2.8354600000030485	[0.23016858 0.90131789 0.21080329]
2.8354700000030486	[0.23002565 0.90153586 0.21067217]
2.8354800000030487	[0.2298827  0.90175375 0.21054103]
2.8354900000030487	[0.22973974 0.90197156 0.21040989]
2.835500000003049	[0.22959676 0.90218929 0.21027873]
2.835510000003049	[0.22945378 0.90240694 0.21014756]
2.835520000003049	[0.22931078 0.90262451 0.21001638]
2.835530000003049	[0.22916776 0.902842   0.20988519]
2.835540000003049	[0.22902473 0.90305941 0.20975398]
2.835550000003049	[0.22888169 0.90327675 0.20962276]
2.835560000003049	[0.22873864 0.903494   0.20949153]
2.8355700000030493	[0.22859557 0.90371118 0.20936029]
2.8355800000030493	[0.22845249 0.90392827 0.20922903]
2.8355900000030494	[0.2283094  0.90414529 0.20909776]
2.8356000000030495	[0.22816629 0.90436223 0.20896648]
2.8356100000030495	[0.22802317 0.90457909 0.20883519]
2.8356200000030496	[0.22788004 0.90479587 0.20870388]
2.8356300000030497	[0.22773689 0.90501257 0.20857256]
2.8356400000030497	[0.22759372 0.9052292  0.20844123]
2.83565000000305	[0.22745055 0.90544574 0.20830989]
2.83566000000305	[0.22730736 0.90566221 0.20817853]
2.83567000000305	[0.22716415 0.9058786  0.20804716]
2.83568000000305	[0.22702094 0.90609491 0.20791578]
2.83569000000305	[0.2268777  0.90631114 0.20778438]
2.83570000000305	[0.22673446 0.90652729 0.20765298]
2.83571000000305	[0.2265912  0.90674337 0.20752155]
2.8357200000030502	[0.22644792 0.90695936 0.20739012]
2.8357300000030503	[0.22630463 0.90717528 0.20725867]
2.8357400000030504	[0.22616133 0.90739112 0.20712721]
2.8357500000030504	[0.22601801 0.90760689 0.20699573]
2.8357600000030505	[0.22587468 0.90782257 0.20686425]
2.8357700000030506	[0.22573134 0.90803818 0.20673274]
2.8357800000030506	[0.22558797 0.90825371 0.20660123]
2.8357900000030507	[0.2254446  0.90846916 0.2064697 ]
2.8358000000030508	[0.22530121 0.90868454 0.20633816]
2.835810000003051	[0.2251578  0.90889983 0.2062066 ]
2.835820000003051	[0.22501438 0.90911505 0.20607503]
2.835830000003051	[0.22487095 0.9093302  0.20594345]
2.835840000003051	[0.22472749 0.90954526 0.20581185]
2.835850000003051	[0.22458403 0.90976025 0.20568024]
2.835860000003051	[0.22444055 0.90997516 0.20554861]
2.8358700000030512	[0.22429705 0.91019    0.20541697]
2.8358800000030513	[0.22415354 0.91040475 0.20528531]
2.8358900000030514	[0.22401001 0.91061944 0.20515364]
2.8359000000030514	[0.22386647 0.91083404 0.20502196]
2.8359100000030515	[0.22372291 0.91104857 0.20489026]
2.8359200000030516	[0.22357934 0.91126302 0.20475855]
2.8359300000030516	[0.22343575 0.91147739 0.20462682]
2.8359400000030517	[0.22329214 0.91169169 0.20449508]
2.8359500000030518	[0.22314852 0.91190591 0.20436333]
2.835960000003052	[0.22300488 0.91212006 0.20423156]
2.835970000003052	[0.22286123 0.91233412 0.20409977]
2.835980000003052	[0.22271756 0.91254812 0.20396797]
2.835990000003052	[0.22257387 0.91276203 0.20383615]
2.836000000003052	[0.22243017 0.91297587 0.20370432]
2.836010000003052	[0.22228645 0.91318964 0.20357248]
2.836020000003052	[0.22214272 0.91340333 0.20344062]
2.8360300000030523	[0.22199897 0.91361694 0.20330874]
2.8360400000030523	[0.2218552  0.91383048 0.20317685]
2.8360500000030524	[0.22171141 0.91404394 0.20304494]
2.8360600000030525	[0.22156761 0.91425733 0.20291302]
2.8360700000030525	[0.2214238  0.91447064 0.20278109]
2.8360800000030526	[0.22127996 0.91468387 0.20264913]
2.8360900000030527	[0.22113611 0.91489703 0.20251717]
2.8361000000030527	[0.22099224 0.91511012 0.20238518]
2.836110000003053	[0.22084836 0.91532313 0.20225318]
2.836120000003053	[0.22070446 0.91553606 0.20212117]
2.836130000003053	[0.22056054 0.91574892 0.20198914]
2.836140000003053	[0.2204166  0.91596171 0.20185709]
2.836150000003053	[0.22027295 0.91617417 0.20172531]
2.836160000003053	[0.2201287  0.91638709 0.20159296]
2.836170000003053	[0.21998471 0.91659966 0.20146087]
2.8361800000030533	[0.2198407  0.91681215 0.20132876]
2.8361900000030533	[0.21969668 0.91702456 0.20119663]
2.8362000000030534	[0.21955264 0.9172369  0.20106449]
2.8362100000030535	[0.21940858 0.91744917 0.20093233]
2.8362200000030535	[0.21926451 0.91766136 0.20080015]
2.8362300000030536	[0.21912041 0.91787347 0.20066796]
2.8362400000030537	[0.2189763  0.91808552 0.20053575]
2.8362500000030537	[0.21883218 0.91829749 0.20040353]
2.836260000003054	[0.21868803 0.91850938 0.20027129]
2.836270000003054	[0.21854386 0.9187212  0.20013903]
2.836280000003054	[0.21839968 0.91893295 0.20000675]
2.836290000003054	[0.21825548 0.91914462 0.19987446]
2.836300000003054	[0.21811126 0.91935622 0.19974215]
2.836310000003054	[0.21796702 0.91956775 0.19960983]
2.836320000003054	[0.21782277 0.91977921 0.19947749]
2.8363300000030542	[0.21767849 0.91999059 0.19934513]
2.8363400000030543	[0.2175342  0.9202019  0.19921275]
2.8363500000030544	[0.21738988 0.92041313 0.19908035]
2.8363600000030544	[0.21724555 0.92062429 0.19894794]
2.8363700000030545	[0.2171012  0.92083538 0.19881551]
2.8363800000030546	[0.21695683 0.9210464  0.19868307]
2.8363900000030546	[0.21681245 0.92125735 0.1985506 ]
2.8364000000030547	[0.21666804 0.92146822 0.19841812]
2.8364100000030548	[0.21652361 0.92167902 0.19828562]
2.836420000003055	[0.21637917 0.92188975 0.1981531 ]
2.836430000003055	[0.2162347  0.92210041 0.19802057]
2.836440000003055	[0.21609022 0.922311   0.19788802]
2.836450000003055	[0.21594572 0.92252151 0.19775544]
2.836460000003055	[0.21580119 0.92273195 0.19762286]
2.836470000003055	[0.21565665 0.92294232 0.19749025]
2.8364800000030552	[0.21551209 0.92315262 0.19735762]
2.8364900000030553	[0.21536751 0.92336285 0.19722498]
2.8365000000030554	[0.2152229  0.923573   0.19709232]
2.8365100000030554	[0.21507828 0.92378308 0.19695964]
2.8365200000030555	[0.21493364 0.9239931  0.19682694]
2.8365300000030556	[0.21478898 0.92420304 0.19669422]
2.8365400000030556	[0.2146443  0.92441291 0.19656149]
2.8365500000030557	[0.21449959 0.9246227  0.19642873]
2.8365600000030557	[0.21435487 0.92483243 0.19629596]
2.836570000003056	[0.21421013 0.92504208 0.19616317]
2.836580000003056	[0.21406537 0.92525167 0.19603036]
2.836590000003056	[0.21392058 0.92546118 0.19589753]
2.836600000003056	[0.21377578 0.92567062 0.19576468]
2.836610000003056	[0.21363095 0.92587999 0.19563181]
2.836620000003056	[0.2134861  0.92608929 0.19549892]
2.836630000003056	[0.21334124 0.92629852 0.19536602]
2.8366400000030563	[0.21319635 0.92650767 0.19523309]
2.8366500000030563	[0.21305144 0.92671676 0.19510014]
2.8366600000030564	[0.21290651 0.92692577 0.19496718]
2.8366700000030565	[0.21276156 0.92713472 0.19483419]
2.8366800000030565	[0.21261658 0.9273436  0.19470119]
2.8366900000030566	[0.21247159 0.9275524  0.19456817]
2.8367000000030567	[0.21232657 0.92776114 0.19443512]
2.8367100000030567	[0.21218153 0.9279698  0.19430206]
2.836720000003057	[0.21203638 0.92817825 0.19416888]
2.836730000003057	[0.21189141 0.92838691 0.19403588]
2.836740000003057	[0.2117463  0.92859537 0.19390276]
2.836750000003057	[0.21160118 0.92880375 0.19376961]
2.836760000003057	[0.21145603 0.92901207 0.19363645]
2.836770000003057	[0.21131086 0.92922032 0.19350326]
2.836780000003057	[0.21116567 0.9294285  0.19337006]
2.8367900000030573	[0.21102046 0.92963661 0.19323683]
2.8368000000030573	[0.21087522 0.92984466 0.19310358]
2.8368100000030574	[0.21072996 0.93005263 0.19297032]
2.8368200000030575	[0.21058468 0.93026054 0.19283703]
2.8368300000030575	[0.21043938 0.93046838 0.19270372]
2.8368400000030576	[0.21029405 0.93067615 0.19257039]
2.8368500000030576	[0.21014871 0.93088385 0.19243704]
2.8368600000030577	[0.21000334 0.93109149 0.19230367]
2.836870000003058	[0.20985794 0.93129905 0.19217028]
2.836880000003058	[0.20971253 0.93150655 0.19203687]
2.836890000003058	[0.20956709 0.93171398 0.19190344]
2.836900000003058	[0.20942163 0.93192135 0.19176998]
2.836910000003058	[0.20927615 0.93212865 0.19163651]
2.836920000003058	[0.20913064 0.93233588 0.19150301]
2.836930000003058	[0.20898511 0.93254304 0.19136949]
2.8369400000030582	[0.20883956 0.93275013 0.19123595]
2.8369500000030583	[0.20869398 0.93295716 0.19110239]
2.8369600000030584	[0.20854838 0.93316412 0.19096881]
2.8369700000030584	[0.20840276 0.93337101 0.1908352 ]
2.8369800000030585	[0.20825711 0.93357783 0.19070158]
2.8369900000030586	[0.20811144 0.93378459 0.19056793]
2.8370000000030586	[0.20796574 0.93399128 0.19043426]
2.8370100000030587	[0.20782003 0.9341979  0.19030057]
2.8370200000030588	[0.20767428 0.93440446 0.19016686]
2.837030000003059	[0.20752852 0.93461095 0.19003312]
2.837040000003059	[0.20738273 0.93481737 0.18989936]
2.837050000003059	[0.20723691 0.93502373 0.18976558]
2.837060000003059	[0.20709107 0.93523001 0.18963178]
2.837070000003059	[0.20694521 0.93543624 0.18949795]
2.837080000003059	[0.20679932 0.93564239 0.1893641 ]
2.837090000003059	[0.20665341 0.93584848 0.18923023]
2.8371000000030593	[0.20650747 0.93605451 0.18909634]
2.8371100000030594	[0.2063615  0.93626047 0.18896242]
2.8371200000030594	[0.20621552 0.93646636 0.18882848]
2.8371300000030595	[0.2060695  0.93667219 0.18869451]
2.8371400000030595	[0.20592346 0.93687795 0.18856053]
2.8371500000030596	[0.2057774  0.93708365 0.18842652]
2.8371600000030597	[0.20563131 0.93728928 0.18829249]
2.8371700000030597	[0.2054852  0.93749485 0.18815843]
2.83718000000306	[0.20533906 0.93770035 0.18802435]
2.83719000000306	[0.2051929  0.93790579 0.18789025]
2.83720000000306	[0.2050467  0.93811116 0.18775612]
2.83721000000306	[0.20490049 0.93831647 0.18762197]
2.83722000000306	[0.20475425 0.93852172 0.18748779]
2.83723000000306	[0.20460798 0.9387269  0.1873536 ]
2.83724000000306	[0.20446169 0.93893202 0.18721938]
2.8372500000030603	[0.20431537 0.93913707 0.18708513]
2.8372600000030603	[0.20416902 0.93934206 0.18695086]
2.8372700000030604	[0.20402265 0.93954699 0.18681657]
2.8372800000030605	[0.20387626 0.93975185 0.18668225]
2.8372900000030605	[0.20372983 0.93995665 0.18654791]
2.8373000000030606	[0.20358338 0.94016139 0.18641354]
2.8373100000030607	[0.20343691 0.94036606 0.18627915]
2.8373200000030607	[0.20329041 0.94057067 0.18614474]
2.837330000003061	[0.20314388 0.94077522 0.1860103 ]
2.837340000003061	[0.20299732 0.9409797  0.18587584]
2.837350000003061	[0.20285074 0.94118412 0.18574135]
2.837360000003061	[0.20270414 0.94138848 0.18560684]
2.837370000003061	[0.2025575  0.94159277 0.1854723 ]
2.837380000003061	[0.20241084 0.94179701 0.18533774]
2.837390000003061	[0.20226415 0.94200118 0.18520316]
2.8374000000030613	[0.20211744 0.94220528 0.18506855]
2.8374100000030613	[0.20197069 0.94240933 0.18493391]
2.8374200000030614	[0.20182392 0.94261331 0.18479925]
2.8374300000030614	[0.20167713 0.94281723 0.18466456]
2.8374400000030615	[0.2015303  0.94302109 0.18452985]
2.8374500000030616	[0.20138345 0.94322488 0.18439512]
2.8374600000030616	[0.20123657 0.94342862 0.18426035]
2.8374700000030617	[0.20108966 0.94363229 0.18412557]
2.8374800000030618	[0.20094273 0.9438359  0.18399075]
2.837490000003062	[0.20079577 0.94403945 0.18385591]
2.837500000003062	[0.20064878 0.94424293 0.18372105]
2.837510000003062	[0.20050176 0.94444636 0.18358616]
2.837520000003062	[0.20035471 0.94464973 0.18345124]
2.837530000003062	[0.20020763 0.94485303 0.1833163 ]
2.837540000003062	[0.20006053 0.94505627 0.18318133]
2.8375500000030622	[0.1999134  0.94525945 0.18304634]
2.8375600000030623	[0.19976624 0.94546258 0.18291131]
2.8375700000030624	[0.19961905 0.94566564 0.18277627]
2.8375800000030624	[0.19947183 0.94586864 0.18264119]
2.8375900000030625	[0.19932458 0.94607158 0.18250609]
2.8376000000030626	[0.19917731 0.94627446 0.18237096]
2.8376100000030626	[0.19903    0.94647728 0.18223581]
2.8376200000030627	[0.19888267 0.94668004 0.18210063]
2.8376300000030628	[0.19873531 0.94688275 0.18196542]
2.837640000003063	[0.19858791 0.94708539 0.18183019]
2.837650000003063	[0.19844049 0.94728797 0.18169493]
2.837660000003063	[0.19829304 0.94749049 0.18155964]
2.837670000003063	[0.19814556 0.94769296 0.18142432]
2.837680000003063	[0.19799806 0.94789536 0.18128898]
2.837690000003063	[0.19785052 0.94809771 0.18115361]
2.837700000003063	[0.19770295 0.94829999 0.18101822]
2.8377100000030633	[0.19755535 0.94850222 0.18088279]
2.8377200000030633	[0.19740772 0.94870439 0.18074734]
2.8377300000030634	[0.19726007 0.9489065  0.18061186]
2.8377400000030635	[0.19711238 0.94910855 0.18047636]
2.8377500000030635	[0.19696466 0.94931055 0.18034082]
2.8377600000030636	[0.19681691 0.94951248 0.18020526]
2.8377700000030637	[0.19666914 0.94971436 0.18006967]
2.8377800000030637	[0.19652133 0.94991618 0.17993405]
2.837790000003064	[0.19637349 0.95011794 0.17979841]
2.837800000003064	[0.19622562 0.95031965 0.17966274]
2.837810000003064	[0.19607773 0.95052129 0.17952703]
2.837820000003064	[0.1959298  0.95072288 0.17939131]
2.837830000003064	[0.19578184 0.95092441 0.17925555]
2.837840000003064	[0.19563385 0.95112589 0.17911976]
2.837850000003064	[0.19548582 0.9513273  0.17898395]
2.8378600000030643	[0.19533777 0.95152866 0.1788481 ]
2.8378700000030643	[0.19518969 0.95172997 0.17871223]
2.8378800000030644	[0.19504157 0.95193121 0.17857633]
2.8378900000030645	[0.19489343 0.95213241 0.1784404 ]
2.8379000000030645	[0.19474525 0.95233354 0.17830445]
2.8379100000030646	[0.19459704 0.95253462 0.17816846]
2.8379200000030647	[0.1944488  0.95273564 0.17803245]
2.8379300000030647	[0.19430053 0.9529366  0.1778964 ]
2.837940000003065	[0.19415223 0.95313751 0.17776033]
2.837950000003065	[0.19400389 0.95333837 0.17762422]
2.837960000003065	[0.19385553 0.95353917 0.17748809]
2.837970000003065	[0.19370713 0.95373991 0.17735193]
2.837980000003065	[0.1935587  0.9539406  0.17721574]
2.837990000003065	[0.19341024 0.95414123 0.17707952]
2.838000000003065	[0.19326174 0.95434181 0.17694327]
2.8380100000030652	[0.19311322 0.95454233 0.17680699]
2.8380200000030653	[0.19296466 0.9547428  0.17667068]
2.8380300000030654	[0.19281607 0.95494321 0.17653434]
2.8380400000030654	[0.19266744 0.95514357 0.17639797]
2.8380500000030655	[0.19251879 0.95534388 0.17626157]
2.8380600000030656	[0.1923701  0.95554413 0.17612515]
2.8380700000030656	[0.19222138 0.95574432 0.17598869]
2.8380800000030657	[0.19207262 0.95594447 0.1758522 ]
2.8380900000030658	[0.19192384 0.95614455 0.17571568]
2.838100000003066	[0.19177502 0.95634459 0.17557913]
2.838110000003066	[0.19162616 0.95654457 0.17544255]
2.838120000003066	[0.19147728 0.9567445  0.17530594]
2.838130000003066	[0.19132836 0.95694437 0.1751693 ]
2.838140000003066	[0.19117941 0.95714419 0.17503263]
2.838150000003066	[0.19103042 0.95734396 0.17489593]
2.8381600000030662	[0.19088141 0.95754367 0.1747592 ]
2.8381700000030663	[0.19073235 0.95774333 0.17462243]
2.8381800000030664	[0.19058327 0.95794294 0.17448564]
2.8381900000030664	[0.19043415 0.95814249 0.17434882]
2.8382000000030665	[0.190285   0.958342   0.17421196]
2.8382100000030666	[0.19013581 0.95854145 0.17407507]
2.8382200000030666	[0.18998659 0.95874084 0.17393815]
2.8382300000030667	[0.18983734 0.95894019 0.1738012 ]
2.8382400000030668	[0.18968805 0.95913948 0.17366422]
2.838250000003067	[0.18953873 0.95933872 0.17352721]
2.838260000003067	[0.18938937 0.95953791 0.17339017]
2.838270000003067	[0.18923998 0.95973705 0.17325309]
2.838280000003067	[0.18909056 0.95993614 0.17311598]
2.838290000003067	[0.1889411  0.96013517 0.17297885]
2.838300000003067	[0.1887916  0.96033415 0.17284167]
2.838310000003067	[0.18864207 0.96053309 0.17270447]
2.8383200000030673	[0.18849251 0.96073197 0.17256724]
2.8383300000030673	[0.18834291 0.9609308  0.17242997]
2.8383400000030674	[0.18819328 0.96112958 0.17229267]
2.8383500000030675	[0.18804361 0.96132831 0.17215534]
2.8383600000030675	[0.18789391 0.96152698 0.17201798]
2.8383700000030676	[0.18774417 0.96172561 0.17188058]
2.8383800000030677	[0.1875944  0.96192419 0.17174316]
2.8383900000030677	[0.18744459 0.96212272 0.17160569]
2.838400000003068	[0.18729474 0.9623212  0.1714682 ]
2.838410000003068	[0.18714486 0.96251962 0.17133068]
2.838420000003068	[0.18699495 0.96271801 0.17119312]
2.838430000003068	[0.186845   0.96291634 0.17105553]
2.838440000003068	[0.18669501 0.96311462 0.1709179 ]
2.838450000003068	[0.18654499 0.96331285 0.17078025]
2.838460000003068	[0.18639493 0.96351103 0.17064256]
2.8384700000030683	[0.18624484 0.96370917 0.17050484]
2.8384800000030683	[0.18609471 0.96390725 0.17036708]
2.8384900000030684	[0.18594454 0.96410529 0.17022929]
2.8385000000030685	[0.18579434 0.96430328 0.17009147]
2.8385100000030685	[0.18564411 0.96450122 0.16995361]
2.8385200000030686	[0.18549383 0.96469911 0.16981573]
2.8385300000030687	[0.18534352 0.96489695 0.1696778 ]
2.8385400000030687	[0.18519318 0.96509475 0.16953985]
2.838550000003069	[0.18504279 0.9652925  0.16940186]
2.838560000003069	[0.18489237 0.9654902  0.16926384]
2.838570000003069	[0.18474192 0.96568785 0.16912578]
2.838580000003069	[0.18459143 0.96588546 0.16898769]
2.838590000003069	[0.1844409  0.96608301 0.16884957]
2.838600000003069	[0.18429033 0.96628053 0.16871141]
2.838610000003069	[0.18413973 0.96647799 0.16857322]
2.8386200000030692	[0.18398909 0.96667541 0.16843499]
2.8386300000030693	[0.18383841 0.96687278 0.16829673]
2.8386400000030694	[0.1836877  0.9670701  0.16815844]
2.8386500000030694	[0.18353694 0.96726738 0.16802011]
2.8386600000030695	[0.18338616 0.96746461 0.16788175]
2.8386700000030696	[0.18323533 0.96766179 0.16774335]
2.8386800000030696	[0.18308447 0.96785893 0.16760492]
2.8386900000030697	[0.18293356 0.96805603 0.16746645]
2.8387000000030698	[0.18278262 0.96825307 0.16732795]
2.83871000000307	[0.18263165 0.96845008 0.16718942]
2.83872000000307	[0.18248063 0.96864703 0.16705085]
2.83873000000307	[0.18232958 0.96884394 0.16691224]
2.83874000000307	[0.18217849 0.96904081 0.1667736 ]
2.83875000000307	[0.18202736 0.96923763 0.16663492]
2.83876000000307	[0.18187619 0.9694344  0.16649621]
2.8387700000030702	[0.18172499 0.96963114 0.16635747]
2.8387800000030703	[0.18157375 0.96982782 0.16621869]
2.8387900000030704	[0.18142246 0.97002446 0.16607987]
2.8388000000030704	[0.18127114 0.97022106 0.16594102]
2.8388100000030705	[0.18111978 0.97041762 0.16580213]
2.8388200000030706	[0.18096839 0.97061413 0.16566321]
2.8388300000030706	[0.18081695 0.97081059 0.16552425]
2.8388400000030707	[0.18066548 0.97100702 0.16538525]
2.8388500000030708	[0.18051396 0.9712034  0.16524622]
2.838860000003071	[0.18036241 0.97139973 0.16510716]
2.838870000003071	[0.18021082 0.97159602 0.16496806]
2.838880000003071	[0.18005919 0.97179227 0.16482892]
2.838890000003071	[0.17990752 0.97198848 0.16468975]
2.838900000003071	[0.17975581 0.97218464 0.16455054]
2.838910000003071	[0.17960406 0.97238077 0.16441129]
2.838920000003071	[0.17945228 0.97257684 0.16427201]
2.8389300000030713	[0.17930045 0.97277288 0.16413269]
2.8389400000030713	[0.17914859 0.97296887 0.16399334]
2.8389500000030714	[0.17899668 0.97316483 0.16385395]
2.8389600000030715	[0.17884473 0.97336074 0.16371452]
2.8389700000030715	[0.17869275 0.97355661 0.16357506]
2.8389800000030716	[0.17854073 0.97375243 0.16343556]
2.8389900000030717	[0.17838866 0.97394822 0.16329602]
2.8390000000030717	[0.17823656 0.97414396 0.16315645]
2.839010000003072	[0.17808441 0.97433967 0.16301684]
2.839020000003072	[0.17793223 0.97453533 0.16287719]
2.839030000003072	[0.17778    0.97473095 0.16273751]
2.839040000003072	[0.17762775 0.97492652 0.16259779]
2.839050000003072	[0.17747544 0.97512207 0.16245803]
2.839060000003072	[0.17732309 0.97531757 0.16231823]
2.839070000003072	[0.17717071 0.97551302 0.1621784 ]
2.8390800000030723	[0.17701828 0.97570844 0.16203853]
2.8390900000030723	[0.17686581 0.97590382 0.16189862]
2.8391000000030724	[0.1767133  0.97609916 0.16175868]
2.8391100000030725	[0.17656076 0.97629446 0.1616187 ]
2.8391200000030725	[0.17640817 0.97648972 0.16147868]
2.8391300000030726	[0.17625554 0.97668494 0.16133862]
2.8391400000030727	[0.17610287 0.97688012 0.16119852]
2.8391500000030727	[0.17595016 0.97707526 0.16105839]
2.839160000003073	[0.1757974  0.97727036 0.16091822]
2.839170000003073	[0.17564461 0.97746543 0.16077801]
2.839180000003073	[0.17549177 0.97766045 0.16063777]
2.839190000003073	[0.1753389  0.97785544 0.16049748]
2.839200000003073	[0.17518598 0.97805039 0.16035716]
2.839210000003073	[0.17503302 0.9782453  0.1602168 ]
2.839220000003073	[0.17488002 0.97844017 0.1600764 ]
2.8392300000030732	[0.17472698 0.978635   0.15993597]
2.8392400000030733	[0.1745739  0.9788298  0.15979549]
2.8392500000030734	[0.17442077 0.97902456 0.15965498]
2.8392600000030734	[0.1742676  0.97921928 0.15951443]
2.8392700000030735	[0.17411439 0.97941396 0.15937384]
2.8392800000030736	[0.17396115 0.97960861 0.15923321]
2.8392900000030736	[0.17380785 0.97980322 0.15909254]
2.8393000000030737	[0.17365452 0.97999779 0.15895184]
2.8393100000030738	[0.17350114 0.98019233 0.15881109]
2.839320000003074	[0.17334773 0.98038683 0.15867031]
2.839330000003074	[0.17319426 0.98058129 0.15852949]
2.839340000003074	[0.17304076 0.98077572 0.15838863]
2.839350000003074	[0.17288722 0.98097011 0.15824773]
2.839360000003074	[0.17273363 0.98116446 0.15810679]
2.839370000003074	[0.17258    0.98135878 0.15796581]
2.8393800000030742	[0.17242633 0.98155306 0.1578248 ]
2.8393900000030743	[0.17227261 0.98174731 0.15768374]
2.8394000000030744	[0.17211886 0.98194152 0.15754265]
2.8394100000030744	[0.17196506 0.9821357  0.15740151]
2.8394200000030745	[0.17181121 0.98232984 0.15726034]
2.8394300000030746	[0.17165733 0.98252394 0.15711912]
2.8394400000030746	[0.1715034  0.98271801 0.15697787]
2.8394500000030747	[0.17134943 0.98291205 0.15683658]
2.8394600000030747	[0.17119541 0.98310605 0.15669525]
2.839470000003075	[0.17104135 0.98330002 0.15655388]
2.839480000003075	[0.17088725 0.98349395 0.15641246]
2.839490000003075	[0.17073311 0.98368785 0.15627101]
2.839500000003075	[0.17057892 0.98388172 0.15612952]
2.839510000003075	[0.17042469 0.98407555 0.15598799]
2.839520000003075	[0.17027042 0.98426934 0.15584642]
2.839530000003075	[0.1701161  0.98446311 0.15570481]
2.8395400000030753	[0.16996174 0.98465684 0.15556316]
2.8395500000030753	[0.16980733 0.98485054 0.15542147]
2.8395600000030754	[0.16965288 0.9850442  0.15527974]
2.8395700000030755	[0.16949839 0.98523783 0.15513797]
2.8395800000030755	[0.16934385 0.98543143 0.15499615]
2.8395900000030756	[0.16918927 0.985625   0.1548543 ]
2.8396000000030757	[0.16903465 0.98581853 0.15471241]
2.8396100000030757	[0.16887998 0.98601204 0.15457048]
2.839620000003076	[0.16872527 0.98620551 0.1544285 ]
2.839630000003076	[0.16857051 0.98639894 0.15428649]
2.839640000003076	[0.16841571 0.98659235 0.15414443]
2.839650000003076	[0.16826087 0.98678572 0.15400234]
2.839660000003076	[0.16810598 0.98697907 0.1538602 ]
2.839670000003076	[0.16795105 0.98717238 0.15371802]
2.839680000003076	[0.16779607 0.98736566 0.15357581]
2.8396900000030763	[0.16764105 0.98755891 0.15343355]
2.8397000000030763	[0.16748598 0.98775213 0.15329125]
2.8397100000030764	[0.16733087 0.98794531 0.15314891]
2.8397200000030764	[0.16717571 0.98813847 0.15300652]
2.8397300000030765	[0.16702051 0.9883316  0.1528641 ]
2.8397400000030766	[0.16686527 0.98852469 0.15272164]
2.8397500000030766	[0.16670998 0.98871776 0.15257913]
2.8397600000030767	[0.16655464 0.98891079 0.15243658]
2.8397700000030768	[0.16639926 0.9891038  0.152294  ]
2.839780000003077	[0.16624383 0.98929677 0.15215137]
2.839790000003077	[0.16608836 0.98948972 0.15200869]
2.839800000003077	[0.16593285 0.98968264 0.15186598]
2.839810000003077	[0.16577729 0.98987552 0.15172323]
2.839820000003077	[0.16562168 0.99006838 0.15158043]
2.839830000003077	[0.16546603 0.99026121 0.15143759]
2.8398400000030772	[0.16531033 0.99045401 0.15129471]
2.8398500000030773	[0.16515459 0.99064678 0.15115179]
2.8398600000030774	[0.1649988  0.99083953 0.15100882]
2.8398700000030774	[0.16484297 0.99103224 0.15086582]
2.8398800000030775	[0.16468709 0.99122493 0.15072277]
2.8398900000030776	[0.16453116 0.99141758 0.15057968]
2.8399000000030776	[0.16437519 0.99161021 0.15043655]
2.8399100000030777	[0.16421917 0.99180282 0.15029338]
2.8399200000030778	[0.16406311 0.99199539 0.15015016]
2.839930000003078	[0.163907   0.99218794 0.1500069 ]
2.839940000003078	[0.16375085 0.99238046 0.1498636 ]
2.839950000003078	[0.16359464 0.99257295 0.14972026]
2.839960000003078	[0.1634384  0.99276542 0.14957687]
2.839970000003078	[0.16328211 0.99295786 0.14943345]
2.839980000003078	[0.16312577 0.99315027 0.14928998]
2.839990000003078	[0.16296938 0.99334266 0.14914646]
2.8400000000030783	[0.16281295 0.99353502 0.14900291]
2.8400100000030783	[0.16265647 0.99372735 0.14885931]
2.8400200000030784	[0.16249995 0.99391965 0.14871567]
2.8400300000030785	[0.16234338 0.99411194 0.14857198]
2.8400400000030785	[0.16218676 0.99430419 0.14842826]
2.8400500000030786	[0.1620301  0.99449642 0.14828449]
2.8400600000030787	[0.16187339 0.99468862 0.14814068]
2.8400700000030787	[0.16171663 0.9948808  0.14799682]
2.840080000003079	[0.16155983 0.99507295 0.14785293]
2.840090000003079	[0.16140298 0.99526508 0.14770898]
2.840100000003079	[0.16124608 0.99545719 0.147565  ]
2.840110000003079	[0.16108914 0.99564926 0.14742097]
2.840120000003079	[0.16093215 0.99584132 0.1472769 ]
2.840130000003079	[0.16077511 0.99603334 0.14713279]
2.840140000003079	[0.16061802 0.99622535 0.14698864]
2.8401500000030793	[0.16046089 0.99641733 0.14684444]
2.8401600000030793	[0.16030371 0.99660928 0.14670019]
2.8401700000030794	[0.16014648 0.99680122 0.1465559 ]
2.8401800000030795	[0.15998922 0.99699312 0.14641158]
2.8401900000030795	[0.1598319  0.99718501 0.1462672 ]
2.8402000000030796	[0.15967453 0.99737687 0.14612279]
2.8402100000030797	[0.15951711 0.99756871 0.14597833]
2.8402200000030797	[0.15935965 0.99776052 0.14583382]
2.84023000000308	[0.15920214 0.99795231 0.14568927]
2.84024000000308	[0.15904458 0.99814408 0.14554468]
2.84025000000308	[0.15888698 0.99833583 0.14540005]
2.84026000000308	[0.15872932 0.99852755 0.14525537]
2.84027000000308	[0.15857148 0.9987197  0.14511051]
2.84028000000308	[0.15841382 0.99891092 0.14496583]
2.84029000000308	[0.15825603 0.99910257 0.14482102]
2.8403000000030802	[0.15809818 0.9992942  0.14467617]
2.8403100000030803	[0.15794029 0.99948581 0.14453127]
2.8403200000030804	[0.15778235 0.9996774  0.14438632]
2.8403300000030804	[0.15762436 0.99986896 0.14424134]
2.8403400000030805	[0.15746633 1.00006051 0.1440963 ]
2.8403500000030806	[0.15730824 1.00025203 0.14395123]
2.8403600000030806	[0.15715011 1.00044354 0.14380611]
2.8403700000030807	[0.15699193 1.00063502 0.14366094]
2.8403800000030808	[0.1568337  1.00082648 0.14351574]
2.840390000003081	[0.15667542 1.00101792 0.14337048]
2.840400000003081	[0.1565171  1.00120934 0.14322519]
2.840410000003081	[0.15635873 1.00140074 0.14307984]
2.840420000003081	[0.1562003  1.00159212 0.14293446]
2.840430000003081	[0.15604183 1.00178347 0.14278903]
2.840440000003081	[0.15588332 1.00197481 0.14264355]
2.8404500000030812	[0.15572475 1.00216613 0.14249803]
2.8404600000030813	[0.15556613 1.00235743 0.14235247]
2.8404700000030814	[0.15540747 1.0025487  0.14220686]
2.8404800000030814	[0.15524876 1.00273996 0.14206121]
2.8404900000030815	[0.15509    1.0029312  0.14191551]
2.8405000000030816	[0.15493119 1.00312241 0.14176976]
2.8405100000030816	[0.15477233 1.00331361 0.14162397]
2.8405200000030817	[0.15461342 1.00350479 0.14147814]
2.8405300000030818	[0.15445446 1.00369598 0.14133226]
2.840540000003082	[0.15429545 1.00388709 0.14118634]
2.840550000003082	[0.1541364  1.00407821 0.14104037]
2.840560000003082	[0.15397729 1.00426931 0.14089435]
2.840570000003082	[0.15381814 1.00446039 0.14074829]
2.840580000003082	[0.15365894 1.00465145 0.14060219]
2.840590000003082	[0.15349968 1.0048425  0.14045604]
2.840600000003082	[0.15334038 1.00503353 0.14030984]
2.8406100000030823	[0.15318103 1.00522454 0.1401636 ]
2.8406200000030823	[0.15302163 1.00541553 0.14001732]
2.8406300000030824	[0.15286218 1.0056065  0.13987099]
2.8406400000030825	[0.15270269 1.00579746 0.13972461]
2.8406500000030825	[0.15254314 1.0059884  0.13957819]
2.8406600000030826	[0.15238354 1.00617932 0.13943172]
2.8406700000030827	[0.1522239  1.00637023 0.13928521]
2.8406800000030827	[0.1520642  1.00656112 0.13913865]
2.840690000003083	[0.15190446 1.00675199 0.13899205]
2.840700000003083	[0.15174466 1.00694285 0.1388454 ]
2.840710000003083	[0.15158482 1.00713369 0.13869871]
2.840720000003083	[0.15142493 1.00732451 0.13855197]
2.840730000003083	[0.15126498 1.00751532 0.13840518]
2.840740000003083	[0.15110499 1.00770612 0.13825835]
2.840750000003083	[0.15094495 1.0078969  0.13811148]
2.8407600000030833	[0.15078486 1.00808766 0.13796455]
2.8407700000030833	[0.15062472 1.00827841 0.13781759]
2.8407800000030834	[0.15046453 1.00846914 0.13767058]
2.8407900000030835	[0.15030429 1.00865985 0.13752352]
2.8408000000030835	[0.150144   1.00885056 0.13737642]
2.8408100000030836	[0.14998366 1.00904124 0.13722927]
2.8408200000030837	[0.14982328 1.00923191 0.13708207]
2.8408300000030837	[0.14966284 1.00942257 0.13693483]
2.840840000003084	[0.14950235 1.00961321 0.13678755]
2.840850000003084	[0.14934181 1.00980384 0.13664021]
2.840860000003084	[0.14918123 1.00999445 0.13649284]
2.840870000003084	[0.14902059 1.01018504 0.13634541]
2.840880000003084	[0.1488599  1.01037563 0.13619794]
2.840890000003084	[0.14869916 1.01056619 0.13605043]
2.840900000003084	[0.14853839 1.01075679 0.13590287]
2.8409100000030842	[0.14837754 1.01094729 0.13575525]
2.8409200000030843	[0.14821665 1.01113781 0.1356076 ]
2.8409300000030844	[0.14805571 1.01132832 0.1354599 ]
2.8409400000030844	[0.14789476 1.01151896 0.13531218]
2.8409500000030845	[0.14773367 1.01170931 0.13516435]
2.8409600000030846	[0.14757258 1.01189978 0.13501651]
2.8409700000030846	[0.14741144 1.01209023 0.13486862]
2.8409800000030847	[0.14725025 1.01228067 0.13472069]
2.8409900000030848	[0.14708901 1.0124711  0.13457271]
2.841000000003085	[0.14692772 1.01266152 0.13442469]
2.841010000003085	[0.14676638 1.01285192 0.13427662]
2.841020000003085	[0.14660499 1.01304231 0.1341285 ]
2.841030000003085	[0.14644354 1.01323269 0.13398033]
2.841040000003085	[0.14628205 1.01342306 0.13383212]
2.841050000003085	[0.14612051 1.01361342 0.13368386]
2.8410600000030852	[0.14595891 1.01380376 0.13353556]
2.8410700000030853	[0.14579726 1.01399409 0.13338721]
2.8410800000030854	[0.14563557 1.01418441 0.13323881]
2.8410900000030854	[0.14547382 1.01437472 0.13309036]
2.8411000000030855	[0.14531202 1.01456501 0.13294187]
2.8411100000030856	[0.14515017 1.0147553  0.13279333]
2.8411200000030856	[0.14498817 1.0149455  0.13264466]
2.8411300000030857	[0.14482632 1.01513583 0.13249612]
2.8411400000030858	[0.14466432 1.01532608 0.13234744]
2.841150000003086	[0.14450227 1.01551632 0.13219872]
2.841160000003086	[0.14434017 1.01570655 0.13204994]
2.841170000003086	[0.14417801 1.01589677 0.13190112]
2.841180000003086	[0.14401581 1.01608697 0.13175226]
2.841190000003086	[0.14385355 1.01627717 0.13160335]
2.841200000003086	[0.14369124 1.01646736 0.13145439]
2.841210000003086	[0.14352888 1.01665753 0.13130538]
2.8412200000030863	[0.14336647 1.0168477  0.13115633]
2.8412300000030863	[0.14320401 1.01703785 0.13100723]
2.8412400000030864	[0.1430415  1.017228   0.13085808]
2.8412500000030865	[0.14287894 1.01741813 0.13070889]
2.8412600000030865	[0.14271633 1.01760825 0.13055965]
2.8412700000030866	[0.14255373 1.01779816 0.13041042]
2.8412800000030867	[0.1423909  1.01798867 0.13026098]
2.8412900000030867	[0.14222824 1.01817836 0.1301117 ]
2.841300000003087	[0.14206538 1.01836864 0.12996223]
2.841310000003087	[0.14190251 1.01855872 0.12981275]
2.841320000003087	[0.14173959 1.01874879 0.12966323]
2.841330000003087	[0.14157663 1.01893884 0.12951366]
2.841340000003087	[0.14141362 1.01912889 0.12936406]
2.841350000003087	[0.14125057 1.01931885 0.12921442]
2.841360000003087	[0.14108738 1.01950903 0.12906465]
2.8413700000030873	[0.14092433 1.01969856 0.12891501]
2.8413800000030873	[0.14076097 1.0198894  0.12876508]
2.8413900000030874	[0.14059783 1.02007858 0.12861536]
2.8414000000030875	[0.14043437 1.02026939 0.12846533]
2.8414100000030875	[0.14027112 1.02045855 0.12831552]
2.8414200000030876	[0.14010765 1.02064895 0.12816548]
2.8414300000030877	[0.13994417 1.02083891 0.12801544]
2.8414400000030877	[0.13978064 1.02102887 0.12786536]
2.841450000003088	[0.13961705 1.02121882 0.12771523]
2.841460000003088	[0.13945342 1.02140877 0.12756505]
2.841470000003088	[0.13928974 1.0215987  0.12741482]
2.841480000003088	[0.13912589 1.02178901 0.12726444]
2.841490000003088	[0.13896229 1.02197816 0.12711431]
2.841500000003088	[0.13879826 1.02216885 0.12696376]
2.841510000003088	[0.13863446 1.02235837 0.12681342]
2.8415200000030882	[0.13847051 1.02254826 0.12666296]
2.8415300000030883	[0.13830651 1.02273815 0.12651244]
2.8415400000030884	[0.13814248 1.02292804 0.1263619 ]
2.8415500000030884	[0.13797839 1.02311792 0.1262113 ]
2.8415600000030885	[0.13781424 1.02330779 0.12606065]
2.8415700000030886	[0.13765004 1.02349765 0.12590995]
2.8415800000030886	[0.13748579 1.02368751 0.12575921]
2.8415900000030887	[0.1373215  1.02387736 0.12560841]
2.8416000000030888	[0.13715714 1.02406721 0.12545758]
2.841610000003089	[0.13699274 1.02425704 0.12530669]
2.841620000003089	[0.13682829 1.02444688 0.12515576]
2.841630000003089	[0.13666379 1.0246367  0.12500478]
2.841640000003089	[0.13649923 1.02482652 0.12485375]
2.841650000003089	[0.13633462 1.02501633 0.12470268]
2.841660000003089	[0.13616996 1.02520613 0.12455156]
2.8416700000030892	[0.13600525 1.02539593 0.12440039]
2.8416800000030893	[0.13584049 1.02558572 0.12424917]
2.8416900000030894	[0.13567568 1.02577551 0.12409791]
2.8417000000030894	[0.13551081 1.02596528 0.1239466 ]
2.8417100000030895	[0.13534589 1.02615505 0.12379524]
2.8417200000030896	[0.13518092 1.02634481 0.12364384]
2.8417300000030896	[0.1350159  1.02653457 0.12349238]
2.8417400000030897	[0.13485083 1.02672432 0.12334088]
2.8417500000030897	[0.13468571 1.02691406 0.12318933]
2.84176000000309	[0.13452053 1.02710379 0.12303774]
2.84177000000309	[0.1343553  1.02729352 0.12288609]
2.84178000000309	[0.13419003 1.02748324 0.1227344 ]
2.84179000000309	[0.13402469 1.02767295 0.12258266]
2.84180000000309	[0.13385931 1.02786266 0.12243087]
2.84181000000309	[0.13369388 1.02805236 0.12227904]
2.84182000000309	[0.13352839 1.02824206 0.12212716]
2.8418300000030903	[0.13336285 1.02843175 0.12197523]
2.8418400000030903	[0.13319726 1.02862143 0.12182325]
2.8418500000030904	[0.13303162 1.02881111 0.12167123]
2.8418600000030905	[0.13286592 1.02900079 0.12151916]
2.8418700000030905	[0.13270018 1.02919045 0.12136704]
2.8418800000030906	[0.13253438 1.02938012 0.12121487]
2.8418900000030907	[0.13236854 1.02956977 0.12106266]
2.8419000000030907	[0.13220264 1.02975943 0.1209104 ]
2.841910000003091	[0.13203669 1.02994908 0.12075809]
2.841920000003091	[0.13187068 1.03013872 0.12060573]
2.841930000003091	[0.13170463 1.03032836 0.12045333]
2.841940000003091	[0.13153853 1.030518   0.12030088]
2.841950000003091	[0.13137237 1.03070763 0.12014838]
2.841960000003091	[0.13120617 1.03089726 0.11999584]
2.841970000003091	[0.13103991 1.03108688 0.11984325]
2.8419800000030913	[0.1308736  1.0312765  0.11969061]
2.8419900000030913	[0.13070724 1.03146612 0.11953793]
2.8420000000030914	[0.13054083 1.03165573 0.1193852 ]
2.8420100000030915	[0.13037432 1.0318454  0.11923237]
2.8420200000030915	[0.13020785 1.03203493 0.11907959]
2.8420300000030916	[0.13004129 1.03222453 0.11892672]
2.8420400000030916	[0.12987468 1.03241412 0.11877381]
2.8420500000030917	[0.12970801 1.03260371 0.11862084]
2.842060000003092	[0.12954129 1.03279329 0.11846783]
2.842070000003092	[0.12937453 1.03298287 0.11831477]
2.842080000003092	[0.12920771 1.03317244 0.11816167]
2.842090000003092	[0.12904084 1.03336201 0.11800851]
2.842100000003092	[0.12887392 1.03355158 0.11785531]
2.842110000003092	[0.12870695 1.03374114 0.11770207]
2.842120000003092	[0.12853993 1.03393069 0.11754877]
2.8421300000030922	[0.12837285 1.03412024 0.11739543]
2.8421400000030923	[0.12820573 1.03430978 0.11724205]
2.8421500000030924	[0.12803855 1.03449932 0.11708861]
2.8421600000030924	[0.12787132 1.03468885 0.11693513]
2.8421700000030925	[0.12770404 1.03487838 0.1167816 ]
2.8421800000030926	[0.12753671 1.0350679  0.11662803]
2.8421900000030926	[0.12736933 1.03525742 0.1164744 ]
2.8422000000030927	[0.1272019  1.03544694 0.11632073]
2.8422100000030928	[0.12703441 1.03563645 0.11616701]
2.842220000003093	[0.12686688 1.03582595 0.11601325]
2.842230000003093	[0.12669929 1.03601545 0.11585944]
2.842240000003093	[0.12653165 1.03620495 0.11570558]
2.842250000003093	[0.12636396 1.03639444 0.11555167]
2.842260000003093	[0.12619622 1.03658393 0.11539772]
2.842270000003093	[0.12602843 1.03677341 0.11524372]
2.842280000003093	[0.12586058 1.03696289 0.11508967]
2.8422900000030933	[0.12569269 1.03715237 0.11493557]
2.8423000000030934	[0.12552474 1.03734184 0.11478143]
2.8423100000030934	[0.12535674 1.03753131 0.11462724]
2.8423200000030935	[0.1251887  1.03772078 0.11447301]
2.8423300000030935	[0.1250206  1.03791024 0.11431873]
2.8423400000030936	[0.12485245 1.0380997  0.1141644 ]
2.8423500000030937	[0.12468425 1.03828915 0.11401002]
2.8423600000030937	[0.124516  1.0384786 0.1138556]
2.842370000003094	[0.12434769 1.03866805 0.11370113]
2.842380000003094	[0.12417934 1.0388575  0.11354662]
2.842390000003094	[0.12401094 1.03904694 0.11339206]
2.842400000003094	[0.12384248 1.03923637 0.11323745]
2.842410000003094	[0.12367398 1.03942581 0.11308279]
2.842420000003094	[0.12350543 1.03961524 0.11292809]
2.842430000003094	[0.12333682 1.03980466 0.11277335]
2.8424400000030943	[0.12316817 1.03999408 0.11261855]
2.8424500000030943	[0.12299946 1.0401835  0.11246372]
2.8424600000030944	[0.12283071 1.04037291 0.11230883]
2.8424700000030945	[0.1226619  1.04056232 0.1121539 ]
2.8424800000030945	[0.12249305 1.04075173 0.11199892]
2.8424900000030946	[0.12232414 1.04094113 0.1118439 ]
2.8425000000030947	[0.12215518 1.04113052 0.11168883]
2.8425100000030947	[0.12198618 1.04131991 0.11153372]
2.842520000003095	[0.12181712 1.0415093  0.11137855]
2.842530000003095	[0.12164802 1.04169868 0.11122335]
2.842540000003095	[0.12147886 1.04188805 0.11106809]
2.842550000003095	[0.12130965 1.04207742 0.11091279]
2.842560000003095	[0.1211404  1.04226679 0.11075745]
2.842570000003095	[0.12097109 1.04245615 0.11060206]
2.842580000003095	[0.12080176 1.04264553 0.11044665]
2.8425900000030953	[0.12063232 1.04283486 0.11029114]
2.8426000000030953	[0.12046287 1.0430242  0.11013561]
2.8426100000030954	[0.12029336 1.04321354 0.10998003]
2.8426200000030954	[0.1201238  1.04340288 0.10982441]
2.8426300000030955	[0.11995419 1.04359221 0.10966874]
2.8426400000030956	[0.11978454 1.04378153 0.10951303]
2.8426500000030956	[0.11961483 1.04397085 0.10935727]
2.8426600000030957	[0.11944507 1.04416017 0.10920146]
2.8426700000030958	[0.11927527 1.04434948 0.10904561]
2.842680000003096	[0.11910541 1.04453879 0.10888972]
2.842690000003096	[0.1189355  1.04472809 0.10873378]
2.842700000003096	[0.11876555 1.04491738 0.10857779]
2.842710000003096	[0.11859554 1.04510667 0.10842175]
2.842720000003096	[0.11842548 1.04529595 0.10826567]
2.842730000003096	[0.11825538 1.04548523 0.10810955]
2.8427400000030962	[0.11808522 1.04567451 0.10795338]
2.8427500000030963	[0.11791502 1.04586377 0.10779716]
2.8427600000030964	[0.11774476 1.04605304 0.1076409 ]
2.8427700000030964	[0.11757446 1.04624229 0.1074846 ]
2.8427800000030965	[0.11740411 1.04643155 0.10732825]
2.8427900000030966	[0.11723371 1.04662079 0.10717185]
2.8428000000030966	[0.11706326 1.04681003 0.10701541]
2.8428100000030967	[0.11689276 1.04699926 0.10685892]
2.8428200000030968	[0.11672221 1.04718849 0.10670239]
2.842830000003097	[0.11655161 1.04737771 0.10654581]
2.842840000003097	[0.11638096 1.04756693 0.10638919]
2.842850000003097	[0.11621027 1.04775614 0.10623252]
2.842860000003097	[0.11603952 1.04794534 0.10607581]
2.842870000003097	[0.11586873 1.04813454 0.10591905]
2.842880000003097	[0.11569788 1.04832372 0.10576225]
2.842890000003097	[0.11552699 1.04851291 0.10560541]
2.8429000000030973	[0.11535605 1.04870208 0.10544852]
2.8429100000030973	[0.11518506 1.04889125 0.10529158]
2.8429200000030974	[0.11501403 1.04908041 0.1051346 ]
2.8429300000030975	[0.11484294 1.04926957 0.10497758]
2.8429400000030975	[0.11467181 1.04945871 0.10482051]
2.8429500000030976	[0.11450062 1.04964785 0.10466339]
2.8429600000030977	[0.11432939 1.04983699 0.10450623]
2.8429700000030977	[0.11415811 1.05002611 0.10434903]
2.842980000003098	[0.11398679 1.05021523 0.10419179]
2.842990000003098	[0.11381541 1.05040434 0.10403449]
2.843000000003098	[0.11364399 1.05059344 0.10387716]
2.843010000003098	[0.11347251 1.05078254 0.10371978]
2.843020000003098	[0.11330099 1.05097163 0.10356236]
2.843030000003098	[0.11312943 1.05116071 0.10340489]
2.843040000003098	[0.11295781 1.05134978 0.10324738]
2.8430500000030983	[0.11278615 1.05153884 0.10308982]
2.8430600000030983	[0.11261443 1.0517279  0.10293222]
2.8430700000030984	[0.11244267 1.05191694 0.10277458]
2.8430800000030985	[0.11227087 1.05210598 0.10261689]
2.8430900000030985	[0.11209901 1.05229501 0.10245916]
2.8431000000030986	[0.11192711 1.05248403 0.10230139]
2.8431100000030987	[0.11175516 1.05267305 0.10214357]
2.8431200000030987	[0.11158316 1.05286205 0.10198571]
2.843130000003099	[0.11141112 1.05305105 0.10182781]
2.843140000003099	[0.11123903 1.05324003 0.10166986]
2.843150000003099	[0.11106689 1.05342901 0.10151187]
2.843160000003099	[0.11089471 1.05361797 0.10135384]
2.843170000003099	[0.11072247 1.05380693 0.10119576]
2.843180000003099	[0.11055019 1.05399588 0.10103764]
2.843190000003099	[0.11037787 1.05418482 0.10087948]
2.8432000000030992	[0.1102055  1.05437374 0.10072127]
2.8432100000030993	[0.11003308 1.05456266 0.10056302]
2.8432200000030994	[0.10986061 1.05475156 0.10040473]
2.8432300000030994	[0.1096881  1.05494046 0.1002464 ]
2.8432400000030995	[0.10951554 1.05512934 0.10008802]
2.8432500000030996	[0.10934293 1.05531821 0.0999296 ]
2.8432600000030996	[0.10917028 1.05550707 0.09977114]
2.8432700000030997	[0.10899758 1.05569592 0.09961264]
2.8432800000030998	[0.10882484 1.05588476 0.09945409]
2.8432900000031	[0.10865205 1.05607359 0.0992955 ]
2.8433000000031	[0.10847921 1.0562624  0.09913687]
2.8433100000031	[0.10830633 1.0564512  0.0989782 ]
2.8433200000031	[0.1081334  1.05663999 0.09881948]
2.8433300000031	[0.10796043 1.05682877 0.09866072]
2.8433400000031	[0.1077874  1.05701753 0.09850192]
2.8433500000031002	[0.10761434 1.05720628 0.09834308]
2.8433600000031003	[0.10744123 1.05739502 0.09818419]
2.8433700000031004	[0.10726807 1.05758374 0.09802527]
2.8433800000031004	[0.10709486 1.05777245 0.0978663 ]
2.8433900000031005	[0.10692161 1.05796115 0.09770729]
2.8434000000031006	[0.10674832 1.05814983 0.09754824]
2.8434100000031006	[0.10657498 1.0583385  0.09738915]
2.8434200000031007	[0.10640159 1.05852716 0.09723001]
2.8434300000031008	[0.10622816 1.0587158  0.09707083]
2.843440000003101	[0.10605468 1.05890443 0.09691161]
2.843450000003101	[0.10588116 1.05909304 0.09675236]
2.843460000003101	[0.1057076  1.05928164 0.09659305]
2.843470000003101	[0.10553398 1.05947022 0.09643371]
2.843480000003101	[0.10536033 1.05965879 0.09627433]
2.843490000003101	[0.10518663 1.05984734 0.0961149 ]
2.843500000003101	[0.10501288 1.06003588 0.09595544]
2.8435100000031013	[0.10483909 1.0602244  0.09579593]
2.8435200000031013	[0.10466525 1.06041291 0.09563639]
2.8435300000031014	[0.10449138 1.0606014  0.0954768 ]
2.8435400000031015	[0.10431745 1.06078987 0.09531717]
2.8435500000031015	[0.10414348 1.06097833 0.0951575 ]
2.8435600000031016	[0.10396947 1.06116677 0.09499779]
2.8435700000031017	[0.10379542 1.0613552  0.09483804]
2.8435800000031017	[0.10362131 1.0615436  0.09467825]
2.843590000003102	[0.10344717 1.06173199 0.09451842]
2.843600000003102	[0.10327298 1.06192037 0.09435855]
2.843610000003102	[0.10309875 1.06210872 0.09419864]
2.843620000003102	[0.10292448 1.06229706 0.09403869]
2.843630000003102	[0.10275016 1.06248538 0.0938787 ]
2.843640000003102	[0.1025758  1.06267368 0.09371867]
2.843650000003102	[0.10240139 1.06286196 0.0935586 ]
2.8436600000031023	[0.10222695 1.06305022 0.09339849]
2.8436700000031023	[0.10205246 1.06323847 0.09323834]
2.8436800000031024	[0.10187792 1.06342669 0.09307816]
2.8436900000031025	[0.10170335 1.06361489 0.09291793]
2.8437000000031025	[0.10152876 1.06380305 0.0927577 ]
2.8437100000031026	[0.10135407 1.06399124 0.09259736]
2.8437200000031027	[0.10117936 1.06417939 0.09243702]
2.8437300000031027	[0.10100462 1.06436751 0.09227664]
2.843740000003103	[0.10082983 1.06455561 0.09211621]
2.843750000003103	[0.10065499 1.06474369 0.09195575]
2.843760000003103	[0.10048012 1.06493175 0.09179525]
2.843770000003103	[0.1003052  1.06511978 0.09163472]
2.843780000003103	[0.10013025 1.0653078  0.09147414]
2.843790000003103	[0.09995525 1.06549579 0.09131352]
2.843800000003103	[0.0997802  1.06568376 0.09115287]
2.8438100000031032	[0.09960512 1.06587171 0.09099218]
2.8438200000031033	[0.09943    1.06605963 0.09083145]
2.8438300000031034	[0.09925483 1.06624753 0.09067068]
2.8438400000031034	[0.09907962 1.0664354  0.09050988]
2.8438500000031035	[0.09890437 1.06662326 0.09034903]
2.8438600000031036	[0.09872908 1.06681108 0.09018815]
2.8438700000031036	[0.09855375 1.06699888 0.09002723]
2.8438800000031037	[0.09837838 1.06718666 0.08986628]
2.8438900000031038	[0.09820296 1.06737442 0.08970528]
2.843900000003104	[0.09802751 1.06756214 0.08954425]
2.843910000003104	[0.09785201 1.06774984 0.08938318]
2.843920000003104	[0.09767648 1.06793752 0.08922207]
2.843930000003104	[0.0975009  1.06812517 0.08906093]
2.843940000003104	[0.09732528 1.06831279 0.08889975]
2.843950000003104	[0.09714963 1.06850039 0.08873854]
2.8439600000031042	[0.09697393 1.06868796 0.08857728]
2.8439700000031043	[0.09679819 1.0688755  0.08841599]
2.8439800000031044	[0.09662242 1.06906301 0.08825467]
2.8439900000031044	[0.0964466  1.06925049 0.0880933 ]
2.8440000000031045	[0.09627074 1.06943795 0.0879319 ]
2.8440100000031046	[0.09609485 1.06962538 0.08777047]
2.8440200000031046	[0.09591891 1.06981278 0.087609  ]
2.8440300000031047	[0.09574294 1.07000015 0.08744749]
2.8440400000031048	[0.09556693 1.07018749 0.08728595]
2.844050000003105	[0.09539088 1.0703748  0.08712437]
2.844060000003105	[0.09521478 1.07056208 0.08696276]
2.844070000003105	[0.09503866 1.07074932 0.08680111]
2.844080000003105	[0.09486249 1.07093654 0.08663942]
2.844090000003105	[0.09468628 1.07112373 0.0864777 ]
2.844100000003105	[0.09451004 1.07131088 0.08631595]
2.844110000003105	[0.09433375 1.071498   0.08615416]
2.8441200000031053	[0.09415743 1.07168509 0.08599233]
2.8441300000031053	[0.09398107 1.07187215 0.08583047]
2.8441400000031054	[0.09380468 1.07205917 0.08566858]
2.8441500000031055	[0.09362824 1.07224616 0.08550665]
2.8441600000031055	[0.09345177 1.07243312 0.08534468]
2.8441700000031056	[0.09327526 1.07262004 0.08518269]
2.8441800000031057	[0.09309871 1.07280693 0.08502065]
2.8441900000031057	[0.09292213 1.07299378 0.08485859]
2.844200000003106	[0.0927455  1.07318059 0.08469649]
2.844210000003106	[0.09256884 1.07336738 0.08453435]
2.844220000003106	[0.09239201 1.07355405 0.08437206]
2.844230000003106	[0.09221542 1.07374082 0.08420999]
2.844240000003106	[0.09203865 1.07392749 0.08404775]
2.844250000003106	[0.09186185 1.07411412 0.08388549]
2.844260000003106	[0.091685   1.07430072 0.08372318]
2.8442700000031063	[0.09150813 1.07448728 0.08356085]
2.8442800000031063	[0.09133121 1.0746738  0.08339848]
2.8442900000031064	[0.09115426 1.07486028 0.08323608]
2.8443000000031065	[0.09097727 1.07504672 0.08307364]
2.8443100000031065	[0.09080025 1.07523313 0.08291117]
2.8443200000031066	[0.09062319 1.07541949 0.08274867]
2.8443300000031067	[0.0904461  1.07560582 0.08258614]
2.8443400000031067	[0.09026897 1.0757921  0.08242358]
2.844350000003107	[0.0900918  1.07597834 0.08226098]
2.844360000003107	[0.08991461 1.07616454 0.08209835]
2.844370000003107	[0.08973737 1.0763507  0.08193569]
2.844380000003107	[0.0895601  1.07653681 0.081773  ]
2.844390000003107	[0.08938273 1.07672293 0.08161022]
2.844400000003107	[0.08920546 1.07690891 0.08144752]
2.844410000003107	[0.08902809 1.0770949  0.08128474]
2.8444200000031072	[0.08885069 1.07728084 0.08112192]
2.8444300000031073	[0.08867325 1.07746674 0.08095907]
2.8444400000031074	[0.08849578 1.07765259 0.0807962 ]
2.8444500000031074	[0.08831827 1.07783839 0.08063329]
2.8444600000031075	[0.08814073 1.07802415 0.08047035]
2.8444700000031076	[0.08796316 1.07820987 0.08030738]
2.8444800000031076	[0.08778555 1.07839553 0.08014438]
2.8444900000031077	[0.08760792 1.07858115 0.07998135]
2.8445000000031078	[0.08743028 1.07876669 0.07981832]
2.844510000003108	[0.08725254 1.07895225 0.0796552 ]
2.844520000003108	[0.08707481 1.07913772 0.07949208]
2.844530000003108	[0.08689704 1.07932315 0.07932893]
2.844540000003108	[0.08671924 1.07950852 0.07916575]
2.844550000003108	[0.08654141 1.07969385 0.07900255]
2.844560000003108	[0.08636354 1.07987913 0.07883931]
2.8445700000031082	[0.08618565 1.08006435 0.07867604]
2.8445800000031083	[0.08600772 1.08024953 0.07851275]
2.8445900000031084	[0.08582976 1.08043465 0.07834943]
2.8446000000031084	[0.08565177 1.08061972 0.07818607]
2.8446100000031085	[0.08547375 1.08080474 0.07802269]
2.8446200000031086	[0.08529569 1.0809897  0.07785928]
2.8446300000031086	[0.08511761 1.08117461 0.07769585]
2.8446400000031087	[0.08493949 1.08135947 0.07753238]
2.8446500000031087	[0.08476135 1.08154428 0.07736889]
2.844660000003109	[0.08458317 1.08172903 0.07720537]
2.844670000003109	[0.08440497 1.08191372 0.07704182]
2.844680000003109	[0.08422673 1.08209836 0.07687824]
2.844690000003109	[0.0840485  1.08228295 0.07671467]
2.844700000003109	[0.08387017 1.08246747 0.07655101]
2.844710000003109	[0.08369184 1.08265194 0.07638735]
2.844720000003109	[0.08351349 1.08283635 0.07622366]
2.8447300000031093	[0.0833351  1.0830207  0.07605995]
2.8447400000031093	[0.08315669 1.083205   0.07589622]
2.8447500000031094	[0.08297825 1.08338923 0.07573245]
2.8447600000031095	[0.08279978 1.0835734  0.07556866]
2.8447700000031095	[0.08262128 1.08375752 0.07540485]
2.8447800000031096	[0.08244275 1.08394157 0.075241  ]
2.8447900000031097	[0.0822642  1.08412556 0.07507714]
2.8448000000031097	[0.08208562 1.08430949 0.07491324]
2.84481000000311	[0.081907   1.08449336 0.07474933]
2.84482000000311	[0.08172837 1.08467716 0.07458538]
2.84483000000311	[0.0815497  1.0848609  0.07442141]
2.84484000000311	[0.08137101 1.08504457 0.07425742]
2.84485000000311	[0.08119229 1.08522818 0.0740934 ]
2.84486000000311	[0.08101354 1.08541173 0.07392936]
2.84487000000311	[0.08083477 1.08559521 0.07376529]
2.8448800000031103	[0.08065596 1.08577862 0.0736012 ]
2.8448900000031103	[0.08047714 1.08596197 0.07343708]
2.8449000000031104	[0.08029828 1.08614524 0.07327295]
2.8449100000031105	[0.0801194  1.08632845 0.07310878]
2.8449200000031105	[0.0799405  1.08651159 0.0729446 ]
2.8449300000031106	[0.07976157 1.08669467 0.07278039]
2.8449400000031106	[0.07958261 1.08687767 0.07261615]
2.8449500000031107	[0.07940363 1.0870606  0.0724519 ]
2.844960000003111	[0.07922462 1.08724346 0.07228762]
2.844970000003111	[0.07904559 1.08742625 0.07212332]
2.844980000003111	[0.07886654 1.08760897 0.07195899]
2.844990000003111	[0.07868746 1.08779161 0.07179464]
2.845000000003111	[0.07850835 1.08797419 0.07163028]
2.845010000003111	[0.07832922 1.08815669 0.07146589]
2.845020000003111	[0.07815007 1.08833911 0.07130147]
2.8450300000031112	[0.07797089 1.08852146 0.07113704]
2.8450400000031113	[0.07779169 1.08870374 0.07097258]
2.8450500000031114	[0.07761247 1.08888594 0.07080811]
2.8450600000031114	[0.07743322 1.08906806 0.07064361]
2.8450700000031115	[0.07725395 1.0892501  0.07047909]
2.8450800000031116	[0.07707466 1.08943207 0.07031455]
2.8450900000031116	[0.07689535 1.08961396 0.07014999]
2.8451000000031117	[0.07671601 1.08979577 0.06998541]
2.8451100000031118	[0.07653665 1.0899775  0.06982081]
2.845120000003112	[0.07635727 1.09015916 0.06965619]
2.845130000003112	[0.07617787 1.09034073 0.06949156]
2.845140000003112	[0.07599845 1.09052222 0.0693269 ]
2.845150000003112	[0.075819   1.09070362 0.06916222]
2.845160000003112	[0.07563953 1.09088495 0.06899752]
2.845170000003112	[0.07546005 1.09106619 0.06883281]
2.845180000003112	[0.07528054 1.09124734 0.06866807]
2.8451900000031123	[0.07510101 1.09142842 0.06850332]
2.8452000000031124	[0.07492146 1.0916094  0.06833855]
2.8452100000031124	[0.0747419  1.0917903  0.06817376]
2.8452200000031125	[0.07456231 1.09197112 0.06800895]
2.8452300000031125	[0.0743827  1.09215185 0.06784412]
2.8452400000031126	[0.07420307 1.09233248 0.06767928]
2.8452500000031127	[0.07402343 1.09251304 0.06751442]
2.8452600000031127	[0.07384376 1.0926935  0.06734954]
2.845270000003113	[0.07366408 1.09287387 0.06718465]
2.845280000003113	[0.07348438 1.09305415 0.06701973]
2.845290000003113	[0.07330465 1.09323434 0.0668548 ]
2.845300000003113	[0.07312492 1.09341444 0.06668986]
2.845310000003113	[0.07294516 1.09359445 0.0665249 ]
2.845320000003113	[0.07276538 1.09377436 0.06635992]
2.845330000003113	[0.07258559 1.09395418 0.06619493]
2.8453400000031133	[0.0724059  1.0941338  0.06603003]
2.8453500000031133	[0.07222596 1.09431354 0.0658649 ]
2.8453600000031134	[0.07204612 1.09449308 0.06569986]
2.8453700000031135	[0.07186626 1.09467252 0.0655348 ]
2.8453800000031135	[0.07168638 1.09485186 0.06536973]
2.8453900000031136	[0.07150649 1.09503111 0.06520465]
2.8454000000031137	[0.07132658 1.09521025 0.06503955]
2.8454100000031137	[0.07114665 1.0953893  0.06487444]
2.845420000003114	[0.07096671 1.09556825 0.06470931]
2.845430000003114	[0.07078676 1.0957471  0.06454417]
2.845440000003114	[0.07060679 1.09592584 0.06437901]
2.845450000003114	[0.0704268  1.09610449 0.06421385]
2.845460000003114	[0.0702468  1.09628303 0.06404866]
2.845470000003114	[0.07006679 1.09646147 0.06388347]
2.845480000003114	[0.06988676 1.0966398  0.06371826]
2.8454900000031143	[0.06970671 1.09681803 0.06355304]
2.8455000000031143	[0.06952666 1.09699616 0.06338781]
2.8455100000031144	[0.06934659 1.09717418 0.06322257]
2.8455200000031144	[0.06916651 1.09735209 0.06305731]
2.8455300000031145	[0.06898641 1.09752989 0.06289205]
2.8455400000031146	[0.0688063  1.09770759 0.06272677]
2.8455500000031146	[0.06862618 1.09788518 0.06256148]
2.8455600000031147	[0.06844605 1.09806265 0.06239618]
2.8455700000031148	[0.06826591 1.09824002 0.06223087]
2.845580000003115	[0.06808575 1.09841728 0.06206555]
2.845590000003115	[0.06790558 1.09859442 0.06190021]
2.845600000003115	[0.0677254  1.09877145 0.06173487]
2.845610000003115	[0.06754522 1.09894837 0.06156952]
2.845620000003115	[0.06736502 1.09912518 0.06140416]
2.845630000003115	[0.06718481 1.09930187 0.06123879]
2.8456400000031152	[0.06700459 1.09947844 0.06107341]
2.8456500000031153	[0.06682436 1.0996549  0.06090802]
2.8456600000031154	[0.06664412 1.09983124 0.06074263]
2.8456700000031154	[0.06646387 1.10000746 0.06057722]
2.8456800000031155	[0.06628361 1.10018357 0.06041181]
2.8456900000031156	[0.06610335 1.10035955 0.06024639]
2.8457000000031156	[0.06592307 1.10053541 0.06008096]
2.8457100000031157	[0.06574279 1.10071116 0.05991553]
2.8457200000031158	[0.06556249 1.10088678 0.05975009]
2.845730000003116	[0.0653822  1.10106228 0.05958464]
2.845740000003116	[0.0652019  1.10123761 0.05941919]
2.845750000003116	[0.06502158 1.1014129  0.05925372]
2.845760000003116	[0.06484126 1.10158803 0.05908825]
2.845770000003116	[0.06466093 1.10176303 0.05892278]
2.845780000003116	[0.06448059 1.1019379  0.05875729]
2.845790000003116	[0.06430025 1.10211265 0.05859181]
2.8458000000031163	[0.0641199  1.10228726 0.05842632]
2.8458100000031163	[0.06393955 1.10246175 0.05826082]
2.8458200000031164	[0.06375919 1.10263611 0.05809532]
2.8458300000031165	[0.06357882 1.10281034 0.05792981]
2.8458400000031165	[0.06339845 1.10298444 0.0577643 ]
2.8458500000031166	[0.06321808 1.1031584  0.05759878]
2.8458600000031167	[0.0630377  1.10333223 0.05743326]
2.8458700000031167	[0.06285732 1.10350593 0.05726774]
2.845880000003117	[0.06267693 1.10367949 0.05710221]
2.845890000003117	[0.06249654 1.10385292 0.05693668]
2.845900000003117	[0.06231614 1.10402621 0.05677115]
2.845910000003117	[0.06213574 1.10419937 0.05660561]
2.845920000003117	[0.06195534 1.10437238 0.05644007]
2.845930000003117	[0.06177494 1.10454526 0.05627453]
2.845940000003117	[0.06159453 1.104718   0.05610899]
2.8459500000031173	[0.06141412 1.1048906  0.05594345]
2.8459600000031173	[0.06123371 1.10506305 0.0557779 ]
2.8459700000031174	[0.0610533  1.10523537 0.05561235]
2.8459800000031175	[0.06087289 1.10540754 0.05544681]
2.8459900000031175	[0.06069247 1.10557957 0.05528126]
2.8460000000031176	[0.06051206 1.10575145 0.05511571]
2.8460100000031177	[0.06033164 1.10592319 0.05495016]
2.8460200000031177	[0.06015098 1.10609501 0.05478438]
2.846030000003118	[0.05997081 1.10626621 0.05461906]
2.846040000003118	[0.05979039 1.10643751 0.05445351]
2.846050000003118	[0.05960998 1.10660865 0.05428797]
2.846060000003118	[0.05942956 1.10677965 0.05412242]
2.846070000003118	[0.05924915 1.1069505  0.05395688]
2.846080000003118	[0.05906874 1.10712119 0.05379134]
2.846090000003118	[0.05888834 1.10729173 0.0536258 ]
2.8461000000031182	[0.05870793 1.10746212 0.05346026]
2.8461100000031183	[0.05852753 1.10763236 0.05329473]
2.8461200000031184	[0.05834713 1.10780244 0.0531292 ]
2.8461300000031184	[0.05816673 1.10797236 0.05296367]
2.8461400000031185	[0.05798634 1.10814213 0.05279815]
2.8461500000031186	[0.05780595 1.10831174 0.05263263]
2.8461600000031186	[0.05762557 1.10848119 0.05246711]
2.8461700000031187	[0.05744519 1.10865048 0.0523016 ]
2.8461800000031188	[0.05726481 1.10881961 0.05213609]
2.846190000003119	[0.05708444 1.10898858 0.05197059]
2.846200000003119	[0.05690408 1.10915739 0.05180509]
2.846210000003119	[0.05672372 1.10932603 0.0516396 ]
2.846220000003119	[0.05654336 1.10949452 0.05147411]
2.846230000003119	[0.05636301 1.10966283 0.05130863]
2.846240000003119	[0.05618267 1.10983098 0.05114316]
2.8462500000031192	[0.05600234 1.10999896 0.05097769]
2.8462600000031193	[0.05582201 1.11016678 0.05081223]
2.8462700000031194	[0.05564169 1.11033442 0.05064678]
2.8462800000031194	[0.05546137 1.1105019  0.05048133]
2.8462900000031195	[0.05528118 1.11066919 0.05031599]
2.8463000000031196	[0.05510077 1.11083634 0.05015046]
2.8463100000031196	[0.05492048 1.11100331 0.04998503]
2.8463200000031197	[0.0547402  1.11117009 0.04981962]
2.8463300000031198	[0.05455993 1.11133671 0.04965421]
2.84634000000312	[0.05437967 1.11150315 0.04948882]
2.84635000000312	[0.05419942 1.11166941 0.04932343]
2.84636000000312	[0.05401918 1.11183549 0.04915805]
2.84637000000312	[0.05383895 1.1120014  0.04899268]
2.84638000000312	[0.05365873 1.11216713 0.04882732]
2.84639000000312	[0.05347852 1.11233268 0.04866198]
2.84640000000312	[0.05329832 1.11249805 0.04849664]
2.8464100000031203	[0.05311814 1.11266324 0.04833132]
2.8464200000031203	[0.05293797 1.11282824 0.048166  ]
2.8464300000031204	[0.05275781 1.11299306 0.0480007 ]
2.8464400000031205	[0.05257766 1.1131577  0.04783541]
2.8464500000031205	[0.05239752 1.11332216 0.04767013]
2.8464600000031206	[0.0522174  1.11348642 0.04750487]
2.8464700000031207	[0.0520373  1.1136505  0.04733962]
2.8464800000031207	[0.0518572  1.11381439 0.04717438]
2.846490000003121	[0.05167713 1.1139781  0.04700916]
2.846500000003121	[0.05149706 1.11414161 0.04684395]
2.846510000003121	[0.05131702 1.11430493 0.04667875]
2.846520000003121	[0.05113698 1.11446806 0.04651357]
2.846530000003121	[0.05095697 1.114631   0.0463484 ]
2.846540000003121	[0.05077697 1.11479374 0.04618325]
2.846550000003121	[0.05059698 1.11495629 0.04601812]
2.8465600000031213	[0.05041702 1.11511864 0.045853  ]
2.8465700000031213	[0.05023707 1.1152808  0.04568789]
2.8465800000031214	[0.05005714 1.11544276 0.04552281]
2.8465900000031215	[0.04987722 1.11560452 0.04535774]
2.8466000000031215	[0.04969733 1.11576608 0.04519268]
2.8466100000031216	[0.04951745 1.11592743 0.04502765]
2.8466200000031217	[0.04933759 1.11608859 0.04486263]
2.8466300000031217	[0.04915775 1.11624954 0.04469763]
2.846640000003122	[0.04897794 1.11641029 0.04453265]
2.846650000003122	[0.04879814 1.11657084 0.04436768]
2.846660000003122	[0.04861836 1.11673117 0.04420274]
2.846670000003122	[0.0484386  1.11689131 0.04403782]
2.846680000003122	[0.04825886 1.11705123 0.04387291]
2.846690000003122	[0.04807914 1.11721094 0.04370802]
2.846700000003122	[0.04789945 1.11737044 0.04354316]
2.8467100000031222	[0.04771978 1.11752974 0.04337831]
2.8467200000031223	[0.04754012 1.11768882 0.04321349]
2.8467300000031224	[0.0473605  1.11784768 0.04304869]
2.8467400000031224	[0.04718089 1.11800634 0.0428839 ]
2.8467500000031225	[0.04700131 1.11816477 0.04271914]
2.8467600000031226	[0.04682175 1.11832299 0.04255441]
2.8467700000031226	[0.04664222 1.118481   0.04238969]
2.8467800000031227	[0.04646271 1.11863879 0.042225  ]
2.8467900000031228	[0.04628322 1.11879635 0.04206033]
2.846800000003123	[0.04610376 1.1189537  0.04189568]
2.846810000003123	[0.04592433 1.11911082 0.04173106]
2.846820000003123	[0.04574492 1.11926773 0.04156646]
2.846830000003123	[0.04556554 1.11942441 0.04140189]
2.846840000003123	[0.04538619 1.11958086 0.04123734]
2.846850000003123	[0.04520686 1.11973709 0.04107281]
2.8468600000031232	[0.04502755 1.1198931  0.04090832]
2.8468700000031233	[0.04484828 1.12004888 0.04074385]
2.8468800000031234	[0.04466904 1.12020443 0.0405794 ]
2.8468900000031234	[0.04448982 1.12035974 0.04041498]
2.8469000000031235	[0.04431064 1.12051483 0.04025059]
2.8469100000031236	[0.04413148 1.12066969 0.04008622]
2.8469200000031236	[0.04395235 1.12082431 0.03992189]
2.8469300000031237	[0.04377325 1.12097871 0.03975758]
2.8469400000031237	[0.04359419 1.12113286 0.0395933 ]
2.846950000003124	[0.04341515 1.12128678 0.03942905]
2.846960000003124	[0.04323615 1.12144047 0.03926482]
2.846970000003124	[0.04305718 1.12159391 0.03910063]
2.846980000003124	[0.04287823 1.12174712 0.03893647]
2.846990000003124	[0.04269933 1.12190008 0.03877234]
2.847000000003124	[0.04252045 1.12205281 0.03860824]
2.847010000003124	[0.04234161 1.12220529 0.03844416]
2.8470200000031243	[0.0421628  1.12235753 0.03828012]
2.8470300000031243	[0.04198403 1.12250952 0.03811612]
2.8470400000031244	[0.04180529 1.12266127 0.03795214]
2.8470500000031245	[0.04162659 1.12281277 0.0377882 ]
2.8470600000031245	[0.04144792 1.12296403 0.03762429]
2.8470700000031246	[0.04126928 1.12311503 0.03746041]
2.8470800000031247	[0.04109069 1.12326579 0.03729656]
2.8470900000031247	[0.04091213 1.12341629 0.03713276]
2.847100000003125	[0.0407336  1.12356654 0.03696898]
2.847110000003125	[0.04055511 1.12371654 0.03680524]
2.847120000003125	[0.04037666 1.12386628 0.03664153]
2.847130000003125	[0.04019825 1.12401577 0.03647786]
2.847140000003125	[0.04001988 1.124165   0.03631422]
2.847150000003125	[0.03984155 1.12431397 0.03615062]
2.847160000003125	[0.03966325 1.12446269 0.03598706]
2.8471700000031253	[0.039485   1.12461114 0.03582353]
2.8471800000031253	[0.03930678 1.12475933 0.03566004]
2.8471900000031254	[0.03912861 1.12490726 0.03549659]
2.8472000000031255	[0.03895067 1.12505515 0.03533336]
2.8472100000031255	[0.03877236 1.12520235 0.03516978]
2.8472200000031256	[0.03859431 1.12534949 0.03500645]
2.8472300000031256	[0.0384163  1.12549636 0.03484315]
2.8472400000031257	[0.03823834 1.12564297 0.03467989]
2.847250000003126	[0.03806041 1.12578931 0.03451667]
2.847260000003126	[0.03788254 1.12593537 0.03435349]
2.847270000003126	[0.0377047  1.12608117 0.03419036]
2.847280000003126	[0.03752691 1.12622669 0.03402726]
2.847290000003126	[0.03734916 1.12637195 0.0338642 ]
2.847300000003126	[0.03717146 1.12651692 0.03370119]
2.847310000003126	[0.0369938  1.12666163 0.03353822]
2.8473200000031262	[0.03681619 1.12680605 0.03337529]
2.8473300000031263	[0.03663862 1.1269502  0.0332124 ]
2.8473400000031264	[0.0364611  1.12709407 0.03304956]
2.8473500000031264	[0.03628363 1.12723766 0.03288675]
2.8473600000031265	[0.03610621 1.12738097 0.032724  ]
2.8473700000031266	[0.03592883 1.127524   0.03256129]
2.8473800000031266	[0.0357515  1.12766674 0.03239862]
2.8473900000031267	[0.03557422 1.1278092  0.032236  ]
2.8474000000031268	[0.03539699 1.12795137 0.03207342]
2.847410000003127	[0.03521981 1.12809326 0.03191089]
2.847420000003127	[0.03504268 1.12823486 0.0317484 ]
2.847430000003127	[0.0348656  1.12837617 0.03158596]
2.847440000003127	[0.03468857 1.12851719 0.03142357]
2.847450000003127	[0.03451159 1.12865792 0.03126123]
2.847460000003127	[0.03433466 1.12879836 0.03109893]
2.847470000003127	[0.03415779 1.1289385  0.03093669]
2.8474800000031273	[0.03398097 1.12907835 0.03077449]
2.8474900000031274	[0.0338042  1.1292179  0.03061234]
2.8475000000031274	[0.03362748 1.12935716 0.03045024]
2.8475100000031275	[0.03345082 1.12949611 0.03028819]
2.8475200000031275	[0.03327435 1.12963477 0.03012632]
2.8475300000031276	[0.03309766 1.12977315 0.02996423]
2.8475400000031277	[0.03292116 1.1299112  0.02980234]
2.8475500000031277	[0.03274472 1.13004896 0.02964049]
2.847560000003128	[0.03256833 1.13018641 0.0294787 ]
2.847570000003128	[0.03239201 1.13032355 0.02931696]
2.847580000003128	[0.03221574 1.13046039 0.02915527]
2.847590000003128	[0.03203952 1.13059692 0.02899363]
2.847600000003128	[0.03186337 1.13073314 0.02883205]
2.847610000003128	[0.03168727 1.13086906 0.02867053]
2.847620000003128	[0.03151123 1.13100466 0.02850905]
2.8476300000031283	[0.03133526 1.13113995 0.02834764]
2.8476400000031283	[0.03115934 1.13127493 0.02818627]
2.8476500000031284	[0.03098348 1.13140959 0.02802497]
2.8476600000031285	[0.03080769 1.13154394 0.02786372]
2.8476700000031285	[0.03063195 1.13167797 0.02770253]
2.8476800000031286	[0.03045628 1.13181169 0.02754139]
2.8476900000031287	[0.03028067 1.13194508 0.02738031]
2.8477000000031287	[0.03010512 1.13207816 0.02721929]
2.847710000003129	[0.02992963 1.13221091 0.02705833]
2.847720000003129	[0.02975421 1.13234334 0.02689743]
2.847730000003129	[0.02957886 1.13247545 0.02673658]
2.847740000003129	[0.02940356 1.13260724 0.0265758 ]
2.847750000003129	[0.02922834 1.13273869 0.02641508]
2.847760000003129	[0.02905317 1.13286983 0.02625442]
2.847770000003129	[0.02887808 1.13300063 0.02609381]
2.8477800000031293	[0.02870305 1.1331311  0.02593327]
2.8477900000031293	[0.02852809 1.13326125 0.0257728 ]
2.8478000000031294	[0.02835319 1.13339106 0.02561238]
2.8478100000031294	[0.02817837 1.13352054 0.02545203]
2.8478200000031295	[0.02800361 1.13364968 0.02529174]
2.8478300000031296	[0.02782892 1.13377849 0.02513151]
2.8478400000031296	[0.0276543  1.13390696 0.02497135]
2.8478500000031297	[0.02747974 1.1340351  0.02481125]
2.8478600000031298	[0.02730526 1.13416289 0.02465121]
2.84787000000313	[0.02713085 1.13429035 0.02449125]
2.84788000000313	[0.02695651 1.13441747 0.02433134]
2.84789000000313	[0.02678225 1.13454424 0.02417151]
2.84790000000313	[0.02660805 1.13467067 0.02401174]
2.84791000000313	[0.02643393 1.13479675 0.02385203]
2.84792000000313	[0.02625994 1.13492246 0.02369246]
2.8479300000031302	[0.0260859  1.13504788 0.02353283]
2.8479400000031303	[0.025912   1.13517293 0.02337333]
2.8479500000031304	[0.02573817 1.13529762 0.0232139 ]
2.8479600000031304	[0.02556441 1.13542196 0.02305454]
2.8479700000031305	[0.02539074 1.13554595 0.02289525]
2.8479800000031306	[0.02521713 1.13566959 0.02273602]
2.8479900000031306	[0.02504361 1.13579287 0.02257687]
2.8480000000031307	[0.02487016 1.1359158  0.02241779]
2.8480100000031308	[0.02469678 1.13603837 0.02225878]
2.848020000003131	[0.02452349 1.13616059 0.02209985]
2.848030000003131	[0.02435027 1.13628244 0.02194098]
2.848040000003131	[0.02417714 1.13640394 0.02178219]
2.848050000003131	[0.02400408 1.13652507 0.02162347]
2.848060000003131	[0.0238311  1.13664584 0.02146483]
2.848070000003131	[0.02365821 1.13676625 0.02130626]
2.848080000003131	[0.02348539 1.13688629 0.02114776]
2.8480900000031313	[0.02331266 1.13700597 0.02098934]
2.8481000000031313	[0.02314    1.13712528 0.020831  ]
2.8481100000031314	[0.02296743 1.13724423 0.02067273]
2.8481200000031315	[0.02279495 1.1373628  0.02051454]
2.8481300000031315	[0.02262255 1.137481   0.02035643]
2.8481400000031316	[0.02245023 1.13759884 0.02019839]
2.8481500000031317	[0.02227799 1.13771629 0.02004043]
2.8481600000031317	[0.02210585 1.13783338 0.01988256]
2.848170000003132	[0.02193378 1.13795009 0.01972476]
2.848180000003132	[0.0217619  1.13806651 0.01956712]
2.848190000003132	[0.02158991 1.13818239 0.01940939]
2.848200000003132	[0.02141761 1.13829799 0.01925138]
2.848210000003132	[0.02124641 1.13841309 0.01909437]
2.848220000003132	[0.02107479 1.13852791 0.01893697]
2.848230000003132	[0.02090325 1.13864234 0.01877966]
2.8482400000031323	[0.0207318  1.13875639 0.01862242]
2.8482500000031323	[0.02056044 1.13887006 0.01846527]
2.8482600000031324	[0.02038917 1.13898334 0.01830821]
2.8482700000031325	[0.02021799 1.13909623 0.01815122]
2.8482800000031325	[0.02004691 1.13920873 0.01799433]
2.8482900000031326	[0.01987591 1.13932084 0.01783751]
2.8483000000031327	[0.01970501 1.13943256 0.01768078]
2.8483100000031327	[0.0195342  1.13954389 0.01752414]
2.848320000003133	[0.01936354 1.13965432 0.01736764]
2.848330000003133	[0.01919289 1.13976537 0.01721114]
2.848340000003133	[0.01902236 1.13987551 0.01705476]
2.848350000003133	[0.01885193 1.13998525 0.01689846]
2.848360000003133	[0.01868159 1.14009459 0.01674226]
2.848370000003133	[0.01851135 1.14020353 0.01658614]
2.848380000003133	[0.01834121 1.14031208 0.01643011]
2.8483900000031332	[0.01817116 1.14042022 0.01627417]
2.8484000000031333	[0.01800121 1.14052796 0.01611832]
2.8484100000031334	[0.01783136 1.1406353  0.01596256]
2.8484200000031334	[0.01766161 1.14074223 0.0158069 ]
2.8484300000031335	[0.01749196 1.14084876 0.01565132]
2.8484400000031336	[0.01732241 1.14095488 0.01549584]
2.8484500000031336	[0.01715296 1.14106059 0.01534045]
2.8484600000031337	[0.01698361 1.14116589 0.01518515]
2.8484700000031338	[0.01681436 1.14127079 0.01502995]
2.848480000003134	[0.01664521 1.14137527 0.01487484]
2.848490000003134	[0.01647617 1.14147934 0.01471983]
2.848500000003134	[0.01630723 1.14158299 0.01456491]
2.848510000003134	[0.0161384  1.14168623 0.01441009]
2.848520000003134	[0.01596967 1.14178905 0.01425537]
2.848530000003134	[0.01580104 1.14189146 0.01410074]
2.8485400000031342	[0.01563252 1.14199344 0.01394621]
2.8485500000031343	[0.01546411 1.14209501 0.01379177]
2.8485600000031344	[0.0152958  1.14219615 0.01363744]
2.8485700000031344	[0.0151276  1.14229687 0.0134832 ]
2.8485800000031345	[0.01495951 1.14239717 0.01332907]
2.8485900000031346	[0.01479152 1.14249704 0.01317503]
2.8486000000031346	[0.01462365 1.14259648 0.0130211 ]
2.8486100000031347	[0.01445588 1.14269549 0.01286726]
2.8486200000031348	[0.01428822 1.14279408 0.01271353]
2.848630000003135	[0.01412068 1.14289223 0.01255989]
2.848640000003135	[0.01395324 1.14298995 0.01240636]
2.848650000003135	[0.01378592 1.14308724 0.01225294]
2.848660000003135	[0.01361871 1.1431841  0.01209961]
2.848670000003135	[0.01345161 1.14328051 0.01194639]
2.848680000003135	[0.01328462 1.1433765  0.01179328]
2.848690000003135	[0.01311775 1.14347204 0.01164027]
2.8487000000031353	[0.01295099 1.14356715 0.01148736]
2.8487100000031353	[0.01278435 1.14366181 0.01133456]
2.8487200000031354	[0.01261782 1.14375604 0.01118187]
2.8487300000031355	[0.01245141 1.14384982 0.01102928]
2.8487400000031355	[0.01228511 1.14394316 0.0108768 ]
2.8487500000031356	[0.01211894 1.14403606 0.01072443]
2.8487600000031357	[0.01195288 1.14412851 0.01057217]
2.8487700000031357	[0.01178693 1.14422051 0.01042001]
2.848780000003136	[0.01162111 1.14431207 0.01026797]
2.848790000003136	[0.01145541 1.14440318 0.01011604]
2.848800000003136	[0.01128982 1.14449384 0.00996421]
2.848810000003136	[0.01112436 1.14458405 0.0098125 ]
2.848820000003136	[0.01095902 1.14467381 0.0096609 ]
2.848830000003136	[0.0107938  1.14476311 0.00950941]
2.848840000003136	[0.0106287  1.14485196 0.00935804]
2.8488500000031363	[0.01046373 1.14494036 0.00920678]
2.8488600000031363	[0.01029888 1.1450283  0.00905563]
2.8488700000031364	[0.01013415 1.14511578 0.0089046 ]
2.8488800000031365	[0.00996955 1.14520281 0.00875369]
2.8488900000031365	[0.00980508 1.14528937 0.00860289]
2.8489000000031366	[0.00964073 1.14537548 0.0084522 ]
2.8489100000031367	[0.00947651 1.14546112 0.00830164]
2.8489200000031367	[0.00931242 1.14554629 0.00815119]
2.848930000003137	[0.00914846 1.14563101 0.00800086]
2.848940000003137	[0.00898462 1.14571525 0.00785065]
2.848950000003137	[0.00882091 1.14579903 0.00770055]
2.848960000003137	[0.00865734 1.14588234 0.00755058]
2.848970000003137	[0.00849389 1.14596519 0.00740073]
2.848980000003137	[0.00833058 1.14604756 0.007251  ]
2.848990000003137	[0.00816739 1.14612946 0.00710139]
2.8490000000031372	[0.00800434 1.14621088 0.0069519 ]
2.8490100000031373	[0.00784143 1.14629183 0.00680253]
2.8490200000031374	[0.00767864 1.14637231 0.00665329]
2.8490300000031374	[0.00751599 1.1464523  0.00650417]
2.8490400000031375	[0.00735347 1.14653183 0.00635517]
2.8490500000031376	[0.00719109 1.14661087 0.0062063 ]
2.8490600000031376	[0.00702885 1.14668943 0.00605756]
2.8490700000031377	[0.00686674 1.14676751 0.00590894]
2.8490800000031378	[0.00670477 1.14684511 0.00576044]
2.849090000003138	[0.00654293 1.14692222 0.00561207]
2.849100000003138	[0.00638124 1.14699885 0.00546383]
2.849110000003138	[0.00621968 1.147075   0.00531572]
2.849120000003138	[0.00605826 1.14715066 0.00516773]
2.849130000003138	[0.00589698 1.14722583 0.00501988]
2.849140000003138	[0.00573584 1.14730051 0.00487215]
2.8491500000031382	[0.00557484 1.1473747  0.00472455]
2.8491600000031383	[0.00541398 1.1474484  0.00457709]
2.8491700000031384	[0.00525327 1.14752161 0.00442975]
2.8491800000031384	[0.0050927  1.14759433 0.00428255]
2.8491900000031385	[0.00493227 1.14766655 0.00413548]
2.8492000000031386	[0.00477199 1.14773828 0.00398854]
2.8492100000031386	[0.00461185 1.14780951 0.00384173]
2.8492200000031387	[0.00445186 1.14788025 0.00369506]
2.8492300000031388	[0.00429201 1.14795048 0.00354852]
2.849240000003139	[0.00413231 1.14802022 0.00340212]
2.849250000003139	[0.00397275 1.14808945 0.00325586]
2.849260000003139	[0.00381335 1.14815818 0.00310972]
2.849270000003139	[0.00365409 1.14822641 0.00296373]
2.849280000003139	[0.00349498 1.14829414 0.00281788]
2.849290000003139	[0.00333603 1.14836136 0.00267216]
2.849300000003139	[0.00317722 1.14842807 0.00252658]
2.8493100000031393	[0.00301856 1.14849428 0.00238114]
2.8493200000031393	[0.00286006 1.14855998 0.00223584]
2.8493300000031394	[0.00270171 1.14862517 0.00209068]
2.8493400000031395	[0.00254351 1.14868985 0.00194566]
2.8493500000031395	[0.00238546 1.14875401 0.00180078]
2.8493600000031396	[0.00222757 1.14881766 0.00165605]
2.8493700000031397	[0.00206984 1.1488808  0.00151146]
2.8493800000031397	[0.00191226 1.14894343 0.00136701]
2.84939000000314	[0.00175483 1.14900554 0.00122271]
2.84940000000314	[1.59756618e-03 1.14906713e+00 1.07854591e-03]
2.84941000000314	[1.44045717e-03 1.14912820e+00 9.34531124e-04]
2.84942000000314	[1.28350645e-03 1.14918875e+00 7.90662109e-04]
2.84943000000314	[1.12671462e-03 1.14924878e+00 6.46939411e-04]
2.84944000000314	[9.70082322e-04 1.14930830e+00 5.03363630e-04]
2.84945000000314	[8.13610278e-04 1.14936729e+00 3.59935424e-04]
2.8494600000031403	[6.57298916e-04 1.14942575e+00 2.16655179e-04]
2.8494700000031403	[5.01149162e-04 1.14948369e+00 7.35237538e-05]
2.8494800000031404	[ 3.45226861e-04  1.14954142e+00 -6.94049384e-05]
2.8494900000031405	[ 1.8930368e-04  1.1495980e+00 -2.1231931e-04]
2.8495000000031405	[ 3.36726422e-05  1.14965438e+00 -3.54975888e-04]
2.8495100000031406	[-1.21844301e-04  1.14971021e+00 -4.97523272e-04]
2.8495200000031407	[-2.77176871e-04  1.14976552e+00 -6.39902219e-04]
2.8495300000031407	[-4.32344226e-04  1.14982029e+00 -7.82129038e-04]
2.849540000003141	[-5.87345652e-04  1.14987453e+00 -9.24203078e-04]
2.849550000003141	[-7.42180529e-04  1.14992824e+00 -1.06612377e-03]
2.849560000003141	[-8.96848222e-04  1.14998142e+00 -1.20789053e-03]
2.849570000003141	[-1.05134818e-03  1.15003406e+00 -1.34950285e-03]
2.849580000003141	[-0.00120568  1.15008616 -0.00149096]
2.849590000003141	[-0.00135984  1.15013773 -0.00163226]
2.849600000003141	[-0.00151383  1.15018875 -0.00177341]
2.8496100000031412	[-0.00166766  1.15023924 -0.00191439]
2.8496200000031413	[-0.00182131  1.15028919 -0.00205523]
2.8496300000031414	[-0.00197479  1.15033859 -0.0021959 ]
2.8496400000031414	[-0.00212809  1.15038746 -0.00233641]
2.8496500000031415	[-0.00228123  1.15043577 -0.00247677]
2.8496600000031416	[-0.00243419  1.15048355 -0.00261696]
2.8496700000031416	[-0.00258697  1.15053078 -0.002757  ]
2.8496800000031417	[-0.00273958  1.15057746 -0.00289687]
2.8496900000031418	[-0.00289202  1.1506236  -0.00303658]
2.849700000003142	[-0.00304428  1.15066919 -0.00317613]
2.849710000003142	[-0.00319636  1.15071423 -0.00331551]
2.849720000003142	[-0.00334826  1.15075871 -0.00345474]
2.849730000003142	[-0.00349999  1.15080265 -0.00359379]
2.849740000003142	[-0.00365153  1.15084604 -0.00373269]
2.849750000003142	[-0.0038029   1.15088887 -0.00387141]
2.8497600000031422	[-0.00395409  1.15093115 -0.00400998]
2.8497700000031423	[-0.00410509  1.15097288 -0.00414837]
2.8497800000031424	[-0.00425591  1.15101405 -0.0042866 ]
2.8497900000031424	[-0.00440655  1.15105465 -0.00442466]
2.8498000000031425	[-0.00455701  1.15109471 -0.00456254]
2.8498100000031426	[-0.00470728  1.15113421 -0.00470027]
2.8498200000031426	[-0.00485737  1.15117314 -0.00483782]
2.8498300000031427	[-0.00500727  1.15121152 -0.0049752 ]
2.8498400000031427	[-0.00515699  1.15124933 -0.00511241]
2.849850000003143	[-0.00530652  1.15128658 -0.00524944]
2.849860000003143	[-0.00545586  1.15132327 -0.00538631]
2.849870000003143	[-0.00560501  1.15135939 -0.005523  ]
2.849880000003143	[-0.00575398  1.15139494 -0.00565952]
2.849890000003143	[-0.00590276  1.15142993 -0.00579586]
2.849900000003143	[-0.00605135  1.15146435 -0.00593203]
2.849910000003143	[-0.00619974  1.1514982  -0.00606803]
2.8499200000031433	[-0.00634795  1.15153148 -0.00620384]
2.8499300000031433	[-0.00649596  1.15156419 -0.00633949]
2.8499400000031434	[-0.00664378  1.15159633 -0.00647495]
2.8499500000031435	[-0.00679141  1.1516279  -0.00661024]
2.8499600000031435	[-0.00693884  1.15165889 -0.00674535]
2.8499700000031436	[-0.00708608  1.1516893  -0.00688028]
2.8499800000031437	[-0.00723313  1.15171914 -0.00701503]
2.8499900000031437	[-0.00737998  1.15174841 -0.00714959]
2.850000000003144	[-0.00752663  1.15177709 -0.00728398]
2.850010000003144	[-0.00767308  1.1518052  -0.00741819]
2.850020000003144	[-0.00781934  1.15183273 -0.00755222]
2.850030000003144	[-0.0079654   1.15185967 -0.00768606]
2.850040000003144	[-0.00811126  1.15188604 -0.00781972]
2.850050000003144	[-0.00825692  1.15191182 -0.00795319]
2.850060000003144	[-0.00840237  1.15193702 -0.00808648]
2.8500700000031443	[-0.00854763  1.15196164 -0.00821959]
2.8500800000031443	[-0.00869269  1.15198567 -0.00835251]
2.8500900000031444	[-0.00883754  1.15200912 -0.00848524]
2.8501000000031445	[-0.00898219  1.15203198 -0.00861778]
2.8501100000031445	[-0.00912663  1.15205426 -0.00875014]
2.8501200000031446	[-0.00927087  1.15207594 -0.00888231]
2.8501300000031446	[-0.0094149   1.15209704 -0.00901429]
2.8501400000031447	[-0.00955873  1.15211755 -0.00914608]
2.850150000003145	[-0.00970235  1.15213747 -0.00927767]
2.850160000003145	[-0.00984576  1.1521568  -0.00940908]
2.850170000003145	[-0.00998896  1.15217553 -0.0095403 ]
2.850180000003145	[-0.01013195  1.15219367 -0.00967132]
2.850190000003145	[-0.01027474  1.15221122 -0.00980215]
2.850200000003145	[-0.01041731  1.15222817 -0.00993278]
2.850210000003145	[-0.01055967  1.15224453 -0.01006322]
2.8502200000031452	[-0.01070182  1.15226029 -0.01019347]
2.8502300000031453	[-0.01084375  1.15227545 -0.01032352]
2.8502400000031454	[-0.01098548  1.15229002 -0.01045337]
2.8502500000031454	[-0.01112698  1.15230398 -0.01058303]
2.8502600000031455	[-0.01126828  1.15231735 -0.01071249]
2.8502700000031456	[-0.01140935  1.15233011 -0.01084174]
2.8502800000031456	[-0.01155021  1.15234227 -0.01097081]
2.8502900000031457	[-0.01169086  1.15235383 -0.01109967]
2.8503000000031458	[-0.01183128  1.15236479 -0.01122833]
2.850310000003146	[-0.01197149  1.15237514 -0.01135679]
2.850320000003146	[-0.01211148  1.15238489 -0.01148504]
2.850330000003146	[-0.01225125  1.15239403 -0.0116131 ]
2.850340000003146	[-0.0123908   1.15240256 -0.01174095]
2.850350000003146	[-0.01253012  1.15241049 -0.0118686 ]
2.850360000003146	[-0.01266923  1.15241781 -0.01199605]
2.850370000003146	[-0.01280811  1.15242451 -0.01212329]
2.8503800000031463	[-0.01294677  1.15243061 -0.01225032]
2.8503900000031464	[-0.01308521  1.1524361  -0.01237715]
2.8504000000031464	[-0.01322342  1.15244098 -0.01250378]
2.8504100000031465	[-0.0133614   1.15244524 -0.01263019]
2.8504200000031465	[-0.01349916  1.15244889 -0.0127564 ]
2.8504300000031466	[-0.01363669  1.15245193 -0.0128824 ]
2.8504400000031467	[-0.013774    1.15245435 -0.01300819]
2.8504500000031467	[-0.01391107  1.15245616 -0.01313377]
2.850460000003147	[-0.01404792  1.15245735 -0.01325914]
2.850470000003147	[-0.01418454  1.15245793 -0.01338429]
2.850480000003147	[-0.01432092  1.15245789 -0.01350924]
2.850490000003147	[-0.01445708  1.15245723 -0.01363397]
2.850500000003147	[-0.014593    1.15245595 -0.01375849]
2.850510000003147	[-0.01472869  1.15245405 -0.0138828 ]
2.850520000003147	[-0.01486415  1.15245153 -0.01400689]
2.8505300000031473	[-0.01499938  1.15244839 -0.01413076]
2.8505400000031473	[-0.01513436  1.15244462 -0.01425442]
2.8505500000031474	[-0.01526912  1.15244024 -0.01437786]
2.8505600000031475	[-0.01540364  1.15243523 -0.01450109]
2.8505700000031475	[-0.01553792  1.15242959 -0.0146241 ]
2.8505800000031476	[-0.01567196  1.15242333 -0.01474689]
2.8505900000031477	[-0.01580576  1.15241645 -0.01486946]
2.8506000000031477	[-0.01593933  1.15240894 -0.01499181]
2.850610000003148	[-0.01607265  1.1524008  -0.01511394]
2.850620000003148	[-0.01620574  1.15239203 -0.01523585]
2.850630000003148	[-0.01633858  1.15238263 -0.01535754]
2.850640000003148	[-0.01647118  1.15237261 -0.015479  ]
2.850650000003148	[-0.01660354  1.15236195 -0.01560024]
2.850660000003148	[-0.01673566  1.15235067 -0.01572126]
2.850670000003148	[-0.01686753  1.15233875 -0.01584205]
2.8506800000031483	[-0.01699915  1.1523262  -0.01596262]
2.8506900000031483	[-0.01713053  1.15231301 -0.01608296]
2.8507000000031484	[-0.01726167  1.1522992  -0.01620308]
2.8507100000031484	[-0.01739256  1.15228474 -0.01632297]
2.8507200000031485	[-0.0175232   1.15226966 -0.01644263]
2.8507300000031486	[-0.01765359  1.15225394 -0.01656206]
2.8507400000031486	[-0.01778373  1.15223758 -0.01668126]
2.8507500000031487	[-0.01791362  1.15222058 -0.01680023]
2.8507600000031488	[-0.01804326  1.15220295 -0.01691898]
2.850770000003149	[-0.01817265  1.15218468 -0.01703749]
2.850780000003149	[-0.01830179  1.15216578 -0.01715577]
2.850790000003149	[-0.01843067  1.15214623 -0.01727381]
2.850800000003149	[-0.0185593   1.15212604 -0.01739163]
2.850810000003149	[-0.01868768  1.15210522 -0.0175092 ]
2.850820000003149	[-0.0188158   1.15208375 -0.01762655]
2.8508300000031492	[-0.01894366  1.15206164 -0.01774366]
2.8508400000031493	[-0.01907127  1.15203889 -0.01786053]
2.8508500000031494	[-0.01919862  1.15201549 -0.01797717]
2.8508600000031494	[-0.01932571  1.15199145 -0.01809356]
2.8508700000031495	[-0.01945255  1.15196677 -0.01820973]
2.8508800000031496	[-0.01957912  1.15194145 -0.01832565]
2.8508900000031496	[-0.01970543  1.15191547 -0.01844133]
2.8509000000031497	[-0.01983148  1.15188886 -0.01855677]
2.8509100000031498	[-0.01995727  1.15186159 -0.01867197]
2.85092000000315	[-0.0200828   1.15183368 -0.01878693]
2.85093000000315	[-0.02020806  1.15180512 -0.01890165]
2.85094000000315	[-0.02033306  1.15177591 -0.01901612]
2.85095000000315	[-0.02045779  1.15174605 -0.01913035]
2.85096000000315	[-0.02058226  1.15171555 -0.01924434]
2.85097000000315	[-0.02070646  1.15168439 -0.01935808]
2.85098000000315	[-0.0208304   1.15165258 -0.01947158]
2.8509900000031503	[-0.02095406  1.15162012 -0.01958483]
2.8510000000031503	[-0.02107746  1.15158701 -0.01969783]
2.8510100000031504	[-0.02120059  1.15155324 -0.01981059]
2.8510200000031505	[-0.02132345  1.15151882 -0.0199231 ]
2.8510300000031505	[-0.02144604  1.15148375 -0.02003536]
2.8510400000031506	[-0.02156836  1.15144802 -0.02014737]
2.8510500000031507	[-0.02169041  1.15141164 -0.02025913]
2.8510600000031507	[-0.02181218  1.15137461 -0.02037064]
2.851070000003151	[-0.02193368  1.15133691 -0.02048189]
2.851080000003151	[-0.0220549   1.15129856 -0.0205929 ]
2.851090000003151	[-0.02217585  1.15125956 -0.02070365]
2.851100000003151	[-0.02229653  1.15121989 -0.02081415]
2.851110000003151	[-0.02241692  1.15117957 -0.0209244 ]
2.851120000003151	[-0.02253705  1.15113859 -0.02103439]
2.851130000003151	[-0.02265689  1.15109696 -0.02114412]
2.8511400000031513	[-0.02277645  1.15105466 -0.0212536 ]
2.8511500000031513	[-0.02289574  1.1510117  -0.02136282]
2.8511600000031514	[-0.02301474  1.15096809 -0.02147179]
2.8511700000031515	[-0.02313346  1.15092381 -0.02158049]
2.8511800000031515	[-0.0232519   1.15087887 -0.02168894]
2.8511900000031516	[-0.02337006  1.15083327 -0.02179713]
2.8512000000031517	[-0.02348794  1.15078701 -0.02190505]
2.8512100000031517	[-0.02360553  1.15074009 -0.02201272]
2.851220000003152	[-0.02372283  1.1506925  -0.02212012]
2.851230000003152	[-0.02383986  1.15064425 -0.02222726]
2.851240000003152	[-0.02395659  1.15059534 -0.02233414]
2.851250000003152	[-0.02407304  1.15054576 -0.02244076]
2.851260000003152	[-0.0241892   1.15049552 -0.02254711]
2.851270000003152	[-0.02430507  1.15044462 -0.02265319]
2.851280000003152	[-0.02442065  1.15039304 -0.02275901]
2.8512900000031522	[-0.02453594  1.15034081 -0.02286456]
2.8513000000031523	[-0.02465094  1.1502879  -0.02296984]
2.8513100000031524	[-0.02476565  1.15023433 -0.02307486]
2.8513200000031524	[-0.02488006  1.15018009 -0.02317961]
2.8513300000031525	[-0.02499418  1.15012519 -0.02328409]
2.8513400000031526	[-0.02510801  1.15006961 -0.02338829]
2.8513500000031526	[-0.02522154  1.15001337 -0.02349223]
2.8513600000031527	[-0.02533478  1.14995646 -0.0235959 ]
2.8513700000031528	[-0.02544773  1.14989887 -0.02369929]
2.851380000003153	[-0.02556037  1.14984062 -0.02380241]
2.851390000003153	[-0.02567272  1.1497817  -0.02390526]
2.851400000003153	[-0.02578477  1.14972211 -0.02400783]
2.851410000003153	[-0.02589652  1.14966184 -0.02411013]
2.851420000003153	[-0.02600797  1.14960091 -0.02421215]
2.851430000003153	[-0.02611912  1.1495393  -0.0243139 ]
2.8514400000031532	[-0.02622997  1.14947702 -0.02441537]
2.8514500000031533	[-0.02634052  1.14941407 -0.02451656]
2.8514600000031534	[-0.02645076  1.14935044 -0.02461748]
2.8514700000031534	[-0.0265607   1.14928614 -0.02471811]
2.8514800000031535	[-0.02667034  1.14922117 -0.02481847]
2.8514900000031536	[-0.02677967  1.14915553 -0.02491854]
2.8515000000031536	[-0.0268887   1.14908921 -0.02501834]
2.8515100000031537	[-0.02699742  1.14902221 -0.02511785]
2.8515200000031538	[-0.02710583  1.14895454 -0.02521708]
2.851530000003154	[-0.02721393  1.1488862  -0.02531603]
2.851540000003154	[-0.02732173  1.14881718 -0.0254147 ]
2.851550000003154	[-0.02742921  1.14874748 -0.02551308]
2.851560000003154	[-0.02753639  1.14867711 -0.02561117]
2.851570000003154	[-0.02764325  1.14860607 -0.02570898]
2.851580000003154	[-0.02774981  1.14853434 -0.02580651]
2.851590000003154	[-0.02785605  1.14846194 -0.02590374]
2.8516000000031543	[-0.02796198  1.14838886 -0.02600069]
2.8516100000031543	[-0.02806759  1.14831511 -0.02609735]
2.8516200000031544	[-0.02817289  1.14824068 -0.02619372]
2.8516300000031545	[-0.02827787  1.14816557 -0.0262898 ]
2.8516400000031545	[-0.02838254  1.14808978 -0.02638559]
2.8516500000031546	[-0.02848689  1.14801331 -0.02648109]
2.8516600000031547	[-0.02859092  1.14793617 -0.0265763 ]
2.8516700000031547	[-0.02869464  1.14785834 -0.02667121]
2.851680000003155	[-0.02879803  1.14777984 -0.02676583]
2.851690000003155	[-0.02890111  1.14770066 -0.02686016]
2.851700000003155	[-0.02900386  1.14762079 -0.02695419]
2.851710000003155	[-0.02910629  1.14754025 -0.02704793]
2.851720000003155	[-0.0292084   1.14745903 -0.02714137]
2.851730000003155	[-0.02931019  1.14737712 -0.02723451]
2.851740000003155	[-0.02941165  1.14729454 -0.02732736]
2.8517500000031553	[-0.02951279  1.14721127 -0.02741991]
2.8517600000031553	[-0.0296136   1.14712732 -0.02751216]
2.8517700000031554	[-0.02971409  1.1470427  -0.02760411]
2.8517800000031555	[-0.02981425  1.14695739 -0.02769576]
2.8517900000031555	[-0.02991408  1.1468714  -0.02778711]
2.8518000000031556	[-0.03001358  1.14678472 -0.02787815]
2.8518100000031557	[-0.03011276  1.14669737 -0.0279689 ]
2.8518200000031557	[-0.0302116   1.14660933 -0.02805934]
2.851830000003156	[-0.03031012  1.14652061 -0.02814948]
2.851840000003156	[-0.0304083   1.14643121 -0.02823931]
2.851850000003156	[-0.03050615  1.14634112 -0.02832884]
2.851860000003156	[-0.03060367  1.14625036 -0.02841806]
2.851870000003156	[-0.03070085  1.14615891 -0.02850698]
2.851880000003156	[-0.0307977   1.14606677 -0.02859559]
2.851890000003156	[-0.03089422  1.14597396 -0.02868389]
2.8519000000031562	[-0.0309904   1.14588046 -0.02877189]
2.8519100000031563	[-0.03108624  1.14578627 -0.02885957]
2.8519200000031564	[-0.03118175  1.1456914  -0.02894694]
2.8519300000031564	[-0.03127691  1.14559585 -0.02903401]
2.8519400000031565	[-0.03137174  1.14549962 -0.02912076]
2.8519500000031566	[-0.03146623  1.1454027  -0.0292072 ]
2.8519600000031566	[-0.03156038  1.14530509 -0.02929333]
2.8519700000031567	[-0.03165419  1.14520681 -0.02937915]
2.8519800000031568	[-0.03174765  1.14510783 -0.02946465]
2.851990000003157	[-0.03184078  1.14500818 -0.02954983]
2.852000000003157	[-0.03193356  1.14490783 -0.02963471]
2.852010000003157	[-0.032026    1.14480681 -0.02971926]
2.852020000003157	[-0.03211809  1.14470509 -0.0298035 ]
2.852030000003157	[-0.03220983  1.1446027  -0.02988742]
2.852040000003157	[-0.03230123  1.14449962 -0.02997103]
2.8520500000031572	[-0.03239229  1.14439585 -0.03005431]
2.8520600000031573	[-0.03248299  1.1442914  -0.03013728]
2.8520700000031574	[-0.03257335  1.14418626 -0.03021992]
2.8520800000031574	[-0.03266336  1.14408043 -0.03030225]
2.8520900000031575	[-0.03275302  1.14397392 -0.03038425]
2.8521000000031576	[-0.03284232  1.14386673 -0.03046593]
2.8521100000031576	[-0.03293128  1.14375885 -0.03054729]
2.8521200000031577	[-0.03301988  1.14365028 -0.03062833]
2.8521300000031578	[-0.03310813  1.14354103 -0.03070904]
2.852140000003158	[-0.03319603  1.14343109 -0.03078943]
2.852150000003158	[-0.03328357  1.14332047 -0.03086949]
2.852160000003158	[-0.03337076  1.14320916 -0.03094922]
2.852170000003158	[-0.03345759  1.14309717 -0.03102863]
2.852180000003158	[-0.03354407  1.14298449 -0.03110771]
2.852190000003158	[-0.03363018  1.14287112 -0.03118646]
2.852200000003158	[-0.03371594  1.14275707 -0.03126489]
2.8522100000031583	[-0.03380134  1.14264233 -0.03134298]
2.8522200000031583	[-0.03388638  1.14252691 -0.03142074]
2.8522300000031584	[-0.03397106  1.1424108  -0.03149818]
2.8522400000031585	[-0.03405538  1.14229401 -0.03157528]
2.8522500000031585	[-0.03413934  1.14217653 -0.03165205]
2.8522600000031586	[-0.03422293  1.14205836 -0.03172848]
2.8522700000031587	[-0.03430616  1.14193951 -0.03180458]
2.8522800000031587	[-0.03438903  1.14181998 -0.03188035]
2.852290000003159	[-0.03447153  1.14169976 -0.03195578]
2.852300000003159	[-0.03455367  1.14157885 -0.03203088]
2.852310000003159	[-0.03463544  1.14145726 -0.03210564]
2.852320000003159	[-0.03471684  1.14133498 -0.03218006]
2.852330000003159	[-0.03479788  1.14121202 -0.03225415]
2.852340000003159	[-0.03487855  1.14108837 -0.0323279 ]
2.852350000003159	[-0.03495885  1.14096403 -0.03240131]
2.8523600000031593	[-0.03503878  1.14083901 -0.03247438]
2.8523700000031593	[-0.03511833  1.14071331 -0.03254711]
2.8523800000031594	[-0.03519752  1.14058692 -0.0326195 ]
2.8523900000031595	[-0.03527633  1.14045985 -0.03269154]
2.8524000000031595	[-0.03535477  1.14033209 -0.03276325]
2.8524100000031596	[-0.03543284  1.14020365 -0.03283461]
2.8524200000031597	[-0.03551054  1.14007452 -0.03290563]
2.8524300000031597	[-0.03558785  1.13994471 -0.0329763 ]
2.85244000000316	[-0.0356648   1.13981421 -0.03304663]
2.85245000000316	[-0.03574136  1.13968303 -0.03311661]
2.85246000000316	[-0.03581755  1.13955117 -0.03318625]
2.85247000000316	[-0.03589336  1.13941862 -0.03325553]
2.85248000000316	[-0.0359688   1.13928539 -0.03332448]
2.85249000000316	[-0.03604385  1.13915147 -0.03339307]
2.85250000000316	[-0.03611852  1.13901688 -0.03346131]
2.8525100000031602	[-0.03619282  1.13888159 -0.03352921]
2.8525200000031603	[-0.03626673  1.13874563 -0.03359675]
2.8525300000031604	[-0.03634025  1.13860898 -0.03366395]
2.8525400000031604	[-0.0364134   1.13847164 -0.03373079]
2.8525500000031605	[-0.03648616  1.13833363 -0.03379728]
2.8525600000031606	[-0.03655854  1.13819493 -0.03386341]
2.8525700000031606	[-0.03663053  1.13805555 -0.0339292 ]
2.8525800000031607	[-0.03670214  1.13791549 -0.03399462]
2.8525900000031608	[-0.03677335  1.13777475 -0.0340597 ]
2.852600000003161	[-0.03684419  1.13763332 -0.03412441]
2.852610000003161	[-0.03691463  1.13749121 -0.03418877]
2.852620000003161	[-0.03698468  1.13734842 -0.03425278]
2.852630000003161	[-0.03705435  1.13720495 -0.03431642]
2.852640000003161	[-0.03712362  1.1370608  -0.03437971]
2.852650000003161	[-0.03719251  1.13691597 -0.03444264]
2.8526600000031612	[-0.037261    1.13677046 -0.03450521]
2.8526700000031613	[-0.0373291   1.13662426 -0.03456742]
2.8526800000031614	[-0.0373968   1.13647739 -0.03462927]
2.8526900000031614	[-0.03746411  1.13632984 -0.03469075]
2.8527000000031615	[-0.03753103  1.1361816  -0.03475188]
2.8527100000031616	[-0.03759755  1.13603269 -0.03481264]
2.8527200000031616	[-0.03766368  1.1358831  -0.03487304]
2.8527300000031617	[-0.03772941  1.13573283 -0.03493307]
2.8527400000031617	[-0.03779474  1.13558188 -0.03499274]
2.852750000003162	[-0.03785967  1.13543025 -0.03505204]
2.852760000003162	[-0.03792421  1.13527795 -0.03511098]
2.852770000003162	[-0.03798834  1.13512496 -0.03516955]
2.852780000003162	[-0.03805208  1.1349713  -0.03522775]
2.852790000003162	[-0.03811541  1.13481696 -0.03528559]
2.852800000003162	[-0.03817834  1.13466195 -0.03534305]
2.852810000003162	[-0.03824087  1.13450626 -0.03540015]
2.8528200000031623	[-0.038303    1.13434989 -0.03545687]
2.8528300000031623	[-0.03836472  1.13419284 -0.03551323]
2.8528400000031624	[-0.03842604  1.13403512 -0.03556921]
2.8528500000031625	[-0.03848695  1.13387673 -0.03562482]
2.8528600000031625	[-0.03854746  1.13371765 -0.03568006]
2.8528700000031626	[-0.03860756  1.13355791 -0.03573493]
2.8528800000031627	[-0.03866725  1.13339749 -0.03578942]
2.8528900000031627	[-0.03872653  1.13323639 -0.03584354]
2.852900000003163	[-0.03878541  1.13307462 -0.03589728]
2.852910000003163	[-0.03884387  1.13291218 -0.03595065]
2.852920000003163	[-0.03890193  1.13274906 -0.03600364]
2.852930000003163	[-0.03895957  1.13258527 -0.03605625]
2.852940000003163	[-0.03901681  1.13242081 -0.03610848]
2.852950000003163	[-0.03907363  1.13225568 -0.03616034]
2.852960000003163	[-0.03913003  1.13208987 -0.03621182]
2.8529700000031633	[-0.03918603  1.13192339 -0.03626292]
2.8529800000031633	[-0.03924161  1.13175625 -0.03631363]
2.8529900000031634	[-0.03929677  1.13158843 -0.03636397]
2.8530000000031634	[-0.03935152  1.13141994 -0.03641392]
2.8530100000031635	[-0.03940585  1.13125078 -0.0364635 ]
2.8530200000031636	[-0.03945977  1.13108095 -0.03651269]
2.8530300000031636	[-0.03951327  1.13091045 -0.03656149]
2.8530400000031637	[-0.03956635  1.13073928 -0.03660992]
2.8530500000031638	[-0.03961901  1.13056744 -0.03665795]
2.853060000003164	[-0.03967125  1.13039494 -0.03670561]
2.853070000003164	[-0.03972307  1.13022176 -0.03675287]
2.853080000003164	[-0.03977447  1.13004792 -0.03679975]
2.853090000003164	[-0.03982544  1.12987342 -0.03684624]
2.853100000003164	[-0.039876    1.12969824 -0.03689235]
2.853110000003164	[-0.03992613  1.12952241 -0.03693807]
2.8531200000031642	[-0.03997583  1.1293459  -0.03698339]
2.8531300000031643	[-0.04002511  1.12916873 -0.03702833]
2.8531400000031644	[-0.04007397  1.1289909  -0.03707288]
2.8531500000031644	[-0.0401224   1.1288124  -0.03711703]
2.8531600000031645	[-0.0401704   1.12863324 -0.0371608 ]
2.8531700000031646	[-0.04021798  1.12845342 -0.03720417]
2.8531800000031646	[-0.04026513  1.12827293 -0.03724715]
2.8531900000031647	[-0.04031185  1.12809178 -0.03728973]
2.8532000000031648	[-0.04035813  1.12790997 -0.03733192]
2.853210000003165	[-0.04040399  1.12772749 -0.03737372]
2.853220000003165	[-0.04044942  1.12754436 -0.03741512]
2.853230000003165	[-0.04049442  1.12736057 -0.03745613]
2.853240000003165	[-0.04053898  1.12717611 -0.03749673]
2.853250000003165	[-0.04058311  1.126991   -0.03753694]
2.853260000003165	[-0.04062681  1.12680523 -0.03757676]
2.853270000003165	[-0.04067007  1.1266188  -0.03761617]
2.8532800000031653	[-0.0407129   1.12643171 -0.03765519]
2.8532900000031653	[-0.0407553   1.12624396 -0.0376938 ]
2.8533000000031654	[-0.04079725  1.12605556 -0.03773202]
2.8533100000031655	[-0.04083877  1.1258665  -0.03776983]
2.8533200000031655	[-0.04087985  1.12567678 -0.03780725]
2.8533300000031656	[-0.0409205   1.12548641 -0.03784426]
2.8533400000031657	[-0.0409607   1.12529538 -0.03788086]
2.8533500000031657	[-0.04100047  1.1251037  -0.03791707]
2.853360000003166	[-0.0410398   1.12491137 -0.03795287]
2.853370000003166	[-0.04107868  1.12471838 -0.03798827]
2.853380000003166	[-0.04111712  1.12452474 -0.03802326]
2.853390000003166	[-0.04115512  1.12433045 -0.03805784]
2.853400000003166	[-0.04119268  1.1241355  -0.03809202]
2.853410000003166	[-0.0412298   1.12393991 -0.0381258 ]
2.853420000003166	[-0.04126647  1.12374366 -0.03815916]
2.8534300000031663	[-0.04130269  1.12354677 -0.03819212]
2.8534400000031663	[-0.04133848  1.12334922 -0.03822467]
2.8534500000031664	[-0.04137381  1.12315103 -0.03825681]
2.8534600000031665	[-0.0414087   1.12295218 -0.03828853]
2.8534700000031665	[-0.04144314  1.12275269 -0.03831985]
2.8534800000031666	[-0.04147713  1.12255256 -0.03835076]
2.8534900000031667	[-0.04151068  1.12235177 -0.03838126]
2.8535000000031667	[-0.04154377  1.12215034 -0.03841134]
2.853510000003167	[-0.04157642  1.12194827 -0.03844101]
2.853520000003167	[-0.04160861  1.12174555 -0.03847027]
2.853530000003167	[-0.04164036  1.12154219 -0.03849912]
2.853540000003167	[-0.04167165  1.12133818 -0.03852754]
2.853550000003167	[-0.04170248  1.12113353 -0.03855556]
2.853560000003167	[-0.04173287  1.12092824 -0.03858316]
2.853570000003167	[-0.0417628   1.12072231 -0.03861034]
2.8535800000031672	[-0.04179228  1.12051574 -0.0386371 ]
2.8535900000031673	[-0.0418213   1.12030852 -0.03866345]
2.8536000000031674	[-0.04184987  1.12010067 -0.03868938]
2.8536100000031674	[-0.04187798  1.11989218 -0.03871489]
2.8536200000031675	[-0.04190563  1.11968305 -0.03873998]
2.8536300000031676	[-0.04193283  1.11947328 -0.03876466]
2.8536400000031676	[-0.04195957  1.11926288 -0.03878891]
2.8536500000031677	[-0.04198585  1.11905184 -0.03881274]
2.8536600000031678	[-0.04201166  1.11884017 -0.03883614]
2.853670000003168	[-0.04203702  1.11862786 -0.03885913]
2.853680000003168	[-0.04206192  1.11841491 -0.0388817 ]
2.853690000003168	[-0.04208636  1.11820133 -0.03890384]
2.853700000003168	[-0.04211033  1.11798712 -0.03892555]
2.853710000003168	[-0.04213385  1.11777228 -0.03894685]
2.853720000003168	[-0.0421569   1.11755681 -0.03896771]
2.8537300000031682	[-0.04217948  1.1173407  -0.03898815]
2.8537400000031683	[-0.0422016   1.11712397 -0.03900817]
2.8537500000031684	[-0.04222326  1.1169066  -0.03902776]
2.8537600000031684	[-0.04224445  1.11668861 -0.03904692]
2.8537700000031685	[-0.04226517  1.11646998 -0.03906566]
2.8537800000031686	[-0.04228543  1.11625074 -0.03908396]
2.8537900000031686	[-0.04230538  1.11603076 -0.03910198]
2.8538000000031687	[-0.04232452  1.11581034 -0.03911927]
2.8538100000031688	[-0.04234337  1.11558921 -0.03913629]
2.853820000003169	[-0.04236176  1.11536746 -0.03915287]
2.853830000003169	[-0.04237967  1.11514508 -0.03916903]
2.853840000003169	[-0.04239712  1.11492209 -0.03918476]
2.853850000003169	[-0.04241409  1.11469847 -0.03920005]
2.853860000003169	[-0.04243059  1.11447423 -0.03921491]
2.853870000003169	[-0.04244662  1.11424937 -0.03922934]
2.853880000003169	[-0.04246218  1.11402389 -0.03924333]
2.8538900000031693	[-0.04247726  1.11379779 -0.03925689]
2.8539000000031693	[-0.04249187  1.11357107 -0.03927002]
2.8539100000031694	[-0.042506    1.11334373 -0.03928271]
2.8539200000031695	[-0.04251966  1.11311578 -0.03929496]
2.8539300000031695	[-0.04253285  1.11288721 -0.03930678]
2.8539400000031696	[-0.04254555  1.11265803 -0.03931816]
2.8539500000031697	[-0.04255778  1.11242824 -0.0393291 ]
2.8539600000031697	[-0.04256954  1.11219782 -0.0393396 ]
2.85397000000317	[-0.04258041  1.11196671 -0.0393493 ]
2.85398000000317	[-0.04259161  1.11173519 -0.0393593 ]
2.85399000000317	[-0.04260192  1.11150295 -0.03936848]
2.85400000000317	[-0.04261175  1.11127009 -0.03937723]
2.85401000000317	[-0.04262111  1.11103662 -0.03938553]
2.85402000000317	[-0.04262998  1.11080255 -0.0393934 ]
2.85403000000317	[-0.04263837  1.11056786 -0.03940082]
2.8540400000031703	[-0.04264628  1.11033257 -0.0394078 ]
2.8540500000031703	[-0.04265371  1.11009668 -0.03941433]
2.8540600000031704	[-0.04266065  1.10986017 -0.03942042]
2.8540700000031705	[-0.04266711  1.10962307 -0.03942607]
2.8540800000031705	[-0.04267308  1.10938536 -0.03943128]
2.8540900000031706	[-0.04267857  1.10914704 -0.03943604]
2.8541000000031707	[-0.04268358  1.10890812 -0.03944035]
2.8541100000031707	[-0.0426881   1.10866861 -0.03944422]
2.854120000003171	[-0.04269213  1.10842849 -0.03944764]
2.854130000003171	[-0.04269567  1.10818777 -0.03945062]
2.854140000003171	[-0.04269873  1.10794645 -0.03945315]
2.854150000003171	[-0.0427013   1.10770454 -0.03945523]
2.854160000003171	[-0.04270337  1.10746203 -0.03945686]
2.854170000003171	[-0.04270496  1.10721892 -0.03945804]
2.854180000003171	[-0.04270606  1.10697522 -0.03945878]
2.8541900000031712	[-0.04270667  1.10673093 -0.03945906]
2.8542000000031713	[-0.04270679  1.10648604 -0.03945889]
2.8542100000031714	[-0.04270642  1.10624055 -0.03945827]
2.8542200000031714	[-0.04270555  1.10599448 -0.0394572 ]
2.8542300000031715	[-0.04270419  1.10574782 -0.03945568]
2.8542400000031716	[-0.04270234  1.10550056 -0.03945371]
2.8542500000031716	[-0.04269999  1.10525272 -0.03945128]
2.8542600000031717	[-0.04269715  1.10500429 -0.0394484 ]
2.8542700000031718	[-0.04269382  1.10475527 -0.03944507]
2.854280000003172	[-0.04268999  1.10450567 -0.03944128]
2.854290000003172	[-0.04268566  1.10425548 -0.03943704]
2.854300000003172	[-0.04268084  1.10400471 -0.03943234]
2.854310000003172	[-0.04267552  1.10375335 -0.03942718]
2.854320000003172	[-0.0426697   1.10350141 -0.03942157]
2.854330000003172	[-0.04266338  1.10324889 -0.03941551]
2.8543400000031722	[-0.04265657  1.10299579 -0.03940898]
2.8543500000031723	[-0.04264926  1.10274211 -0.039402  ]
2.8543600000031724	[-0.04264144  1.10248785 -0.03939456]
2.8543700000031724	[-0.04263313  1.10223301 -0.03938666]
2.8543800000031725	[-0.04262432  1.1019776  -0.0393783 ]
2.8543900000031726	[-0.042615    1.10172161 -0.03936948]
2.8544000000031726	[-0.04260518  1.10146504 -0.0393602 ]
2.8544100000031727	[-0.04259486  1.1012079  -0.03935046]
2.8544200000031728	[-0.04258404  1.10095018 -0.03934026]
2.854430000003173	[-0.04257272  1.1006919  -0.0393296 ]
2.854440000003173	[-0.04256089  1.10043304 -0.03931848]
2.854450000003173	[-0.04254856  1.10017361 -0.03930689]
2.854460000003173	[-0.04253572  1.09991361 -0.03929484]
2.854470000003173	[-0.04252238  1.09965305 -0.03928233]
2.854480000003173	[-0.04250853  1.09939191 -0.03926936]
2.854490000003173	[-0.04249417  1.09913021 -0.03925592]
2.8545000000031733	[-0.04247931  1.09886795 -0.03924201]
2.8545100000031733	[-0.04246394  1.09860512 -0.03922764]
2.8545200000031734	[-0.04244806  1.09834173 -0.0392128 ]
2.8545300000031735	[-0.04243168  1.09807777 -0.0391975 ]
2.8545400000031735	[-0.04241478  1.09781325 -0.03918173]
2.8545500000031736	[-0.04239738  1.09754818 -0.0391655 ]
2.8545600000031737	[-0.04237947  1.09728254 -0.03914879]
2.8545700000031737	[-0.04236104  1.09701635 -0.03913162]
2.854580000003174	[-0.04234211  1.09674959 -0.03911398]
2.854590000003174	[-0.04232266  1.09648229 -0.03909587]
2.854600000003174	[-0.0423027   1.09621442 -0.0390773 ]
2.854610000003174	[-0.04228223  1.09594601 -0.03905825]
2.854620000003174	[-0.04226125  1.09567704 -0.03903873]
2.854630000003174	[-0.04223975  1.09540752 -0.03901874]
2.854640000003174	[-0.04221774  1.09513745 -0.03899828]
2.8546500000031743	[-0.04219522  1.09486682 -0.03897735]
2.8546600000031743	[-0.04217218  1.09459565 -0.03895595]
2.8546700000031744	[-0.04214863  1.09432393 -0.03893408]
2.8546800000031745	[-0.04212456  1.09405167 -0.03891173]
2.8546900000031745	[-0.04209997  1.09377886 -0.03888891]
2.8547000000031746	[-0.04207487  1.0935055  -0.03886561]
2.8547100000031747	[-0.04204925  1.0932316  -0.03884184]
2.8547200000031747	[-0.04202312  1.09295716 -0.0388176 ]
2.854730000003175	[-0.04199647  1.09268218 -0.03879288]
2.854740000003175	[-0.04196929  1.09240665 -0.03876769]
2.854750000003175	[-0.0419416   1.09213059 -0.03874202]
2.854760000003175	[-0.04191339  1.09185398 -0.03871588]
2.854770000003175	[-0.04188467  1.09157684 -0.03868926]
2.854780000003175	[-0.04185542  1.09129917 -0.03866216]
2.854790000003175	[-0.04182565  1.09102095 -0.03863459]
2.8548000000031752	[-0.04179536  1.09074221 -0.03860653]
2.8548100000031753	[-0.04176455  1.09046293 -0.03857801]
2.8548200000031754	[-0.04173321  1.09018312 -0.038549  ]
2.8548300000031754	[-0.04170136  1.08990278 -0.03851951]
2.8548400000031755	[-0.04166898  1.0896219  -0.03848954]
2.8548500000031756	[-0.04163608  1.0893405  -0.0384591 ]
2.8548600000031756	[-0.04160266  1.08905857 -0.03842817]
2.8548700000031757	[-0.04156871  1.08877612 -0.03839677]
2.8548800000031758	[-0.04153424  1.08849314 -0.03836488]
2.854890000003176	[-0.04149924  1.08820963 -0.03833252]
2.854900000003176	[-0.04146372  1.0879256  -0.03829967]
2.854910000003176	[-0.04142767  1.08764105 -0.03826634]
2.854920000003176	[-0.0413911   1.08735598 -0.03823252]
2.854930000003176	[-0.041354    1.08707039 -0.03819823]
2.854940000003176	[-0.04131637  1.08678428 -0.03816345]
2.8549500000031762	[-0.04127822  1.08649766 -0.03812819]
2.8549600000031763	[-0.04123954  1.08621051 -0.03809244]
2.8549700000031764	[-0.04120033  1.08592286 -0.03805621]
2.8549800000031764	[-0.04116059  1.08563468 -0.0380195 ]
2.8549900000031765	[-0.04112033  1.085346   -0.0379823 ]
2.8550000000031766	[-0.04107953  1.0850568  -0.03794462]
2.8550100000031766	[-0.0410382   1.0847671  -0.03790645]
2.8550200000031767	[-0.04099635  1.08447688 -0.03786779]
2.8550300000031767	[-0.04095396  1.08418616 -0.03782865]
2.855040000003177	[-0.04091104  1.08389493 -0.03778902]
2.855050000003177	[-0.0408676   1.08360319 -0.0377489 ]
2.855060000003177	[-0.04082362  1.08331095 -0.0377083 ]
2.855070000003177	[-0.0407791   1.0830182  -0.03766721]
2.855080000003177	[-0.04073406  1.08272496 -0.03762563]
2.855090000003177	[-0.04068848  1.08243121 -0.03758356]
2.855100000003177	[-0.04064237  1.08213696 -0.037541  ]
2.8551100000031773	[-0.04059572  1.08184221 -0.03749795]
2.8551200000031773	[-0.04054854  1.08154697 -0.03745442]
2.8551300000031774	[-0.04050083  1.08125122 -0.03741039]
2.8551400000031775	[-0.04045258  1.08095499 -0.03736588]
2.8551500000031775	[-0.0404038   1.08065826 -0.03732087]
2.8551600000031776	[-0.04035448  1.08036103 -0.03727537]
2.8551700000031777	[-0.04030463  1.08006332 -0.03722938]
2.8551800000031777	[-0.04025424  1.07976511 -0.0371829 ]
2.855190000003178	[-0.04020331  1.07946641 -0.03713593]
2.855200000003178	[-0.04015184  1.07916723 -0.03708846]
2.855210000003178	[-0.04009984  1.07886756 -0.03704051]
2.855220000003178	[-0.0400473   1.0785674  -0.03699206]
2.855230000003178	[-0.03999423  1.07826676 -0.03694311]
2.855240000003178	[-0.03994061  1.07796563 -0.03689368]
2.855250000003178	[-0.03988646  1.07766403 -0.03684375]
2.8552600000031783	[-0.03983176  1.07736194 -0.03679332]
2.8552700000031783	[-0.03977653  1.07705937 -0.0367424 ]
2.8552800000031784	[-0.03972076  1.07675632 -0.03669099]
2.8552900000031785	[-0.03966445  1.0764528  -0.03663908]
2.8553000000031785	[-0.03960759  1.0761488  -0.03658668]
2.8553100000031786	[-0.0395502   1.07584432 -0.03653378]
2.8553200000031786	[-0.03949227  1.07553938 -0.03648038]
2.8553300000031787	[-0.03943379  1.07523396 -0.03642649]
2.855340000003179	[-0.03937477  1.07492806 -0.0363721 ]
2.855350000003179	[-0.03931521  1.0746217  -0.03631722]
2.855360000003179	[-0.03925511  1.07431487 -0.03626183]
2.855370000003179	[-0.03919447  1.07400757 -0.03620595]
2.855380000003179	[-0.03913328  1.07369981 -0.03614958]
2.855390000003179	[-0.03907155  1.07339158 -0.0360927 ]
2.855400000003179	[-0.03900928  1.07308289 -0.03603533]
2.8554100000031792	[-0.03894646  1.07277373 -0.03597745]
2.8554200000031793	[-0.0388831   1.07246412 -0.03591908]
2.8554300000031794	[-0.03881919  1.07215404 -0.03586021]
2.8554400000031794	[-0.03875474  1.07184351 -0.03580084]
2.8554500000031795	[-0.03868974  1.07153251 -0.03574097]
2.8554600000031796	[-0.0386242   1.07122107 -0.0356806 ]
2.8554700000031796	[-0.03855811  1.07090916 -0.03561973]
2.8554800000031797	[-0.03849148  1.07059681 -0.03555836]
2.8554900000031798	[-0.0384243   1.070284   -0.03549649]
2.85550000000318	[-0.03835657  1.06997074 -0.03543412]
2.85551000000318	[-0.0382883   1.06965703 -0.03537125]
2.85552000000318	[-0.03821948  1.06934287 -0.03530787]
2.85553000000318	[-0.03815011  1.06902827 -0.03524399]
2.85554000000318	[-0.03808019  1.06871322 -0.03517961]
2.85555000000318	[-0.03800972  1.06839772 -0.03511473]
2.85556000000318	[-0.03793871  1.06808178 -0.03504935]
2.8555700000031803	[-0.03786715  1.0677654  -0.03498346]
2.8555800000031804	[-0.03779504  1.06744858 -0.03491707]
2.8555900000031804	[-0.03772237  1.06713132 -0.03485017]
2.8556000000031805	[-0.03764916  1.06681362 -0.03478277]
2.8556100000031805	[-0.0375754   1.06649549 -0.03471487]
2.8556200000031806	[-0.03750109  1.06617692 -0.03464646]
2.8556300000031807	[-0.03742623  1.06585791 -0.03457755]
2.8556400000031807	[-0.03735082  1.06553847 -0.03450814]
2.855650000003181	[-0.03727486  1.0652186  -0.03443822]
2.855660000003181	[-0.03719834  1.06489831 -0.03436779]
2.855670000003181	[-0.03712128  1.06457758 -0.03429686]
2.855680000003181	[-0.03704366  1.06425642 -0.03422542]
2.855690000003181	[-0.03696549  1.06393484 -0.03415348]
2.855700000003181	[-0.03688677  1.06361283 -0.03408103]
2.855710000003181	[-0.0368075   1.0632904  -0.03400807]
2.8557200000031813	[-0.03672767  1.06296754 -0.03393461]
2.8557300000031813	[-0.03664729  1.06264427 -0.03386064]
2.8557400000031814	[-0.03656636  1.06232058 -0.03378617]
2.8557500000031815	[-0.03648488  1.06199646 -0.03371119]
2.8557600000031815	[-0.03640284  1.06167193 -0.03363569]
2.8557700000031816	[-0.03632024  1.06134699 -0.0335597 ]
2.8557800000031817	[-0.0362371   1.06102163 -0.03348319]
2.8557900000031817	[-0.03615339  1.06069585 -0.03340618]
2.855800000003182	[-0.03606914  1.06036967 -0.03332865]
2.855810000003182	[-0.03598433  1.06004307 -0.03325062]
2.855820000003182	[-0.03589896  1.05971607 -0.03317208]
2.855830000003182	[-0.03581304  1.05938866 -0.03309304]
2.855840000003182	[-0.03572656  1.05906084 -0.03301348]
2.855850000003182	[-0.03563953  1.05873261 -0.03293341]
2.855860000003182	[-0.03555194  1.05840399 -0.03285284]
2.8558700000031823	[-0.0354638   1.05807496 -0.03277175]
2.8558800000031823	[-0.0353751   1.05774553 -0.03269016]
2.8558900000031824	[-0.03528584  1.0574157  -0.03260805]
2.8559000000031824	[-0.03519603  1.05708547 -0.03252543]
2.8559100000031825	[-0.03510566  1.05675484 -0.03244231]
2.8559200000031826	[-0.03501473  1.05642382 -0.03235867]
2.8559300000031826	[-0.03492324  1.05609241 -0.03227452]
2.8559400000031827	[-0.0348312   1.0557606  -0.03218987]
2.8559500000031828	[-0.0347386  1.0554284 -0.0321047]
2.855960000003183	[-0.03464544  1.05509581 -0.03201902]
2.855970000003183	[-0.03455172  1.05476284 -0.03193282]
2.855980000003183	[-0.03445745  1.05442947 -0.03184612]
2.855990000003183	[-0.03436262  1.05409572 -0.0317589 ]
2.856000000003183	[-0.03426722  1.05376159 -0.03167118]
2.856010000003183	[-0.03417127  1.05342707 -0.03158294]
2.8560200000031832	[-0.03407476  1.05309217 -0.03149418]
2.8560300000031833	[-0.0339777   1.05275689 -0.03140492]
2.8560400000031834	[-0.03388007  1.05242123 -0.03131514]
2.8560500000031834	[-0.03378188  1.05208519 -0.03122485]
2.8560600000031835	[-0.03368313  1.05174878 -0.03113405]
2.8560700000031836	[-0.03358383  1.05141199 -0.03104274]
2.8560800000031836	[-0.03348396  1.05107483 -0.03095091]
2.8560900000031837	[-0.03338353  1.05073729 -0.03085856]
2.8561000000031838	[-0.03328254  1.05039939 -0.03076571]
2.856110000003184	[-0.033181    1.05006112 -0.03067234]
2.856120000003184	[-0.03307889  1.04972248 -0.03057846]
2.856130000003184	[-0.03297622  1.04938347 -0.03048406]
2.856140000003184	[-0.03287299  1.04904409 -0.03038915]
2.856150000003184	[-0.0327692   1.04870436 -0.03029373]
2.856160000003184	[-0.03266485  1.04836426 -0.03019779]
2.856170000003184	[-0.03255993  1.0480238  -0.03010134]
2.8561800000031843	[-0.03245446  1.04768298 -0.03000437]
2.8561900000031843	[-0.03234842  1.0473418  -0.02990689]
2.8562000000031844	[-0.03224183  1.04700027 -0.02980889]
2.8562100000031845	[-0.03213467  1.04665838 -0.02971038]
2.8562200000031845	[-0.03202695  1.04631613 -0.02961135]
2.8562300000031846	[-0.03191866  1.04597354 -0.02951181]
2.8562400000031847	[-0.03180982  1.04563059 -0.02941175]
2.8562500000031847	[-0.03170041  1.04528729 -0.02931118]
2.856260000003185	[-0.03159044  1.04494365 -0.0292101 ]
2.856270000003185	[-0.0314799   1.04459966 -0.02910849]
2.856280000003185	[-0.03136881  1.04425532 -0.02900637]
2.856290000003185	[-0.03125715  1.04391064 -0.02890374]
2.856300000003185	[-0.03114493  1.04356562 -0.02880059]
2.856310000003185	[-0.03103214  1.04322026 -0.02869692]
2.856320000003185	[-0.0309188   1.04287455 -0.02859274]
2.8563300000031853	[-0.03080489  1.04252851 -0.02848804]
2.8563400000031853	[-0.03069041  1.04218213 -0.02838283]
2.8563500000031854	[-0.03057537  1.04183542 -0.0282771 ]
2.8563600000031855	[-0.03045977  1.04148837 -0.02817085]
2.8563700000031855	[-0.03034361  1.04114099 -0.02806409]
2.8563800000031856	[-0.03022688  1.04079328 -0.02795681]
2.8563900000031857	[-0.03010958  1.04044524 -0.02784901]
2.8564000000031857	[-0.02999173  1.04009687 -0.0277407 ]
2.856410000003186	[-0.02987331  1.03974817 -0.02763187]
2.856420000003186	[-0.02975432  1.03939915 -0.02752252]
2.856430000003186	[-0.02963477  1.03904981 -0.02741266]
2.856440000003186	[-0.02951466  1.03870014 -0.02730228]
2.856450000003186	[-0.02939398  1.03835015 -0.02719138]
2.856460000003186	[-0.02927274  1.03799985 -0.02707997]
2.856470000003186	[-0.02915094  1.03764922 -0.02696804]
2.8564800000031862	[-0.02902857  1.03729828 -0.02685558]
2.8564900000031863	[-0.02890563  1.03694702 -0.02674262]
2.8565000000031864	[-0.02878213  1.03659545 -0.02662913]
2.8565100000031864	[-0.02865807  1.03624356 -0.02651513]
2.8565200000031865	[-0.02853344  1.03589137 -0.02640062]
2.8565300000031866	[-0.02840825  1.03553886 -0.02628558]
2.8565400000031866	[-0.02828249  1.03518605 -0.02617003]
2.8565500000031867	[-0.02815617  1.03483293 -0.02605396]
2.8565600000031868	[-0.02802928  1.03447951 -0.02593737]
2.856570000003187	[-0.02790183  1.03412578 -0.02582026]
2.856580000003187	[-0.02777381  1.03377175 -0.02570264]
2.856590000003187	[-0.02764523  1.03341742 -0.0255845 ]
2.856600000003187	[-0.02751608  1.0330628  -0.02546584]
2.856610000003187	[-0.02738637  1.03270787 -0.02534667]
2.856620000003187	[-0.02725609  1.03235265 -0.02522697]
2.8566300000031872	[-0.02712525  1.03199713 -0.02510676]
2.8566400000031873	[-0.02699385  1.03164132 -0.02498603]
2.8566500000031874	[-0.02686187  1.03128522 -0.02486479]
2.8566600000031874	[-0.02672934  1.03092882 -0.02474302]
2.8566700000031875	[-0.02659623  1.03057214 -0.02462074]
2.8566800000031876	[-0.02646257  1.03021517 -0.02449794]
2.8566900000031876	[-0.02632833  1.02985792 -0.02437462]
2.8567000000031877	[-0.02619354  1.02950038 -0.02425079]
2.8567100000031878	[-0.02605817  1.02914256 -0.02412643]
2.856720000003188	[-0.02592224  1.02878445 -0.02400156]
2.856730000003188	[-0.02578575  1.02842607 -0.02387617]
2.856740000003188	[-0.02564869  1.02806741 -0.02375026]
2.856750000003188	[-0.02551107  1.02770847 -0.02362384]
2.856760000003188	[-0.02537288  1.02734925 -0.0234969 ]
2.856770000003188	[-0.02523413  1.02698976 -0.02336944]
2.856780000003188	[-0.02509481  1.02663    -0.02324146]
2.8567900000031883	[-0.02495492  1.02626997 -0.02311296]
2.8568000000031883	[-0.02481447  1.02590967 -0.02298395]
2.8568100000031884	[-0.02467346  1.02554909 -0.02285442]
2.8568200000031885	[-0.02453188  1.02518826 -0.02272437]
2.8568300000031885	[-0.02438974  1.02482715 -0.0225938 ]
2.8568400000031886	[-0.02424703  1.02446579 -0.02246272]
2.8568500000031887	[-0.02410375  1.02410416 -0.02233112]
2.8568600000031887	[-0.02395992  1.02374227 -0.022199  ]
2.856870000003189	[-0.02381551  1.02338012 -0.02206636]
2.856880000003189	[-0.02367054  1.02301771 -0.02193321]
2.856890000003189	[-0.02352501  1.02265505 -0.02179954]
2.856900000003189	[-0.02337891  1.02229213 -0.02166535]
2.856910000003189	[-0.02323224  1.02192896 -0.02153064]
2.856920000003189	[-0.02308501  1.02156553 -0.02139542]
2.856930000003189	[-0.02293723  1.02120186 -0.02125968]
2.8569400000031893	[-0.02278886  1.02083794 -0.02112342]
2.8569500000031893	[-0.02263994  1.02047377 -0.02098664]
2.8569600000031894	[-0.02249045  1.02010935 -0.02084935]
2.8569700000031895	[-0.0223404   1.01974469 -0.02071154]
2.8569800000031895	[-0.02218979  1.01937979 -0.02057321]
2.8569900000031896	[-0.0220386   1.01901464 -0.02043436]
2.8570000000031897	[-0.02188686  1.01864926 -0.020295  ]
2.8570100000031897	[-0.02173455  1.01828364 -0.02015512]
2.85702000000319	[-0.02158168  1.01791778 -0.02001473]
2.85703000000319	[-0.02142824  1.01755168 -0.01987382]
2.85704000000319	[-0.02127424  1.01718535 -0.01973239]
2.85705000000319	[-0.02111967  1.01681879 -0.01959044]
2.85706000000319	[-0.02096454  1.016452   -0.01944798]
2.85707000000319	[-0.02080885  1.01608498 -0.019305  ]
2.85708000000319	[-0.02065259  1.01571773 -0.01916151]
2.8570900000031902	[-0.02049577  1.01535025 -0.01901749]
2.8571000000031903	[-0.02033839  1.01498255 -0.01887297]
2.8571100000031904	[-0.02018044  1.01461463 -0.01872792]
2.8571200000031904	[-0.02002193  1.01424648 -0.01858236]
2.8571300000031905	[-0.01986286  1.01387812 -0.01843629]
2.8571400000031906	[-0.01970322  1.01350953 -0.0182897 ]
2.8571500000031906	[-0.01954302  1.01314073 -0.01814259]
2.8571600000031907	[-0.01938226  1.01277171 -0.01799497]
2.8571700000031908	[-0.01922093  1.01240248 -0.01784683]
2.857180000003191	[-0.01905904  1.01203303 -0.01769817]
2.857190000003191	[-0.01889659  1.01166338 -0.017549  ]
2.857200000003191	[-0.01873358  1.01129351 -0.01739932]
2.857210000003191	[-0.01857     1.01092343 -0.01724912]
2.857220000003191	[-0.01840584  1.01055314 -0.01709838]
2.857230000003191	[-0.01824117  1.01018266 -0.01694718]
2.8572400000031912	[-0.0180759   1.00981197 -0.01679543]
2.8572500000031913	[-0.01791008  1.00944108 -0.01664318]
2.8572600000031914	[-0.0177437   1.00906998 -0.0164904 ]
2.8572700000031914	[-0.01757675  1.00869869 -0.01633712]
2.8572800000031915	[-0.01740924  1.0083272  -0.01618331]
2.8572900000031916	[-0.01724117  1.00795551 -0.016029  ]
2.8573000000031916	[-0.01707254  1.00758363 -0.01587417]
2.8573100000031917	[-0.01690335  1.00721155 -0.01571883]
2.8573200000031918	[-0.0167336   1.00683929 -0.01556297]
2.857330000003192	[-0.01656329  1.00646683 -0.0154066 ]
2.857340000003192	[-0.01639242  1.00609418 -0.01524972]
2.857350000003192	[-0.01622098  1.00572135 -0.01509232]
2.857360000003192	[-0.01604899  1.00534833 -0.01493441]
2.857370000003192	[-0.01587644  1.00497513 -0.01477599]
2.857380000003192	[-0.01570332  1.00460175 -0.01461705]
2.857390000003192	[-0.01552965  1.00422818 -0.0144576 ]
2.8574000000031923	[-0.01535542  1.00385444 -0.01429764]
2.8574100000031923	[-0.01518063  1.00348051 -0.01413717]
2.8574200000031924	[-0.01500527  1.00310641 -0.01397618]
2.8574300000031925	[-0.01482936  1.00273214 -0.01381468]
2.8574400000031925	[-0.01465289  1.00235769 -0.01365267]
2.8574500000031926	[-0.01447587  1.00198307 -0.01349015]
2.8574600000031927	[-0.0142983   1.00160829 -0.01332713]
2.8574700000031927	[-0.01412014  1.00123332 -0.01316357]
2.857480000003193	[-0.01394143  1.0008582  -0.01299952]
2.857490000003193	[-0.01376217  1.0004829  -0.01283495]
2.857500000003193	[-0.01358235  1.00010745 -0.01266987]
2.857510000003193	[-0.01340197  0.99973183 -0.01250428]
2.857520000003193	[-0.01322104  0.99935605 -0.01233818]
2.857530000003193	[-0.01303955  0.99898011 -0.01217157]
2.857540000003193	[-0.0128575   0.99860401 -0.01200445]
2.8575500000031933	[-0.01267489  0.99822775 -0.01183682]
2.8575600000031933	[-0.01249173  0.99785134 -0.01166868]
2.8575700000031934	[-0.01230801  0.99747477 -0.01150003]
2.8575800000031935	[-0.01212374  0.99709806 -0.01133087]
2.8575900000031935	[-0.01193891  0.99672119 -0.0111612 ]
2.8576000000031936	[-0.01175352  0.99634417 -0.01099102]
2.8576100000031937	[-0.01156757  0.995967   -0.01082033]
2.8576200000031937	[-0.01138108  0.9955897  -0.01064914]
2.857630000003194	[-0.01119403  0.99521224 -0.01047744]
2.857640000003194	[-0.01100642  0.99483464 -0.01030523]
2.857650000003194	[-0.01081826  0.9944569  -0.01013251]
2.857660000003194	[-0.01062955  0.99407902 -0.00995928]
2.857670000003194	[-0.01044028  0.993701   -0.00978555]
2.857680000003194	[-0.01025045  0.99332284 -0.0096113 ]
2.857690000003194	[-0.01006008  0.99294455 -0.00943656]
2.8577000000031942	[-0.00986914  0.99256613 -0.0092613 ]
2.8577100000031943	[-0.00967766  0.99218757 -0.00908554]
2.8577200000031944	[-0.00948562  0.99180888 -0.00890927]
2.8577300000031944	[-0.00929303  0.99143006 -0.00873249]
2.8577400000031945	[-0.00909989  0.99105111 -0.00855521]
2.8577500000031946	[-0.0089062   0.99067204 -0.00837742]
2.8577600000031946	[-0.00871195  0.99029284 -0.00819913]
2.8577700000031947	[-0.00851715  0.98991352 -0.00802034]
2.8577800000031948	[-0.0083218   0.98953408 -0.00784103]
2.857790000003195	[-0.0081259   0.98915452 -0.00766123]
2.857800000003195	[-0.00792945  0.98877484 -0.00748091]
2.857810000003195	[-0.00773245  0.98839504 -0.0073001 ]
2.857820000003195	[-0.0075349   0.98801513 -0.00711878]
2.857830000003195	[-0.0073368   0.9876351  -0.00693695]
2.857840000003195	[-0.00713814  0.98725496 -0.00675462]
2.8578500000031952	[-0.00693894  0.98687471 -0.00657179]
2.8578600000031953	[-0.00673919  0.98649434 -0.00638846]
2.8578700000031954	[-0.00653889  0.98611388 -0.00620462]
2.8578800000031954	[-0.00633804  0.9857333  -0.00602028]
2.8578900000031955	[-0.00613665  0.98535262 -0.00583544]
2.8579000000031956	[-0.0059347   0.98497184 -0.0056501 ]
2.8579100000031956	[-0.00573221  0.98459095 -0.00546425]
2.8579200000031957	[-0.00552917  0.98420996 -0.0052779 ]
2.8579300000031957	[-0.00532558  0.98382888 -0.00509106]
2.857940000003196	[-0.00512144  0.9834477  -0.00490371]
2.857950000003196	[-0.00491676  0.98306642 -0.00471586]
2.857960000003196	[-0.00471153  0.98268505 -0.00452751]
2.857970000003196	[-0.00450576  0.98230358 -0.00433866]
2.857980000003196	[-0.00429944  0.98192202 -0.00414931]
2.857990000003196	[-0.00409257  0.98154038 -0.00395946]
2.858000000003196	[-0.00388516  0.98115864 -0.00376911]
2.8580100000031963	[-0.00367721  0.98077682 -0.00357826]
2.8580200000031963	[-0.00346871  0.98039491 -0.00338691]
2.8580300000031964	[-0.00325966  0.98001292 -0.00319507]
2.8580400000031965	[-0.00305007  0.97963085 -0.00300272]
2.8580500000031965	[-0.00283994  0.9792487  -0.00280988]
2.8580600000031966	[-0.00262927  0.97886646 -0.00261655]
2.8580700000031967	[-0.00241805  0.97848415 -0.00242271]
2.8580800000031967	[-0.00220629  0.97810177 -0.00222838]
2.858090000003197	[-0.00199399  0.9777193  -0.00203355]
2.858100000003197	[-0.00178114  0.97733677 -0.00183822]
2.858110000003197	[-0.00156776  0.97695416 -0.0016424 ]
2.858120000003197	[-0.00135383  0.97657149 -0.00144609]
2.858130000003197	[-0.00113936  0.97618874 -0.00124928]
2.858140000003197	[-9.24356872e-04  9.75805930e-01 -1.05196994e-03]
2.858150000003197	[-7.08808986e-04  9.75423053e-01 -8.54168893e-04]
2.8581600000031973	[-4.92721338e-04  9.75040111e-01 -6.55873548e-04]
2.8581700000031973	[-2.76094274e-04  9.74657107e-01 -4.57084221e-04]
2.8581800000031974	[-5.89281434e-05  9.74274042e-01 -2.57801234e-04]
2.8581900000031975	[ 1.58776746e-04  9.73890918e-01 -5.80248700e-05]
2.8582000000031975	[3.77019936e-04 9.73507736e-01 1.42244450e-04]
2.8582100000031976	[5.95805553e-04 9.73124496e-01 3.43010523e-04]
2.8582200000031976	[8.15120043e-04 9.72741203e-01 5.44260870e-04]
2.8582300000031977	[1.03497622e-03 9.72357856e-01 7.46007301e-04]
2.858240000003198	[1.25536934e-03 9.71974457e-01 9.48245431e-04]
2.858250000003198	[0.00147631 0.97159101 0.00115098]
2.858260000003198	[0.00169777 0.97120751 0.0013542 ]
2.858270000003198	[0.00191977 0.97082397 0.00155791]
2.858280000003198	[0.0021423  0.97044037 0.00176211]
2.858290000003198	[0.00236538 0.97005674 0.0019668 ]
2.858300000003198	[0.00258898 0.96967306 0.00217198]
2.8583100000031982	[0.00281312 0.96928934 0.00237765]
2.8583200000031983	[0.0030378  0.96890558 0.00258381]
2.8583300000031984	[0.00326301 0.96852178 0.00279046]
2.8583400000031984	[0.00348875 0.96813795 0.0029976 ]
2.8583500000031985	[0.00371503 0.96775408 0.00320522]
2.8583600000031986	[0.00394183 0.96737017 0.00341333]
2.8583700000031986	[0.00416917 0.96698624 0.00362193]
2.8583800000031987	[0.00439704 0.96660227 0.00383102]
2.8583900000031988	[0.00462544 0.96621828 0.00404059]
2.858400000003199	[0.00485438 0.96583425 0.00425065]
2.858410000003199	[0.00508384 0.9654502  0.00446119]
2.858420000003199	[0.00531383 0.96506613 0.00467222]
2.858430000003199	[0.00554435 0.96468203 0.00488373]
2.858440000003199	[0.00577541 0.96429791 0.00509573]
2.858450000003199	[0.00600699 0.96391377 0.00530821]
2.858460000003199	[0.00623909 0.96352961 0.00552118]
2.8584700000031993	[0.00647173 0.96314543 0.00573463]
2.8584800000031994	[0.00670489 0.96276124 0.00594856]
2.8584900000031994	[0.00693858 0.96237703 0.00616297]
2.8585000000031995	[0.0071728  0.96199282 0.00637787]
2.8585100000031995	[0.00740754 0.96160859 0.00659325]
2.8585200000031996	[0.00764282 0.96122434 0.00680912]
2.8585300000031997	[0.00787861 0.9608401  0.00702545]
2.8585400000031997	[0.00811493 0.96045584 0.00724227]
2.8585500000032	[0.00835177 0.96007158 0.00745957]
2.8585600000032	[0.00858914 0.95968732 0.00767735]
2.8585700000032	[0.00882703 0.95930305 0.00789561]
2.8585800000032	[0.00906544 0.95891878 0.00811435]
2.8585900000032	[0.00930437 0.95853452 0.00833357]
2.8586000000032	[0.00954383 0.95815025 0.00855327]
2.8586100000032	[0.00978381 0.95776599 0.00877344]
2.8586200000032003	[0.01002431 0.95738174 0.00899409]
2.8586300000032003	[0.01026533 0.95699749 0.00921522]
2.8586400000032004	[0.01050688 0.95661325 0.00943682]
2.8586500000032005	[0.01074894 0.95622902 0.0096589 ]
2.8586600000032005	[0.01099152 0.9558448  0.00988146]
2.8586700000032006	[0.01123462 0.95546059 0.01010449]
2.8586800000032007	[0.01147824 0.9550764  0.010328  ]
2.8586900000032007	[0.01172237 0.95469222 0.01055198]
2.858700000003201	[0.01196703 0.95430806 0.01077643]
2.858710000003201	[0.0122122  0.95392392 0.01100136]
2.858720000003201	[0.01245789 0.9535398  0.01122676]
2.858730000003201	[0.01270409 0.9531557  0.01145263]
2.858740000003201	[0.01295081 0.95277162 0.01167897]
2.858750000003201	[0.01319769 0.95238718 0.01190547]
2.858760000003201	[0.0134462  0.95200387 0.01213345]
2.8587700000032013	[0.0136937  0.95161915 0.01236051]
2.8587800000032013	[0.01394288 0.95123551 0.01258911]
2.8587900000032014	[0.01419217 0.95085157 0.01281781]
2.8588000000032014	[0.01444197 0.95046765 0.01304697]
2.8588100000032015	[0.01469228 0.95008378 0.01327661]
2.8588200000032016	[0.01494311 0.94969994 0.01350671]
2.8588300000032016	[0.01519465 0.94931654 0.01373747]
2.8588400000032017	[0.01544604 0.94893199 0.0139681 ]
2.8588500000032018	[0.01569886 0.94854905 0.01420002]
2.858860000003202	[0.01595148 0.94816499 0.01443177]
2.858870000003202	[0.01620485 0.94778135 0.01466421]
2.858880000003202	[0.01645874 0.94739775 0.01489711]
2.858890000003202	[0.01671314 0.94701419 0.01513049]
2.858900000003202	[0.01696804 0.94663069 0.01536433]
2.858910000003202	[0.01722345 0.94624723 0.01559863]
2.8589200000032022	[0.01747937 0.94586382 0.01583339]
2.8589300000032023	[0.01773579 0.94548046 0.01606862]
2.8589400000032024	[0.01799272 0.94509715 0.01630432]
2.8589500000032024	[0.01825015 0.9447139  0.01654047]
2.8589600000032025	[0.01850809 0.9443307  0.01677709]
2.8589700000032026	[0.01876653 0.94394756 0.01701417]
2.8589800000032026	[0.01902548 0.94356448 0.01725171]
2.8589900000032027	[0.01928493 0.94318146 0.01748971]
2.8590000000032028	[0.01954488 0.9427985  0.01772817]
2.859010000003203	[0.01980534 0.9424156  0.01796709]
2.859020000003203	[0.02006629 0.94203276 0.01820647]
2.859030000003203	[0.02032775 0.94164999 0.01844631]
2.859040000003203	[0.0205897  0.94126729 0.0186866 ]
2.859050000003203	[0.02085216 0.94088466 0.01892735]
2.859060000003203	[0.02111511 0.94050209 0.01916856]
2.859070000003203	[0.02137857 0.9401196  0.01941023]
2.8590800000032033	[0.02164252 0.93973718 0.01965235]
2.8590900000032033	[0.02190697 0.93935484 0.01989493]
2.8591000000032034	[0.02217192 0.93897257 0.02013796]
2.8591100000032035	[0.02243736 0.93859037 0.02038145]
2.8591200000032035	[0.0227033  0.93820826 0.02062539]
2.8591300000032036	[0.02296973 0.93782623 0.02086979]
2.8591400000032037	[0.02323666 0.93744427 0.02111463]
2.8591500000032037	[0.02350408 0.9370624  0.02135993]
2.859160000003204	[0.02377199 0.93668062 0.02160568]
2.859170000003204	[0.0240404  0.93629892 0.02185189]
2.859180000003204	[0.0243093  0.93591731 0.02209854]
2.859190000003204	[0.0245787  0.93553579 0.02234564]
2.859200000003204	[0.02484858 0.93515435 0.0225932 ]
2.859210000003204	[0.02511895 0.93477301 0.0228412 ]
2.859220000003204	[0.02538982 0.93439177 0.02308965]
2.8592300000032043	[0.02566117 0.93401062 0.02333855]
2.8592400000032043	[0.02593301 0.93362956 0.0235879 ]
2.8592500000032044	[0.02620528 0.93324856 0.02383763]
2.8592600000032045	[0.02647817 0.93286773 0.02408794]
2.8592700000032045	[0.02675148 0.93248698 0.02433862]
2.8592800000032046	[0.02702527 0.93210632 0.02458975]
2.8592900000032047	[0.02729955 0.93172576 0.02484133]
2.8593000000032047	[0.02757431 0.93134531 0.02509335]
2.859310000003205	[0.02784956 0.93096497 0.02534582]
2.859320000003205	[0.02812529 0.93058473 0.02559873]
2.859330000003205	[0.02840151 0.93020461 0.02585208]
2.859340000003205	[0.02867821 0.92982459 0.02610587]
2.859350000003205	[0.02895539 0.92944468 0.02636011]
2.859360000003205	[0.02923306 0.92906489 0.02661478]
2.859370000003205	[0.0295112  0.92868521 0.0268699 ]
2.8593800000032052	[0.02978983 0.92830565 0.02712546]
2.8593900000032053	[0.03006894 0.9279262  0.02738146]
2.8594000000032054	[0.03034852 0.92754688 0.02763789]
2.8594100000032054	[0.03062859 0.92716767 0.02789477]
2.8594200000032055	[0.03090913 0.92678859 0.02815208]
2.8594300000032056	[0.03119016 0.92640963 0.02840983]
2.8594400000032056	[0.03147165 0.92603079 0.02866802]
2.8594500000032057	[0.03175357 0.92565234 0.02892659]
2.8594600000032058	[0.03203605 0.92527349 0.02918567]
2.859470000003206	[0.03231898 0.92489503 0.02944516]
2.859480000003206	[0.03260238 0.92451671 0.02970509]
2.859490000003206	[0.03288625 0.92413851 0.02996545]
2.859500000003206	[0.0331706  0.92376045 0.03022625]
2.859510000003206	[0.03345542 0.92338252 0.03048748]
2.859520000003206	[0.03374072 0.92300473 0.03074914]
2.8595300000032062	[0.03402648 0.92262707 0.03101123]
2.8595400000032063	[0.03431272 0.92224956 0.03127375]
2.8595500000032064	[0.03459942 0.92187218 0.03153671]
2.8595600000032064	[0.0348866  0.92149494 0.03180009]
2.8595700000032065	[0.03517424 0.92111785 0.0320639 ]
2.8595800000032066	[0.03546235 0.9207409  0.03232814]
2.8595900000032066	[0.03575093 0.9203641  0.03259281]
2.8596000000032067	[0.03603998 0.91998744 0.03285791]
2.8596100000032068	[0.03632949 0.91961093 0.03312343]
2.859620000003207	[0.03661947 0.91923457 0.03338938]
2.859630000003207	[0.03690991 0.91885837 0.03365575]
2.859640000003207	[0.03720081 0.91848231 0.03392255]
2.859650000003207	[0.03749218 0.91810641 0.03418977]
2.859660000003207	[0.03778402 0.91773066 0.03445742]
2.859670000003207	[0.03807631 0.91735508 0.03472549]
2.859680000003207	[0.03836907 0.91697964 0.03499398]
2.8596900000032073	[0.03866228 0.91660437 0.0352629 ]
2.8597000000032073	[0.03895596 0.91622926 0.03553223]
2.8597100000032074	[0.0392501  0.91585431 0.03580199]
2.8597200000032075	[0.03954469 0.91547953 0.03607216]
2.8597300000032075	[0.03983975 0.91510491 0.03634276]
2.8597400000032076	[0.04013526 0.91473046 0.03661377]
2.8597500000032077	[0.04043123 0.91435617 0.0368852 ]
2.8597600000032077	[0.04072765 0.91398205 0.03715705]
2.859770000003208	[0.04102453 0.91360811 0.03742932]
2.859780000003208	[0.04132186 0.91323433 0.037702  ]
2.859790000003208	[0.04161965 0.91286073 0.0379751 ]
2.859800000003208	[0.04191789 0.9124873  0.03824861]
2.859810000003208	[0.04221659 0.91211405 0.03852254]
2.859820000003208	[0.04251573 0.91174098 0.03879688]
2.859830000003208	[0.04281533 0.91136808 0.03907164]
2.8598400000032083	[0.04311538 0.91099537 0.03934681]
2.8598500000032083	[0.04341588 0.91062283 0.03962239]
2.8598600000032084	[0.04371683 0.91025048 0.03989838]
2.8598700000032085	[0.04401822 0.90987831 0.04017478]
2.8598800000032085	[0.04432007 0.90950633 0.04045159]
2.8598900000032086	[0.04462236 0.90913453 0.04072881]
2.8599000000032087	[0.0449251  0.90876292 0.04100644]
2.8599100000032087	[0.04522829 0.9083915  0.04128448]
2.859920000003209	[0.04553192 0.90802027 0.04156293]
2.859930000003209	[0.04583599 0.90764923 0.04184178]
2.859940000003209	[0.04614051 0.90727839 0.04212104]
2.859950000003209	[0.04644547 0.90690774 0.04240071]
2.859960000003209	[0.04675088 0.90653729 0.04268078]
2.859970000003209	[0.04705672 0.90616703 0.04296125]
2.859980000003209	[0.04736301 0.90579698 0.04324213]
2.8599900000032092	[0.04766974 0.90542712 0.04352341]
2.8600000000032093	[0.04797691 0.90505747 0.04380509]
2.8600100000032094	[0.04828451 0.90468801 0.04408718]
2.8600200000032094	[0.04859256 0.90431876 0.04436966]
2.8600300000032095	[0.04890104 0.90394972 0.04465255]
2.8600400000032096	[0.04920996 0.90358089 0.04493584]
2.8600500000032096	[0.04951931 0.90321226 0.04521952]
2.8600600000032097	[0.0498291  0.90284384 0.04550361]
2.8600700000032098	[0.05013932 0.90247563 0.04578809]
2.86008000000321	[0.05044998 0.90210764 0.04607296]
2.86009000000321	[0.05076107 0.90173986 0.04635824]
2.86010000000321	[0.05107259 0.90137229 0.04664391]
2.86011000000321	[0.05138455 0.90100494 0.04692997]
2.86012000000321	[0.05169693 0.9006378  0.04721643]
2.86013000000321	[0.05200975 0.90027089 0.04750329]
2.8601400000032102	[0.05232299 0.89990419 0.04779053]
2.8601500000032103	[0.05263666 0.89953772 0.04807817]
2.8601600000032104	[0.05295076 0.89917147 0.0483662 ]
2.8601700000032104	[0.05326529 0.89880544 0.04865462]
2.8601800000032105	[0.05358024 0.89843964 0.04894343]
2.8601900000032106	[0.05389562 0.89807406 0.04923263]
2.8602000000032106	[0.05421142 0.89770871 0.04952222]
2.8602100000032107	[0.05452765 0.89734359 0.04981219]
2.8602200000032107	[0.0548443  0.8969787  0.05010256]
2.860230000003211	[0.05516138 0.89661405 0.05039331]
2.860240000003211	[0.05547887 0.89624962 0.05068444]
2.860250000003211	[0.05579679 0.89588543 0.05097597]
2.860260000003211	[0.05611512 0.89552148 0.05126787]
2.860270000003211	[0.05643388 0.89515776 0.05156016]
2.860280000003211	[0.05675306 0.89479428 0.05185284]
2.860290000003211	[0.05707265 0.89443104 0.0521459 ]
2.8603000000032113	[0.05739266 0.89406805 0.05243933]
2.8603100000032113	[0.05771309 0.89370529 0.05273315]
2.8603200000032114	[0.05803393 0.89334278 0.05302735]
2.8603300000032115	[0.05835518 0.89298051 0.05332193]
2.8603400000032115	[0.05867686 0.89261849 0.05361689]
2.8603500000032116	[0.05899894 0.89225671 0.05391223]
2.8603600000032117	[0.05932144 0.89189519 0.05420795]
2.8603700000032117	[0.05964435 0.89153391 0.05450404]
2.860380000003212	[0.05996767 0.89117288 0.05480051]
2.860390000003212	[0.0602914  0.89081211 0.05509736]
2.860400000003212	[0.06061555 0.89045159 0.05539458]
2.860410000003212	[0.0609401  0.89009133 0.05569217]
2.860420000003212	[0.06126506 0.88973132 0.05599014]
2.860430000003212	[0.06159042 0.88937157 0.05628848]
2.860440000003212	[0.0619162  0.88901207 0.05658719]
2.8604500000032123	[0.06224237 0.88865284 0.05688628]
2.8604600000032123	[0.06256896 0.88829387 0.05718573]
2.8604700000032124	[0.06289595 0.88793516 0.05748556]
2.8604800000032125	[0.06322334 0.88757671 0.05778575]
2.8604900000032125	[0.06355113 0.88721853 0.05808631]
2.8605000000032126	[0.06387933 0.88686062 0.05838724]
2.8605100000032126	[0.06420792 0.88650297 0.05868854]
2.8605200000032127	[0.06453692 0.88614559 0.05899021]
2.860530000003213	[0.06486632 0.88578848 0.05929224]
2.860540000003213	[0.06519611 0.88543164 0.05959463]
2.860550000003213	[0.06552631 0.88507508 0.05989739]
2.860560000003213	[0.0658569  0.88471878 0.06020051]
2.860570000003213	[0.06618788 0.88436277 0.060504  ]
2.860580000003213	[0.06651927 0.88400703 0.06080784]
2.860590000003213	[0.06685104 0.88365156 0.06111205]
2.8606000000032132	[0.06718321 0.88329638 0.06141662]
2.8606100000032133	[0.06751578 0.88294147 0.06172155]
2.8606200000032134	[0.06784873 0.88258685 0.06202683]
2.8606300000032134	[0.06818208 0.88223251 0.06233248]
2.8606400000032135	[0.06851582 0.88187845 0.06263848]
2.8606500000032136	[0.06884995 0.88152467 0.06294484]
2.8606600000032136	[0.06918446 0.88117119 0.06325156]
2.8606700000032137	[0.06951937 0.88081799 0.06355863]
2.8606800000032138	[0.06985466 0.88046507 0.06386605]
2.860690000003214	[0.07019034 0.88011245 0.06417383]
2.860700000003214	[0.0705264  0.87976012 0.06448196]
2.860710000003214	[0.07086285 0.87940808 0.06479045]
2.860720000003214	[0.07119969 0.87905634 0.06509928]
2.860730000003214	[0.0715369  0.87870489 0.06540847]
2.860740000003214	[0.0718745  0.87835373 0.06571801]
2.860750000003214	[0.07221249 0.87800287 0.06602789]
2.8607600000032143	[0.07255085 0.87765231 0.06633813]
2.8607700000032144	[0.07288959 0.87730205 0.06664871]
2.8607800000032144	[0.07322871 0.87695209 0.06695964]
2.8607900000032145	[0.07356821 0.87660244 0.06727091]
2.8608000000032145	[0.07390809 0.87625308 0.06758253]
2.8608100000032146	[0.07424834 0.87590403 0.0678945 ]
2.8608200000032147	[0.07458897 0.87555529 0.06820681]
2.8608300000032147	[0.07492998 0.87520685 0.06851946]
2.860840000003215	[0.07527136 0.87485872 0.06883246]
2.860850000003215	[0.07561311 0.8745109  0.0691458 ]
2.860860000003215	[0.0759553  0.87416349 0.06945953]
2.860870000003215	[0.07629773 0.8738162  0.06977349]
2.860880000003215	[0.07664059 0.87346931 0.07008785]
2.860890000003215	[0.07698383 0.87312274 0.07040254]
2.860900000003215	[0.07732744 0.87277648 0.07071758]
2.8609100000032153	[0.07767142 0.87243054 0.07103295]
2.8609200000032153	[0.07801576 0.87208492 0.07134866]
2.8609300000032154	[0.07836047 0.87173961 0.0716647 ]
2.8609400000032155	[0.07870555 0.87139463 0.07198108]
2.8609500000032155	[0.07905099 0.87104996 0.0722978 ]
2.8609600000032156	[0.0793968  0.87070562 0.07261484]
2.8609700000032157	[0.07974296 0.8703616  0.07293222]
2.8609800000032157	[0.0800895  0.8700179  0.07324993]
2.860990000003216	[0.08043639 0.86967453 0.07356798]
2.861000000003216	[0.08078364 0.86933149 0.07388635]
2.861010000003216	[0.08113126 0.86898877 0.07420505]
2.861020000003216	[0.08147923 0.86864639 0.07452408]
2.861030000003216	[0.08182756 0.86830433 0.07484344]
2.861040000003216	[0.08217625 0.86796261 0.07516312]
2.861050000003216	[0.0825253  0.86762121 0.07548313]
2.8610600000032163	[0.0828747  0.86728015 0.07580347]
2.8610700000032163	[0.08322445 0.86693943 0.07612413]
2.8610800000032164	[0.08357456 0.86659904 0.07644511]
2.8610900000032164	[0.08392502 0.86625899 0.07676642]
2.8611000000032165	[0.08427584 0.86591928 0.07708805]
2.8611100000032166	[0.084627  0.8655799 0.07741  ]
2.8611200000032166	[0.08497852 0.86524087 0.07773227]
2.8611300000032167	[0.08533039 0.86490218 0.07805487]
2.8611400000032168	[0.0856826  0.86456383 0.07837778]
2.861150000003217	[0.08603516 0.86422582 0.07870101]
2.861160000003217	[0.08638807 0.86388817 0.07902456]
2.861170000003217	[0.08674133 0.86355085 0.07934842]
2.861180000003217	[0.08709493 0.86321389 0.0796726 ]
2.861190000003217	[0.08744888 0.86287727 0.0799971 ]
2.861200000003217	[0.08780317 0.862541   0.08032191]
2.8612100000032172	[0.0881578  0.86220508 0.08064703]
2.8612200000032173	[0.08851277 0.86186952 0.08097247]
2.8612300000032174	[0.08886809 0.86153431 0.08129821]
2.8612400000032174	[0.08922375 0.86119945 0.08162427]
2.8612500000032175	[0.08957974 0.86086494 0.08195064]
2.8612600000032176	[0.08993607 0.8605308  0.08227732]
2.8612700000032176	[0.09029274 0.86019701 0.08260431]
2.8612800000032177	[0.09064975 0.85986358 0.08293161]
2.8612900000032178	[0.09100709 0.85953051 0.08325921]
2.861300000003218	[0.09136477 0.8591978  0.08358712]
2.861310000003218	[0.09172279 0.85886545 0.08391534]
2.861320000003218	[0.09208113 0.85853346 0.08424386]
2.861330000003218	[0.09243981 0.85820184 0.08457269]
2.861340000003218	[0.09279882 0.85787058 0.08490182]
2.861350000003218	[0.09315816 0.85753969 0.08523125]
2.861360000003218	[0.09351783 0.85720917 0.08556098]
2.8613700000032183	[0.09387782 0.85687901 0.08589101]
2.8613800000032183	[0.09423815 0.85654923 0.08622135]
2.8613900000032184	[0.0945988  0.85621981 0.08655198]
2.8614000000032185	[0.09495978 0.85589077 0.08688291]
2.8614100000032185	[0.09532109 0.8555621  0.08721414]
2.8614200000032186	[0.09568272 0.8552338  0.08754566]
2.8614300000032187	[0.09604467 0.85490588 0.08787749]
2.8614400000032187	[0.09640694 0.85457833 0.0882096 ]
2.861450000003219	[0.09676954 0.85425117 0.08854201]
2.861460000003219	[0.09713246 0.85392438 0.08887472]
2.861470000003219	[0.09749569 0.85359796 0.08920771]
2.861480000003219	[0.09785925 0.85327193 0.089541  ]
2.861490000003219	[0.09822312 0.85294628 0.08987458]
2.861500000003219	[0.09858731 0.85262102 0.09020845]
2.861510000003219	[0.09895182 0.85229613 0.09054261]
2.8615200000032193	[0.09931664 0.85197163 0.09087706]
2.8615300000032193	[0.09968178 0.85164752 0.09121179]
2.8615400000032194	[0.10004723 0.85132379 0.09154682]
2.8615500000032195	[0.10041299 0.85100045 0.09188212]
2.8615600000032195	[0.10077907 0.8506775  0.09221772]
2.8615700000032196	[0.10114545 0.85035494 0.0925536 ]
2.8615800000032197	[0.10151215 0.85003277 0.09288976]
2.8615900000032197	[0.10187915 0.849711   0.0932262 ]
2.86160000000322	[0.10224646 0.84938962 0.09356293]
2.86161000000322	[0.10261408 0.84906862 0.09389993]
2.86162000000322	[0.10298201 0.84874803 0.09423722]
2.86163000000322	[0.10335019 0.84842767 0.09457475]
2.86164000000322	[0.10371884 0.84810818 0.09491269]
2.86165000000322	[0.10408757 0.84778846 0.09525072]
2.86166000000322	[0.10445682 0.84746977 0.09558921]
2.8616700000032202	[0.10482616 0.84715086 0.09592779]
2.8616800000032203	[0.10519601 0.84683296 0.09626684]
2.8616900000032204	[0.10556594 0.84651485 0.09660597]
2.8617000000032204	[0.1059364  0.84619777 0.09694556]
2.8617100000032205	[0.10630693 0.84588046 0.09728524]
2.8617200000032206	[0.10667793 0.84556403 0.09762534]
2.8617300000032206	[0.10704916 0.84524785 0.09796565]
2.8617400000032207	[0.10742069 0.84493208 0.09830624]
2.8617500000032208	[0.10779252 0.84461671 0.09864709]
2.861760000003221	[0.10816464 0.84430176 0.09898821]
2.861770000003221	[0.10853705 0.84398721 0.0993296 ]
2.861780000003221	[0.10890975 0.84367308 0.09967126]
2.861790000003221	[0.10928274 0.84335936 0.10001319]
2.861800000003221	[0.10965603 0.84304605 0.10035537]
2.861810000003221	[0.1100296  0.84273316 0.10069783]
2.8618200000032212	[0.11040346 0.84242069 0.10104054]
2.8618300000032213	[0.11077761 0.84210863 0.10138352]
2.8618400000032214	[0.11115204 0.84179699 0.10172676]
2.8618500000032214	[0.11152676 0.84148576 0.10207027]
2.8618600000032215	[0.11190176 0.84117496 0.10241403]
2.8618700000032216	[0.11227705 0.84086457 0.10275805]
2.8618800000032216	[0.11265262 0.84055461 0.10310233]
2.8618900000032217	[0.11302847 0.84024507 0.10344687]
2.8619000000032218	[0.1134046  0.83993596 0.10379166]
2.861910000003222	[0.11378101 0.83962727 0.10413671]
2.861920000003222	[0.1141577  0.839319   0.10448202]
2.861930000003222	[0.11453467 0.83901116 0.10482758]
2.861940000003222	[0.11491191 0.83870375 0.10517339]
2.861950000003222	[0.11528943 0.83839676 0.10551946]
2.861960000003222	[0.11566723 0.83809021 0.10586577]
2.861970000003222	[0.1160453  0.83778409 0.10621234]
2.8619800000032223	[0.11642364 0.83747839 0.10655916]
2.8619900000032223	[0.11680226 0.83717313 0.10690623]
2.8620000000032224	[0.11718115 0.8368683  0.10725354]
2.8620100000032225	[0.1175603  0.83656391 0.10760111]
2.8620200000032225	[0.11793973 0.83625995 0.10794892]
2.8620300000032226	[0.11831943 0.83595643 0.10829697]
2.8620400000032227	[0.11869939 0.83565334 0.10864527]
2.8620500000032227	[0.11907962 0.8353507  0.10899382]
2.862060000003223	[0.11946012 0.83504849 0.1093426 ]
2.862070000003223	[0.11984088 0.83474672 0.10969163]
2.862080000003223	[0.1202219  0.83444539 0.1100409 ]
2.862090000003223	[0.12060319 0.83414451 0.11039041]
2.862100000003223	[0.12098474 0.83384406 0.11074017]
2.862110000003223	[0.12136655 0.83354406 0.11109015]
2.862120000003223	[0.12174862 0.83324451 0.11144038]
2.8621300000032233	[0.12213095 0.8329454  0.11179085]
2.8621400000032233	[0.12251352 0.83264674 0.11214153]
2.8621500000032234	[0.12289638 0.83234852 0.11249248]
2.8621600000032235	[0.12327948 0.83205075 0.11284365]
2.8621700000032235	[0.12366284 0.83175343 0.11319506]
2.8621800000032236	[0.12404645 0.83145656 0.11354669]
2.8621900000032237	[0.12443031 0.83116015 0.11389856]
2.8622000000032237	[0.12481443 0.83086418 0.11425066]
2.862210000003224	[0.12519879 0.83056867 0.11460299]
2.862220000003224	[0.12558341 0.83027361 0.11495555]
2.862230000003224	[0.12596828 0.82997901 0.11530834]
2.862240000003224	[0.1263534  0.82968486 0.11566135]
2.862250000003224	[0.12673876 0.82939116 0.11601459]
2.862260000003224	[0.12712437 0.82909794 0.11636806]
2.862270000003224	[0.12751023 0.82880516 0.11672175]
2.8622800000032242	[0.12789633 0.82851285 0.11707567]
2.8622900000032243	[0.12828268 0.82822099 0.11742981]
2.8623000000032244	[0.12866927 0.8279296  0.11778417]
2.8623100000032244	[0.1290561  0.82763866 0.11813875]
2.8623200000032245	[0.12944317 0.82734819 0.11849355]
2.8623300000032246	[0.12983048 0.82705819 0.11884858]
2.8623400000032246	[0.13021803 0.82676865 0.11920382]
2.8623500000032247	[0.13060582 0.82647957 0.11955928]
2.8623600000032248	[0.13099385 0.82619097 0.11991495]
2.862370000003225	[0.13138211 0.82590282 0.12027085]
2.862380000003225	[0.13177061 0.82561515 0.12062696]
2.862390000003225	[0.13215935 0.82532795 0.12098328]
2.862400000003225	[0.13254831 0.82504121 0.12133982]
2.862410000003225	[0.13293751 0.82475495 0.12169657]
2.862420000003225	[0.13332695 0.82446916 0.12205353]
2.8624300000032252	[0.13371661 0.82418384 0.1224107 ]
2.8624400000032253	[0.1341065  0.82389899 0.12276808]
2.8624500000032254	[0.13449662 0.82361462 0.12312568]
2.8624600000032254	[0.13488697 0.82333073 0.12348348]
2.8624700000032255	[0.13527755 0.82304731 0.12384149]
2.8624800000032256	[0.13566835 0.82276436 0.1241997 ]
2.8624900000032256	[0.13605938 0.8224819  0.12455812]
2.8625000000032257	[0.13645063 0.82219991 0.12491675]
2.8625100000032258	[0.13684211 0.8219184  0.12527558]
2.862520000003226	[0.1372338  0.82163738 0.12563461]
2.862530000003226	[0.13762572 0.82135683 0.12599385]
2.862540000003226	[0.13801786 0.82107677 0.12635329]
2.862550000003226	[0.13841022 0.82079718 0.12671292]
2.862560000003226	[0.13880279 0.82051809 0.12707276]
2.862570000003226	[0.13919558 0.82023947 0.1274328 ]
2.862580000003226	[0.13958859 0.81996135 0.12779303]
2.8625900000032263	[0.13998182 0.81968371 0.12815346]
2.8626000000032263	[0.14037524 0.81940659 0.12851408]
2.8626100000032264	[0.14076891 0.81912988 0.12887491]
2.8626200000032265	[0.14116277 0.8188537  0.12923593]
2.8626300000032265	[0.14155685 0.81857802 0.12959713]
2.8626400000032266	[0.14195113 0.81830282 0.12995854]
2.8626500000032267	[0.14234563 0.81802811 0.13032013]
2.8626600000032267	[0.14274033 0.8177539  0.13068192]
2.862670000003227	[0.14313525 0.81748018 0.13104389]
2.862680000003227	[0.14353037 0.81720695 0.13140605]
2.862690000003227	[0.14392569 0.81693422 0.1317684 ]
2.862700000003227	[0.14432123 0.81666193 0.13213095]
2.862710000003227	[0.14471696 0.81639024 0.13249367]
2.862720000003227	[0.14511289 0.81611899 0.13285658]
2.862730000003227	[0.14550903 0.81584825 0.13321968]
2.8627400000032273	[0.14590537 0.815578   0.13358295]
2.8627500000032273	[0.1463019  0.81530825 0.13394642]
2.8627600000032274	[0.14669864 0.815039   0.13431006]
2.8627700000032275	[0.14709558 0.81477025 0.13467388]
2.8627800000032275	[0.14749271 0.814502   0.13503789]
2.8627900000032276	[0.14789003 0.81423426 0.13540207]
2.8628000000032277	[0.14828756 0.81396702 0.13576643]
2.8628100000032277	[0.14868527 0.81370028 0.13613097]
2.862820000003228	[0.14908318 0.81343405 0.13649569]
2.862830000003228	[0.14948128 0.81316832 0.13686058]
2.862840000003228	[0.14987958 0.8129031  0.13722565]
2.862850000003228	[0.15027806 0.81263839 0.13759089]
2.862860000003228	[0.15067673 0.81237418 0.1379563 ]
2.862870000003228	[0.15107559 0.81211048 0.13832188]
2.862880000003228	[0.15147464 0.8118473  0.13868764]
2.8628900000032282	[0.15187388 0.81158462 0.13905357]
2.8629000000032283	[0.1522733  0.81132245 0.13941967]
2.8629100000032284	[0.1526729  0.8110608  0.13978593]
2.8629200000032284	[0.15307266 0.81079965 0.14015234]
2.8629300000032285	[0.15347266 0.81053903 0.14051896]
2.8629400000032286	[0.15387281 0.81027891 0.14088573]
2.8629500000032286	[0.15427314 0.81001931 0.14125266]
2.8629600000032287	[0.15467365 0.80976023 0.14161976]
2.8629700000032288	[0.15507434 0.80950166 0.14198702]
2.862980000003229	[0.15547521 0.80924361 0.14235444]
2.862990000003229	[0.15587626 0.80898608 0.14272202]
2.863000000003229	[0.15627748 0.80872907 0.14308976]
2.863010000003229	[0.15667887 0.80847257 0.14345767]
2.863020000003229	[0.15708044 0.8082166  0.14382573]
2.863030000003229	[0.15748218 0.80796115 0.14419395]
2.8630400000032292	[0.1578842  0.80770645 0.14456241]
2.8630500000032293	[0.15828609 0.8074516  0.14493078]
2.8630600000032294	[0.15868851 0.80719815 0.14529961]
2.8630700000032294	[0.15909084 0.80694458 0.14566837]
2.8630800000032295	[0.15949343 0.80669174 0.14603737]
2.8630900000032296	[0.15989619 0.80643943 0.14640652]
2.8631000000032296	[0.16029911 0.80618764 0.14677582]
2.8631100000032297	[0.1607022  0.80593639 0.14714527]
2.8631200000032297	[0.16110545 0.80568565 0.14751487]
2.86313000000323	[0.16150887 0.80543545 0.14788462]
2.86314000000323	[0.16191245 0.80518577 0.14825452]
2.86315000000323	[0.16231618 0.80493663 0.14862457]
2.86316000000323	[0.16272008 0.80468801 0.14899476]
2.86317000000323	[0.16312414 0.80443992 0.1493651 ]
2.86318000000323	[0.16352836 0.80419237 0.14973558]
2.86319000000323	[0.16393273 0.80394538 0.15010621]
2.8632000000032303	[0.16433726 0.80369886 0.15047697]
2.8632100000032303	[0.16474194 0.8034529  0.15084788]
2.8632200000032304	[0.16514678 0.80320748 0.15121894]
2.8632300000032305	[0.16555177 0.8029626  0.15159013]
2.8632400000032305	[0.16595691 0.80271825 0.15196146]
2.8632500000032306	[0.16636221 0.80247443 0.15233293]
2.8632600000032307	[0.16676765 0.80223115 0.15270453]
2.8632700000032307	[0.16717324 0.80198842 0.15307627]
2.863280000003231	[0.16757899 0.80174622 0.15344815]
2.863290000003231	[0.16798488 0.80150455 0.15382016]
2.863300000003231	[0.16839091 0.80126343 0.15419231]
2.863310000003231	[0.16879709 0.80102285 0.15456459]
2.863320000003231	[0.16920342 0.80078281 0.154937  ]
2.863330000003231	[0.16960989 0.80054331 0.15530954]
2.863340000003231	[0.1700165  0.80030436 0.15568221]
2.8633500000032313	[0.17042325 0.80006593 0.15605501]
2.8633600000032313	[0.17083014 0.79982808 0.15642795]
2.8633700000032314	[0.17123718 0.79959075 0.156801  ]
2.8633800000032315	[0.17164435 0.799354   0.15717419]
2.8633900000032315	[0.17205166 0.79911774 0.1575475 ]
2.8634000000032316	[0.1724591  0.79888206 0.15792093]
2.8634100000032316	[0.17286668 0.79864692 0.15829449]
2.8634200000032317	[0.1732744  0.79841233 0.15866818]
2.863430000003232	[0.17368225 0.79817829 0.15904198]
2.863440000003232	[0.17409023 0.7979448  0.15941591]
2.863450000003232	[0.17449835 0.79771185 0.15978995]
2.863460000003232	[0.17490659 0.79747946 0.16016412]
2.863470000003232	[0.17531497 0.79724762 0.1605384 ]
2.863480000003232	[0.17572347 0.79701633 0.1609128 ]
2.863490000003232	[0.1761321  0.79678559 0.16128732]
2.8635000000032322	[0.17654086 0.79655541 0.16166196]
2.8635100000032323	[0.17694974 0.79632577 0.16203671]
2.8635200000032324	[0.17735875 0.7960967  0.16241157]
2.8635300000032324	[0.17776789 0.79586817 0.16278655]
2.8635400000032325	[0.17817714 0.79564021 0.16316164]
2.8635500000032326	[0.17858652 0.79541279 0.16353684]
2.8635600000032326	[0.17899602 0.79518594 0.16391216]
2.8635700000032327	[0.17940564 0.79495964 0.16428758]
2.8635800000032328	[0.17981538 0.7947339  0.16466311]
2.863590000003233	[0.18022523 0.79450872 0.16503875]
2.863600000003233	[0.18063521 0.7942841  0.16541449]
2.863610000003233	[0.1810453  0.79406003 0.16579035]
2.863620000003233	[0.1814555  0.79383653 0.1661663 ]
2.863630000003233	[0.18186582 0.79361359 0.16654237]
2.863640000003233	[0.18227625 0.7933912  0.16691853]
2.863650000003233	[0.1826868  0.79316939 0.1672948 ]
2.8636600000032333	[0.18309745 0.79294813 0.16767117]
2.8636700000032334	[0.18350822 0.79272744 0.16804764]
2.8636800000032334	[0.18391909 0.79250731 0.16842421]
2.8636900000032335	[0.18433008 0.79228774 0.16880087]
2.8637000000032335	[0.18474117 0.79206874 0.16917764]
2.8637100000032336	[0.18515237 0.79185031 0.16955451]
2.8637200000032337	[0.18556367 0.79163244 0.16993147]
2.8637300000032337	[0.18597507 0.79141514 0.17030852]
2.863740000003234	[0.18638658 0.7911984  0.17068567]
2.863750000003234	[0.1867982  0.79098224 0.17106291]
2.863760000003234	[0.18720991 0.79076663 0.17144025]
2.863770000003234	[0.18762172 0.79055161 0.17181768]
2.863780000003234	[0.18803364 0.79033715 0.1721952 ]
2.863790000003234	[0.18844565 0.79012327 0.17257281]
2.863800000003234	[0.18885776 0.78990995 0.1729505 ]
2.8638100000032343	[0.18926997 0.7896972  0.17332829]
2.8638200000032343	[0.18968227 0.78948503 0.17370616]
2.8638300000032344	[0.19009466 0.78927343 0.17408412]
2.8638400000032345	[0.19050715 0.7890624  0.17446217]
2.8638500000032345	[0.19091974 0.78885194 0.1748403 ]
2.8638600000032346	[0.19133241 0.78864206 0.17521851]
2.8638700000032347	[0.19174518 0.78843275 0.17559681]
2.8638800000032347	[0.19215803 0.78822402 0.17597519]
2.863890000003235	[0.19257097 0.78801587 0.17635364]
2.863900000003235	[0.192984   0.78780829 0.17673218]
2.863910000003235	[0.19339712 0.78760128 0.1771108 ]
2.863920000003235	[0.19381033 0.78739486 0.1774895 ]
2.863930000003235	[0.19422362 0.78718901 0.17786828]
2.863940000003235	[0.19463699 0.78698374 0.17824713]
2.863950000003235	[0.19505044 0.78677905 0.17862605]
2.8639600000032353	[0.19546398 0.78657494 0.17900506]
2.8639700000032353	[0.1958776  0.78637143 0.17938414]
2.8639800000032354	[0.1962913  0.78616846 0.17976328]
2.8639900000032354	[0.19670507 0.78596609 0.1801425 ]
2.8640000000032355	[0.19711893 0.7857643  0.18052179]
2.8640100000032356	[0.19753286 0.78556309 0.18090116]
2.8640200000032356	[0.19794687 0.78536247 0.18128059]
2.8640300000032357	[0.19836095 0.78516243 0.18166009]
2.8640400000032358	[0.19877511 0.78496297 0.18203966]
2.864050000003236	[0.19918934 0.7847641  0.18241929]
2.864060000003236	[0.19960365 0.78456581 0.182799  ]
2.864070000003236	[0.20001802 0.78436811 0.18317876]
2.864080000003236	[0.20043247 0.78417099 0.18355859]
2.864090000003236	[0.20084698 0.78397446 0.18393849]
2.864100000003236	[0.20126156 0.78377851 0.18431844]
2.8641100000032362	[0.20167621 0.78358315 0.18469846]
2.8641200000032363	[0.20209093 0.78338838 0.18507854]
2.8641300000032364	[0.20250571 0.7831942  0.18545868]
2.8641400000032364	[0.20292056 0.7830006  0.18583887]
2.8641500000032365	[0.20333547 0.7828076  0.18621913]
2.8641600000032366	[0.20375044 0.78261518 0.18659944]
2.8641700000032366	[0.20416547 0.78242335 0.18697981]
2.8641800000032367	[0.20458057 0.78223212 0.18736023]
2.8641900000032368	[0.20499572 0.78204148 0.18774071]
2.864200000003237	[0.20541093 0.78185142 0.18812124]
2.864210000003237	[0.2058262  0.78166196 0.18850183]
2.864220000003237	[0.20624153 0.78147309 0.18888246]
2.864230000003237	[0.20665691 0.78128482 0.18926315]
2.864240000003237	[0.20707235 0.78109713 0.18964389]
2.864250000003237	[0.20748784 0.78091004 0.19002467]
2.864260000003237	[0.20790339 0.78072355 0.19040551]
2.8642700000032373	[0.20831898 0.78053765 0.19078639]
2.8642800000032373	[0.20873463 0.78035234 0.19116731]
2.8642900000032374	[0.20915033 0.78016763 0.19154829]
2.8643000000032375	[0.20956607 0.77998352 0.19192931]
2.8643100000032375	[0.20998187 0.7798     0.19231037]
2.8643200000032376	[0.21039771 0.77961708 0.19269147]
2.8643300000032377	[0.2108136  0.77943476 0.19307262]
2.8643400000032377	[0.21122953 0.77925303 0.19345381]
2.864350000003238	[0.2116455  0.77907191 0.19383503]
2.864360000003238	[0.21206152 0.77889138 0.1942163 ]
2.864370000003238	[0.21247758 0.77871145 0.19459761]
2.864380000003238	[0.21289369 0.77853212 0.19497895]
2.864390000003238	[0.21330983 0.77835338 0.19536033]
2.864400000003238	[0.21372601 0.77817525 0.19574175]
2.864410000003238	[0.21414223 0.77799772 0.1961232 ]
2.8644200000032383	[0.21455849 0.77782079 0.19650468]
2.8644300000032383	[0.21497479 0.77764447 0.1968862 ]
2.8644400000032384	[0.21539112 0.77746874 0.19726775]
2.8644500000032385	[0.21580748 0.77729362 0.19764933]
2.8644600000032385	[0.21622388 0.7771191  0.19803094]
2.8644700000032386	[0.21664031 0.77694518 0.19841259]
2.8644800000032387	[0.21705678 0.77677187 0.19879426]
2.8644900000032387	[0.21747327 0.77659916 0.19917596]
2.864500000003239	[0.21788979 0.77642705 0.19955768]
2.864510000003239	[0.21830635 0.77625555 0.19993944]
2.864520000003239	[0.21872293 0.77608465 0.20032121]
2.864530000003239	[0.21913953 0.77591436 0.20070302]
2.864540000003239	[0.21955617 0.77574468 0.20108484]
2.864550000003239	[0.21997283 0.7755756  0.20146669]
2.864560000003239	[0.22038951 0.77540713 0.20184856]
2.8645700000032392	[0.22080621 0.77523926 0.20223045]
2.8645800000032393	[0.22122294 0.77507201 0.20261236]
2.8645900000032394	[0.22163969 0.77490536 0.2029943 ]
2.8646000000032394	[0.22205646 0.77473932 0.20337624]
2.8646100000032395	[0.22247325 0.77457389 0.20375821]
2.8646200000032396	[0.22289005 0.77440906 0.20414019]
2.8646300000032396	[0.22330688 0.77424485 0.20452219]
2.8646400000032397	[0.22372372 0.77408124 0.20490421]
2.8646500000032398	[0.22414057 0.77391825 0.20528623]
2.86466000000324	[0.22455744 0.77375587 0.20566827]
2.86467000000324	[0.22497432 0.7735941  0.20605033]
2.86468000000324	[0.22539122 0.77343293 0.20643239]
2.86469000000324	[0.22580813 0.77327238 0.20681447]
2.86470000000324	[0.22622505 0.77311245 0.20719655]
2.86471000000324	[0.22664197 0.77295312 0.20757864]
2.8647200000032402	[0.22705891 0.77279441 0.20796074]
2.8647300000032403	[0.22747586 0.77263631 0.20834285]
2.8647400000032404	[0.22789277 0.77247889 0.20872493]
2.8647500000032404	[0.22830976 0.77232194 0.20910708]
2.8647600000032405	[0.22872672 0.77216569 0.2094892 ]
2.8647700000032406	[0.22914369 0.77201004 0.20987133]
2.8647800000032406	[0.22956066 0.77185501 0.21025346]
2.8647900000032407	[0.22997763 0.7717006  0.21063559]
2.8648000000032408	[0.2303946  0.7715468  0.21101772]
2.864810000003241	[0.23081157 0.77139362 0.21139985]
2.864820000003241	[0.23122854 0.77124105 0.21178198]
2.864830000003241	[0.23164551 0.7710891  0.21216411]
2.864840000003241	[0.23206248 0.77093776 0.21254624]
2.864850000003241	[0.23247944 0.77078705 0.21292836]
2.864860000003241	[0.2328964  0.77063695 0.21331048]
2.864870000003241	[0.23331336 0.77048746 0.21369259]
2.8648800000032413	[0.2337303 0.7703386 0.2140747]
2.8648900000032413	[0.23414724 0.77019035 0.2144568 ]
2.8649000000032414	[0.23456418 0.77004272 0.21483889]
2.8649100000032415	[0.2349811  0.76989571 0.21522098]
2.8649200000032415	[0.23539801 0.76974932 0.21560305]
2.8649300000032416	[0.23581491 0.76960355 0.21598512]
2.8649400000032417	[0.2362318  0.7694584  0.21636717]
2.8649500000032417	[0.23664868 0.76931387 0.21674921]
2.864960000003242	[0.23706554 0.76916996 0.21713124]
2.864970000003242	[0.23748239 0.76902667 0.21751326]
2.864980000003242	[0.23789922 0.768884   0.21789526]
2.864990000003242	[0.23831603 0.76874196 0.21827724]
2.865000000003242	[0.23873283 0.76860053 0.21865921]
2.865010000003242	[0.23914961 0.76845972 0.21904116]
2.865020000003242	[0.23956637 0.76831954 0.21942309]
2.8650300000032423	[0.2399831  0.76817998 0.21980501]
2.8650400000032423	[0.24039982 0.76804104 0.2201869 ]
2.8650500000032424	[0.24081652 0.76790273 0.22056877]
2.8650600000032425	[0.24123319 0.76776504 0.22095063]
2.8650700000032425	[0.24164984 0.76762797 0.22133246]
2.8650800000032426	[0.24206646 0.76749153 0.22171426]
2.8650900000032427	[0.24248305 0.76735571 0.22209605]
2.8651000000032427	[0.24289963 0.76722051 0.2224778 ]
2.865110000003243	[0.24331616 0.76708594 0.22285953]
2.865120000003243	[0.24373268 0.76695199 0.22324124]
2.865130000003243	[0.24414916 0.76681867 0.22362292]
2.865140000003243	[0.24456561 0.76668598 0.22400457]
2.865150000003243	[0.24498203 0.76655391 0.22438619]
2.865160000003243	[0.24539842 0.76642246 0.22476778]
2.865170000003243	[0.24581477 0.76629164 0.22514934]
2.8651800000032432	[0.24623109 0.76616145 0.22553087]
2.8651900000032433	[0.24664738 0.76603189 0.22591236]
2.8652000000032434	[0.24706363 0.76590295 0.22629382]
2.8652100000032434	[0.24747984 0.76577463 0.22667525]
2.8652200000032435	[0.24789601 0.76564695 0.22705665]
2.8652300000032436	[0.24831214 0.76551989 0.227438  ]
2.8652400000032436	[0.24872824 0.76539346 0.22781932]
2.8652500000032437	[0.24914429 0.76526766 0.22820061]
2.8652600000032438	[0.2495603  0.76514249 0.22858185]
2.865270000003244	[0.24997627 0.76501794 0.22896305]
2.865280000003244	[0.2503922  0.76489403 0.22934422]
2.865290000003244	[0.25080808 0.76477074 0.22972534]
2.865300000003244	[0.25122391 0.76464808 0.23010643]
2.865310000003244	[0.2516397  0.76452605 0.23048747]
2.865320000003244	[0.25205544 0.76440465 0.23086846]
2.8653300000032442	[0.25247113 0.76428388 0.23124941]
2.8653400000032443	[0.25288678 0.76416374 0.23163032]
2.8653500000032444	[0.25330237 0.76404423 0.23201118]
2.8653600000032444	[0.25371791 0.76392535 0.23239199]
2.8653700000032445	[0.25413341 0.7638071  0.23277276]
2.8653800000032446	[0.25454884 0.76368949 0.23315348]
2.8653900000032446	[0.25496423 0.7635725  0.23353414]
2.8654000000032447	[0.25537956 0.76345614 0.23391476]
2.8654100000032448	[0.25579483 0.76334042 0.23429533]
2.865420000003245	[0.25621005 0.76322532 0.23467584]
2.865430000003245	[0.25662521 0.76311086 0.23505631]
2.865440000003245	[0.25704031 0.76299703 0.23543672]
2.865450000003245	[0.25745536 0.76288383 0.23581707]
2.865460000003245	[0.25787034 0.76277127 0.23619737]
2.865470000003245	[0.25828526 0.76265934 0.23657761]
2.865480000003245	[0.25870012 0.76254804 0.2369578 ]
2.8654900000032453	[0.25911492 0.76243737 0.23733793]
2.8655000000032453	[0.25952965 0.76232733 0.237718  ]
2.8655100000032454	[0.25994432 0.76221793 0.23809801]
2.8655200000032455	[0.26035893 0.76210917 0.23847796]
2.8655300000032455	[0.26077346 0.76200103 0.23885785]
2.8655400000032456	[0.26118793 0.76189353 0.23923768]
2.8655500000032457	[0.26160234 0.76178666 0.23961745]
2.8655600000032457	[0.26201667 0.76168043 0.23999715]
2.865570000003246	[0.26243093 0.76157483 0.24037679]
2.865580000003246	[0.26284512 0.76146987 0.24075636]
2.865590000003246	[0.26325924 0.76136554 0.24113587]
2.865600000003246	[0.26367329 0.76126184 0.24151531]
2.865610000003246	[0.26408726 0.76115878 0.24189468]
2.865620000003246	[0.26450116 0.76105635 0.24227399]
2.865630000003246	[0.26491498 0.76095456 0.24265322]
2.8656400000032463	[0.26532873 0.76085341 0.24303239]
2.8656500000032463	[0.2657424  0.76075289 0.24341148]
2.8656600000032464	[0.266156  0.760653  0.2437905]
2.8656700000032465	[0.26656951 0.76055375 0.24416946]
2.8656800000032465	[0.26698294 0.76045514 0.24454833]
2.8656900000032466	[0.26739629 0.76035716 0.24492713]
2.8657000000032467	[0.26780956 0.76025981 0.24530586]
2.8657100000032467	[0.26822275 0.76016311 0.24568451]
2.865720000003247	[0.26863586 0.76006704 0.24606309]
2.865730000003247	[0.26904888 0.7599716  0.24644159]
2.865740000003247	[0.26946181 0.75987681 0.24682001]
2.865750000003247	[0.26987466 0.75978265 0.24719835]
2.865760000003247	[0.27028742 0.75968912 0.24757661]
2.865770000003247	[0.2707001  0.75959623 0.24795479]
2.865780000003247	[0.27111268 0.75950398 0.24833289]
2.8657900000032472	[0.27152518 0.75941237 0.24871091]
2.8658000000032473	[0.27193749 0.75932104 0.24908876]
2.8658100000032474	[0.27234994 0.75923104 0.24946673]
2.8658200000032474	[0.27276216 0.75914134 0.24984449]
2.8658300000032475	[0.27317428 0.75905227 0.25022217]
2.8658400000032476	[0.27358632 0.75896385 0.25059976]
2.8658500000032476	[0.27399826 0.75887606 0.25097727]
2.8658600000032477	[0.2744101  0.75878891 0.25135469]
2.8658700000032478	[0.27482185 0.7587024  0.25173202]
2.865880000003248	[0.2752335  0.75861652 0.25210926]
2.865890000003248	[0.27564505 0.75853129 0.25248641]
2.865900000003248	[0.2760565  0.75844669 0.25286347]
2.865910000003248	[0.27646785 0.75836273 0.25324043]
2.865920000003248	[0.2768791  0.75827941 0.25361731]
2.865930000003248	[0.27729025 0.75819673 0.25399409]
2.8659400000032482	[0.2777013  0.75811468 0.25437078]
2.8659500000032483	[0.27811224 0.75803328 0.25474737]
2.8659600000032484	[0.27852303 0.75795253 0.25512382]
2.8659700000032484	[0.27893381 0.75787238 0.25550027]
2.8659800000032485	[0.27934444 0.75779289 0.25587657]
2.8659900000032486	[0.27975496 0.75771404 0.25625278]
2.8660000000032486	[0.28016537 0.75763583 0.25662888]
2.8660100000032487	[0.28057567 0.75755826 0.25700489]
2.8660200000032487	[0.28098587 0.75748132 0.25738079]
2.866030000003249	[0.28139595 0.75740503 0.2577566 ]
2.866040000003249	[0.28180592 0.75732937 0.2581323 ]
2.866050000003249	[0.28221578 0.75725436 0.2585079 ]
2.866060000003249	[0.28262553 0.75717998 0.25888339]
2.866070000003249	[0.28303516 0.75710624 0.25925878]
2.866080000003249	[0.28344468 0.75703314 0.25963407]
2.866090000003249	[0.28385408 0.75696068 0.26000925]
2.8661000000032493	[0.28426336 0.75688886 0.26038432]
2.8661100000032493	[0.28467253 0.75681768 0.26075928]
2.8661200000032494	[0.28508158 0.75674714 0.26113414]
2.8661300000032495	[0.28549051 0.75667723 0.26150889]
2.8661400000032495	[0.28589932 0.75660797 0.26188352]
2.8661500000032496	[0.28630801 0.75653934 0.26225805]
2.8661600000032497	[0.28671657 0.75647136 0.26263246]
2.8661700000032497	[0.28712502 0.75640401 0.26300676]
2.86618000000325	[0.28753334 0.7563373  0.26338095]
2.86619000000325	[0.28794154 0.75627124 0.26375502]
2.86620000000325	[0.28834961 0.7562058  0.26412899]
2.86621000000325	[0.28875755 0.75614102 0.26450283]
2.86622000000325	[0.28916537 0.75607687 0.26487656]
2.86623000000325	[0.28957306 0.75601336 0.26525017]
2.86624000000325	[0.28998062 0.75595049 0.26562366]
2.8662500000032503	[0.29038806 0.75588826 0.26599703]
2.8662600000032503	[0.29079536 0.75582667 0.26637029]
2.8662700000032504	[0.29120253 0.75576572 0.26674342]
2.8662800000032504	[0.29160957 0.75570541 0.26711643]
2.8662900000032505	[0.29201648 0.75564574 0.26748933]
2.8663000000032506	[0.29242325 0.75558671 0.2678621 ]
2.8663100000032506	[0.29282989 0.75552832 0.26823474]
2.8663200000032507	[0.29323639 0.75547057 0.26860726]
2.8663300000032508	[0.29364276 0.75541346 0.26897966]
2.866340000003251	[0.29404899 0.75535699 0.26935193]
2.866350000003251	[0.29445508 0.75530116 0.26972408]
2.866360000003251	[0.29486103 0.75524597 0.27009609]
2.866370000003251	[0.29526685 0.75519141 0.27046799]
2.866380000003251	[0.29567252 0.7551375  0.27083975]
2.866390000003251	[0.29607806 0.75508423 0.27121138]
2.8664000000032512	[0.29648345 0.7550316  0.27158288]
2.8664100000032513	[0.2968887  0.75497961 0.27195425]
2.8664200000032514	[0.2972938  0.75492825 0.27232549]
2.8664300000032514	[0.29769876 0.75487754 0.2726966 ]
2.8664400000032515	[0.29810358 0.75482746 0.27306758]
2.8664500000032516	[0.29850825 0.75477803 0.27343842]
2.8664600000032516	[0.29891277 0.75472923 0.27380912]
2.8664700000032517	[0.29931691 0.75468091 0.27417948]
2.8664800000032518	[0.29972139 0.75463356 0.27455015]
2.866490000003252	[0.30012547 0.75458667 0.27492045]
2.866500000003252	[0.3005294  0.75454043 0.2752906 ]
2.866510000003252	[0.30093317 0.75449483 0.27566063]
2.866520000003252	[0.30133716 0.75444985 0.27603084]
2.866530000003252	[0.30174025 0.75440556 0.27640024]
2.866540000003252	[0.30214357 0.75436188 0.27676984]
2.866550000003252	[0.30254673 0.75431883 0.2771393 ]
2.8665600000032523	[0.30294974 0.75427642 0.27750862]
2.8665700000032523	[0.30335223 0.75423467 0.27787746]
2.8665800000032524	[0.30375567 0.75419348 0.27824718]
2.8665900000032525	[0.30415783 0.75415303 0.27861572]
2.8666000000032525	[0.30456022 0.75411318 0.27898446]
2.8666100000032526	[0.30496244 0.75407397 0.27935306]
2.8666200000032527	[0.3053645  0.75403539 0.27972151]
2.8666300000032527	[0.3057664  0.75399745 0.28008981]
2.866640000003253	[0.30616814 0.75396016 0.28045797]
2.866650000003253	[0.30656972 0.7539235  0.28082598]
2.866660000003253	[0.30697114 0.75388747 0.28119383]
2.866670000003253	[0.30737239 0.75385209 0.28156154]
2.866680000003253	[0.30777347 0.75381734 0.2819291 ]
2.866690000003253	[0.30817439 0.75378323 0.2822965 ]
2.866700000003253	[0.30857515 0.75374976 0.28266376]
2.8667100000032533	[0.30897573 0.75371693 0.28303085]
2.8667200000032533	[0.30937615 0.75368473 0.2833978 ]
2.8667300000032534	[0.3097764  0.75365318 0.28376459]
2.8667400000032535	[0.31017655 0.75362238 0.28413129]
2.8667500000032535	[0.31057638 0.75359198 0.28449769]
2.8667600000032536	[0.31097576 0.7535623  0.28486368]
2.8667700000032537	[0.3113757  0.7535333  0.28523019]
2.8667800000032537	[0.3117751  0.75350493 0.28559619]
2.866790000003254	[0.31217432 0.7534772  0.28596204]
2.866800000003254	[0.31257336 0.75345009 0.28632773]
2.866810000003254	[0.31297223 0.75342363 0.28669325]
2.866820000003254	[0.31337093 0.75339781 0.28705861]
2.866830000003254	[0.31376944 0.75337262 0.28742382]
2.866840000003254	[0.31416778 0.75334807 0.28778886]
2.866850000003254	[0.31456595 0.75332415 0.28815373]
2.8668600000032542	[0.31496393 0.75330087 0.28851844]
2.8668700000032543	[0.31536173 0.75327823 0.28888299]
2.8668800000032544	[0.31575935 0.75325622 0.28924737]
2.8668900000032544	[0.3161568  0.75323485 0.28961159]
2.8669000000032545	[0.31655405 0.75321411 0.28997564]
2.8669100000032546	[0.31695113 0.75319401 0.29033952]
2.8669200000032546	[0.31734802 0.75317454 0.29070323]
2.8669300000032547	[0.31774473 0.75315571 0.29106678]
2.8669400000032548	[0.31814126 0.75313752 0.29143015]
2.866950000003255	[0.3185376  0.75311996 0.29179336]
2.866960000003255	[0.31893374 0.75310303 0.29215639]
2.866970000003255	[0.31932971 0.75308674 0.29251925]
2.866980000003255	[0.31972547 0.75307101 0.29288192]
2.866990000003255	[0.32012108 0.75305603 0.29324447]
2.867000000003255	[0.32051647 0.75304166 0.2936068 ]
2.8670100000032552	[0.32091168 0.7530279  0.29396897]
2.8670200000032553	[0.32130663 0.75301473 0.2943309 ]
2.8670300000032554	[0.32170153 0.75300228 0.29469279]
2.8670400000032554	[0.32209615 0.75299042 0.29505442]
2.8670500000032555	[0.32249059 0.7529792  0.29541589]
2.8670600000032556	[0.32288483 0.75296861 0.29577717]
2.8670700000032556	[0.32327887 0.75295865 0.29613827]
2.8670800000032557	[0.32367272 0.75294932 0.29649919]
2.8670900000032558	[0.32406637 0.75294063 0.29685993]
2.867100000003256	[0.32445984 0.75293258 0.29722051]
2.867110000003256	[0.32485309 0.75292515 0.29758088]
2.867120000003256	[0.32524614 0.75291836 0.29794108]
2.867130000003256	[0.325639   0.75291219 0.29830109]
2.867140000003256	[0.32603166 0.75290667 0.29866093]
2.867150000003256	[0.32642412 0.75290177 0.29902057]
2.867160000003256	[0.32681637 0.75289751 0.29938004]
2.8671700000032563	[0.32720842 0.75289387 0.29973931]
2.8671800000032563	[0.32760027 0.75289087 0.3000984 ]
2.8671900000032564	[0.32799192 0.7528885  0.30045731]
2.8672000000032565	[0.32838336 0.75288676 0.30081602]
2.8672100000032565	[0.32877459 0.75288565 0.30117455]
2.8672200000032566	[0.32916562 0.75288517 0.30153289]
2.8672300000032567	[0.32955644 0.75288532 0.30189103]
2.8672400000032567	[0.32994705 0.7528861  0.30224899]
2.867250000003257	[0.33033745 0.75288752 0.30260676]
2.867260000003257	[0.33072765 0.75288956 0.30296433]
2.867270000003257	[0.33111763 0.75289223 0.30332171]
2.867280000003257	[0.3315074  0.75289552 0.3036789 ]
2.867290000003257	[0.33189696 0.75289945 0.3040359 ]
2.867300000003257	[0.33228631 0.752904   0.3043927 ]
2.867310000003257	[0.33267545 0.75290919 0.3047493 ]
2.8673200000032573	[0.33306436 0.75291505 0.3051057 ]
2.8673300000032573	[0.33345308 0.75292144 0.30546192]
2.8673400000032574	[0.33384157 0.7529285  0.30581793]
2.8673500000032575	[0.33422984 0.7529362  0.30617375]
2.8673600000032575	[0.3346179  0.75294452 0.30652937]
2.8673700000032576	[0.33500574 0.75295346 0.30688479]
2.8673800000032577	[0.33539337 0.75296304 0.30724   ]
2.8673900000032577	[0.33578077 0.75297324 0.30759502]
2.867400000003258	[0.33616796 0.75298407 0.30794984]
2.867410000003258	[0.33655492 0.75299552 0.30830445]
2.867420000003258	[0.33694166 0.7530076  0.30865886]
2.867430000003258	[0.33732818 0.75302031 0.30901307]
2.867440000003258	[0.33771449 0.75303364 0.30936708]
2.867450000003258	[0.33810056 0.75304759 0.30972088]
2.867460000003258	[0.33848641 0.75306217 0.31007447]
2.8674700000032582	[0.33887204 0.75307738 0.31042786]
2.8674800000032583	[0.33925744 0.75309321 0.31078104]
2.8674900000032584	[0.33964263 0.75310966 0.31113403]
2.8675000000032584	[0.34002756 0.75312675 0.31148678]
2.8675100000032585	[0.34041228 0.75314446 0.31183934]
2.8675200000032586	[0.34079678 0.75316279 0.31219169]
2.8675300000032586	[0.34118103 0.75318167 0.31254383]
2.8675400000032587	[0.34156508 0.75320131 0.31289577]
2.8675500000032588	[0.34194888 0.75322151 0.31324749]
2.867560000003259	[0.34233246 0.75324234 0.313599  ]
2.867570000003259	[0.34271579 0.7532638  0.31395028]
2.867580000003259	[0.34309892 0.75328585 0.31430138]
2.867590000003259	[0.34348179 0.75330855 0.31465225]
2.867600000003259	[0.34386444 0.75333186 0.31500291]
2.867610000003259	[0.34424685 0.75335579 0.31535334]
2.8676200000032592	[0.34462902 0.75338035 0.31570357]
2.8676300000032593	[0.34501097 0.75340553 0.31605359]
2.8676400000032594	[0.34539266 0.75343131 0.31640337]
2.8676500000032594	[0.34577412 0.75345773 0.31675294]
2.8676600000032595	[0.34615534 0.75348477 0.3171023 ]
2.8676700000032596	[0.34653633 0.75351242 0.31745143]
2.8676800000032596	[0.34691708 0.75354069 0.31780035]
2.8676900000032597	[0.34729759 0.75356959 0.31814905]
2.8677000000032598	[0.34767785 0.7535991  0.31849753]
2.86771000000326	[0.34805788 0.75362923 0.31884578]
2.86772000000326	[0.34843766 0.75365998 0.31919382]
2.86773000000326	[0.3488172  0.75369134 0.31954163]
2.86774000000326	[0.3491965  0.75372333 0.31988922]
2.86775000000326	[0.34957556 0.75375593 0.32023658]
2.86776000000326	[0.34995436 0.75378915 0.32058373]
2.86777000000326	[0.35033293 0.75382298 0.32093064]
2.8677800000032603	[0.35071124 0.75385743 0.32127733]
2.8677900000032603	[0.35108931 0.7538925  0.3216238 ]
2.8678000000032604	[0.35146718 0.75392818 0.32197008]
2.8678100000032605	[0.35184471 0.75396448 0.32231604]
2.8678200000032605	[0.35222204 0.7540014  0.32266183]
2.8678300000032606	[0.35259911 0.75403893 0.32300738]
2.8678400000032607	[0.35297594 0.75407707 0.32335271]
2.8678500000032607	[0.35335251 0.75411583 0.3236978 ]
2.867860000003261	[0.35372884 0.7541552  0.32404267]
2.867870000003261	[0.35410491 0.75419519 0.3243873 ]
2.867880000003261	[0.35448073 0.75423579 0.3247317 ]
2.867890000003261	[0.35485629 0.754277   0.32507587]
2.867900000003261	[0.35523161 0.75431882 0.32541981]
2.867910000003261	[0.35560666 0.75436126 0.32576351]
2.867920000003261	[0.35598146 0.75440431 0.32610698]
2.8679300000032613	[0.35635601 0.75444798 0.32645021]
2.8679400000032613	[0.35673034 0.75449235 0.32679325]
2.8679500000032614	[0.35710431 0.75453715 0.32713596]
2.8679600000032615	[0.35747808 0.75458264 0.32747849]
2.8679700000032615	[0.3578516  0.75462875 0.32782078]
2.8679800000032616	[0.35822485 0.75467547 0.32816283]
2.8679900000032617	[0.35859789 0.75472292 0.32850469]
2.8680000000032617	[0.35897057 0.75477073 0.32884621]
2.868010000003262	[0.35934304 0.75481928 0.32918754]
2.868020000003262	[0.35971525 0.75486843 0.32952864]
2.868030000003262	[0.3600872  0.7549182  0.32986949]
2.868040000003262	[0.36045888 0.75496857 0.33021011]
2.868050000003262	[0.3608303  0.75501953 0.33055048]
2.868060000003262	[0.36120146 0.75507113 0.33089061]
2.868070000003262	[0.36157235 0.75512332 0.33123049]
2.8680800000032622	[0.36194298 0.75517612 0.33157014]
2.8680900000032623	[0.36231334 0.75522952 0.33190953]
2.8681000000032624	[0.36268343 0.75528353 0.33224869]
2.8681100000032624	[0.36305325 0.75533815 0.3325876 ]
2.8681200000032625	[0.3634228  0.75539337 0.33292626]
2.8681300000032626	[0.36379209 0.75544919 0.33326467]
2.8681400000032626	[0.3641611  0.75550562 0.33360284]
2.8681500000032627	[0.36452985 0.75556265 0.33394076]
2.8681600000032628	[0.36489832 0.75562029 0.33427843]
2.868170000003263	[0.36526652 0.75567853 0.33461585]
2.868180000003263	[0.36563444 0.75573733 0.33495301]
2.868190000003263	[0.36600215 0.75579684 0.33528999]
2.868200000003263	[0.3663695  0.75585686 0.33562663]
2.868210000003263	[0.36673661 0.75591751 0.33596305]
2.868220000003263	[0.36710344 0.75597876 0.33629922]
2.8682300000032632	[0.36747    0.75604061 0.33663513]
2.8682400000032633	[0.36783628 0.75610307 0.3369708 ]
2.8682500000032634	[0.36820229 0.75616612 0.33730621]
2.8682600000032634	[0.36856802 0.75622977 0.33764137]
2.8682700000032635	[0.36893347 0.75629403 0.33797627]
2.8682800000032636	[0.36929865 0.75635888 0.33831092]
2.8682900000032636	[0.36966354 0.75642433 0.33864531]
2.8683000000032637	[0.37002816 0.75649038 0.33897944]
2.8683100000032637	[0.37039249 0.75655703 0.33931332]
2.868320000003264	[0.37075655 0.75662428 0.33964694]
2.868330000003264	[0.37112032 0.75669212 0.33998031]
2.868340000003264	[0.37148381 0.75676056 0.34031342]
2.868350000003264	[0.37184702 0.7568296  0.34064626]
2.868360000003264	[0.37220994 0.75689923 0.34097885]
2.868370000003264	[0.37257259 0.75696946 0.34131118]
2.868380000003264	[0.37293494 0.75704028 0.34164325]
2.8683900000032643	[0.37329702 0.7571117  0.34197505]
2.8684000000032643	[0.3736588  0.75718372 0.3423066 ]
2.8684100000032644	[0.3740203  0.75725632 0.34263788]
2.8684200000032645	[0.37438152 0.75732953 0.3429689 ]
2.8684300000032645	[0.37474244 0.75740332 0.34329965]
2.8684400000032646	[0.37510309 0.75747771 0.34363015]
2.8684500000032647	[0.37546344 0.75755269 0.34396038]
2.8684600000032647	[0.3758235  0.75762826 0.34429034]
2.868470000003265	[0.37618327 0.75770442 0.34462004]
2.868480000003265	[0.37654275 0.75778118 0.34494947]
2.868490000003265	[0.37690194 0.75785853 0.34527864]
2.868500000003265	[0.37726093 0.75793648 0.34560761]
2.868510000003265	[0.37761944 0.758015   0.34593616]
2.868520000003265	[0.37797776 0.75809411 0.34626452]
2.868530000003265	[0.37833578 0.75817382 0.34659262]
2.8685400000032653	[0.37869351 0.75825411 0.34692044]
2.8685500000032653	[0.37905094 0.75833499 0.347248  ]
2.8685600000032654	[0.37940808 0.75841646 0.34757528]
2.8685700000032655	[0.37976492 0.75849852 0.34790229]
2.8685800000032655	[0.38012146 0.75858117 0.34822904]
2.8685900000032656	[0.38047771 0.7586644  0.34855551]
2.8686000000032656	[0.38083366 0.75874821 0.3488817 ]
2.8686100000032657	[0.38118932 0.75883262 0.34920763]
2.868620000003266	[0.38154467 0.7589176  0.34953328]
2.868630000003266	[0.38189973 0.75900318 0.34985866]
2.868640000003266	[0.38225449 0.75908933 0.35018376]
2.868650000003266	[0.38260894 0.75917607 0.35050859]
2.868660000003266	[0.3829631  0.7592634  0.35083314]
2.868670000003266	[0.38331695 0.7593513  0.35115741]
2.868680000003266	[0.3836705  0.75943979 0.35148141]
2.8686900000032662	[0.38402375 0.75952887 0.35180513]
2.8687000000032663	[0.3843767  0.75961852 0.35212858]
2.8687100000032664	[0.38472934 0.75970876 0.35245174]
2.8687200000032664	[0.38508168 0.75979957 0.35277463]
2.8687300000032665	[0.38543371 0.75989097 0.35309724]
2.8687400000032666	[0.38578544 0.75998294 0.35341957]
2.8687500000032666	[0.38613686 0.7600755  0.35374161]
2.8687600000032667	[0.38648798 0.76016863 0.35406338]
2.8687700000032668	[0.38683879 0.76026235 0.35438487]
2.868780000003267	[0.38718929 0.76035664 0.35470607]
2.868790000003267	[0.38753949 0.76045151 0.35502699]
2.868800000003267	[0.38788889 0.76054695 0.35534719]
2.868810000003267	[0.38823896 0.76064291 0.35566801]
2.868820000003267	[0.38858823 0.76073952 0.35598808]
2.868830000003267	[0.38893718 0.7608367  0.35630787]
2.868840000003267	[0.38928583 0.76093445 0.35662737]
2.8688500000032673	[0.38963416 0.76103278 0.35694659]
2.8688600000032674	[0.38998219 0.76113168 0.35726552]
2.8688700000032674	[0.3903299  0.76123116 0.35758416]
2.8688800000032675	[0.39067729 0.7613312  0.35790252]
2.8688900000032675	[0.39102438 0.76143182 0.35822059]
2.8689000000032676	[0.39137115 0.76153302 0.35853838]
2.8689100000032677	[0.3917176  0.76163478 0.35885588]
2.8689200000032677	[0.39206374 0.76173711 0.35917308]
2.868930000003268	[0.39240957 0.76184002 0.35949   ]
2.868940000003268	[0.39275508 0.76194349 0.35980663]
2.868950000003268	[0.39310027 0.76204754 0.36012297]
2.868960000003268	[0.39344515 0.76215215 0.36043902]
2.868970000003268	[0.39378971 0.76225733 0.36075478]
2.868980000003268	[0.39413395 0.76236308 0.36107025]
2.868990000003268	[0.39447787 0.7624694  0.36138543]
2.8690000000032683	[0.39482147 0.76257628 0.36170031]
2.8690100000032683	[0.39516476 0.76268373 0.3620149 ]
2.8690200000032684	[0.39550772 0.76279175 0.3623292 ]
2.8690300000032685	[0.39585037 0.76290033 0.3626432 ]
2.8690400000032685	[0.39619269 0.76300948 0.36295691]
2.8690500000032686	[0.39653469 0.7631192  0.36327033]
2.8690600000032687	[0.39687637 0.76322947 0.36358345]
2.8690700000032687	[0.39721772 0.76334032 0.36389627]
2.869080000003269	[0.39755876 0.76345173 0.3642088 ]
2.869090000003269	[0.39789947 0.7635637  0.36452103]
2.869100000003269	[0.39823985 0.76367623 0.36483297]
2.869110000003269	[0.39857991 0.76378933 0.3651446 ]
2.869120000003269	[0.39891965 0.76390299 0.36545594]
2.869130000003269	[0.39925906 0.7640172  0.36576698]
2.869140000003269	[0.39959814 0.76413199 0.36607773]
2.8691500000032693	[0.3999369  0.76424733 0.36638817]
2.8691600000032693	[0.40027533 0.76436323 0.36669831]
2.8691700000032694	[0.40061343 0.76447969 0.36700815]
2.8691800000032694	[0.40095121 0.7645967  0.3673177 ]
2.8691900000032695	[0.40128865 0.76471428 0.36762694]
2.8692000000032696	[0.40162577 0.76483241 0.36793588]
2.8692100000032696	[0.40196255 0.76495111 0.36824451]
2.8692200000032697	[0.40229901 0.76507035 0.36855285]
2.8692300000032698	[0.40263513 0.76519016 0.36886088]
2.86924000000327	[0.40297093 0.76531051 0.3691686 ]
2.86925000000327	[0.40330639 0.76543143 0.36947603]
2.86926000000327	[0.40364152 0.76555289 0.36978314]
2.86927000000327	[0.40397632 0.76567491 0.37008996]
2.86928000000327	[0.40431078 0.76579749 0.37039647]
2.86929000000327	[0.40464491 0.76592061 0.37070267]
2.8693000000032702	[0.4049787  0.76604429 0.37100856]
2.8693100000032703	[0.40531216 0.76616852 0.37131415]
2.8693200000032704	[0.40564529 0.7662933  0.37161943]
2.8693300000032704	[0.40597808 0.76641863 0.37192441]
2.8693400000032705	[0.40631053 0.76654451 0.37222907]
2.8693500000032706	[0.40664264 0.76667094 0.37253343]
2.8693600000032706	[0.40697442 0.76679792 0.37283748]
2.8693700000032707	[0.40730586 0.76692544 0.37314122]
2.8693800000032708	[0.40763697 0.76705352 0.37344465]
2.869390000003271	[0.40796773 0.76718214 0.37374777]
2.869400000003271	[0.40829816 0.76731131 0.37405058]
2.869410000003271	[0.40862824 0.76744103 0.37435308]
2.869420000003271	[0.40895799 0.76757129 0.37465526]
2.869430000003271	[0.4092874  0.76770209 0.37495714]
2.869440000003271	[0.40961646 0.76783344 0.3752587 ]
2.869450000003271	[0.40994519 0.76796534 0.37555995]
2.8694600000032713	[0.41027357 0.76809777 0.37586089]
2.8694700000032713	[0.41060161 0.76823076 0.37616151]
2.8694800000032714	[0.41092931 0.76836428 0.37646182]
2.8694900000032715	[0.41125666 0.76849834 0.37676181]
2.8695000000032715	[0.41158368 0.76863295 0.37706149]
2.8695100000032716	[0.41191034 0.7687681  0.37736086]
2.8695200000032717	[0.41223667 0.76890379 0.37765991]
2.8695300000032717	[0.41256265 0.76904001 0.37795864]
2.869540000003272	[0.41288828 0.76917678 0.37825706]
2.869550000003272	[0.41321357 0.76931408 0.37855516]
2.869560000003272	[0.41353851 0.76945193 0.37885295]
2.869570000003272	[0.41386311 0.76959031 0.37915042]
2.869580000003272	[0.41418736 0.76972922 0.37944757]
2.869590000003272	[0.41451126 0.76986867 0.3797444 ]
2.869600000003272	[0.41483481 0.77000866 0.38004091]
2.8696100000032723	[0.41515802 0.77014919 0.3803371 ]
2.8696200000032723	[0.41548088 0.77029024 0.38063298]
2.8696300000032724	[0.41580339 0.77043184 0.38092853]
2.8696400000032725	[0.41612554 0.77057396 0.38122376]
2.8696500000032725	[0.41644735 0.77071662 0.38151867]
2.8696600000032726	[0.41676881 0.77085981 0.38181327]
2.8696700000032727	[0.41708992 0.77100353 0.38210753]
2.8696800000032727	[0.41741067 0.77114778 0.38240148]
2.869690000003273	[0.41773108 0.77129257 0.38269511]
2.869700000003273	[0.41805113 0.77143788 0.38298841]
2.869710000003273	[0.41837082 0.77158372 0.38328139]
2.869720000003273	[0.41869017 0.77173009 0.38357404]
2.869730000003273	[0.41900916 0.77187699 0.38386638]
2.869740000003273	[0.4193278  0.77202442 0.38415838]
2.869750000003273	[0.41964608 0.77217237 0.38445007]
2.8697600000032732	[0.41996401 0.77232085 0.38474142]
2.8697700000032733	[0.42028158 0.77246986 0.38503245]
2.8697800000032734	[0.4205988  0.77261939 0.38532316]
2.8697900000032734	[0.42091566 0.77276945 0.38561354]
2.8698000000032735	[0.42123216 0.77292003 0.38590359]
2.8698100000032736	[0.42154831 0.77307113 0.38619331]
2.8698200000032736	[0.4218641  0.77322276 0.38648271]
2.8698300000032737	[0.42217953 0.7733749  0.38677178]
2.8698400000032738	[0.4224946  0.77352757 0.38706052]
2.869850000003274	[0.42280932 0.77368076 0.38734893]
2.869860000003274	[0.42312367 0.77383447 0.38763702]
2.869870000003274	[0.42343767 0.7739887  0.38792477]
2.869880000003274	[0.4237513  0.77414345 0.38821219]
2.869890000003274	[0.42406458 0.77429872 0.38849929]
2.869900000003274	[0.42437749 0.77445451 0.38878605]
2.8699100000032742	[0.42469005 0.77461081 0.38907248]
2.8699200000032743	[0.42500224 0.77476763 0.38935858]
2.8699300000032744	[0.42531407 0.77492497 0.38964435]
2.8699400000032744	[0.42562554 0.77508282 0.38992979]
2.8699500000032745	[0.42593664 0.77524119 0.39021489]
2.8699600000032746	[0.42624738 0.77540007 0.39049966]
2.8699700000032746	[0.42655776 0.77555947 0.3907841 ]
2.8699800000032747	[0.42686777 0.77571938 0.39106821]
2.8699900000032748	[0.42717743 0.7758798  0.39135198]
2.870000000003275	[0.42748671 0.77604073 0.39163542]
2.870010000003275	[0.42779563 0.77620218 0.39191852]
2.870020000003275	[0.42810419 0.77636414 0.39220129]
2.870030000003275	[0.42841238 0.77652661 0.39248372]
2.870040000003275	[0.4287202  0.77668959 0.39276582]
2.870050000003275	[0.42902765 0.77685308 0.39304758]
2.870060000003275	[0.42933474 0.77701707 0.39332901]
2.8700700000032753	[0.42964147 0.77718158 0.3936101 ]
2.8700800000032753	[0.42994782 0.77734659 0.39389085]
2.8700900000032754	[0.43025381 0.77751211 0.39417126]
2.8701000000032755	[0.43055943 0.77767814 0.39445134]
2.8701100000032755	[0.43086467 0.77784467 0.39473108]
2.8701200000032756	[0.43116955 0.77801171 0.39501048]
2.8701300000032757	[0.43147406 0.77817925 0.39528954]
2.8701400000032757	[0.4317782  0.7783473  0.39556826]
2.870150000003276	[0.43208197 0.77851585 0.39584665]
2.870160000003276	[0.43238537 0.7786849  0.39612469]
2.870170000003276	[0.4326884  0.77885446 0.39640239]
2.870180000003276	[0.43299106 0.77902451 0.39667976]
2.870190000003276	[0.43329334 0.77919507 0.39695678]
2.870200000003276	[0.43359525 0.77936613 0.39723346]
2.870210000003276	[0.43389679 0.77953769 0.3975098 ]
2.8702200000032763	[0.43419796 0.77970974 0.39778579]
2.8702300000032763	[0.43449875 0.7798823  0.39806145]
2.8702400000032764	[0.43479917 0.78005535 0.39833676]
2.8702500000032765	[0.43509921 0.7802289  0.39861173]
2.8702600000032765	[0.43539888 0.78040294 0.39888636]
2.8702700000032766	[0.43569818 0.78057748 0.39916064]
2.8702800000032767	[0.4359971  0.78075252 0.39943458]
2.8702900000032767	[0.43629564 0.78092805 0.39970817]
2.870300000003277	[0.43659381 0.78110407 0.39998142]
2.870310000003277	[0.4368916  0.78128059 0.40025433]
2.870320000003277	[0.43718901 0.7814576  0.40052689]
2.870330000003277	[0.43748605 0.7816351  0.4007991 ]
2.870340000003277	[0.43778271 0.7818131  0.40107097]
2.870350000003277	[0.43807899 0.78199158 0.40134249]
2.870360000003277	[0.4383749  0.78217055 0.40161367]
2.8703700000032772	[0.43867053 0.7823496  0.4018846 ]
2.8703800000032773	[0.43896561 0.78252997 0.40215501]
2.8703900000032774	[0.43926038 0.78271041 0.40242515]
2.8704000000032774	[0.43955476 0.78289134 0.40269493]
2.8704100000032775	[0.43984877 0.78307275 0.40296437]
2.8704200000032776	[0.4401424  0.78325465 0.40323347]
2.8704300000032776	[0.44043565 0.78343704 0.40350221]
2.8704400000032777	[0.44072852 0.78361991 0.4037706 ]
2.8704500000032778	[0.44102101 0.78380327 0.40403865]
2.870460000003278	[0.44131312 0.78398711 0.40430634]
2.870470000003278	[0.44160484 0.78417143 0.40457369]
2.870480000003278	[0.44189618 0.78435624 0.40484068]
2.870490000003278	[0.44218714 0.78454153 0.40510733]
2.870500000003278	[0.44247772 0.7847273  0.40537363]
2.870510000003278	[0.44276792 0.78491355 0.40563957]
2.8705200000032782	[0.44305773 0.78510028 0.40590516]
2.8705300000032783	[0.44334716 0.78528749 0.4061704 ]
2.8705400000032784	[0.4436362  0.78547518 0.40643529]
2.8705500000032784	[0.44392486 0.78566335 0.40669983]
2.8705600000032785	[0.44421314 0.785852   0.40696402]
2.8705700000032786	[0.44450103 0.78604112 0.40722785]
2.8705800000032786	[0.44478854 0.78623072 0.40749133]
2.8705900000032787	[0.44507566 0.78642079 0.40775445]
2.8706000000032788	[0.44536239 0.78661134 0.40801723]
2.870610000003279	[0.44564874 0.78680236 0.40827964]
2.870620000003279	[0.4459347  0.78699385 0.40854171]
2.870630000003279	[0.44622027 0.78718582 0.40880342]
2.870640000003279	[0.44650546 0.78737826 0.40906477]
2.870650000003279	[0.44679025 0.78757117 0.40932577]
2.870660000003279	[0.44707466 0.78776455 0.40958641]
2.870670000003279	[0.44735869 0.78795839 0.4098467 ]
2.8706800000032793	[0.44764232 0.78815271 0.41010663]
2.8706900000032793	[0.44792556 0.7883475  0.4103662 ]
2.8707000000032794	[0.44820842 0.78854276 0.41062542]
2.8707100000032795	[0.44849088 0.78873848 0.41088428]
2.8707200000032795	[0.44877296 0.78893467 0.41114278]
2.8707300000032796	[0.44905464 0.78913132 0.41140093]
2.8707400000032797	[0.44933594 0.78932844 0.41165872]
2.8707500000032797	[0.44961684 0.78952603 0.41191615]
2.87076000000328	[0.44989735 0.78972408 0.41217322]
2.87077000000328	[0.45017747 0.78992259 0.41242993]
2.87078000000328	[0.4504572  0.79012157 0.41268628]
2.87079000000328	[0.45073654 0.79032101 0.41294228]
2.87080000000328	[0.45101549 0.79052091 0.41319791]
2.87081000000328	[0.45129404 0.79072127 0.41345319]
2.87082000000328	[0.4515722 0.7909221 0.4137081]
2.8708300000032803	[0.45184996 0.79112338 0.41396266]
2.8708400000032803	[0.45212734 0.79132512 0.41421685]
2.8708500000032804	[0.45240432 0.79152733 0.41447068]
2.8708600000032805	[0.4526809  0.79172999 0.41472416]
2.8708700000032805	[0.45295709 0.7919331  0.41497727]
2.8708800000032806	[0.45323289 0.79213668 0.41523002]
2.8708900000032807	[0.45350829 0.79234071 0.4154824 ]
2.8709000000032807	[0.4537833  0.79254519 0.41573443]
2.870910000003281	[0.45405791 0.79275013 0.41598609]
2.870920000003281	[0.45433213 0.79295552 0.41623739]
2.870930000003281	[0.45460595 0.79316137 0.41648833]
2.870940000003281	[0.45487937 0.79336767 0.41673891]
2.870950000003281	[0.4551524  0.79357442 0.41698912]
2.870960000003281	[0.45542503 0.79378163 0.41723897]
2.870970000003281	[0.45569726 0.79398928 0.41748845]
2.8709800000032812	[0.4559691  0.79419738 0.41773757]
2.8709900000032813	[0.45624054 0.79440594 0.41798633]
2.8710000000032814	[0.45651158 0.79461494 0.41823472]
2.8710100000032814	[0.45678222 0.79482439 0.41848274]
2.8710200000032815	[0.45705246 0.79503429 0.4187304 ]
2.8710300000032816	[0.45732231 0.79524463 0.4189777 ]
2.8710400000032816	[0.45759176 0.79545542 0.41922463]
2.8710500000032817	[0.4578608  0.79566665 0.41947119]
2.8710600000032818	[0.45812945 0.79587833 0.41971739]
2.871070000003282	[0.4583977  0.79609046 0.41996322]
2.871080000003282	[0.45866554 0.79630302 0.42020869]
2.871090000003282	[0.45893299 0.79651603 0.42045378]
2.871100000003282	[0.45920004 0.79672948 0.42069851]
2.871110000003282	[0.45946668 0.79694337 0.42094288]
2.871120000003282	[0.45973293 0.79715771 0.42118687]
2.8711300000032822	[0.45999877 0.79737248 0.4214305 ]
2.8711400000032823	[0.46026421 0.79758769 0.42167376]
2.8711500000032824	[0.46052925 0.79780334 0.42191665]
2.8711600000032824	[0.46079388 0.79801943 0.42215917]
2.8711700000032825	[0.46105812 0.79823596 0.42240133]
2.8711800000032826	[0.46132195 0.79845292 0.42264311]
2.8711900000032826	[0.46158538 0.79867032 0.42288452]
2.8712000000032827	[0.4618484  0.79888815 0.42312557]
2.8712100000032827	[0.46211103 0.79910642 0.42336625]
2.871220000003283	[0.46237324 0.79932512 0.42360655]
2.871230000003283	[0.46263506 0.79954426 0.42384649]
2.871240000003283	[0.46289647 0.79976383 0.42408605]
2.871250000003283	[0.46315747 0.79998383 0.42432524]
2.871260000003283	[0.46341807 0.80020426 0.42456407]
2.871270000003283	[0.46367827 0.80042512 0.42480252]
2.871280000003283	[0.46393805 0.80064641 0.4250406 ]
2.8712900000032833	[0.46419744 0.80086813 0.42527831]
2.8713000000032833	[0.46445642 0.80109028 0.42551564]
2.8713100000032834	[0.46471499 0.80131286 0.42575261]
2.8713200000032835	[0.46497315 0.80153586 0.4259892 ]
2.8713300000032835	[0.46523091 0.80175929 0.42622542]
2.8713400000032836	[0.46548827 0.80198315 0.42646127]
2.8713500000032837	[0.46574521 0.80220743 0.42669674]
2.8713600000032837	[0.46600175 0.80243214 0.42693184]
2.871370000003284	[0.46625788 0.80265727 0.42716657]
2.871380000003284	[0.4665136  0.80288282 0.42740092]
2.871390000003284	[0.46676892 0.8031088  0.4276349 ]
2.871400000003284	[0.46702382 0.8033352  0.4278685 ]
2.871410000003284	[0.46727832 0.80356202 0.42810173]
2.871420000003284	[0.46753241 0.80378926 0.42833459]
2.871430000003284	[0.46778609 0.80401692 0.42856707]
2.8714400000032843	[0.46803936 0.804245   0.42879918]
2.8714500000032843	[0.46829223 0.8044735  0.42903091]
2.8714600000032844	[0.46854468 0.80470241 0.42926227]
2.8714700000032845	[0.46879672 0.80493175 0.42949325]
2.8714800000032845	[0.46904836 0.8051615  0.42972386]
2.8714900000032846	[0.46929958 0.80539167 0.42995409]
2.8715000000032846	[0.46955039 0.80562225 0.43018394]
2.8715100000032847	[0.4698008  0.80585325 0.43041342]
2.871520000003285	[0.47005079 0.80608466 0.43064252]
2.871530000003285	[0.47030037 0.80631648 0.43087124]
2.871540000003285	[0.47054954 0.80654872 0.43109959]
2.871550000003285	[0.4707983  0.80678137 0.43132756]
2.871560000003285	[0.47104664 0.80701443 0.43155515]
2.871570000003285	[0.47129458 0.8072479  0.43178237]
2.871580000003285	[0.4715421  0.80748178 0.43200921]
2.8715900000032852	[0.47178921 0.80771607 0.43223567]
2.8716000000032853	[0.47203591 0.80795077 0.43246175]
2.8716100000032854	[0.4722822  0.80818587 0.43268746]
2.8716200000032854	[0.47252807 0.80842138 0.43291278]
2.8716300000032855	[0.47277353 0.8086573  0.43313773]
2.8716400000032856	[0.47301857 0.80889362 0.4333623 ]
2.8716500000032856	[0.47326321 0.80913035 0.43358649]
2.8716600000032857	[0.47350742 0.80936748 0.4338103 ]
2.8716700000032858	[0.47375123 0.80960502 0.43403373]
2.871680000003286	[0.47399462 0.80984295 0.43425678]
2.871690000003286	[0.4742376  0.81008129 0.43447945]
2.871700000003286	[0.47448016 0.81032003 0.43470174]
2.871710000003286	[0.4747223  0.81055918 0.43492365]
2.871720000003286	[0.47496403 0.81079872 0.43514518]
2.871730000003286	[0.47520535 0.81103866 0.43536633]
2.871740000003286	[0.47544625 0.811279   0.4355871 ]
2.8717500000032863	[0.47568673 0.81151974 0.43580749]
2.8717600000032864	[0.4759268  0.81176087 0.43602749]
2.8717700000032864	[0.47616646 0.81200241 0.43624712]
2.8717800000032865	[0.47640569 0.81224434 0.43646637]
2.8717900000032865	[0.47664451 0.81248666 0.43668523]
2.8718000000032866	[0.47688292 0.81272938 0.43690371]
2.8718100000032867	[0.4771209 0.8129725 0.4371218]
2.8718200000032867	[0.47735847 0.813216   0.43733952]
2.871830000003287	[0.47759562 0.81345991 0.43755685]
2.871840000003287	[0.47783236 0.8137042  0.43777381]
2.871850000003287	[0.47806868 0.81394888 0.43799037]
2.871860000003287	[0.47830458 0.81419396 0.43820656]
2.871870000003287	[0.47854006 0.81443943 0.43842236]
2.871880000003287	[0.47877512 0.81468528 0.43863778]
2.871890000003287	[0.47900977 0.81493153 0.43885282]
2.8719000000032873	[0.47924399 0.81517816 0.43906747]
2.8719100000032873	[0.4794778  0.81542518 0.43928174]
2.8719200000032874	[0.47971119 0.81567259 0.43949563]
2.8719300000032875	[0.47994416 0.81592038 0.43970913]
2.8719400000032875	[0.48017671 0.81616856 0.43992224]
2.8719500000032876	[0.48040884 0.81641712 0.44013498]
2.8719600000032877	[0.48064055 0.81666607 0.44034732]
2.8719700000032877	[0.48087185 0.8169154  0.44055929]
2.871980000003288	[0.48110272 0.81716511 0.44077086]
2.871990000003288	[0.48133317 0.8174152  0.44098206]
2.872000000003288	[0.4815632  0.81766568 0.44119287]
2.872010000003288	[0.48179281 0.81791654 0.44140329]
2.872020000003288	[0.482022   0.81816777 0.44161333]
2.872030000003288	[0.48225077 0.81841939 0.44182298]
2.872040000003288	[0.48247928 0.81867167 0.44203238]
2.8720500000032883	[0.48270686 0.81892343 0.44224095]
2.8720600000032883	[0.48293455 0.81917652 0.44244961]
2.8720700000032884	[0.48316163 0.81942964 0.44265771]
2.8720800000032884	[0.4833883  0.81968313 0.44286543]
2.8720900000032885	[0.48361454 0.819937   0.44307276]
2.8721000000032886	[0.48384035 0.82019125 0.44327971]
2.8721100000032886	[0.48406575 0.82044587 0.44348627]
2.8721200000032887	[0.48429072 0.82070086 0.44369244]
2.8721300000032888	[0.48451541 0.82095658 0.44389835]
2.872140000003289	[0.48473937 0.82121198 0.44410359]
2.872150000003289	[0.48496308 0.8214681  0.4443086 ]
2.872160000003289	[0.48518636 0.82172458 0.44451323]
2.872170000003289	[0.48540922 0.82198143 0.44471746]
2.872180000003289	[0.48563166 0.82223866 0.44492131]
2.872190000003289	[0.48585367 0.82249625 0.44512477]
2.8722000000032892	[0.48607526 0.82275421 0.44532784]
2.8722100000032893	[0.48629642 0.82301254 0.44553052]
2.8722200000032894	[0.48651717 0.82327123 0.44573281]
2.8722300000032894	[0.48673737 0.82352989 0.44593462]
2.8722400000032895	[0.48695741 0.8237897  0.44613627]
2.8722500000032896	[0.48717688 0.82404949 0.44633739]
2.8722600000032896	[0.48739593 0.82430964 0.44653813]
2.8722700000032897	[0.48761454 0.82457015 0.44673848]
2.8722800000032898	[0.48783274 0.82483103 0.44693844]
2.87229000000329	[0.48805051 0.82509227 0.44713801]
2.87230000000329	[0.48826785 0.82535386 0.44733718]
2.87231000000329	[0.48848477 0.82561582 0.44753597]
2.87232000000329	[0.48870126 0.82587814 0.44773437]
2.87233000000329	[0.48891733 0.82614081 0.44793238]
2.87234000000329	[0.48913297 0.82640385 0.44813   ]
2.87235000000329	[0.48934819 0.82666724 0.44832723]
2.8723600000032903	[0.48956298 0.82693099 0.44852407]
2.8723700000032903	[0.48977734 0.82719509 0.44872051]
2.8723800000032904	[0.48999128 0.82745956 0.44891657]
2.8723900000032905	[0.49020478 0.82772438 0.44911223]
2.8724000000032905	[0.49041787 0.82798954 0.44930751]
2.8724100000032906	[0.49063053 0.82825507 0.4495024 ]
2.8724200000032907	[0.49084276 0.82852094 0.44969689]
2.8724300000032907	[0.49105457 0.82878718 0.44989099]
2.872440000003291	[0.49126594 0.82905376 0.4500847 ]
2.872450000003291	[0.49147689 0.82932069 0.45027802]
2.872460000003291	[0.49168749 0.82958804 0.45047102]
2.872470000003291	[0.49189752 0.8298556  0.4506635 ]
2.872480000003291	[0.49210719 0.83012359 0.45085564]
2.872490000003291	[0.49231643 0.83039193 0.45104739]
2.872500000003291	[0.49252525 0.83066061 0.45123876]
2.8725100000032913	[0.49273363 0.83092964 0.45142973]
2.8725200000032913	[0.49294159 0.83119902 0.4516203 ]
2.8725300000032914	[0.49314912 0.83146874 0.45181049]
2.8725400000032915	[0.49335623 0.83173881 0.45200028]
2.8725500000032915	[0.4935629  0.83200922 0.45218968]
2.8725600000032916	[0.49376915 0.83228002 0.45237869]
2.8725700000032917	[0.49397496 0.83255107 0.4525673 ]
2.8725800000032917	[0.49418035 0.83282251 0.45275552]
2.872590000003292	[0.49438531 0.83309429 0.45294335]
2.872600000003292	[0.49458984 0.83336642 0.45313079]
2.872610000003292	[0.49479394 0.83363888 0.45331783]
2.872620000003292	[0.49499762 0.83391168 0.45350448]
2.872630000003292	[0.49520086 0.83418482 0.45369073]
2.872640000003292	[0.49540367 0.83445829 0.45387659]
2.872650000003292	[0.49560606 0.83473211 0.45406206]
2.8726600000032922	[0.49580801 0.83500626 0.45424714]
2.8726700000032923	[0.49600954 0.83528074 0.45443182]
2.8726800000032924	[0.49621063 0.83555557 0.4546161 ]
2.8726900000032924	[0.49641129 0.83583072 0.45479999]
2.8727000000032925	[0.49661153 0.83610622 0.45498349]
2.8727100000032926	[0.49681133 0.83638204 0.45516659]
2.8727200000032926	[0.49701071 0.8366582  0.4553493 ]
2.8727300000032927	[0.49720965 0.83693469 0.45553161]
2.8727400000032928	[0.49740816 0.83721152 0.45571353]
2.872750000003293	[0.49760624 0.83748867 0.45589506]
2.872760000003293	[0.49780389 0.83776616 0.45607618]
2.872770000003293	[0.49800111 0.83804397 0.45625692]
2.872780000003293	[0.4981979  0.83832212 0.45643726]
2.872790000003293	[0.49839425 0.83860059 0.4566172 ]
2.872800000003293	[0.49859018 0.83887939 0.45679675]
2.8728100000032932	[0.49878567 0.83915852 0.4569759 ]
2.8728200000032933	[0.49898073 0.83943798 0.45715466]
2.8728300000032934	[0.49917537 0.83971776 0.45733302]
2.8728400000032934	[0.49936956 0.83999787 0.45751098]
2.8728500000032935	[0.49956333 0.8402783  0.45768855]
2.8728600000032936	[0.49975667 0.84055906 0.45786572]
2.8728700000032936	[0.49994957 0.84084014 0.4580425 ]
2.8728800000032937	[0.50014204 0.84112154 0.45821888]
2.8728900000032938	[0.50033393 0.84140373 0.45839473]
2.872900000003294	[0.50052579 0.84168484 0.45857056]
2.872910000003294	[0.50071671 0.84196814 0.45874551]
2.872920000003294	[0.50090756 0.84225035 0.45892041]
2.872930000003294	[0.50109786 0.84253335 0.45909481]
2.872940000003294	[0.50128774 0.84281668 0.45926881]
2.872950000003294	[0.50147718 0.84310032 0.45944241]
2.872960000003294	[0.50166619 0.84338428 0.45961562]
2.8729700000032943	[0.50185477 0.84366855 0.45978843]
2.8729800000032943	[0.50204291 0.84395314 0.45996085]
2.8729900000032944	[0.50223062 0.84423805 0.46013287]
2.8730000000032945	[0.5024179  0.84452326 0.46030449]
2.8730100000032945	[0.50260474 0.8448088  0.46047571]
2.8730200000032946	[0.50279115 0.84509464 0.46064654]
2.8730300000032947	[0.50297713 0.8453808  0.46081696]
2.8730400000032947	[0.50316267 0.84566726 0.460987  ]
2.873050000003295	[0.50334778 0.84595404 0.46115663]
2.873060000003295	[0.50353245 0.84624113 0.46132586]
2.873070000003295	[0.50371669 0.84652853 0.4614947 ]
2.873080000003295	[0.5039005  0.84681624 0.46166314]
2.873090000003295	[0.50408387 0.84710426 0.46183118]
2.873100000003295	[0.50426681 0.84739258 0.46199883]
2.873110000003295	[0.50444931 0.84768121 0.46216607]
2.8731200000032953	[0.50463138 0.84797015 0.46233292]
2.8731300000032953	[0.50481302 0.8482594  0.46249937]
2.8731400000032954	[0.50499422 0.84854895 0.46266542]
2.8731500000032955	[0.50517499 0.84883881 0.46283108]
2.8731600000032955	[0.50535532 0.84912897 0.46299633]
2.8731700000032956	[0.50553522 0.84941944 0.46316119]
2.8731800000032957	[0.50571468 0.8497102  0.46332565]
2.8731900000032957	[0.50589371 0.85000127 0.46348971]
2.873200000003296	[0.50607231 0.85029265 0.46365337]
2.873210000003296	[0.50625046 0.85058432 0.46381663]
2.873220000003296	[0.50642819 0.8508763  0.4639795 ]
2.873230000003296	[0.50660548 0.85116857 0.46414197]
2.873240000003296	[0.50678234 0.85146115 0.46430404]
2.873250000003296	[0.50695876 0.85175402 0.4644657 ]
2.873260000003296	[0.50713474 0.85204719 0.46462697]
2.8732700000032962	[0.50731029 0.85234066 0.46478785]
2.8732800000032963	[0.50748541 0.85263443 0.46494832]
2.8732900000032964	[0.50766009 0.85292849 0.46510839]
2.8733000000032964	[0.50783433 0.85322284 0.46526807]
2.8733100000032965	[0.50800814 0.85351749 0.46542734]
2.8733200000032966	[0.50818151 0.85381243 0.46558622]
2.8733300000032966	[0.50835445 0.85410767 0.4657447 ]
2.8733400000032967	[0.50852695 0.8544032  0.46590278]
2.8733500000032968	[0.50869902 0.85469901 0.46606045]
2.873360000003297	[0.50887065 0.85499512 0.46621773]
2.873370000003297	[0.50904184 0.85529152 0.46637461]
2.873380000003297	[0.5092126  0.85558821 0.46653109]
2.873390000003297	[0.50938292 0.85588519 0.46668717]
2.873400000003297	[0.50955281 0.85618246 0.46684285]
2.873410000003297	[0.50972226 0.85648001 0.46699813]
2.8734200000032972	[0.50989127 0.85677785 0.46715301]
2.8734300000032973	[0.51005985 0.85707597 0.46730749]
2.8734400000032974	[0.51022799 0.85737439 0.46746157]
2.8734500000032974	[0.51039569 0.85767308 0.46761525]
2.8734600000032975	[0.51056296 0.85797206 0.46776853]
2.8734700000032976	[0.51072979 0.85827133 0.46792141]
2.8734800000032976	[0.51089618 0.85857088 0.46807389]
2.8734900000032977	[0.51106214 0.85887071 0.46822597]
2.8735000000032977	[0.51122766 0.85917082 0.46837764]
2.873510000003298	[0.51139274 0.85947121 0.46852892]
2.873520000003298	[0.51155739 0.85977189 0.4686798 ]
2.873530000003298	[0.5117216  0.86007284 0.46883028]
2.873540000003298	[0.51188537 0.86037408 0.46898035]
2.873550000003298	[0.51204871 0.86067559 0.46913003]
2.873560000003298	[0.51221161 0.86097738 0.46927931]
2.873570000003298	[0.51237407 0.86127945 0.46942818]
2.8735800000032983	[0.5125361  0.8615818  0.46957666]
2.8735900000032983	[0.51269769 0.86188442 0.46972473]
2.8736000000032984	[0.51285884 0.86218732 0.4698724 ]
2.8736100000032985	[0.51301955 0.8624905  0.47001968]
2.8736200000032985	[0.51317983 0.86279395 0.47016655]
2.8736300000032986	[0.51333967 0.86309767 0.47031302]
2.8736400000032987	[0.51349907 0.86340167 0.47045909]
2.8736500000032987	[0.51365803 0.86370594 0.47060476]
2.873660000003299	[0.51381656 0.86401048 0.47075003]
2.873670000003299	[0.51397465 0.8643153  0.47089489]
2.873680000003299	[0.51413231 0.86462038 0.47103936]
2.873690000003299	[0.51428952 0.86492574 0.47118343]
2.873700000003299	[0.5144463  0.86523136 0.47132709]
2.873710000003299	[0.51460264 0.86553726 0.47147036]
2.873720000003299	[0.51475854 0.86584342 0.47161322]
2.8737300000032993	[0.51491401 0.86614985 0.47175568]
2.8737400000032993	[0.51506904 0.86645655 0.47189774]
2.8737500000032994	[0.51522363 0.86676351 0.4720394 ]
2.8737600000032995	[0.51537778 0.86707074 0.47218066]
2.8737700000032995	[0.5155315  0.86737824 0.47232151]
2.8737800000032996	[0.51568477 0.867686   0.47246197]
2.8737900000032996	[0.51583761 0.86799402 0.47260202]
2.8738000000032997	[0.51599001 0.86830231 0.47274168]
2.8738100000033	[0.51614198 0.86861086 0.47288093]
2.8738200000033	[0.5162935  0.86891967 0.47301978]
2.8738300000033	[0.51644459 0.86922875 0.47315823]
2.8738400000033	[0.51659524 0.86953808 0.47329628]
2.8738500000033	[0.51674545 0.86984768 0.47343392]
2.8738600000033	[0.51689523 0.87015753 0.47357116]
2.8738700000033	[0.51704456 0.87046764 0.47370801]
2.8738800000033002	[0.51719346 0.87077802 0.47384445]
2.8738900000033003	[0.51734192 0.87108864 0.47398049]
2.8739000000033004	[0.51748994 0.87139953 0.47411612]
2.8739100000033004	[0.51763752 0.87171067 0.47425136]
2.8739200000033005	[0.51778467 0.87202207 0.47438619]
2.8739300000033006	[0.51793137 0.87233373 0.47452063]
2.8739400000033006	[0.51807764 0.87264563 0.47465466]
2.8739500000033007	[0.51822347 0.87295779 0.47478829]
2.8739600000033008	[0.51836886 0.87327021 0.47492151]
2.873970000003301	[0.51851382 0.87358288 0.47505434]
2.873980000003301	[0.51865833 0.8738958  0.47518676]
2.873990000003301	[0.51880241 0.87420897 0.47531878]
2.874000000003301	[0.51894604 0.87452239 0.4754504 ]
2.874010000003301	[0.51908924 0.87483606 0.47558162]
2.874020000003301	[0.519232   0.87514998 0.47571244]
2.874030000003301	[0.51937433 0.87546415 0.47584285]
2.8740400000033013	[0.51951621 0.87577857 0.47597286]
2.8740500000033014	[0.51965766 0.87609324 0.47610247]
2.8740600000033014	[0.51979866 0.87640815 0.47623168]
2.8740700000033015	[0.51993923 0.87672331 0.47636049]
2.8740800000033015	[0.52007936 0.87703872 0.47648889]
2.8740900000033016	[0.52021906 0.87735437 0.47661689]
2.8741000000033017	[0.52035831 0.87767026 0.47674449]
2.8741100000033017	[0.52049712 0.8779864  0.47687169]
2.874120000003302	[0.5206355  0.87830278 0.47699849]
2.874130000003302	[0.52077344 0.87861941 0.47712488]
2.874140000003302	[0.52091094 0.87893628 0.47725088]
2.874150000003302	[0.521048   0.87925339 0.47737647]
2.874160000003302	[0.52118463 0.87957074 0.47750166]
2.874170000003302	[0.52132081 0.87988833 0.47762645]
2.874180000003302	[0.52145656 0.88020616 0.47775083]
2.8741900000033023	[0.52159187 0.88052423 0.47787482]
2.8742000000033023	[0.52172674 0.88084253 0.4779984 ]
2.8742100000033024	[0.52186117 0.88116108 0.47812158]
2.8742200000033025	[0.52199517 0.88147986 0.47824436]
2.8742300000033025	[0.52212872 0.88179888 0.47836674]
2.8742400000033026	[0.52226184 0.88211814 0.47848871]
2.8742500000033027	[0.52239452 0.88243763 0.47861029]
2.8742600000033027	[0.52252676 0.88275736 0.47873146]
2.874270000003303	[0.52265856 0.88307732 0.47885223]
2.874280000003303	[0.52278993 0.88339751 0.4789726 ]
2.874290000003303	[0.52292085 0.88371794 0.47909257]
2.874300000003303	[0.52305134 0.8840386  0.47921213]
2.874310000003303	[0.52318139 0.88435949 0.47933129]
2.874320000003303	[0.523311   0.88468061 0.47945006]
2.874330000003303	[0.52344017 0.88500197 0.47956841]
2.8743400000033033	[0.52356891 0.88532355 0.47968637]
2.8743500000033033	[0.5236972  0.88564536 0.47980393]
2.8743600000033034	[0.52382506 0.8859674  0.47992108]
2.8743700000033034	[0.52395248 0.88628967 0.48003783]
2.8743800000033035	[0.52407946 0.88661217 0.48015419]
2.8743900000033036	[0.52420601 0.88693489 0.48027013]
2.8744000000033036	[0.52433211 0.88725784 0.48038568]
2.8744100000033037	[0.52445778 0.88758102 0.48050083]
2.8744200000033038	[0.524583   0.88790442 0.48061557]
2.874430000003304	[0.52470779 0.88822805 0.48072991]
2.874440000003304	[0.52483215 0.8885519  0.48084385]
2.874450000003304	[0.52495606 0.88887597 0.48095739]
2.874460000003304	[0.52507954 0.88920027 0.48107053]
2.874470000003304	[0.52520257 0.88952478 0.48118326]
2.874480000003304	[0.52532517 0.88984952 0.4812956 ]
2.8744900000033042	[0.52544733 0.89017448 0.48140753]
2.8745000000033043	[0.52556906 0.89049966 0.48151906]
2.8745100000033044	[0.52569034 0.89082507 0.48163019]
2.8745200000033044	[0.52581119 0.89115068 0.48174091]
2.8745300000033045	[0.5259316  0.89147652 0.48185124]
2.8745400000033046	[0.52605157 0.89180258 0.48196116]
2.8745500000033046	[0.5261711  0.89212885 0.48207069]
2.8745600000033047	[0.5262902  0.89245534 0.48217981]
2.8745700000033048	[0.52640885 0.89278204 0.48228853]
2.874580000003305	[0.52652707 0.89310897 0.48239685]
2.874590000003305	[0.52664485 0.8934361  0.48250476]
2.874600000003305	[0.5267622  0.89376345 0.48261228]
2.874610000003305	[0.52687911 0.89409102 0.4827194 ]
2.874620000003305	[0.52699557 0.89441879 0.48282611]
2.874630000003305	[0.5271116  0.89474678 0.48293242]
2.874640000003305	[0.5272272  0.89507499 0.48303833]
2.8746500000033053	[0.52734235 0.8954034  0.48314384]
2.8746600000033053	[0.52745707 0.89573202 0.48324895]
2.8746700000033054	[0.52757135 0.89606085 0.48335366]
2.8746800000033055	[0.52768519 0.8963899  0.48345796]
2.8746900000033055	[0.5277986  0.89671915 0.48356187]
2.8747000000033056	[0.52791157 0.89704861 0.48366537]
2.8747100000033057	[0.5280241  0.89737828 0.48376848]
2.8747200000033057	[0.52813619 0.89770815 0.48387118]
2.874730000003306	[0.52824784 0.89803824 0.48397348]
2.874740000003306	[0.52835906 0.89836852 0.48407538]
2.874750000003306	[0.52846984 0.89869902 0.48417688]
2.874760000003306	[0.52858019 0.89902972 0.48427798]
2.874770000003306	[0.52869009 0.89936062 0.48437867]
2.874780000003306	[0.52879956 0.89969173 0.48447897]
2.874790000003306	[0.52890859 0.90002304 0.48457887]
2.8748000000033063	[0.52901719 0.90035455 0.48467836]
2.8748100000033063	[0.52912538 0.90068617 0.48477749]
2.8748200000033064	[0.52923306 0.90101819 0.48487615]
2.8748300000033065	[0.52934035 0.90135031 0.48497444]
2.8748400000033065	[0.52944719 0.90168262 0.48507233]
2.8748500000033066	[0.5295536  0.90201514 0.48516982]
2.8748600000033067	[0.52965957 0.90234785 0.48526691]
2.8748700000033067	[0.5297651  0.90268076 0.4853636 ]
2.874880000003307	[0.5298702  0.90301387 0.48545989]
2.874890000003307	[0.52997486 0.90334718 0.48555578]
2.874900000003307	[0.53007909 0.90368068 0.48565127]
2.874910000003307	[0.53018287 0.90401438 0.48574636]
2.874920000003307	[0.53028622 0.90434828 0.48584105]
2.874930000003307	[0.53038914 0.90468237 0.48593533]
2.874940000003307	[0.53049162 0.90501665 0.48602922]
2.8749500000033072	[0.53059365 0.90535114 0.48612271]
2.8749600000033073	[0.53069526 0.90568581 0.4862158 ]
2.8749700000033074	[0.53079643 0.90602067 0.48630848]
2.8749800000033074	[0.53089695 0.90635546 0.48640059]
2.8749900000033075	[0.53099749 0.90669094 0.48649269]
2.8750000000033076	[0.53109735 0.90702638 0.48658418]
2.8750100000033076	[0.53119677 0.90736201 0.48667527]
2.8750200000033077	[0.53129576 0.90769783 0.48676595]
2.8750300000033078	[0.53139431 0.90803384 0.48685624]
2.875040000003308	[0.53149242 0.90837003 0.48694613]
2.875050000003308	[0.5315901  0.90870642 0.48703561]
2.875060000003308	[0.53168734 0.90904299 0.4871247 ]
2.875070000003308	[0.53178415 0.90937975 0.48721339]
2.875080000003308	[0.53188052 0.90971669 0.48730168]
2.875090000003308	[0.53197645 0.91005382 0.48738957]
2.8751000000033082	[0.53207195 0.91039114 0.48747706]
2.8751100000033083	[0.53216701 0.91072863 0.48756415]
2.8751200000033084	[0.53226164 0.91106631 0.48765084]
2.8751300000033084	[0.53235583 0.91140418 0.48773713]
2.8751400000033085	[0.53244959 0.91174223 0.48782303]
2.8751500000033086	[0.53254291 0.91208046 0.48790852]
2.8751600000033086	[0.5326358  0.91241887 0.48799361]
2.8751700000033087	[0.53272825 0.91275746 0.48807831]
2.8751800000033088	[0.53282026 0.91309623 0.48816261]
2.875190000003309	[0.53291185 0.91343518 0.48824651]
2.875200000003309	[0.53300299 0.91377431 0.48833   ]
2.875210000003309	[0.53309371 0.91411362 0.48841311]
2.875220000003309	[0.53318398 0.91445311 0.48849581]
2.875230000003309	[0.53327383 0.91479278 0.48857812]
2.875240000003309	[0.53336324 0.91513262 0.48866002]
2.875250000003309	[0.53345221 0.91547264 0.48874153]
2.8752600000033093	[0.53354075 0.91581284 0.48882264]
2.8752700000033093	[0.53362885 0.91615321 0.48890336]
2.8752800000033094	[0.53371653 0.91649376 0.48898367]
2.8752900000033095	[0.53380376 0.91683448 0.48906359]
2.8753000000033095	[0.53389057 0.91717537 0.48914311]
2.8753100000033096	[0.53397694 0.91751644 0.48922223]
2.8753200000033097	[0.53406287 0.91785768 0.48930095]
2.8753300000033097	[0.53414837 0.91819909 0.48937927]
2.87534000000331	[0.53423344 0.91854067 0.4894572 ]
2.87535000000331	[0.53431807 0.91888242 0.48953473]
2.87536000000331	[0.53440227 0.91922435 0.48961186]
2.87537000000331	[0.53448604 0.91956644 0.4896886 ]
2.87538000000331	[0.53456937 0.9199087  0.48976493]
2.87539000000331	[0.53465227 0.92025113 0.48984087]
2.87540000000331	[0.53473474 0.92059372 0.48991641]
2.8754100000033103	[0.53481677 0.92093648 0.48999156]
2.8754200000033103	[0.53489837 0.92127941 0.4900663 ]
2.8754300000033104	[0.53497953 0.92162251 0.49014065]
2.8754400000033105	[0.53506026 0.92196577 0.4902146 ]
2.8754500000033105	[0.53514056 0.92230919 0.49028816]
2.8754600000033106	[0.53522043 0.92265278 0.49036132]
2.8754700000033107	[0.53529986 0.92299653 0.49043408]
2.8754800000033107	[0.53537904 0.92334023 0.49050662]
2.875490000003311	[0.53545742 0.92368456 0.49057841]
2.875500000003311	[0.53553555 0.92402879 0.49064998]
2.875510000003311	[0.53561325 0.92437318 0.49072115]
2.875520000003311	[0.53569052 0.92471774 0.49079192]
2.875530000003311	[0.53576735 0.92506245 0.4908623 ]
2.875540000003311	[0.53584376 0.92540733 0.49093229]
2.875550000003311	[0.53591973 0.92575236 0.49100187]
2.8755600000033112	[0.53599526 0.92609756 0.49107106]
2.8755700000033113	[0.53607037 0.92644291 0.49113986]
2.8755800000033114	[0.53614504 0.92678842 0.49120826]
2.8755900000033114	[0.53621928 0.92713409 0.49127626]
2.8756000000033115	[0.53629309 0.92747991 0.49134387]
2.8756100000033116	[0.53636647 0.92782589 0.49141108]
2.8756200000033116	[0.53643942 0.92817203 0.49147789]
2.8756300000033117	[0.53651193 0.92851832 0.49154431]
2.8756400000033118	[0.53658402 0.92886477 0.49161034]
2.875650000003312	[0.53665567 0.92921137 0.49167596]
2.875660000003312	[0.53672689 0.92955812 0.4917412 ]
2.875670000003312	[0.53679768 0.92990503 0.49180604]
2.875680000003312	[0.53686804 0.93025209 0.49187048]
2.875690000003312	[0.53693797 0.93059929 0.49193453]
2.875700000003312	[0.53700747 0.93094665 0.49199818]
2.8757100000033122	[0.53707653 0.93129415 0.49206144]
2.8757200000033123	[0.53714517 0.93164181 0.49212431]
2.8757300000033124	[0.53721338 0.93198962 0.49218678]
2.8757400000033124	[0.53728115 0.93233757 0.49224885]
2.8757500000033125	[0.5373485  0.93268567 0.49231053]
2.8757600000033126	[0.53741541 0.93303391 0.49237182]
2.8757700000033126	[0.5374819  0.9333823  0.49243271]
2.8757800000033127	[0.53754795 0.93373084 0.4924932 ]
2.8757900000033128	[0.53761358 0.93407952 0.49255331]
2.875800000003313	[0.53767877 0.93442834 0.49261302]
2.875810000003313	[0.53774354 0.93477731 0.49267233]
2.875820000003313	[0.53780787 0.93512642 0.49273125]
2.875830000003313	[0.53787178 0.93547567 0.49278978]
2.875840000003313	[0.53793526 0.93582506 0.49284791]
2.875850000003313	[0.5379983  0.9361746  0.49290565]
2.875860000003313	[0.53806092 0.93652428 0.492963  ]
2.8758700000033133	[0.53812311 0.9368741  0.49301995]
2.8758800000033133	[0.53818487 0.93722406 0.49307651]
2.8758900000033134	[0.5382462  0.93757415 0.49313268]
2.8759000000033135	[0.5383071  0.93792439 0.49318845]
2.8759100000033135	[0.53836757 0.93827477 0.49324383]
2.8759200000033136	[0.53842762 0.93862528 0.49329882]
2.8759300000033137	[0.53848724 0.93897594 0.49335341]
2.8759400000033137	[0.53854643 0.93932673 0.49340761]
2.875950000003314	[0.53860519 0.93967765 0.49346143]
2.875960000003314	[0.53866352 0.94002872 0.49351484]
2.875970000003314	[0.53872111 0.94037998 0.49356757]
2.875980000003314	[0.53877893 0.94073119 0.49362053]
2.875990000003314	[0.53883598 0.94108267 0.49367277]
2.876000000003314	[0.53889261 0.94143428 0.49372462]
2.876010000003314	[0.5389488  0.94178602 0.49377608]
2.8760200000033143	[0.53900457 0.94213789 0.49382715]
2.8760300000033143	[0.53905991 0.94248989 0.49387783]
2.8760400000033144	[0.53911483 0.94284203 0.49392811]
2.8760500000033145	[0.53916932 0.94319429 0.49397801]
2.8760600000033145	[0.53922338 0.94354669 0.49402751]
2.8760700000033146	[0.53927701 0.94389921 0.49407662]
2.8760800000033147	[0.53933022 0.94425186 0.49412534]
2.8760900000033147	[0.53938301 0.94460464 0.49417367]
2.876100000003315	[0.53943536 0.94495754 0.49422161]
2.876110000003315	[0.53948729 0.94531057 0.49426916]
2.876120000003315	[0.5395388  0.94566373 0.49431632]
2.876130000003315	[0.53958988 0.94601701 0.49436309]
2.876140000003315	[0.53964053 0.94637041 0.49440947]
2.876150000003315	[0.53969076 0.94672394 0.49445545]
2.876160000003315	[0.53974057 0.9470776  0.49450105]
2.8761700000033152	[0.53978995 0.94743137 0.49454626]
2.8761800000033153	[0.5398389  0.94778527 0.49459108]
2.8761900000033154	[0.53988743 0.94813929 0.49463551]
2.8762000000033154	[0.53993553 0.94849344 0.49467955]
2.8762100000033155	[0.53998321 0.9488477  0.4947232 ]
2.8762200000033156	[0.54003046 0.94920209 0.49476646]
2.8762300000033156	[0.54007731 0.94955662 0.49480935]
2.8762400000033157	[0.5401237  0.94991123 0.49485181]
2.8762500000033158	[0.54016968 0.95026598 0.49489391]
2.876260000003316	[0.54021524 0.95062084 0.49493561]
2.876270000003316	[0.54026037 0.95097583 0.49497693]
2.876280000003316	[0.54030508 0.95133093 0.49501786]
2.876290000003316	[0.54034937 0.95168615 0.4950584 ]
2.876300000003316	[0.54039323 0.95204149 0.49509856]
2.876310000003316	[0.54043668 0.95239695 0.49513832]
2.8763200000033162	[0.54047969 0.95275252 0.4951777 ]
2.8763300000033163	[0.54052226 0.95310815 0.49521666]
2.8763400000033164	[0.54056447 0.953464   0.4952553 ]
2.8763500000033164	[0.54060622 0.95381992 0.49529351]
2.8763600000033165	[0.54064754 0.95417594 0.49533134]
2.8763700000033166	[0.54068845 0.95453208 0.49536878]
2.8763800000033166	[0.54072893 0.95488834 0.49540583]
2.8763900000033167	[0.54076899 0.9552447  0.4954425 ]
2.8764000000033167	[0.54080863 0.95560117 0.49547878]
2.876410000003317	[0.54084784 0.95595776 0.49551467]
2.876420000003317	[0.54088663 0.95631445 0.49555017]
2.876430000003317	[0.54092501 0.95667125 0.49558529]
2.876440000003317	[0.54096296 0.95702816 0.49562002]
2.876450000003317	[0.54100049 0.95738518 0.49565437]
2.876460000003317	[0.54103759 0.9577423  0.49568833]
2.876470000003317	[0.54107428 0.95809953 0.4957219 ]
2.8764800000033173	[0.54111055 0.95845686 0.49575509]
2.8764900000033173	[0.54114639 0.9588143  0.49578789]
2.8765000000033174	[0.54118181 0.95917185 0.4958203 ]
2.8765100000033175	[0.54121682 0.95952949 0.49585233]
2.8765200000033175	[0.5412514  0.95988725 0.49588398]
2.8765300000033176	[0.54128556 0.9602451  0.49591524]
2.8765400000033177	[0.54131931 0.96060306 0.49594611]
2.8765500000033177	[0.54135263 0.96096112 0.4959766 ]
2.876560000003318	[0.54138553 0.96131928 0.49600671]
2.876570000003318	[0.54141802 0.96167754 0.49603643]
2.876580000003318	[0.54145008 0.96203591 0.49606576]
2.876590000003318	[0.54148173 0.96239437 0.49609471]
2.876600000003318	[0.54151295 0.96275293 0.49612328]
2.876610000003318	[0.54154376 0.96311159 0.49615147]
2.876620000003318	[0.54157415 0.96347035 0.49617927]
2.8766300000033183	[0.54160413 0.96382921 0.49620668]
2.8766400000033183	[0.54163369 0.96418819 0.49623373]
2.8766500000033184	[0.54166281 0.96454722 0.49626036]
2.8766600000033185	[0.54169153 0.96490637 0.49628663]
2.8766700000033185	[0.54171983 0.96526561 0.49631252]
2.8766800000033186	[0.54174772 0.96562495 0.49633802]
2.8766900000033186	[0.54177518 0.96598438 0.49636314]
2.8767000000033187	[0.54180224 0.96634391 0.49638788]
2.876710000003319	[0.54182887 0.96670352 0.49641224]
2.876720000003319	[0.54185509 0.96706323 0.49643621]
2.876730000003319	[0.54188089 0.96742304 0.49645981]
2.876740000003319	[0.54190627 0.96778293 0.49648302]
2.876750000003319	[0.54193124 0.96814291 0.49650585]
2.876760000003319	[0.54195579 0.96850299 0.4965283 ]
2.876770000003319	[0.54197993 0.96886315 0.49655037]
2.8767800000033192	[0.54200365 0.9692234  0.49657206]
2.8767900000033193	[0.54202696 0.96958373 0.49659336]
2.8768000000033194	[0.54204985 0.96994416 0.49661429]
2.8768100000033194	[0.54207233 0.97030467 0.49663483]
2.8768200000033195	[0.54209439 0.97066527 0.496655  ]
2.8768300000033196	[0.54211604 0.97102595 0.49667478]
2.8768400000033196	[0.54213727 0.97138671 0.49669419]
2.8768500000033197	[0.54215809 0.97174757 0.49671321]
2.8768600000033198	[0.54217849 0.9721085  0.49673186]
2.87687000000332	[0.54219848 0.97246952 0.49675013]
2.87688000000332	[0.54221806 0.97283062 0.49676801]
2.87689000000332	[0.54223722 0.9731918  0.49678552]
2.87690000000332	[0.54225597 0.97355306 0.49680265]
2.87691000000332	[0.54227431 0.97391441 0.4968194 ]
2.87692000000332	[0.54229223 0.97427583 0.49683577]
2.87693000000332	[0.54230974 0.97463734 0.49685176]
2.8769400000033203	[0.54232683 0.97499892 0.49686737]
2.8769500000033204	[0.54234352 0.97536058 0.49688261]
2.8769600000033204	[0.54235979 0.97572232 0.49689746]
2.8769700000033205	[0.54237565 0.97608414 0.49691194]
2.8769800000033205	[0.5423911  0.97644604 0.49692604]
2.8769900000033206	[0.54240613 0.97680801 0.49693977]
2.8770000000033207	[0.54242077 0.97717009 0.49695313]
2.8770100000033207	[0.54243497 0.97753218 0.49696608]
2.877020000003321	[0.54244877 0.97789438 0.49697867]
2.877030000003321	[0.54246216 0.97825665 0.49699089]
2.877040000003321	[0.54247514 0.978619   0.49700273]
2.877050000003321	[0.54248771 0.97898141 0.49701419]
2.877060000003321	[0.54249987 0.9793439  0.49702528]
2.877070000003321	[0.54251162 0.97970647 0.49703599]
2.877080000003321	[0.54252295 0.9800691  0.49704632]
2.8770900000033213	[0.54253388 0.9804318  0.49705628]
2.8771000000033213	[0.5425444  0.98079458 0.49706586]
2.8771100000033214	[0.54255451 0.98115742 0.49707507]
2.8771200000033215	[0.54256421 0.98152033 0.4970839 ]
2.8771300000033215	[0.5425735  0.98188331 0.49709236]
2.8771400000033216	[0.54258239 0.98224636 0.49710044]
2.8771500000033217	[0.54259086 0.98260947 0.49710815]
2.8771600000033217	[0.54259893 0.98297266 0.49711549]
2.877170000003322	[0.54260659 0.9833359  0.49712245]
2.877180000003322	[0.54261384 0.98369922 0.49712903]
2.877190000003322	[0.54262068 0.9840626  0.49713524]
2.877200000003322	[0.54262712 0.98442604 0.49714108]
2.877210000003322	[0.54263314 0.98478955 0.49714655]
2.877220000003322	[0.54263877 0.98515312 0.49715164]
2.877230000003322	[0.54264398 0.98551675 0.49715636]
2.8772400000033223	[0.54264879 0.98588044 0.49716071]
2.8772500000033223	[0.54265319 0.9862442  0.49716468]
2.8772600000033224	[0.54265719 0.98660802 0.49716829]
2.8772700000033224	[0.54266082 0.98697206 0.49717156]
2.8772800000033225	[0.54266394 0.98733584 0.49717436]
2.8772900000033226	[0.54266672 0.98769984 0.49717684]
2.8773000000033226	[0.54266909 0.9880639  0.49717896]
2.8773100000033227	[0.54267106 0.98842801 0.4971807 ]
2.8773200000033228	[0.54267262 0.98879219 0.49718207]
2.877330000003323	[0.54267378 0.98915641 0.49718308]
2.877340000003323	[0.54267454 0.9895207  0.49718371]
2.877350000003323	[0.54267489 0.98988504 0.49718397]
2.877360000003323	[0.54267484 0.99024943 0.49718386]
2.877370000003323	[0.54267438 0.99061388 0.49718338]
2.877380000003323	[0.54267353 0.99097839 0.49718253]
2.8773900000033232	[0.54267226 0.99134294 0.49718132]
2.8774000000033233	[0.5426706  0.99170755 0.49717973]
2.8774100000033234	[0.54266882 0.99207187 0.49717804]
2.8774200000033234	[0.54266607 0.99243697 0.49717546]
2.8774300000033235	[0.5426632  0.99280173 0.49717276]
2.8774400000033236	[0.54265993 0.99316653 0.4971697 ]
2.8774500000033236	[0.54265625 0.99353139 0.49716627]
2.8774600000033237	[0.54265217 0.99389629 0.49716246]
2.8774700000033238	[0.54264769 0.99426125 0.4971583 ]
2.877480000003324	[0.5426428  0.99462625 0.49715376]
2.877490000003324	[0.54263752 0.9949913  0.49714885]
2.877500000003324	[0.54263184 0.99535639 0.49714358]
2.877510000003324	[0.54262575 0.99572153 0.49713794]
2.877520000003324	[0.54261927 0.99608672 0.49713193]
2.877530000003324	[0.54261238 0.99645196 0.49712556]
2.877540000003324	[0.5426051  0.99681723 0.49711882]
2.8775500000033243	[0.54259741 0.99718255 0.49711172]
2.8775600000033243	[0.54258901 0.99754822 0.49710394]
2.8775700000033244	[0.54258084 0.99791327 0.4970964 ]
2.8775800000033245	[0.54257196 0.99827873 0.4970882 ]
2.8775900000033245	[0.54256268 0.99864423 0.49707963]
2.8776000000033246	[0.542553   0.99900976 0.49707069]
2.8776100000033247	[0.54254292 0.99937534 0.49706139]
2.8776200000033247	[0.54253245 0.99974095 0.49705173]
2.877630000003325	[0.54252158 1.00010661 0.4970417 ]
2.877640000003325	[0.54251031 1.0004723  0.49703131]
2.877650000003325	[0.54249864 1.00083803 0.49702056]
2.877660000003325	[0.54248658 1.00120379 0.49700944]
2.877670000003325	[0.54247412 1.00156959 0.49699795]
2.877680000003325	[0.54246127 1.00193542 0.49698611]
2.877690000003325	[0.54244802 1.00230128 0.4969739 ]
2.8777000000033253	[0.54243437 1.00266718 0.49696133]
2.8777100000033253	[0.54242033 1.00303311 0.49694839]
2.8777200000033254	[0.5424059  1.00339908 0.4969351 ]
2.8777300000033255	[0.54239115 1.00376523 0.49692152]
2.8777400000033255	[0.54237582 1.0041311  0.4969074 ]
2.8777500000033256	[0.5423602  1.00449716 0.49689302]
2.8777600000033257	[0.54234419 1.00486324 0.49687828]
2.8777700000033257	[0.54232799 1.00522904 0.49686337]
2.877780000003326	[0.54231098 1.00559554 0.49684771]
2.877790000003326	[0.54229379 1.0059617  0.49683189]
2.877800000003326	[0.5422762 1.0063279 0.4968157]
2.877810000003326	[0.54225822 1.00669412 0.49679916]
2.877820000003326	[0.54223985 1.00706037 0.49678225]
2.877830000003326	[0.54222108 1.00742664 0.49676499]
2.877840000003326	[0.54220193 1.00779294 0.49674736]
2.8778500000033262	[0.54218238 1.00815927 0.49672938]
2.8778600000033263	[0.54216244 1.00852562 0.49671104]
2.8778700000033264	[0.54214211 1.008892   0.49669234]
2.8778800000033264	[0.54212119 1.00925875 0.49667309]
2.8778900000033265	[0.54210026 1.0096248  0.49665386]
2.8779000000033266	[0.54207876 1.00999126 0.49663408]
2.8779100000033266	[0.54205687 1.01035774 0.49661395]
2.8779200000033267	[0.54203459 1.01072424 0.49659346]
2.8779300000033268	[0.54201192 1.01109076 0.49657262]
2.877940000003327	[0.54198886 1.01145731 0.49655141]
2.877950000003327	[0.54196541 1.01182387 0.49652986]
2.877960000003327	[0.54194157 1.01219045 0.49650794]
2.877970000003327	[0.54191735 1.01255705 0.49648567]
2.877980000003327	[0.54189274 1.01292367 0.49646304]
2.877990000003327	[0.54186774 1.0132903  0.49644006]
2.8780000000033272	[0.54184235 1.01365694 0.49641672]
2.8780100000033273	[0.54181657 1.0140236  0.49639303]
2.8780200000033274	[0.54179041 1.01439028 0.49636899]
2.8780300000033274	[0.54176386 1.01475696 0.49634458]
2.8780400000033275	[0.54173693 1.01512366 0.49631983]
2.8780500000033276	[0.5417096  1.01549037 0.49629472]
2.8780600000033276	[0.5416819  1.01585709 0.49626926]
2.8780700000033277	[0.5416538  1.01622382 0.49624344]
2.8780800000033278	[0.54162532 1.01659055 0.49621727]
2.878090000003328	[0.54159646 1.0169573  0.49619074]
2.878100000003328	[0.54156741 1.01732372 0.49616405]
2.878110000003328	[0.54153759 1.01769086 0.49613665]
2.878120000003328	[0.54150757 1.01805763 0.49610907]
2.878130000003328	[0.54147717 1.0184244  0.49608113]
2.878140000003328	[0.54144639 1.01879118 0.49605285]
2.878150000003328	[0.54141522 1.01915796 0.49602421]
2.8781600000033283	[0.54138367 1.01952476 0.49599522]
2.8781700000033283	[0.54135173 1.01989155 0.49596588]
2.8781800000033284	[0.54131942 1.02025836 0.4959362 ]
2.8781900000033285	[0.54128672 1.02062517 0.49590616]
2.8782000000033285	[0.54125364 1.02099198 0.49587577]
2.8782100000033286	[0.54122018 1.0213588  0.49584503]
2.8782200000033287	[0.54118634 1.02172562 0.49581394]
2.8782300000033287	[0.54115211 1.02209244 0.49578251]
2.878240000003329	[0.54111751 1.02245927 0.49575072]
2.878250000003329	[0.54108253 1.0228261  0.49571859]
2.878260000003329	[0.54104717 1.02319293 0.49568611]
2.878270000003329	[0.54101143 1.02355976 0.49565328]
2.878280000003329	[0.54097531 1.02392658 0.4956201 ]
2.878290000003329	[0.54093881 1.02429341 0.49558658]
2.878300000003329	[0.54090193 1.02466024 0.49555271]
2.8783100000033293	[0.54086468 1.02502706 0.49551849]
2.8783200000033293	[0.54082688 1.02539426 0.49548377]
2.8783300000033294	[0.54078902 1.02576065 0.49544901]
2.8783400000033295	[0.54075064 1.02612746 0.49541376]
2.8783500000033295	[0.54071187 1.02649427 0.49537816]
2.8783600000033296	[0.54067273 1.02686107 0.49534221]
2.8783700000033297	[0.54063322 1.02722786 0.49530593]
2.8783800000033297	[0.54059333 1.02759464 0.49526929]
2.87839000000333	[0.54055306 1.0279614  0.49523231]
2.87840000000333	[0.54051242 1.02832816 0.49519499]
2.87841000000333	[0.5404714  1.02869491 0.49515733]
2.87842000000333	[0.54043001 1.02906164 0.49511932]
2.87843000000333	[0.54038825 1.02942836 0.49508096]
2.87844000000333	[0.54034611 1.02979507 0.49504227]
2.87845000000333	[0.54030359 1.03016176 0.49500323]
2.8784600000033302	[0.5402607  1.03052843 0.49496385]
2.8784700000033303	[0.54021744 1.03089509 0.49492412]
2.8784800000033304	[0.54017381 1.03126174 0.49488406]
2.8784900000033304	[0.5401298  1.03162836 0.49484365]
2.8785000000033305	[0.54008542 1.03199498 0.4948029 ]
2.8785100000033306	[0.54004067 1.03236157 0.49476181]
2.8785200000033306	[0.53999572 1.03272779 0.49472055]
2.8785300000033307	[0.53995008 1.03309474 0.49467864]
2.8785400000033308	[0.53990419 1.03346128 0.49463651]
2.878550000003331	[0.53985796 1.0338278  0.49459405]
2.878560000003331	[0.53981135 1.03419429 0.49455126]
2.878570000003331	[0.53976438 1.03456077 0.49450813]
2.878580000003331	[0.53971703 1.03492723 0.49446467]
2.878590000003331	[0.53966932 1.03529367 0.49442086]
2.878600000003331	[0.53962123 1.03566009 0.49437672]
2.8786100000033312	[0.53957278 1.03602648 0.49433224]
2.8786200000033313	[0.53952396 1.03639286 0.49428742]
2.8786300000033314	[0.53947478 1.03675921 0.49424226]
2.8786400000033314	[0.53942543 1.03712571 0.49419696]
2.8786500000033315	[0.53937529 1.03749188 0.49415092]
2.8786600000033316	[0.539325   1.03785816 0.49410476]
2.8786700000033316	[0.53927436 1.03822442 0.49405827]
2.8786800000033317	[0.53922334 1.03859064 0.49401143]
2.8786900000033318	[0.53917196 1.03895684 0.49396427]
2.878700000003332	[0.53912022 1.03932302 0.49391677]
2.878710000003332	[0.53906811 1.03968916 0.49386893]
2.878720000003332	[0.53901564 1.04005527 0.49382076]
2.878730000003332	[0.5389628  1.04042135 0.49377226]
2.878740000003332	[0.5389096  1.04078739 0.49372343]
2.878750000003332	[0.53885604 1.04115341 0.49367426]
2.878760000003332	[0.53880212 1.04151938 0.49362476]
2.8787700000033323	[0.53874783 1.04188533 0.49357493]
2.8787800000033323	[0.53869318 1.04225123 0.49352476]
2.8787900000033324	[0.53863817 1.0426171  0.49347426]
2.8788000000033325	[0.5385828  1.04298293 0.49342344]
2.8788100000033325	[0.53852706 1.04334873 0.49337228]
2.8788200000033326	[0.53847097 1.04371448 0.49332079]
2.8788300000033327	[0.53841451 1.0440802  0.49326897]
2.8788400000033327	[0.5383577  1.04444587 0.49321682]
2.878850000003333	[0.53830052 1.0448115  0.49316434]
2.878860000003333	[0.53824299 1.0451771  0.49311153]
2.878870000003333	[0.53818509 1.04554265 0.49305839]
2.878880000003333	[0.53812684 1.04590816 0.49300492]
2.878890000003333	[0.53806823 1.04627363 0.49295112]
2.878900000003333	[0.53800926 1.04663905 0.492897  ]
2.878910000003333	[0.53794993 1.04700443 0.49284254]
2.8789200000033333	[0.53789024 1.04736977 0.49278776]
2.8789300000033333	[0.5378302  1.04773507 0.49273265]
2.8789400000033334	[0.5377698  1.04810032 0.49267722]
2.8789500000033335	[0.53770905 1.04846552 0.49262145]
2.8789600000033335	[0.53764794 1.04883068 0.49256537]
2.8789700000033336	[0.53758647 1.04919578 0.49250895]
2.8789800000033337	[0.53752466 1.04956085 0.49245222]
2.8789900000033337	[0.53746248 1.04992587 0.49239515]
2.879000000003334	[0.53739995 1.05029084 0.49233776]
2.879010000003334	[0.53733707 1.05065576 0.49228005]
2.879020000003334	[0.53727384 1.05102063 0.49222202]
2.879030000003334	[0.53721025 1.05138545 0.49216366]
2.879040000003334	[0.5371461  1.05175037 0.49210478]
2.879050000003334	[0.53708201 1.05211491 0.49204597]
2.879060000003334	[0.53701737 1.05247958 0.49198664]
2.8790700000033342	[0.53695259 1.05284402 0.49192719]
2.8790800000033343	[0.53688704 1.05320879 0.49186703]
2.8790900000033344	[0.53682135 1.05357329 0.49180674]
2.8791000000033344	[0.53675531 1.05393773 0.49174613]
2.8791100000033345	[0.53668892 1.05430212 0.4916852 ]
2.8791200000033346	[0.53662217 1.05466645 0.49162395]
2.8791300000033346	[0.53655508 1.05503072 0.49156237]
2.8791400000033347	[0.53648765 1.05539493 0.49150049]
2.8791500000033348	[0.53641986 1.05575908 0.49143828]
2.879160000003335	[0.53635173 1.05612317 0.49137575]
2.879170000003335	[0.53628325 1.0564872  0.49131291]
2.879180000003335	[0.53621442 1.05685117 0.49124974]
2.879190000003335	[0.53614525 1.05721507 0.49118626]
2.879200000003335	[0.53607573 1.05757891 0.49112247]
2.879210000003335	[0.53600587 1.05794269 0.49105835]
2.8792200000033352	[0.53593566 1.0583064  0.49099393]
2.8792300000033353	[0.53586511 1.05867004 0.49092918]
2.8792400000033354	[0.53579422 1.05903362 0.49086412]
2.8792500000033354	[0.53572298 1.05939713 0.49079874]
2.8792600000033355	[0.53565139 1.05976057 0.49073305]
2.8792700000033356	[0.53557947 1.06012394 0.49066705]
2.8792800000033356	[0.5355072  1.06048725 0.49060073]
2.8792900000033357	[0.53543459 1.06085048 0.4905341 ]
2.8793000000033357	[0.53536163 1.06121365 0.49046715]
2.879310000003336	[0.53528834 1.06157674 0.49039989]
2.879320000003336	[0.53521471 1.06193977 0.49033232]
2.879330000003336	[0.53514073 1.06230272 0.49026444]
2.879340000003336	[0.53506641 1.06266559 0.49019624]
2.879350000003336	[0.53499176 1.0630284  0.49012773]
2.879360000003336	[0.53491676 1.06339112 0.49005892]
2.879370000003336	[0.53484143 1.06375378 0.48998979]
2.8793800000033363	[0.53476576 1.06411636 0.48992035]
2.8793900000033363	[0.53468975 1.06447886 0.4898506 ]
2.8794000000033364	[0.5346134  1.06484128 0.48978054]
2.8794100000033365	[0.53453671 1.06520363 0.48971017]
2.8794200000033365	[0.53445969 1.0655659  0.48963949]
2.8794300000033366	[0.53438233 1.06592809 0.48956851]
2.8794400000033367	[0.53430464 1.0662902  0.48949721]
2.8794500000033367	[0.53422661 1.06665223 0.48942561]
2.879460000003337	[0.53414825 1.06701417 0.48935371]
2.879470000003337	[0.53406955 1.06737604 0.48928149]
2.879480000003337	[0.53399051 1.06773782 0.48920897]
2.879490000003337	[0.53391115 1.06809952 0.48913614]
2.879500000003337	[0.53383145 1.06846113 0.48906301]
2.879510000003337	[0.53375142 1.06882266 0.48898958]
2.879520000003337	[0.53367105 1.06918411 0.48891584]
2.8795300000033373	[0.53359036 1.06954546 0.48884179]
2.8795400000033373	[0.53350933 1.06990673 0.48876744]
2.8795500000033374	[0.53342798 1.07026792 0.48869279]
2.8795600000033374	[0.53334629 1.07062901 0.48861784]
2.8795700000033375	[0.53326427 1.07099002 0.48854258]
2.8795800000033376	[0.53318193 1.07135093 0.48846702]
2.8795900000033376	[0.53309925 1.07171175 0.48839116]
2.8796000000033377	[0.53301623 1.07207249 0.48831498]
2.8796100000033378	[0.53293292 1.07243312 0.48823854]
2.879620000003338	[0.53284926 1.07279367 0.48816178]
2.879630000003338	[0.53276528 1.07315413 0.48808472]
2.879640000003338	[0.53268097 1.07351449 0.48800736]
2.879650000003338	[0.53259633 1.07387475 0.4879297 ]
2.879660000003338	[0.53251136 1.07423492 0.48785174]
2.879670000003338	[0.53242608 1.07459499 0.48777348]
2.8796800000033382	[0.53234046 1.07495496 0.48769493]
2.8796900000033383	[0.53225453 1.07531484 0.48761608]
2.8797000000033384	[0.53216826 1.07567462 0.48753693]
2.8797100000033384	[0.53208168 1.0760343  0.48745748]
2.8797200000033385	[0.5319948  1.07639382 0.48737777]
2.8797300000033386	[0.53190755 1.07675336 0.48729771]
2.8797400000033386	[0.53181999 1.07711273 0.48721738]
2.8797500000033387	[0.53173212 1.07747201 0.48713675]
2.8797600000033388	[0.53164392 1.07783118 0.48705583]
2.879770000003339	[0.53155541 1.07819025 0.48697461]
2.879780000003339	[0.53146657 1.07854921 0.4868931 ]
2.879790000003339	[0.53137742 1.07890807 0.4868113 ]
2.879800000003339	[0.53128794 1.07926683 0.4867292 ]
2.879810000003339	[0.53119815 1.07962547 0.48664682]
2.879820000003339	[0.53110804 1.07998401 0.48656414]
2.879830000003339	[0.53101761 1.08034245 0.48648117]
2.8798400000033393	[0.53092686 1.08070077 0.48639791]
2.8798500000033393	[0.5308358  1.08105899 0.48631435]
2.8798600000033394	[0.53074442 1.08141709 0.48623051]
2.8798700000033395	[0.53065272 1.08177509 0.48614638]
2.8798800000033395	[0.53056071 1.08213297 0.48606196]
2.8798900000033396	[0.53046839 1.08249074 0.48597725]
2.8799000000033397	[0.53037575 1.0828484  0.48589226]
2.8799100000033397	[0.53028279 1.08320594 0.48580698]
2.87992000000334	[0.53018953 1.08356337 0.4857214 ]
2.87993000000334	[0.53009595 1.08392069 0.48563555]
2.87994000000334	[0.53000206 1.08427788 0.4855494 ]
2.87995000000334	[0.52990786 1.08463496 0.48546298]
2.87996000000334	[0.52981335 1.08499192 0.48537626]
2.87997000000334	[0.52971853 1.08534877 0.48528926]
2.87998000000334	[0.52962339 1.08570549 0.48520198]
2.8799900000033403	[0.52952795 1.08606209 0.48511441]
2.8800000000033403	[0.5294322  1.08641857 0.48502656]
2.8800100000033404	[0.52933613 1.08677492 0.48493842]
2.8800200000033405	[0.52923977 1.08713116 0.48485002]
2.8800300000033405	[0.5291431  1.08748728 0.48476132]
2.8800400000033406	[0.52904611 1.08784326 0.48467234]
2.8800500000033407	[0.52894882 1.08819913 0.48458308]
2.8800600000033407	[0.52885123 1.08855486 0.48449354]
2.880070000003341	[0.52875332 1.08891047 0.48440371]
2.880080000003341	[0.52865512 1.08926596 0.48431361]
2.880090000003341	[0.52855661 1.08962131 0.48422323]
2.880100000003341	[0.52845779 1.08997654 0.48413257]
2.880110000003341	[0.52835868 1.09033165 0.48404164]
2.880120000003341	[0.52825924 1.09068661 0.48395041]
2.880130000003341	[0.52815952 1.09104145 0.48385892]
2.8801400000033412	[0.52805949 1.09139616 0.48376715]
2.8801500000033413	[0.52795916 1.09175074 0.4836751 ]
2.8801600000033414	[0.52785853 1.09210518 0.48358277]
2.8801700000033414	[0.5277576  1.09245949 0.48349018]
2.8801800000033415	[0.52765637 1.09281367 0.4833973 ]
2.8801900000033416	[0.52755484 1.09316772 0.48330415]
2.8802000000033416	[0.52745301 1.09352163 0.48321073]
2.8802100000033417	[0.52735088 1.09387541 0.48311703]
2.8802200000033418	[0.52724845 1.09422905 0.48302306]
2.880230000003342	[0.52714573 1.09458255 0.48292882]
2.880240000003342	[0.52704271 1.09493592 0.4828343 ]
2.880250000003342	[0.52693939 1.09528915 0.48273952]
2.880260000003342	[0.52683578 1.09564223 0.48264446]
2.880270000003342	[0.52673188 1.09599518 0.48254913]
2.880280000003342	[0.52662764 1.096348   0.4824535 ]
2.8802900000033422	[0.52652318 1.09670065 0.48235767]
2.8803000000033423	[0.52641839 1.09705317 0.48226153]
2.8803100000033424	[0.52631331 1.09740555 0.48216513]
2.8803200000033424	[0.52620794 1.09775779 0.48206846]
2.8803300000033425	[0.52610228 1.09810988 0.48197152]
2.8803400000033426	[0.52599632 1.09846182 0.48187431]
2.8803500000033426	[0.52589007 1.09881361 0.48177684]
2.8803600000033427	[0.52578354 1.09916526 0.4816791 ]
2.8803700000033428	[0.52567671 1.09951676 0.48158109]
2.880380000003343	[0.5255696  1.09986812 0.48148282]
2.880390000003343	[0.52546219 1.10021931 0.48138428]
2.880400000003343	[0.5253545  1.10057035 0.48128549]
2.880410000003343	[0.52524652 1.10092125 0.48118642]
2.880420000003343	[0.52513825 1.10127199 0.48108709]
2.880430000003343	[0.52502969 1.10162258 0.4809875 ]
2.880440000003343	[0.52492085 1.10197301 0.48088765]
2.8804500000033433	[0.52481173 1.10232329 0.48078754]
2.8804600000033433	[0.52470232 1.10267341 0.48068716]
2.8804700000033434	[0.52459262 1.10302338 0.48058653]
2.8804800000033435	[0.52448264 1.10337319 0.48048563]
2.8804900000033435	[0.52437238 1.10372284 0.48038447]
2.8805000000033436	[0.52426183 1.10407233 0.48028306]
2.8805100000033437	[0.524151   1.10442167 0.48018138]
2.8805200000033437	[0.52403989 1.10477085 0.48007945]
2.880530000003344	[0.5239285  1.10511987 0.47997726]
2.880540000003344	[0.52381683 1.10546872 0.47987481]
2.880550000003344	[0.52370488 1.10581742 0.47977211]
2.880560000003344	[0.52359265 1.10616595 0.47966915]
2.880570000003344	[0.52348015 1.10651432 0.47956593]
2.880580000003344	[0.52336736 1.10686253 0.47946246]
2.880590000003344	[0.5232543  1.10721058 0.47935874]
2.8806000000033443	[0.52314096 1.10755846 0.47925476]
2.8806100000033443	[0.52302734 1.10790617 0.47915053]
2.8806200000033444	[0.52291345 1.10825372 0.47904605]
2.8806300000033445	[0.52279929 1.1086011  0.47894132]
2.8806400000033445	[0.52268485 1.10894832 0.47883633]
2.8806500000033446	[0.52257014 1.10929536 0.47873109]
2.8806600000033447	[0.52245515 1.10964224 0.47862561]
2.8806700000033447	[0.5223399  1.10998894 0.47851987]
2.880680000003345	[0.52222437 1.11033547 0.47841389]
2.880690000003345	[0.52210857 1.11068183 0.47830765]
2.880700000003345	[0.5219925  1.11102802 0.47820117]
2.880710000003345	[0.52187616 1.11137403 0.47809444]
2.880720000003345	[0.52175955 1.11171987 0.47798747]
2.880730000003345	[0.52164267 1.11206553 0.47788024]
2.880740000003345	[0.52152552 1.11241101 0.47777277]
2.8807500000033452	[0.52140811 1.11275632 0.47766506]
2.8807600000033453	[0.52129043 1.11310144 0.4775571 ]
2.8807700000033454	[0.52117248 1.11344638 0.47744889]
2.8807800000033454	[0.52105426 1.11379115 0.47734044]
2.8807900000033455	[0.52093578 1.11413574 0.47723175]
2.8808000000033456	[0.52081703 1.11448014 0.47712281]
2.8808100000033456	[0.52069802 1.11482436 0.47701364]
2.8808200000033457	[0.52057874 1.1151684  0.47690421]
2.8808300000033458	[0.5204592  1.11551225 0.47679455]
2.880840000003346	[0.5203394  1.11585592 0.47668464]
2.880850000003346	[0.52021934 1.1161994  0.4765745 ]
2.880860000003346	[0.52009901 1.1165427  0.47646411]
2.880870000003346	[0.51997842 1.11688581 0.47635349]
2.880880000003346	[0.51985757 1.11722874 0.47624262]
2.880890000003346	[0.5197364  1.1175716  0.47613147]
2.8809000000033462	[0.51961508 1.11791401 0.47602017]
2.8809100000033463	[0.51949345 1.11825637 0.47590859]
2.8809200000033464	[0.51937157 1.11859854 0.47579678]
2.8809300000033464	[0.51924942 1.11894052 0.47568472]
2.8809400000033465	[0.51912707 1.11928219 0.47557248]
2.8809500000033466	[0.51900438 1.11962392 0.47545993]
2.8809600000033466	[0.51888147 1.11996533 0.47534717]
2.8809700000033467	[0.5187583  1.12030654 0.47523419]
2.8809800000033468	[0.51863488 1.12064756 0.47512096]
2.880990000003347	[0.51851121 1.12098838 0.47500751]
2.881000000003347	[0.51838729 1.12132901 0.47489383]
2.881010000003347	[0.51826311 1.12166944 0.47477991]
2.881020000003347	[0.51813868 1.12200968 0.47466576]
2.881030000003347	[0.518014   1.12234972 0.47455139]
2.881040000003347	[0.51788907 1.12268956 0.47443678]
2.881050000003347	[0.5177639  1.12302919 0.47432195]
2.8810600000033473	[0.51763847 1.12336863 0.47420689]
2.8810700000033473	[0.5175128  1.12370787 0.4740916 ]
2.8810800000033474	[0.51738688 1.1240469  0.47397608]
2.8810900000033475	[0.51726071 1.12438573 0.47386034]
2.8811000000033475	[0.51713429 1.12472436 0.47374437]
2.8811100000033476	[0.51700763 1.12506277 0.47362818]
2.8811200000033477	[0.51688073 1.12540099 0.47351176]
2.8811300000033477	[0.51675358 1.12573899 0.47339512]
2.881140000003348	[0.51662619 1.12607679 0.47327825]
2.881150000003348	[0.51649855 1.12641438 0.47316116]
2.881160000003348	[0.51637067 1.12675176 0.47304385]
2.881170000003348	[0.51624255 1.12708893 0.47292632]
2.881180000003348	[0.51611419 1.12742589 0.47280857]
2.881190000003348	[0.51598558 1.12776264 0.47269059]
2.881200000003348	[0.51585674 1.12809918 0.47257239]
2.8812100000033483	[0.51572766 1.1284355  0.47245398]
2.8812200000033483	[0.51559833 1.12877161 0.47233534]
2.8812300000033484	[0.51546877 1.1291075  0.47221649]
2.8812400000033485	[0.51533897 1.12944318 0.47209742]
2.8812500000033485	[0.51520894 1.12977865 0.47197813]
2.8812600000033486	[0.51507866 1.1301139  0.47185862]
2.8812700000033487	[0.51494816 1.13044893 0.4717389 ]
2.8812800000033487	[0.51481741 1.13078374 0.47161896]
2.881290000003349	[0.51468643 1.13111834 0.47149881]
2.881300000003349	[0.51455522 1.13145272 0.47137844]
2.881310000003349	[0.51442378 1.13178688 0.47125786]
2.881320000003349	[0.5142921  1.13212082 0.47113706]
2.881330000003349	[0.51416019 1.13245453 0.47101605]
2.881340000003349	[0.51402805 1.13278803 0.47089483]
2.881350000003349	[0.51389568 1.1331213  0.4707734 ]
2.8813600000033492	[0.51376308 1.13345435 0.47065176]
2.8813700000033493	[0.51363025 1.13378718 0.47052991]
2.8813800000033494	[0.51349719 1.13411978 0.47040785]
2.8813900000033494	[0.5133639  1.13445216 0.47028558]
2.8814000000033495	[0.51323039 1.13478431 0.4701631 ]
2.8814100000033496	[0.51309665 1.13511623 0.47004042]
2.8814200000033496	[0.51296269 1.13544792 0.46991752]
2.8814300000033497	[0.5128285  1.13577938 0.46979442]
2.8814400000033498	[0.51269409 1.13611062 0.46967112]
2.88145000000335	[0.51255945 1.13644162 0.46954761]
2.88146000000335	[0.51242459 1.13677239 0.4694239 ]
2.88147000000335	[0.51228952 1.13710293 0.46929999]
2.88148000000335	[0.51215421 1.13743323 0.46917587]
2.88149000000335	[0.51201869 1.1377633  0.46905154]
2.88150000000335	[0.51188295 1.13809313 0.46892702]
2.8815100000033502	[0.51174698 1.13842273 0.4688023 ]
2.8815200000033503	[0.5116108  1.13875209 0.46867737]
2.8815300000033504	[0.5114744  1.13908121 0.46855224]
2.8815400000033504	[0.51133778 1.1394101  0.46842692]
2.8815500000033505	[0.51120095 1.13973874 0.46830139]
2.8815600000033506	[0.5110639  1.14006715 0.46817567]
2.8815700000033506	[0.51092663 1.14039531 0.46804975]
2.8815800000033507	[0.51078915 1.14072323 0.46792363]
2.8815900000033507	[0.51065146 1.14105091 0.46779732]
2.881600000003351	[0.51051355 1.14137835 0.46767081]
2.881610000003351	[0.51037543 1.14170555 0.4675441 ]
2.881620000003351	[0.51023709 1.14203235 0.4674172 ]
2.881630000003351	[0.51009856 1.14235921 0.46729012]
2.881640000003351	[0.5099598  1.14268567 0.46716283]
2.881650000003351	[0.50982084 1.14301188 0.46703535]
2.881660000003351	[0.50968166 1.14333785 0.46690768]
2.8816700000033513	[0.50954228 1.14366358 0.46677981]
2.8816800000033513	[0.50940268 1.14398905 0.46665176]
2.8816900000033514	[0.50926288 1.14431427 0.46652351]
2.8817000000033515	[0.50912288 1.14463925 0.46639508]
2.8817100000033515	[0.50898266 1.14496398 0.46626645]
2.8817200000033516	[0.50884223 1.14528846 0.46613763]
2.8817300000033517	[0.50870162 1.14561268 0.46600864]
2.8817400000033517	[0.5085608  1.14593665 0.46587946]
2.881750000003352	[0.50841977 1.14626037 0.46575008]
2.881760000003352	[0.50827854 1.14658383 0.46562053]
2.881770000003352	[0.5081371  1.14690704 0.46549078]
2.881780000003352	[0.50799547 1.14722999 0.46536086]
2.881790000003352	[0.50785364 1.14755269 0.46523075]
2.881800000003352	[0.5077116  1.14787513 0.46510045]
2.881810000003352	[0.50756937 1.14819731 0.46496998]
2.8818200000033523	[0.50742694 1.14851923 0.46483932]
2.8818300000033523	[0.50728431 1.14884089 0.46470848]
2.8818400000033524	[0.50714149 1.14916229 0.46457746]
2.8818500000033525	[0.50699847 1.14948343 0.46444627]
2.8818600000033525	[0.50685526 1.1498043  0.46431489]
2.8818700000033526	[0.50671185 1.15012491 0.46418333]
2.8818800000033526	[0.50656825 1.15044526 0.4640516 ]
2.8818900000033527	[0.50642445 1.15076534 0.46391969]
2.881900000003353	[0.50628047 1.15108516 0.46378761]
2.881910000003353	[0.50613629 1.1514047  0.46365534]
2.881920000003353	[0.50599192 1.15172398 0.46352291]
2.881930000003353	[0.50584735 1.152043   0.46339029]
2.881940000003353	[0.50570261 1.15236174 0.46325751]
2.881950000003353	[0.50555767 1.15268022 0.46312455]
2.881960000003353	[0.50541254 1.15299842 0.46299142]
2.8819700000033532	[0.50526723 1.15331635 0.46285812]
2.8819800000033533	[0.50512172 1.15363401 0.46272464]
2.8819900000033534	[0.50497604 1.1539514  0.462591  ]
2.8820000000033534	[0.50483016 1.15426852 0.46245718]
2.8820100000033535	[0.50468411 1.15458537 0.46232319]
2.8820200000033536	[0.50453787 1.15490194 0.46218904]
2.8820300000033536	[0.50439144 1.15521823 0.46205472]
2.8820400000033537	[0.50424484 1.15553425 0.46192023]
2.8820500000033538	[0.50409805 1.15585    0.46178557]
2.882060000003354	[0.50395108 1.15616547 0.46165075]
2.882070000003354	[0.50380393 1.15648066 0.46151577]
2.882080000003354	[0.5036566  1.15679557 0.46138061]
2.882090000003354	[0.50350909 1.15711021 0.4612453 ]
2.882100000003354	[0.50336141 1.15742456 0.46110982]
2.882110000003354	[0.50321354 1.15773863 0.46097418]
2.882120000003354	[0.5030655  1.15805243 0.46083837]
2.8821300000033543	[0.50291729 1.15836594 0.46070241]
2.8821400000033544	[0.5027689  1.15867917 0.46056629]
2.8821500000033544	[0.50262034 1.15899211 0.46043   ]
2.8821600000033545	[0.5024716  1.15930478 0.46029356]
2.8821700000033545	[0.50232269 1.15961715 0.46015696]
2.8821800000033546	[0.50217361 1.15992924 0.4600202 ]
2.8821900000033547	[0.50202435 1.16024104 0.45988328]
2.8822000000033547	[0.50187493 1.16055256 0.45974621]
2.882210000003355	[0.50172534 1.16086378 0.45960898]
2.882220000003355	[0.50157558 1.16117472 0.45947159]
2.882230000003355	[0.50142565 1.16148537 0.45933405]
2.882240000003355	[0.50127555 1.16179572 0.45919636]
2.882250000003355	[0.50112528 1.16210578 0.45905852]
2.882260000003355	[0.50097485 1.16241555 0.45892052]
2.882270000003355	[0.50082426 1.16272503 0.45878237]
2.8822800000033553	[0.5006735  1.16303421 0.45864407]
2.8822900000033553	[0.50052257 1.1633431  0.45850562]
2.8823000000033554	[0.50037149 1.16365169 0.45836702]
2.8823100000033555	[0.50022024 1.16395999 0.45822828]
2.8823200000033555	[0.50006883 1.16426799 0.45808938]
2.8823300000033556	[0.49991726 1.16457569 0.45795034]
2.8823400000033557	[0.49976553 1.16488309 0.45781114]
2.8823500000033557	[0.49961364 1.1651902  0.45767181]
2.882360000003356	[0.49946159 1.165497   0.45753232]
2.882370000003356	[0.49930953 1.16580348 0.45739283]
2.882380000003356	[0.49915701 1.16610972 0.45725292]
2.882390000003356	[0.49900449 1.16641562 0.45711301]
2.882400000003356	[0.49885182 1.16672122 0.45697295]
2.882410000003356	[0.49869899 1.16702652 0.45683275]
2.882420000003356	[0.498546   1.16733151 0.45669241]
2.8824300000033563	[0.49839283 1.16763619 0.4565519 ]
2.8824400000033563	[0.49823957 1.16794059 0.45641131]
2.8824500000033564	[0.49808613 1.16824467 0.45627054]
2.8824600000033564	[0.49793253 1.16854844 0.45612964]
2.8824700000033565	[0.49777879 1.1688519  0.45598861]
2.8824800000033566	[0.4976249  1.16915506 0.45584743]
2.8824900000033566	[0.49747085 1.16945791 0.45570612]
2.8825000000033567	[0.49731666 1.16976045 0.45556467]
2.8825100000033568	[0.49716232 1.17006269 0.45542309]
2.882520000003357	[0.49700784 1.17036461 0.45528137]
2.882530000003357	[0.49685321 1.17066622 0.45513952]
2.882540000003357	[0.49669843 1.17096751 0.45499753]
2.882550000003357	[0.49654368 1.17126844 0.45485557]
2.882560000003357	[0.49638845 1.17156919 0.45471317]
2.882570000003357	[0.49623324 1.17186955 0.45457079]
2.8825800000033572	[0.4960779  1.17216959 0.45442828]
2.8825900000033573	[0.49592241 1.17246932 0.45428564]
2.8826000000033574	[0.49576678 1.17276873 0.45414288]
2.8826100000033574	[0.49561102 1.17306782 0.45399998]
2.8826200000033575	[0.49545511 1.17336659 0.45385696]
2.8826300000033576	[0.49529907 1.17366505 0.45371381]
2.8826400000033576	[0.49514288 1.17396318 0.45357054]
2.8826500000033577	[0.49498657 1.174261   0.45342714]
2.8826600000033578	[0.49483011 1.17455849 0.45328361]
2.882670000003358	[0.49467353 1.17485566 0.45313996]
2.882680000003358	[0.4945168  1.17515251 0.45299619]
2.882690000003358	[0.49435995 1.17544904 0.4528523 ]
2.882700000003358	[0.49420296 1.17574524 0.45270828]
2.882710000003358	[0.49404584 1.17604112 0.45256415]
2.882720000003358	[0.49388859 1.17633667 0.45241989]
2.882730000003358	[0.49373121 1.17663189 0.45227551]
2.8827400000033583	[0.49357369 1.17692679 0.45213102]
2.8827500000033583	[0.49341606 1.17722137 0.45198641]
2.8827600000033584	[0.49325829 1.17751561 0.45184167]
2.8827700000033585	[0.49310039 1.17780952 0.45169682]
2.8827800000033585	[0.49294237 1.17810311 0.45155186]
2.8827900000033586	[0.49278422 1.17839636 0.45140678]
2.8828000000033587	[0.49262595 1.17868929 0.45126158]
2.8828100000033587	[0.49246755 1.17898188 0.45111627]
2.882820000003359	[0.49230903 1.17927415 0.45097085]
2.882830000003359	[0.49215038 1.17956608 0.45082532]
2.882840000003359	[0.49199162 1.17985768 0.45067967]
2.882850000003359	[0.49183273 1.18014894 0.45053391]
2.882860000003359	[0.49167372 1.18043987 0.45038804]
2.882870000003359	[0.4915146  1.18073046 0.45024206]
2.882880000003359	[0.49135535 1.18102072 0.45009598]
2.8828900000033593	[0.49119599 1.18131064 0.44994978]
2.8829000000033593	[0.49103651 1.18160023 0.44980348]
2.8829100000033594	[0.49087691 1.18188947 0.44965707]
2.8829200000033595	[0.49071717 1.18217849 0.44951053]
2.8829300000033595	[0.49055736 1.18246695 0.44936392]
2.8829400000033596	[0.49039742 1.18275517 0.44921719]
2.8829500000033597	[0.49023736 1.18304306 0.44907036]
2.8829600000033597	[0.4900772  1.1833306  0.44892343]
2.88297000000336	[0.48991692 1.18361781 0.4487764 ]
2.88298000000336	[0.48975653 1.18390466 0.44862926]
2.88299000000336	[0.48959603 1.18419118 0.44848202]
2.88300000000336	[0.48943543 1.18447735 0.44833468]
2.88301000000336	[0.48927471 1.18476318 0.44818725]
2.88302000000336	[0.48911389 1.18504866 0.44803971]
2.88303000000336	[0.48895296 1.18533379 0.44789208]
2.8830400000033602	[0.48879192 1.18561858 0.44774435]
2.8830500000033603	[0.48863078 1.18590302 0.44759652]
2.8830600000033604	[0.48846954 1.18618711 0.4474486 ]
2.8830700000033604	[0.48830819 1.18647086 0.44730058]
2.8830800000033605	[0.48814674 1.18675425 0.44715247]
2.8830900000033606	[0.48798519 1.18703729 0.44700426]
2.8831000000033606	[0.48782353 1.18731998 0.44685596]
2.8831100000033607	[0.48766178 1.18760232 0.44670757]
2.8831200000033608	[0.48749992 1.18788431 0.44655909]
2.883130000003361	[0.48733797 1.18816594 0.44641051]
2.883140000003361	[0.48717592 1.18844722 0.44626185]
2.883150000003361	[0.48701377 1.18872814 0.4461131 ]
2.883160000003361	[0.48685152 1.18900872 0.44596425]
2.883170000003361	[0.48668918 1.18928893 0.44581532]
2.883180000003361	[0.48652674 1.18956879 0.4456663 ]
2.8831900000033612	[0.48636421 1.18984829 0.44551719]
2.8832000000033613	[0.48620158 1.19012744 0.445368  ]
2.8832100000033614	[0.48603886 1.19040622 0.44521872]
2.8832200000033614	[0.48587605 1.19068465 0.44506936]
2.8832300000033615	[0.48571314 1.19096272 0.44491991]
2.8832400000033616	[0.48555015 1.19124043 0.44477038]
2.8832500000033616	[0.48538707 1.19151778 0.44462077]
2.8832600000033617	[0.48522389 1.19179477 0.44447108]
2.8832700000033618	[0.48506063 1.1920714  0.4443213 ]
2.883280000003362	[0.48489728 1.19234766 0.44417144]
2.883290000003362	[0.48473385 1.19262357 0.44402151]
2.883300000003362	[0.48457033 1.19289911 0.44387149]
2.883310000003362	[0.48440672 1.19317428 0.4437214 ]
2.883320000003362	[0.48424303 1.19344909 0.44357123]
2.883330000003362	[0.48407925 1.19372354 0.44342099]
2.883340000003362	[0.4839154  1.19399762 0.44327066]
2.8833500000033623	[0.48375146 1.19427134 0.44312027]
2.8833600000033623	[0.48358744 1.19454468 0.4429698 ]
2.8833700000033624	[0.48342334 1.19481766 0.44281925]
2.8833800000033625	[0.48325917 1.19509028 0.44266863]
2.8833900000033625	[0.48309491 1.19536252 0.44251794]
2.8834000000033626	[0.48293058 1.19563439 0.44236718]
2.8834100000033627	[0.48276617 1.1959059  0.44221635]
2.8834200000033627	[0.48260168 1.19617703 0.44206545]
2.883430000003363	[0.48243712 1.19644779 0.44191448]
2.883440000003363	[0.48227248 1.19671818 0.44176344]
2.883450000003363	[0.48210777 1.19698819 0.44161234]
2.883460000003363	[0.48194299 1.19725783 0.44146117]
2.883470000003363	[0.48177814 1.1975271  0.44130993]
2.883480000003363	[0.48161321 1.19779599 0.44115862]
2.883490000003363	[0.48144822 1.19806451 0.44100725]
2.8835000000033633	[0.48128315 1.19833265 0.44085582]
2.8835100000033633	[0.48111802 1.19860042 0.44070432]
2.8835200000033634	[0.48095281 1.1988678  0.44055276]
2.8835300000033635	[0.48078754 1.19913481 0.44040114]
2.8835400000033635	[0.48062221 1.19940144 0.44024946]
2.8835500000033636	[0.4804568  1.19966769 0.44009771]
2.8835600000033637	[0.48029134 1.19993356 0.43994591]
2.8835700000033637	[0.4801258  1.20019906 0.43979405]
2.883580000003364	[0.47996021 1.20046417 0.43964213]
2.883590000003364	[0.47979455 1.20072889 0.43949015]
2.883600000003364	[0.47962883 1.20099324 0.43933811]
2.883610000003364	[0.47946304 1.20125721 0.43918602]
2.883620000003364	[0.4792972  1.20152079 0.43903387]
2.883630000003364	[0.4791313  1.20178399 0.43888167]
2.883640000003364	[0.47896534 1.2020468  0.43872941]
2.8836500000033642	[0.47879932 1.20230923 0.4385771 ]
2.8836600000033643	[0.47863324 1.20257128 0.43842473]
2.8836700000033644	[0.4784671  1.20283294 0.43827232]
2.8836800000033644	[0.47830091 1.20309421 0.43811985]
2.8836900000033645	[0.47813467 1.2033551  0.43796733]
2.8837000000033646	[0.47796837 1.2036156  0.43781476]
2.8837100000033646	[0.47780202 1.20387571 0.43766214]
2.8837200000033647	[0.47763561 1.20413543 0.43750948]
2.8837300000033648	[0.47746916 1.20439477 0.43735677]
2.883740000003365	[0.47730265 1.20465371 0.43720401]
2.883750000003365	[0.47713609 1.20491227 0.4370512 ]
2.883760000003365	[0.47696948 1.20517043 0.43689835]
2.883770000003365	[0.47680284 1.20542822 0.43674546]
2.883780000003365	[0.47663612 1.20568559 0.43659251]
2.883790000003365	[0.47646937 1.20594258 0.43643952]
2.8838000000033652	[0.47630257 1.20619917 0.4362865 ]
2.8838100000033653	[0.47613573 1.20645538 0.43613343]
2.8838200000033654	[0.47596885 1.20671118 0.43598032]
2.8838300000033654	[0.47580192 1.2069666  0.43582717]
2.8838400000033655	[0.47563494 1.20722161 0.43567398]
2.8838500000033656	[0.47546793 1.20747623 0.43552076]
2.8838600000033656	[0.47530087 1.20773046 0.43536749]
2.8838700000033657	[0.47513377 1.20798429 0.43521419]
2.8838800000033658	[0.47496663 1.20823772 0.43506085]
2.883890000003366	[0.47479946 1.20849075 0.43490747]
2.883900000003366	[0.47463224 1.20874338 0.43475406]
2.883910000003366	[0.47446499 1.20899562 0.43460061]
2.883920000003366	[0.4742977  1.20924745 0.43444713]
2.883930000003366	[0.47413037 1.20949888 0.43429362]
2.883940000003366	[0.47396301 1.20974992 0.43414007]
2.883950000003366	[0.47379561 1.21000055 0.43398649]
2.8839600000033663	[0.47362818 1.21025078 0.43383288]
2.8839700000033663	[0.47346072 1.21050061 0.43367924]
2.8839800000033664	[0.47329323 1.21075004 0.43352557]
2.8839900000033665	[0.4731257  1.21099906 0.43337187]
2.8840000000033665	[0.47295814 1.21124768 0.43321814]
2.8840100000033666	[0.47279055 1.21149589 0.43306439]
2.8840200000033667	[0.47262294 1.21174371 0.43291061]
2.8840300000033667	[0.47245529 1.21199111 0.4327568 ]
2.884040000003367	[0.47228762 1.21223812 0.43260296]
2.884050000003367	[0.47211992 1.21248471 0.4324491 ]
2.884060000003367	[0.47195219 1.2127309  0.43229522]
2.884070000003367	[0.47178444 1.21297669 0.43214132]
2.884080000003367	[0.47161667 1.21322206 0.43198739]
2.884090000003367	[0.47144887 1.21346703 0.43183344]
2.884100000003367	[0.47128105 1.21371159 0.43167946]
2.8841100000033673	[0.4711132  1.21395574 0.43152547]
2.8841200000033673	[0.47094534 1.21419948 0.43137146]
2.8841300000033674	[0.47077745 1.21444282 0.43121743]
2.8841400000033675	[0.47060955 1.21468574 0.43106338]
2.8841500000033675	[0.47044162 1.21492825 0.43090931]
2.8841600000033676	[0.47027368 1.21517035 0.43075523]
2.8841700000033677	[0.47010572 1.21541204 0.43060113]
2.8841800000033677	[0.46993774 1.21565331 0.43044701]
2.884190000003368	[0.46976975 1.21589417 0.43029288]
2.884200000003368	[0.46960174 1.21613462 0.43013874]
2.884210000003368	[0.46943372 1.21637466 0.42998458]
2.884220000003368	[0.46926568 1.21661428 0.42983041]
2.884230000003368	[0.4690972  1.21685354 0.42967582]
2.884240000003368	[0.46893003 1.21709216 0.42952246]
2.884250000003368	[0.46876106 1.21733071 0.42936742]
2.8842600000033682	[0.46859387 1.21756849 0.42921404]
2.8842700000033683	[0.46842488 1.2178062  0.42905897]
2.8842800000033684	[0.46825768 1.21804316 0.42890558]
2.8842900000033684	[0.46808866 1.21828003 0.4287505 ]
2.8843000000033685	[0.46792144 1.21851615 0.42859709]
2.8843100000033686	[0.46775242 1.21875218 0.42844199]
2.8843200000033686	[0.46758474 1.21898752 0.42828816]
2.8843300000033687	[0.4674166  1.21922255 0.42813389]
2.8843400000033688	[0.46724846 1.21945716 0.42797962]
2.884350000003369	[0.46708031 1.21969135 0.42782534]
2.884360000003369	[0.46691216 1.21992512 0.42767106]
2.884370000003369	[0.46674401 1.22015847 0.42751678]
2.884380000003369	[0.46657585 1.22039139 0.4273625 ]
2.884390000003369	[0.46640769 1.2206239  0.42720822]
2.884400000003369	[0.46623954 1.22085598 0.42705393]
2.8844100000033692	[0.46607138 1.22108764 0.42689965]
2.8844200000033693	[0.46590323 1.22131888 0.42674536]
2.8844300000033694	[0.46573508 1.22154969 0.42659108]
2.8844400000033694	[0.46556693 1.22178008 0.4264368 ]
2.8844500000033695	[0.46539878 1.22201004 0.42628253]
2.8844600000033696	[0.46523064 1.22223958 0.42612825]
2.8844700000033696	[0.46506251 1.2224687  0.42597399]
2.8844800000033697	[0.46489438 1.22269739 0.42581973]
2.8844900000033697	[0.46472626 1.22292565 0.42566547]
2.88450000000337	[0.46455814 1.22315349 0.42551122]
2.88451000000337	[0.46439003 1.2233809  0.42535698]
2.88452000000337	[0.46422194 1.22360789 0.42520275]
2.88453000000337	[0.46405385 1.22383444 0.42504852]
2.88454000000337	[0.46388577 1.22406057 0.42489431]
2.88455000000337	[0.4637177  1.22428627 0.4247401 ]
2.88456000000337	[0.46354965 1.22451154 0.4245859 ]
2.8845700000033703	[0.4633816  1.22473639 0.42443172]
2.8845800000033703	[0.46321357 1.2249608  0.42427755]
2.8845900000033704	[0.46304556 1.22518478 0.42412339]
2.8846000000033705	[0.46287756 1.22540833 0.42396924]
2.8846100000033705	[0.46270957 1.22563145 0.42381511]
2.8846200000033706	[0.4625416  1.22585414 0.42366099]
2.8846300000033707	[0.46237365 1.2260764  0.42350689]
2.8846400000033707	[0.46220571 1.22629822 0.4233528 ]
2.884650000003371	[0.46203779 1.22651962 0.42319873]
2.884660000003371	[0.46186989 1.22674058 0.42304467]
2.884670000003371	[0.46170201 1.2269611  0.42289063]
2.884680000003371	[0.46153415 1.2271812  0.42273662]
2.884690000003371	[0.46136632 1.22740085 0.42258262]
2.884700000003371	[0.4611985  1.22762008 0.42242864]
2.884710000003371	[0.4610307  1.22783887 0.42227468]
2.8847200000033713	[0.46086293 1.22805723 0.42212074]
2.8847300000033713	[0.46069518 1.22827515 0.42196682]
2.8847400000033714	[0.46052746 1.22849263 0.42181292]
2.8847500000033715	[0.46035976 1.22870968 0.42165905]
2.8847600000033715	[0.46019209 1.22892629 0.4215052 ]
2.8847700000033716	[0.46002444 1.22914247 0.42135138]
2.8847800000033716	[0.45985683 1.22935821 0.42119758]
2.8847900000033717	[0.45968924 1.22957351 0.4210438 ]
2.884800000003372	[0.45952167 1.22978838 0.42089006]
2.884810000003372	[0.45935414 1.23000281 0.42073633]
2.884820000003372	[0.45918664 1.2302168  0.42058264]
2.884830000003372	[0.45901917 1.23043035 0.42042898]
2.884840000003372	[0.45885173 1.23064346 0.42027534]
2.884850000003372	[0.45868432 1.23085613 0.42012173]
2.884860000003372	[0.45851695 1.23106837 0.41996816]
2.8848700000033722	[0.45834961 1.23128016 0.41981461]
2.8848800000033723	[0.45818231 1.23149151 0.41966109]
2.8848900000033724	[0.45801504 1.23170243 0.41950761]
2.8849000000033724	[0.4578478  1.2319129  0.41935416]
2.8849100000033725	[0.45768061 1.23212293 0.41920075]
2.8849200000033726	[0.45751345 1.23233252 0.41904736]
2.8849300000033726	[0.45734633 1.23254167 0.41889402]
2.8849400000033727	[0.45717924 1.23275038 0.4187407 ]
2.8849500000033728	[0.4570122  1.23295864 0.41858743]
2.884960000003373	[0.4568452  1.23316646 0.41843419]
2.884970000003373	[0.45667823 1.23337384 0.41828099]
2.884980000003373	[0.45651131 1.23358077 0.41812782]
2.884990000003373	[0.45634443 1.23378726 0.41797469]
2.885000000003373	[0.4561776  1.23399331 0.41782161]
2.885010000003373	[0.45601081 1.23419891 0.41766856]
2.885020000003373	[0.45584406 1.23440407 0.41751555]
2.8850300000033733	[0.45567735 1.23460878 0.41736258]
2.8850400000033734	[0.45551069 1.23481305 0.41720966]
2.8850500000033734	[0.45534408 1.23501687 0.41705677]
2.8850600000033735	[0.45517752 1.23522025 0.41690393]
2.8850700000033735	[0.455011   1.23542318 0.41675114]
2.8850800000033736	[0.45484453 1.23562566 0.41659838]
2.8850900000033737	[0.4546781  1.2358277  0.41644567]
2.8851000000033737	[0.45451173 1.23602929 0.41629301]
2.885110000003374	[0.45434541 1.23623043 0.41614039]
2.885120000003374	[0.45417914 1.23643113 0.41598781]
2.885130000003374	[0.45401291 1.23663138 0.41583529]
2.885140000003374	[0.45384675 1.23683118 0.41568281]
2.885150000003374	[0.45368063 1.23703053 0.41553038]
2.885160000003374	[0.45351456 1.23722944 0.41537799]
2.885170000003374	[0.45334856 1.23742789 0.41522566]
2.8851800000033743	[0.4531826  1.2376259  0.41507338]
2.8851900000033743	[0.4530167  1.23782346 0.41492114]
2.8852000000033744	[0.45285086 1.23802057 0.41476896]
2.8852100000033745	[0.45268507 1.23821724 0.41461683]
2.8852200000033745	[0.45251934 1.23841345 0.41446475]
2.8852300000033746	[0.45235366 1.23860921 0.41431272]
2.8852400000033747	[0.45218805 1.23880452 0.41416075]
2.8852500000033747	[0.45202249 1.23899939 0.41400883]
2.885260000003375	[0.451857   1.2391938  0.41385697]
2.885270000003375	[0.45169156 1.23938776 0.41370516]
2.885280000003375	[0.45152619 1.23958127 0.4135534 ]
2.885290000003375	[0.45136088 1.23977433 0.41340171]
2.885300000003375	[0.45119563 1.23996694 0.41325007]
2.885310000003375	[0.45103044 1.24015909 0.41309848]
2.885320000003375	[0.45086531 1.2403508  0.41294696]
2.8853300000033753	[0.45070026 1.24054205 0.41279549]
2.8853400000033753	[0.45053526 1.24073285 0.41264408]
2.8853500000033754	[0.45037033 1.2409232  0.41249274]
2.8853600000033754	[0.45020547 1.24111309 0.41234145]
2.8853700000033755	[0.45004067 1.24130253 0.41219022]
2.8853800000033756	[0.44987594 1.24149152 0.41203906]
2.8853900000033756	[0.44971128 1.24168006 0.41188795]
2.8854000000033757	[0.44954668 1.24186814 0.41173691]
2.8854100000033758	[0.44938216 1.24205577 0.41158594]
2.885420000003376	[0.44921771 1.24224294 0.41143502]
2.885430000003376	[0.44905332 1.24242966 0.41128417]
2.885440000003376	[0.44888901 1.24261592 0.41113339]
2.885450000003376	[0.44872476 1.24280173 0.41098267]
2.885460000003376	[0.44856059 1.24298709 0.41083201]
2.885470000003376	[0.4483965  1.24317199 0.41068143]
2.8854800000033762	[0.44823248 1.24335644 0.41053091]
2.8854900000033763	[0.44806852 1.24354043 0.41038045]
2.8855000000033764	[0.44790465 1.24372397 0.41023007]
2.8855100000033764	[0.44774084 1.24390705 0.41007975]
2.8855200000033765	[0.44757712 1.24408967 0.4099295 ]
2.8855300000033766	[0.44741347 1.24427184 0.40977933]
2.8855400000033766	[0.4472499  1.24445356 0.40962922]
2.8855500000033767	[0.4470864  1.24463482 0.40947918]
2.8855600000033768	[0.44692298 1.24481562 0.40932921]
2.885570000003377	[0.44675964 1.24499597 0.40917932]
2.885580000003377	[0.44659638 1.24517586 0.4090295 ]
2.885590000003377	[0.4464332  1.24535529 0.40887975]
2.885600000003377	[0.4462701  1.24553427 0.40873007]
2.885610000003377	[0.44610708 1.24571279 0.40858047]
2.885620000003377	[0.44594414 1.24589086 0.40843094]
2.885630000003377	[0.44578129 1.24606847 0.40828149]
2.8856400000033773	[0.44561851 1.24624562 0.40813211]
2.8856500000033773	[0.44545582 1.24642231 0.40798281]
2.8856600000033774	[0.44529322 1.24659855 0.40783358]
2.8856700000033775	[0.44513069 1.24677433 0.40768443]
2.8856800000033775	[0.44496825 1.24694965 0.40753536]
2.8856900000033776	[0.4448059  1.24712452 0.40738637]
2.8857000000033777	[0.44464363 1.24729892 0.40723745]
2.8857100000033777	[0.44448145 1.24747287 0.40708862]
2.885720000003378	[0.44431936 1.24764636 0.40693986]
2.885730000003378	[0.44415735 1.2478194  0.40679118]
2.885740000003378	[0.44399543 1.24799197 0.40664259]
2.885750000003378	[0.4438336  1.24816409 0.40649407]
2.885760000003378	[0.44367186 1.24833575 0.40634564]
2.885770000003378	[0.44351021 1.24850695 0.40619729]
2.885780000003378	[0.44334865 1.24867769 0.40604902]
2.8857900000033783	[0.44318718 1.24884797 0.40590083]
2.8858000000033783	[0.4430258  1.24901779 0.40575273]
2.8858100000033784	[0.44286451 1.24918716 0.40560471]
2.8858200000033785	[0.44270331 1.24935606 0.40545677]
2.8858300000033785	[0.44254221 1.24952451 0.40530892]
2.8858400000033786	[0.4423812  1.2496925  0.40516116]
2.8858500000033787	[0.44222029 1.24986002 0.40501348]
2.8858600000033787	[0.44205946 1.25002709 0.40486589]
2.885870000003379	[0.44189874 1.2501937  0.40471838]
2.885880000003379	[0.44173811 1.25035985 0.40457096]
2.885890000003379	[0.44157757 1.25052554 0.40442363]
2.885900000003379	[0.44141713 1.25069077 0.40427639]
2.885910000003379	[0.44125679 1.25085554 0.40412923]
2.885920000003379	[0.44109654 1.25101986 0.40398217]
2.885930000003379	[0.4409364  1.25118371 0.40383519]
2.8859400000033792	[0.44077635 1.2513471  0.4036883 ]
2.8859500000033793	[0.4406164  1.25151003 0.40354151]
2.8859600000033794	[0.44045655 1.25167251 0.4033948 ]
2.8859700000033794	[0.4402968  1.25183452 0.40324819]
2.8859800000033795	[0.44013715 1.25199607 0.40310167]
2.8859900000033796	[0.4399776  1.25215717 0.40295524]
2.8860000000033796	[0.43981815 1.2523178  0.4028089 ]
2.8860100000033797	[0.4396588  1.25247798 0.40266265]
2.8860200000033798	[0.43949956 1.25263769 0.4025165 ]
2.88603000000338	[0.43934042 1.25279695 0.40237045]
2.88604000000338	[0.43918138 1.25295574 0.40222449]
2.88605000000338	[0.43902244 1.25311408 0.40207862]
2.88606000000338	[0.43886361 1.25327195 0.40193285]
2.88607000000338	[0.43870489 1.25342937 0.40178717]
2.88608000000338	[0.43854627 1.25358632 0.40164159]
2.8860900000033802	[0.43838775 1.25374282 0.40149611]
2.8861000000033803	[0.43822934 1.25389885 0.40135072]
2.8861100000033804	[0.43807104 1.25405443 0.40120543]
2.8861200000033804	[0.43791308 1.25420948 0.40106045]
2.8861300000033805	[0.43775477 1.25436422 0.40091515]
2.8861400000033806	[0.43759679 1.25451841 0.40077016]
2.8861500000033806	[0.43743892 1.25467215 0.40062527]
2.8861600000033807	[0.43728115 1.25482542 0.40048047]
2.8861700000033808	[0.4371235  1.25497823 0.40033578]
2.886180000003381	[0.43696596 1.25513059 0.40019118]
2.886190000003381	[0.43680852 1.25528248 0.40004669]
2.886200000003381	[0.4366512  1.25543392 0.39990229]
2.886210000003381	[0.43649399 1.25558489 0.399758  ]
2.886220000003381	[0.43633689 1.25573541 0.39961381]
2.886230000003381	[0.4361799  1.25588546 0.39946973]
2.886240000003381	[0.43602302 1.25603505 0.39932574]
2.8862500000033813	[0.43586626 1.25618419 0.39918186]
2.8862600000033813	[0.43570961 1.25633287 0.39903808]
2.8862700000033814	[0.43555307 1.25648108 0.3988944 ]
2.8862800000033815	[0.43539665 1.25662884 0.39875083]
2.8862900000033815	[0.43524034 1.25677614 0.39860737]
2.8863000000033816	[0.43508414 1.25692297 0.398464  ]
2.8863100000033817	[0.43492806 1.25706935 0.39832075]
2.8863200000033817	[0.43477209 1.25721527 0.3981776 ]
2.886330000003382	[0.43461624 1.25736073 0.39803455]
2.886340000003382	[0.43446051 1.25750573 0.39789161]
2.886350000003382	[0.43430489 1.25765027 0.39774878]
2.886360000003382	[0.43414939 1.25779436 0.39760605]
2.886370000003382	[0.43399401 1.25793798 0.39746344]
2.886380000003382	[0.43383875 1.25808115 0.39732093]
2.886390000003382	[0.4336836  1.25822385 0.39717852]
2.8864000000033823	[0.43352857 1.2583661  0.39703623]
2.8864100000033823	[0.43337367 1.25850789 0.39689405]
2.8864200000033824	[0.43321888 1.25864922 0.39675197]
2.8864300000033825	[0.43306421 1.25879009 0.39661001]
2.8864400000033825	[0.43290966 1.2589305  0.39646815]
2.8864500000033826	[0.43275532 1.25907056 0.39632649]
2.8864600000033827	[0.4326009  1.25920997 0.39618475]
2.8864700000033827	[0.43244672 1.25934901 0.39604323]
2.886480000003383	[0.43229265 1.25948759 0.39590182]
2.886490000003383	[0.43213871 1.25962571 0.39576051]
2.886500000003383	[0.43198489 1.25976337 0.39561933]
2.886510000003383	[0.43183119 1.25990058 0.39547825]
2.886520000003383	[0.43167761 1.26003733 0.39533729]
2.886530000003383	[0.43152416 1.26017362 0.39519643]
2.886540000003383	[0.43137084 1.26030945 0.3950557 ]
2.8865500000033832	[0.43121763 1.26044482 0.39491507]
2.8865600000033833	[0.43106455 1.26057974 0.39477456]
2.8865700000033834	[0.4309116  1.2607142  0.39463416]
2.8865800000033834	[0.43075877 1.2608482  0.39449388]
2.8865900000033835	[0.43060605 1.26098173 0.3943537 ]
2.8866000000033836	[0.43045349 1.26111483 0.39421366]
2.8866100000033836	[0.43030103 1.26124747 0.39407373]
2.8866200000033837	[0.43014871 1.26137964 0.3939339 ]
2.8866300000033838	[0.42999651 1.26151136 0.3937942 ]
2.886640000003384	[0.42984443 1.26164263 0.39365461]
2.886650000003384	[0.42969249 1.26177343 0.39351513]
2.886660000003384	[0.42954067 1.26190378 0.39337578]
2.886670000003384	[0.42938898 1.26203368 0.39323654]
2.886680000003384	[0.42923742 1.26216312 0.39309741]
2.886690000003384	[0.42908598 1.26229211 0.39295841]
2.8867000000033842	[0.42893468 1.26242064 0.39281952]
2.8867100000033843	[0.4287835  1.26254871 0.39268075]
2.8867200000033844	[0.42863247 1.26267632 0.39254211]
2.8867300000033844	[0.42848154 1.2628035  0.39240357]
2.8867400000033845	[0.42833075 1.26293022 0.39226516]
2.8867500000033846	[0.42818009 1.26305647 0.39212686]
2.8867600000033846	[0.42802957 1.26318228 0.39198869]
2.8867700000033847	[0.42787917 1.26330763 0.39185064]
2.8867800000033847	[0.42772891 1.26343252 0.3917127 ]
2.886790000003385	[0.42757878 1.26355697 0.39157489]
2.886800000003385	[0.42742878 1.26368096 0.39143719]
2.886810000003385	[0.42727891 1.26380449 0.39129962]
2.886820000003385	[0.42712917 1.26392757 0.39116217]
2.886830000003385	[0.42697957 1.2640502  0.39102484]
2.886840000003385	[0.4268301  1.26417238 0.39088763]
2.886850000003385	[0.42668076 1.26429411 0.39075055]
2.8868600000033853	[0.42653156 1.26441538 0.39061358]
2.8868700000033853	[0.42638249 1.2645362  0.39047674]
2.8868800000033854	[0.42623355 1.26465656 0.39034002]
2.8868900000033855	[0.42608475 1.26477648 0.39020342]
2.8869000000033855	[0.42593608 1.26489594 0.39006695]
2.8869100000033856	[0.42578754 1.26501496 0.3899306 ]
2.8869200000033857	[0.42563914 1.26513352 0.38979437]
2.8869300000033857	[0.42549088 1.26525162 0.38965827]
2.886940000003386	[0.42534275 1.26536928 0.38952229]
2.886950000003386	[0.42519476 1.26548649 0.38938643]
2.886960000003386	[0.4250469  1.26560325 0.3892507 ]
2.886970000003386	[0.42489918 1.26571955 0.38911509]
2.886980000003386	[0.42475159 1.26583541 0.38897961]
2.886990000003386	[0.42460414 1.26595082 0.38884425]
2.887000000003386	[0.42445683 1.26606577 0.38870902]
2.8870100000033863	[0.42430965 1.26618028 0.38857391]
2.8870200000033863	[0.42416261 1.26629434 0.38843892]
2.8870300000033864	[0.42401571 1.26640795 0.38830407]
2.8870400000033865	[0.42386894 1.26652111 0.38816933]
2.8870500000033865	[0.42372232 1.26663382 0.38803473]
2.8870600000033866	[0.42357583 1.26674609 0.38790025]
2.8870700000033866	[0.42342947 1.26685791 0.38776589]
2.8870800000033867	[0.42328326 1.26696928 0.38763166]
2.887090000003387	[0.42313718 1.2670802  0.38749756]
2.887100000003387	[0.42299124 1.26719068 0.38736358]
2.887110000003387	[0.42284545 1.26730071 0.38722974]
2.887120000003387	[0.42269979 1.26741029 0.38709602]
2.887130000003387	[0.42255426 1.26751943 0.38696243]
2.887140000003387	[0.42240888 1.26762813 0.38682896]
2.887150000003387	[0.42226364 1.26773637 0.38669562]
2.8871600000033872	[0.42211854 1.26784418 0.38656241]
2.8871700000033873	[0.42197357 1.26795153 0.38642933]
2.8871800000033874	[0.42182875 1.26805845 0.38629637]
2.8871900000033874	[0.42168406 1.26816492 0.38616354]
2.8872000000033875	[0.42153952 1.26827094 0.38603085]
2.8872100000033876	[0.42139512 1.26837652 0.38589828]
2.8872200000033876	[0.42125085 1.26848166 0.38576583]
2.8872300000033877	[0.42110673 1.26858636 0.38563352]
2.8872400000033878	[0.42096275 1.26869061 0.38550134]
2.887250000003388	[0.42081891 1.26879442 0.38536928]
2.887260000003388	[0.42067521 1.26889778 0.38523736]
2.887270000003388	[0.42053165 1.26900071 0.38510556]
2.887280000003388	[0.42038823 1.26910319 0.38497389]
2.887290000003388	[0.42024496 1.26920523 0.38484236]
2.887300000003388	[0.42010183 1.26930683 0.38471095]
2.887310000003388	[0.41995883 1.26940799 0.38457967]
2.8873200000033883	[0.41981598 1.26950871 0.38444852]
2.8873300000033884	[0.41967327 1.26960899 0.3843175 ]
2.8873400000033884	[0.41953071 1.26970883 0.38418661]
2.8873500000033885	[0.41938828 1.26980822 0.38405586]
2.8873600000033885	[0.419246   1.26990718 0.38392523]
2.8873700000033886	[0.41910386 1.2700057  0.38379473]
2.8873800000033887	[0.41896187 1.27010378 0.38366436]
2.8873900000033887	[0.41882001 1.27020142 0.38353413]
2.887400000003389	[0.4186783  1.27029863 0.38340402]
2.887410000003389	[0.41853673 1.27039539 0.38327404]
2.887420000003389	[0.4183953  1.27049172 0.3831442 ]
2.887430000003389	[0.41825402 1.27058761 0.38301448]
2.887440000003389	[0.41811288 1.27068307 0.3828849 ]
2.887450000003389	[0.41797188 1.27077809 0.38275545]
2.887460000003389	[0.41783102 1.27087267 0.38262613]
2.8874700000033893	[0.41769031 1.27096681 0.38249693]
2.8874800000033893	[0.41754974 1.27106053 0.38236788]
2.8874900000033894	[0.41740932 1.2711538  0.38223895]
2.8875000000033895	[0.41726903 1.27124664 0.38211015]
2.8875100000033895	[0.4171289  1.27133905 0.38198148]
2.8875200000033896	[0.4169889  1.27143102 0.38185295]
2.8875300000033897	[0.41684905 1.27152256 0.38172454]
2.8875400000033897	[0.41670934 1.27161367 0.38159627]
2.88755000000339	[0.41656977 1.27170435 0.38146813]
2.88756000000339	[0.41643035 1.27179459 0.38134012]
2.88757000000339	[0.41629107 1.2718844  0.38121224]
2.88758000000339	[0.41615194 1.27197378 0.3810845 ]
2.88759000000339	[0.41601295 1.27206272 0.38095688]
2.88760000000339	[0.4158741  1.27215124 0.3808294 ]
2.88761000000339	[0.4157354  1.27223933 0.38070205]
2.8876200000033903	[0.41559684 1.27232698 0.38057483]
2.8876300000033903	[0.41545843 1.27241421 0.38044774]
2.8876400000033904	[0.41532016 1.27250101 0.38032079]
2.8876500000033904	[0.41518203 1.27258737 0.38019396]
2.8876600000033905	[0.41504405 1.27267331 0.38006727]
2.8876700000033906	[0.41490621 1.27275883 0.37994071]
2.8876800000033906	[0.41476851 1.27284391 0.37981428]
2.8876900000033907	[0.41463096 1.27292856 0.37968798]
2.8877000000033908	[0.41449355 1.27301279 0.37956182]
2.887710000003391	[0.41435629 1.2730966  0.37943578]
2.887720000003391	[0.41421917 1.27317997 0.37930988]
2.887730000003391	[0.41408219 1.27326292 0.37918411]
2.887740000003391	[0.41394536 1.27334545 0.37905847]
2.887750000003391	[0.41380867 1.27342755 0.37893296]
2.887760000003391	[0.41367212 1.27350922 0.37880759]
2.8877700000033912	[0.41353572 1.27359047 0.37868234]
2.8877800000033913	[0.41339947 1.2736713  0.37855723]
2.8877900000033914	[0.41326335 1.2737517  0.37843225]
2.8878000000033914	[0.41312738 1.27383169 0.3783074 ]
2.8878100000033915	[0.41299156 1.27391124 0.37818268]
2.8878200000033916	[0.41285587 1.27399038 0.3780581 ]
2.8878300000033916	[0.41272033 1.2740691  0.37793364]
2.8878400000033917	[0.41258494 1.27414739 0.37780932]
2.8878500000033918	[0.41244969 1.27422526 0.37768513]
2.887860000003392	[0.41231458 1.27430272 0.37756107]
2.887870000003392	[0.41217961 1.27437975 0.37743714]
2.887880000003392	[0.41204479 1.27445636 0.37731334]
2.887890000003392	[0.41191011 1.27453256 0.37718967]
2.887900000003392	[0.41177557 1.27460834 0.37706614]
2.887910000003392	[0.41164118 1.27468369 0.37694273]
2.887920000003392	[0.41150693 1.27475863 0.37681946]
2.8879300000033923	[0.41137282 1.27483316 0.37669631]
2.8879400000033923	[0.41123886 1.27490727 0.3765733 ]
2.8879500000033924	[0.41110504 1.27498096 0.37645042]
2.8879600000033925	[0.41097136 1.27505423 0.37632767]
2.8879700000033925	[0.41083783 1.27512709 0.37620505]
2.8879800000033926	[0.41070443 1.27519954 0.37608256]
2.8879900000033927	[0.41057118 1.27527157 0.3759602 ]
2.8880000000033927	[0.41043807 1.27534318 0.37583797]
2.888010000003393	[0.41030511 1.27541439 0.37571588]
2.888020000003393	[0.41017229 1.27548517 0.37559391]
2.888030000003393	[0.41003961 1.27555555 0.37547207]
2.888040000003393	[0.40990707 1.27562552 0.37535036]
2.888050000003393	[0.40977467 1.27569507 0.37522879]
2.888060000003393	[0.40964241 1.27576421 0.37510734]
2.888070000003393	[0.4095103  1.27583294 0.37498602]
2.8880800000033933	[0.40937833 1.27590127 0.37486483]
2.8880900000033933	[0.4092465  1.27596918 0.37474377]
2.8881000000033934	[0.40911481 1.27603668 0.37462284]
2.8881100000033935	[0.40898326 1.27610377 0.37450204]
2.8881200000033935	[0.40885185 1.27617046 0.37438137]
2.8881300000033936	[0.40872059 1.27623673 0.37426083]
2.8881400000033937	[0.40858946 1.2763026  0.37414042]
2.8881500000033937	[0.40845847 1.27636806 0.37402013]
2.888160000003394	[0.40832763 1.27643312 0.37389998]
2.888170000003394	[0.40819693 1.27649777 0.37377995]
2.888180000003394	[0.40806636 1.27656202 0.37366005]
2.888190000003394	[0.40793594 1.27662585 0.37354028]
2.888200000003394	[0.40780565 1.27668929 0.37342064]
2.888210000003394	[0.40767551 1.27675232 0.37330112]
2.888220000003394	[0.4075455  1.27681495 0.37318173]
2.8882300000033942	[0.40741564 1.27687717 0.37306247]
2.8882400000033943	[0.40728591 1.27693901 0.37294335]
2.8882500000033944	[0.40715632 1.27700042 0.37282433]
2.8882600000033944	[0.40702687 1.27706144 0.37270545]
2.8882700000033945	[0.40689755 1.27712206 0.3725867 ]
2.8882800000033946	[0.40676838 1.27718228 0.37246808]
2.8882900000033946	[0.40663935 1.27724209 0.37234958]
2.8883000000033947	[0.40651045 1.27730151 0.37223121]
2.8883100000033948	[0.40638169 1.27736053 0.37211296]
2.888320000003395	[0.40625307 1.27741915 0.37199484]
2.888330000003395	[0.40612459 1.27747738 0.37187685]
2.888340000003395	[0.40599624 1.27753521 0.37175898]
2.888350000003395	[0.40586803 1.27759264 0.37164124]
2.888360000003395	[0.40573997 1.27764968 0.37152363]
2.888370000003395	[0.40561204 1.27770635 0.37140615]
2.8883800000033952	[0.40548422 1.27776256 0.37128876]
2.8883900000033953	[0.40535655 1.27781841 0.37117151]
2.8884000000033954	[0.40522903 1.27787387 0.3710544 ]
2.8884100000033954	[0.40510163 1.27792893 0.3709374 ]
2.8884200000033955	[0.40497438 1.27798361 0.37082053]
2.8884300000033956	[0.40484726 1.27803788 0.37070379]
2.8884400000033956	[0.40472027 1.27809177 0.37058717]
2.8884500000033957	[0.40459342 1.27814527 0.37047067]
2.8884600000033958	[0.40446671 1.27819837 0.37035429]
2.888470000003396	[0.40434012 1.27825109 0.37023804]
2.888480000003396	[0.40421368 1.27830341 0.37012191]
2.888490000003396	[0.40408736 1.27835535 0.37000591]
2.888500000003396	[0.40396118 1.2784069  0.36989002]
2.888510000003396	[0.40383513 1.27845806 0.36977426]
2.888520000003396	[0.40370922 1.27850883 0.36965862]
2.888530000003396	[0.40358344 1.27855921 0.3695431 ]
2.8885400000033963	[0.40345779 1.27860921 0.3694277 ]
2.8885500000033963	[0.40333227 1.27865883 0.36931243]
2.8885600000033964	[0.40320689 1.27870806 0.36919727]
2.8885700000033965	[0.40308164 1.2787569  0.36908224]
2.8885800000033965	[0.40295651 1.27880536 0.36896732]
2.8885900000033966	[0.40283152 1.27885344 0.36885253]
2.8886000000033967	[0.40270666 1.27890113 0.36873786]
2.8886100000033967	[0.40258194 1.27894844 0.3686233 ]
2.888620000003397	[0.40245734 1.27899537 0.36850887]
2.888630000003397	[0.40233287 1.27904192 0.36839455]
2.888640000003397	[0.40220853 1.27908809 0.36828035]
2.888650000003397	[0.40208432 1.27913387 0.36816627]
2.888660000003397	[0.40196024 1.27917928 0.36805231]
2.888670000003397	[0.40183629 1.27922431 0.36793847]
2.888680000003397	[0.40171247 1.27926897 0.36782475]
2.8886900000033973	[0.40158878 1.27931324 0.36771114]
2.8887000000033973	[0.40146521 1.27935714 0.36759765]
2.8887100000033974	[0.40134177 1.27940066 0.36748428]
2.8887200000033975	[0.40121846 1.27944381 0.36737103]
2.8887300000033975	[0.40109528 1.27948658 0.36725789]
2.8887400000033976	[0.40097222 1.27952897 0.36714486]
2.8887500000033977	[0.40084929 1.279571   0.36703196]
2.8887600000033977	[0.40072649 1.27961265 0.36691916]
2.888770000003398	[0.40060378 1.27965387 0.36680646]
2.888780000003398	[0.40048127 1.27969482 0.36669393]
2.888790000003398	[0.40035884 1.27973536 0.36658149]
2.888800000003398	[0.40023653 1.27977552 0.36646915]
2.888810000003398	[0.40011435 1.27981531 0.36635693]
2.888820000003398	[0.39999232 1.27985477 0.36624485]
2.888830000003398	[0.39987036 1.27989378 0.36613283]
2.8888400000033982	[0.39974855 1.27993247 0.36602095]
2.8888500000033983	[0.39962687 1.27997078 0.36590919]
2.8888600000033984	[0.39950531 1.28000873 0.36579753]
2.8888700000033984	[0.39938387 1.28004631 0.36568599]
2.8888800000033985	[0.39926255 1.28008352 0.36557456]
2.8888900000033986	[0.39914135 1.28012037 0.36546324]
2.8889000000033986	[0.39902028 1.28015686 0.36535203]
2.8889100000033987	[0.39889932 1.28019298 0.36524093]
2.8889200000033988	[0.39877849 1.28022873 0.36512994]
2.888930000003399	[0.39865777 1.28026412 0.36501907]
2.888940000003399	[0.39853718 1.28029915 0.3649083 ]
2.888950000003399	[0.3984167  1.28033382 0.36479764]
2.888960000003399	[0.39829634 1.28036813 0.36468709]
2.888970000003399	[0.3981761  1.28040207 0.36457665]
2.888980000003399	[0.39805598 1.28043566 0.36446631]
2.8889900000033992	[0.39793598 1.28046889 0.36435609]
2.8890000000033993	[0.39781609 1.28050176 0.36424597]
2.8890100000033994	[0.39769632 1.28053427 0.36413596]
2.8890200000033994	[0.39757667 1.28056642 0.36402605]
2.8890300000033995	[0.39745713 1.28059821 0.36391625]
2.8890400000033996	[0.39733771 1.28062965 0.36380656]
2.8890500000033996	[0.39721841 1.28066074 0.36369697]
2.8890600000033997	[0.39709922 1.28069147 0.36358749]
2.8890700000033998	[0.39698014 1.28072184 0.36347811]
2.8890800000034	[0.39686118 1.28075187 0.36336884]
2.8890900000034	[0.39674233 1.28078154 0.36325967]
2.8891000000034	[0.39662359 1.28081085 0.36315061]
2.8891100000034	[0.39650497 1.28083982 0.36304165]
2.8891200000034	[0.39638646 1.28086843 0.36293279]
2.8891300000034	[0.39626806 1.2808967  0.36282403]
2.8891400000034	[0.39614977 1.28092461 0.36271538]
2.8891500000034003	[0.3960316  1.28095218 0.36260683]
2.8891600000034003	[0.39591353 1.2809794  0.36249838]
2.8891700000034004	[0.39579558 1.28100627 0.36239003]
2.8891800000034005	[0.39567773 1.28103279 0.36228178]
2.8891900000034005	[0.39555995 1.28105893 0.36217358]
2.8892000000034006	[0.3954424  1.2810848  0.36206561]
2.8892100000034007	[0.39532489 1.28111029 0.36195766]
2.8892200000034007	[0.39520747 1.28113543 0.36184981]
2.889230000003401	[0.39509017 1.28116023 0.36174206]
2.889240000003401	[0.39497297 1.28118469 0.3616344 ]
2.889250000003401	[0.39485588 1.28120881 0.36152685]
2.889260000003401	[0.3947389  1.28123258 0.36141939]
2.889270000003401	[0.39462202 1.28125601 0.36131202]
2.889280000003401	[0.39450525 1.2812791  0.36120476]
2.889290000003401	[0.39438858 1.28130186 0.36109759]
2.8893000000034013	[0.39427202 1.28132427 0.36099051]
2.8893100000034013	[0.39415556 1.28134634 0.36088353]
2.8893200000034014	[0.3940392  1.28136807 0.36077665]
2.8893300000034015	[0.39392295 1.28138947 0.36066985]
2.8893400000034015	[0.39380679 1.28141053 0.36056316]
2.8893500000034016	[0.39369074 1.28143125 0.36045655]
2.8893600000034017	[0.39357479 1.28145164 0.36035004]
2.8893700000034017	[0.39345894 1.2814717  0.36024362]
2.889380000003402	[0.3933432  1.28149142 0.36013729]
2.889390000003402	[0.39322755 1.2815108  0.36003106]
2.889400000003402	[0.393112   1.28152986 0.35992491]
2.889410000003402	[0.39299655 1.28154858 0.35981886]
2.889420000003402	[0.3928812  1.28156697 0.35971289]
2.889430000003402	[0.39276594 1.28158503 0.35960702]
2.889440000003402	[0.39265079 1.28160277 0.35950123]
2.8894500000034022	[0.39253573 1.28162017 0.35939553]
2.8894600000034023	[0.39242076 1.28163724 0.35928992]
2.8894700000034024	[0.39230589 1.28165399 0.3591844 ]
2.8894800000034024	[0.39219112 1.28167041 0.35907897]
2.8894900000034025	[0.39207644 1.28168651 0.35897362]
2.8895000000034026	[0.39196186 1.28170228 0.35886836]
2.8895100000034026	[0.39184737 1.28171773 0.35876318]
2.8895200000034027	[0.39173297 1.28173285 0.35865809]
2.8895300000034028	[0.39161866 1.28174765 0.35855309]
2.889540000003403	[0.39150445 1.28176212 0.35844817]
2.889550000003403	[0.39139033 1.28177628 0.35834333]
2.889560000003403	[0.3912763  1.28179011 0.35823858]
2.889570000003403	[0.39116236 1.28180362 0.35813391]
2.889580000003403	[0.39104851 1.28181681 0.35802932]
2.889590000003403	[0.39093475 1.28182968 0.35792481]
2.8896000000034032	[0.39082107 1.28184224 0.35782038]
2.8896100000034033	[0.39070749 1.28185448 0.35771604]
2.8896200000034034	[0.39059399 1.28186639 0.35761177]
2.8896300000034034	[0.39048058 1.281878   0.35750759]
2.8896400000034035	[0.39036726 1.28188928 0.35740348]
2.8896500000034036	[0.39025402 1.28190025 0.35729945]
2.8896600000034036	[0.39014086 1.28191091 0.3571955 ]
2.8896700000034037	[0.3900278  1.28192125 0.35709163]
2.8896800000034037	[0.38991483 1.28193105 0.35698786]
2.889690000003404	[0.38980191 1.281941   0.35688412]
2.889700000003404	[0.38968909 1.2819504  0.35678048]
2.889710000003404	[0.38957636 1.28195949 0.35667691]
2.889720000003404	[0.3894637  1.28196827 0.35657341]
2.889730000003404	[0.38935113 1.28197674 0.35647   ]
2.889740000003404	[0.38923863 1.2819849  0.35636665]
2.889750000003404	[0.38912622 1.28199275 0.35626338]
2.8897600000034043	[0.38901389 1.2820003  0.35616018]
2.8897700000034043	[0.38890163 1.28200754 0.35605705]
2.8897800000034044	[0.38878946 1.28201448 0.355954  ]
2.8897900000034045	[0.38867736 1.28202111 0.35585102]
2.8898000000034045	[0.38856534 1.28202744 0.3557481 ]
2.8898100000034046	[0.38845339 1.28203346 0.35564526]
2.8898200000034047	[0.3883415  1.28203941 0.35554247]
2.8898300000034047	[0.38822973 1.28204461 0.35543978]
2.889840000003405	[0.38811801 1.28204973 0.35533715]
2.889850000003405	[0.38800636 1.28205456 0.35523458]
2.889860000003405	[0.38789479 1.28205908 0.35513208]
2.889870000003405	[0.3877833  1.2820633  0.35502965]
2.889880000003405	[0.38767189 1.282067   0.3549273 ]
2.889890000003405	[0.38756052 1.28207085 0.35482498]
2.889900000003405	[0.38744924 1.28207417 0.35472275]
2.8899100000034053	[0.387338   1.28207743 0.35462056]
2.8899200000034053	[0.38722688 1.28207993 0.35451847]
2.8899300000034054	[0.38711583 1.28208214 0.35441645]
2.8899400000034055	[0.38700481 1.28208451 0.35431445]
2.8899500000034055	[0.38689387 1.28208636 0.35421253]
2.8899600000034056	[0.386783   1.28208791 0.35411068]
2.8899700000034056	[0.3866722  1.28208916 0.35400888]
2.8899800000034057	[0.38656146 1.28209013 0.35390715]
2.889990000003406	[0.38645079 1.2820908  0.35380547]
2.890000000003406	[0.38634019 1.28209119 0.35370386]
2.890010000003406	[0.38622965 1.28209128 0.3536023 ]
2.890020000003406	[0.38611917 1.28209108 0.3535008 ]
2.890030000003406	[0.38600875 1.2820906  0.35339936]
2.890040000003406	[0.3858984  1.28208983 0.35329798]
2.890050000003406	[0.38578811 1.28208878 0.35319665]
2.8900600000034062	[0.38567788 1.28208744 0.35309538]
2.8900700000034063	[0.38556771 1.28208581 0.35299417]
2.8900800000034064	[0.38545759 1.2820839  0.35289301]
2.8900900000034064	[0.38534754 1.28208171 0.3527919 ]
2.8901000000034065	[0.38523755 1.28207924 0.35269084]
2.8901100000034066	[0.38512761 1.28207648 0.35258984]
2.8901200000034066	[0.38501773 1.28207345 0.35248889]
2.8901300000034067	[0.38490791 1.28207013 0.352388  ]
2.8901400000034068	[0.38479814 1.28206654 0.35228715]
2.890150000003407	[0.38468843 1.28206267 0.35218636]
2.890160000003407	[0.38457877 1.28205852 0.35208561]
2.890170000003407	[0.38446917 1.28205409 0.35198491]
2.890180000003407	[0.38435962 1.28204938 0.35188426]
2.890190000003407	[0.38425012 1.2820444  0.35178366]
2.890200000003407	[0.38414067 1.28203915 0.35168311]
2.890210000003407	[0.38403127 1.28203362 0.35158261]
2.8902200000034073	[0.38392193 1.28202782 0.35148215]
2.8902300000034074	[0.38381263 1.28202174 0.35138173]
2.8902400000034074	[0.38370338 1.28201539 0.35128136]
2.8902500000034075	[0.38359419 1.28200879 0.35118104]
2.8902600000034075	[0.38348503 1.28200188 0.35108075]
2.8902700000034076	[0.38337592 1.28199472 0.35098051]
2.8902800000034077	[0.38326686 1.28198728 0.35088032]
2.8902900000034077	[0.38315785 1.28197958 0.35078016]
2.890300000003408	[0.38304888 1.28197161 0.35068005]
2.890310000003408	[0.38293995 1.28196337 0.35057997]
2.890320000003408	[0.38283107 1.28195487 0.35047994]
2.890330000003408	[0.38272223 1.2819461  0.35037994]
2.890340000003408	[0.3826134  1.28193728 0.35027995]
2.890350000003408	[0.38250468 1.28192777 0.35018006]
2.890360000003408	[0.38239596 1.28191821 0.35008018]
2.8903700000034083	[0.38228729 1.28190839 0.34998034]
2.8903800000034083	[0.38217865 1.2818983  0.34988053]
2.8903900000034084	[0.38207005 1.28188796 0.34978075]
2.8904000000034085	[0.38196149 1.28187735 0.34968101]
2.8904100000034085	[0.38185296 1.28186649 0.34958131]
2.8904200000034086	[0.38174447 1.28185537 0.34948163]
2.8904300000034087	[0.38163602 1.28184398 0.34938199]
2.8904400000034087	[0.3815276  1.28183234 0.34928238]
2.890450000003409	[0.38141922 1.28182045 0.34918281]
2.890460000003409	[0.38131087 1.28180829 0.34908326]
2.890470000003409	[0.38120255 1.28179589 0.34898375]
2.890480000003409	[0.38109427 1.28178322 0.34888426]
2.890490000003409	[0.38098605 1.28177012 0.34878484]
2.890500000003409	[0.38087779 1.28175714 0.34868537]
2.890510000003409	[0.38076959 1.28174371 0.34858597]
2.8905200000034093	[0.38066143 1.28173004 0.34848659]
2.8905300000034093	[0.38055329 1.28171611 0.34838724]
2.8905400000034094	[0.38044518 1.28170194 0.34828792]
2.8905500000034094	[0.3803371  1.28168751 0.34818862]
2.8905600000034095	[0.38022905 1.28167284 0.34808934]
2.8905700000034096	[0.38012102 1.28165793 0.34799009]
2.8905800000034096	[0.38001301 1.28164276 0.34789086]
2.8905900000034097	[0.37990503 1.28162736 0.34779165]
2.8906000000034098	[0.37979707 1.28161171 0.34769247]
2.89061000000341	[0.37968914 1.28159581 0.3475933 ]
2.89062000000341	[0.37958122 1.28157967 0.34749416]
2.89063000000341	[0.37947333 1.28156329 0.34739503]
2.89064000000341	[0.37936546 1.28154667 0.34729592]
2.89065000000341	[0.37925761 1.28152981 0.34719683]
2.89066000000341	[0.37914977 1.28151271 0.34709776]
2.8906700000034102	[0.37904196 1.28149537 0.34699871]
2.8906800000034103	[0.37893416 1.28147778 0.34689967]
2.8906900000034104	[0.37882638 1.28145997 0.34680065]
2.8907000000034104	[0.37871862 1.28144191 0.34670164]
2.8907100000034105	[0.37861086 1.28142362 0.34660264]
2.8907200000034106	[0.37850313 1.28140509 0.34650366]
2.8907300000034106	[0.37839541 1.28138632 0.34640469]
2.8907400000034107	[0.3782877  1.28136732 0.34630573]
2.8907500000034108	[0.37818    1.28134808 0.34620679]
2.890760000003411	[0.37807231 1.28132861 0.34610785]
2.890770000003411	[0.37796463 1.28130891 0.34600892]
2.890780000003411	[0.37785697 1.28128898 0.34591   ]
2.890790000003411	[0.37774931 1.28126881 0.34581109]
2.890800000003411	[0.37764166 1.28124841 0.34571219]
2.890810000003411	[0.37753401 1.28122779 0.34561329]
2.890820000003411	[0.37742637 1.28120693 0.3455144 ]
2.8908300000034113	[0.37731874 1.28118584 0.34541551]
2.8908400000034113	[0.37721112 1.28116453 0.34531663]
2.8908500000034114	[0.37710349 1.28114299 0.34521776]
2.8908600000034115	[0.37699587 1.28112123 0.34511888]
2.8908700000034115	[0.37688825 1.28109924 0.34502001]
2.8908800000034116	[0.37678064 1.28107702 0.34492114]
2.8908900000034117	[0.37667302 1.28105459 0.34482227]
2.8909000000034117	[0.37656541 1.28103193 0.3447234 ]
2.890910000003412	[0.37645779 1.28100904 0.34462453]
2.890920000003412	[0.37635017 1.28098594 0.34452566]
2.890930000003412	[0.37624256 1.28096262 0.34442678]
2.890940000003412	[0.37613493 1.28093908 0.34432791]
2.890950000003412	[0.37602731 1.28091532 0.34422903]
2.890960000003412	[0.37591968 1.28089135 0.34413014]
2.890970000003412	[0.37581204 1.28086716 0.34403126]
2.8909800000034123	[0.3757044  1.28084275 0.34393236]
2.8909900000034123	[0.37559675 1.28081813 0.34383346]
2.8910000000034124	[0.3754891  1.28079329 0.34373456]
2.8910100000034125	[0.37538144 1.28076824 0.34363565]
2.8910200000034125	[0.37527377 1.28074298 0.34353673]
2.8910300000034126	[0.37516609 1.28071751 0.3434378 ]
2.8910400000034127	[0.37505839 1.28069182 0.34333886]
2.8910500000034127	[0.37495069 1.28066593 0.34323991]
2.891060000003413	[0.37484298 1.28063983 0.34314095]
2.891070000003413	[0.37473525 1.28061351 0.34304198]
2.891080000003413	[0.37462751 1.28058699 0.342943  ]
2.891090000003413	[0.37451976 1.28056026 0.342844  ]
2.891100000003413	[0.37441199 1.28053333 0.34274499]
2.891110000003413	[0.3743042  1.28050619 0.34264597]
2.891120000003413	[0.3741964  1.28047884 0.34254693]
2.8911300000034132	[0.37408858 1.28045129 0.34244787]
2.8911400000034133	[0.37398074 1.28042353 0.3423488 ]
2.8911500000034134	[0.37387289 1.28039557 0.34224971]
2.8911600000034134	[0.37376501 1.28036741 0.34215061]
2.8911700000034135	[0.37365711 1.28033905 0.34205148]
2.8911800000034136	[0.3735492  1.28031048 0.34195233]
2.8911900000034136	[0.37344125 1.28028172 0.34185317]
2.8912000000034137	[0.37333323 1.28025292 0.34175392]
2.8912100000034138	[0.37322528 1.28022359 0.34165475]
2.891220000003414	[0.37311727 1.28019422 0.34155552]
2.891230000003414	[0.37300923 1.28016467 0.34145626]
2.891240000003414	[0.37290116 1.28013491 0.34135698]
2.891250000003414	[0.37279307 1.28010496 0.34125767]
2.891260000003414	[0.37268494 1.28007481 0.34115834]
2.891270000003414	[0.37257679 1.28004447 0.34105898]
2.8912800000034142	[0.37246861 1.28001394 0.3409596 ]
2.8912900000034143	[0.3723604  1.27998321 0.34086018]
2.8913000000034144	[0.37225216 1.27995229 0.34076074]
2.8913100000034144	[0.37214388 1.27992118 0.34066127]
2.8913200000034145	[0.37203557 1.27988988 0.34056177]
2.8913300000034146	[0.37192723 1.27985839 0.34046223]
2.8913400000034146	[0.37181885 1.27982671 0.34036267]
2.8913500000034147	[0.37171043 1.27979485 0.34026307]
2.8913600000034148	[0.37160198 1.2797628  0.34016344]
2.891370000003415	[0.37149349 1.27973056 0.34006377]
2.891380000003415	[0.37138497 1.27969814 0.33996407]
2.891390000003415	[0.3712764  1.27966553 0.33986433]
2.891400000003415	[0.3711678  1.27963274 0.33976456]
2.891410000003415	[0.37105915 1.27959977 0.33966475]
2.891420000003415	[0.37095047 1.27956662 0.3395649 ]
2.891430000003415	[0.37084174 1.27953328 0.33946502]
2.8914400000034153	[0.37073297 1.27949977 0.3393651 ]
2.8914500000034153	[0.37062416 1.27946608 0.33926513]
2.8914600000034154	[0.3705153  1.2794322  0.33916513]
2.8914700000034155	[0.37040639 1.27939816 0.33906508]
2.8914800000034155	[0.37029744 1.27936393 0.33896499]
2.8914900000034156	[0.37018846 1.27932953 0.33886487]
2.8915000000034157	[0.37007941 1.27929495 0.33876469]
2.8915100000034157	[0.36997032 1.2792602  0.33866448]
2.891520000003416	[0.36986119 1.27922527 0.33856423]
2.891530000003416	[0.36975198 1.27919017 0.3384639 ]
2.891540000003416	[0.36964274 1.2791549  0.33836355]
2.891550000003416	[0.36953345 1.27911945 0.33826315]
2.891560000003416	[0.36942411 1.27908384 0.3381627 ]
2.891570000003416	[0.36931471 1.27904805 0.33806221]
2.891580000003416	[0.36920526 1.2790121  0.33796166]
2.8915900000034163	[0.36909575 1.27897597 0.33786106]
