2.5101020000022496	513.9839464936423
2.5101030000022497	513.9686849061892
2.51010400000225	513.9534600380529
2.51010500000225	513.9382713795738
2.51010600000225	513.9231184208179
2.5101070000022503	513.9080006519481
2.5101080000022504	513.8929175636929
2.5101090000022506	513.8778686478134
2.5101100000022507	513.8628533975702
2.510111000002251	513.8478713081875
2.510112000002251	513.8329218773129
2.510113000002251	513.8180046054766
2.5101140000022513	513.8031189965453
2.5101150000022514	513.7882645581719
2.5101160000022515	513.7734408022417
2.5101170000022517	513.7586472453141
2.510118000002252	513.7438834090586
2.510119000002252	513.7291488206666
2.510120000002252	513.7144430133144
2.5101210000022522	513.6997655265827
2.5101220000022524	513.6851159066371
2.5101230000022525	513.6704937070467
2.5101240000022527	513.6558984891551
2.510125000002253	513.6413298221212
2.510126000002253	513.6267872834753
2.510127000002253	513.6122704594995
2.5101280000022532	513.5977789455922
2.5101290000022534	513.5833123466276
2.5101300000022535	513.5688702773039
2.5101310000022536	513.5544523624839
2.510132000002254	513.5400582376082
2.510133000002254	513.5256875488418
2.510134000002254	513.511339953401
2.510135000002254	513.4970151200027
2.5101360000022543	513.4827127284666
2.5101370000022545	513.4684324712462
2.5101380000022546	513.4541740535957
2.5101390000022548	513.4399371927254
2.510140000002255	513.4257216185949
2.510141000002255	513.4115270741581
2.510142000002255	513.3973533155307
2.5101430000022553	513.3832001123037
2.5101440000022555	513.3690672477957
2.5101450000022556	513.354954519031
2.5101460000022557	513.3408617370053
2.510147000002256	513.3267887268648
2.510148000002256	513.3127353280113
2.510149000002256	513.2987013943032
2.5101500000022563	513.2846867944012
2.5101510000022564	513.2706914113558
2.5101520000022566	513.256715142744
2.5101530000022567	513.2427579012128
2.510154000002257	513.2288196143186
2.510155000002257	513.2149002245831
2.510156000002257	513.2009996895358
2.5101570000022573	513.187117981746
2.5101580000022574	513.173255088842
2.5101590000022576	513.1594110135142
2.5101600000022577	513.145585773509
2.510161000002258	513.1317794080888
2.510162000002258	513.1179919650463
2.510163000002258	513.1042235006355
2.5101640000022583	513.0904740922526
2.5101650000022584	513.0767438323572
2.5101660000022585	513.0630328283331
2.5101670000022587	513.0493412020912
2.510168000002259	513.0356690899844
2.510169000002259	513.0220166427072
2.510170000002259	513.0083840252978
2.5101710000022592	512.9947714169232
2.5101720000022594	512.9811790106577
2.5101730000022595	512.9676070134378
2.5101740000022597	512.9540556458746
2.51017500000226	512.9405251419469
2.51017600000226	512.9270157488523
2.51017700000226	512.9135277267945
2.51017800000226	512.9000613490714
2.5101790000022604	512.886616901223
2.5101800000022605	512.8731946807524
2.5101810000022606	512.8597949975278
2.5101820000022608	512.8464181731914
2.510183000002261	512.8330645408846
2.510184000002261	512.8197344449634
2.510185000002261	512.8064282407032
2.5101860000022613	512.7931462939974
2.5101870000022615	512.7798889810463
2.5101880000022616	512.7666566880363
2.5101890000022617	512.7534498108138
2.510190000002262	512.7402687545505
2.510191000002262	512.7271139334016
2.510192000002262	512.7139857701563
2.5101930000022623	512.7008846959626
2.5101940000022624	512.6878111497996
2.5101950000022626	512.6747655781297
2.5101960000022627	512.6617484346621
2.510197000002263	512.6487601799041
2.510198000002263	512.6358012807781
2.510199000002263	512.6228722102313
2.5102000000022633	512.6099734468438
2.5102010000022634	512.5971054744339
2.5102020000022636	512.5842687816507
2.5102030000022637	512.5714638615829
2.510204000002264	512.5586912113523
2.510205000002264	512.5459513316957
2.510206000002264	512.5332447265591
2.5102070000022643	512.5205719026858
2.5102080000022644	512.5079333692019
2.5102090000022645	512.4953296372022
2.5102100000022647	512.4827612193352
2.510211000002265	512.4702286293883
2.510212000002265	512.4577323818695
2.510213000002265	512.4452729915947
2.5102140000022652	512.4328509732707
2.5102150000022654	512.4204668410842
2.5102160000022655	512.408121108022
2.5102170000022657	512.3958142860074
2.510218000002266	512.3835468854475
2.510219000002266	512.3713194143488
2.510220000002266	512.3591323781533
2.5102210000022662	512.3469862793446
2.5102220000022664	512.3348816170497
2.5102230000022665	512.3228188866492
2.5102240000022666	512.3107985793877
2.510225000002267	512.298821181989
2.510226000002267	512.2868871762804
2.510227000002267	512.274997038816
2.510228000002267	512.2631512405101
2.5102290000022673	512.2513502462718
2.5102300000022675	512.2395945146424
2.5102310000022676	512.2278844974613
2.5102320000022678	512.2162206395213
2.510233000002268	512.2046033782159
2.510234000002268	512.1930331432136
2.510235000002268	512.1815103561395
2.5102360000022683	512.1700354302571
2.5102370000022685	512.1586087701621
2.5102380000022686	512.1472307714816
2.5102390000022687	512.1359018205851
2.510240000002269	512.1246222942988
2.510241000002269	512.113392559634
2.510242000002269	512.1022129735205
2.5102430000022693	512.091083882551
2.5102440000022694	512.0800056227336
2.5102450000022696	512.0689785192553
2.5102460000022697	512.0580028857529
2.51024700000227	512.0470790251234
2.51024800000227	512.0362072292269
2.51024900000227	512.0253877777986
2.5102500000022703	512.014620938697
2.5102510000022704	512.0039069677287
2.5102520000022706	511.99324610850283
2.5102530000022707	511.9826385922632
2.510254000002271	511.9720846377431
2.510255000002271	511.9615844510291
2.510256000002271	511.9511382254346
2.5102570000022713	511.9407461413879
2.5102580000022714	511.93040836632736
2.5102590000022715	511.92012505467585
2.5102600000022717	511.9098963476214
2.510261000002272	511.89972237294285
2.510262000002272	511.88960324530706
2.510263000002272	511.87953906614035
2.5102640000022722	511.8695299233816
2.5102650000022724	511.85957589155765
2.5102660000022725	511.8496770317705
2.5102670000022727	511.8398333916912
2.510268000002273	511.83004500583263
2.510269000002273	511.820311939522
2.510270000002273	511.8106342006139
2.510271000002273	511.80101173788194
2.5102720000022734	511.7914445325703
2.5102730000022735	511.7819325522476
2.5102740000022736	511.7724757512991
2.5102750000022738	511.76307407100836
2.510276000002274	511.75372743966403
2.510277000002274	511.7444357726485
2.510278000002274	511.73519897254704
2.5102790000022743	511.7260169292647
2.5102800000022745	511.71688952015495
2.5102810000022746	511.70781661015513
2.5102820000022747	511.6987980519342
2.510283000002275	511.6898336860459
2.510284000002275	511.6809233410943
2.510285000002275	511.67206683390566
2.5102860000022753	511.6632639697091
2.5102870000022754	511.6545145423264
2.5102880000022756	511.64581833436944
2.5102890000022757	511.63717511745136
2.510290000002276	511.62858465238537
2.510291000002276	511.620046689408
2.510292000002276	511.6115609684158
2.5102930000022763	511.6031272191951
2.5102940000022764	511.5947451616619
2.5102950000022766	511.5864145061107
2.5102960000022767	511.578134953468
2.510297000002277	511.5699061955489
2.510298000002277	511.561727915322
2.510299000002277	511.55359978718394
2.5103000000022773	511.5455214772335
2.5103010000022774	511.5374926435518
2.5103020000022775	511.5295129364877
2.5103030000022777	511.52158199894757
2.510304000002278	511.5136994666878
2.510305000002278	511.50586496861376
2.510306000002278	511.49807812707985
2.5103070000022782	511.49033855819397
2.5103080000022784	511.48264587212503
2.5103090000022785	511.4749996734119
2.5103100000022787	511.46739956127783
2.510311000002279	511.4598451299422
2.510312000002279	511.45233596893644
2.510313000002279	511.4448716634265
2.5103140000022792	511.43745179452657
2.5103150000022794	511.43007593962216
2.5103160000022795	511.4227436726893
2.5103170000022796	511.4154545646171
2.51031800000228	511.4082081835277
2.51031900000228	511.4010040950991
2.51032000000228	511.3938418628839
2.51032100000228	511.3867210484715
2.5103220000022803	511.3796412121283
2.5103230000022805	511.3726019131085
2.5103240000022806	511.365602635976
2.5103250000022808	511.3586429398288
2.510326000002281	511.3517224540011
2.510327000002281	511.3448407370221
2.510328000002281	511.33799734662466
2.5103290000022813	511.3311918411745
2.5103300000022815	511.3244237805863
2.5103310000022816	511.3176927258497
2.5103320000022817	511.31099823955884
2.510333000002282	511.3043398861977
2.510334000002282	511.2977172324233
2.510335000002282	511.2911298476789
2.5103360000022823	511.28457730381683
2.5103370000022824	511.2780591754156
2.5103380000022826	511.2715750406423
2.5103390000022827	511.26512448121997
2.510340000002283	511.2587070826852
2.510341000002283	511.2523224346421
2.510342000002283	511.2459701310125
2.5103430000022833	511.2396497702804
2.5103440000022834	511.23336095572716
2.5103450000022836	511.2271032956658
2.5103460000022837	511.2208764036653
2.510347000002284	511.21467989877
2.510348000002284	511.2085134057133
2.510349000002284	511.20237655512346
2.5103500000022843	511.1962689837232
2.5103510000022844	511.19019033443846
2.5103520000022845	511.18414025675514
2.5103530000022847	511.1781184068876
2.510354000002285	511.1721244477947
2.510355000002285	511.1661580494214
2.510356000002285	511.16021888887815
2.5103570000022852	511.1543066505488
2.5103580000022854	511.1484210262351
2.5103590000022855	511.1425617153284
2.5103600000022857	511.13672845480653
2.510361000002286	511.130920959853
2.510362000002286	511.125138923494
2.510363000002286	511.1193820762632
2.510364000002286	511.11365015703325
2.5103650000022864	511.1079429130224
2.5103660000022865	511.1022600998951
2.5103670000022866	511.096601481777
2.5103680000022868	511.09096683078457
2.510369000002287	511.0853559275385
2.510370000002287	511.0797685615011
2.510371000002287	511.0742045306065
2.5103720000022873	511.0686636414141
2.5103730000022875	511.06314570913094
2.5103740000022876	511.05765055763027
2.5103750000022877	511.0521780194598
2.510376000002288	511.04672793585206
2.510377000002288	511.0413001567093
2.510378000002288	511.03589454060466
2.5103790000022883	511.0305109547561
2.5103800000022884	511.0251492753432
2.5103810000022886	511.01980938677985
2.5103820000022887	511.0144911817279
2.510383000002289	511.00919456166383
2.510384000002289	511.003919436517
2.510385000002289	510.99866572460576
2.5103860000022893	510.9934333525699
2.5103870000022894	510.98822225578044
2.5103880000022896	510.9830323772744
2.5103890000022897	510.97786366772846
2.51039000000229	510.9727160862626
2.51039100000229	510.96758959989353
2.51039200000229	510.9624841834241
2.5103930000022903	510.9573998193335
2.5103940000022904	510.95233649785376
2.5103950000022905	510.9472942164562
2.5103960000022907	510.9422729797535
2.510397000002291	510.93727279971785
2.510398000002291	510.9322936953694
2.510399000002291	510.9273356926144
2.5104000000022912	510.92239882413406
2.5104010000022914	510.91748312924176
2.5104020000022915	510.9125886536827
2.5104030000022917	510.90771544949706
2.510404000002292	510.90286357485775
2.510405000002292	510.89803309390237
2.510406000002292	510.8932240765646
2.510407000002292	510.8884365981264
2.5104080000022924	510.88367073960904
2.5104090000022925	510.87892658752213
2.5104100000022926	510.8742042332221
2.510411000002293	510.869503772955
2.510412000002293	510.8648253076766
2.510413000002293	510.86016894286047
2.510414000002293	510.8555347883113
2.5104150000022933	510.8509229579649
2.5104160000022935	510.8463335696911
2.5104170000022936	510.8417667450985
2.5104180000022938	510.8372226093237
2.510419000002294	510.83270129085935
2.510420000002294	510.8282029213446
2.510421000002294	510.82372763533385
2.5104220000022943	510.81927557011784
2.5104230000022945	510.8148468655168
2.5104240000022946	510.81044166367474
2.5104250000022947	510.8060601088561
2.510426000002295	510.8017023472413
2.510427000002295	510.7973685267226
2.510428000002295	510.79305879669994
2.5104290000022953	510.788773307878
2.5104300000022954	510.78451221206336
2.5104310000022956	510.780275661964
2.5104320000022957	510.77606381145995
2.510433000002296	510.77187681443945
2.510434000002296	510.76771482431525
2.510435000002296	510.7635779954062
2.5104360000022963	510.75946648207173
2.5104370000022964	510.75538043825884
2.5104380000022966	510.7513200175845
2.5104390000022967	510.74728537283744
2.510440000002297	510.74327665594507
2.510441000002297	510.73929401779077
2.510442000002297	510.7353376080324
2.5104430000022973	510.7314075749197
2.5104440000022974	510.72750406511534
2.5104450000022975	510.7236272235188
2.5104460000022977	510.71977719306915
2.510447000002298	510.7159541146219
2.510448000002298	510.71215812678736
2.510449000002298	510.7083893657096
2.5104500000022982	510.704647966321
2.5104510000022984	510.70093405933045
2.5104520000022985	510.69724777131677
2.5104530000022987	510.693589227072
2.510454000002299	510.689958548193
2.510455000002299	510.6863558529197
2.510456000002299	510.6827812559933
2.510457000002299	510.6792348685208
2.5104580000022994	510.6757167978401
2.5104590000022995	510.6722271473906
2.5104600000022996	510.6687660165873
2.5104610000022998	510.66533350069744
2.5104620000023	510.66192969072387
2.5104630000023	510.6585546732891
2.5104640000023	510.65520853068165
2.5104650000023003	510.65189134006494
2.5104660000023005	510.64860317415133
2.5104670000023006	510.6453441013077
2.5104680000023007	510.64211418468625
2.510469000002301	510.6389134830132
2.510470000002301	510.6357420493587
2.510471000002301	510.63259993112905
2.5104720000023013	510.6294871710224
2.5104730000023014	510.6264038064399
2.5104740000023016	510.62334986940624
2.5104750000023017	510.6203253865042
2.510476000002302	510.61733037881066
2.510477000002302	510.61436486183663
2.510478000002302	510.61142884547615
2.5104790000023023	510.60852233395184
2.5104800000023024	510.6056453257704
2.5104810000023026	510.60279781367757
2.5104820000023027	510.59997978461973
2.510483000002303	510.59719121970943
2.510484000002303	510.59443209419146
2.510485000002303	510.5917023774153
2.5104860000023033	510.5890020328122
2.5104870000023034	510.58633101787217
2.5104880000023035	510.5836892843868
2.5104890000023037	510.58107677788723
2.510490000002304	510.57849343772676
2.510491000002304	510.57593919748876
2.510492000002304	510.57341398476876
2.5104930000023042	510.57091772135357
2.5104940000023044	510.5684503226558
2.5104950000023045	510.56601169816884
2.5104960000023047	510.56360175168584
2.510497000002305	510.56122038089705
2.510498000002305	510.5588674985192
2.510499000002305	510.5565429697677
2.510500000002305	510.5542466738168
2.5105010000023054	510.55197850641906
2.5105020000023055	510.54973831434756
2.5105030000023056	510.54752595992306
2.510504000002306	510.54534129964816
2.510505000002306	510.54318418425777
2.510506000002306	510.5410544587525
2.510507000002306	510.5389519624293
2.5105080000023063	510.5368765289486
2.5105090000023065	510.53482798636315
2.5105100000023066	510.53280615713953
2.5105110000023068	510.53081085897423
2.510512000002307	510.5288419032139
2.510513000002307	510.5268990955284
2.510514000002307	510.5249822360765
2.5105150000023073	510.5230911204029
2.5105160000023075	510.5212255389019
2.5105170000023076	510.5193852763519
2.5105180000023077	510.5175701125224
2.510519000002308	510.51577982210307
2.510520000002308	510.5140141747625
2.510521000002308	510.5122729352135
2.5105220000023083	510.51055586327607
2.5105230000023084	510.50886271394404
2.5105240000023086	510.50719323745165
2.5105250000023087	510.50554717934125
2.510526000002309	510.5039242805337
2.510527000002309	510.5023242773972
2.510528000002309	510.50074690181856
2.5105290000023093	510.4991918811017
2.5105300000023094	510.497658938404
2.5105310000023096	510.49614779275845
2.5105320000023097	510.4946581588601
2.51053300000231	510.4931897472877
2.51053400000231	510.4917422645827
2.51053500000231	510.49031541332533
2.5105360000023103	510.48890889221195
2.5105370000023104	510.48752239613174
2.5105380000023105	510.48615561624695
2.5105390000023107	510.48480824006907
2.510540000002311	510.4834799515384
2.510541000002311	510.4821704311042
2.510542000002311	510.4808793558028
2.5105430000023112	510.47960639933956
2.5105440000023114	510.4783512321673
2.5105450000023115	510.4771135215675
2.5105460000023117	510.4758929315583
2.510547000002312	510.47468912333386
2.510548000002312	510.4735017553062
2.510549000002312	510.47233048264593
2.510550000002312	510.4711749580207
2.5105510000023123	510.47003483160483
2.5105520000023125	510.4689097507652
2.5105530000023126	510.46779936034443
2.5105540000023128	510.4667033027502
2.510555000002313	510.46562121803606
2.510556000002313	510.46455274398403
2.510557000002313	510.463497516189
2.5105580000023133	510.46245516813997
2.5105590000023135	510.46142533130404
2.5105600000023136	510.4604076352087
2.5105610000023137	510.4594017075259
2.510562000002314	510.45840717415416
2.510563000002314	510.4574236593021
2.510564000002314	510.4564507855726
2.5105650000023143	510.45548817404494
2.5105660000023144	510.4545354443609
2.5105670000023146	510.4535922148053
2.5105680000023147	510.45265810239204
2.510569000002315	510.45173272294807
2.510570000002315	510.4508156910177
2.510571000002315	510.4499066204378
2.5105720000023153	510.4490051241362
2.5105730000023154	510.4481108139182
2.5105740000023156	510.4472233009351
2.5105750000023157	510.4463421956581
2.510576000002316	510.4454671079626
2.510577000002316	510.4445976472136
2.510578000002316	510.44373342235076
2.5105790000023163	510.44287404197286
2.5105800000023164	510.4420191144244
2.5105810000023165	510.44116824788006
2.5105820000023167	510.4403210504328
2.510583000002317	510.43947713004417
2.510584000002317	510.43863609488426
2.510585000002317	510.43779755346145
2.5105860000023172	510.43696111442273
2.5105870000023174	510.4361263867191
2.5105880000023175	510.4352929799976
2.5105890000023177	510.4344605038238
2.510590000002318	510.433628546862
2.510591000002318	510.43279674206383
2.510592000002318	510.4319647021193
2.510593000002318	510.43113203930994
2.5105940000023184	510.4302983681684
2.5105950000023185	510.4294632813057
2.5105960000023186	510.4286264168164
2.510597000002319	510.4277873921219
2.510598000002319	510.42694582586097
2.510599000002319	510.42610133800224
2.510600000002319	510.4252535501045
2.5106010000023193	510.42440208537374
2.5106020000023195	510.42354656865473
2.5106030000023196	510.42268662651304
2.5106040000023198	510.4218218874782
2.51060500000232	510.4209519813065
2.51060600000232	510.42007651753005
2.51060700000232	510.41919513103153
2.5106080000023203	510.418307481374
2.5106090000023205	510.41741320803703
2.5106100000023206	510.41651195257987
2.5106110000023207	510.4156033590575
2.510612000002321	510.4146870741121
2.510613000002321	510.4137627470625
2.510614000002321	510.41283002999455
2.5106150000023213	510.41188857785187
2.5106160000023214	510.41093804852454
2.5106170000023216	510.4099781029374
2.5106180000023217	510.40900840514024
2.510619000002322	510.4080286223982
2.510620000002322	510.4070384252766
2.510621000002322	510.40603748773054
2.5106220000023223	510.40502548719314
2.5106230000023224	510.4040021046602
2.5106240000023226	510.4029670247785
2.5106250000023227	510.40191993592975
2.510626000002323	510.4008605303161
2.510627000002323	510.3997885040439
2.510628000002323	510.3987035572078
2.5106290000023233	510.39760539397224
2.5106300000023234	510.39649372265313
2.5106310000023235	510.3953682557985
2.5106320000023237	510.3942287102676
2.510633000002324	510.3930748071534
2.510634000002324	510.39190627217494
2.510635000002324	510.3907228357406
2.5106360000023242	510.389524232728
2.5106370000023244	510.388310202702
2.5106380000023245	510.38708048999
2.5106390000023247	510.38583484375135
2.510640000002325	510.38457301804584
2.510641000002325	510.3832947719013
2.510642000002325	510.38199986937735
2.510643000002325	510.38068807962986
2.5106440000023253	510.3793591769727
2.5106450000023255	510.3780129409359
2.5106460000023256	510.37664915632377
2.5106470000023258	510.37526761327103
2.510648000002326	510.37386810729595
2.510649000002326	510.37245043934973
2.510650000002326	510.3710144158667
2.5106510000023263	510.3695598488107
2.5106520000023265	510.3680865558087
2.5106530000023266	510.3665943600061
2.5106540000023267	510.3650830901226
2.510655000002327	510.36355258064987
2.510656000002327	510.36200267180243
2.510657000002327	510.36043320954866
2.5106580000023273	510.35884404562506
2.5106590000023274	510.35723503759783
2.5106600000023276	510.3556060488572
2.5106610000023277	510.3539569486201
2.510662000002328	510.3522876119735
2.510663000002328	510.3505979198796
2.510664000002328	510.3488877591822
2.5106650000023283	510.3471570226146
2.5106660000023284	510.34540560879947
2.5106670000023286	510.3436334222517
2.5106680000023287	510.341840373371
2.510669000002329	510.34002637843514
2.510670000002329	510.33819135958794
2.510671000002329	510.33633524482497
2.5106720000023293	510.3344579679752
2.5106730000023294	510.33255946867655
2.5106740000023295	510.3306396923524
2.5106750000023297	510.32869859018007
2.51067600000233	510.32673611905784
2.51067700000233	510.3247522415678
2.51067800000233	510.32274692593444
2.5106790000023302	510.320720145979
2.5106800000023304	510.31867188107077
2.5106810000023305	510.31660211607493
2.5106820000023307	510.31451084129526
2.510683000002331	510.3123980524128
2.510684000002331	510.31026375042273
2.510685000002331	510.3081079415652
2.510686000002331	510.3059306372518
2.5106870000023314	510.3037318539914
2.5106880000023315	510.30151161330775
2.5106890000023316	510.29926994165675
2.510690000002332	510.2970068703371
2.510691000002332	510.29472243539965
2.510692000002332	510.2924166775519
2.510693000002332	510.290089642057
2.5106940000023323	510.28774137863104
2.5106950000023325	510.28537194133696
2.5106960000023326	510.28298138847254
2.5106970000023328	510.2805697825341
2.510698000002333	510.27813718994173
2.510699000002333	510.27568368092153
2.510700000002333	510.27320932953165
2.5107010000023333	510.27071421345704
2.5107020000023335	510.2681984138793
2.5107030000023336	510.26566201533916
2.5107040000023337	510.26310510559904
2.510705000002334	510.2605277755013
2.510706000002334	510.25793011882314
2.510707000002334	510.25531223212835
2.5107080000023343	510.25267421461746
2.5107090000023344	510.25001616797226
2.5107100000023346	510.24733819620246
2.5107110000023347	510.24464040548287
2.510712000002335	510.2419229039947
2.510713000002335	510.2391858016366
2.510714000002335	510.23642921011003
2.5107150000023353	510.23365324273607
2.5107160000023354	510.2308580140545
2.5107170000023356	510.2280436397665
2.5107180000023357	510.22521023656094
2.510719000002336	510.2223579219384
2.510720000002336	510.2194868140326
2.510721000002336	510.21659703143166
2.5107220000023363	510.2136886929959
2.5107230000023364	510.21076191767673
2.5107240000023365	510.2078168243339
2.5107250000023367	510.20485353154936
2.510726000002337	510.20187215744403
2.510727000002337	510.19887281949116
2.510728000002337	510.1958556343308
2.5107290000023372	510.19282071758283
2.5107300000023374	510.18976818365996
2.5107310000023375	510.18669814558154
2.5107320000023376	510.1836107147872
2.510733000002338	510.18050600094824
2.510734000002338	510.17738411178374
2.510735000002338	510.17424515287485
2.510736000002338	510.1710892274783
2.5107370000023383	510.16791636854555
2.5107380000023385	510.1647266727683
2.5107390000023386	510.16152030455856
2.5107400000023388	510.1582973558732
2.510741000002339	510.15505791591
2.510742000002339	510.1518020701654
2.510743000002339	510.14852990029505
2.5107440000023393	510.14524148446435
2.5107450000023395	510.1419368969141
2.5107460000023396	510.13861620779045
2.5107470000023397	510.1352794828577
2.51074800000234	510.1319267835816
2.51074900000234	510.1285581669507
2.51075000000234	510.12517368510066
2.5107510000023403	510.12177338535207
2.5107520000023404	510.1183573098891
2.5107530000023406	510.11492549562684
2.5107540000023407	510.111477974218
2.510755000002341	510.1080147718369
2.510756000002341	510.10453590904285
2.510757000002341	510.10104140064607
2.5107580000023413	510.0975312555816
2.5107590000023414	510.09400547678524
2.5107600000023416	510.0904640610749
2.5107610000023417	510.0869069990344
2.510762000002342	510.08333427490544
2.510763000002342	510.079745866482
2.510764000002342	510.0761417448953
2.5107650000023423	510.072521874754
2.5107660000023424	510.0688862140424
2.5107670000023425	510.06523471381973
2.5107680000023427	510.0615673181372
2.510769000002343	510.0578839641975
2.510770000002343	510.05418458227206
2.510771000002343	510.0504690954309
2.5107720000023432	510.0467374195107
2.5107730000023434	510.04298946323337
2.5107740000023435	510.03922512814756
2.5107750000023437	510.0354443084469
2.510776000002344	510.0316468911967
2.510777000002344	510.0278327559281
2.510778000002344	510.02400177465665
2.510779000002344	510.0201538121986
2.5107800000023444	510.0162887259996
2.5107810000023445	510.0124063661316
2.5107820000023446	510.0085065753031
2.510783000002345	510.00458918880645
2.510784000002345	510.0006540346711
2.510785000002345	509.99670093367945
2.510786000002345	509.99272969928734
2.5107870000023453	509.9887401377199
2.5107880000023455	509.98473204812234
2.5107890000023456	509.98070522240823
2.5107900000023458	509.97665944533526
2.510791000002346	509.97259449475564
2.510792000002346	509.9685101415988
2.510793000002346	509.96440614994924
2.5107940000023463	509.96028227709763
2.5107950000023465	509.9561382737141
2.5107960000023466	509.95197388393893
2.5107970000023467	509.9477888454247
2.510798000002347	509.9435828894815
2.510799000002347	509.9393557411979
2.510800000002347	509.9351071195688
2.5108010000023473	509.9308367376254
2.5108020000023474	509.9265443026621
2.5108030000023476	509.9222295162147
2.5108040000023477	509.91789207419583
2.510805000002348	509.91353166723735
2.510806000002348	509.90914798076193
2.510807000002348	509.9047406951521
2.5108080000023483	509.90030948592323
2.5108090000023484	509.8958540239963
2.5108100000023486	509.8913739967856
2.5108110000023487	509.88686906709614
2.510812000002349	509.8823388708808
2.510813000002349	509.8777830621974
2.510814000002349	509.8732012912823
2.5108150000023493	509.86859320521285
2.5108160000023494	509.8639584474729
2.5108170000023495	509.85929665816536
2.5108180000023497	509.8546074747194
2.51081900000235	509.8498905320606
2.51082000000235	509.8451454628531
2.51082100000235	509.8403718975441
2.5108220000023502	509.8355694646208
2.5108230000023504	509.8307377908937
2.5108240000023505	509.8258765017442
2.5108250000023506	509.82098522136863
2.510826000002351	509.8160635730314
2.510827000002351	509.811111179317
2.510828000002351	509.8061276623837
2.510829000002351	509.8011126442223
2.5108300000023513	509.79606574691456
2.5108310000023515	509.7909865928958
2.5108320000023516	509.78587480521514
2.5108330000023518	509.7807300078018
2.510834000002352	509.7755518257284
2.510835000002352	509.77033988552375
2.510836000002352	509.76509381534487
2.5108370000023523	509.7598132452493
2.5108380000023525	509.754497807549
2.5108390000023526	509.74914713703487
2.5108400000023527	509.7437608712418
2.510841000002353	509.7383386507171
2.510842000002353	509.7328801192845
2.510843000002353	509.72738492431057
2.5108440000023533	509.7218527169687
2.5108450000023534	509.7162831525007
2.5108460000023536	509.71067589057236
2.5108470000023537	509.70503059516153
2.510848000002354	509.69934693519053
2.510849000002354	509.6936245849372
2.510850000002354	509.6878632238639
2.5108510000023543	509.6820625370344
2.5108520000023544	509.67622221545764
2.5108530000023546	509.67034195613684
2.5108540000023547	509.66442146232345
2.510855000002355	509.65846044392816
2.510856000002355	509.6524586176664
2.510857000002355	509.64641570728514
2.5108580000023553	509.6403314437903
2.5108590000023554	509.6342055656635
2.5108600000023555	509.6280378190808
2.5108610000023557	509.6218279581227
2.510862000002356	509.6155757449794
2.510863000002356	509.60928095021586
2.510864000002356	509.60294335283913
2.5108650000023562	509.5965627404927
2.5108660000023564	509.59013890976206
2.5108670000023565	509.58367166629074
2.5108680000023567	509.5771608249544
2.510869000002357	509.5706062100248
2.510870000002357	509.56400765533056
2.510871000002357	509.55736500440963
2.510872000002357	509.5506781106561
2.5108730000023574	509.54394683745903
2.5108740000023575	509.5371710583354
2.5108750000023576	509.5303506570539
2.5108760000023578	509.52348552769234
2.510877000002358	509.51657557487505
2.510878000002358	509.5096207138049
2.510879000002358	509.5026208703715
2.5108800000023583	509.49557598129604
2.5108810000023585	509.4884859940852
2.5108820000023586	509.48135086716655
2.5108830000023588	509.4741705699521
2.510884000002359	509.46694508289727
2.510885000002359	509.4596743975466
2.510886000002359	509.45235851657475
2.5108870000023593	509.44499745381876
2.5108880000023595	509.4375912343003
2.5108890000023596	509.4301398942427
2.5108900000023597	509.4226434810759
2.51089100000236	509.4151020534361
2.51089200000236	509.4075156811568
2.51089300000236	509.3998844452023
2.5108940000023603	509.3922084377347
2.5108950000023604	509.3844877620742
2.5108960000023606	509.3767225325712
2.5108970000023607	509.36891287459497
2.510898000002361	509.36105892447415
2.510899000002361	509.3531608294312
2.510900000002361	509.34521874750044
2.5109010000023613	509.3372328474463
2.5109020000023614	509.3292033087637
2.5109030000023616	509.3211303213818
2.5109040000023617	509.31301408556965
2.510905000002362	509.30485481199116
2.510906000002362	509.2966527214924
2.510907000002362	509.28840804496775
2.5109080000023623	509.2801210232179
2.5109090000023624	509.271791906802
2.5109100000023625	509.2634209558796
2.5109110000023627	509.2550084400495
2.510912000002363	509.246554638177
2.510913000002363	509.23805983821546
2.510914000002363	509.22952433702244
2.5109150000023632	509.2209484401673
2.5109160000023634	509.212332461731
2.5109170000023635	509.20367672410293
2.5109180000023636	509.1949815577679
2.510919000002364	509.1862473010878
2.510920000002364	509.1774743000785
2.510921000002364	509.1686629081521
2.510922000002364	509.15981348593664
2.5109230000023643	509.1509264010309
2.5109240000023645	509.1420020277076
2.5109250000023646	509.1330407466883
2.5109260000023648	509.1240429448855
2.510927000002365	509.11500901514216
2.510928000002365	509.1059393559645
2.510929000002365	509.0968343712537
2.5109300000023653	509.0876944700299
2.5109310000023655	509.0785200661547
2.5109320000023656	509.0693115780495
2.5109330000023657	509.0600694284101
2.510934000002366	509.05079404391824
2.510935000002366	509.0414858549515
2.510936000002366	509.0321452952871
2.5109370000023663	509.02277280180766
2.5109380000023664	509.01336881420207
2.5109390000023666	509.0039337746644
2.5109400000023667	508.9944681275911
2.510941000002367	508.98497231927945
2.510942000002367	508.97544679762103
2.510943000002367	508.96589201179614
2.5109440000023673	508.9563084120891
2.5109450000023674	508.94669644926216
2.5109460000023676	508.9370565744089
2.5109470000023677	508.92738923886765
2.510948000002368	508.9176948936641
2.510949000002368	508.9079739892713
2.510950000002368	508.89822697530747
2.5109510000023683	508.88845430023025
2.5109520000023684	508.87865641103525
2.5109530000023685	508.8688337529542
2.5109540000023687	508.85898676915633
2.510955000002369	508.8491159004516
2.510956000002369	508.8392215849956
2.510957000002369	508.82930425799884
2.5109580000023692	508.8193643514368
2.5109590000023694	508.8094022937641
2.5109600000023695	508.799418509633
2.5109610000023697	508.78941341961314
2.51096200000237	508.77938743991837
2.51096300000237	508.7693409821329
2.51096400000237	508.75927445294934
2.51096500000237	508.7491882539045
2.5109660000023704	508.73908278112003
2.5109670000023705	508.728958425053
2.5109680000023706	508.7188155702484
2.5109690000023708	508.708654595097
2.510970000002371	508.6984758715999
2.510971000002371	508.6882797651386
2.510972000002371	508.6780666342508
2.5109730000023713	508.66783683041353
2.5109740000023715	508.6575906978294
2.5109750000023716	508.6473285732245
2.5109760000023718	508.63705078564885
2.510977000002372	508.62675765628546
2.510978000002372	508.6164494982663
2.510979000002372	508.60612661649674
2.5109800000023723	508.59578930748523
2.5109810000023725	508.58543785918187
2.5109820000023726	508.57507255082356
2.5109830000023727	508.5646936527897
2.510984000002373	508.55430142646173
2.510985000002373	508.5438961240944
2.510986000002373	508.5334779886933
2.5109870000023733	508.52304725390184
2.5109880000023734	508.5126041438954
2.5109890000023736	508.5021488732834
2.5109900000023737	508.491681647023
2.510991000002374	508.48120266033845
2.510992000002374	508.470712098651
2.510993000002374	508.4602101375151
2.5109940000023743	508.449696942567
2.5109950000023744	508.439172669479
2.5109960000023746	508.4286374639253
2.5109970000023747	508.4180914615528
2.510998000002375	508.40753478796574
2.510999000002375	508.3969675587174
2.511000000002375	508.38638987930904
2.5110010000023752	508.375801845199
2.5110020000023754	508.3652035418219
2.5110030000023755	508.3545950446162
2.5110040000023757	508.34397641905855
2.511005000002376	508.33334772071066
2.511006000002376	508.3227089952724
2.511007000002376	508.31206027864556
2.5110080000023762	508.3014016684814
2.5110090000023764	508.29073310534426
2.5110100000023765	508.28005460652105
2.5110110000023766	508.2693662293193
2.511012000002377	508.25866789753707
2.511013000002377	508.2479595888484
2.511014000002377	508.2372412730357
2.511015000002377	508.2265129108971
2.5110160000023773	508.2157744543225
2.5110170000023775	508.20502584655924
2.5110180000023776	508.19426702236285
2.5110190000023778	508.18349790804734
2.511020000002378	508.1727184217094
2.511021000002378	508.16192847340733
2.511022000002378	508.1511279653453
2.5110230000023783	508.14031679206397
2.5110240000023785	508.12949484063967
2.5110250000023786	508.1186619908888
2.5110260000023787	508.1078181155787
2.511027000002379	508.0969630806425
2.511028000002379	508.0860967454961
2.511029000002379	508.07521896300443
2.5110300000023793	508.0643295799209
2.5110310000023794	508.0534284372538
2.5110320000023796	508.0425153702655
2.5110330000023797	508.0315902088239
2.51103400000238	508.0206527776561
2.51103500000238	508.0097028966094
2.51103600000238	507.9987403809188
2.5110370000023803	507.98776504147634
2.5110380000023804	507.9767766851048
2.5110390000023806	507.9657751148006
2.5110400000023807	507.9547601303552
2.511041000002381	507.943731528105
2.511042000002381	507.9326891011632
2.511043000002381	507.9216326402562
2.5110440000023813	507.9105619337632
2.5110450000023814	507.8994767680101
2.5110460000023815	507.8883769275394
2.5110470000023817	507.87726219546215
2.511048000002382	507.86613235377604
2.511049000002382	507.8549871836039
2.511050000002382	507.8438264655173
2.5110510000023822	507.8326499798468
2.5110520000023824	507.8214575069878
2.5110530000023825	507.8102488277051
2.5110540000023827	507.79902372344
2.511055000002383	507.7877819766142
2.511056000002383	507.7765233709345
2.511057000002383	507.7652476916978
2.511058000002383	507.75395472609387
2.5110590000023834	507.742644263505
2.5110600000023835	507.7313160958088
2.5110610000023836	507.719970017674
2.5110620000023838	507.7086058268579
2.511063000002384	507.6972233245005
2.511064000002384	507.6858223154134
2.511065000002384	507.6744026083706
2.5110660000023843	507.66296401639227
2.5110670000023845	507.6515063570273
2.5110680000023846	507.64002945263167
2.5110690000023848	507.6285331306429
2.511070000002385	507.6170172238501
2.511071000002385	507.605481570661
2.511072000002385	507.5939260153638
2.5110730000023853	507.582350408383
2.5110740000023855	507.5707546065334
2.5110750000023856	507.55913847326457
2.5110760000023857	507.54750187890534
2.511077000002386	507.53584470089817
2.511078000002386	507.5241668240305
2.511079000002386	507.5124681406577
2.5110800000023863	507.5007485509221
2.5110810000023864	507.48900796296596
2.5110820000023866	507.47724629313507
2.5110830000023867	507.46546346617873
2.511084000002387	507.45365941544156
2.511085000002387	507.44183408304787
2.511086000002387	507.4299874200799
2.5110870000023873	507.41811938674806
2.5110880000023874	507.40622995255455
2.5110890000023876	507.3943190964488
2.5110900000023877	507.3823868069733
2.511091000002388	507.37043308240595
2.511092000002388	507.3584579308923
2.511093000002388	507.3464613705664
2.5110940000023882	507.3344434296224
2.5110950000023884	507.3224041465165
2.5110960000023885	507.3103435700623
2.5110970000023887	507.2982617594324
2.511098000002389	507.28615878428513
2.511099000002389	507.27403472483854
2.511100000002389	507.2618896719365
2.5111010000023892	507.2497237271037
2.5111020000023894	507.2375370025942
2.5111030000023895	507.2253296214319
2.5111040000023896	507.21310171743886
2.51110500000239	507.2008534352569
2.51110600000239	507.1885849303615
2.51110700000239	507.17629636906634
2.51110800000239	507.1639879285162
2.5111090000023903	507.1516597966752
2.5111100000023905	507.13931217230316
2.5111110000023906	507.1269452649275
2.5111120000023908	507.11455929479996
2.511113000002391	507.1021544928442
2.511114000002391	507.08973110060845
2.511115000002391	507.0772893701932
2.5111160000023913	507.0648295641794
2.5111170000023915	507.05235195554377
2.5111180000023916	507.0398568275699
2.5111190000023917	507.0273444737489
2.511120000002392	507.0148151976689
2.511121000002392	507.00226931290297
2.511122000002392	506.9897071428841
2.5111230000023923	506.97712902077325
2.5111240000023924	506.9645352893205
2.5111250000023926	506.95192630071926
2.5111260000023927	506.93930241644955
2.511127000002393	506.9266640071187
2.511128000002393	506.91401145229014
2.511129000002393	506.9013451403093
2.5111300000023933	506.8886654681197
2.5111310000023934	506.8759728410728
2.5111320000023936	506.86326767273204
2.5111330000023937	506.8505503846709
2.511134000002394	506.8378214062619
2.511135000002394	506.825081174463
2.511136000002394	506.8123301335954
2.5111370000023943	506.79956873511827
2.5111380000023944	506.7867974374746
2.5111390000023945	506.7740167057095
2.5111400000023947	506.7612270111839
2.511141000002395	506.74842883151877
2.511142000002395	506.73562265027135
2.511143000002395	506.7228089566782
2.5111440000023952	506.7099882453716
2.5111450000023954	506.69716101612556
2.5111460000023955	506.68432777358737
2.5111470000023957	506.671489027004
2.511148000002396	506.6586452899484
2.511149000002396	506.6457970800387
2.511150000002396	506.63294491865736
2.511151000002396	506.62008933066693
2.5111520000023964	506.60723084412257
2.5111530000023965	506.59436998998325
2.5111540000023966	506.5815073018199
2.5111550000023968	506.5686433155248
2.511156000002397	506.55577856901584
2.511157000002397	506.5429136019415
2.511158000002397	506.53004895538476
2.5111590000023973	506.5171851715662
2.5111600000023975	506.5043227935469
2.5111610000023976	506.4914623649295
2.5111620000023978	506.4786044295613
2.511163000002398	506.4657495312141
2.511164000002398	506.452898213334
2.511165000002398	506.44005101874285
2.5111660000023983	506.4272084892991
2.5111670000023985	506.41437116562673
2.5111680000023986	506.40153958682146
2.5111690000023987	506.388714290162
2.511170000002399	506.37589581082045
2.511171000002399	506.3630846815733
2.511172000002399	506.350281432521
2.5111730000023993	506.33748659080425
2.5111740000023994	506.3247006803247
2.5111750000023996	506.3119242214704
2.5111760000023997	506.2991577308432
2.5111770000024	506.2864017209885
2.5111780000024	506.2736567001318
2.5111790000024	506.2609231719165
2.5111800000024003	506.2482016351464
2.5111810000024004	506.2354925835335
2.5111820000024005	506.22279650544937
2.5111830000024007	506.2101138837176
2.511184000002401	506.19744519530127
2.511185000002401	506.1847909110733
2.511186000002401	506.172151495656
2.5111870000024012	506.1595274071641
2.5111880000024014	506.14691909698655
2.5111890000024015	506.1343270095757
2.5111900000024017	506.12175158223994
2.511191000002402	506.1091932449455
2.511192000002402	506.09665242012323
2.511193000002402	506.0841295224799
2.5111940000024022	506.0716249588184
2.5111950000024024	506.0591391278638
2.5111960000024025	506.04667242009543
2.5111970000024026	506.03422521758716
2.511198000002403	506.0217978938523
2.511199000002403	506.00939081369927
2.511200000002403	505.99700433309084
2.511201000002403	505.98463879901226
2.5112020000024033	505.9722945493468
2.5112030000024035	505.9599719127586
2.5112040000024036	505.94767120858046
2.5112050000024038	505.93539274671593
2.511206000002404	505.9231368275409
2.511207000002404	505.9109037418173
2.511208000002404	505.89869377061467
2.5112090000024043	505.8865071852374
2.5112100000024045	505.8743442471622
2.5112110000024046	505.8622052079804
2.5112120000024047	505.85009030935095
2.511213000002405	505.8379997829594
2.511214000002405	505.8259338504838
2.511215000002405	505.8138927235742
2.5112160000024053	505.8018766038311
2.5112170000024054	505.7898856827984
2.5112180000024056	505.77792014196115
2.5112190000024057	505.76598015275266
2.511220000002406	505.7540658765684
2.511221000002406	505.7421774647868
2.511222000002406	505.73031505879976
2.5112230000024063	505.71847879005037
2.5112240000024064	505.70666878007455
2.5112250000024066	505.69488514055456
2.5112260000024067	505.68312797337865
2.511227000002407	505.67139737070573
2.511228000002407	505.6596934150419
2.511229000002407	505.64801617931886
2.5112300000024073	505.6363657269834
2.5112310000024074	505.6247421120912
2.5112320000024075	505.6131453794089
2.5112330000024077	505.601575564522
2.511234000002408	505.5900326939505
2.511235000002408	505.5785167852359
2.511236000002408	505.5670278162683
2.5112370000024082	505.555565819392
2.5112380000024084	505.5441307831633
2.5112390000024085	505.532722694197
2.5112400000024087	505.52134152391056
2.511241000002409	505.50998721195634
2.511242000002409	505.4986597458315
2.511243000002409	505.48735907722795
2.511244000002409	505.4760851495139
2.5112450000024094	505.46483789881694
2.5112460000024095	505.45361725404285
2.5112470000024096	505.442423137062
2.5112480000024098	505.4312554629008
2.51124900000241	505.42011413993686
2.51125000000241	505.40899907010083
2.51125100000241	505.39791014908036
2.5112520000024103	505.38684726667793
2.5112530000024105	505.3758103067073
2.5112540000024106	505.3647991472513
2.5112550000024108	505.35381366113404
2.511256000002411	505.34285371601186
2.511257000002411	505.33191917459413
2.511258000002411	505.3210098948695
2.5112590000024113	505.3101257303336
2.5112600000024115	505.29926653022073
2.5112610000024116	505.28843213973533
2.5112620000024117	505.2776224002867
2.511263000002412	505.26683714972523
2.511264000002412	505.256076222578
2.511265000002412	505.2453394502881
2.5112660000024123	505.2346266614532
2.5112670000024124	505.22393768206615
2.5112680000024126	505.2132723357541
2.5112690000024127	505.2026304440189
2.511270000002413	505.19201182647964
2.511271000002413	505.1814163011107
2.511272000002413	505.17084368448417
2.5112730000024133	505.16029379200677
2.5112740000024134	505.14976643816203
2.5112750000024135	505.13926143674587
2.5112760000024137	505.1287786011045
2.511277000002414	505.11831774437036
2.511278000002414	505.1078786796958
2.511279000002414	505.0974612204849
2.5112800000024142	505.08706518062525
2.5112810000024144	505.0766903747157
2.5112820000024145	505.06633661829295
2.5112830000024147	505.05600372805543
2.511284000002415	505.0456915220849
2.511285000002415	505.0353998202937
2.511286000002415	505.02512844428884
2.5112870000024152	505.0148772173789
2.5112880000024154	505.00464596521806
2.5112890000024155	504.99443451601775
2.5112900000024156	504.9842427006372
2.511291000002416	504.974070352782
2.511292000002416	504.9639173091973
2.511293000002416	504.9537834098586
2.511294000002416	504.9436684981584
2.5112950000024163	504.93357242108965
2.5112960000024165	504.923495029421
2.5112970000024166	504.91343617788186
2.5112980000024168	504.90339572530786
2.511299000002417	504.89337353481534
2.511300000002417	504.88336947396687
2.511301000002417	504.87338341492153
2.5113020000024173	504.8634152345827
2.5113030000024175	504.8534648147425
2.5113040000024176	504.8435320422192
2.5113050000024177	504.8336168089905
2.511306000002418	504.8237190123217
2.511307000002418	504.813838554887
2.511308000002418	504.80397534488674
2.5113090000024183	504.79412929615694
2.5113100000024184	504.7843003282751
2.5113110000024186	504.77448836666014
2.5113120000024187	504.7646933426654
2.511313000002419	504.7549151936656
2.511314000002419	504.7451538631401
2.511315000002419	504.7354093007464
2.5113160000024193	504.72568146239234
2.5113170000024194	504.71597031029756
2.5113180000024196	504.7062758130542
2.5113190000024197	504.69659794567644
2.51132000000242	504.68693668964664
2.51132100000242	504.67729203295596
2.51132200000242	504.6676639701378
2.5113230000024203	504.65805250229533
2.5113240000024204	504.648457637123
2.5113250000024205	504.63887938892316
2.5113260000024207	504.6293177786154
2.511327000002421	504.61977283374137
2.511328000002421	504.61024458846015
2.511329000002421	504.60073308365014
2.5113300000024212	504.59123836667385
2.5113310000024214	504.5817604913816
2.5113320000024215	504.5722995182735
2.5113330000024217	504.56285551437514
2.511334000002422	504.5534285531977
2.511335000002422	504.5440187146985
2.511336000002422	504.5346260852322
2.511337000002422	504.525250757499
2.5113380000024224	504.51589283048725
2.5113390000024225	504.5065524094102
2.5113400000024226	504.49722960572745
2.5113410000024228	504.4879245368893
2.511342000002423	504.47863732626826
2.511343000002423	504.469368103245
2.511344000002423	504.46011700303774
2.5113450000024233	504.4508841666073
2.5113460000024235	504.4416697405622
2.5113470000024236	504.43247387705634
2.5113480000024238	504.42329673368454
2.511349000002424	504.414138473374
2.511350000002424	504.4049992642691
2.511351000002424	504.39587927961844
2.5113520000024243	504.3867786976466
2.5113530000024245	504.37769770143234
2.5113540000024246	504.36863647878675
2.5113550000024247	504.3595952221151
2.511356000002425	504.3505741282832
2.511357000002425	504.341573398481
2.511358000002425	504.33259323808113
2.5113590000024253	504.32363385649546
2.5113600000024254	504.3146954670287
2.5113610000024256	504.3057782867302
2.5113620000024257	504.2968825362414
2.511363000002426	504.2880084396449
2.511364000002426	504.2791562243059
2.511365000002426	504.270326120718
2.5113660000024263	504.26151836234226
2.5113670000024264	504.2527331854463
2.5113680000024265	504.24397082894234
2.5113690000024267	504.23523153422383
2.511370000002427	504.22651554499987
2.511371000002427	504.21782310712945
2.511372000002427	504.20915446854576
2.5113730000024272	504.2005098789035
2.5113740000024274	504.1918895894227
2.5113750000024275	504.1832938528865
2.5113760000024277	504.1747229233894
2.511377000002428	504.16617705616625
2.511378000002428	504.1576565074224
2.511379000002428	504.1491615341674
2.5113800000024282	504.1406923940431
2.5113810000024284	504.13224934515813
2.5113820000024285	504.1238326459172
2.5113830000024286	504.1154425548594
2.511384000002429	504.1070793304461
2.511385000002429	504.0987432309807
2.511386000002429	504.09043451442807
2.511387000002429	504.08215343817557
2.5113880000024293	504.0739002589277
2.5113890000024295	504.06567523253744
2.5113900000024296	504.0574786138476
2.5113910000024298	504.0493106566194
2.51139200000243	504.04117161320295
2.51139300000243	504.0330617342344
2.51139400000243	504.0249812687968
2.5113950000024303	504.01693046458263
2.5113960000024305	504.0089095673481
2.5113970000024306	504.00091882050657
2.5113980000024307	503.99295846522614
2.511399000002431	503.9850287404775
2.511400000002431	503.9771298826663
2.511401000002431	503.9692621255106
2.5114020000024313	503.96142570003633
2.5114030000024314	503.95362083438414
2.5114040000024316	503.94584775368287
2.5114050000024317	503.93810667992636
2.511406000002432	503.930397831853
2.511407000002432	503.92272142478896
2.511408000002432	503.9150776706168
2.5114090000024323	503.90746677766117
2.5114100000024324	503.89988895050664
2.5114110000024326	503.89234438993117
2.5114120000024327	503.8848332928062
2.511413000002433	503.87735585200164
2.511414000002433	503.8699122675859
2.511415000002433	503.862502724358
2.5114160000024333	503.8551273914636
2.5114170000024334	503.8477864447051
2.5114180000024335	503.84048005532804
2.5114190000024337	503.83320839048474
2.511420000002434	503.8259716126167
2.511421000002434	503.81876987962534
2.511422000002434	503.81160334461356
2.5114230000024342	503.80447215591914
2.5114240000024344	503.7973764570554
2.5114250000024345	503.7903163866623
2.5114260000024347	503.7832920784562
2.511427000002435	503.7763036611858
2.511428000002435	503.76935125859086
2.511429000002435	503.7624349893645
2.511430000002435	503.75555496712303
2.5114310000024354	503.7487113002873
2.5114320000024355	503.741904092229
2.5114330000024356	503.7351334412497
2.5114340000024358	503.72839944038975
2.511435000002436	503.7217021775003
2.511436000002436	503.7150417352304
2.511437000002436	503.7084181910204
2.5114380000024363	503.7018316170983
2.5114390000024365	503.6952820804772
2.5114400000024366	503.68876964295896
2.5114410000024368	503.6822943611414
2.511442000002437	503.6758562864262
2.511443000002437	503.66945546503206
2.511444000002437	503.66309193802556
2.5114450000024373	503.65676574131595
2.5114460000024375	503.650476905669
2.5114470000024376	503.6442254567628
2.5114480000024377	503.6380114152068
2.511449000002438	503.6318347965701
2.511450000002438	503.62569561141765
2.511451000002438	503.6195938653457
2.5114520000024383	503.6135295590214
2.5114530000024384	503.60750268822704
2.5114540000024386	503.60151324390375
2.5114550000024387	503.59556121220044
2.511456000002439	503.58964657452253
2.511457000002439	503.58376930758567
2.511458000002439	503.57792938346944
2.5114590000024393	503.5721267696764
2.5114600000024394	503.56636142910315
2.5114610000024395	503.56063332027594
2.5114620000024397	503.5549423975085
2.51146300000244	503.5492886105949
2.51146400000244	503.54367190498834
2.51146500000244	503.5380922220348
2.5114660000024402	503.5325494989591
2.5114670000024404	503.5270436689367
2.5114680000024405	503.5215746611625
2.5114690000024407	503.5161424011014
2.511470000002441	503.51074681021515
2.511471000002441	503.5053878062284
2.511472000002441	503.50006530319115
2.5114730000024412	503.4947792114261
2.5114740000024414	503.4895294378905
2.5114750000024415	503.4843158861179
2.5114760000024416	503.4791384562997
2.511477000002442	503.4739970453679
2.511478000002442	503.46889154707964
2.511479000002442	503.4638218521024
2.511480000002442	503.45878784809986
2.5114810000024423	503.4537894198162
2.5114820000024425	503.4488264491646
2.5114830000024426	503.44389881531384
2.5114840000024428	503.43900639477255
2.511485000002443	503.4341490614801
2.511486000002443	503.42932668689133
2.511487000002443	503.42453914006484
2.5114880000024433	503.41978628775047
2.5114890000024435	503.41506799447643
2.5114900000024436	503.4103841224852
2.5114910000024437	503.4057345321253
2.511492000002444	503.40111908192677
2.511493000002444	503.3965376284007
2.511494000002444	503.39199002626805
2.5114950000024443	503.3874761285461
2.5114960000024444	503.3829957866333
2.5114970000024446	503.3785488503943
2.5114980000024447	503.37413519039694
2.511499000002445	503.3697546525549
2.511500000002445	503.3654070618876
2.511501000002445	503.36109226270594
2.5115020000024453	503.35681009844774
2.5115030000024454	503.35256041150535
2.5115040000024456	503.34834304330747
2.5115050000024457	503.34415783439823
2.511506000002446	503.34000462451405
2.511507000002446	503.3358832526603
2.511508000002446	503.3317935571867
2.5115090000024463	503.32773537586115
2.5115100000024464	503.32370854594325
2.5115110000024465	503.3197129042566
2.5115120000024467	503.3157482872584
2.511513000002447	503.3118145311121
2.511514000002447	503.307911471763
2.511515000002447	503.30403894498426
2.5115160000024472	503.30019678644913
2.5115170000024474	503.2963848318115
2.5115180000024475	503.292602916767
2.5115190000024477	503.28885087710313
2.511520000002448	503.2851285487674
2.511521000002448	503.2814357679253
2.511522000002448	503.277772370901
2.511523000002448	503.27413819448384
2.5115240000024484	503.2705330760892
2.5115250000024485	503.2669568533301
2.5115260000024486	503.26340936420473
2.5115270000024488	503.25989044738475
2.511528000002449	503.2563999421441
2.511529000002449	503.252937688411
2.511530000002449	503.24950352681395
2.5115310000024493	503.2460972987304
2.5115320000024495	503.2427188463311
2.5115330000024496	503.23936801262687
2.5115340000024498	503.23604464150986
2.51153500000245	503.232748577796
2.51153600000245	503.2294796672676
2.51153700000245	503.2262377567099
2.5115380000024503	503.22302269395266
2.5115390000024505	503.21983432790506
2.5115400000024506	503.2166725085927
2.5115410000024507	503.21353708718715
2.511542000002451	503.2104279160498
2.511543000002451	503.2073448487658
2.511544000002451	503.2042877401637
2.5115450000024513	503.20125644635095
2.5115460000024514	503.1982508247444
2.5115470000024516	503.19527073409773
2.5115480000024517	503.1923160345282
2.511549000002452	503.18938658754377
2.511550000002452	503.1864822560692
2.511551000002452	503.183602904468
2.5115520000024523	503.18074839856644
2.5115530000024524	503.1779186056778
2.5115540000024525	503.17511339462067
2.5115550000024527	503.1723326357423
2.511556000002453	503.1695762009124
2.511557000002453	503.1668439635911
2.511558000002453	503.1641357988467
2.5115590000024532	503.16145158332466
2.5115600000024534	503.15879119528717
2.5115610000024535	503.15615451463003
2.5115620000024537	503.1535414228966
2.511563000002454	503.1509518032922
2.511564000002454	503.14838554069786
2.511565000002454	503.1458425216822
2.5115660000024542	503.1433226345142
2.5115670000024544	503.14082576917565
2.5115680000024545	503.13835181736937
2.5115690000024546	503.1359006725263
2.511570000002455	503.133472229821
2.511571000002455	503.13106638617893
2.511572000002455	503.1286830402838
2.511573000002455	503.1263220928682
2.5115740000024553	503.12398344616156
2.5115750000024555	503.1216670041338
2.5115760000024556	503.11937267256786
2.5115770000024558	503.117100358782
2.511578000002456	503.1148499721512
2.511579000002456	503.11262142384857
2.511580000002456	503.11041462684864
2.5115810000024563	503.10822949594547
2.5115820000024565	503.1060659477286
2.5115830000024566	503.103923900586
2.5115840000024567	503.10180327472546
2.511585000002457	503.09970399220464
2.511586000002457	503.09762597687813
2.511587000002457	503.0955691543824
2.5115880000024573	503.09353345219205
2.5115890000024574	503.0915187995976
2.5115900000024576	503.0895251277018
2.5115910000024577	503.08755236941687
2.511592000002458	503.085600459464
2.511593000002458	503.08366933437003
2.511594000002458	503.08175893255117
2.5115950000024583	503.0798691941299
2.5115960000024584	503.07800006094067
2.5115970000024586	503.07615147656685
2.5115980000024587	503.07432338658697
2.511599000002459	503.0725157383811
2.511600000002459	503.0707284809002
2.511601000002459	503.0689615649374
2.5116020000024593	503.0672149431483
2.5116030000024594	503.06548856982477
2.5116040000024595	503.0637824008861
2.5116050000024597	503.0620963940662
2.51160600000246	503.0604305088303
2.51160700000246	503.05878470636026
2.51160800000246	503.0571589495133
2.5116090000024602	503.05555320282406
2.5116100000024604	503.05396743248815
2.5116110000024605	503.0524016063484
2.5116120000024607	503.0508556938821
2.511613000002461	503.0493296661834
2.511614000002461	503.047823495945
2.511615000002461	503.046337157903
2.511616000002461	503.04487062790304
2.5116170000024614	503.0434238828639
2.5116180000024615	503.0419969016868
2.5116190000024616	503.0405896647774
2.5116200000024618	503.0392021540195
2.511621000002462	503.03783435275204
2.511622000002462	503.0364862457447
2.511623000002462	503.0351578191717
2.5116240000024623	503.0338490258952
2.5116250000024625	503.03255985776997
2.5116260000024626	503.0312903361405
2.5116270000024628	503.0300404530819
2.511628000002463	503.0288102014378
2.511629000002463	503.027599575294
2.511630000002463	503.0264085698561
2.5116310000024633	503.02523718142675
2.5116320000024634	503.0240854075121
2.5116330000024636	503.0229532466987
2.5116340000024637	503.02184069862216
2.511635000002464	503.02074776371296
2.511636000002464	503.01967444368427
2.511637000002464	503.0186207413031
2.5116380000024643	503.0175866599542
2.5116390000024644	503.0165722039323
2.5116400000024646	503.0155773783336
2.5116410000024647	503.0146021890079
2.511642000002465	503.0136466425102
2.511643000002465	503.0127107460538
2.511644000002465	503.0117945075028
2.5116450000024653	503.01089793523823
2.5116460000024654	503.0100210380828
2.5116470000024655	503.0091638253645
2.5116480000024657	503.00832630669333
2.511649000002466	503.00750849212864
2.511650000002466	503.00671039210704
2.511651000002466	503.0059320171831
2.5116520000024662	503.0051733780767
2.5116530000024664	503.00443448559633
2.5116540000024665	503.00371535058304
2.5116550000024667	503.0030159838532
2.511656000002467	503.00233639612964
2.511657000002467	503.00167659797467
2.511658000002467	503.0010365997233
2.5116590000024672	503.00041641141496
2.5116600000024674	502.9998160426732
2.5116610000024675	502.99923550273803
2.5116620000024676	502.9986748003855
2.511663000002468	502.9981339437663
2.511664000002468	502.99761294037603
2.511665000002468	502.9971117969816
2.511666000002468	502.9966305195461
2.5116670000024683	502.9961691131528
2.5116680000024685	502.9957275808478
2.5116690000024686	502.99530592571307
2.5116700000024688	502.9949041508209
2.511671000002469	502.99452225695245
2.511672000002469	502.9941602436191
2.511673000002469	502.99381810897796
2.5116740000024693	502.9934958497519
2.5116750000024695	502.9931934611467
2.5116760000024696	502.99291093677067
2.5116770000024697	502.99264826851174
2.51167800000247	502.99240544653566
2.51167900000247	502.9921824591955
2.51168000000247	502.99197929287897
2.5116810000024703	502.9917959319601
2.5116820000024704	502.99163235871595
2.5116830000024706	502.9914885532438
2.5116840000024707	502.9913644933769
2.511685000002471	502.991260154601
2.511686000002471	502.991175509972
2.511687000002471	502.9911105301011
2.5116880000024713	502.99106518292797
2.5116890000024714	502.991039433661
2.5116900000024716	502.99103324480706
2.5116910000024717	502.9910465760338
2.511692000002472	502.99107938408633
2.511693000002472	502.9911316226726
2.511694000002472	502.99120324245627
2.5116950000024723	502.99129419097284
2.5116960000024724	502.991404412455
2.5116970000024725	502.991533847858
2.5116980000024727	502.99168243477226
2.511699000002473	502.9918501072985
2.511700000002473	502.99203679599884
2.511701000002473	502.9922424278274
2.5117020000024732	502.99246692606073
2.5117030000024734	502.99271021022474
2.5117040000024735	502.9929721960329
2.5117050000024737	502.9932527953169
2.511706000002474	502.99355191596277
2.511707000002474	502.99386946184876
2.511708000002474	502.99420533278584
2.511709000002474	502.9945594244577
2.5117100000024744	502.9949316283647
2.5117110000024745	502.9953218317695
2.5117120000024746	502.99572991764444
2.5117130000024748	502.9961557647166
2.511714000002475	502.9965992472348
2.511715000002475	502.9970602349073
2.511716000002475	502.99753859306844
2.5117170000024753	502.9980341825335
2.5117180000024755	502.99854685956285
2.5117190000024756	502.9990764758263
2.5117200000024758	502.99962287836985
2.511721000002476	503.0001859095866
2.511722000002476	503.00076540718896
2.511723000002476	503.0013612041856
2.5117240000024763	503.00197312885973
2.5117250000024764	503.00260100474975
2.5117260000024766	503.00324465063653
2.5117270000024767	503.00390388052926
2.511728000002477	503.0045785036582
2.511729000002477	503.00526832446786
2.511730000002477	503.00597314261535
2.5117310000024773	503.00669275300214
2.5117320000024774	503.00742694571744
2.5117330000024776	503.00817550603375
2.5117340000024777	503.008938214509
2.511735000002478	503.009714846945
2.511736000002478	503.01050517441155
2.511737000002478	503.01130896327004
2.5117380000024783	503.01212597519566
2.5117390000024784	503.01295596720945
2.5117400000024785	503.0137986917081
2.5117410000024787	503.0146538965004
2.511742000002479	503.0155213248483
2.511743000002479	503.01640071550594
2.511744000002479	503.01729180277016
2.5117450000024792	503.0181943165285
2.5117460000024794	503.019107982278
2.5117470000024795	503.0200325212554
2.5117480000024797	503.02096765049475
2.51174900000248	503.0219130828246
2.51175000000248	503.02286852696926
2.51175100000248	503.02383368762133
2.5117520000024802	503.0248082655166
2.5117530000024804	503.0257919575144
2.5117540000024805	503.0267844566783
2.5117550000024806	503.0277854524679
2.511756000002481	503.0287946306233
2.511757000002481	503.0298116732374
2.511758000002481	503.0308362590876
2.511759000002481	503.0318680636161
2.5117600000024813	503.0329067590368
2.5117610000024815	503.03395201443936
2.5117620000024816	503.03500349589837
2.5117630000024818	503.03606086658493
2.511764000002482	503.0371237868827
2.511765000002482	503.03819191450503
2.511766000002482	503.0392648907415
2.5117670000024823	503.0403423688833
2.5117680000024825	503.0414240126251
2.5117690000024826	503.04250947035445
2.5117700000024827	503.0435983882934
2.511771000002483	503.0446904106336
2.511772000002483	503.04578517994327
2.511773000002483	503.0468823372723
2.5117740000024833	503.04798152207195
2.5117750000024834	503.04908237245786
2.5117760000024836	503.05018452533545
2.5117770000024837	503.05128761655897
2.511778000002484	503.05239128108036
2.511779000002484	503.05349515310087
2.511780000002484	503.0545988662233
2.5117810000024843	503.0557020536034
2.5117820000024844	503.05680434811296
2.5117830000024846	503.05790538249136
2.5117840000024847	503.05900478950275
2.511785000002485	503.06010220209754
2.511786000002485	503.06119725356956
2.511787000002485	503.062289577631
2.5117880000024853	503.06337880874537
2.5117890000024854	503.06446458230425
2.5117900000024855	503.0655465345958
2.5117910000024857	503.0666243030642
2.511792000002486	503.0676975264707
2.511793000002486	503.0687658450573
2.511794000002486	503.0698289006914
2.5117950000024862	503.07088633706627
2.5117960000024864	503.07193779985704
2.5117970000024865	503.0729829368547
2.5117980000024867	503.07402139813695
2.511799000002487	503.07505283623897
2.511800000002487	503.07607690630806
2.511801000002487	503.0770932662606
2.511802000002487	503.0781015769396
2.5118030000024874	503.0791015022715
2.5118040000024875	503.080092709421
2.5118050000024876	503.08107486894454
2.5118060000024878	503.0820476549404
2.511807000002488	503.0830107451996
2.511808000002488	503.0839638213531
2.511809000002488	503.08490656901563
2.5118100000024883	503.08583867793186
2.5118110000024885	503.08675984211436
2.5118120000024886	503.08766975998384
2.5118130000024887	503.08856813450444
2.511814000002489	503.0894546733157
2.511815000002489	503.0903290888642
2.511816000002489	503.09119109852895
2.5118170000024893	503.0920404247468
2.5118180000024894	503.09287679513267
2.5118190000024896	503.09369994259856
2.5118200000024897	503.0945096054646
2.51182100000249	503.0953055275673
2.51182200000249	503.0960874583434
2.51182300000249	503.0968551529896
2.5118240000024903	503.0976083725546
2.5118250000024904	503.09834688398587
2.5118260000024906	503.09907046024284
2.5118270000024907	503.0997788803857
2.511828000002491	503.10047192965794
2.511829000002491	503.1011493995638
2.511830000002491	503.10181108794166
2.5118310000024913	503.1024567990338
2.5118320000024914	503.1030863435588
2.5118330000024915	503.103699538755
2.5118340000024917	503.1042962084325
2.511835000002492	503.1048761829201
2.511836000002492	503.10543929935216
2.511837000002492	503.1059854016952
2.5118380000024922	503.10651434054535
2.5118390000024924	503.1070259732895
2.5118400000024925	503.1075201641261
2.5118410000024927	503.10799678407705
2.511842000002493	503.10845571100793
2.511843000002493	503.1088968296362
2.511844000002493	503.1093200315368
2.5118450000024932	503.1097252151402
2.5118460000024934	503.11011228572715
2.5118470000024935	503.110481155416
2.5118480000024936	503.1108317431466
2.511849000002494	503.1111639746575
2.511850000002494	503.1114777824587
2.511851000002494	503.1117731058241
2.511852000002494	503.11204989070154
2.5118530000024943	503.1123080896734
2.5118540000024945	503.11254766195356
2.5118550000024946	503.1127685734042
2.5118560000024948	503.1129707962924
2.511857000002495	503.1131543092123
2.511858000002495	503.1133190972196
2.511859000002495	503.11346515158493
2.5118600000024953	503.11359246986154
2.5118610000024955	503.11370105578044
2.5118620000024956	503.1137909190424
2.5118630000024957	503.11386207528506
2.511864000002496	503.1139145459773
2.511865000002496	503.113948358327
2.511866000002496	503.1139635451716
2.5118670000024963	503.11396014485416
2.5118680000024964	503.113938200858
2.5118690000024966	503.11389776219215
2.5118700000024967	503.11383888324644
2.511871000002497	503.11376162318226
2.511872000002497	503.11366604603467
2.511873000002497	503.1135522205755
2.5118740000024973	503.11342021650864
2.5118750000024974	503.11327011200257
2.5118760000024976	503.1131019924055
2.5118770000024977	503.11291594406
2.511878000002498	503.11271205720715
2.511879000002498	503.1124904258847
2.511880000002498	503.11225114780075
2.5118810000024983	503.11199432415174
2.5118820000024984	503.11172005945366
2.5118830000024985	503.11142846136585
2.5118840000024987	503.11111964051696
2.511885000002499	503.11079371032605
2.511886000002499	503.1104507868205
2.511887000002499	503.1100909884536
2.5118880000024992	503.1097144359194
2.5118890000024994	503.1093212519649
2.5118900000024995	503.1089115612014
2.5118910000024997	503.1084854899142
2.5118920000025	503.1080431658692
2.5118930000025	503.1075847181221
2.5118940000025	503.10711027682214
2.5118950000025	503.1066199730033
2.5118960000025004	503.10611393841685
2.5118970000025005	503.10559230533164
2.5118980000025006	503.10505520631386
2.5118990000025008	503.10450277397564
2.511900000002501	503.10393514090356
2.511901000002501	503.10335243947605
2.511902000002501	503.1027548015198
2.5119030000025013	503.10214235818535
2.5119040000025015	503.1015152397508
2.5119050000025016	503.10087357542585
2.5119060000025017	503.10021749315825
2.511907000002502	503.09954711943936
2.511908000002502	503.0988625791132
2.511909000002502	503.09816399518667
2.5119100000025023	503.09745148862623
2.5119110000025024	503.0967251781995
2.5119120000025026	503.0959851807099
2.5119130000025027	503.0952316099261
2.511914000002503	503.09446457645464
2.511915000002503	503.09368418839296
2.511916000002503	503.09289055071315
2.5119170000025033	503.09208376508184
2.5119180000025034	503.0912639297052
2.5119190000025036	503.0904311392034
2.5119200000025037	503.08958548441467
2.511921000002504	503.0887270522103
2.511922000002504	503.08785592535975
2.511923000002504	503.0869721823777
2.5119240000025043	503.0860758973758
2.5119250000025044	503.0851671399172
2.5119260000025045	503.0842459748782
2.5119270000025047	503.0833124623101
2.511928000002505	503.082366657309
2.511929000002505	503.0814086098713
2.511930000002505	503.0804383648203
2.5119310000025052	503.0794559616546
2.5119320000025054	503.07846143440617
2.5119330000025055	503.07745481157843
2.5119340000025057	503.07643611602754
2.511935000002506	503.0754053648654
2.511936000002506	503.0743625693669
2.511937000002506	503.0733077350061
2.511938000002506	503.07224086111796
2.5119390000025064	503.0711619408634
2.5119400000025065	503.07007096135214
2.5119410000025066	503.0689679034727
2.511942000002507	503.0678527418508
2.511943000002507	503.0667254447921
2.511944000002507	503.0655859742204
2.511945000002507	503.06443428564376
2.5119460000025073	503.06327032811964
2.5119470000025075	503.0620940442266
2.5119480000025076	503.06090537015086
2.5119490000025078	503.05970423545125
2.511950000002508	503.0584905630477
2.511951000002508	503.05726426943403
2.511952000002508	503.0560252645738
2.5119530000025083	503.0547734519056
2.5119540000025085	503.0535087283585
2.5119550000025086	503.05223098437136
2.5119560000025087	503.05094010391036
2.511957000002509	503.04963596452257
2.511958000002509	503.04831843737117
2.511959000002509	503.0469873872636
2.5119600000025093	503.04564267271206
2.5119610000025094	503.0442841459901
2.5119620000025096	503.04291165319665
2.5119630000025097	503.041525034324
2.51196400000251	503.0401241233338
2.51196500000251	503.0387087482382
2.51196600000251	503.0372787311857
2.5119670000025103	503.0358338885546
2.5119680000025104	503.03437403105085
2.5119690000025106	503.0328989638853
2.5119700000025107	503.03140848672507
2.511971000002511	503.0299023938324
2.511972000002511	503.02838047432977
2.511973000002511	503.0268425122287
2.5119740000025113	503.02528828657273
2.5119750000025114	503.0237175715733
2.5119760000025115	503.02213013674975
2.5119770000025117	503.0205257470748
2.511978000002512	503.01890416312517
2.511979000002512	503.0172651412177
2.511980000002512	503.0156084336059
2.5119810000025122	503.01393378863565
2.5119820000025124	503.0122409508873
2.5119830000025125	503.0105296613598
2.5119840000025127	503.0087996576466
2.511985000002513	503.00705067411593
2.511986000002513	503.0052824420917
2.511987000002513	503.0034946900409
2.511988000002513	503.00168714379686
2.5119890000025134	502.9998595266837
2.5119900000025135	502.9980115597116
2.5119910000025136	502.99614296184365
2.5119920000025138	502.9942534501289
2.511993000002514	502.9923427399745
2.511994000002514	502.9904105453448
2.511995000002514	502.98845657890905
2.5119960000025143	502.9864805522829
2.5119970000025145	502.9844821762369
2.5119980000025146	502.98246116091195
2.5119990000025147	502.98041721603346
2.512000000002515	502.97835005102667
2.512001000002515	502.97625937538487
2.512002000002515	502.9741448989569
2.5120030000025153	502.972006332006
2.5120040000025154	502.9698433854505
2.5120050000025156	502.96765577106834
2.5120060000025157	502.96544320168573
2.512007000002516	502.9632053915048
2.512008000002516	502.96094205633864
2.512009000002516	502.9586529136737
2.5120100000025163	502.9563376829946
2.5120110000025164	502.9539960859959
2.5120120000025166	502.9516278467598
2.5120130000025167	502.9492326919883
2.512014000002517	502.9468103512151
2.512015000002517	502.94436055701624
2.512016000002517	502.94188304521685
2.5120170000025173	502.9393775550875
2.5120180000025174	502.9368438295675
2.5120190000025175	502.9342816154624
2.5120200000025177	502.93169066364675
2.512021000002518	502.9290707292692
2.512022000002518	502.92642157191466
2.512023000002518	502.92374295580913
2.5120240000025182	502.9210346500093
2.5120250000025184	502.9182964285983
2.5120260000025185	502.91552807084184
2.5120270000025187	502.91272936136806
2.512028000002519	502.9099000903592
2.512029000002519	502.90704005371185
2.512030000002519	502.9041490531825
2.512031000002519	502.9012268965795
2.5120320000025194	502.8982733979287
2.5120330000025195	502.8952883775796
2.5120340000025196	502.892271662373
2.51203500000252	502.88922308578213
2.51203600000252	502.8861424880499
2.51203700000252	502.88302971631936
2.51203800000252	502.87988462476005
2.5120390000025203	502.87670707468953
2.5120400000025205	502.87349693474016
2.5120410000025206	502.8702540808624
2.5120420000025208	502.8669783964349
2.512043000002521	502.86366977246166
2.512044000002521	502.8603281076145
2.512045000002521	502.8569533083194
2.5120460000025213	502.8535452888541
2.5120470000025215	502.85010397139337
2.5120480000025216	502.84662928606417
2.5120490000025217	502.84312117105634
2.512050000002522	502.8395795726555
2.512051000002522	502.83600444530157
2.512052000002522	502.83239575161554
2.5120530000025223	502.8287534624357
2.5120540000025224	502.8250775568659
2.5120550000025226	502.8213680218299
2.5120560000025227	502.8176248523316
2.512057000002523	502.81384805346573
2.512058000002523	502.8100376375044
2.512059000002523	502.8061936250663
2.5120600000025233	502.80231604509834
2.5120610000025234	502.7984049348163
2.5120620000025236	502.79446033970504
2.5120630000025237	502.79048231349026
2.512064000002524	502.7864709181055
2.512065000002524	502.7824262236507
2.512066000002524	502.7783483083446
2.5120670000025243	502.77423725845404
2.5120680000025244	502.77009316826826
2.5120690000025245	502.7659161400432
2.5120700000025247	502.76170628387996
2.512071000002525	502.75746371767275
2.512072000002525	502.75318856702717
2.512073000002525	502.7488809651582
2.5120740000025252	502.7445410528009
2.5120750000025254	502.7401689781298
2.5120760000025255	502.7357648965091
2.5120770000025257	502.7313289705902
2.512078000002526	502.72686137021856
2.512079000002526	502.7223622721105
2.512080000002526	502.7178318597903
2.512081000002526	502.7132703234672
2.5120820000025263	502.7086778599107
2.5120830000025265	502.70405467225237
2.5120840000025266	502.6994009699275
2.5120850000025268	502.6947169685148
2.512086000002527	502.6900028894947
2.512087000002527	502.68525896013114
2.512088000002527	502.68048541329426
2.5120890000025273	502.6756824872944
2.5120900000025275	502.67085042570767
2.5120910000025276	502.665989477196
2.5120920000025277	502.6610998953213
2.512093000002528	502.6561819383594
2.512094000002528	502.6512358691092
2.512095000002528	502.6462619546989
2.5120960000025283	502.6412604663898
2.5120970000025284	502.63623167937476
2.5120980000025286	502.6311758725627
2.5120990000025287	502.62609332840526
2.512100000002529	502.6209843326802
2.512101000002529	502.61584917415547
2.512102000002529	502.61068814460094
2.5121030000025293	502.60550153856826
2.5121040000025294	502.6002896529772
2.5121050000025296	502.5950527870033
2.5121060000025297	502.5897912418484
2.51210700000253	502.5845053205065
2.51210800000253	502.579195327586
2.51210900000253	502.5738615690859
2.5121100000025303	502.5685043522448
2.5121110000025304	502.5631239851184
2.5121120000025305	502.5577207763653
2.5121130000025307	502.5522950352323
2.512114000002531	502.5468470712305
2.512115000002531	502.54137719391105
2.512116000002531	502.53588571264356
2.5121170000025312	502.53037293639824
2.5121180000025314	502.52483917352697
2.5121190000025315	502.519284731542
2.5121200000025317	502.5137099169143
2.512121000002532	502.5081150348307
2.512122000002532	502.50250038893404
2.512123000002532	502.4968662812226
2.512124000002532	502.4912130118414
2.5121250000025324	502.4855408787726
2.5121260000025325	502.4798501776995
2.5121270000025326	502.4741412017782
2.512128000002533	502.4684142414195
2.512129000002533	502.46266958409376
2.512130000002533	502.45690751415657
2.512131000002533	502.45112831267284
2.5121320000025333	502.4453322571531
2.5121330000025335	502.4395196214859
2.5121340000025336	502.43369067575253
2.5121350000025338	502.4278456859374
2.512136000002534	502.42198491381197
2.512137000002534	502.41610861676384
2.512138000002534	502.4102170476315
2.5121390000025343	502.40431045454386
2.5121400000025345	502.39838908076206
2.5121410000025346	502.3924531645236
2.5121420000025347	502.38650293890214
2.512143000002535	502.38053863168625
2.512144000002535	502.37456046519367
2.512145000002535	502.36856865614783
2.5121460000025353	502.3625634155773
2.5121470000025354	502.35654494868
2.5121480000025356	502.3505134547039
2.5121490000025357	502.34446912683643
2.512150000002536	502.33841215209634
2.512151000002536	502.3323427112345
2.512152000002536	502.32626097863374
2.5121530000025363	502.32016712222327
2.5121540000025364	502.3140613033919
2.5121550000025366	502.30794367690953
2.5121560000025367	502.30181439085504
2.512157000002537	502.295673586548
2.512158000002537	502.2895213984884
2.512159000002537	502.2833579543005
2.5121600000025373	502.27718337468445
2.5121610000025374	502.2709977733798
2.5121620000025375	502.26480125711373
2.5121630000025377	502.25859392556674
2.512164000002538	502.25237587136644
2.512165000002538	502.24614718005773
2.512166000002538	502.23990793009125
2.5121670000025382	502.2336581928141
2.5121680000025384	502.2273980324882
2.5121690000025385	502.2211275062648
2.5121700000025387	502.2148466641812
2.512171000002539	502.20855554921104
2.512172000002539	502.2022541972857
2.512173000002539	502.1959426373136
2.512174000002539	502.18962089121516
2.5121750000025393	502.18328897396236
2.5121760000025395	502.17694689362304
2.5121770000025396	502.17059465141324
2.5121780000025398	502.16423224175225
2.51217900000254	502.1578596523936
2.51218000000254	502.1514768643542
2.51218100000254	502.14508385199593
2.5121820000025403	502.13868058322936
2.5121830000025405	502.132267019533
2.5121840000025406	502.125843116042
2.5121850000025407	502.11940882164214
2.512186000002541	502.1129640790665
2.512187000002541	502.10650882500016
2.512188000002541	502.10004299018715
2.5121890000025413	502.0935664995441
2.5121900000025414	502.0870792723015
2.5121910000025416	502.08058122207245
2.5121920000025417	502.0740722569848
2.512193000002542	502.0675522798386
2.512194000002542	502.06102118824924
2.512195000002542	502.0544788747836
2.5121960000025423	502.0479252270921
2.5121970000025424	502.0413601280268
2.5121980000025426	502.034783455819
2.5121990000025427	502.0281950842148
2.512200000002543	502.02159488260816
2.512201000002543	502.01498271625644
2.512202000002543	502.0083584464148
2.5122030000025433	502.0017219304962
2.5122040000025434	501.9950730222395
2.5122050000025435	501.9884115718772
2.5122060000025437	501.98173742630604
2.512207000002544	501.97505042925957
2.512208000002544	501.96835042148314
2.512209000002544	501.9616372409109
2.5122100000025442	501.95491072284307
2.5122110000025444	501.94817070011396
2.5122120000025445	501.94141700329413
2.5122130000025447	501.93464946088136
2.512214000002545	501.9278678993178
2.512215000002545	501.92107214344645
2.512216000002545	501.91426201669884
2.512217000002545	501.9074373410491
2.5122180000025454	501.9005979372835
2.5122190000025455	501.8937436252048
2.5122200000025456	501.88687422381753
2.512221000002546	501.87998955156206
2.512222000002546	501.87308942640004
2.512223000002546	501.8661736660351
2.512224000002546	501.8592420881276
2.5122250000025463	501.8522945104313
2.5122260000025465	501.8453307510363
2.5122270000025466	501.8383506285184
2.5122280000025468	501.8313539622544
2.512229000002547	501.824340572332
2.512230000002547	501.8173102797284
2.512231000002547	501.81026290675015
2.5122320000025473	501.80319827707325
2.5122330000025475	501.7961162159095
2.5122340000025476	501.7890165501873
2.5122350000025477	501.7818991087181
2.512236000002548	501.7747637223748
2.512237000002548	501.7676102242057
2.512238000002548	501.7604384496023
2.5122390000025483	501.7532482365351
2.5122400000025484	501.74603942560776
2.5122410000025486	501.73881186021293
2.5122420000025487	501.7315653867477
2.512243000002549	501.724299854725
2.512244000002549	501.717015116912
2.512245000002549	501.7097110294668
2.5122460000025493	501.70238745207354
2.5122470000025494	501.6950442480709
2.5122480000025496	501.68768128457845
2.5122490000025497	501.68029843261775
2.51225000000255	501.6728955672271
2.51225100000255	501.66547256758446
2.51225200000255	501.65802931711386
2.5122530000025503	501.650565703588
2.5122540000025504	501.64308161922895
2.5122550000025505	501.63557696080704
2.5122560000025507	501.6280516297328
2.512257000002551	501.6205055321447
2.512258000002551	501.61293857896715
2.512259000002551	501.6053506860379
2.5122600000025512	501.59774177406604
2.5122610000025514	501.59011176888833
2.5122620000025515	501.58246060156324
2.5122630000025516	501.5747882081837
2.512264000002552	501.5670945301372
2.512265000002552	501.55937951399056
2.512266000002552	501.55164311154215
2.512267000002552	501.54388528001505
2.5122680000025523	501.5361059820179
2.5122690000025525	501.528305185574
2.5122700000025526	501.52048286414544
2.5122710000025528	501.5126389966555
2.512272000002553	501.50477356750395
2.512273000002553	501.49688656657815
2.512274000002553	501.4889779892474
2.5122750000025533	501.48104783638587
2.5122760000025535	501.47309611434684
2.5122770000025536	501.46512283497697
2.5122780000025537	501.45712801562223
2.512279000002554	501.4491116790575
2.512280000002554	501.44107385347957
2.512281000002554	501.4330145724829
2.5122820000025543	501.42493387503396
2.5122830000025544	501.4168318054334
2.5122840000025546	501.40870841327234
2.5122850000025547	501.40056375338776
2.512286000002555	501.39239788580136
2.512287000002555	501.3842108756869
2.512288000002555	501.3760027933097
2.5122890000025553	501.36777371394544
2.5122900000025554	501.3595237098622
2.5122910000025556	501.3512528671833
2.5122920000025557	501.3429612826659
2.512293000002556	501.3346490510905
2.512294000002556	501.32631627174834
2.512295000002556	501.3179630484903
2.5122960000025563	501.30958948963536
2.5122970000025564	501.3011957078774
2.5122980000025565	501.29278182018805
2.5122990000025567	501.28434794771596
2.512300000002557	501.27589421568547
2.512301000002557	501.2674207532872
2.512302000002557	501.2589276935697
2.5123030000025572	501.25041517332727
2.5123040000025574	501.2418833329835
2.5123050000025575	501.2333323164748
2.5123060000025577	501.22476227112867
2.512307000002558	501.2161733475454
2.512308000002558	501.2075656994633
2.512309000002558	501.19893948359197
2.512310000002558	501.19029485956963
2.5123110000025584	501.18163198983405
2.5123120000025585	501.1729510394016
2.5123130000025586	501.1642521757751
2.512314000002559	501.15553556880724
2.512315000002559	501.1468013905621
2.512316000002559	501.1380498151757
2.512317000002559	501.1292810187155
2.5123180000025593	501.12049517903836
2.5123190000025595	501.11169247564857
2.5123200000025596	501.10287308955424
2.5123210000025598	501.0940372031222
2.51232200000256	501.0851849999346
2.51232300000256	501.07631666464243
2.51232400000256	501.06743238285037
2.5123250000025603	501.0585323409102
2.5123260000025605	501.0496167257829
2.5123270000025606	501.0406857249412
2.5123280000025607	501.03173952609063
2.512329000002561	501.0227783172462
2.512330000002561	501.0138022865734
2.512331000002561	501.0048116220451
2.5123320000025613	500.99580651139615
2.5123330000025614	500.9867871419829
2.5123340000025616	500.97775370064045
2.5123350000025617	500.9687063735437
2.512336000002562	500.959645346066
2.512337000002562	500.9505708026427
2.512338000002562	500.94148292663215
2.5123390000025623	500.93238190017195
2.5123400000025624	500.9232679040636
2.5123410000025626	500.9141411176407
2.5123420000025627	500.90500171883014
2.512343000002563	500.8958498836043
2.512344000002563	500.8866857858794
2.512345000002563	500.877509597646
2.5123460000025633	500.868321489077
2.5123470000025634	500.8591216280815
2.5123480000025635	500.8499101799624
2.5123490000025637	500.84068730769343
2.512350000002564	500.831453171677
2.512351000002564	500.8222079296285
2.512352000002564	500.81295173647106
2.5123530000025642	500.8036847442289
2.5123540000025644	500.7944071019268
2.5123550000025645	500.7851189553066
2.5123560000025646	500.7758204471092
2.512357000002565	500.76651171694704
2.512358000002565	500.75719290089046
2.512359000002565	500.7478641315399
2.512360000002565	500.7385255379487
2.5123610000025653	500.72917724554117
2.5123620000025655	500.7198193760369
2.5123630000025656	500.71045204737516
2.5123640000025658	500.70107537364646
2.512365000002566	500.69168946502475
2.512366000002566	500.68229442770337
2.512367000002566	500.6728903638363
2.5123680000025663	500.66347737148016
2.5123690000025665	500.6540555445419
2.5123700000025666	500.6446249727295
2.5123710000025667	500.6351857415386
2.512372000002567	500.6257379321465
2.512373000002567	500.6162816213727
2.512374000002567	500.6068168817024
2.5123750000025673	500.59734378123034
2.5123760000025674	500.5878623836303
2.5123770000025676	500.578372748131
2.5123780000025677	500.56887492954854
2.512379000002568	500.55936897816747
2.512380000002568	500.54985493971105
2.512381000002568	500.54033285545376
2.5123820000025683	500.5308027621867
2.5123830000025684	500.5212646921507
2.5123840000025686	500.5117186730462
2.5123850000025687	500.5021647280867
2.512386000002569	500.49260287598236
2.512387000002569	500.48303313094857
2.512388000002569	500.47345550272064
2.5123890000025693	500.4638699965711
2.5123900000025694	500.45427661333076
2.5123910000025695	500.4446753494121
2.5123920000025697	500.43506619683745
2.51239300000257	500.4254491432683
2.51239400000257	500.4158241720397
2.51239500000257	500.4061912621969
2.5123960000025702	500.39655038853346
2.5123970000025704	500.3869015216358
2.5123980000025705	500.37724462792795
2.5123990000025707	500.3675796697418
2.512400000002571	500.35790660532274
2.512401000002571	500.3482253888851
2.512402000002571	500.3385359707118
2.512403000002571	500.3288382971919
2.5124040000025714	500.319132310882
2.5124050000025715	500.30941795056987
2.5124060000025716	500.29969515134013
2.5124070000025718	500.2899638446444
2.512408000002572	500.28022395837064
2.512409000002572	500.2704754169167
2.512410000002572	500.2607181412654
2.5124110000025723	500.25095204906034
2.5124120000025725	500.24117705468683
2.5124130000025726	500.2313930693282
2.5124140000025728	500.2216000012543
2.512415000002573	500.2117977555792
2.512416000002573	500.2019862343238
2.512417000002573	500.19216533681725
2.5124180000025733	500.18233495964046
2.5124190000025735	500.172494996738
2.5124200000025736	500.16264533945883
2.5124210000025737	500.1527858766538
2.512422000002574	500.14291649481106
2.512423000002574	500.1330370781306
2.512424000002574	500.1231475116198
2.5124250000025743	500.11324767484655
2.5124260000025744	500.10333744307235
2.5124270000025746	500.0934166922468
2.5124280000025747	500.083485296567
2.512429000002575	500.07354313359065
2.512430000002575	500.0635900732747
2.512431000002575	500.05362598096383
2.5124320000025753	500.04365072444665
2.5124330000025754	500.03366417037404
2.5124340000025756	500.0236661841877
2.5124350000025757	500.0136566302191
2.512436000002576	500.003635371789
2.512437000002576	499.9936022713086
2.512438000002576	499.98355719037704
2.5124390000025763	499.97349998988153
2.5124400000025764	499.96343053009645
2.5124410000025765	499.9533486707796
2.5124420000025767	499.9432542712717
2.512443000002577	499.9331471905936
2.512444000002577	499.92302728754134
2.512445000002577	499.9128944207828
2.5124460000025772	499.9027484489208
2.5124470000025774	499.8925892306521
2.5124480000025775	499.88241662491225
2.5124490000025776	499.8722304907895
2.512450000002578	499.8620306876663
2.512451000002578	499.85181707539965
2.512452000002578	499.8415895143643
2.512453000002578	499.8313478655387
2.5124540000025783	499.8210919905894
2.5124550000025785	499.8108217519593
2.5124560000025786	499.80053701295014
2.5124570000025788	499.7902376378023
2.512458000002579	499.7799234917795
2.512459000002579	499.7695944412459
2.512460000002579	499.75925035374405
2.5124610000025793	499.74889109807094
2.5124620000025795	499.7385165443527
2.5124630000025796	499.7281265640868
2.5124640000025797	499.7177210303414
2.51246500000258	499.7072998176826
2.51246600000258	499.69686280220407
2.51246700000258	499.686409861689
2.5124680000025803	499.67594087569535
2.5124690000025804	499.6654557256618
2.5124700000025806	499.6549542948229
2.5124710000025807	499.64443646833666
2.512472000002581	499.6339021333389
2.512473000002581	499.62335117899835
2.512474000002581	499.6127834965434
2.5124750000025813	499.6021989793651
2.5124760000025814	499.59159752306323
2.5124770000025816	499.58097902541834
2.5124780000025817	499.57034338657735
2.512479000002582	499.5596905090478
2.512480000002582	499.5490202975433
2.512481000002582	499.53833265915284
2.5124820000025823	499.52762750351854
2.5124830000025824	499.5169047427128
2.5124840000025825	499.5061642912736
2.5124850000025827	499.4954060663174
2.512486000002583	499.48462998752706
2.512487000002583	499.4738359771785
2.512488000002583	499.46302396016677
2.5124890000025832	499.4521938640279
2.5124900000025834	499.4413456189609
2.5124910000025835	499.43047915784774
2.5124920000025837	499.419594416268
2.512493000002584	499.4086913324941
2.512494000002584	499.39776984755815
2.512495000002584	499.38682990525757
2.512496000002584	499.37587145228906
2.5124970000025844	499.36489443792675
2.5124980000025845	499.353898814151
2.5124990000025846	499.3428845357722
2.5125000000025848	499.3318515603307
2.512501000002585	499.3207998482069
2.512502000002585	499.3097293625632
2.512503000002585	499.2986400693387
2.5125040000025853	499.2875319372475
2.5125050000025855	499.2764049377726
2.5125060000025856	499.26525904516075
2.5125070000025858	499.25409423641423
2.512508000002586	499.2429104912524
2.512509000002586	499.23170779216247
2.512510000002586	499.2204861243803
2.5125110000025863	499.2092454758255
2.5125120000025865	499.1979858367777
2.5125130000025866	499.1867072005539
2.5125140000025867	499.17540956349785
2.512515000002587	499.16409292446866
2.512516000002587	499.1527572846364
2.512517000002587	499.1414026475953
2.5125180000025873	499.13002901974687
2.5125190000025874	499.1186364100708
2.5125200000025876	499.1072248300833
2.5125210000025877	499.0957942938111
2.512522000002588	499.0843448177684
2.512523000002588	499.0728764208992
2.512524000002588	499.06138912461125
2.5125250000025883	499.0498829527395
2.5125260000025884	499.0383579314677
2.5125270000025886	499.0268140893242
2.5125280000025887	499.01525145715055
2.512529000002589	499.0036700677648
2.512530000002589	498.99206995656067
2.512531000002589	498.9804511614116
2.5125320000025892	498.9688137221028
2.5125330000025894	498.9571576808282
2.5125340000025895	498.94548308162257
2.5125350000025897	498.9337899703203
2.51253600000259	498.9220783950954
2.51253700000259	498.9103484054747
2.51253800000259	498.89860005369695
2.5125390000025902	498.8868333944621
2.5125400000025904	498.8750484838069
2.5125410000025905	498.86324537965237
2.5125420000025906	498.8514241416536
2.512543000002591	498.8395848312834
2.512544000002591	498.82772751183546
2.512545000002591	498.815852248278
2.512546000002591	498.80395910724377
2.5125470000025913	498.79204815702167
2.5125480000025915	498.780119467518
2.5125490000025916	498.7681731101897
2.5125500000025918	498.7562091580202
2.512551000002592	498.74422768548294
2.512552000002592	498.7322287685007
2.512553000002592	498.72021248440956
2.5125540000025923	498.70817891191956
2.5125550000025925	498.69612813107676
2.5125560000025926	498.6840602232261
2.5125570000025927	498.6719752709728
2.512558000002593	498.659873358145
2.512559000002593	498.647754569755
2.512560000002593	498.63561899196395
2.5125610000025933	498.62346671204233
2.5125620000025934	498.6112978183237
2.5125630000025936	498.5991124002072
2.5125640000025937	498.5869105480809
2.512565000002594	498.574692353353
2.512566000002594	498.56245790829314
2.512567000002594	498.5502073059706
2.5125680000025943	498.5379406403944
2.5125690000025944	498.5256580063942
2.5125700000025946	498.51335949958076
2.5125710000025947	498.50104521631255
2.512572000002595	498.48871524328587
2.512573000002595	498.4763696783564
2.512574000002595	498.4640086294467
2.5125750000025953	498.45163219630564
2.5125760000025954	498.4392404785092
2.5125770000025955	498.42683357617665
2.5125780000025957	498.4144115899341
2.512579000002596	498.4019746208819
2.512580000002596	498.3895227705612
2.512581000002596	498.37705614092033
2.5125820000025962	498.36457483418053
2.5125830000025964	498.3520789530341
2.5125840000025965	498.33956860053723
2.5125850000025967	498.32704387994784
2.512586000002597	498.3145048947715
2.512587000002597	498.3019517487307
2.512588000002597	498.28938454573336
2.512589000002597	498.27680338984123
2.5125900000025974	498.26420838524
2.5125910000025975	498.2515996362098
2.5125920000025976	498.2389772470932
2.5125930000025978	498.22634132226653
2.512594000002598	498.2136919661098
2.512595000002598	498.2010292829766
2.512596000002598	498.188353377148
2.5125970000025983	498.17566435283635
2.5125980000025985	498.16296231416095
2.5125990000025986	498.1502473650793
2.5126000000025988	498.1375196093767
2.512601000002599	498.12477915063965
2.512602000002599	498.11202609222704
2.512603000002599	498.09926053724166
2.5126040000025993	498.0864825885
2.5126050000025995	498.07369234850745
2.5126060000025996	498.0608899194286
2.5126070000025997	498.048075403061
2.5126080000026	498.0352489008054
2.5126090000026	498.0224105136413
2.5126100000026	498.0095603420972
2.5126110000026003	497.99669848622375
2.5126120000026004	497.98382504556804
2.5126130000026006	497.97094011914504
2.5126140000026007	497.9580438054121
2.512615000002601	497.94513620224126
2.512616000002601	497.9322174068929
2.512617000002601	497.91928751580855
2.5126180000026013	497.906346624939
2.5126190000026014	497.8933948297378
2.5126200000026016	497.8804322373199
2.5126210000026017	497.86745894117894
2.512622000002602	497.85447502208547
2.512623000002602	497.8414805723911
2.512624000002602	497.8284756835231
2.5126250000026022	497.81546044606193
2.5126260000026024	497.8024349496894
2.5126270000026025	497.7893992832092
2.5126280000026027	497.7763535344934
2.512629000002603	497.76329779047416
2.512630000002603	497.7502321371229
2.512631000002603	497.7371566594057
2.5126320000026032	497.72407144126606
2.5126330000026034	497.710976565602
2.5126340000026035	497.69787211424176
2.5126350000026036	497.6847581679199
2.512636000002604	497.67163480625345
2.512637000002604	497.65850210771816
2.512638000002604	497.6453601496267
2.512639000002604	497.6322090081038
2.5126400000026043	497.6190487580642
2.5126410000026045	497.6058794731908
2.5126420000026046	497.5927012259124
2.5126430000026048	497.57951408748863
2.512644000002605	497.5663181277722
2.512645000002605	497.5531134151964
2.512646000002605	497.5399000167714
2.5126470000026053	497.5266779981373
2.5126480000026055	497.513447423941
2.5126490000026056	497.50020835743834
2.5126500000026057	497.4869608602729
2.512651000002606	497.4737049926522
2.512652000002606	497.4604408133294
2.512653000002606	497.44716837958697
2.5126540000026063	497.4338877472186
2.5126550000026064	497.4205989705145
2.5126560000026066	497.4073021022441
2.5126570000026067	497.3939971936416
2.512658000002607	497.38068429439187
2.512659000002607	497.36736345261664
2.512660000002607	497.3540347148608
2.5126610000026073	497.3406981260811
2.5126620000026074	497.327353729633
2.5126630000026076	497.3140015672611
2.5126640000026077	497.30064167908927
2.512665000002608	497.2872741036102
2.512666000002608	497.27389887767754
2.512667000002608	497.26051603649853
2.5126680000026083	497.24712561362776
2.5126690000026084	497.2337276409606
2.5126700000026085	497.2203221487281
2.5126710000026087	497.20690916549444
2.512672000002609	497.19348871815333
2.512673000002609	497.18006083192626
2.512674000002609	497.16662553036116
2.5126750000026092	497.1531828353341
2.5126760000026094	497.13973276704803
2.5126770000026095	497.12627534403805
2.5126780000026097	497.11281058317354
2.51267900000261	497.0993384996624
2.51268000000261	497.0858591070574
2.51268100000261	497.07237241726375
2.51268200000261	497.0588784405463
2.5126830000026104	497.04537718553973
2.5126840000026105	497.0318686592589
2.5126850000026106	497.018352867111
2.5126860000026108	497.0048298129086
2.512687000002611	496.9912994988834
2.512688000002611	496.97776192570365
2.512689000002611	496.96421709248926
2.5126900000026113	496.9506649968323
2.5126910000026115	496.93710563481494
2.5126920000026116	496.9235390010321
2.5126930000026118	496.9099650886127
2.512694000002612	496.8963838892448
2.512695000002612	496.8827953931989
2.512696000002612	496.86919958935596
2.5126970000026123	496.85559646523507
2.5126980000026125	496.84198600702325
2.5126990000026126	496.8283681996053
2.5127000000026127	496.81474302659615
2.512701000002613	496.80111047037497
2.512702000002613	496.7874705121198
2.512703000002613	496.77382313184376
2.5127040000026133	496.7601683084327
2.5127050000026134	496.74650601966573
2.5127060000026136	496.7328362423028
2.5127070000026137	496.71915895209753
2.512708000002614	496.70547412383087
2.512709000002614	496.6917817313669
2.512710000002614	496.6780817476969
2.5127110000026143	496.66437414498694
2.5127120000026144	496.6506588946272
2.5127130000026145	496.63693596731133
2.5127140000026147	496.62320532578303
2.512715000002615	496.60946694796434
2.512716000002615	496.5957207999476
2.512717000002615	496.58196684531487
2.5127180000026152	496.56820505783173
2.5127190000026154	496.5544354049982
2.5127200000026155	496.5406578538883
2.5127210000026157	496.5268723712895
2.512722000002616	496.51307892376343
2.512723000002616	496.49927747770784
2.512724000002616	496.4854679989583
2.5127250000026162	496.47165045378273
2.5127260000026164	496.45782480891285
2.5127270000026165	496.44399103072845
2.5127280000026166	496.43014908576157
2.512729000002617	496.4162989407674
2.512730000002617	496.4024405627927
2.512731000002617	496.3885739192433
2.512732000002617	496.3746989778922
2.5127330000026173	496.36081570706665
2.5127340000026175	496.34692407573056
2.5127350000026176	496.3330240534206
2.5127360000026178	496.31911561038294
2.512737000002618	496.30519871764454
2.512738000002618	496.29127334708477
2.512739000002618	496.27733947713654
2.5127400000026183	496.26339708142564
2.5127410000026185	496.2494461294001
2.5127420000026186	496.235486597058
2.5127430000026187	496.22151846162666
2.512744000002619	496.2075417016224
2.512745000002619	496.19355629695184
2.512746000002619	496.1795622289274
2.5127470000026193	496.1655594803407
2.5127480000026194	496.1515480352611
2.5127490000026196	496.1375278797605
2.5127500000026197	496.1234990019218
2.51275100000262	496.1094613913223
2.51275200000262	496.0954150394033
2.51275300000262	496.08135993954437
2.5127540000026203	496.0672960871337
2.5127550000026204	496.05322347963704
2.5127560000026206	496.03914211666773
2.5127570000026207	496.02505200005237
2.512758000002621	496.0109531339005
2.512759000002621	495.99684552466925
2.512760000002621	495.98272918123035
2.5127610000026213	495.96860411493174
2.5127620000026214	495.95447033965297
2.5127630000026215	495.9403278718886
2.5127640000026217	495.92617673080537
2.512765000002622	495.91201693828486
2.512766000002622	495.8978485189916
2.512767000002622	495.8836715004276
2.5127680000026222	495.8694859129895
2.5127690000026224	495.8552917900226
2.5127700000026225	495.84108916787295
2.5127710000026227	495.8268780859375
2.512772000002623	495.8126585867133
2.512773000002623	495.79843071584526
2.512774000002623	495.78419452217094
2.512775000002623	495.76995005776416
2.5127760000026234	495.7556973779768
2.5127770000026235	495.74143654147804
2.5127780000026236	495.7271676102926
2.5127790000026238	495.7128906498355
2.512780000002624	495.69860572894544
2.512781000002624	495.684312919917
2.512782000002624	495.6700122985273
2.5127830000026243	495.655703944066
2.5127840000026245	495.6413879393566
2.5127850000026246	495.6270643707801
2.5127860000026248	495.6127333282935
2.512787000002625	495.5983949054484
2.512788000002625	495.5840491994047
2.512789000002625	495.56969631094216
2.5127900000026253	495.5553363444713
2.5127910000026255	495.54096940803913
2.5127920000026256	495.5265956133355
2.5127930000026257	495.5122150756926
2.512794000002626	495.4978279140859
2.512795000002626	495.48343425145663
2.512796000002626	495.4690342140322
2.5127970000026263	495.45462793138074
2.5127980000026264	495.4402155369786
2.5127990000026266	495.4257971679052
2.5128000000026267	495.41137296483396
2.512801000002627	495.3969430719887
2.512802000002627	495.38250763712375
2.512803000002627	495.36806681151035
2.5128040000026273	495.35362074990513
2.5128050000026274	495.33916961051733
2.5128060000026275	495.3247135549757
2.5128070000026277	495.3102527482927
2.512808000002628	495.2957873588226
2.512809000002628	495.28131755822045
2.512810000002628	495.2668435216018
2.5128110000026282	495.25236542707415
2.5128120000026284	495.2378834557314
2.5128130000026285	495.22339779195727
2.5128140000026287	495.20890862318737
2.512815000002629	495.19441613984947
2.512816000002629	495.17992053530236
2.512817000002629	495.1654220057716
2.5128180000026292	495.15092075027536
2.5128190000026294	495.13641697057597
2.5128200000026295	495.1219108711062
2.5128210000026296	495.1074026588889
2.51282200000263	495.09289254345146
2.51282300000263	495.078380736747
2.51282400000263	495.06386745309345
2.51282500000263	495.0493529090825
2.5128260000026303	495.0348373234932
2.5128270000026305	495.0203209172073
2.5128280000026306	495.0058039131184
2.5128290000026308	494.9912865360429
2.512830000002631	494.9767690122458
2.512831000002631	494.96225157012054
2.512832000002631	494.947734440047
2.5128330000026313	494.93321785358626
2.5128340000026315	494.91870204373714
2.5128350000026316	494.9041872448386
2.5128360000026317	494.8896736924651
2.512837000002632	494.87516162332264
2.512838000002632	494.86065127514473
2.512839000002632	494.8461428865835
2.5128400000026323	494.8316366971026
2.5128410000026324	494.81713294686784
2.5128420000026326	494.8026318766367
2.5128430000026327	494.78813372764756
2.512844000002633	494.7736387415076
2.512845000002633	494.759147160136
2.512846000002633	494.7446592255267
2.5128470000026333	494.73017517967395
2.5128480000026334	494.7156952562023
2.5128490000026336	494.7012196976762
2.5128500000026337	494.68674875251367
2.512851000002634	494.67228266191296
2.512852000002634	494.65782166680094
2.512853000002634	494.64336600696043
2.5128540000026343	494.62891592134866
2.5128550000026344	494.61447164808897
2.5128560000026345	494.6000334242983
2.5128570000026347	494.5856014859719
2.512858000002635	494.57117606786954
2.512859000002635	494.5567574034033
2.512860000002635	494.5423457245239
2.5128610000026352	494.5279412616087
2.5128620000026354	494.51354424335136
2.5128630000026355	494.4991548966522
2.5128640000026357	494.48477344650956
2.512865000002636	494.47040011591133
2.512866000002636	494.4560351257292
2.512867000002636	494.44167869461415
2.512868000002636	494.427331038893
2.5128690000026364	494.41299237245124
2.5128700000026365	494.3986629066618
2.5128710000026366	494.38434285029115
2.5128720000026368	494.3700324093675
2.512873000002637	494.35573178710456
2.512874000002637	494.3414411838079
2.512875000002637	494.3271607967858
2.5128760000026373	494.3128908202606
2.5128770000026375	494.2986314452824
2.5128780000026376	494.28438288274265
2.5128790000026378	494.2701453141287
2.512880000002638	494.25591890054665
2.512881000002638	494.24170381937813
2.512882000002638	494.227500244607
2.5128830000026383	494.21330834658806
2.5128840000026385	494.1991282919762
2.5128850000026386	494.18496024366254
2.5128860000026387	494.1708043607146
2.512887000002639	494.15666079831675
2.512888000002639	494.1425297077155
2.512889000002639	494.12841123582
2.5128900000026393	494.11430552633584
2.5128910000026394	494.1002127183257
2.5128920000026396	494.0861329467981
2.5128930000026397	494.07206634260314
2.51289400000264	494.0580130323936
2.51289500000264	494.04397313859386
2.51289600000264	494.02994677937215
2.5128970000026403	494.0159340687027
2.5128980000026404	494.0019351161767
2.5128990000026405	493.98795002697483
2.5129000000026407	493.97397890208845
2.512901000002641	493.9600218381139
2.512902000002641	493.9460789272901
2.512903000002641	493.93215025752215
2.5129040000026412	493.9182359123421
2.5129050000026414	493.904335970973
2.5129060000026415	493.89045050830794
2.5129070000026417	493.87657959492464
2.512908000002642	493.8627232971013
2.512909000002642	493.8488816768398
2.512910000002642	493.8350547919694
2.5129110000026422	493.8212426960195
2.5129120000026424	493.8074454382398
2.5129130000026425	493.7936630638091
2.5129140000026426	493.779895613791
2.512915000002643	493.7661431251788
2.512916000002643	493.75240563094263
2.512917000002643	493.7386831601306
2.512918000002643	493.7249757378288
2.5129190000026433	493.71128338520447
2.5129200000026435	493.69760611968644
2.5129210000026436	493.6839439549726
2.5129220000026438	493.67029690109985
2.512923000002644	493.65666496451706
2.512924000002644	493.6430481481625
2.512925000002644	493.6294464515404
2.5129260000026443	493.6158598708073
2.5129270000026445	493.6022883988552
2.5129280000026446	493.5887320254029
2.5129290000026447	493.5751907370864
2.512930000002645	493.56166451747725
2.512931000002645	493.54815334733814
2.512932000002645	493.5346572047272
2.5129330000026453	493.5211760649398
2.5129340000026454	493.50770990069515
2.5129350000026456	493.49425868225035
2.5129360000026457	493.4808223775183
2.512937000002646	493.46740095204115
2.512938000002646	493.45399436935605
2.512939000002646	493.4406025910982
2.5129400000026463	493.4272255769211
2.5129410000026464	493.4138632847032
2.5129420000026466	493.40051567071305
2.5129430000026467	493.38718268971587
2.512944000002647	493.37386429509456
2.512945000002647	493.36056043898384
2.512946000002647	493.3472710724044
2.5129470000026473	493.33399614539803
2.5129480000026474	493.3207356071664
2.5129490000026475	493.30748940619475
2.5129500000026477	493.2942574904037
2.512951000002648	493.28103980727957
2.512952000002648	493.26783630401616
2.512953000002648	493.25464692765553
2.5129540000026482	493.241471625175
2.5129550000026484	493.22831034375633
2.5129560000026485	493.21516303086133
2.5129570000026487	493.2020296343374
2.512958000002649	493.18891010258585
2.512959000002649	493.1758043847045
2.512960000002649	493.16271243063227
2.512961000002649	493.14963419128907
2.5129620000026494	493.1365696187188
2.5129630000026495	493.12351866623646
2.5129640000026496	493.1104812885586
2.5129650000026498	493.0974574419308
2.51296600000265	493.0844470842947
2.51296700000265	493.0714501754126
2.51296800000265	493.0584666770057
2.5129690000026503	493.04549655288844
2.5129700000026505	493.03253976910446
2.5129710000026506	493.0195962940597
2.5129720000026508	493.00666609865226
2.512973000002651	492.9937491564031
2.512974000002651	492.98084544358403
2.512975000002651	492.9679549393435
2.5129760000026513	492.95507762583065
2.5129770000026515	492.94221348831786
2.5129780000026516	492.9293625153191
2.5129790000026517	492.91652469870854
2.512980000002652	492.90370003383515
2.512981000002652	492.89088851963345
2.512982000002652	492.8780901587356
2.5129830000026523	492.86530495757626
2.5129840000026524	492.85253292649776
2.5129850000026526	492.83977407985066
2.5129860000026527	492.82702843609184
2.512987000002653	492.8142960178793
2.512988000002653	492.8015768521644
2.512989000002653	492.78887097027865
2.5129900000026533	492.77617840801935
2.5129910000026534	492.7634992057321
2.5129920000026535	492.7508334083875
2.5129930000026537	492.73818106565545
2.512994000002654	492.72554223197574
2.512995000002654	492.7129169666253
2.512996000002654	492.70030533377997
2.5129970000026542	492.687707402575
2.5129980000026544	492.675123247159
2.5129990000026545	492.66255294674545
2.5130000000026547	492.6499965856607
2.513001000002655	492.6374542533118
2.513002000002655	492.6249260443808
2.513003000002655	492.6124120588301
2.5130040000026552	492.599912401823
2.5130050000026554	492.5874271838032
2.5130060000026555	492.5749565205076
2.5130070000026556	492.5625005330039
2.513008000002656	492.55005934772305
2.513009000002656	492.537633096421
2.513010000002656	492.52522191620494
2.513011000002656	492.5128259495306
2.5130120000026563	492.5004453441994
2.5130130000026565	492.48808025335
2.5130140000026566	492.4757308354443
2.5130150000026568	492.4633972542508
2.513016000002657	492.4510796788213
2.513017000002657	492.43877828346626
2.513018000002657	492.4264932477227
2.5130190000026573	492.41422475632106
2.5130200000026575	492.4019729991438
2.5130210000026576	492.389738171184
2.5130220000026577	492.37752047249523
2.513023000002658	492.36532010814295
2.513024000002658	492.35313728801935
2.513025000002658	492.34097222702746
2.5130260000026583	492.3288251450426
2.5130270000026584	492.31669626656696
2.5130280000026586	492.30458582071736
2.5130290000026587	492.2924940412951
2.513030000002659	492.2804211667165
2.513031000002659	492.2683674397666
2.513032000002659	492.2563331075924
2.5130330000026593	492.2443184218267
2.5130340000026594	492.232323638055
2.5130350000026596	492.2203490156238
2.5130360000026597	492.20839481816955
2.51303700000266	492.1964613133416
2.51303800000266	492.1845487724233
2.51303900000266	492.1726574703486
2.5130400000026603	492.16078768559044
2.5130410000026604	492.1489397000412
2.5130420000026605	492.13711379889486
2.5130430000026607	492.12531027052296
2.513044000002661	492.1135294063494
2.513045000002661	492.1017715007231
2.513046000002661	492.09003685078704
2.5130470000026612	492.0783257563464
2.5130480000026614	492.0666385197318
2.5130490000026615	492.05497542596214
2.5130500000026617	492.04333678328635
2.513051000002662	492.0317229192197
2.513052000002662	492.02013414484134
2.513053000002662	492.0085707730433
2.513054000002662	491.997033118396
2.5130550000026624	491.9855214970015
2.5130560000026625	491.9740362263453
2.5130570000026626	491.9625776251467
2.5130580000026628	491.9511460132103
2.513059000002663	491.93974171127326
2.513060000002663	491.9283650408548
2.513061000002663	491.9170163240536
2.5130620000026633	491.905695883504
2.5130630000026635	491.8944040421921
2.5130640000026636	491.8831411232398
2.5130650000026638	491.87190744978454
2.513066000002664	491.86070334482747
2.513067000002664	491.84952913108106
2.513068000002664	491.83838513081713
2.5130690000026643	491.82727166571397
2.5130700000026645	491.81618905670643
2.5130710000026646	491.80513762383316
2.5130720000026647	491.7941176860881
2.513073000002665	491.78312956127166
2.513074000002665	491.77217356584345
2.513075000002665	491.76125001491283
2.5130760000026653	491.75035922180535
2.5130770000026654	491.73950149796036
2.5130780000026656	491.7286771530201
2.5130790000026657	491.71788649452196
2.513080000002666	491.7071298278589
2.513081000002666	491.6964074561383
2.513082000002666	491.68571967995325
2.5130830000026663	491.6750667972987
2.5130840000026664	491.6644491034431
2.5130850000026665	491.65386689079935
2.5130860000026667	491.6433204488027
2.513087000002667	491.63281006378725
2.513088000002667	491.6223360190114
2.513089000002667	491.6118985942449
2.5130900000026672	491.6014980656889
2.5130910000026674	491.5911347061125
2.5130920000026675	491.580808784623
2.5130930000026677	491.5705205665586
2.513094000002668	491.56027033313984
2.513095000002668	491.5500583414659
2.513096000002668	491.53988482580854
2.5130970000026682	491.52975003530725
2.5130980000026684	491.5196542150304
2.5130990000026685	491.50959760570737
2.5131000000026686	491.4995804436535
2.513101000002669	491.4896029607333
2.513102000002669	491.4796653842874
2.513103000002669	491.4697679370285
2.513104000002669	491.4599108370107
2.5131050000026693	491.45009429768135
2.5131060000026695	491.44031852755904
2.5131070000026696	491.43058373019977
2.5131080000026698	491.4208901044395
2.51310900000267	491.411237844172
2.51311000000267	491.40162713831995
2.51311100000267	491.3920581708275
2.5131120000026703	491.38253112061744
2.5131130000026705	491.3730461615673
2.5131140000026706	491.3636034624873
2.5131150000026707	491.3542031871067
2.513116000002671	491.34484549406034
2.513117000002671	491.33553053688297
2.513118000002671	491.3262584640062
2.5131190000026713	491.3170294187603
2.5131200000026714	491.3078435393932
2.5131210000026716	491.29870095905267
2.5131220000026717	491.28960180580657
2.513123000002672	491.28054620268244
2.513124000002672	491.27153426768183
2.513125000002672	491.2625661138044
2.5131260000026723	491.25364184908256
2.5131270000026724	491.24476157661667
2.5131280000026726	491.23592539461515
2.5131290000026727	491.2271333964394
2.513130000002673	491.2183856706516
2.513131000002673	491.20968230108065
2.513132000002673	491.20102336685034
2.5131330000026733	491.1924089424467
2.5131340000026734	491.1838390978003
2.5131350000026735	491.1753138983453
2.5131360000026737	491.16683340508945
2.513137000002674	491.1583976746902
2.513138000002674	491.15000675955633
2.513139000002674	491.14166070788514
2.5131400000026742	491.1333595637503
2.5131410000026744	491.1251033672321
2.5131420000026745	491.1168921544902
2.5131430000026747	491.10872595785844
2.513144000002675	491.1006048059435
2.513145000002675	491.0925287237279
2.513146000002675	491.0844977326713
2.513147000002675	491.0765118508208
2.5131480000026754	491.06857109292
2.5131490000026755	491.06067547052163
2.5131500000026756	491.05282499210193
2.5131510000026758	491.0450196631787
2.513152000002676	491.03725948643114
2.513153000002676	491.02954446182076
2.513154000002676	491.0218745867154
2.5131550000026763	491.01424985601585
2.5131560000026765	491.0066702622825
2.5131570000026766	490.9991357958644
2.5131580000026768	490.9916464450296
2.513159000002677	490.98420219610443
2.513160000002677	490.9768030335946
2.513161000002677	490.9694489403237
2.5131620000026773	490.96213989757075
2.5131630000026774	490.95487588522036
2.5131640000026776	490.9476568818755
2.5131650000026777	490.9404828650011
2.513166000002678	490.93335381107596
2.513167000002678	490.92626969588594
2.513168000002678	490.9192304943403
2.5131690000026783	490.9122361806172
2.5131700000026784	490.90528672861603
2.5131710000026786	490.89838211194274
2.5131720000026787	490.8915223040482
2.513173000002679	490.8847072783662
2.513174000002679	490.87793700845276
2.513175000002679	490.8712114681246
2.5131760000026793	490.8645306315969
2.5131770000026794	490.8578944736194
2.5131780000026795	490.8513029696121
2.5131790000026797	490.8447560961152
2.51318000000268	490.83825383024384
2.51318100000268	490.8317961499428
2.51318200000268	490.82538303469585
2.5131830000026802	490.8190144653263
2.5131840000026804	490.8126904240706
2.5131850000026805	490.8064108946727
2.5131860000026807	490.8001758626582
2.513187000002681	490.79398531538493
2.513188000002681	490.7878392421641
2.513189000002681	490.7817376343754
2.5131900000026812	490.7756804855858
2.5131910000026814	490.7696677916606
2.5131920000026815	490.76369955087625
2.5131930000026816	490.7577757640295
2.513194000002682	490.75189643462085
2.513195000002682	490.74606156878804
2.513196000002682	490.74027117544307
2.513197000002682	490.73452526648447
2.5131980000026823	490.7288238568346
2.5131990000026825	490.72316696452634
2.5132000000026826	490.71755461087815
2.5132010000026828	490.7119868203991
2.513202000002683	490.706463620899
2.513203000002683	490.70098504370395
2.513204000002683	490.6955511236532
2.5132050000026833	490.69016189918244
2.5132060000026835	490.6848174123874
2.5132070000026836	490.6795177090853
2.5132080000026837	490.67426283887835
2.513209000002684	490.6690528552093
2.513210000002684	490.66388781529577
2.513211000002684	490.6587677804323
2.5132120000026843	490.6536928159852
2.5132130000026844	490.64866299125976
2.5132140000026846	490.6436783796069
2.5132150000026847	490.638739058504
2.513216000002685	490.633845109599
2.513217000002685	490.6289966186682
2.513218000002685	490.6241936756718
2.5132190000026853	490.61943637477367
2.5132200000026854	490.6147248142497
2.5132210000026856	490.61005909670394
2.5132220000026857	490.6054393290976
2.513223000002686	490.6008656225174
2.513224000002686	490.59633809228905
2.513225000002686	490.5918568579708
2.5132260000026863	490.5874220433541
2.5132270000026864	490.58303377654363
2.5132280000026865	490.57869218971575
2.5132290000026867	490.5743974191439
2.513230000002687	490.570149605382
2.513231000002687	490.56594889307195
2.513232000002687	490.5617954309168
2.5132330000026872	490.5576893717097
2.5132340000026874	490.5536308722632
2.5132350000026875	490.54962009339357
2.5132360000026877	490.54565719981554
2.513237000002688	490.54174236010255
2.513238000002688	490.53787574667894
2.513239000002688	490.53405753574015
2.513240000002688	490.53028790719236
2.5132410000026884	490.526567044586
2.5132420000026885	490.52289513506565
2.5132430000026886	490.51927236918874
2.5132440000026888	490.5156989410524
2.513245000002689	490.51217504817976
2.513246000002689	490.50870089130734
2.513247000002689	490.5052766744122
2.5132480000026893	490.5019026045515
2.5132490000026895	490.4985788917815
2.5132500000026896	490.4953057491371
2.5132510000026898	490.4920833925054
2.51325200000269	490.48891204053047
2.51325300000269	490.485791914693
2.51325400000269	490.4827232388409
2.5132550000026903	490.4797062391461
2.5132560000026904	490.476741144334
2.5132570000026906	490.47382818533504
2.5132580000026907	490.47096758865126
2.513259000002691	490.4681595894128
2.513260000002691	490.4654044311073
2.513261000002691	490.46270235264893
2.5132620000026913	490.46005359458707
2.5132630000026914	490.4574583990552
2.5132640000026916	490.4549170096553
2.5132650000026917	490.45242967133936
2.513266000002692	490.4499966302916
2.513267000002692	490.4476181338096
2.513268000002692	490.445294430223
2.5132690000026923	490.44302576869023
2.5132700000026924	490.44081239920126
2.5132710000026925	490.4386545722927
2.5132720000026927	490.4365525389102
2.513273000002693	490.4345065505572
2.513274000002693	490.4325168589196
2.513275000002693	490.4305837156898
2.5132760000026932	490.42870737271045
2.5132770000026934	490.4268880817351
2.5132780000026935	490.425126094243
2.5132790000026937	490.42342166138616
2.513280000002694	490.42177503381936
2.513281000002694	490.4201864615825
2.513282000002694	490.4186561940103
2.5132830000026942	490.4171844797104
2.5132840000026944	490.41577156620673
2.5132850000026945	490.41441769985744
2.5132860000026946	490.4131231259437
2.513287000002695	490.4118880884106
2.513288000002695	490.41071282978925
2.513289000002695	490.4095975910531
2.513290000002695	490.40854261149286
2.5132910000026953	490.4075481286646
2.5132920000026955	490.4066143782503
2.5132930000026956	490.40574159394873
2.5132940000026958	490.40493000737325
2.513295000002696	490.40417984794664
2.513296000002696	490.4034913427917
2.513297000002696	490.4028647166333
2.5132980000026963	490.40230019169155
2.5132990000026965	490.40179798760494
2.5133000000026966	490.40135832132836
2.5133010000026967	490.40098140704094
2.513302000002697	490.40066745030833
2.513303000002697	490.40041666303387
2.513304000002697	490.4002292525512
2.5133050000026973	490.40010542134974
2.5133060000026974	490.4000453684858
2.5133070000026976	490.4000492896981
2.5133080000026977	490.4001173773721
2.513309000002698	490.40024982047004
2.513310000002698	490.40044680443117
2.513311000002698	490.40070851110136
2.5133120000026983	490.40103511880034
2.5133130000026984	490.40142680219867
2.5133140000026986	490.4018837321385
2.5133150000026987	490.40240607577147
2.513316000002699	490.40299399635353
2.513317000002699	490.4036476531508
2.513318000002699	490.4043672015579
2.5133190000026993	490.40515279298734
2.5133200000026994	490.4060045748142
2.5133210000026995	490.4069226903709
2.5133220000026997	490.4079072794271
2.5133230000027	490.40895847705883
2.5133240000027	490.4100764137915
2.5133250000027	490.4112612164111
2.5133260000027002	490.4125130075369
2.5133270000027004	490.41383189657375
2.5133280000027005	490.4152179976
2.5133290000027007	490.4166714296905
2.513330000002701	490.4181922984749
2.513331000002701	490.4197807053821
2.513332000002701	490.4214367475868
2.513333000002701	490.42316051800714
2.5133340000027014	490.42495210530313
2.5133350000027015	490.4268115938919
2.5133360000027016	490.4287390639887
2.5133370000027018	490.4307345915646
2.513338000002702	490.43279824834275
2.513339000002702	490.43493010186967
2.513340000002702	490.43713021552844
2.5133410000027023	490.4393986485559
2.5133420000027025	490.4417354560677
2.5133430000027026	490.4441406890864
2.5133440000027027	490.44661439457326
2.513345000002703	490.44915661546185
2.513346000002703	490.45176739069484
2.513347000002703	490.45444675526323
2.5133480000027033	490.457194740248
2.5133490000027034	490.46001141500074
2.5133500000027036	490.4628968008229
2.5133510000027037	490.46585087704887
2.513352000002704	490.46887365947504
2.513353000002704	490.4719651604256
2.513354000002704	490.47512538849804
2.5133550000027043	490.4783543487015
2.5133560000027044	490.4816520425841
2.5133570000027046	490.4850184682869
2.5133580000027047	490.4884536207083
2.513359000002705	490.49195749091336
2.513360000002705	490.49553006693225
2.513361000002705	490.49917133411856
2.5133620000027053	490.5028812745379
2.5133630000027054	490.5066598670523
2.5133640000027055	490.51050708740183
2.5133650000027057	490.51442290858535
2.513366000002706	490.5184073007993
2.513367000002706	490.5224602315042
2.513368000002706	490.52658166555443
2.5133690000027062	490.530771565153
2.5133700000027064	490.53502988993625
2.5133710000027065	490.5393565973311
2.5133720000027067	490.5437516424636
2.513373000002707	490.5482149778437
2.513374000002707	490.55274655373887
2.513375000002707	490.55734631852323
2.5133760000027072	490.5620142185527
2.5133770000027074	490.5667501982475
2.5133780000027075	490.5715542001769
2.5133790000027076	490.57642616514073
2.513380000002708	490.58136603225535
2.513381000002708	490.5863737390372
2.513382000002708	490.5914492214855
2.513383000002708	490.59659241410867
2.5133840000027083	490.6018032503014
2.5133850000027085	490.6070816620953
2.5133860000027086	490.61242758007324
2.5133870000027088	490.6178409339051
2.513388000002709	490.6233216522471
2.513389000002709	490.6288696631418
2.513390000002709	490.6344848934618
2.5133910000027093	490.6401672689996
2.5133920000027095	490.64591671516723
2.5133930000027096	490.65173315676515
2.5133940000027097	490.6576165180612
2.51339500000271	490.6635667228703
2.51339600000271	490.6695836946287
2.51339700000271	490.6756673564782
2.5133980000027103	490.68181763123397
2.5133990000027104	490.6880344416471
2.5134000000027106	490.6943177068903
2.5134010000027107	490.70066734934227
2.513402000002711	490.70708329587524
2.513403000002711	490.71356546912824
2.513404000002711	490.7201137921637
2.5134050000027113	490.7267281883754
2.5134060000027114	490.7334085814204
2.5134070000027116	490.7401548952454
2.5134080000027117	490.7469670543658
2.513409000002712	490.7538449838022
2.513410000002712	490.760788609132
2.513411000002712	490.76779785657953
2.5134120000027123	490.7748726530548
2.5134130000027124	490.78201292620787
2.5134140000027125	490.78921860443154
2.5134150000027127	490.79648961715293
2.513416000002713	490.8038258946024
2.513417000002713	490.81122736774824
2.513418000002713	490.8186939686879
2.5134190000027132	490.82622563054514
2.5134200000027134	490.83382228751026
2.5134210000027135	490.8414838748804
2.5134220000027137	490.8492103290971
2.513423000002714	490.8570015877813
2.513424000002714	490.86485758976755
2.513425000002714	490.87277827515624
2.513426000002714	490.8807635853038
2.5134270000027144	490.8888134628483
2.5134280000027145	490.8969278517372
2.5134290000027146	490.9051066973182
2.5134300000027148	490.9133499463457
2.513431000002715	490.92165754693673
2.513432000002715	490.9300294486559
2.513433000002715	490.93846560246516
2.5134340000027153	490.946965960742
2.5134350000027155	490.9555304773539
2.5134360000027156	490.9641591076403
2.5134370000027157	490.9728518084193
2.513438000002716	490.9816085379967
2.513439000002716	490.9904292561704
2.513440000002716	490.9993139241724
2.5134410000027163	491.00826250471033
2.5134420000027164	491.01727496214204
2.5134430000027166	491.0263512623364
2.5134440000027167	491.03549137258466
2.513445000002717	491.0446952616618
2.513446000002717	491.0539628998525
2.513447000002717	491.063294258725
2.5134480000027173	491.0726893114259
2.5134490000027174	491.0821480327588
2.5134500000027176	491.091670398812
2.5134510000027177	491.10125638709656
2.513452000002718	491.11090597653515
2.513453000002718	491.120619147442
2.513454000002718	491.1303958813258
2.5134550000027183	491.14023616122665
2.5134560000027184	491.15013997170735
2.5134570000027185	491.16010729846244
2.5134580000027187	491.1701381284625
2.513459000002719	491.18023244988206
2.513460000002719	491.1903902521946
2.513461000002719	491.20061152613965
2.5134620000027192	491.2108962635782
2.5134630000027194	491.2212444575228
2.5134640000027195	491.23165610210623
2.5134650000027197	491.2421311925505
2.51346600000272	491.2526697250768
2.51346700000272	491.2632716970608
2.51346800000272	491.27393710685146
2.51346900000272	491.2846659536252
2.5134700000027204	491.29545823750345
2.5134710000027205	491.30631395953964
2.5134720000027206	491.3172331216797
2.513473000002721	491.3282157266342
2.513474000002721	491.33926177788527
2.513475000002721	491.3503712796494
2.513476000002721	491.36154423683803
2.5134770000027213	491.37278065501533
2.5134780000027215	491.3840805403642
2.5134790000027216	491.395443899646
2.5134800000027218	491.4068707401564
2.513481000002722	491.41836106968606
2.513482000002722	491.42991489648136
2.513483000002722	491.4415322290179
2.5134840000027223	491.4532130763236
2.5134850000027225	491.46495744795413
2.5134860000027226	491.4767653536196
2.5134870000027227	491.4886368032193
2.513488000002723	491.5005718068065
2.513489000002723	491.512570374695
2.513490000002723	491.52463251729495
2.5134910000027233	491.5367582450769
2.5134920000027234	491.54894756858084
2.5134930000027236	491.56120049837546
2.5134940000027237	491.5735170449692
2.513495000002724	491.58589721877263
2.513496000002724	491.59834103010445
2.513497000002724	491.6108484891294
2.5134980000027243	491.62341960586883
2.5134990000027244	491.6360543900639
2.5135000000027246	491.6487528511274
2.5135010000027247	491.66151499822905
2.513502000002725	491.6743408401905
2.513503000002725	491.6872303853056
2.513504000002725	491.70018364159057
2.5135050000027253	491.71320061677136
2.5135060000027254	491.7262813179282
2.5135070000027255	491.7394257516312
2.5135080000027257	491.75263392389445
2.513509000002726	491.7659058401141
2.513510000002726	491.7792415050889
2.513511000002726	491.7926409231686
2.5135120000027262	491.80610409781355
2.5135130000027264	491.81963103156284
2.5135140000027265	491.83322172641795
2.5135150000027267	491.8468761836064
2.513516000002727	491.8605944035549
2.513517000002727	491.87437638586135
2.513518000002727	491.8882221292677
2.513519000002727	491.9021316316225
2.5135200000027274	491.91610488987834
2.5135210000027275	491.9301419001763
2.5135220000027276	491.9442426575772
2.5135230000027278	491.95840715611814
2.513524000002728	491.97263538888376
2.513525000002728	491.98692734790706
2.513526000002728	492.00128302420507
2.5135270000027283	492.01570240770076
2.5135280000027285	492.0301854872029
2.5135290000027286	492.04473225048326
2.5135300000027287	492.0593426842499
2.513531000002729	492.0740167740199
2.513532000002729	492.08875450415866
2.513533000002729	492.10355585758725
2.5135340000027293	492.11842081633154
2.5135350000027294	492.13334936146265
2.5135360000027296	492.14834147259495
2.5135370000027297	492.16339712811714
2.51353800000273	492.1785163051836
2.51353900000273	492.1936989797049
2.51354000000273	492.2089451261369
2.5135410000027303	492.2242547178763
2.5135420000027304	492.2396277272229
2.5135430000027306	492.2550641250145
2.5135440000027307	492.27056388069707
2.513545000002731	492.28612696237644
2.513546000002731	492.3017533370871
2.513547000002731	492.3174429705888
2.5135480000027313	492.3331958271936
2.5135490000027314	492.3490118698902
2.5135500000027315	492.3648910603407
2.5135510000027317	492.3808333588778
2.513552000002732	492.39683872441833
2.513553000002732	492.4129071146225
2.513554000002732	492.4290384858903
2.5135550000027322	492.44523279320094
2.5135560000027324	492.4614899901186
2.5135570000027325	492.47781002893385
2.5135580000027327	492.4941928606628
2.513559000002733	492.51063843490397
2.513560000002733	492.52714669990894
2.513561000002733	492.5437176025818
2.513562000002733	492.5603510884324
2.5135630000027334	492.5770471016747
2.5135640000027335	492.5938055852244
2.5135650000027336	492.61062648076717
2.513566000002734	492.62750972848005
2.513567000002734	492.64445526705003
2.513568000002734	492.6614630338524
2.513569000002734	492.6785329650592
2.5135700000027343	492.6956649956161
2.5135710000027345	492.712859058893
2.5135720000027346	492.7301150870647
2.5135730000027348	492.74743301110016
2.513574000002735	492.7648127605196
2.513575000002735	492.78225426352157
2.513576000002735	492.79975744698567
2.5135770000027353	492.8173222364771
2.5135780000027355	492.8349485562472
2.5135790000027356	492.85263632923954
2.5135800000027357	492.8703854770911
2.513581000002736	492.88819592013687
2.513582000002736	492.9060675774118
2.513583000002736	492.9240003666532
2.5135840000027363	492.94199420430607
2.5135850000027364	492.9600490055241
2.5135860000027366	492.97816468417506
2.5135870000027367	492.99634115284124
2.513588000002737	493.0145783228246
2.513589000002737	493.03287610407676
2.513590000002737	493.05123440534874
2.5135910000027373	493.0696531342763
2.5135920000027374	493.0881321970617
2.5135930000027376	493.1066714983716
2.5135940000027377	493.12527094199817
2.513595000002738	493.1439304302058
2.513596000002738	493.16264986405304
2.513597000002738	493.18142914373414
2.5135980000027383	493.2002681678593
2.5135990000027384	493.2191668338202
2.5136000000027385	493.23812503778345
2.5136010000027387	493.2571426745761
2.513602000002739	493.27621963784554
2.513603000002739	493.295355820137
2.513604000002739	493.31455111260584
2.5136050000027392	493.3338054050319
2.5136060000027394	493.35311858609253
2.5136070000027395	493.37249054326475
2.5136080000027397	493.391921162751
2.51360900000274	493.4114103295177
2.51361000000274	493.43095792729895
2.51361100000274	493.4505638385894
2.51361200000274	493.47022794466363
2.5136130000027403	493.48995012557174
2.5136140000027405	493.50973026013213
2.5136150000027406	493.5295682259366
2.5136160000027408	493.54946389935384
2.513617000002741	493.5694171555114
2.513618000002741	493.5894278683546
2.513619000002741	493.60949591061257
2.5136200000027413	493.6296211537516
2.5136210000027415	493.64980346789025
2.5136220000027416	493.67004272209977
2.5136230000027417	493.6903387843732
2.513624000002742	493.710691521074
2.513625000002742	493.73110079760255
2.513626000002742	493.75156647843323
2.5136270000027423	493.7720884266495
2.5136280000027424	493.7926665040787
2.5136290000027426	493.81330057135136
2.5136300000027427	493.83399048790585
2.513631000002743	493.85473611198955
2.513632000002743	493.8755373006648
2.513633000002743	493.8963939097224
2.5136340000027433	493.91730579401474
2.5136350000027434	493.93827280714794
2.5136360000027436	493.9592948013471
2.5136370000027437	493.9803716278033
2.513638000002744	494.00150313655405
2.513639000002744	494.02268917648485
2.513640000002744	494.04392959533374
2.5136410000027443	494.06522423960917
2.5136420000027444	494.0865729547803
2.5136430000027445	494.1079755851757
2.5136440000027447	494.12943197402427
2.513645000002745	494.1509419635185
2.513646000002745	494.17250539467005
2.513647000002745	494.1941221070254
2.5136480000027452	494.2157919394369
2.5136490000027454	494.23751473000544
2.5136500000027455	494.25929031543444
2.5136510000027457	494.281118531348
2.513652000002746	494.30299921235417
2.513653000002746	494.324932192038
2.513654000002746	494.34691730295793
2.513655000002746	494.3689543766672
2.5136560000027464	494.3910432437288
2.5136570000027465	494.41318373372934
2.5136580000027466	494.43537567529467
2.513659000002747	494.4576188961041
2.513660000002747	494.4799132229056
2.513661000002747	494.5022584815337
2.513662000002747	494.52465449692403
2.5136630000027473	494.54710109312043
2.5136640000027475	494.5695980930387
2.5136650000027476	494.5921453190276
2.5136660000027478	494.61474259286194
2.513667000002748	494.6373897353046
2.513668000002748	494.66008656629396
2.513669000002748	494.68283290500244
2.5136700000027483	494.7056285687584
2.5136710000027485	494.72847337515265
2.5136720000027486	494.7513671422192
2.5136730000027487	494.7743096864898
2.513674000002749	494.7973008236454
2.513675000002749	494.8203403687476
2.513676000002749	494.8434281362556
2.5136770000027493	494.8665639399231
2.5136780000027494	494.8897475930852
2.5136790000027496	494.912978908508
2.5136800000027497	494.93625769850985
2.51368100000275	494.95958377508083
2.51368200000275	494.98295694914435
2.51368300000275	495.0063770316976
2.5136840000027503	495.02984383378606
2.5136850000027504	495.05335716565145
2.5136860000027506	495.0769168372019
2.5136870000027507	495.1005226580469
2.513688000002751	495.12417443752804
2.513689000002751	495.1478719847488
2.513690000002751	495.1716151086056
2.5136910000027513	495.19540361781856
2.5136920000027514	495.2192373209635
2.5136930000027515	495.2431160265037
2.5136940000027517	495.2670395428207
2.513695000002752	495.29100767824724
2.513696000002752	495.31502024109795
2.513697000002752	495.33907703970334
2.5136980000027522	495.36317788244156
2.5136990000027524	495.38732257759256
2.5137000000027525	495.41151093373696
2.5137010000027527	495.43574275975755
2.513702000002753	495.4600178645524
2.513703000002753	495.48433603615655
2.513704000002753	495.50869708315184
2.513705000002753	495.5331008368643
2.5137060000027533	495.5575471070255
2.5137070000027535	495.5820357038655
2.5137080000027536	495.60656643802076
2.5137090000027538	495.6311391206138
2.513710000002754	495.655753563325
2.513711000002754	495.68040957812343
2.513712000002754	495.705106977248
2.5137130000027543	495.72984557352515
2.5137140000027545	495.75462518030844
2.5137150000027546	495.7794456116698
2.5137160000027547	495.8043066824453
2.513717000002755	495.8292082081336
2.513718000002755	495.8541500046685
2.513719000002755	495.8791318888276
2.5137200000027553	495.90415367819236
2.5137210000027554	495.9292151910105
2.5137220000027556	495.95431624636217
2.5137230000027557	495.9794566641386
2.513724000002756	496.0046362650389
2.513725000002756	496.02985487060374
2.513726000002756	496.0551123032916
2.5137270000027563	496.0804083864888
2.5137280000027564	496.1057429444346
2.5137290000027566	496.13111580231856
2.5137300000027567	496.1565267863449
2.513731000002757	496.18197572368155
2.513732000002757	496.2074624425029
2.513733000002757	496.2329867720011
2.5137340000027573	496.2585485424801
2.5137350000027574	496.2841475852104
2.5137360000027575	496.3097837256045
2.5137370000027577	496.3354567953983
2.513738000002758	496.36116663828767
2.513739000002758	496.3869130897563
2.513740000002758	496.4126959865747
2.5137410000027582	496.4385151665555
2.5137420000027584	496.4643704686302
2.5137430000027585	496.4902617328552
2.5137440000027587	496.5161888004005
2.513745000002759	496.54215151358676
2.513746000002759	496.5681497158762
2.513747000002759	496.59418325185214
2.513748000002759	496.6202519672468
2.5137490000027594	496.64635570890187
2.5137500000027595	496.6724943247738
2.5137510000027596	496.6986676639526
2.51375200000276	496.72487557664175
2.51375300000276	496.7511179141227
2.51375400000276	496.77739452878313
2.51375500000276	496.80370527414345
2.5137560000027603	496.8300500046394
2.5137570000027605	496.8564285758973
2.5137580000027606	496.8828408447494
2.5137590000027608	496.9092866687218
2.513760000002761	496.9357659064755
2.513761000002761	496.96227841793626
2.513762000002761	496.9888240639267
2.5137630000027613	497.0154027060019
2.5137640000027615	497.0420142065395
2.5137650000027616	497.06865842896053
2.5137660000027617	497.09533523751924
2.513767000002762	497.12204449735117
2.513768000002762	497.1487860744028
2.513769000002762	497.1755598354022
2.5137700000027623	497.20236564775087
2.5137710000027624	497.2292033796457
2.5137720000027626	497.25607290003177
2.5137730000027627	497.28297407842945
2.513774000002763	497.30990678511995
2.513775000002763	497.3368708907904
2.513776000002763	497.36386626653723
2.5137770000027633	497.3908927840756
2.5137780000027634	497.41795031553926
2.5137790000027636	497.4450387334945
2.5137800000027637	497.4721579108973
2.513781000002764	497.499307720986
2.513782000002764	497.5264880372623
2.513783000002764	497.5536987334488
2.5137840000027643	497.5809396835019
2.5137850000027644	497.60821076143344
2.5137860000027645	497.6355118412672
2.5137870000027647	497.6628427971034
2.513788000002765	497.69020350300787
2.513789000002765	497.7175938329592
2.513790000002765	497.7450136607941
2.5137910000027652	497.7724628601678
2.5137920000027654	497.7999413044697
2.5137930000027655	497.8274488667711
2.5137940000027656	497.8549854197926
2.513795000002766	497.8825508358163
2.513796000002766	497.910144986668
2.513797000002766	497.93776774364034
2.513798000002766	497.9654189774279
2.5137990000027663	497.9930985580852
2.5138000000027665	498.02080635494514
2.5138010000027666	498.048542236568
2.5138020000027668	498.0763060706431
2.513803000002767	498.10409772401465
2.513804000002767	498.1319170626193
2.513805000002767	498.1597639513471
2.5138060000027673	498.18763825402056
2.5138070000027675	498.2155398333369
2.5138080000027676	498.24346855080984
2.5138090000027677	498.27142426670895
2.513810000002768	498.2994068400023
2.513811000002768	498.32741612829784
2.513812000002768	498.3554519877868
2.5138130000027683	498.38351427318497
2.5138140000027684	498.4116028376763
2.5138150000027686	498.43971753285757
2.5138160000027687	498.46785820868286
2.513817000002769	498.49602471340694
2.513818000002769	498.52421689353326
2.513819000002769	498.55243459369956
2.5138200000027693	498.5806776567474
2.5138210000027694	498.60894592366424
2.5138220000027696	498.63723923341274
2.5138230000027697	498.66555742296316
2.51382400000277	498.6939003272331
2.51382500000277	498.72226777901
2.51382600000277	498.75065960894165
2.5138270000027703	498.77907564549366
2.5138280000027704	498.8075157148818
2.5138290000027705	498.8359796410226
2.5138300000027707	498.864467245527
2.513831000002771	498.8929783474843
2.513832000002771	498.92151276375256
2.513833000002771	498.95007030889786
2.5138340000027712	498.9786507948683
2.5138350000027714	499.0072540311065
2.5138360000027715	499.03587982452245
2.5138370000027717	499.06452797924294
2.513838000002772	499.09319829703526
2.513839000002772	499.1218905771854
2.513840000002772	499.1506046162149
2.513841000002772	499.1793402078211
2.5138420000027724	499.20809714313447
2.5138430000027725	499.2368752107964
2.5138440000027726	499.26567419650695
2.513845000002773	499.2944938832684
2.513846000002773	499.3233340513902
2.513847000002773	499.35219447837585
2.513848000002773	499.3810749389461
2.5138490000027733	499.40997520507494
2.5138500000027735	499.4388950459635
2.5138510000027736	499.4678342280391
2.5138520000027738	499.49679251495843
2.513853000002774	499.52576966760876
2.513854000002774	499.554765444114
2.513855000002774	499.58377959986376
2.5138560000027743	499.6128118874767
2.5138570000027745	499.6418620568186
2.5138580000027746	499.6709298550544
2.5138590000027747	499.7000150266452
2.513860000002775	499.72911731336757
2.513861000002775	499.75823645433235
2.513862000002775	499.78737218601157
2.5138630000027753	499.81652424226047
2.5138640000027754	499.8456923543477
2.5138650000027756	499.87487625098504
2.5138660000027757	499.9040756583593
2.513867000002776	499.9332903001675
2.513868000002776	499.962519897653
2.513869000002776	499.99176416964576
2.5138700000027763	500.0210228325934
2.5138710000027764	500.0502956006088
2.5138720000027766	500.0795821855439
2.5138730000027767	500.10888229702437
2.513874000002777	500.13819564247194
2.513875000002777	500.1675219271751
2.513876000002777	500.19686085434097
2.5138770000027773	500.22621212515384
2.5138780000027774	500.25557543883025
2.5138790000027775	500.2849504926811
2.5138800000027777	500.3143369821716
2.513881000002778	500.34373460101693
2.513882000002778	500.3731430411844
2.513883000002778	500.4025619930051
2.5138840000027782	500.4319911452195
2.5138850000027784	500.46143018490125
2.5138860000027785	500.49087879785685
2.5138870000027786	500.52033666857284
2.513888000002779	500.5498034801879
2.513889000002779	500.5792789147092
2.513890000002779	500.60876265297725
2.513891000002779	500.6382543746996
2.5138920000027793	500.6677537586117
2.5138930000027795	500.69726048261106
2.5138940000027796	500.7267742237731
2.5138950000027798	500.7562946584797
2.51389600000278	500.7858214624443
2.51389700000278	500.81535431079885
2.51389800000278	500.84489287824124
2.5138990000027803	500.8744368390918
2.5139000000027805	500.9039858673846
2.5139010000027806	500.93353963695375
2.5139020000027807	500.96309782152605
2.513903000002781	500.99266009530214
2.513904000002781	501.0222261320654
2.513905000002781	501.05179560529496
2.5139060000027813	501.081368189165
2.5139070000027814	501.1109435582296
2.5139080000027816	501.1405213874834
2.5139090000027817	501.170101352455
2.513910000002782	501.1996831293298
2.513911000002782	501.22926639497905
2.513912000002782	501.25885082705713
2.5139130000027823	501.28843610414907
2.5139140000027824	501.3180219058351
2.5139150000027826	501.34760791156947
2.5139160000027827	501.37719380376933
2.513917000002783	501.40677926683003
2.513918000002783	501.4363639847182
2.513919000002783	501.46594764318377
2.5139200000027833	501.49552992966903
2.5139210000027834	501.52511053324076
2.5139220000027835	501.55468914470316
2.5139230000027837	501.5842654566229
2.513924000002784	501.6138391634181
2.513925000002784	501.6434099614971
2.513926000002784	501.6729775493171
2.5139270000027842	501.7025416274786
2.5139280000027844	501.7321018988546
2.5139290000027845	501.7616580684654
2.5139300000027847	501.7912098435355
2.513931000002785	501.82075693389964
2.513932000002785	501.8502990520198
2.513933000002785	501.8798359128438
2.513934000002785	501.90936723393565
2.5139350000027854	501.9388927355961
2.5139360000027855	501.96841214094803
2.5139370000027856	501.9979251757287
2.5139380000027858	502.0274315687922
2.513939000002786	502.0569310521397
2.513940000002786	502.08642336060797
2.513941000002786	502.1159082424573
2.5139420000027863	502.14538543992904
2.5139430000027865	502.17485468600114
2.5139440000027866	502.2043157282664
2.5139450000027868	502.2337683175794
2.513946000002787	502.2632122080223
2.513947000002787	502.29264715685315
2.513948000002787	502.32207292494246
2.5139490000027873	502.3514892767196
2.5139500000027875	502.3808959799797
2.5139510000027876	502.41029280609746
2.5139520000027877	502.43967952991454
2.513953000002788	502.46905592991965
2.513954000002788	502.49842178798747
2.513955000002788	502.5277768895994
2.5139560000027883	502.55712102409495
2.5139570000027884	502.5864539843559
2.5139580000027886	502.6157755669692
2.5139590000027887	502.645085581353
2.513960000002789	502.6743838303001
2.513961000002789	502.7036701131259
2.513962000002789	502.73294424099043
2.5139630000027893	502.7622060288177
2.5139640000027894	502.7914552951595
2.5139650000027896	502.8206918622168
2.5139660000027897	502.8499155558532
2.51396700000279	502.8791262055692
2.51396800000279	502.9083236444848
2.51396900000279	502.937507709321
2.5139700000027903	502.96667824039866
2.5139710000027904	502.99583508156536
2.5139720000027905	503.0249780801855
2.5139730000027907	503.05410708718233
2.513974000002791	503.0832219568627
2.513975000002791	503.1123225469526
2.513976000002791	503.14140871862816
2.5139770000027912	503.1704803363859
2.5139780000027914	503.19953726802737
2.5139790000027915	503.22857938463096
2.5139800000027916	503.257606560461
2.513981000002792	503.2866186729304
2.513982000002792	503.31561560255716
2.513983000002792	503.34459723297147
2.513984000002792	503.37356345071487
2.5139850000027923	503.40251414518184
2.5139860000027925	503.43144920873397
2.5139870000027926	503.4603685410186
2.5139880000027928	503.4892720390457
2.513989000002793	503.51815959981207
2.513990000002793	503.54703112633393
2.513991000002793	503.5758865242008
2.5139920000027933	503.60472570144424
2.5139930000027935	503.63354856847576
2.5139940000027936	503.66235503794945
2.5139950000027937	503.6911450246909
2.513996000002794	503.71991844565275
2.513997000002794	503.7486752198255
2.513998000002794	503.77741526811815
2.5139990000027943	503.8061385135013
2.5140000000027944	503.8348448805146
2.5140010000027946	503.8635342950726
2.5140020000027947	503.89220668492584
2.514003000002795	503.92086197929854
2.514004000002795	503.94950010880285
2.514005000002795	503.97812100538016
2.5140060000027953	504.00672460212036
2.5140070000027954	504.0353108331709
2.5140080000027956	504.06387963382076
2.5140090000027957	504.0924309401991
2.514010000002796	504.12096468908584
2.514011000002796	504.1494808180642
2.514012000002796	504.1779792653123
2.5140130000027963	504.20645996938754
2.5140140000027964	504.234922869342
2.5140150000027965	504.26336790468736
2.5140160000027967	504.2917950150521
2.514017000002797	504.3202041400638
2.514018000002797	504.3485952193662
2.514019000002797	504.3769681924896
2.5140200000027972	504.4053229988301
2.5140210000027974	504.43365957739366
2.5140220000027975	504.4619778668127
2.5140230000027977	504.4902778052638
2.514024000002798	504.5185593303198
2.514025000002798	504.54682237883287
2.514026000002798	504.5750668868892
2.514027000002798	504.6032927896628
2.5140280000027984	504.6315000213121
2.5140290000027985	504.65968851496456
2.5140300000027986	504.68785820256863
2.5140310000027988	504.71600897524496
2.514032000002799	504.7441407646496
2.514033000002799	504.7722535349966
2.514034000002799	504.80034721304247
2.5140350000027993	504.8284217237518
2.5140360000027995	504.85647699025384
2.5140370000027996	504.8845129339093
2.5140380000027998	504.9125294742296
2.5140390000028	504.940526528856
2.5140400000028	504.96850401340157
2.5140410000028	504.9964618413082
2.5140420000028003	505.0243999239171
2.5140430000028005	505.0523181703311
2.5140440000028006	505.08021648738105
2.5140450000028007	505.1080947795915
2.514046000002801	505.13595294904655
2.514047000002801	505.16379089541346
2.514048000002801	505.19160851568773
2.5140490000028013	505.21940570430564
2.5140500000028014	505.24718235319267
2.5140510000028016	505.2749383510234
2.5140520000028017	505.30267358478056
2.514053000002802	505.33038793807106
2.514054000002802	505.3580812912629
2.514055000002802	505.3857535227356
2.5140560000028023	505.41340450747686
2.5140570000028024	505.44103411763314
2.5140580000028026	505.4686422223408
2.5140590000028027	505.4962286877552
2.514060000002803	505.5237933770198
2.514061000002803	505.5513361502339
2.514062000002803	505.57885686449276
2.5140630000028032	505.60635537375833
2.5140640000028034	505.6338315288138
2.5140650000028035	505.6612851774405
2.5140660000028037	505.6887161644128
2.514067000002804	505.71612433130014
2.514068000002804	505.7435095165087
2.514069000002804	505.7708715553959
2.5140700000028042	505.79821028015846
2.5140710000028044	505.82552551995366
2.5140720000028045	505.85281710090896
2.5140730000028046	505.8800848461067
2.514074000002805	505.90732857550034
2.514075000002805	505.9345481059713
2.514076000002805	505.9617432514383
2.514077000002805	505.9889138228187
2.5140780000028053	506.01605962809947
2.5140790000028055	506.0431804723851
2.5140800000028056	506.07027615789065
2.5140810000028058	506.097346483925
2.514082000002806	506.1243912470283
2.514083000002806	506.1514102409753
2.514084000002806	506.17840325679725
2.5140850000028063	506.20537008291376
2.5140860000028065	506.2323105051427
2.5140870000028066	506.2592243067293
2.5140880000028067	506.2861112726699
2.514089000002807	506.31297120058787
2.514090000002807	506.3398038371481
2.514091000002807	506.3666089630766
2.5140920000028073	506.39338637011406
2.5140930000028074	506.420135805562
2.5140940000028076	506.4468570363163
2.5140950000028077	506.4735498273436
2.514096000002808	506.500213941746
2.514097000002808	506.5268491406559
2.514098000002808	506.5534551833932
2.5140990000028083	506.5800318275589
2.5141000000028084	506.6065788291232
2.5141010000028086	506.6330959424999
2.5141020000028087	506.65958292063567
2.514103000002809	506.6860395150973
2.514104000002809	506.71246547616255
2.514105000002809	506.73886055291285
2.5141060000028093	506.7652244933247
2.5141070000028094	506.7915570443654
2.5141080000028095	506.81785795210396
2.5141090000028097	506.84412696177645
2.51411000000281	506.8703638179226
2.51411100000281	506.89656826443905
2.51411200000281	506.92274004467436
2.5141130000028102	506.9488789015798
2.5141140000028104	506.9749845777582
2.5141150000028105	507.00105681561973
2.5141160000028107	507.02709535745777
2.514117000002811	507.0530999455511
2.514118000002811	507.079070322293
2.514119000002811	507.10500623019846
2.514120000002811	507.13090741211556
2.5141210000028114	507.15677361130616
2.5141220000028115	507.1826045715375
2.5141230000028116	507.2084000371832
2.5141240000028118	507.2341597533169
2.514125000002812	507.25988346582386
2.514126000002812	507.2855709215046
2.514127000002812	507.31122186817447
2.5141280000028123	507.3368360547722
2.5141290000028125	507.36241323146555
2.5141300000028126	507.3879531497289
2.5141310000028128	507.4134555624499
2.514132000002813	507.4389202240416
2.514133000002813	507.464346890535
2.514134000002813	507.4897353196737
2.5141350000028133	507.51508527100833
2.5141360000028135	507.54039650599367
2.5141370000028136	507.565668788079
2.5141380000028137	507.5909018828008
2.514139000002814	507.6160955578727
2.514140000002814	507.64124958327466
2.514141000002814	507.66636373135736
2.5141420000028143	507.69143777689106
2.5141430000028144	507.7164714971524
2.5141440000028146	507.7414646720385
2.5141450000028147	507.7664170841296
2.514146000002815	507.7913285187697
2.514147000002815	507.8161987641379
2.514148000002815	507.8410276113272
2.5141490000028153	507.86581485441303
2.5141500000028154	507.8905602905241
2.5141510000028156	507.9152637199359
2.5141520000028157	507.9399249460814
2.514153000002816	507.9645437756187
2.514154000002816	507.9891200185384
2.514155000002816	508.0136534881978
2.5141560000028162	508.0381440013749
2.5141570000028164	508.0625913783225
2.5141580000028165	508.0869954428168
2.5141590000028167	508.11135602220656
2.514160000002817	508.1356729474572
2.514161000002817	508.1599460531924
2.514162000002817	508.1841751777336
2.5141630000028172	508.20836016310693
2.5141640000028174	508.2325008551491
2.5141650000028175	508.25659710350624
2.5141660000028176	508.28064876163216
2.514167000002818	508.30465568683417
2.514168000002818	508.3286177402952
2.514169000002818	508.3525347870948
2.514170000002818	508.3764066962242
2.5141710000028183	508.4002333406017
2.5141720000028185	508.4240145970817
2.5141730000028186	508.4477503464647
2.5141740000028188	508.47144047350133
2.514175000002819	508.49508486689535
2.514176000002819	508.51868341930117
2.514177000002819	508.5422360273234
2.5141780000028193	508.5657425914704
2.5141790000028195	508.58920301623465
2.5141800000028196	508.6126172100333
2.5141810000028197	508.6359850851741
2.51418200000282	508.65930655785013
2.51418300000282	508.68258154811537
2.51418400000282	508.705809979871
2.5141850000028203	508.72899178083486
2.5141860000028204	508.75212688251327
2.5141870000028206	508.77521522016866
2.5141880000028207	508.79825673278486
2.514189000002821	508.82125136303233
2.514190000002821	508.8441990572263
2.514191000002821	508.86709976528624
2.5141920000028213	508.8899534406904
2.5141930000028214	508.9127600404294
2.5141940000028216	508.93551952495693
2.5141950000028217	508.95823185813754
2.514196000002822	508.98089700719265
2.514197000002822	509.0035149426442
2.514198000002822	509.02608563825635
2.5141990000028223	509.0486090709751
2.5142000000028224	509.07108522086503
2.5142010000028225	509.09351407104435
2.5142020000028227	509.1158956076181
2.514203000002823	509.13822981961084
2.514204000002823	509.16051669889424
2.514205000002823	509.1827562401163
2.5142060000028232	509.2049484406262
2.5142070000028234	509.2270933003574
2.5142080000028235	509.24919082183453
2.5142090000028237	509.2712410100933
2.514210000002824	509.29324387251916
2.514211000002824	509.31519941880606
2.514212000002824	509.3371076608739
2.514213000002824	509.3589686127849
2.5142140000028244	509.3807822907048
2.5142150000028245	509.40254871272106
2.5142160000028246	509.42426789876436
2.5142170000028248	509.4459398706036
2.514218000002825	509.467564651717
2.514219000002825	509.48914226719785
2.514220000002825	509.5106727436678
2.5142210000028253	509.53215610918477
2.5142220000028255	509.5535923931516
2.5142230000028256	509.57498162622494
2.5142240000028258	509.59632384022376
2.514225000002826	509.6176190680354
2.514226000002826	509.6388673435238
2.514227000002826	509.66006870143764
2.5142280000028263	509.68122317731644
2.5142290000028265	509.70233080739854
2.5142300000028266	509.72339162852927
2.5142310000028267	509.744405678164
2.514232000002827	509.76537299408477
2.514233000002827	509.78629361430785
2.514234000002827	509.8071675771857
2.5142350000028273	509.8279949211971
2.5142360000028274	509.8487756849004
2.5142370000028276	509.8695099068503
2.5142380000028277	509.8901976254566
2.514239000002828	509.91083887892455
2.514240000002828	509.93143370516395
2.514241000002828	509.9519821417065
2.5142420000028283	509.9724842256019
2.5142430000028284	509.9929399933681
2.5142440000028285	510.0133494809116
2.5142450000028287	510.0337127234081
2.514246000002829	510.0540297552409
2.514247000002829	510.07430060992283
2.514248000002829	510.0945253200177
2.5142490000028292	510.11470391706507
2.5142500000028294	510.13483643150624
2.5142510000028295	510.15492289261033
2.5142520000028297	510.1749633283088
2.51425300000283	510.1949577653185
2.51425400000283	510.2149062290675
2.51425500000283	510.2348087434468
2.5142560000028302	510.25466533083676
2.5142570000028304	510.27447601204665
2.5142580000028305	510.2942408062513
2.5142590000028306	510.3139597309354
2.514260000002831	510.33363280077816
2.514261000002831	510.35326002838804
2.514262000002831	510.37284142827673
2.514263000002831	510.39237701050985
2.5142640000028313	510.4118667833417
2.5142650000028315	510.43131075301784
2.5142660000028316	510.4507089237449
2.5142670000028318	510.4700612976486
2.514268000002832	510.4893678745567
2.514269000002832	510.50862865252486
2.514270000002832	510.5278436273409
2.5142710000028323	510.54701279229977
2.5142720000028325	510.56613613859247
2.5142730000028326	510.5852136551311
2.5142740000028327	510.60424532852517
2.514275000002833	510.6232311430579
2.514276000002833	510.6421710806668
2.514277000002833	510.66106512092836
2.5142780000028333	510.67991324103815
2.5142790000028334	510.6987154157973
2.5142800000028336	510.7174716176065
2.5142810000028337	510.736181816333
2.514282000002834	510.75484597954585
2.514283000002834	510.773464072529
2.514284000002834	510.79203605801405
2.5142850000028343	510.81056189631295
2.5142860000028344	510.8290415453209
2.5142870000028346	510.847474960522
2.5142880000028347	510.8658620949984
2.514289000002835	510.884202899439
2.514290000002835	510.9024973221531
2.514291000002835	510.9207453090852
2.5142920000028353	510.93894680383124
2.5142930000028354	510.95710174765804
2.5142940000028355	510.9752100795438
2.5142950000028357	510.9932717361645
2.514296000002836	511.01128665191607
2.514297000002836	511.0292547589824
2.514298000002836	511.0471759873453
2.5142990000028362	511.0650502648176
2.5143000000028364	511.0828775170721
2.5143010000028365	511.1006576676808
2.5143020000028367	511.1183906381498
2.514303000002837	511.13607634795926
2.514304000002837	511.1537147146027
2.514305000002837	511.17130565362976
2.514306000002837	511.18884907869074
2.5143070000028374	511.2063449015804
2.5143080000028375	511.22379303228655
2.5143090000028376	511.2411933790372
2.5143100000028378	511.2585458480418
2.514311000002838	511.27585034416524
2.514312000002838	511.29310677096504
2.514313000002838	511.3103150301466
2.5143140000028383	511.3274750219155
2.5143150000028385	511.34458664503774
2.5143160000028386	511.3616497968952
2.5143170000028388	511.3786643735456
2.514318000002839	511.3956302697796
2.514319000002839	511.41254737918297
2.514320000002839	511.4294155941968
2.5143210000028393	511.4462348061792
2.5143220000028395	511.4630049054681
2.5143230000028396	511.47972578144424
2.5143240000028397	511.4963973226212
2.51432500000284	511.5130194166583
2.51432600000284	511.52959195042416
2.51432700000284	511.5461148101156
2.5143280000028403	511.56258788129577
2.5143290000028404	511.5790110489602
2.5143300000028406	511.5953841976044
2.5143310000028407	511.6117072112889
2.514332000002841	511.6279799737059
2.514333000002841	511.64420236824634
2.514334000002841	511.66037427806543
2.5143350000028413	511.67649558614943
2.5143360000028414	511.6925661753829
2.5143370000028415	511.7085859286135
2.5143380000028417	511.7245547287184
2.514339000002842	511.74047245866933
2.514340000002842	511.75633900159875
2.514341000002842	511.7721542408637
2.5143420000028422	511.78791806011014
2.5143430000028424	511.8036303433371
2.5143440000028425	511.81929097495964
2.5143450000028427	511.83489983987084
2.514346000002843	511.8504568235046
2.514347000002843	511.86596181189515
2.514348000002843	511.8814146917396
2.5143490000028432	511.8968153504554
2.5143500000028434	511.9121636762392
2.5143510000028435	511.9274595581251
2.5143520000028436	511.94270288604054
2.514353000002844	511.9578935508621
2.514354000002844	511.97303144447085
2.514355000002844	511.98811645980356
2.514356000002844	512.0031484907198
2.5143570000028443	512.0181274324683
2.5143580000028445	512.0330531815999
2.5143590000028446	512.047925635801
2.5143600000028448	512.062744694051
2.514361000002845	512.0775102566832
2.514362000002845	512.0922222254258
2.514363000002845	512.1068805034452
2.5143640000028453	512.1214849953898
2.5143650000028455	512.1360356074277
2.5143660000028456	512.1505322472874
2.5143670000028457	512.1649748242926
2.514368000002846	512.1793632494001
2.514369000002846	512.193697435233
2.514370000002846	512.2079772961122
2.5143710000028463	512.2222027480891
2.5143720000028464	512.2363737089737
2.5143730000028466	512.2504900983624
2.5143740000028467	512.2645518376646
2.514375000002847	512.278558850125
2.514376000002847	512.2925110608501
2.514377000002847	512.3064083968253
2.5143780000028473	512.3202507869368
2.5143790000028474	512.3340381619877
2.5143800000028476	512.347770454715
2.5143810000028477	512.3614475998037
2.514382000002848	512.3750695338988
2.514383000002848	512.3886361956163
2.514384000002848	512.4021475255532
2.5143850000028483	512.4156034662947
2.5143860000028484	512.4290039624192
2.5143870000028485	512.4423489605039
2.5143880000028487	512.4556384091253
2.514389000002849	512.4688722588098
2.514390000002849	512.4820504621359
2.514391000002849	512.4951729737352
2.5143920000028492	512.5082397501795
2.5143930000028494	512.5212507500291
2.5143940000028495	512.5342059338252
2.5143950000028497	512.5471052640826
2.51439600000285	512.5599487052768
2.51439700000285	512.5727362238349
2.51439800000285	512.585467788121
2.51439900000285	512.5981433684209
2.5144000000028504	512.6107629369266
2.5144010000028505	512.6233264678478
2.5144020000028506	512.6358339371392
2.5144030000028508	512.6482853224632
2.514404000002851	512.6606806034451
2.514405000002851	512.6730197615148
2.514406000002851	512.6853027798792
2.5144070000028513	512.6975296435007
2.5144080000028515	512.7097003390669
2.5144090000028516	512.721814854965
2.5144100000028518	512.7338731812507
2.514411000002852	512.7458753096189
2.514412000002852	512.7578212333718
2.514413000002852	512.769710947387
2.5144140000028523	512.7815444480831
2.5144150000028525	512.7933217333856
2.5144160000028526	512.8050428026912
2.5144170000028527	512.8167076568328
2.514418000002853	512.8283162980397
2.514419000002853	512.8398687299015
2.514420000002853	512.8513649573297
2.5144210000028533	512.8628049865166
2.5144220000028534	512.8741888248957
2.5144230000028536	512.8855164811004
2.5144240000028537	512.8967879649233
2.514425000002854	512.9080032872738
2.514426000002854	512.9191624601358
2.514427000002854	512.9302654965223
2.5144280000028543	512.9413124103841
2.5144290000028544	512.9523032166649
2.5144300000028545	512.9632379312599
2.5144310000028547	512.9741165708665
2.514432000002855	512.9849391529907
2.514433000002855	512.9957056959025
2.514434000002855	513.0064162185902
2.5144350000028552	513.0170707407137
2.5144360000028554	513.0276692825615
2.5144370000028555	513.0382118650258
2.5144380000028557	513.0486985094838
2.514439000002856	513.059129237808
2.514440000002856	513.0695040723534
2.514441000002856	513.0798230359579
2.5144420000028562	513.0900861517105
2.5144430000028564	513.1002934428917
2.5144440000028565	513.1104449331538
2.5144450000028566	513.120540646362
2.514446000002857	513.1305806067487
2.514447000002857	513.1405648383825
2.514448000002857	513.1504933653506
2.514449000002857	513.1603662119913
2.5144500000028573	513.1701834025802
2.5144510000028575	513.1799449613426
2.5144520000028576	513.1896509124119
2.5144530000028578	513.1993012797874
2.514454000002858	513.2088960872917
2.514455000002858	513.2184353585304
2.514456000002858	513.2279191168518
2.5144570000028583	513.2373473853057
2.5144580000028585	513.246720186605
2.5144590000028586	513.256037543031
2.5144600000028587	513.2652994763646
2.514461000002859	513.2745060081215
2.514462000002859	513.2836571594414
2.514463000002859	513.2927529507837
2.5144640000028593	513.3017934020486
2.5144650000028594	513.3107785325444
2.5144660000028596	513.3197083611004
2.5144670000028597	513.3285829034672
2.51446800000286	513.3374021798708
2.51446900000286	513.3461662061949
2.51447000000286	513.3548749983815
2.5144710000028603	513.3635285715045
2.5144720000028604	513.3721269398246
2.5144730000028606	513.3806701167636
2.5144740000028607	513.3891581148821
2.514475000002861	513.3975909458079
2.514476000002861	513.4059686203
2.514477000002861	513.4142911482137
2.5144780000028613	513.4225585384403
2.5144790000028614	513.4307707988563
2.5144800000028615	513.4389279364243
2.5144810000028617	513.447029957
2.514482000002862	513.4550768652643
2.514483000002862	513.4630686649652
2.514484000002862	513.4710053587758
2.5144850000028622	513.4788869482771
2.5144860000028624	513.4867134339431
2.5144870000028625	513.4944848158231
2.5144880000028627	513.50220109222
2.514489000002863	513.5098622594444
2.514490000002863	513.5174683134201
2.514491000002863	513.5250192488968
2.514492000002863	513.532515059449
2.5144930000028634	513.539955737467
2.5144940000028635	513.5473412741287
2.5144950000028636	513.5546716536634
2.5144960000028638	513.5619468631548
2.514497000002864	513.5691668978585
2.514498000002864	513.5763317439664
2.514499000002864	513.5834413866722
2.5145000000028643	513.5904958099269
2.5145010000028645	513.5974949964346
2.5145020000028646	513.6044389277137
2.5145030000028648	513.6113275841213
2.514504000002865	513.6181609447375
2.514505000002865	513.6249389873997
2.514506000002865	513.6316616887738
2.5145070000028653	513.6383290243161
2.5145080000028655	513.644940968302
2.5145090000028656	513.6514974939561
2.5145100000028657	513.6579985731462
2.514511000002866	513.6644441764189
2.514512000002866	513.6708342732983
2.514513000002866	513.6771688321472
2.5145140000028663	513.6834478201689
2.5145150000028664	513.689671203416
2.5145160000028666	513.6958389468067
2.5145170000028667	513.7019510141326
2.514518000002867	513.7080073680697
2.514519000002867	513.7140079701588
2.514520000002867	513.719952780884
2.5145210000028673	513.7258417596736
2.5145220000028674	513.7316748648668
2.5145230000028675	513.7374520537473
2.5145240000028677	513.7431732825589
2.514525000002868	513.7488385065237
2.514526000002868	513.754447679856
2.514527000002868	513.7600007557767
2.5145280000028682	513.7654976865288
2.5145290000028684	513.770938423402
2.5145300000028685	513.7763229167183
2.5145310000028687	513.7816511158784
2.514532000002869	513.7869229693918
2.514533000002869	513.7921384248593
2.514534000002869	513.7972974290157
2.5145350000028692	513.8023999277231
2.5145360000028694	513.8074458659917
2.5145370000028695	513.8124351881431
2.5145380000028696	513.8173678375639
2.51453900000287	513.8222437567322
2.51454000000287	513.8270628874765
2.51454100000287	513.8318251708755
2.51454200000287	513.8365305472735
2.5145430000028703	513.8411789562997
2.5145440000028705	513.8457703368866
2.5145450000028706	513.8503046272881
2.5145460000028708	513.8547817650975
2.514547000002871	513.8592016872685
2.514548000002871	513.8635643301295
2.514549000002871	513.8678696294055
2.5145500000028713	513.8721175202342
2.5145510000028715	513.8763079371863
2.5145520000028716	513.8804408142814
2.5145530000028717	513.8845160850082
2.514554000002872	513.88853368234
2.514555000002872	513.8924935387555
2.514556000002872	513.896395586252
2.5145570000028723	513.900239756322
2.5145580000028724	513.9040259800488
2.5145590000028726	513.90775418814
2.5145600000028727	513.9114243108656
2.514561000002873	513.9150362780292
2.514562000002873	513.9185900191329
2.514563000002873	513.9220854633675
2.5145640000028733	513.9255225395204
2.5145650000028734	513.9289011760521
2.5145660000028736	513.932221301115
2.5145670000028737	513.9354828425619
2.514568000002874	513.93868572796
2.514569000002874	513.9418298846166
2.514570000002874	513.9449152397414
2.5145710000028743	513.9479417201534
2.5145720000028744	513.9509092523074
2.5145730000028745	513.9538177625952
2.5145740000028747	513.956667177217
2.514575000002875	513.9594574221937
2.514576000002875	513.9621884233823
2.514577000002875	513.964860106485
2.5145780000028752	513.9674723970611
2.5145790000028754	513.9700252205461
2.5145800000028755	513.9725185022608
2.5145810000028757	513.9749521674244
2.514582000002876	513.9773261411116
2.514583000002876	513.9796403483855
2.514584000002876	513.9818947142907
2.514585000002876	513.9840891646598
2.5145860000028764	513.9862236245136
2.5145870000028765	513.9882980176171
2.5145880000028766	513.990312268819
2.5145890000028768	513.9922663029398
2.514590000002877	513.9941600447993
2.514591000002877	513.9959934192283
2.514592000002877	513.9977663510656
2.5145930000028773	513.9994787651881
2.5145940000028775	514.001130586499
2.5145950000028776	514.0027217399631
2.5145960000028778	514.0042521506073
2.514597000002878	514.0057217435199
2.514598000002878	514.007130443817
2.514599000002878	514.0084781767522
2.5146000000028783	514.009764867713
2.5146010000028785	514.0109904421822
2.5146020000028786	514.0121548256702
2.5146030000028787	514.0132579438329
2.514604000002879	514.014299722523
2.514605000002879	514.0152800876904
2.514606000002879	514.0161989654315
2.5146070000028793	514.0170562819835
2.5146080000028794	514.0178519637608
2.5146090000028796	514.0185859373645
2.5146100000028797	514.0192581295615
2.51461100000288	514.0198684673153
2.51461200000288	514.0204168777606
2.51461300000288	514.0209032882494
2.5146140000028803	514.0213276263742
2.5146150000028804	514.021689819916
2.5146160000028805	514.021989796902
2.5146170000028807	514.0222274856023
2.514618000002881	514.0224028145208
2.514619000002881	514.0225157124314
2.514620000002881	514.0225661083715
2.5146210000028812	514.022553931586
2.5146220000028814	514.0224791116676
2.5146230000028815	514.0223415785618
2.5146240000028817	514.0221412624513
2.514625000002882	514.0218780938119
2.514626000002882	514.0215520034432
2.514627000002882	514.0211629224982
2.5146280000028822	514.0207107824637
2.5146290000028824	514.0201955151601
2.5146300000028825	514.0196170527656
2.5146310000028826	514.0189753278233
2.514632000002883	514.0182702732519
2.514633000002883	514.0175018223549
2.514634000002883	514.0166699088323
2.514635000002883	514.0157744665808
2.5146360000028833	514.0148154294044
2.5146370000028835	514.0137927326277
2.5146380000028836	514.0127063121435
2.5146390000028838	514.0115561038097
2.514640000002884	514.0103420439035
2.514641000002884	514.0090640691839
2.514642000002884	514.0077221168914
2.5146430000028843	514.0063161247458
2.5146440000028845	514.0048460309777
2.5146450000028846	514.0033117743423
2.5146460000028847	514.0017132941081
2.514647000002885	514.0000505300918
2.514648000002885	513.9983234226435
2.514649000002885	513.9965319126671
2.5146500000028853	513.9946759416367
2.5146510000028854	513.992755451499
2.5146520000028856	513.9907703849287
2.5146530000028857	513.9887206852961
2.514654000002886	513.9866062964884
2.514655000002886	513.9844271630191
2.514656000002886	513.9821832300431
2.5146570000028863	513.9798744433707
2.5146580000028864	513.9775007494867
2.5146590000028866	513.9750620955464
2.5146600000028867	513.9725584293793
2.514661000002887	513.96998969953
2.514662000002887	513.967355855257
2.514663000002887	513.9646568465438
2.5146640000028873	513.9618926241097
2.5146650000028874	513.9590631394265
2.5146660000028875	513.9561683447215
2.5146670000028877	513.9532081929966
2.514668000002888	513.9501826380362
2.514669000002888	513.9470916344185
2.514670000002888	513.9439351375275
2.5146710000028882	513.9407131035632
2.5146720000028884	513.9374254895536
2.5146730000028885	513.9340722533627
2.5146740000028887	513.9306533537042
2.514675000002889	513.927168750144
2.514676000002889	513.9236184031222
2.514677000002889	513.9200022739569
2.514678000002889	513.9163203248507
2.5146790000028894	513.9125725189022
2.5146800000028895	513.9087588201132
2.5146810000028896	513.9048791933953
2.5146820000028898	513.9009336046093
2.51468300000289	513.8969220205232
2.51468400000289	513.892844408814
2.51468500000289	513.8887007381245
2.5146860000028903	513.8844909780464
2.5146870000028905	513.8802150991286
2.5146880000028906	513.8758730728791
2.5146890000028908	513.8714648717743
2.514690000002891	513.8669904692603
2.514691000002891	513.8624498397597
2.514692000002891	513.8578429586747
2.5146930000028913	513.8531698023897
2.5146940000028914	513.8484303482741
2.5146950000028916	513.843624574686
2.5146960000028917	513.8387524609728
2.514697000002892	513.833813987473
2.514698000002892	513.8288091355159
2.514699000002892	513.823737887423
2.5147000000028923	513.8186002265061
2.5147010000028924	513.8133961370659
2.5147020000028926	513.8081256043926
2.5147030000028927	513.8027886147607
2.514704000002893	513.7973851554276
2.514705000002893	513.7919152146292
2.514706000002893	513.7863787815756
2.5147070000028933	513.7807758464467
2.5147080000028934	513.7751064003853
2.5147090000028935	513.7693704354931
2.5147100000028937	513.7635679448204
2.514711000002894	513.757698922361
2.514712000002894	513.7517633644212
2.514713000002894	513.7457612622084
2.5147140000028942	513.7396926108682
2.5147150000028944	513.733557412937
2.5147160000028945	513.7273556670019
2.5147170000028947	513.7210873725276
2.514718000002895	513.714752529834
2.514719000002895	513.7083511400803
2.514720000002895	513.7018832052744
2.5147210000028952	513.6953487282551
2.5147220000028954	513.6887477126733
2.5147230000028955	513.6820801629738
2.5147240000028956	513.6753460843814
2.514725000002896	513.6685454828813
2.514726000002896	513.6616783652003
2.514727000002896	513.6547447388117
2.514728000002896	513.6477446118704
2.5147290000028963	513.6406779931918
2.5147300000028965	513.6335448922774
2.5147310000028966	513.6263453192694
2.5147320000028968	513.6190792849283
2.514733000002897	513.6117468006211
2.514734000002897	513.6043478782753
2.514735000002897	513.5968825303655
2.5147360000028973	513.5893507698948
2.5147370000028975	513.5817526103659
2.5147380000028976	513.5740880657546
2.5147390000028977	513.5663571504841
2.514740000002898	513.5585598793989
2.514741000002898	513.550696267735
2.514742000002898	513.5427663310949
2.5147430000028983	513.5347700854172
2.5147440000028984	513.5267075469501
2.5147450000028986	513.5185787322206
2.5147460000028987	513.510383658006
2.514747000002899	513.502122341303
2.514748000002899	513.4937947992984
2.514749000002899	513.4854010493383
2.5147500000028993	513.4769411088969
2.5147510000028994	513.4684149955467
2.5147520000028996	513.4598227269247
2.5147530000028997	513.4511643175808
2.5147540000029	513.4424397876653
2.5147550000029	513.4336491548995
2.5147560000029	513.4247924375696
2.5147570000029003	513.4158696531711
2.5147580000029004	513.4068808190674
2.5147590000029005	513.397825952463
2.5147600000029007	513.3887050703714
2.514761000002901	513.3795181895823
2.514762000002901	513.3702653266283
2.514763000002901	513.3609464977535
2.5147640000029012	513.3515617192306
2.5147650000029014	513.3421110066296
2.5147660000029015	513.3325943747814
2.5147670000029017	513.3230118384503
2.514768000002902	513.3133634119513
2.514769000002902	513.3036491091186
2.514770000002902	513.2938689432731
2.514771000002902	513.2840229271928
2.5147720000029024	513.2741110730824
2.5147730000029025	513.264133392541
2.5147740000029026	513.2540898965339
2.5147750000029028	513.2439805951682
2.514776000002903	513.2338054980669
2.514777000002903	513.2235646142934
2.514778000002903	513.2132579519902
2.5147790000029033	513.2028855185201
2.5147800000029035	513.1924473204417
2.5147810000029036	513.1819433634831
2.5147820000029038	513.1713736525178
2.514783000002904	513.1607381915385
2.514784000002904	513.1500369836347
2.514785000002904	513.139270030867
2.5147860000029043	513.1284373344403
2.5147870000029044	513.1175388946949
2.5147880000029046	513.1065747110348
2.5147890000029047	513.0955447816827
2.514790000002905	513.0844491036748
2.514791000002905	513.0732876731514
2.514792000002905	513.0620604851845
2.5147930000029053	513.0507675337591
2.5147940000029054	513.0394088117577
2.5147950000029056	513.0279843109455
2.5147960000029057	513.0164940219571
2.514797000002906	513.0049379343981
2.514798000002906	512.9933160366011
2.514799000002906	512.9816283156274
2.5148000000029063	512.9698747574696
2.5148010000029064	512.958055347035
2.5148020000029065	512.9461700679425
2.5148030000029067	512.9342189025206
2.514804000002907	512.9222018319888
2.514805000002907	512.9101188363629
2.514806000002907	512.8979698943713
2.5148070000029072	512.8857549836055
2.5148080000029074	512.8734740805378
2.5148090000029075	512.8611271603454
2.5148100000029077	512.8487142191356
2.514811000002908	512.8362352298068
2.514812000002908	512.8236901415554
2.514813000002908	512.8110789246739
2.5148140000029082	512.7984015483637
2.5148150000029084	512.7856579806561
2.5148160000029085	512.7728481883232
2.5148170000029086	512.7599721370578
2.514818000002909	512.7470297915092
2.514819000002909	512.7340211151044
2.514820000002909	512.7209460701573
2.514821000002909	512.7078046178851
2.5148220000029093	512.6945967184406
2.5148230000029095	512.6813223309043
2.5148240000029096	512.6679814132862
2.5148250000029098	512.6545739225871
2.51482600000291	512.6410998148581
2.51482700000291	512.6275590451477
2.51482800000291	512.6139515675186
2.5148290000029103	512.6002773351385
2.5148300000029105	512.5865363002789
2.5148310000029106	512.5727284143446
2.5148320000029107	512.5588536279012
2.514833000002911	512.5449118907069
2.514834000002911	512.5309031517452
2.514835000002911	512.516827359405
2.5148360000029113	512.5026844612113
2.5148370000029114	512.4884744038923
2.5148380000029116	512.4741971336719
2.5148390000029117	512.4598525960171
2.514840000002912	512.4454407359835
2.514841000002912	512.4309614980981
2.514842000002912	512.4164148264393
2.5148430000029123	512.4018006647269
2.5148440000029124	512.3871189561601
2.5148450000029126	512.3723696435655
2.5148460000029127	512.3575526694568
2.514847000002913	512.3426679760915
2.514848000002913	512.3277155055019
2.514849000002913	512.3126951995337
2.5148500000029133	512.2976069998937
2.5148510000029134	512.2824508481879
2.5148520000029135	512.2672266859954
2.5148530000029137	512.2519344549074
2.514854000002914	512.2365740965616
2.514855000002914	512.2211455526976
2.514856000002914	512.2056487652078
2.5148570000029142	512.1900836763366
2.5148580000029144	512.1744502284241
2.5148590000029145	512.1587483639784
2.5148600000029147	512.1429780259989
2.514861000002915	512.1271391578915
2.514862000002915	512.1112317035168
2.514863000002915	512.0952556072414
2.514864000002915	512.0792108139893
2.5148650000029154	512.0630972692613
2.5148660000029155	512.0469149193759
2.5148670000029156	512.0306637112589
2.5148680000029158	512.0143435926227
2.514869000002916	511.99795451193893
2.514870000002916	511.9814964184024
2.514871000002916	511.96496926227104
2.5148720000029163	511.9483729947208
2.5148730000029165	511.9317075679873
2.5148740000029166	511.914972935435
2.5148750000029167	511.89816905148484
2.514876000002917	511.88129587172256
2.514877000002917	511.864353353028
2.514878000002917	511.8473414534533
2.5148790000029173	511.8302601322939
2.5148800000029174	511.8131093502696
2.5148810000029176	511.79588906950215
2.5148820000029177	511.7785992535599
2.514883000002918	511.7612398674025
2.514884000002918	511.743810877618
2.514885000002918	511.7263122526156
2.5148860000029183	511.7087439621826
2.5148870000029184	511.69110597761545
2.5148880000029186	511.6733982721087
2.5148890000029187	511.6556208205694
2.514890000002919	511.6377735996288
2.514891000002919	511.61985658777496
2.514892000002919	511.60186976578257
2.5148930000029193	511.58381311588073
2.5148940000029194	511.5656866217994
2.5148950000029195	511.547490269637
2.5148960000029197	511.5292240474589
2.51489700000292	511.51088794536344
2.51489800000292	511.49248195557
2.51489900000292	511.47400607228417
2.5149000000029202	511.4554602917443
2.5149010000029204	511.4368446123775
2.5149020000029205	511.41815903475634
2.5149030000029207	511.3994035616767
2.514904000002921	511.3805781980577
2.514905000002921	511.3616829509801
2.514906000002921	511.34271782979414
2.5149070000029212	511.32368284607804
2.5149080000029214	511.3045780136741
2.5149090000029215	511.28540334869746
2.5149100000029216	511.2661588694281
2.514911000002922	511.24684459650217
2.514912000002922	511.2274605529804
2.514913000002922	511.2080067641434
2.514914000002922	511.18848325750355
2.5149150000029223	511.1688900627295
2.5149160000029225	511.1492272120467
2.5149170000029226	511.1294947401122
2.5149180000029228	511.1096926836632
2.514919000002923	511.08982108177577
2.514920000002923	511.06987997586975
2.514921000002923	511.04986940960373
2.5149220000029233	511.0297894289692
2.5149230000029235	511.0096400821471
2.5149240000029236	510.989421419542
2.5149250000029237	510.96913346029356
2.514926000002924	510.94877625469974
2.514927000002924	510.9283498988277
2.514928000002924	510.9078544509857
2.5149290000029243	510.88728997265906
2.5149300000029244	510.86665652751935
2.5149310000029246	510.845954181331
2.5149320000029247	510.8251830019165
2.514933000002925	510.8043430591742
2.514934000002925	510.7834344250425
2.514935000002925	510.7624571734915
2.5149360000029253	510.74141138065335
2.5149370000029254	510.72029712443447
2.5149380000029256	510.6991144844593
2.5149390000029257	510.6778635424037
2.514940000002926	510.6565443817813
2.514941000002926	510.6351570878838
2.514942000002926	510.61370174778205
2.5149430000029263	510.5921784502804
2.5149440000029264	510.57058728583945
2.5149450000029265	510.5489283465494
2.5149460000029267	510.52720172608406
2.514947000002927	510.50540751978866
2.514948000002927	510.4835458242835
2.514949000002927	510.46161673769427
2.5149500000029272	510.4396203595414
2.5149510000029274	510.4175567907062
2.5149520000029275	510.3954261333612
2.5149530000029277	510.37322849091646
2.514954000002928	510.3509639679664
2.514955000002928	510.32863267023606
2.514956000002928	510.3062347045424
2.514957000002928	510.28377017876426
2.5149580000029284	510.26123920167004
2.5149590000029285	510.23864188289303
2.5149600000029286	510.2159783329719
2.5149610000029288	510.1932486632374
2.514962000002929	510.17045298569593
2.514963000002929	510.1475914130837
2.514964000002929	510.1246640588173
2.5149650000029293	510.1016710368611
2.5149660000029295	510.0786124616003
2.5149670000029296	510.05548844781424
2.5149680000029297	510.0322991107062
2.51496900000293	510.0090445657878
2.51497000000293	509.9857249288292
2.51497100000293	509.9623403157917
2.5149720000029303	509.9388908427696
2.5149730000029304	509.91537662592776
2.5149740000029306	509.8917977814401
2.5149750000029307	509.86815442543394
2.514976000002931	509.8444466739266
2.514977000002931	509.8206746427666
2.514978000002931	509.7968384475761
2.5149790000029313	509.7729382036918
2.5149800000029314	509.7489740261067
2.5149810000029316	509.72494602876543
2.5149820000029317	509.7008543257652
2.514983000002932	509.676699031406
2.514984000002932	509.65248025874035
2.514985000002932	509.6281981201942
2.5149860000029323	509.6038527275147
2.5149870000029324	509.579444191718
2.5149880000029325	509.5549726230363
2.5149890000029327	509.5304381308667
2.514990000002933	509.5058408237219
2.514991000002933	509.48118080918067
2.514992000002933	509.4564581938389
2.5149930000029332	509.431673083264
2.5149940000029334	509.406825581949
2.5149950000029335	509.3819157932684
2.5149960000029337	509.35694381943335
2.514997000002934	509.3319097613594
2.514998000002934	509.30681371881303
2.514999000002934	509.2816557903584
2.515000000002934	509.25643607315624
2.5150010000029344	509.231154663016
2.5150020000029345	509.2058116543496
2.5150030000029346	509.180407140119
2.515004000002935	509.154941211858
2.515005000002935	509.12941395963367
2.515006000002935	509.10382547197855
2.515007000002935	509.07817583588377
2.5150080000029353	509.05246513677554
2.5150090000029355	509.0266934584917
2.5150100000029356	509.0008608832613
2.5150110000029358	508.9749674916789
2.515012000002936	508.94901336269714
2.515013000002936	508.9229985898527
2.515014000002936	508.89692325033985
2.5150150000029363	508.87078739975016
2.5150160000029365	508.8445911109414
2.5150170000029366	508.81833445444676
2.5150180000029367	508.79201749906343
2.515019000002937	508.7656403118663
2.515020000002937	508.7392029582157
2.515021000002937	508.71270550175086
2.5150220000029373	508.6861480043892
2.5150230000029374	508.6595305263303
2.5150240000029376	508.63285312606007
2.5150250000029377	508.6061158603377
2.515026000002938	508.5793187842442
2.515027000002938	508.5524619511947
2.515028000002938	508.52554541290823
2.5150290000029383	508.49856921944473
2.5150300000029384	508.4715334192196
2.5150310000029386	508.44443805902364
2.5150320000029387	508.417283184041
2.515033000002939	508.39006883787266
2.515034000002939	508.3627950625599
2.515035000002939	508.3354618986099
2.5150360000029393	508.3080693850232
2.5150370000029394	508.28061755932373
2.5150380000029395	508.25310645758685
2.5150390000029397	508.2255361144746
2.51504000000294	508.1979065632698
2.51504100000294	508.17021783591053
2.51504200000294	508.14246996302944
2.5150430000029402	508.1146629739927
2.5150440000029404	508.08679689693946
2.5150450000029405	508.0588717588266
2.5150460000029407	508.0308875854703
2.515047000002941	508.002844401519
2.515048000002941	507.9747422306455
2.515049000002941	507.9465810956003
2.515050000002941	507.9183610181091
2.5150510000029414	507.89008201899946
2.5150520000029415	507.86174411825135
2.5150530000029416	507.8333473350529
2.5150540000029418	507.8048916879629
2.515055000002942	507.77637719473955
2.515056000002942	507.74780387242214
2.515057000002942	507.7191717375796
2.5150580000029423	507.6904808062726
2.5150590000029425	507.66173109411267
2.5150600000029426	507.63292261632097
2.5150610000029427	507.604055387727
2.515062000002943	507.57512942295614
2.515063000002943	507.5461447365019
2.515064000002943	507.51710134265016
2.5150650000029433	507.4879992556127
2.5150660000029434	507.4588384895907
2.5150670000029436	507.42961905884204
2.5150680000029437	507.4003409777448
2.515069000002944	507.3710042608647
2.515070000002944	507.34160892302066
2.515071000002944	507.3121549793534
2.5150720000029443	507.28264244539054
2.5150730000029444	507.2530713371144
2.5150740000029446	507.2234416710301
2.5150750000029447	507.1937534642306
2.515076000002945	507.16400673446765
2.515077000002945	507.13420150021597
2.515078000002945	507.104337780741
2.5150790000029453	507.0744155961672
2.5150800000029454	507.04443496754294
2.5150810000029455	507.014395916908
2.5150820000029457	506.9842984673592
2.515083000002946	506.95414264311654
2.515084000002946	506.92392846960024
2.515085000002946	506.89365597347154
2.5150860000029462	506.8633251826939
2.5150870000029464	506.83293612662357
2.5150880000029465	506.8024888360596
2.5150890000029467	506.77198334330876
2.515090000002947	506.741419682239
2.515091000002947	506.7107978883449
2.515092000002947	506.6801179988061
2.515093000002947	506.64938005254754
2.5150940000029474	506.618584090295
2.5150950000029475	506.5877301546318
2.5150960000029476	506.55681829005357
2.515097000002948	506.52584854302296
2.515098000002948	506.49482096202286
2.515099000002948	506.4637355976064
2.515100000002948	506.43259250244944
2.5151010000029483	506.4013917313987
2.5151020000029485	506.37013334151834
2.5151030000029486	506.33881739213683
2.5151040000029488	506.3074439448931
2.515105000002949	506.2760130637784
2.515106000002949	506.2445248151778
2.515107000002949	506.2129792743954
2.5151080000029493	506.1813765134905
2.5151090000029495	506.14971659881854
2.5151100000029496	506.117999606928
2.5151110000029497	506.0862256167485
2.51511200000295	506.05439470981946
2.51511300000295	506.0225069703201
2.51511400000295	505.9905624851006
2.5151150000029503	505.9585613131405
2.5151160000029504	505.9265035418427
2.5151170000029506	505.89438930039006
2.5151180000029507	505.86221868676364
2.515119000002951	505.8299918015172
2.515120000002951	505.7977087480068
2.515121000002951	505.76536963240545
2.5151220000029513	505.73297456371654
2.5151230000029514	505.70052365378416
2.5151240000029516	505.66801701730554
2.5151250000029517	505.63545477183567
2.515126000002952	505.60283703779646
2.515127000002952	505.57016393847726
2.515128000002952	505.5374356000387
2.5151290000029523	505.50465215150075
2.5151300000029524	505.4718137246276
2.5151310000029525	505.43892045419113
2.5151320000029527	505.4059724779585
2.515133000002953	505.3729699364065
2.515134000002953	505.3399129728474
2.515135000002953	505.30680173341113
2.5151360000029532	505.27363636709055
2.5151370000029534	505.2404170257713
2.5151380000029535	505.2071438640848
2.5151390000029537	505.1738170392314
2.515140000002954	505.14043671104463
2.515141000002954	505.1070030423103
2.515142000002954	505.07351619863874
2.515143000002954	505.0399763481664
2.5151440000029543	505.00638366168573
2.5151450000029545	504.97273831261987
2.5151460000029546	504.93904047680223
2.5151470000029548	504.90529033278085
2.515148000002955	504.87148806175304
2.515149000002955	504.8376338472526
2.515150000002955	504.80372787525187
2.5151510000029553	504.76977033122625
2.5151520000029555	504.7357614060923
2.5151530000029556	504.70170129556936
2.5151540000029557	504.6675901950503
2.515155000002956	504.633428302113
2.515156000002956	504.5992158165015
2.515157000002956	504.56495294009574
2.5151580000029563	504.53063987686454
2.5151590000029564	504.4962768328148
2.5151600000029566	504.4618640159402
2.5151610000029567	504.4274016361703
2.515162000002957	504.3928899053251
2.515163000002957	504.35832903705966
2.515164000002957	504.3237192467743
2.5151650000029573	504.2890607515825
2.5151660000029574	504.2543537702719
2.5151670000029576	504.2195985232325
2.5151680000029577	504.1847952323978
2.515169000002958	504.149944121186
2.515170000002958	504.1150454144402
2.515171000002958	504.0800993383679
2.5151720000029583	504.045106120584
2.5151730000029584	504.01006598983975
2.5151740000029585	503.97497917598304
2.5151750000029587	503.9398459193263
2.515176000002959	503.90466644952494
2.515177000002959	503.86944099355236
2.515178000002959	503.8341697846699
2.5151790000029592	503.7988530577783
2.5151800000029594	503.76349104858053
2.5151810000029595	503.72808399352
2.5151820000029597	503.6926321297177
2.51518300000296	503.6571356949106
2.51518400000296	503.62159492738766
2.51518500000296	503.58601006592704
2.51518600000296	503.5503813497339
2.5151870000029604	503.5147090183788
2.5151880000029605	503.478993311741
2.5151890000029606	503.4432344699226
2.515190000002961	503.4074327332171
2.515191000002961	503.3715883420417
2.515192000002961	503.33570153689647
2.515193000002961	503.29977255825423
2.5151940000029613	503.2638016465037
2.5151950000029615	503.2277890419436
2.5151960000029616	503.19173498469934
2.5151970000029618	503.1556397146662
2.515198000002962	503.1195034714544
2.515199000002962	503.0833264943335
2.515200000002962	503.04710902218005
2.5152010000029623	503.01085129342283
2.5152020000029625	502.97455354599407
2.5152030000029626	502.9382160172784
2.5152040000029627	502.90183894406505
2.515205000002963	502.86542256249686
2.515206000002963	502.8289671080221
2.515207000002963	502.7924728153482
2.5152080000029633	502.7559399183989
2.5152090000029634	502.71936866056194
2.5152100000029636	502.68275927687057
2.5152110000029637	502.6461119849345
2.515212000002964	502.60942701576914
2.515213000002964	502.5727045987628
2.515214000002964	502.53594496228186
2.5152150000029643	502.49914833363584
2.5152160000029644	502.4623149390456
2.5152170000029646	502.4254450036117
2.5152180000029647	502.388538742242
2.515219000002965	502.3515963793167
2.515220000002965	502.3146181438208
2.515221000002965	502.2776042565464
2.5152220000029653	502.24055493658415
2.5152230000029654	502.2034704016968
2.5152240000029655	502.1663508684007
2.5152250000029657	502.12919655189916
2.515226000002966	502.0920076660667
2.515227000002966	502.0547844234323
2.515228000002966	502.01752703516627
2.5152290000029662	501.98023571107035
2.5152300000029664	501.94291065956685
2.5152310000029665	501.9055520876924
2.5152320000029667	501.8681602010902
2.515233000002967	501.8307352040073
2.515234000002967	501.79327729929105
2.515235000002967	501.75578668838943
2.515236000002967	501.7182635714235
2.5152370000029673	501.68070814702054
2.5152380000029675	501.64312061224354
2.5152390000029676	501.6055011629869
2.5152400000029678	501.5678499938849
2.515241000002968	501.5301672980464
2.515242000002968	501.49245326724605
2.515243000002968	501.45470809193563
2.5152440000029683	501.4169319612183
2.5152450000029685	501.37912506288524
2.5152460000029686	501.34128758343445
2.5152470000029687	501.30341970808934
2.515248000002969	501.26552162082044
2.515249000002969	501.22759350444016
2.515250000002969	501.1896355404786
2.5152510000029693	501.15164790922364
2.5152520000029694	501.1136307898757
2.5152530000029696	501.0755843605456
2.5152540000029697	501.0375087982179
2.51525500000297	500.9994042787817
2.51525600000297	500.9612709771305
2.51525700000297	500.92310906710276
2.5152580000029703	500.8849187216376
2.5152590000029704	500.84670011281315
2.5152600000029706	500.8084534117635
2.5152610000029707	500.77017878877746
2.515262000002971	500.7318764133397
2.515263000002971	500.693546454173
2.515264000002971	500.6551890792801
2.5152650000029713	500.6168044559872
2.5152660000029714	500.5783927509897
2.5152670000029715	500.53995413039155
2.5152680000029717	500.501488759763
2.515269000002972	500.46299680418707
2.515270000002972	500.4244784281438
2.515271000002972	500.3859337959045
2.5152720000029722	500.34736307148177
2.5152730000029724	500.3087664184928
2.5152740000029725	500.2701440002955
2.5152750000029727	500.2314959800507
2.515276000002973	500.19282252078585
2.515277000002973	500.154123785442
2.515278000002973	500.1153999369272
2.515279000002973	500.0766511381689
2.5152800000029734	500.03787755218525
2.5152810000029735	499.9990793421069
2.5152820000029736	499.9602566712301
2.515283000002974	499.9214097030797
2.515284000002974	499.88253860149865
2.515285000002974	499.84364353070424
2.515286000002974	499.8047246552897
2.5152870000029743	499.76578214033145
2.5152880000029745	499.72681615139334
2.5152890000029746	499.68782685457944
2.5152900000029748	499.6488144166433
2.515291000002975	499.6097790050152
2.515292000002975	499.57072078785694
2.515293000002975	499.53163993411516
2.5152940000029753	499.49253661357716
2.5152950000029755	499.4534109969225
2.5152960000029756	499.41426325577675
2.5152970000029757	499.37509356276485
2.515298000002976	499.335902091562
2.515299000002976	499.29668901694686
2.515300000002976	499.2574545148507
2.5153010000029763	499.21819876247514
2.5153020000029764	499.17892193820524
2.5153030000029766	499.13962422167515
2.5153040000029767	499.10030579392713
2.515305000002977	499.06096683730084
2.515306000002977	499.0216075356938
2.515307000002977	498.9822280745781
2.5153080000029773	498.94282864087387
2.5153090000029774	498.9034094230602
2.5153100000029776	498.86397061125973
2.5153110000029777	498.8245123972779
2.515312000002978	498.78503497460946
2.515313000002978	498.74553853849744
2.515314000002978	498.7060232859704
2.5153150000029783	498.66648941591893
2.5153160000029784	498.62693712907594
2.5153170000029785	498.5873666279925
2.5153180000029787	498.547778117276
2.515319000002979	498.50817180342784
2.515320000002979	498.4685478948984
2.515321000002979	498.4289066022158
2.5153220000029792	498.3892481379676
2.5153230000029794	498.34957271680514
2.5153240000029795	498.3098805555128
2.5153250000029796	498.27017187303
2.51532600000298	498.2304468904395
2.51532700000298	498.1907058310323
2.51532800000298	498.15094892027923
2.51532900000298	498.1111763858559
2.5153300000029803	498.07138845770436
2.5153310000029805	498.0315853680293
2.5153320000029806	497.991767351313
2.5153330000029808	497.95193464433004
2.515334000002981	497.9120874861604
2.515335000002981	497.8722261182009
2.515336000002981	497.8323507841454
2.5153370000029813	497.7924617300541
2.5153380000029815	497.7525592043612
2.5153390000029816	497.71264345782026
2.5153400000029817	497.6727147435387
2.515341000002982	497.6327733169806
2.515342000002982	497.59281943596903
2.515343000002982	497.5528533606874
2.5153440000029823	497.5128753536763
2.5153450000029824	497.472885739546
2.5153460000029826	497.4328847283264
2.5153470000029827	497.3928725758078
2.515348000002983	497.3528495689821
2.515349000002983	497.31281597383094
2.515350000002983	497.27277212567077
2.5153510000029833	497.232718248062
2.5153520000029834	497.1926546230227
2.5153530000029836	497.15258153399185
2.5153540000029837	497.11249926673776
2.515355000002984	497.07240810932444
2.515356000002984	497.0323083520168
2.515357000002984	496.9922002873035
2.5153580000029843	496.95208420987717
2.5153590000029844	496.91196041661493
2.5153600000029845	496.87182920655704
2.5153610000029847	496.83169088088454
2.515362000002985	496.7915457516001
2.515363000002985	496.7513941221148
2.515364000002985	496.7112362942149
2.5153650000029852	496.67107257720784
2.5153660000029854	496.63090328258585
2.5153670000029855	496.5907287234221
2.5153680000029857	496.5505492151567
2.515369000002986	496.5103650751621
2.515370000002986	496.4701766227057
2.515371000002986	496.42998417891886
2.515372000002986	496.38978806676306
2.5153730000029864	496.3495886109981
2.5153740000029865	496.3093861381468
2.5153750000029866	496.26918097645563
2.515376000002987	496.2289734558716
2.515377000002987	496.1887639080047
2.515378000002987	496.1485526660815
2.515379000002987	496.1083400292333
2.5153800000029873	496.06812633290576
2.5153810000029875	496.0279119518457
2.5153820000029876	495.9876972254391
2.5153830000029878	495.9474824944588
2.515384000002988	495.9072681010824
2.515385000002988	495.86705438883837
2.515386000002988	495.82684170261524
2.5153870000029883	495.78663038853125
2.5153880000029885	495.74642079391316
2.5153890000029886	495.70621326730884
2.5153900000029887	495.6660081584012
2.515391000002989	495.6258058180062
2.515392000002989	495.5856065980125
2.515393000002989	495.5454108513405
2.5153940000029893	495.50521893190256
2.5153950000029894	495.465031194562
2.5153960000029896	495.42484799508026
2.5153970000029897	495.3846696901042
2.51539800000299	495.3444966371172
2.51539900000299	495.30432919438306
2.51540000000299	495.26416772093586
2.5154010000029903	495.22401257649796
2.5154020000029904	495.18386412144037
2.5154030000029906	495.14372271678644
2.5154040000029907	495.10358872415065
2.515405000002991	495.0634625057007
2.515406000002991	495.023344424119
2.515407000002991	494.98323484256406
2.5154080000029913	494.9431341246349
2.5154090000029914	494.9030426343319
2.5154100000029915	494.86296073602017
2.5154110000029917	494.82288879439506
2.515412000002992	494.78282717444546
2.515413000002992	494.74277624141797
2.515414000002992	494.70273636078343
2.5154150000029922	494.662707897995
2.5154160000029924	494.62269121882593
2.5154170000029925	494.58268668942804
2.5154180000029926	494.54269467145195
2.515419000002993	494.5027155309684
2.515420000002993	494.46274963843075
2.515421000002993	494.422797359975
2.515422000002993	494.38285906169585
2.5154230000029933	494.3429350517127
2.5154240000029935	494.30302569357605
2.5154250000029936	494.26313141335396
2.5154260000029938	494.22325257655746
2.515427000002994	494.1833895488097
2.515428000002994	494.14354269538376
2.515429000002994	494.10371238136577
2.5154300000029943	494.06389897160386
2.5154310000029945	494.024102830681
2.5154320000029946	493.98432432289803
2.5154330000029947	493.944563812247
2.515434000002995	493.9048216623954
2.515435000002995	493.8650982366636
2.515436000002995	493.8253938980077
2.5154370000029953	493.785709009001
2.5154380000029954	493.7460439318164
2.5154390000029956	493.70639902821165
2.5154400000029957	493.6667746595116
2.515441000002996	493.62717118659606
2.515442000002996	493.58758896988513
2.515443000002996	493.5480283693237
2.5154440000029963	493.5084897443719
2.5154450000029964	493.4689734539941
2.5154460000029966	493.42947985664546
2.5154470000029967	493.39000931026385
2.515448000002997	493.3505621722607
2.515449000002997	493.3111387995116
2.515450000002997	493.27173954835035
2.5154510000029973	493.23236477455987
2.5154520000029974	493.19301483336926
2.5154530000029975	493.1536900794444
2.5154540000029977	493.11439086688574
2.515455000002998	493.0751175492257
2.515456000002998	493.03587047942204
2.515457000002998	492.9966500098565
2.5154580000029982	492.9574564923343
2.5154590000029984	492.9182902780811
2.5154600000029985	492.8791517177429
2.5154610000029987	492.84004116138755
2.515462000002999	492.8009589585014
2.515463000002999	492.7619054579943
2.515464000002999	492.72288100820066
2.515465000002999	492.6838859568816
2.5154660000029994	492.6449206512264
2.5154670000029995	492.60598543785693
2.5154680000029996	492.5670806628329
2.5154690000029998	492.5282066716524
2.515470000003	492.48936380926074
2.515471000003	492.4505524200548
2.515472000003	492.4117728478868
2.5154730000030003	492.373025436073
2.5154740000030005	492.3343105273985
2.5154750000030006	492.2956284641245
2.5154760000030008	492.25697958795274
2.515477000003001	492.21836424011974
2.515478000003001	492.17978276140445
2.515479000003001	492.1412354920416
2.5154800000030013	492.1027227717903
2.5154810000030015	492.0642449399416
2.5154820000030016	492.0258023353126
2.5154830000030017	491.9873952962625
2.515484000003002	491.94902416070283
2.515485000003002	491.9106892661062
2.515486000003002	491.87239094951804
2.5154870000030023	491.83412954756324
2.5154880000030024	491.795905396206
2.5154890000030026	491.75771883128647
2.5154900000030027	491.7195701884595
2.515491000003003	491.6814598027822
2.515492000003003	491.64338800893796
2.515493000003003	491.605355141251
2.5154940000030033	491.56736153369764
2.5154950000030034	491.52940751991775
2.5154960000030036	491.49149343322335
2.5154970000030037	491.45361960660824
2.515498000003004	491.41578637276024
2.515499000003004	491.37799406406964
2.515500000003004	491.3402430504285
2.5155010000030043	491.3025336279063
2.5155020000030044	491.26486612394564
2.5155030000030045	491.22724091191856
2.5155040000030047	491.18965828282984
2.515505000003005	491.15211856755985
2.515506000003005	491.11462209669605
2.515507000003005	491.0771692006051
2.5155080000030052	491.0397602094383
2.5155090000030054	491.002395453142
2.5155100000030055	490.96507526146297
2.5155110000030056	490.927799963958
2.515512000003006	490.89056989000017
2.515513000003006	490.85338536878623
2.515514000003006	490.8162467293442
2.515515000003006	490.7791543005381
2.5155160000030063	490.7421084110762
2.5155170000030065	490.70510938951503
2.5155180000030066	490.6681575642666
2.5155190000030068	490.6312532636017
2.515520000003007	490.59439681565675
2.515521000003007	490.5575885484365
2.515522000003007	490.5208287898191
2.5155230000030073	490.4841178675596
2.5155240000030075	490.4474561092931
2.5155250000030076	490.41084384253753
2.5155260000030077	490.3742813945716
2.515527000003008	490.33776909268397
2.515528000003008	490.3013072641855
2.515529000003008	490.26489623614754
2.5155300000030083	490.2285363355343
2.5155310000030084	490.19222788920297
2.5155320000030086	490.1559712239031
2.5155330000030087	490.1197666662769
2.515534000003009	490.0836145428584
2.515535000003009	490.04751518007254
2.515536000003009	490.011468904233
2.5155370000030093	489.97547604154215
2.5155380000030094	489.93953691808696
2.5155390000030096	489.90365185994335
2.5155400000030097	489.86782119295106
2.51554100000301	489.8320452427434
2.51554200000301	489.7963243349156
2.51554300000301	489.7606587949335
2.5155440000030103	489.72504894812766
2.5155450000030104	489.68949511968736
2.5155460000030105	489.65399763465473
2.5155470000030107	489.6185568179202
2.515548000003011	489.58317299421674
2.515549000003011	489.5478464881123
2.515550000003011	489.51257762400337
2.5155510000030112	489.477366726109
2.5155520000030114	489.44221411847656
2.5155530000030115	489.4071201249459
2.5155540000030117	489.372085069142
2.515555000003012	489.3371092744946
2.515556000003012	489.3021930642161
2.515557000003012	489.26733676129123
2.515558000003012	489.23254068846916
2.5155590000030124	489.197805168255
2.5155600000030125	489.16313052289763
2.5155610000030126	489.1285170743827
2.5155620000030128	489.09396514444205
2.515563000003013	489.0594750545054
2.515564000003013	489.02504712567656
2.515565000003013	488.99068167878005
2.5155660000030133	488.9563790343229
2.5155670000030135	488.92213951248436
2.5155680000030136	488.8879634331134
2.5155690000030138	488.8538511156364
2.515570000003014	488.8198029386328
2.515571000003014	488.7858192195781
2.515572000003014	488.7519002189036
2.5155730000030143	488.71804625431446
2.5155740000030145	488.6842576433658
2.5155750000030146	488.6505347031912
2.5155760000030147	488.6168777504905
2.515577000003015	488.5832871015186
2.515578000003015	488.5497630720722
2.515579000003015	488.5163059774785
2.5155800000030153	488.48291613258186
2.5155810000030154	488.44959385173223
2.5155820000030156	488.4163394487713
2.5155830000030157	488.3831532370223
2.515584000003016	488.35003552927657
2.515585000003016	488.3169866377811
2.515586000003016	488.28400687422584
2.5155870000030163	488.2510965497327
2.5155880000030164	488.21825597484184
2.5155890000030166	488.18548545950114
2.5155900000030167	488.15278531305205
2.515591000003017	488.12015584421914
2.515592000003017	488.08759736109783
2.515593000003017	488.0551101711423
2.5155940000030172	488.02269458115234
2.5155950000030174	487.990350897264
2.5155960000030175	487.958079424939
2.5155970000030177	487.92588046894946
2.515598000003018	487.8937543333675
2.515599000003018	487.86170132155615
2.515600000003018	487.8297217361584
2.5156010000030182	487.7978158790959
2.5156020000030184	487.76598405154505
2.5156030000030185	487.73422655391226
2.5156040000030186	487.7025436858331
2.515605000003019	487.67093574617746
2.515606000003019	487.63940303626
2.515607000003019	487.60794585007466
2.515608000003019	487.5765644845004
2.5156090000030193	487.54525923466065
2.5156100000030195	487.51403039596096
2.5156110000030196	487.4828782650269
2.5156120000030198	487.45180313230964
2.51561300000302	487.42080529000265
2.51561400000302	487.3898850295707
2.51561500000302	487.3590426416093
2.5156160000030203	487.32827841583764
2.5156170000030205	487.2975926410788
2.5156180000030206	487.2669856052683
2.5156190000030207	487.2364575954557
2.515620000003021	487.20600889776625
2.515621000003021	487.17563979740754
2.515622000003021	487.14535057866266
2.5156230000030213	487.1151415248818
2.5156240000030214	487.0850129184736
2.5156250000030216	487.0549650409003
2.5156260000030217	487.02499817266914
2.515627000003022	486.9951125933262
2.515628000003022	486.9653085814494
2.515629000003022	486.935586414641
2.5156300000030223	486.90594636952284
2.5156310000030224	486.87638872172903
2.5156320000030226	486.84691374589863
2.5156330000030227	486.81752171567047
2.515634000003023	486.7882129036764
2.515635000003023	486.7589875815143
2.515636000003023	486.72984601978095
2.5156370000030233	486.70078848808294
2.5156380000030234	486.6718152549632
2.5156390000030235	486.6429265957194
2.5156400000030237	486.61412277007787
2.515641000003024	486.58540404152427
2.515642000003024	486.5567706841701
2.515643000003024	486.52822295259045
2.5156440000030242	486.49976110903407
2.5156450000030244	486.4713854146761
2.5156460000030245	486.4430961296145
2.5156470000030247	486.41489351286504
2.515648000003025	486.3867778223568
2.515649000003025	486.3587493149262
2.515650000003025	486.3308082463105
2.515651000003025	486.30295487114296
2.5156520000030254	486.2751894429364
2.5156530000030255	486.2475122140939
2.5156540000030256	486.21992343598674
2.5156550000030258	486.1924233587728
2.515656000003026	486.16501223139585
2.515657000003026	486.13769030173745
2.515658000003026	486.1104578165328
2.5156590000030263	486.08331502136485
2.5156600000030265	486.05626216065633
2.5156610000030266	486.02929947766535
2.5156620000030268	486.00242721447756
2.515663000003027	485.97564561137926
2.515664000003027	485.9489549081315
2.515665000003027	485.92235534383167
2.5156660000030273	485.8958471558188
2.5156670000030275	485.8694305802191
2.5156680000030276	485.8431058519347
2.5156690000030277	485.81687320463647
2.515670000003028	485.79073287077284
2.515671000003028	485.7646850815519
2.515672000003028	485.73873006693594
2.5156730000030283	485.7128680556302
2.5156740000030284	485.6870992750411
2.5156750000030286	485.6614239513434
2.5156760000030287	485.6358423094527
2.515677000003029	485.6103545729345
2.515678000003029	485.5849609640876
2.515679000003029	485.5596617038964
2.5156800000030293	485.5344570120223
2.5156810000030294	485.5093471068387
2.5156820000030296	485.4843322053409
2.5156830000030297	485.45941252317556
2.51568400000303	485.4345882746296
2.51568500000303	485.409859672619
2.51568600000303	485.3852269286282
2.5156870000030302	485.3606902528025
2.5156880000030304	485.3362498539251
2.5156890000030305	485.3119059393207
2.5156900000030307	485.28765871488514
2.515691000003031	485.2635083850773
2.515692000003031	485.23945515290484
2.515693000003031	485.2154992199135
2.5156940000030312	485.1916407861752
2.5156950000030314	485.16788005024654
2.5156960000030315	485.1442172092159
2.5156970000030316	485.12065245868394
2.515698000003032	485.09718599231843
2.515699000003032	485.07381800266944
2.515700000003032	485.05054868104145
2.515701000003032	485.02737821684826
2.5157020000030323	485.0043067979158
2.5157030000030325	484.98133461048053
2.5157040000030326	484.9584618391774
2.5157050000030328	484.93568866702606
2.515706000003033	484.91301527541754
2.515707000003033	484.8904418441002
2.515708000003033	484.8679685511683
2.5157090000030333	484.8455955730466
2.5157100000030335	484.8233230839497
2.5157110000030336	484.8011512569382
2.5157120000030337	484.77908026385774
2.515713000003034	484.7571102743316
2.515714000003034	484.7352414562425
2.515715000003034	484.71347397572464
2.5157160000030343	484.6918079971507
2.5157170000030344	484.67024368311957
2.5157180000030346	484.6487811944434
2.5157190000030347	484.62742069013393
2.515720000003035	484.60616232739187
2.515721000003035	484.58500626159235
2.515722000003035	484.5639526462751
2.5157230000030353	484.54300163313053
2.5157240000030354	484.5221533719521
2.5157250000030356	484.50140801070137
2.5157260000030357	484.4807656954854
2.515727000003036	484.4602265672727
2.515728000003036	484.4397907685181
2.515729000003036	484.4194584435907
2.5157300000030363	484.39922973091916
2.5157310000030364	484.37910476609824
2.5157320000030365	484.3590836836634
2.5157330000030367	484.3391666162148
2.515734000003037	484.3193536943908
2.515735000003037	484.29964504685927
2.515736000003037	484.2800407971976
2.5157370000030372	484.2605410702756
2.5157380000030374	484.24114599170264
2.5157390000030375	484.22185568224506
2.5157400000030377	484.202670260607
2.515741000003038	484.18358984344684
2.515742000003038	484.164614545441
2.515743000003038	484.1457444792693
2.515744000003038	484.1269797555579
2.5157450000030384	484.1083204828996
2.5157460000030385	484.08976676783163
2.5157470000030386	484.07131871631674
2.5157480000030388	484.0529764311004
2.515749000003039	484.0347400094612
2.515750000003039	484.01660954959056
2.515751000003039	483.998585149633
2.5157520000030393	483.98066690396433
2.5157530000030395	483.9628549048985
2.5157540000030396	483.9451492427159
2.5157550000030398	483.9275500056665
2.51575600000304	483.91005727997486
2.51575700000304	483.8926711498423
2.51575800000304	483.87539169745287
2.5157590000030403	483.85821900469756
2.5157600000030405	483.84115314966016
2.5157610000030406	483.8241942068938
2.5157620000030407	483.80734225054516
2.515763000003041	483.79059735280117
2.515764000003041	483.7739595838829
2.515765000003041	483.7574290120499
2.5157660000030413	483.74100570360554
2.5157670000030414	483.72468972390436
2.5157680000030416	483.7084811353086
2.5157690000030417	483.69237999743547
2.515770000003042	483.6763863688773
2.515771000003042	483.66050030274596
2.515772000003042	483.64472185409346
2.5157730000030423	483.62905107929186
2.5157740000030424	483.6134880295645
2.5157750000030425	483.59803275425
2.5157760000030427	483.5826853008825
2.515777000003043	483.5674457151959
2.515778000003043	483.55231404116216
2.515779000003043	483.5372903210405
2.5157800000030432	483.5223745953498
2.5157810000030434	483.5075669029127
2.5157820000030435	483.49286728088657
2.5157830000030437	483.47827576476135
2.515784000003044	483.463792388398
2.515785000003044	483.4494171840528
2.515786000003044	483.4351501824026
2.5157870000030442	483.4209914125726
2.5157880000030444	483.4069409021615
2.5157890000030445	483.39299867727124
2.5157900000030446	483.379164762511
2.515791000003045	483.3654391810226
2.515792000003045	483.35182195461005
2.515793000003045	483.3383131037193
2.515794000003045	483.32491264731993
2.5157950000030453	483.3116206031352
2.5157960000030455	483.2984369894187
2.5157970000030456	483.2853618212793
2.5157980000030458	483.2723951110582
2.515799000003046	483.2595368715056
2.515800000003046	483.2467871142435
2.515801000003046	483.2341458497739
2.5158020000030463	483.22161308751265
2.5158030000030465	483.20918883577724
2.5158040000030466	483.1968731025932
2.5158050000030467	483.1846658934726
2.515806000003047	483.1725672140253
2.515807000003047	483.1605770687691
2.515808000003047	483.1486954613315
2.5158090000030473	483.1369223945265
2.5158100000030474	483.1252578703722
2.5158110000030476	483.1137018901277
2.5158120000030477	483.102254454331
2.515813000003048	483.09091556283573
2.515814000003048	483.0796852149041
2.515815000003048	483.06856340912594
2.5158160000030483	483.0575501434904
2.5158170000030484	483.0466454154936
2.5158180000030486	483.0358492221418
2.5158190000030487	483.02516155998495
2.515820000003049	483.01458242515673
2.515821000003049	483.0041118134102
2.515822000003049	482.9937497201571
2.5158230000030493	482.9834961405058
2.5158240000030494	482.9733510692979
2.5158250000030495	482.96331450114536
2.5158260000030497	482.9533864317218
2.51582700000305	482.9435668545268
2.51582800000305	482.9338557634812
2.51582900000305	482.92425315244407
2.5158300000030502	482.9147590141785
2.5158310000030504	482.90537334347823
2.5158320000030505	482.8960961346294
2.5158330000030507	482.8869273818976
2.515834000003051	482.87786707946117
2.515835000003051	482.8689152216334
2.515836000003051	482.8600718028891
2.515837000003051	482.8513368178951
2.5158380000030514	482.84271026287837
2.5158390000030515	482.8341921322134
2.5158400000030516	482.82578242103074
2.5158410000030518	482.81748112488054
2.515842000003052	482.80928823986085
2.515843000003052	482.80120376235624
2.515844000003052	482.79322768925323
2.5158450000030523	482.7853600179659
2.5158460000030525	482.7776007462711
2.5158470000030526	482.76994987243035
2.5158480000030528	482.7624073952151
2.515849000003053	482.75497331392853
2.515850000003053	482.7476476284314
2.515851000003053	482.74043033916377
2.5158520000030533	482.7333214471652
2.5158530000030535	482.7263209540957
2.5158540000030536	482.71942886226265
2.5158550000030537	482.71264517462447
2.515856000003054	482.7059698948074
2.515857000003054	482.6994030271381
2.515858000003054	482.69294457665063
2.5158590000030543	482.68659454910073
2.5158600000030544	482.6803529509801
2.5158610000030546	482.6742197895252
2.5158620000030547	482.6681950727318
2.515863000003055	482.6622788093664
2.515864000003055	482.65647100897087
2.515865000003055	482.6507716818711
2.5158660000030553	482.6451808391947
2.5158670000030554	482.6396984928549
2.5158680000030555	482.6343246516412
2.5158690000030557	482.6290593289338
2.515870000003056	482.6239025430875
2.515871000003056	482.61885430920466
2.515872000003056	482.6139146432186
2.5158730000030562	482.6090835619191
2.5158740000030564	482.6043610828474
2.5158750000030565	482.5997472244589
2.5158760000030567	482.5952420058686
2.515877000003057	482.5908454469031
2.515878000003057	482.58655756825414
2.515879000003057	482.58237839138906
2.5158800000030572	482.57830793853356
2.5158810000030574	482.574346232662
2.5158820000030575	482.5704932974853
2.5158830000030576	482.5667491574374
2.515884000003058	482.5631138377429
2.515885000003058	482.5595873642383
2.515886000003058	482.55616976332396
2.515887000003058	482.5528610621674
2.5158880000030583	482.54966128859934
2.5158890000030585	482.5465704710452
2.5158900000030586	482.5435886385264
2.5158910000030588	482.5407158206408
2.515892000003059	482.53795204753845
2.515893000003059	482.53529734989576
2.515894000003059	482.5327517588931
2.5158950000030593	482.5303153061868
2.5158960000030595	482.5279880238818
2.5158970000030596	482.52576994450465
2.5158980000030597	482.52366110086757
2.51589900000306	482.5216615262508
2.51590000000306	482.5197712543718
2.51590100000306	482.51799031914294
2.5159020000030603	482.5163187547436
2.5159030000030604	482.5147565955743
2.5159040000030606	482.51330387626575
2.5159050000030607	482.5119606315791
2.515906000003061	482.5107268964086
2.515907000003061	482.5096027057926
2.515908000003061	482.50858809479416
2.5159090000030613	482.5076830985176
2.5159100000030614	482.50688775203014
2.5159110000030616	482.50620209032553
2.5159120000030617	482.50562614832313
2.515913000003062	482.5051599608087
2.515914000003062	482.504803562396
2.515915000003062	482.5045569874862
2.5159160000030623	482.50442027022734
2.5159170000030624	482.504393444474
2.5159180000030625	482.5044765437459
2.5159190000030627	482.5046696011873
2.515920000003063	482.5049726495056
2.515921000003063	482.5053857209707
2.515922000003063	482.50590884736914
2.5159230000030632	482.50654205992277
2.5159240000030634	482.5072853892778
2.5159250000030635	482.50813886545274
2.5159260000030637	482.5091025177941
2.515927000003064	482.5101763749406
2.515928000003064	482.51136046477995
2.515929000003064	482.5126548143796
2.515930000003064	482.51405944999374
2.5159310000030644	482.5155743970461
2.5159320000030645	482.5171996800074
2.5159330000030646	482.51893532239166
2.5159340000030648	482.5207813467174
2.515935000003065	482.5227377745819
2.515936000003065	482.52480462637897
2.515937000003065	482.5269819213003
2.5159380000030653	482.5292696774787
2.5159390000030655	482.5316679118595
2.5159400000030656	482.5341766401598
2.5159410000030658	482.5367958768307
2.515942000003066	482.5395256350241
2.515943000003066	482.5423659265569
2.515944000003066	482.54531676186747
2.5159450000030663	482.5483781499809
2.5159460000030665	482.5515500984896
2.5159470000030666	482.55483261352265
2.5159480000030667	482.558225699694
2.515949000003067	482.56172936007584
2.515950000003067	482.5653435961825
2.515951000003067	482.5690684079712
2.5159520000030673	482.5729037937179
2.5159530000030674	482.57684975007135
2.5159540000030676	482.58090627199834
2.5159550000030677	482.5850733527564
2.515956000003068	482.58935098388656
2.515957000003068	482.5937391551841
2.515958000003068	482.59823785467313
2.5159590000030683	482.60284706858624
2.5159600000030684	482.6075667813439
2.5159610000030685	482.6123969755333
2.5159620000030687	482.6173376318981
2.515963000003069	482.62238872932073
2.515964000003069	482.6275502448012
2.515965000003069	482.63282215344634
2.5159660000030692	482.63820442845645
2.5159670000030694	482.6436970411168
2.5159680000030695	482.6492999607865
2.5159690000030697	482.6550131548873
2.51597000000307	482.6608365888981
2.51597100000307	482.66677022634707
2.51597200000307	482.6728140288086
2.5159730000030702	482.67896795589775
2.5159740000030704	482.6852319652689
2.5159750000030705	482.6916060126149
2.5159760000030706	482.69809005166724
2.515977000003071	482.70468403419585
2.515978000003071	482.71138791001357
2.515979000003071	482.71820162697963
2.515980000003071	482.7251251310053
2.5159810000030713	482.7321583660617
2.5159820000030715	482.73930127418595
2.5159830000030716	482.7465537954918
2.5159840000030718	482.75391586817904
2.515985000003072	482.7613874285468
2.515986000003072	482.76896841100523
2.515987000003072	482.7766587480915
2.5159880000030723	482.7844583704839
2.5159890000030725	482.79236720702005
2.5159900000030726	482.80038518471366
2.5159910000030727	482.80851222877425
2.515992000003073	482.8167482626279
2.515993000003073	482.82509320793883
2.515994000003073	482.8335469846309
2.5159950000030733	482.84210951103955
2.5159960000030734	482.8507807036823
2.5159970000030736	482.85956047729127
2.5159980000030737	482.86844874508216
2.515999000003074	482.87744541866215
2.516000000003074	482.8865504080582
2.516001000003074	482.8957636217467
2.5160020000030743	482.90508496668474
2.5160030000030744	482.9145143483428
2.5160040000030746	482.92405167073633
2.5160050000030747	482.9336968364606
2.516006000003075	482.94344974672515
2.516007000003075	482.9533103013876
2.516008000003075	482.9632783989914
2.5160090000030753	482.9733539368026
2.5160100000030754	482.9835368110863
2.5160110000030755	482.993826916653
2.5160120000030757	483.00422414694225
2.516013000003076	483.01472839448536
2.516014000003076	483.02533955073534
2.516015000003076	483.0360575061016
2.5160160000030762	483.04688214999175
2.5160170000030764	483.0578133708521
2.5160180000030765	483.06885105621086
2.5160190000030767	483.07999509271906
2.516020000003077	483.0912453661943
2.516021000003077	483.10260176166366
2.516022000003077	483.1140641633928
2.516023000003077	483.12563245495653
2.5160240000030774	483.13730651928114
2.5160250000030775	483.14908623866273
2.5160260000030776	483.16097149482505
2.5160270000030778	483.17296216896267
2.516028000003078	483.18505814178457
2.516029000003078	483.1972592935581
2.516030000003078	483.2095655041517
2.5160310000030783	483.2219766530785
2.5160320000030785	483.23449261954204
2.5160330000030786	483.247113282478
2.5160340000030788	483.25983852059846
2.516035000003079	483.27266821243444
2.516036000003079	483.2856022363762
2.516037000003079	483.29864047079604
2.5160380000030793	483.3117827939362
2.5160390000030795	483.325029083933
2.5160400000030796	483.33837921904205
2.5160410000030797	483.3518330776033
2.51604200000308	483.3653905380505
2.51604300000308	483.3790514789613
2.51604400000308	483.39281577909975
2.5160450000030803	483.4066833174536
2.5160460000030804	483.4206539732785
2.5160470000030806	483.4347276261051
2.5160480000030807	483.4489041558112
2.516049000003081	483.46318344266916
2.516050000003081	483.477565367333
2.516051000003081	483.4920498108911
2.5160520000030813	483.5066366549028
2.5160530000030814	483.52132578143426
2.5160540000030815	483.53611707307834
2.5160550000030817	483.5510104129889
2.516056000003082	483.5660056870084
2.516057000003082	483.58110277961026
2.516058000003082	483.5963015735086
2.5160590000030822	483.61160195435735
2.5160600000030824	483.6270038085782
2.5160610000030825	483.64250702324694
2.5160620000030827	483.6581114861865
2.516063000003083	483.6738170859788
2.516064000003083	483.68962371198484
2.516065000003083	483.7055312543627
2.5160660000030832	483.72153960408497
2.5160670000030834	483.73764865310807
2.5160680000030835	483.7538582940735
2.5160690000030836	483.7701684203377
2.516070000003084	483.7865789262729
2.516071000003084	483.80308970713173
2.516072000003084	483.8197006590563
2.516073000003084	483.83641167908524
2.5160740000030843	483.85322266515993
2.5160750000030845	483.8701335161446
2.5160760000030846	483.8871441318019
2.5160770000030848	483.90425441278853
2.516078000003085	483.9214642606936
2.516079000003085	483.9387735780185
2.516080000003085	483.9561822681758
2.5160810000030853	483.97369023548686
2.5160820000030855	483.9912973851744
2.5160830000030856	484.00900362335824
2.5160840000030857	484.02680885704643
2.516085000003086	484.04471299412603
2.516086000003086	484.0627159433529
2.516087000003086	484.0808176143389
2.5160880000030863	484.0990179175385
2.5160890000030864	484.11731676436517
2.5160900000030866	484.1357140669099
2.5160910000030867	484.15420973793636
2.516092000003087	484.1728036911319
2.516093000003087	484.191495840964
2.516094000003087	484.2102861025561
2.5160950000030873	484.2291743917179
2.5160960000030874	484.24816062499247
2.5160970000030876	484.26724471958283
2.5160980000030877	484.2864265933241
2.516099000003088	484.3057061646556
2.516100000003088	484.3250833525912
2.516101000003088	484.34455807668905
2.5161020000030883	484.3641302570204
2.5161030000030884	484.38379981413493
2.5161040000030885	484.403566669023
2.5161050000030887	484.42343074308775
2.516106000003089	484.44339195810477
2.516107000003089	484.4634502361853
2.516108000003089	484.4836054997386
2.5161090000030892	484.50385767155973
2.5161100000030894	484.52420667453646
2.5161110000030895	484.5446524315987
2.5161120000030897	484.56519486593237
2.51611300000309	484.58583390082237
2.51611400000309	484.60656945960073
2.51611500000309	484.62740146574265
2.51611600000309	484.6483298425309
2.5161170000030904	484.66935451304187
2.5161180000030905	484.69047540033944
2.5161190000030906	484.71169242731185
2.5161200000030908	484.7330055166139
2.516121000003091	484.7544145906145
2.516122000003091	484.7759195713593
2.516123000003091	484.79752038051663
2.5161240000030913	484.81921693932674
2.5161250000030915	484.84100916855215
2.5161260000030916	484.862896988428
2.5161270000030918	484.88488031860925
2.516128000003092	484.9069590781217
2.516129000003092	484.92913318531
2.516130000003092	484.9514025577705
2.5161310000030923	484.97376711233255
2.5161320000030925	484.99622676500337
2.5161330000030926	485.01878143088925
2.5161340000030927	485.04143102415816
2.516135000003093	485.06417545798865
2.516136000003093	485.08701464451883
2.516137000003093	485.10994849479385
2.5161380000030933	485.13297691871736
2.5161390000030934	485.15609982500087
2.5161400000030936	485.17931712111175
2.5161410000030937	485.20262871322547
2.516142000003094	485.2260345061739
2.516143000003094	485.2495344033996
2.516144000003094	485.27312830690613
2.5161450000030943	485.2968161172073
2.5161460000030944	485.3205977332835
2.5161470000030945	485.3444730525347
2.5161480000030947	485.3684419707116
2.516149000003095	485.3925043819165
2.516150000003095	485.41666017855306
2.516151000003095	485.4409092512449
2.5161520000030952	485.465251488813
2.5161530000030954	485.48968677823274
2.5161540000030955	485.51421500459395
2.5161550000030957	485.53883605106097
2.516156000003096	485.56354979883264
2.516157000003096	485.5883561271057
2.516158000003096	485.6132549130368
2.5161590000030962	485.6382460317078
2.5161600000030964	485.6633293560898
2.5161610000030965	485.6885047570112
2.5161620000030966	485.713772103125
2.516163000003097	485.73913126087774
2.516164000003097	485.7645820944803
2.516165000003097	485.7901244658782
2.516166000003097	485.815758234723
2.5161670000030973	485.84148325834786
2.5161680000030975	485.867299391743
2.5161690000030976	485.893206487535
2.5161700000030978	485.9192043959639
2.516171000003098	485.94529296486206
2.516172000003098	485.9714720396369
2.516173000003098	485.9977414632523
2.5161740000030983	486.02410107621324
2.5161750000030985	486.0505507165506
2.5161760000030986	486.0770902198103
2.5161770000030987	486.10371941904
2.516178000003099	486.13043814478004
2.516179000003099	486.157246225056
2.516180000003099	486.18414348539653
2.5161810000030993	486.21112974877605
2.5161820000030994	486.23820483560627
2.5161830000030996	486.2653685638002
2.5161840000030997	486.29262074874816
2.5161850000031	486.319961203297
2.5161860000031	486.3473897377651
2.5161870000031	486.3749061599465
2.5161880000031003	486.40251027511476
2.5161890000031004	486.43020188601986
2.5161900000031006	486.4579807929216
2.5161910000031007	486.4858467936
2.516192000003101	486.51379968337426
2.516193000003101	486.5418392550671
2.516194000003101	486.56996529900925
2.5161950000031013	486.5981776031343
2.5161960000031014	486.6264759529573
2.5161970000031015	486.65486013159455
2.5161980000031017	486.6833299245742
2.516199000003102	486.71188510951197
2.516200000003102	486.7405254584602
2.516201000003102	486.7692507450275
2.5162020000031022	486.79806074070206
2.5162030000031024	486.8269552146963
2.5162040000031025	486.8559339339997
2.5162050000031027	486.8849966634089
2.516206000003103	486.91414316557155
2.516207000003103	486.9433732010048
2.516208000003103	486.9726865281747
2.516209000003103	487.00208290343517
2.5162100000031034	487.0315620810549
2.5162110000031035	487.0611238133886
2.5162120000031036	487.09076785084335
2.5162130000031038	487.1204939419192
2.516214000003104	487.1503018332516
2.516215000003104	487.18019126965265
2.516216000003104	487.2101619941534
2.5162170000031043	487.2402137480476
2.5162180000031045	487.27034627093644
2.5162190000031046	487.30055930077333
2.5162200000031048	487.33085257391105
2.516221000003105	487.3612258251471
2.516222000003105	487.3916787877725
2.516223000003105	487.4222111936198
2.5162240000031053	487.45282277311134
2.5162250000031054	487.4835132553097
2.5162260000031056	487.5142823679665
2.5162270000031057	487.5451298375747
2.516228000003106	487.57605538942346
2.516229000003106	487.60705874764045
2.516230000003106	487.6381396352427
2.5162310000031063	487.6692977742
2.5162320000031064	487.70053288548166
2.5162330000031066	487.73184468911023
2.5162340000031067	487.7632329042272
2.516235000003107	487.79469724911985
2.516236000003107	487.82623744127727
2.516237000003107	487.85785319746606
2.5162380000031073	487.88954423377334
2.5162390000031074	487.92131026566017
2.5162400000031075	487.95315100801434
2.5162410000031077	487.985066175205
2.516242000003108	488.01705548059437
2.516243000003108	488.04911865202746
2.516244000003108	488.081255389462
2.5162450000031082	488.1134654050096
2.5162460000031084	488.14574842613547
2.5162470000031085	488.17810415058216
2.5162480000031087	488.2105322907049
2.516249000003109	488.2430325586396
2.516250000003109	488.27560466647793
2.516251000003109	488.3082483263176
2.5162520000031092	488.3409632503124
2.5162530000031094	488.3737491507223
2.5162540000031095	488.40660573996297
2.5162550000031096	488.4395327306542
2.51625600000311	488.4725298356674
2.51625700000311	488.50559676817545
2.51625800000311	488.538733239713
2.51625900000311	488.5719389633253
2.5162600000031103	488.605213656443
2.5162610000031105	488.6385570337732
2.5162620000031106	488.67196881067304
2.5162630000031108	488.70544870306827
2.516264000003111	488.738996427496
2.516265000003111	488.77261170113167
2.516266000003111	488.8062942418608
2.5162670000031113	488.8400437683172
2.5162680000031115	488.8738599998911
2.5162690000031116	488.907742656783
2.5162700000031117	488.9416914600381
2.516271000003112	488.97570613158376
2.516272000003112	489.00978639426273
2.516273000003112	489.04393197186647
2.5162740000031123	489.07814258916915
2.5162750000031124	489.11241797195805
2.5162760000031126	489.1467578470703
2.5162770000031127	489.1811619424065
2.516278000003113	489.2156299869628
2.516279000003113	489.2501617108677
2.516280000003113	489.2847568454008
2.5162810000031133	489.3194151230217
2.5162820000031134	489.3541362773902
2.5162830000031136	489.3889200433864
2.5162840000031137	489.42376615713306
2.516285000003114	489.4586743559845
2.516286000003114	489.4936443786088
2.516287000003114	489.5286759650063
2.5162880000031143	489.56376885646006
2.5162890000031144	489.59892279558215
2.5162900000031145	489.6341375263293
2.5162910000031147	489.66941279401414
2.516292000003115	489.7047483458456
2.516293000003115	489.74014392986965
2.516294000003115	489.77559929506583
2.5162950000031152	489.8111141922281
2.5162960000031154	489.8466883735973
2.5162970000031155	489.8823215930273
2.5162980000031157	489.91801360555667
2.516299000003116	489.95376416747604
2.516300000003116	489.98957303666873
2.516301000003116	490.0254399724403
2.516302000003116	490.06136473551203
2.5163030000031164	490.0973470880212
2.5163040000031165	490.1333867936031
2.5163050000031166	490.1694836172108
2.5163060000031168	490.20563732513085
2.516307000003117	490.2418476851229
2.516308000003117	490.27811446634126
2.516309000003117	490.31443743932454
2.5163100000031173	490.35081637598665
2.5163110000031175	490.38725104960736
2.5163120000031176	490.4237412348218
2.5163130000031178	490.46028670760904
2.516314000003118	490.49688724532035
2.516315000003118	490.53354262658115
2.516316000003118	490.57025263128213
2.5163170000031183	490.6070170406424
2.5163180000031184	490.6438356371521
2.5163190000031186	490.68070820455887
2.5163200000031187	490.7176345278469
2.516321000003119	490.75461439322027
2.516322000003119	490.79164758808474
2.516323000003119	490.8287339010256
2.5163240000031193	490.86587312179
2.5163250000031194	490.90306504126517
2.5163260000031196	490.9403094514542
2.5163270000031197	490.9776061454575
2.51632800000312	491.0149549174492
2.51632900000312	491.05235556265205
2.51633000000312	491.0898078773152
2.5163310000031203	491.1273116590021
2.5163320000031204	491.1648667059464
2.5163330000031205	491.2024728170641
2.5163340000031207	491.2401297924279
2.516335000003121	491.27783743302143
2.516336000003121	491.3155955407249
2.516337000003121	491.35340391826645
2.5163380000031212	491.3912623691939
2.5163390000031214	491.42917069784943
2.5163400000031215	491.4671287093424
2.5163410000031217	491.5051362096089
2.516342000003122	491.54319300519916
2.516343000003122	491.5812989032967
2.516344000003122	491.6194537117969
2.5163450000031222	491.65765723921277
2.5163460000031224	491.69590929475277
2.5163470000031225	491.734209688111
2.5163480000031226	491.7725582294574
2.516349000003123	491.8109547295508
2.516350000003123	491.8493989996397
2.516351000003123	491.8878908514343
2.516352000003123	491.9264300970777
2.5163530000031233	491.9650165491178
2.5163540000031235	492.00365002048306
2.5163550000031236	492.0423303244511
2.5163560000031238	492.08105727465335
2.516357000003124	492.119830685071
2.516358000003124	492.15865036985684
2.516359000003124	492.19751614333893
2.5163600000031243	492.2364278201572
2.5163610000031245	492.27538521514475
2.5163620000031246	492.3143881433032
2.5163630000031247	492.3534364197793
2.516364000003125	492.39252985984126
2.516365000003125	492.4316682788536
2.516366000003125	492.47085143292946
2.5163670000031253	492.510079136052
2.5163680000031254	492.5493512636404
2.5163690000031256	492.5886676317898
2.5163700000031257	492.6280280560199
2.516371000003126	492.66743235180127
2.516372000003126	492.7068803345142
2.516373000003126	492.7463718194931
2.5163740000031263	492.78590662197865
2.5163750000031264	492.8254845570971
2.5163760000031266	492.86510543984355
2.5163770000031267	492.90476908506383
2.516378000003127	492.94447530743844
2.516379000003127	492.9842239214668
2.516380000003127	493.0240147414508
2.5163810000031273	493.06384758148124
2.5163820000031274	493.10372225542363
2.5163830000031275	493.1436385769047
2.5163840000031277	493.1835963592995
2.516385000003128	493.2235954157196
2.516386000003128	493.2636356109621
2.516387000003128	493.3037167609864
2.5163880000031282	493.34383862356395
2.5163890000031284	493.3840010101248
2.5163900000031285	493.4242037322942
2.5163910000031287	493.46444660136024
2.516392000003129	493.5047294283254
2.516393000003129	493.5450520238589
2.516394000003129	493.5854141982928
2.516395000003129	493.62581576161597
2.5163960000031294	493.6662565234705
2.5163970000031295	493.7067362931486
2.5163980000031296	493.7472548795904
2.5163990000031298	493.7878120913812
2.51640000000313	493.8284077364513
2.51640100000313	493.8690416226955
2.51640200000313	493.9097135579079
2.5164030000031303	493.9504233492629
2.5164040000031305	493.9911708035756
2.5164050000031306	494.0319557272565
2.5164060000031307	494.07277792642674
2.516407000003131	494.11363720690866
2.516408000003131	494.1545333741432
2.516409000003131	494.195466233252
2.5164100000031313	494.23643558901784
2.5164110000031314	494.27744124589043
2.5164120000031316	494.31848300802136
2.5164130000031317	494.35956067927566
2.516414000003132	494.40067406320543
2.516415000003132	494.4418229630915
2.516416000003132	494.4830071819418
2.5164170000031323	494.52422652246787
2.5164180000031324	494.56548078711916
2.5164190000031326	494.60676977811937
2.5164200000031327	494.6480932974599
2.516421000003133	494.68945114691246
2.516422000003133	494.7308431280428
2.516423000003133	494.77226904224983
2.5164240000031333	494.81372869072857
2.5164250000031334	494.8552218743485
2.5164260000031335	494.896748393989
2.5164270000031337	494.93830805047077
2.516428000003134	494.9799006444393
2.516429000003134	495.02152597644687
2.516430000003134	495.0631838469166
2.5164310000031342	495.10487405619233
2.5164320000031344	495.1465964045922
2.5164330000031345	495.1883506923988
2.5164340000031347	495.23013671987724
2.516435000003135	495.2719542872941
2.516436000003135	495.3138031880996
2.516437000003135	495.3556832219973
2.5164380000031352	495.39759419683367
2.5164390000031354	495.4395359130412
2.5164400000031355	495.48150817116914
2.5164410000031356	495.523510771879
2.516442000003136	495.5655435159955
2.516443000003136	495.607606204465
2.516444000003136	495.6496986383768
2.516445000003136	495.69182061904064
2.5164460000031363	495.7339719480843
2.5164470000031365	495.7761524272589
2.5164480000031366	495.81836185846487
2.5164490000031368	495.86060004397535
2.516450000003137	495.9028667863543
2.516451000003137	495.94516188847547
2.516452000003137	495.9874851535423
2.5164530000031373	496.0298363851069
2.5164540000031375	496.0722153870901
2.5164550000031376	496.11462196380256
2.5164560000031377	496.1570559199596
2.516457000003138	496.19951706071197
2.516458000003138	496.24200519167766
2.516459000003138	496.2845201188856
2.5164600000031383	496.3270616488444
2.5164610000031384	496.3696295885851
2.5164620000031386	496.41222374565746
2.5164630000031387	496.4548439281462
2.516464000003139	496.49748994453313
2.516465000003139	496.54016160402733
2.516466000003139	496.5828587165762
2.5164670000031393	496.6255810925817
2.5164680000031394	496.6683285430639
2.5164690000031396	496.7111008796795
2.5164700000031397	496.7538979147384
2.51647100000314	496.79671946122204
2.51647200000314	496.8395653327862
2.51647300000314	496.8824353437761
2.5164740000031403	496.9253293092519
2.5164750000031404	496.9682470449989
2.5164760000031405	497.0111883675409
2.5164770000031407	497.0541531238874
2.516478000003141	497.0971411336197
2.516479000003141	497.1401521845631
2.516480000003141	497.18318609585253
2.5164810000031412	497.22624268786507
2.5164820000031414	497.2693217817916
2.5164830000031415	497.31242319963735
2.5164840000031417	497.3555467642347
2.516485000003142	497.3986922992995
2.516486000003142	497.4418596293417
2.516487000003142	497.4850485788838
2.516488000003142	497.52825897412237
2.5164890000031424	497.57149064296567
2.5164900000031425	497.61474341340653
2.5164910000031426	497.65801711679745
2.5164920000031428	497.7013115818693
2.516493000003143	497.7446266385184
2.516494000003143	497.7879621187673
2.516495000003143	497.83131785498136
2.5164960000031433	497.8746936795415
2.5164970000031435	497.9180894266893
2.5164980000031436	497.961504931686
2.5164990000031437	498.004940030525
2.516500000003144	498.04839456018703
2.516501000003144	498.0918683583601
2.516502000003144	498.13536126382326
2.5165030000031443	498.1788731164532
2.5165040000031444	498.22240367282103
2.5165050000031446	498.26595285837067
2.5165060000031447	498.3095205151817
2.516507000003145	498.3531064036787
2.516508000003145	498.39671045014785
2.516509000003145	498.44033250117207
2.5165100000031453	498.4839724031293
2.5165110000031454	498.5276300030251
2.5165120000031456	498.57130514876513
2.5165130000031457	498.61499768915405
2.516514000003146	498.6587074738909
2.516515000003146	498.7024343534585
2.516516000003146	498.74617817932454
2.5165170000031463	498.7899388039554
2.5165180000031464	498.833716080581
2.5165190000031465	498.8775098632993
2.5165200000031467	498.9213200070723
2.516521000003147	498.96514636771906
2.516522000003147	499.0089888019077
2.516523000003147	499.0528471671514
2.5165240000031472	499.09672132177343
2.5165250000031474	499.140611124957
2.5165260000031475	499.18451643671887
2.5165270000031477	499.22843711787306
2.516528000003148	499.2723730300313
2.516529000003148	499.31632403553925
2.516530000003148	499.36028999760305
2.516531000003148	499.4042707802846
2.5165320000031484	499.44826624834246
2.5165330000031485	499.49227626729794
2.5165340000031486	499.5363007034268
2.516535000003149	499.5803394237495
2.516536000003149	499.62439229602273
2.516537000003149	499.66845918873065
2.516538000003149	499.71253997107317
2.5165390000031493	499.75663451314256
2.5165400000031495	499.80074268553176
2.5165410000031496	499.84486435937447
2.5165420000031498	499.88899940664163
2.51654300000315	499.9331476999795
2.51654400000315	499.9773091126939
2.51654500000315	500.02148351874166
2.5165460000031503	500.065670792615
2.5165470000031505	500.10987080953635
2.5165480000031506	500.1540834454685
2.5165490000031507	500.19830857687526
2.516550000003151	500.2425460809044
2.516551000003151	500.28679583514094
2.516552000003151	500.3310577178216
2.5165530000031513	500.37533160777303
2.5165540000031514	500.4196173843825
2.5165550000031516	500.46391492759403
2.5165560000031517	500.5082241179005
2.516557000003152	500.5525448363331
2.516558000003152	500.5968769644545
2.516559000003152	500.6412203843488
2.5165600000031523	500.6855749786145
2.5165610000031524	500.72994063035475
2.5165620000031526	500.77431722317056
2.5165630000031527	500.818704641152
2.516564000003153	500.8631027688728
2.516565000003153	500.90751149137657
2.516566000003153	500.951930694175
2.5165670000031533	500.99636026323833
2.5165680000031534	501.04080012747886
2.5165690000031535	501.0852501746072
2.5165700000031537	501.12971024964804
2.516571000003154	501.17418023917884
2.516572000003154	501.21866003133334
2.516573000003154	501.2631495146983
2.5165740000031542	501.3076485782697
2.5165750000031544	501.35215711146094
2.5165760000031545	501.39667500407353
2.5165770000031547	501.4412021463147
2.516578000003155	501.4857384291542
2.516579000003155	501.5302837435444
2.516580000003155	501.5748379805054
2.516581000003155	501.61940103177204
2.5165820000031554	501.66397278945766
2.5165830000031555	501.70855314604563
2.5165840000031556	501.7531419943848
2.5165850000031558	501.79773922768453
2.516586000003156	501.8423447395142
2.516587000003156	501.8869584238805
2.516588000003156	501.9315801750532
2.5165890000031563	501.976209887579
2.5165900000031565	502.0208474564293
2.5165910000031566	502.0654927769202
2.5165920000031567	502.1101457447104
2.516593000003157	502.1548062557985
2.516594000003157	502.1994742186549
2.516595000003157	502.2441495300783
2.5165960000031573	502.28883207510756
2.5165970000031574	502.3335217511201
2.5165980000031576	502.37821845579106
2.5165990000031577	502.4229220871257
2.516600000003158	502.46763254342767
2.516601000003158	502.5123497235617
2.516602000003158	502.55707352652155
2.5166030000031583	502.60180385157054
2.5166040000031584	502.6465405983478
2.5166050000031586	502.69128366673743
2.5166060000031587	502.7360329570439
2.516607000003159	502.7807883699018
2.516608000003159	502.8255498062727
2.516609000003159	502.87031716744656
2.5166100000031593	502.915090355041
2.5166110000031594	502.95986927102786
2.5166120000031595	503.0046538176969
2.5166130000031597	503.04944389761073
2.51661400000316	503.09423941365026
2.51661500000316	503.13904026908716
2.51661600000316	503.1838463675728
2.5166170000031602	503.22865761303956
2.5166180000031604	503.27347390982413
2.5166190000031605	503.31829516252196
2.5166200000031607	503.3631212759956
2.516621000003161	503.4079521555112
2.516622000003161	503.4527877066741
2.516623000003161	503.49762783542513
2.516624000003161	503.5424724480442
2.5166250000031614	503.5873214394233
2.5166260000031615	503.63217471553554
2.5166270000031616	503.6770321968723
2.516628000003162	503.7218937906106
2.516629000003162	503.76675940466265
2.516630000003162	503.81162894735655
2.516631000003162	503.85650232736305
2.5166320000031623	503.9013794536979
2.5166330000031625	503.94626023572056
2.5166340000031626	503.9911445831366
2.5166350000031628	504.0360324059963
2.516636000003163	504.08092361469687
2.516637000003163	504.12581812015935
2.516638000003163	504.1707158335035
2.5166390000031633	504.2156166659524
2.5166400000031635	504.26052052929606
2.5166410000031636	504.3054273356634
2.5166420000031637	504.3503369975297
2.516643000003164	504.3952494277167
2.516644000003164	504.4401645393912
2.516645000003164	504.48508224606644
2.5166460000031643	504.5300024616351
2.5166470000031644	504.57492510032006
2.5166480000031646	504.61985007660115
2.5166490000031647	504.66477730537304
2.516650000003165	504.7097067018641
2.516651000003165	504.75463818164116
2.516652000003165	504.79957166061143
2.5166530000031653	504.8445070550186
2.5166540000031654	504.88944428144197
2.5166550000031656	504.9343832567948
2.5166560000031657	504.9793238983232
2.516657000003166	505.02426612363536
2.516658000003166	505.06920985091904
2.516659000003166	505.11415499838245
2.5166600000031663	505.1591014842938
2.5166610000031664	505.20404922752033
2.5166620000031665	505.24899814725717
2.5166630000031667	505.29394816301556
2.516664000003167	505.33889919462035
2.516665000003167	505.3838511622071
2.516666000003167	505.4288039862191
2.5166670000031672	505.47375758735444
2.5166680000031674	505.51871188666604
2.5166690000031675	505.56366680554675
2.5166700000031677	505.60862226563944
2.516671000003168	505.65357818887765
2.516672000003168	505.69853449748234
2.516673000003168	505.74349111395816
2.516674000003168	505.7884479610904
2.5166750000031683	505.83340496193983
2.5166760000031685	505.8783620398113
2.5166770000031686	505.9233191183108
2.5166780000031688	505.9682761213275
2.516679000003169	506.01323297298904
2.516680000003169	506.05818959767794
2.516681000003169	506.10314592002834
2.5166820000031693	506.14810186492144
2.5166830000031695	506.1930573574831
2.5166840000031696	506.2380123230762
2.5166850000031697	506.2829666872429
2.51668600000317	506.32792037581635
2.51668700000317	506.37287331489927
2.51668800000317	506.41782543076806
2.5166890000031703	506.4627766499142
2.5166900000031704	506.5077268990415
2.5166910000031706	506.5526761050616
2.5166920000031707	506.59762419509025
2.516693000003171	506.6425710965671
2.516694000003171	506.687516737004
2.516695000003171	506.73246104397106
2.5166960000031713	506.77740394526654
2.5166970000031714	506.82234536896385
2.5166980000031716	506.86728524338747
2.5166990000031717	506.912223496957
2.516700000003172	506.95716005826074
2.516701000003172	507.00209485605757
2.516702000003172	507.0470278192626
2.5167030000031723	507.091958876943
2.5167040000031724	507.136887958326
2.5167050000031725	507.18181499278893
2.5167060000031727	507.2267399098559
2.516707000003173	507.27166263914324
2.516708000003173	507.3165831104631
2.516709000003173	507.36150125380715
2.5167100000031732	507.4064169992563
2.5167110000031734	507.4513302770213
2.5167120000031735	507.49624101744143
2.5167130000031737	507.54114915098154
2.516714000003174	507.5860546082387
2.516715000003174	507.6309573199143
2.516716000003174	507.67585721684173
2.516717000003174	507.72075423042907
2.5167180000031744	507.7656482917193
2.5167190000031745	507.8105393314357
2.5167200000031746	507.85542728086955
2.516721000003175	507.9003120714185
2.516722000003175	507.9451936345893
2.516723000003175	507.99007190199904
2.516724000003175	508.0349468053716
2.5167250000031753	508.0798182765392
2.5167260000031755	508.1246862474412
2.5167270000031756	508.16955065012417
2.5167280000031758	508.214411416742
2.516729000003176	508.2592684795564
2.516730000003176	508.30412177093706
2.516731000003176	508.34897122334485
2.5167320000031763	508.39381676939064
2.5167330000031765	508.4386583417624
2.5167340000031766	508.48349587327897
2.5167350000031767	508.52832929686593
2.516736000003177	508.5731585455639
2.516737000003177	508.61798355253075
2.516738000003177	508.662804251099
2.5167390000031773	508.70762057467107
2.5167400000031774	508.7524324566484
2.5167410000031776	508.7972398306869
2.5167420000031777	508.84204263062634
2.516743000003178	508.88684079038285
2.516744000003178	508.93163424400655
2.516745000003178	508.97642292568844
2.5167460000031783	509.02120676976284
2.5167470000031784	509.0659857107129
2.5167480000031786	509.1107596831717
2.5167490000031787	509.1555286219297
2.516750000003179	509.2002924593848
2.516751000003179	509.24505113050793
2.516752000003179	509.28980457335393
2.5167530000031793	509.33455272317866
2.5167540000031794	509.37929551562377
2.5167550000031795	509.4240328866494
2.5167560000031797	509.4687647722697
2.51675700000318	509.5134911086935
2.51675800000318	509.5582118322112
2.51675900000318	509.6029268793811
2.5167600000031802	509.6476361871548
2.5167610000031804	509.69233969275973
2.5167620000031805	509.73703733347287
2.5167630000031807	509.78172904666127
2.516764000003181	509.8264147700645
2.516765000003181	509.8710944416631
2.516766000003181	509.91576799968635
2.516767000003181	509.9604353826185
2.5167680000031813	510.0050965292052
2.5167690000031815	510.04975137845867
2.5167700000031816	510.09439986966674
2.5167710000031818	510.13904194239666
2.516772000003182	510.1836775365029
2.516773000003182	510.22830659213247
2.516774000003182	510.2729290497317
2.5167750000031823	510.31754485005285
2.5167760000031825	510.3621539341602
2.5167770000031826	510.4067562434354
2.5167780000031827	510.4513517195361
2.516779000003183	510.4959403045012
2.516780000003183	510.5405219407493
2.516781000003183	510.58509657086586
2.5167820000031833	510.6296641379219
2.5167830000031834	510.6742245854535
2.5167840000031836	510.7187778572379
2.5167850000031837	510.7633238974148
2.516786000003184	510.80786265049426
2.516787000003184	510.85239406135975
2.516788000003184	510.8969180752759
2.5167890000031843	510.94143463789027
2.5167900000031844	510.9859436952409
2.5167910000031846	511.03044519375817
2.5167920000031847	511.0749390802694
2.516793000003185	511.1194253020042
2.516794000003185	511.16390380659647
2.516795000003185	511.2083745420891
2.5167960000031853	511.2528374569357
2.5167970000031854	511.2972925000043
2.5167980000031855	511.341739620581
2.5167990000031857	511.3861787683705
2.516800000003186	511.4306098934993
2.516801000003186	511.4750329465168
2.516802000003186	511.5194478783605
2.5168030000031862	511.56385464043274
2.5168040000031864	511.60825318459445
2.5168050000031865	511.6526434631006
2.5168060000031867	511.69702542863274
2.516807000003187	511.7413990342996
2.516808000003187	511.7857642336362
2.516809000003187	511.8301209806039
2.516810000003187	511.87446922995434
2.5168110000031874	511.9188089365266
2.5168120000031875	511.9631400551493
2.5168130000031876	512.0074625414791
2.516814000003188	512.0517763515784
2.516815000003188	512.0960814419232
2.516816000003188	512.140377769398
2.516817000003188	512.1846652912925
2.5168180000031883	512.2289439652961
2.5168190000031885	512.2732137494943
2.5168200000031886	512.3174746023639
2.5168210000031888	512.3617264827659
2.516822000003189	512.4059693499411
2.516823000003189	512.4502031635017
2.516824000003189	512.494427883427
2.5168250000031893	512.5386434700544
2.5168260000031895	512.582849884071
2.5168270000031896	512.6270470865089
2.5168280000031897	512.6712350386927
2.51682900000319	512.7154137023156
2.51683000000319	512.7595830394213
2.51683100000319	512.8037430123237
2.5168320000031903	512.847893583633
2.5168330000031904	512.8920347162448
2.5168340000031906	512.93616637333
2.5168350000031907	512.9802885182521
2.516836000003191	513.0244011148181
2.516837000003191	513.0685041270299
2.516838000003191	513.1125975189146
2.5168390000031913	513.1566812548413
2.5168400000031914	513.2007552993801
2.5168410000031916	513.24481961729
2.5168420000031917	513.288874173504
2.516843000003192	513.3329189331159
2.516844000003192	513.376953861364
2.516845000003192	513.4209789236176
2.5168460000031923	513.4649940853622
2.5168470000031924	513.5089993121832
2.5168480000031925	513.5529945697504
2.5168490000031927	513.5969798238029
2.516850000003193	513.640955040131
2.516851000003193	513.684920184561
2.516852000003193	513.7288752229379
2.5168530000031932	513.7728201211094
2.5168540000031934	513.8167548449078
2.5168550000031935	513.8606793601325
2.5168560000031936	513.9045936325319
2.516857000003194	513.9484976277874
2.516858000003194	513.9923913114935
2.516859000003194	514.036274649141
2.516860000003194	514.0801476060984
2.5168610000031943	514.124010147593
2.5168620000031945	514.167862238694
2.5168630000031946	514.211703844232
2.5168640000031948	514.2555349287793
2.516865000003195	514.299355456881
2.516866000003195	514.3431653929414
2.516867000003195	514.3869647009122
2.5168680000031953	514.4307533445264
2.5168690000031955	514.474531287204
2.5168700000031956	514.5182985242617
2.5168710000031957	514.562054988675
2.516872000003196	514.6058006372172
2.516873000003196	514.6495354712018
2.516874000003196	514.6932594155987
2.5168750000031963	514.7369724325017
2.5168760000031964	514.7806744827835
2.5168770000031966	514.8243655268744
2.5168780000031967	514.868045524752
2.516879000003197	514.9117144359212
2.516880000003197	514.9553722193974
2.516881000003197	514.9990188336903
2.5168820000031973	515.0426542367874
2.5168830000031974	515.0862783861357
2.5168840000031976	515.1298912386275
2.5168850000031977	515.173492750583
2.516886000003198	515.2170828777358
2.516887000003198	515.2606615752296
2.516888000003198	515.3042287975773
2.5168890000031983	515.3477844986498
2.5168900000031984	515.3913286316831
2.5168910000031985	515.4348611492538
2.5168920000031987	515.4783820032668
2.516893000003199	515.5218911449406
2.516894000003199	515.5653885247958
2.516895000003199	515.6088740926436
2.5168960000031992	515.6523477975743
2.5168970000031994	515.6958095879455
2.5168980000031995	515.7392594165772
2.5168990000031997	515.7826972304047
2.5169000000032	515.82612297026
2.5169010000032	515.8695365814589
2.5169020000032	515.9129380085551
2.5169030000032	515.9563271953174
2.5169040000032004	515.9997040847229
2.5169050000032005	516.0430686189503
2.5169060000032006	516.0864207395318
2.516907000003201	516.1297603870227
2.516908000003201	516.1730875010323
2.516909000003201	516.2164020204049
2.516910000003201	516.2597038832613
