2.530102000005045	113.1067905404395
2.5301030000050453	113.1159737549099
2.5301040000050454	113.12515673665762
2.5301050000050456	113.13433948501648
2.5301060000050457	113.14352199496776
2.530107000005046	113.15270426268594
2.530108000005046	113.16188628430905
2.530109000005046	113.17106805639219
2.5301100000050463	113.18024957592958
2.5301110000050464	113.18943084032315
2.5301120000050465	113.1986118472747
2.5301130000050467	113.20779259472017
2.530114000005047	113.21697308069778
2.530115000005047	113.22615330321507
2.530116000005047	113.23533326015458
2.5301170000050472	113.24451294922278
2.5301180000050474	113.25369236788936
2.5301190000050475	113.26287151337276
2.5301200000050477	113.2720503827102
2.530121000005048	113.28122897283336
2.530122000005048	113.29040728063954
2.530123000005048	113.29958530312196
2.5301240000050482	113.30876303744863
2.5301250000050484	113.31794045078142
2.5301260000050485	113.32711756750126
2.5301270000050486	113.33629438854024
2.530128000005049	113.3454709109349
2.530129000005049	113.35464713344284
2.530130000005049	113.36382302422662
2.530131000005049	113.37299860892331
2.5301320000050493	113.38217388970818
2.5301330000050495	113.39134886488897
2.5301340000050496	113.40052353319466
2.5301350000050498	113.40969789327836
2.53013600000505	113.41887194364041
2.53013700000505	113.4280456824948
2.53013800000505	113.43721910785091
2.5301390000050503	113.44639221716322
2.5301400000050505	113.45556500736573
2.5301410000050506	113.46473747521163
2.5301420000050507	113.47390961718065
2.530143000005051	113.48308142960455
2.530144000005051	113.49225290876484
2.530145000005051	113.50142405097283
2.5301460000050513	113.51059485263964
2.5301470000050514	113.51976531033328
2.5301480000050516	113.52893542077335
2.5301490000050517	113.53810518032513
2.530150000005052	113.54727458586196
2.530151000005052	113.55644363469816
2.530152000005052	113.56561232358197
2.5301530000050523	113.57478064905592
2.5301540000050524	113.58394860742635
2.5301550000050526	113.59311619475362
2.5301560000050527	113.60228340684814
2.530157000005053	113.611450239408
2.530158000005053	113.62061668811754
2.530159000005053	113.62978274877273
2.5301600000050533	113.63894841750952
2.5301610000050534	113.64811369095605
2.5301620000050535	113.6572785663527
2.5301630000050537	113.66644304162729
2.530164000005054	113.67560711543662
2.530165000005054	113.68477078716329
2.530166000005054	113.69393405677994
2.5301670000050542	113.70309692463299
2.5301680000050544	113.71225939122954
2.5301690000050545	113.7214214569787
2.5301700000050547	113.7305831218764
2.530171000005055	113.73974438525065
2.530172000005055	113.7489052455517
2.530173000005055	113.75806570020819
2.530174000005055	113.76722574556898
2.5301750000050554	113.77638537694357
2.5301760000050555	113.78554458875102
2.5301770000050556	113.79470337866766
2.5301780000050558	113.80386173990347
2.530179000005056	113.81301966043854
2.530180000005056	113.82217713380837
2.530181000005056	113.8313341552972
2.5301820000050563	113.84049071975092
2.5301830000050565	113.84964682298552
2.5301840000050566	113.85880246189882
2.5301850000050568	113.8679576344294
2.530186000005057	113.87711233945375
2.530187000005057	113.88626657659083
2.530188000005057	113.89542034591742
2.5301890000050573	113.90457364766408
2.5301900000050574	113.91372648190188
2.5301910000050576	113.92287884826952
2.5301920000050577	113.93203074573978
2.530193000005058	113.94118217247045
2.530194000005058	113.95033312569043
2.530195000005058	113.95948360172095
2.5301960000050583	113.96863359612573
2.5301970000050584	113.97778310386019
2.5301980000050586	113.98693211950159
2.5301990000050587	113.99608063751376
2.530200000005059	114.00522865251662
2.530201000005059	114.01437615954111
2.530202000005059	114.0235231542146
2.5302030000050593	114.03266963290393
2.5302040000050594	114.04181559278406
2.5302050000050595	114.05096103182485
2.5302060000050597	114.06010594872419
2.53020700000506	114.06925034278967
2.53020800000506	114.07839421373873
2.53020900000506	114.08753756151116
2.5302100000050602	114.0966803860711
2.5302110000050604	114.10582263912497
2.5302120000050605	114.11496437182309
2.5302130000050607	114.12410558015968
2.530214000005061	114.13324621039517
2.530215000005061	114.14238631215417
2.530216000005061	114.15152588418289
2.5302170000050612	114.16066492318076
2.5302180000050614	114.16980342561328
2.5302190000050615	114.17894138752182
2.5302200000050616	114.18807880463459
2.530221000005062	114.19721567255256
2.530222000005062	114.20635198674422
2.530223000005062	114.21548774262332
2.530224000005062	114.22462293560388
2.5302250000050623	114.23375756112605
2.5302260000050625	114.24289161471685
2.5302270000050626	114.25202509200304
2.5302280000050628	114.26115798872328
2.530229000005063	114.27029030077905
2.530230000005063	114.27942202411607
2.530231000005063	114.28855315506478
2.5302320000050633	114.29768369041305
2.5302330000050635	114.30681362713008
2.5302340000050636	114.31594296250135
2.5302350000050637	114.32507169415558
2.530236000005064	114.3341998201224
2.530237000005064	114.34332733878499
2.530238000005064	114.3524542488133
2.5302390000050643	114.36158054913274
2.5302400000050644	114.37070623883596
2.5302410000050646	114.37983131707217
2.5302420000050647	114.38895578295809
2.530243000005065	114.39807963547203
2.530244000005065	114.40720287333997
2.530245000005065	114.41632549495654
2.5302460000050653	114.42544749835704
2.5302470000050654	114.43456888114184
2.5302480000050656	114.44368964048589
2.5302490000050657	114.45280977313749
2.530250000005066	114.46192927545465
2.530251000005066	114.4710481435431
2.530252000005066	114.48016637327079
2.5302530000050663	114.48928396039037
2.5302540000050664	114.49840090065648
2.5302550000050665	114.50751718992481
2.5302560000050667	114.51663282427336
2.530257000005067	114.52574780008311
2.530258000005067	114.53486211411501
2.530259000005067	114.543975763548
2.5302600000050672	114.55308874598555
2.5302610000050674	114.5622010594258
2.5302620000050675	114.57131270224792
2.5302630000050677	114.58042367310297
2.530264000005068	114.58953397080367
2.530265000005068	114.59864359420438
2.530266000005068	114.60775254205068
2.530267000005068	114.61686081263856
2.5302680000050684	114.62596840408787
2.5302690000050685	114.63507531846682
2.5302700000050686	114.64418155259905
2.5302710000050688	114.6532870986504
2.530272000005069	114.6623919526156
2.530273000005069	114.67149610973975
2.530274000005069	114.68059956485908
2.5302750000050693	114.68970231256777
2.5302760000050695	114.69880434740558
2.5302770000050696	114.70790566407989
2.5302780000050697	114.71700625767916
2.53027900000507	114.72610612385625
2.53028000000507	114.73520525902822
2.53028100000507	114.74430366047258
2.5302820000050703	114.75340132636009
2.5302830000050704	114.76249825575212
2.5302840000050706	114.77159444847157
2.5302850000050707	114.78068990492656
2.530286000005071	114.7897846258622
2.530287000005071	114.79887861210823
2.530288000005071	114.80797186428708
2.5302890000050713	114.81706438253212
2.5302900000050714	114.82615616483382
2.5302910000050716	114.83524720962461
2.5302920000050717	114.84433751571055
2.530293000005072	114.85342707944855
2.530294000005072	114.86251589619127
2.530295000005072	114.87160396048465
2.5302960000050723	114.88069126627022
2.5302970000050724	114.88977780714276
2.5302980000050725	114.8988635767049
2.5302990000050727	114.90794856886139
2.530300000005073	114.91703277808602
2.530301000005073	114.92611619962004
2.530302000005073	114.93519882962333
2.5303030000050732	114.94428066524091
2.5303040000050734	114.9533617045506
2.5303050000050735	114.96244194643732
2.5303060000050737	114.97152090905418
2.530307000005074	114.9805986046656
2.530308000005074	114.98967553304068
2.530309000005074	114.998751706476
2.5303100000050742	115.00782713423105
2.5303110000050744	115.01690182074447
2.5303120000050745	115.02597576503572
2.5303130000050746	115.03504896071881
2.530314000005075	115.04412139639369
2.530315000005075	115.05319305649778
2.530316000005075	115.06226392242706
2.530317000005075	115.0713339738825
2.5303180000050753	115.08040319041889
2.5303190000050755	115.08947155286306
2.5303200000050756	115.09853904456716
2.5303210000050758	115.1076056524983
2.530322000005076	115.11667136778318
2.530323000005076	115.12573618590967
2.530324000005076	115.1348001067991
2.5303250000050763	115.14386313410654
2.5303260000050765	115.15292527446864
2.5303270000050766	115.16198653674796
2.5303280000050767	115.17104693066186
2.530329000005077	115.18010646582432
2.530330000005077	115.18916515084918
2.530331000005077	115.19822299234815
2.5303320000050773	115.20727999450476
2.5303330000050774	115.21633615882197
2.5303340000050776	115.22539148396834
2.5303350000050777	115.23444596608077
2.530336000005078	115.243499598557
2.530337000005078	115.252552373672
2.530338000005078	115.26160428332982
2.5303390000050783	115.27065531834208
2.5303400000050784	115.27970546943925
2.5303410000050786	115.2887547279048
2.5303420000050787	115.29780308576264
2.530343000005079	115.30685053590307
2.530344000005079	115.31589707203098
2.530345000005079	115.3249426886935
2.5303460000050793	115.33398738121012
2.5303470000050794	115.34303114535406
2.5303480000050795	115.3520739772339
2.5303490000050797	115.36111587324778
2.53035000000508	115.3701568300325
2.53035100000508	115.37919684448006
2.53035200000508	115.38823591389641
2.5303530000050802	115.39727403621579
2.5303540000050804	115.40631121008917
2.5303550000050805	115.41534743497473
2.5303560000050807	115.42438271130897
2.530357000005081	115.4334170403192
2.530358000005081	115.44245042421326
2.530359000005081	115.45148286585004
2.530360000005081	115.4605143681014
2.5303610000050814	115.46954493361052
2.5303620000050815	115.4785745641736
2.5303630000050816	115.48760326039103
2.5303640000050818	115.49663102052875
2.530365000005082	115.50565784143176
2.530366000005082	115.5146837185645
2.530367000005082	115.52370864454984
2.5303680000050823	115.53273261002309
2.5303690000050825	115.54175560421989
2.5303700000050826	115.55077761555745
2.5303710000050827	115.55979863228288
2.530372000005083	115.56881864325992
2.530373000005083	115.57783763874465
2.530374000005083	115.58685561112301
2.5303750000050833	115.59587255540869
2.5303760000050834	115.60488846955647
2.5303770000050836	115.61390335454367
2.5303780000050837	115.62291721412657
2.530379000005084	115.63193005433656
2.530380000005084	115.64094188284446
2.530381000005084	115.64995270807778
2.5303820000050843	115.65896253821946
2.5303830000050844	115.66797138025642
2.5303840000050846	115.67697923898643
2.5303850000050847	115.68598611633102
2.530386000005085	115.69499201071585
2.530387000005085	115.70399691685135
2.530388000005085	115.71300082583026
2.5303890000050853	115.72200372539868
2.5303900000050854	115.7310056007648
2.5303910000050855	115.74000643529702
2.5303920000050857	115.74900621147292
2.530393000005086	115.75800491223742
2.530394000005086	115.76700252196139
2.530395000005086	115.77599902730103
2.5303960000050862	115.78499441808455
2.5303970000050864	115.79398868785816
2.5303980000050865	115.80298183405456
2.5303990000050867	115.81197385791687
2.530400000005087	115.82096476433139
2.530401000005087	115.82995456073131
2.530402000005087	115.83894325636986
2.530403000005087	115.84793086160657
2.5304040000050874	115.85691738672709
2.5304050000050875	115.86590284101331
2.5304060000050876	115.8748872315417
2.530407000005088	115.88387056311645
2.530408000005088	115.89285283780805
2.530409000005088	115.90183405409111
2.530410000005088	115.91081420736485
2.5304110000050883	115.91979329022878
2.5304120000050885	115.92877129290238
2.5304130000050886	115.93774820414511
2.5304140000050888	115.94672401185008
2.530415000005089	115.95569870392998
2.530416000005089	115.96467226899584
2.530417000005089	115.97364469702653
2.5304180000050893	115.98261597982263
2.5304190000050895	115.99158611122981
2.5304200000050896	116.00055508730304
2.5304210000050897	116.00952290616007
2.53042200000509	116.01848956770645
2.53042300000509	116.02745507311117
2.53042400000509	116.03641942436872
2.5304250000050903	116.0453826237903
2.5304260000050904	116.05434467335415
2.5304270000050906	116.06330557426476
2.5304280000050907	116.07226532659405
2.530429000005091	116.08122392910497
2.530430000005091	116.09018137908977
2.530431000005091	116.0991376723551
2.5304320000050913	116.10809280349852
2.5304330000050914	116.11704676606873
2.5304340000050916	116.12599955290413
2.5304350000050917	116.13495115654969
2.530436000005092	116.14390156947613
2.530437000005092	116.15285078447738
2.530438000005092	116.1617987950175
2.5304390000050923	116.17074559515436
2.5304400000050924	116.17969117975126
2.5304410000050925	116.18863554500247
2.5304420000050927	116.19757868735279
2.530443000005093	116.20652060349897
2.530444000005093	116.21546129114526
2.530445000005093	116.22440074842109
2.5304460000050932	116.23333897373077
2.5304470000050934	116.2422759656793
2.5304480000050935	116.25121172305131
2.5304490000050937	116.26014624488471
2.530450000005094	116.26907953047434
2.530451000005094	116.27801157932572
2.530452000005094	116.28694239128336
2.530453000005094	116.29587196660536
2.5304540000050944	116.30480030593866
2.5304550000050945	116.31372741006322
2.5304560000050946	116.32265327988723
2.5304570000050948	116.33157791637419
2.530458000005095	116.34050132008025
2.530459000005095	116.34942349085894
2.530460000005095	116.35834442761765
2.5304610000050953	116.3672641280954
2.5304620000050955	116.37618258860307
2.5304630000050956	116.38509980388321
2.5304640000050957	116.39401576716068
2.530465000005096	116.40293047023206
2.530466000005096	116.41184390377626
2.530467000005096	116.42075605777447
2.5304680000050963	116.42966692196404
2.5304690000050964	116.43857648643467
2.5304700000050966	116.44748474220154
2.5304710000050967	116.4563916817053
2.530472000005097	116.46529729925093
2.530473000005097	116.47420159134708
2.530474000005097	116.4831045567487
2.5304750000050973	116.49200619643395
2.5304760000050974	116.5009065133909
2.5304770000050976	116.50980551204313
2.5304780000050977	116.51870319760157
2.530479000005098	116.52759957539631
2.530480000005098	116.53649465017997
2.530481000005098	116.54538842525832
2.5304820000050983	116.55428090183995
2.5304830000050984	116.56317207859225
2.5304840000050985	116.5720619514366
2.5304850000050987	116.58095051353274
2.530486000005099	116.58983775541074
2.530487000005099	116.5987236654946
2.530488000005099	116.60760823080209
2.5304890000050992	116.61649143776837
2.5304900000050994	116.62537327317493
2.5304910000050995	116.63425372498821
2.5304920000050997	116.64313278322697
2.5304930000051	116.652010440652
2.5304940000051	116.66088669312899
2.5304950000051	116.66976153979482
2.5304960000051	116.67863498299472
2.5304970000051004	116.68750702786753
2.5304980000051005	116.69637768165019
2.5304990000051006	116.70524695289704
2.530500000005101	116.71411485050479
2.530501000005101	116.72298138265722
2.530502000005101	116.73184655599836
2.530503000005101	116.7407103748213
2.5305040000051013	116.7495728403597
2.5305050000051015	116.7584339506268
2.5305060000051016	116.76729370100666
2.5305070000051018	116.77615208296857
2.530508000005102	116.7850090846305
2.530509000005102	116.7938646928904
2.530510000005102	116.80271889357411
2.5305110000051023	116.81157167230646
2.5305120000051025	116.82042301539532
2.5305130000051026	116.82927291068745
2.5305140000051027	116.83812134826488
2.530515000005103	116.84696832070968
2.530516000005103	116.85581382339893
2.530517000005103	116.86465785451357
2.5305180000051033	116.87350041465295
2.5305190000051034	116.88234150636562
2.5305200000051036	116.89118113352164
2.5305210000051037	116.90001930058253
2.530522000005104	116.90885601193892
2.530523000005104	116.9176912713006
2.530524000005104	116.92652508099678
2.5305250000051043	116.93535744164701
2.5305260000051044	116.94418835203206
2.5305270000051046	116.95301780897023
2.5305280000051047	116.96184580754633
2.530529000005105	116.97067234147062
2.530530000005105	116.97949740334313
2.530531000005105	116.9883209852159
2.5305320000051053	116.99714307917847
2.5305330000051054	117.00596367774197
2.5305340000051055	117.01478277419504
2.5305350000051057	117.02360036292703
2.530536000005106	117.03241643952427
2.530537000005106	117.0412310007958
2.530538000005106	117.05004404470604
2.5305390000051062	117.05885557004765
2.5305400000051064	117.06766557631083
2.5305410000051065	117.07647406332084
2.5305420000051067	117.08528103086229
2.530543000005107	117.09408647855376
2.530544000005107	117.1028904056126
2.530545000005107	117.11169281061493
2.530546000005107	117.12049369151225
2.5305470000051073	117.12929304570937
2.5305480000051075	117.1380908700684
2.5305490000051076	117.14688716106569
2.5305500000051078	117.1556819148654
2.530551000005108	117.16447512753278
2.530552000005108	117.17326679508227
2.530553000005108	117.1820569135197
2.5305540000051083	117.19084547891958
2.5305550000051085	117.19963248738597
2.5305560000051086	117.20841793496032
2.5305570000051087	117.21720181744217
2.530558000005109	117.22598413037952
2.530559000005109	117.23476486905943
2.530560000005109	117.24354402837675
2.5305610000051093	117.25232160283738
2.5305620000051094	117.2610975867515
2.5305630000051096	117.26987197421884
2.5305640000051097	117.27864475945174
2.53056500000511	117.28741593710633
2.53056600000511	117.29618550237892
2.53056700000511	117.30495345131608
2.5305680000051103	117.3137197810776
2.5305690000051104	117.32248449006798
2.5305700000051106	117.33124757814872
2.5305710000051107	117.34000904610166
2.530572000005111	117.34876889545976
2.530573000005111	117.35752712885694
2.530574000005111	117.36628374923711
2.5305750000051113	117.37503875937539
2.5305760000051114	117.38379216151893
2.5305770000051115	117.39254395686713
2.5305780000051117	117.40129414526822
2.530579000005112	117.41004272484223
2.530580000005112	117.41878969179069
2.530581000005112	117.42753504035795
2.5305820000051122	117.43627876298136
2.5305830000051124	117.44502085061161
2.5305840000051125	117.45376129312378
2.5305850000051127	117.46250007975647
2.530586000005113	117.47123719966523
2.530587000005113	117.47997264262393
2.530588000005113	117.48870639953616
2.530589000005113	117.49743846284558
2.5305900000051134	117.50616882693375
2.5305910000051135	117.51489748830413
2.5305920000051136	117.52362444547595
2.530593000005114	117.53234969894413
2.530594000005114	117.54107325090018
2.530595000005114	117.54979510469265
2.530596000005114	117.55851526424514
2.5305970000051143	117.56723373352331
2.5305980000051145	117.57595051597275
2.5305990000051146	117.5846656138281
2.5306000000051148	117.59337902782825
2.530601000005115	117.60209075686534
2.530602000005115	117.61080079774538
2.530603000005115	117.6195091453168
2.5306040000051153	117.62821579262716
2.5306050000051155	117.6369207313031
2.5306060000051156	117.64562395201703
2.5306070000051157	117.65432544493905
2.530608000005116	117.66302520039564
2.530609000005116	117.6717232094102
2.530610000005116	117.68041946412558
2.5306110000051163	117.68911395829856
2.5306120000051164	117.69780668747563
2.5306130000051166	117.70649764905797
2.5306140000051167	117.71518684091436
2.530615000005117	117.72387426401964
2.530616000005117	117.73255992204213
2.530617000005117	117.74124381801413
2.5306180000051173	117.74992595527532
2.5306190000051174	117.75860633691826
2.5306200000051176	117.76728496524925
2.5306210000051177	117.77596184135724
2.530622000005118	117.7846369648415
2.530623000005118	117.79331033359924
2.530624000005118	117.80198194367459
2.5306250000051183	117.81065178945761
2.5306260000051184	117.81931986397095
2.5306270000051185	117.82798615906015
2.5306280000051187	117.83665066569422
2.530629000005119	117.84531337456687
2.530630000005119	117.85397427650054
2.530631000005119	117.86263336283486
2.5306320000051192	117.871290625826
2.5306330000051194	117.87994605886055
2.5306340000051195	117.88859965664933
2.5306350000051197	117.89725141528193
2.53063600000512	117.90590133218397
2.53063700000512	117.91454940614163
2.53063800000512	117.92319563674538
2.53063900000512	117.9318400240794
2.5306400000051203	117.94048256876941
2.5306410000051205	117.94912327150232
2.5306420000051206	117.95776213272767
2.5306430000051208	117.9663991523663
2.530644000005121	117.97503432976794
2.530645000005121	117.98366766350524
2.530646000005121	117.99229915123507
2.5306470000051213	118.00092878982187
2.5306480000051215	118.00955657543143
2.5306490000051216	118.01818250366624
2.5306500000051217	118.02680656958022
2.530651000005122	118.03542876787348
2.530652000005122	118.04404909309105
2.530653000005122	118.0526675398254
2.5306540000051223	118.06128410276159
2.5306550000051224	118.06989877670127
2.5306560000051226	118.07851155675596
2.5306570000051227	118.08712243829403
2.530658000005123	118.09573141705627
2.530659000005123	118.10433848907226
2.530660000005123	118.11294365064819
2.5306610000051233	118.1215468985581
2.5306620000051234	118.1301482298433
2.5306630000051236	118.13874764188614
2.5306640000051237	118.1473451325089
2.530665000005124	118.15594069981528
2.530666000005124	118.16453434222404
2.530667000005124	118.17312605855757
2.5306680000051243	118.18171584786515
2.5306690000051244	118.19030370931665
2.5306700000051245	118.19888964213013
2.5306710000051247	118.20747364541678
2.530672000005125	118.21605571794545
2.530673000005125	118.22463585790611
2.530674000005125	118.23321398213591
2.5306750000051252	118.24179016869738
2.5306760000051254	118.25036441394727
2.5306770000051255	118.25893663196042
2.5306780000051257	118.26750689846
2.530679000005126	118.27607520671022
2.530680000005126	118.28464154908261
2.530681000005126	118.29320591727307
2.530682000005126	118.30176830272221
2.5306830000051264	118.31032869686449
2.5306840000051265	118.31888709161883
2.5306850000051266	118.3274434798807
2.530686000005127	118.33599785588059
2.530687000005127	118.3445502154397
2.530688000005127	118.35310055616112
2.530689000005127	118.36164887747573
2.5306900000051273	118.37019518051608
2.5306910000051275	118.37873946782734
2.5306920000051276	118.38728174291683
2.5306930000051278	118.39582200980276
2.530694000005128	118.40436027241448
2.530695000005128	118.41289653392023
2.530696000005128	118.42143079627702
2.5306970000051283	118.42996305969073
2.5306980000051285	118.43849332227146
2.5306990000051286	118.4470215799844
2.5307000000051287	118.45554782666244
2.530701000005129	118.46407205416658
2.530702000005129	118.47259425550632
2.530703000005129	118.48111441968595
2.5307040000051293	118.48963253381363
2.5307050000051294	118.49814858854076
2.5307060000051296	118.50666257476658
2.5307070000051297	118.51517448487026
2.53070800000513	118.52368431303819
2.53070900000513	118.53219205558514
2.53071000000513	118.54069771096684
2.5307110000051303	118.5492012796569
2.5307120000051304	118.55770276387581
2.5307130000051306	118.56620216708123
2.5307140000051307	118.57469949337475
2.530715000005131	118.58319474678976
2.530716000005131	118.59168793065106
2.530717000005131	118.60017904704802
2.5307180000051313	118.60866809626269
2.5307190000051314	118.61715507643441
2.5307200000051315	118.6256399835
2.5307210000051317	118.6341228111505
2.530722000005132	118.64260355111277
2.530723000005132	118.65108219360883
2.530724000005132	118.65955872795372
2.5307250000051322	118.66803314312216
2.5307260000051324	118.67650542847718
2.5307270000051325	118.68497557457067
2.5307280000051326	118.69344357334796
2.530729000005133	118.70190941849403
2.530730000005133	118.71037310594627
2.530731000005133	118.71883463376454
2.530732000005133	118.72729400188146
2.5307330000051333	118.73575121190264
2.5307340000051335	118.74420626659312
2.5307350000051336	118.75265916931517
2.5307360000051338	118.76110992345163
2.530737000005134	118.76955853180868
2.530738000005134	118.77800499621146
2.530739000005134	118.78644931711504
2.5307400000051343	118.7948914933675
2.5307410000051345	118.8033315221358
2.5307420000051346	118.81176939898957
2.5307430000051347	118.820205120471
2.530744000005135	118.82863867975365
2.530745000005135	118.83707006715233
2.530746000005135	118.84549927511301
2.5307470000051353	118.85392629477
2.5307480000051354	118.86235111927681
2.5307490000051356	118.87077374399276
2.5307500000051357	118.87919416373447
2.530751000005136	118.88761237434522
2.530752000005136	118.8960283725412
2.530753000005136	118.90444215574057
2.5307540000051363	118.9128537218706
2.5307550000051364	118.92126306951853
2.5307560000051366	118.92967019689068
2.5307570000051367	118.93807510161554
2.530758000005137	118.94647778134461
2.530759000005137	118.95487823328055
2.530760000005137	118.96327645420382
2.5307610000051373	118.97167244045897
2.5307620000051374	118.98006618811851
2.5307630000051375	118.98845769313915
2.5307640000051377	118.99684695147378
2.530765000005138	119.0052339593112
2.530766000005138	119.01361871318215
2.530767000005138	119.02200120999703
2.5307680000051382	119.03038144704472
2.5307690000051384	119.03875942189656
2.5307700000051385	119.04713513240259
2.5307710000051387	119.0555085764656
2.530772000005139	119.06387975185824
2.530773000005139	119.07224865603449
2.530774000005139	119.08061528590993
2.530775000005139	119.08897963779022
2.5307760000051394	119.09734170738332
2.5307770000051395	119.10570148984377
2.5307780000051396	119.11405897977463
2.53077900000514	119.12241417148655
2.53078000000514	119.13076705918535
2.53078100000514	119.13911763720367
2.53078200000514	119.14746590039154
2.5307830000051403	119.15581184420392
2.5307840000051405	119.16415546531364
2.5307850000051406	119.17249676099071
2.5307860000051408	119.18083572901664
2.530787000005141	119.18917236842323
2.530788000005141	119.1975066789364
2.530789000005141	119.20583866071244
2.5307900000051413	119.21416831396904
2.5307910000051415	119.22249563866572
2.5307920000051416	119.23082063423935
2.5307930000051417	119.23914329922705
2.530794000005142	119.24746363106857
2.530795000005142	119.25578162598912
2.530796000005142	119.26409727896036
2.5307970000051423	119.27241058386986
2.5307980000051424	119.28072153359443
2.5307990000051426	119.28903012033747
2.5308000000051427	119.2973363360507
2.530801000005143	119.30564017281371
2.530802000005143	119.31394162322357
2.530803000005143	119.32224068072719
2.5308040000051433	119.33053733996285
2.5308050000051434	119.33883159692654
2.5308060000051436	119.34712344907567
2.5308070000051437	119.35541289527302
2.530808000005144	119.3636999355995
2.530809000005144	119.37198457120446
2.530810000005144	119.38026680388417
2.5308110000051443	119.38854663560721
2.5308120000051444	119.3968240681239
2.5308130000051445	119.40509910259011
2.5308140000051447	119.41337173918637
2.530815000005145	119.42164197682533
2.530816000005145	119.42990981302448
2.530817000005145	119.4381752449684
2.5308180000051452	119.44643826724722
2.5308190000051454	119.45469887209731
2.5308200000051455	119.46295705197927
2.5308210000051456	119.47121279878259
2.530822000005146	119.47946610422976
2.530823000005146	119.4877169603275
2.530824000005146	119.49596535971833
2.530825000005146	119.50421129599631
2.5308260000051463	119.51245476402754
2.5308270000051465	119.52069575998249
2.5308280000051466	119.52893428139713
2.5308290000051468	119.53717032707313
2.530830000005147	119.5454038968632
2.530831000005147	119.55363499138039
2.530832000005147	119.56186361163469
2.5308330000051473	119.57008975867276
2.5308340000051475	119.5783134331538
2.5308350000051476	119.58653463510016
2.5308360000051477	119.59475336349071
2.530837000005148	119.60296961613027
2.530838000005148	119.61118338962416
2.530839000005148	119.61939467934816
2.5308400000051483	119.62760347957338
2.5308410000051484	119.63580978311236
2.5308420000051486	119.64401358279794
2.5308430000051487	119.652214871701
2.530844000005149	119.66041364238933
2.530845000005149	119.66860988785884
2.530846000005149	119.67680360181946
2.5308470000051493	119.68499477880738
2.5308480000051494	119.69318340713399
2.5308490000051496	119.70136948335833
2.5308500000051497	119.70955301224944
2.53085100000515	119.71773399225584
2.53085200000515	119.72591242244107
2.53085300000515	119.73408830226009
2.5308540000051503	119.74226163132927
2.5308550000051504	119.75043240921843
2.5308560000051505	119.75860063520452
2.5308570000051507	119.76676630810796
2.530858000005151	119.77492942615517
2.530859000005151	119.78308998699289
2.530860000005151	119.79124798770562
2.5308610000051512	119.79940342483447
2.5308620000051514	119.80755629454447
2.5308630000051515	119.81570659267248
2.5308640000051517	119.82385431488879
2.530865000005152	119.83199945690546
2.530866000005152	119.8401420144796
2.530867000005152	119.84828198340729
2.530868000005152	119.8564193596396
2.5308690000051524	119.86455413921922
2.5308700000051525	119.87268631819782
2.5308710000051526	119.88081589263317
2.5308720000051528	119.88894285843722
2.530873000005153	119.89706721140307
2.530874000005153	119.90518894717437
2.530875000005153	119.91330806119802
2.5308760000051533	119.92142454886476
2.5308770000051535	119.92953840555552
2.5308780000051536	119.93764962676066
2.5308790000051538	119.94575820819782
2.530880000005154	119.95386414602193
2.530881000005154	119.96196743695882
2.530882000005154	119.9700680782669
2.5308830000051543	119.97816606780542
2.5308840000051545	119.98626140397437
2.5308850000051546	119.99435408563626
2.5308860000051547	120.00244411192544
2.530887000005155	120.01053148193822
2.530888000005155	120.01861619455592
2.530889000005155	120.02669824815433
2.5308900000051553	120.03477764035644
2.5308910000051554	120.04285436783545
2.5308920000051556	120.05092842623822
2.5308930000051557	120.05899981019186
2.530894000005156	120.06706851332838
2.530895000005156	120.07513452850893
2.530896000005156	120.08319784818205
2.5308970000051563	120.09125846471811
2.5308980000051564	120.09931637073984
2.5308990000051566	120.10737155954578
2.5309000000051567	120.11542402548277
2.530901000005157	120.12347376418785
2.530902000005157	120.1315207727826
2.530903000005157	120.139565049911
2.5309040000051573	120.14760659557227
2.5309050000051574	120.15564541094025
2.5309060000051575	120.1636814980216
2.5309070000051577	120.17171485915901
2.530908000005158	120.17974549659465
2.530909000005158	120.18777341199802
2.530910000005158	120.1957986059119
2.5309110000051582	120.20382107746653
2.5309120000051584	120.21184082410366
2.5309130000051585	120.21985784145875
2.5309140000051586	120.22787212346377
2.530915000005159	120.23588366360707
2.530916000005159	120.24389245280051
2.530917000005159	120.25189848048227
2.530918000005159	120.25990173732018
2.5309190000051593	120.26790221398683
2.5309200000051595	120.27589990203309
2.5309210000051596	120.28389479427446
2.5309220000051598	120.29188688507526
2.53092300000516	120.29987617056827
2.53092400000516	120.30786264863544
2.53092500000516	120.31584631873457
2.5309260000051603	120.32382718158061
2.5309270000051605	120.33180523880873
2.5309280000051606	120.33978049249176
2.5309290000051607	120.34775294453675
2.530930000005161	120.35572259626204
2.530931000005161	120.36368944799214
2.530932000005161	120.37165349872767
2.5309330000051613	120.3796147459291
2.5309340000051614	120.38757318552635
2.5309350000051616	120.3955288120053
2.5309360000051617	120.40348161863162
2.530937000005162	120.41143159782955
2.530938000005162	120.41937874156287
2.530939000005162	120.42732304524857
2.5309400000051623	120.43526450129919
2.5309410000051624	120.44320309947472
2.5309420000051626	120.45113883411612
2.5309430000051627	120.45907170087756
2.530944000005163	120.46700169678759
2.530945000005163	120.47492882023533
2.530946000005163	120.48285307071761
2.5309470000051633	120.49077444855685
2.5309480000051634	120.49869295454418
2.5309490000051635	120.50660858957917
2.5309500000051637	120.51452135434235
2.530951000005164	120.52243124893923
2.530952000005164	120.53033827259536
2.530953000005164	120.53824242354406
2.5309540000051642	120.54614369892616
2.5309550000051644	120.55404209480645
2.5309560000051645	120.56193760633856
2.5309570000051647	120.56983022791617
2.530958000005165	120.57771995345463
2.530959000005165	120.58560677670648
2.530960000005165	120.59349069145009
2.530961000005165	120.60137169175985
2.5309620000051654	120.60924977219037
2.5309630000051655	120.61712492785816
2.5309640000051656	120.62499715453217
2.5309650000051658	120.63286644854924
2.530966000005166	120.64073280677769
2.530967000005166	120.6485962264224
2.530968000005166	120.65645670486344
2.5309690000051663	120.6643142395853
2.5309700000051665	120.67216882791448
2.5309710000051666	120.68002046693034
2.5309720000051668	120.68786915341371
2.530973000005167	120.69571488384759
2.530974000005167	120.70355765447749
2.530975000005167	120.71139746133805
2.5309760000051673	120.71923430045719
2.5309770000051675	120.7270681679822
2.5309780000051676	120.73489906026813
2.5309790000051677	120.74272697403464
2.530980000005168	120.75055190644692
2.530981000005168	120.75837385512948
2.530982000005168	120.76619281807774
2.5309830000051683	120.77400879353925
2.5309840000051684	120.78182177998272
2.5309850000051686	120.78963177585315
2.5309860000051687	120.79743877931449
2.530987000005169	120.80524278811407
2.530988000005169	120.81304379940195
2.530989000005169	120.8208418096341
2.5309900000051693	120.82863681451023
2.5309910000051694	120.83642880882749
2.5309920000051696	120.84421778693252
2.5309930000051697	120.85200374294628
2.53099400000517	120.85978667062905
2.53099500000517	120.86756656379391
2.53099600000517	120.87534341665095
2.5309970000051702	120.88311722398511
2.5309980000051704	120.89088798139257
2.5309990000051705	120.89865568549463
2.5310000000051707	120.90642033388292
2.531001000005171	120.91418192512424
2.531002000005171	120.921940458628
2.531003000005171	120.92969593443551
2.5310040000051712	120.937448352869
2.5310050000051714	120.94519771420792
2.5310060000051715	120.95294401838851
2.5310070000051716	120.96068726462697
2.531008000005172	120.9684274512002
2.531009000005172	120.97616457520715
2.531010000005172	120.98389863250156
2.531011000005172	120.99162961773587
2.5310120000051723	120.99935752451083
2.5310130000051725	121.00708234556612
2.5310140000051726	121.01480407310319
2.5310150000051728	121.02252269926623
2.531016000005173	121.03023821643434
2.531017000005173	121.03795061763074
2.531018000005173	121.0456598968405
2.5310190000051733	121.05336604928014
2.5310200000051735	121.06106907153348
2.5310210000051736	121.0687689615197
2.5310220000051737	121.07646571839291
2.531023000005174	121.08415934242593
2.531024000005174	121.09184983460908
2.531025000005174	121.0995371962122
2.5310260000051743	121.1072214285635
2.5310270000051744	121.11490253249232
2.5310280000051746	121.12258050799043
2.5310290000051747	121.13025535401124
2.531030000005175	121.13792706816537
2.531031000005175	121.14559564668569
2.531032000005175	121.1532610845525
2.5310330000051753	121.16092337559246
2.5310340000051754	121.16858251267432
2.5310350000051756	121.17623848817031
2.5310360000051757	121.18389129448421
2.531037000005176	121.19154092399475
2.531038000005176	121.19918736949069
2.531039000005176	121.206830624823
2.5310400000051763	121.21447068490586
2.5310410000051764	121.22210754588662
2.5310420000051765	121.22974120512475
2.5310430000051767	121.23737166102852
2.531044000005177	121.24499891296468
2.531045000005177	121.2526229610369
2.531046000005177	121.26024380562511
2.5310470000051772	121.26786144708959
2.5310480000051774	121.27547588554744
2.5310490000051775	121.2830871205444
2.5310500000051777	121.29069515083518
2.531051000005178	121.29829997424704
2.531052000005178	121.3059015876212
2.531053000005178	121.3134999868935
2.531054000005178	121.32109516719402
2.5310550000051784	121.32868712299452
2.5310560000051785	121.33627584838082
2.5310570000051786	121.34386133731411
2.5310580000051788	121.35144358380072
2.531059000005179	121.35902258213076
2.531060000005179	121.36659832708926
2.531061000005179	121.37417081397913
2.5310620000051793	121.38174003877272
2.5310630000051795	121.38930599806821
2.5310640000051796	121.39686868901227
2.5310650000051798	121.40442810921779
2.53106600000518	121.41198425661213
2.53106700000518	121.41953712932796
2.53106800000518	121.42708672553705
2.5310690000051803	121.43463304332052
2.5310700000051805	121.4421760805848
2.5310710000051806	121.4497158350019
2.5310720000051807	121.45725230334126
2.531073000005181	121.4647854828191
2.531074000005181	121.4723153710888
2.531075000005181	121.47984196499513
2.5310760000051813	121.48736526125437
2.5310770000051814	121.49488525649417
2.5310780000051816	121.5024019473803
2.5310790000051817	121.50991533055323
2.531080000005182	121.51742540258898
2.531081000005182	121.52493216003421
2.531082000005182	121.5324355993209
2.5310830000051823	121.53993571672865
2.5310840000051824	121.54743250828056
2.5310850000051826	121.55492596971575
2.5310860000051827	121.5624160965624
2.531087000005183	121.5699028840799
2.531088000005183	121.5773863273187
2.531089000005183	121.58486642121791
2.5310900000051832	121.59234316074462
2.5310910000051834	121.59981654106225
2.5310920000051835	121.60728655768075
2.5310930000051837	121.6147532066091
2.531094000005184	121.6222164844686
2.531095000005184	121.62967638859703
2.531096000005184	121.63713291699494
2.5310970000051842	121.64458606836226
2.5310980000051844	121.65203584199509
2.5310990000051845	121.65948223749874
2.5311000000051846	121.6669252546826
2.531101000005185	121.67436489329019
2.531102000005185	121.68180115267688
2.531103000005185	121.68923403158526
2.531104000005185	121.6966635279293
2.5311050000051853	121.7040896386292
2.5311060000051855	121.71151235957588
2.5311070000051856	121.71893168565934
2.5311080000051858	121.72634761081855
2.531109000005186	121.73376012827866
2.531110000005186	121.74116923089615
2.531111000005186	121.74857491134956
2.5311120000051863	121.75597716256016
2.5311130000051865	121.76337597802316
2.5311140000051866	121.77077135208012
2.5311150000051867	121.77816328023525
2.531116000005187	121.7855517591732
2.531117000005187	121.7929367867822
2.531118000005187	121.80031836209089
2.5311190000051873	121.80769648510005
2.5311200000051874	121.81507115644567
2.5311210000051876	121.82244237706664
2.5311220000051877	121.82981014776183
2.531123000005188	121.83717446880195
2.531124000005188	121.84453533969392
2.531125000005188	121.85189275878908
2.5311260000051883	121.85924672313269
2.5311270000051884	121.86659722841216
2.5311280000051886	121.87394426897932
2.5311290000051887	121.88128783810158
2.531130000005189	121.88862792822528
2.531131000005189	121.89596453132198
2.531132000005189	121.90329763931881
2.5311330000051893	121.91062724456985
2.5311340000051894	121.91795334011697
2.5311350000051895	121.92527592002962
2.5311360000051897	121.93259497973543
2.53113700000519	121.93991051602376
2.53113800000519	121.94722252701004
2.53113900000519	121.95453101202742
2.5311400000051902	121.96183597139951
2.5311410000051904	121.96913740608566
2.5311420000051905	121.97643531723398
2.5311430000051907	121.9837297058187
2.531144000005191	121.99102057228144
2.531145000005191	121.99830791621204
2.531146000005191	122.00559173611249
2.531147000005191	122.01287202922491
2.5311480000051914	122.02014879165147
2.5311490000051915	122.02742201770306
2.5311500000051916	122.03469170138877
2.5311510000051918	122.04195783685138
2.531152000005192	122.04922041729462
2.531153000005192	122.05647943593378
2.531154000005192	122.06373488639078
2.5311550000051923	122.0709867629726
2.5311560000051925	122.07823506084156
2.5311570000051926	122.08547977605974
2.5311580000051928	122.092720905656
2.531159000005193	122.09995844757069
2.531160000005193	122.1071924003814
2.531161000005193	122.11442276314777
2.5311620000051933	122.12164953510661
2.5311630000051935	122.12887271540653
2.5311640000051936	122.13609230284592
2.5311650000051937	122.14330829569612
2.531166000005194	122.15052069159188
2.531167000005194	122.15772948738974
2.531168000005194	122.16493467927293
2.5311690000051943	122.17213626284682
2.5311700000051944	122.17933423318044
2.5311710000051946	122.18652858516153
2.5311720000051947	122.19371931445895
2.531173000005195	122.20090641606888
2.531174000005195	122.20808988457578
2.531175000005195	122.21526971576559
2.5311760000051953	122.2224459060062
2.5311770000051954	122.22961845214175
2.5311780000051955	122.23678735145205
2.5311790000051957	122.24395260153767
2.531180000005196	122.25111420013477
2.531181000005196	122.25827214502051
2.531182000005196	122.26542643372912
2.5311830000051962	122.27257706350609
2.5311840000051964	122.27972403122526
2.5311850000051965	122.28686733333453
2.5311860000051967	122.2940069658913
2.531187000005197	122.30114292463871
2.531188000005197	122.30827520516539
2.531189000005197	122.31540380304102
2.5311900000051972	122.32252871398997
2.5311910000051974	122.3296499340967
2.5311920000051975	122.33676745989678
2.5311930000051976	122.34388128842222
2.531194000005198	122.35099141731241
2.531195000005198	122.35809784472808
2.531196000005198	122.36520056919184
2.531197000005198	122.37229958949331
2.5311980000051983	122.37939490441106
2.5311990000051985	122.38648651251819
2.5312000000051986	122.3935744120139
2.5312010000051988	122.40065860041958
2.531202000005199	122.40773907452784
2.531203000005199	122.41481583036297
2.531204000005199	122.42188886309923
2.5312050000051993	122.4289581672384
2.5312060000051995	122.43602373677794
2.5312070000051996	122.44308556544424
2.5312080000051997	122.45014364691312
2.5312090000052	122.45719797510463
2.5312100000052	122.46424854451676
2.5312110000052	122.47129535043712
2.5312120000052003	122.47833838910047
2.5312130000052004	122.48537765771337
2.5312140000052006	122.49241315449669
2.5312150000052007	122.49944487852275
2.531216000005201	122.5064728295882
2.531217000005201	122.51349700796362
2.531218000005201	122.52051741399582
2.5312190000052013	122.52753404780117
2.5312200000052014	122.53454690900692
2.5312210000052016	122.54155599643292
2.5312220000052017	122.54856130789992
2.531223000005202	122.55556284011462
2.531224000005202	122.56256058865287
2.531225000005202	122.56955454805225
2.5312260000052023	122.57654471197338
2.5312270000052024	122.58353107348933
2.5312280000052025	122.59051362536826
2.5312290000052027	122.5974923604618
2.531230000005203	122.6044672720136
2.531231000005203	122.61143835392596
2.531232000005203	122.61840560103258
2.5312330000052032	122.62536900929743
2.5312340000052034	122.63232857582933
2.5312350000052035	122.63928429879383
2.5312360000052037	122.64623617737475
2.531237000005204	122.6531842115441
2.531238000005204	122.66012840168119
2.531239000005204	122.6670687483444
2.531240000005204	122.67400525190784
2.5312410000052044	122.68093791222881
2.5312420000052045	122.68786672840784
2.5312430000052046	122.69479169858757
2.5312440000052048	122.70171281986751
2.531245000005205	122.70863008826767
2.531246000005205	122.71554349881382
2.531247000005205	122.72245304565641
2.5312480000052053	122.72935872233661
2.5312490000052055	122.7362605223079
2.5312500000052056	122.74315843878736
2.5312510000052058	122.7500524650579
2.531252000005206	122.75694259508944
2.531253000005206	122.7638288235935
2.531254000005206	122.77071114616578
2.5312550000052063	122.77758955925803
2.5312560000052065	122.78446406024746
2.5312570000052066	122.79133464732699
2.5312580000052067	122.79820131932219
2.531259000005207	122.80506407547149
2.531260000005207	122.81192291520256
2.531261000005207	122.81877783791975
2.5312620000052073	122.8256288427874
2.5312630000052074	122.83247592851818
2.5312640000052076	122.83931909321201
2.5312650000052077	122.84615833437434
2.531266000005208	122.8529936489565
2.531267000005208	122.85982503321067
2.531268000005208	122.8666524827883
2.5312690000052083	122.87347599304132
2.5312700000052084	122.88029555913339
2.5312710000052085	122.88711117613076
2.5312720000052087	122.89392283926125
2.531273000005209	122.90073054401331
2.531274000005209	122.90753428609204
2.531275000005209	122.9143340616299
2.5312760000052092	122.92112986711706
2.5312770000052094	122.92792169933409
2.5312780000052095	122.93470955475408
2.5312790000052097	122.94149343069411
2.53128000000521	122.94827332512953
2.53128100000521	122.95504923534243
2.53128200000521	122.96182115863408
2.5312830000052102	122.968589092186
2.5312840000052104	122.97535303296446
2.5312850000052105	122.9821129778479
2.5312860000052106	122.98886892363817
2.531287000005211	122.9956208670919
2.531288000005211	123.00236880499237
2.531289000005211	123.00911273422491
2.531290000005211	123.0158526518449
2.5312910000052113	123.02258855504067
2.5312920000052115	123.02932044111935
2.5312930000052116	123.03604830755472
2.5312940000052118	123.04277215192644
2.531295000005212	123.04949197170211
2.531296000005212	123.05620776420884
2.531297000005212	123.0629195265526
2.5312980000052123	123.06962725548448
2.5312990000052125	123.07633094735738
2.5313000000052126	123.0830305981395
2.5313010000052127	123.08972620335504
2.531302000005213	123.09641775818676
2.531303000005213	123.10310525762549
2.531304000005213	123.109788696606
2.5313050000052133	123.11646807022325
2.5313060000052134	123.12314337384666
2.5313070000052136	123.1298146033873
2.5313080000052137	123.13648175538508
2.531309000005214	123.14314482706243
2.531310000005214	123.14980381638193
2.531311000005214	123.15645872200619
2.5313120000052143	123.16310954318982
2.5313130000052144	123.1697562796211
2.5313140000052146	123.17639893110143
2.5313150000052147	123.18303749727889
2.531316000005215	123.18967197745752
2.531317000005215	123.19630237031619
2.531318000005215	123.20292867366626
2.5313190000052153	123.20955088436537
2.5313200000052154	123.21616899825862
2.5313210000052155	123.22278301016688
2.5313220000052157	123.22939291411927
2.531323000005216	123.23599870350822
2.531324000005216	123.24260037136023
2.531325000005216	123.24919791072489
2.5313260000052162	123.25579131493843
2.5313270000052164	123.26238057796516
2.5313280000052165	123.26896569466119
2.5313290000052167	123.27554666094473
2.531330000005217	123.28212347393134
2.531331000005217	123.28869613189107
2.531332000005217	123.29526463411948
2.531333000005217	123.3018289807063
2.5313340000052174	123.30838917225469
2.5313350000052175	123.31494520960132
2.5313360000052176	123.32149709340375
2.5313370000052178	123.32804482380065
2.531338000005218	123.33458840012109
2.531339000005218	123.34112782062256
2.531340000005218	123.34766308249358
2.5313410000052183	123.35419418175795
2.5313420000052185	123.3607211133336
2.5313430000052186	123.36724387128059
2.5313440000052188	123.37376244904922
2.531345000005219	123.38027683974319
2.531346000005219	123.38678703649656
2.531347000005219	123.39329303289563
2.5313480000052193	123.39979482317646
2.5313490000052195	123.40629240242461
2.5313500000052196	123.41278576674792
2.5313510000052197	123.41927491331266
2.53135200000522	123.42575984026561
2.53135300000522	123.4322405466057
2.53135400000522	123.43871703196217
2.5313550000052203	123.44518929632024
2.5313560000052204	123.45165733967545
2.5313570000052206	123.45812116177187
2.5313580000052207	123.46458076189012
2.531359000005221	123.4710361386376
2.531360000005221	123.47748728979828
2.531361000005221	123.48393421231387
2.5313620000052213	123.49037690229858
2.5313630000052214	123.49681535518307
2.5313640000052215	123.50324956586762
2.5313650000052217	123.50967952891618
2.531366000005222	123.516105238864
2.531367000005222	123.52252669038987
2.531368000005222	123.52894387838967
2.5313690000052222	123.53535679830848
2.5313700000052224	123.54176544626996
2.5313710000052225	123.54816981885978
2.5313720000052227	123.55456991318127
2.531373000005223	123.56096572677276
2.531374000005223	123.56735725746977
2.531375000005223	123.57374450327673
2.5313760000052232	123.58012746218056
2.5313770000052234	123.58650613198743
2.5313780000052235	123.59288051026476
2.5313790000052236	123.59925059425639
2.531380000005224	123.60561638081636
2.531381000005224	123.61197786648832
2.531382000005224	123.61833504758944
2.531383000005224	123.62468792031433
2.5313840000052243	123.63103648083501
2.5313850000052245	123.63738072543448
2.5313860000052246	123.64372065062076
2.5313870000052248	123.6500562531584
2.531388000005225	123.65638753018074
2.531389000005225	123.66271447919893
2.531390000005225	123.66903709798403
2.5313910000052253	123.6753553844677
2.5313920000052255	123.68166933666434
2.5313930000052256	123.68797895250312
2.5313940000052257	123.69428422975956
2.531395000005226	123.70058516584938
2.531396000005226	123.7068817576789
2.531397000005226	123.71317400177
2.5313980000052263	123.71946189420729
2.5313990000052264	123.72574543063983
2.5314000000052266	123.73202460684962
2.5314010000052267	123.73829941805913
2.531402000005227	123.74456985911233
2.531403000005227	123.75083592553825
2.531404000005227	123.75709761324353
2.5314050000052273	123.76335491859074
2.5314060000052274	123.76960783858398
2.5314070000052276	123.77585637091019
2.5314080000052277	123.78210051380601
2.531409000005228	123.78834026602662
2.531410000005228	123.79457562671449
2.531411000005228	123.80080659514884
2.5314120000052283	123.80703317052031
2.5314130000052284	123.8132553517086
2.5314140000052285	123.81947313708565
2.5314150000052287	123.82568652432046
2.531416000005229	123.83189551027952
2.531417000005229	123.83810009101877
2.531418000005229	123.8443002617835
2.5314190000052292	123.85049601711752
2.5314200000052294	123.85668735109005
2.5314210000052295	123.86287425754252
2.5314220000052297	123.86905673033455
2.53142300000523	123.87523476360538
2.53142400000523	123.88140835206133
2.53142500000523	123.88757749121474
2.53142600000523	123.89374217746995
2.5314270000052304	123.899902408251
2.5314280000052305	123.9060581819805
2.5314290000052306	123.91220949794301
2.5314300000052308	123.9183563561031
2.531431000005231	123.92449875686106
2.531432000005231	123.93063670074898
2.531433000005231	123.93677018814832
2.5314340000052313	123.94289921897399
2.5314350000052315	123.94902379235803
2.5314360000052316	123.95514390653132
2.5314370000052318	123.96125955870565
2.531438000005232	123.96737074499984
2.531439000005232	123.97347746055478
2.531440000005232	123.97957969970557
2.5314410000052323	123.98567745615989
2.5314420000052325	123.99177072330518
2.5314430000052326	123.99785949457446
2.5314440000052327	124.00394376369864
2.531445000005233	124.010023524948
2.531446000005233	124.016098773443
2.531447000005233	124.02216950526204
2.5314480000052333	124.02823571749077
2.5314490000052334	124.03429740821552
2.5314500000052336	124.04035457638561
2.5314510000052337	124.04640722163316
2.531452000005234	124.05245534405658
2.531453000005234	124.0584989439248
2.531454000005234	124.06453802135691
2.5314550000052343	124.07057257608754
2.5314560000052344	124.07660260726982
2.5314570000052345	124.08262811325707
2.5314580000052347	124.08864909150128
2.531459000005235	124.09466553863591
2.531460000005235	124.10067745052656
2.531461000005235	124.10668482231893
2.5314620000052352	124.11268764866641
2.5314630000052354	124.11868592399789
2.5314640000052355	124.12467964265967
2.5314650000052357	124.13066879920815
2.531466000005236	124.13665338856582
2.531467000005236	124.14263340613378
2.531468000005236	124.14860884795218
2.5314690000052362	124.15457971066228
2.5314700000052364	124.16054599153397
2.5314710000052365	124.16650768830556
2.5314720000052366	124.17246479916805
2.531473000005237	124.17841732257408
2.531474000005237	124.18436525706187
2.531475000005237	124.19030860115822
2.531476000005237	124.19624735318652
2.5314770000052373	124.2021815112788
2.5314780000052375	124.20811107328653
2.5314790000052376	124.21403603673886
2.5314800000052378	124.21995639880976
2.531481000005238	124.22587215644973
2.531482000005238	124.23178330644457
2.531483000005238	124.23768984542365
2.5314840000052383	124.24359176999134
2.5314850000052385	124.24948907670704
2.5314860000052386	124.25538176217995
2.5314870000052387	124.2612698231298
2.531488000005239	124.26715325625848
2.531489000005239	124.27303205833405
2.531490000005239	124.27890622588608
2.5314910000052393	124.28477575565124
2.5314920000052394	124.2906406445879
2.5314930000052396	124.29650088926249
2.5314940000052397	124.30235648615242
2.53149500000524	124.30820743164873
2.53149600000524	124.31405372209205
2.53149700000524	124.31989535389592
2.5314980000052403	124.32573232357582
2.5314990000052404	124.33156462781255
2.5315000000052406	124.33739226357572
2.5315010000052407	124.34321522814409
2.531502000005241	124.34903351910161
2.531503000005241	124.35484713443714
2.531504000005241	124.36065607244248
2.5315050000052413	124.3664603315829
2.5315060000052414	124.3722599105023
2.5315070000052415	124.37805480784404
2.5315080000052417	124.38384502204048
2.531509000005242	124.38963055122902
2.531510000005242	124.395411393414
2.531511000005242	124.40118754580922
2.5315120000052422	124.40695900479047
2.5315130000052424	124.41272576642157
2.5315140000052425	124.41848782620599
2.5315150000052427	124.42424517925174
2.531516000005243	124.42999782034498
2.531517000005243	124.43574574415985
2.531518000005243	124.44148894556373
2.531519000005243	124.44722741969628
2.5315200000052434	124.45296116216299
2.5315210000052435	124.45869016927728
2.5315220000052436	124.46441443810632
2.5315230000052438	124.4701339664696
2.531524000005244	124.47584875292479
2.531525000005244	124.48155879667864
2.531526000005244	124.48726409741194
2.5315270000052443	124.49296465509488
2.5315280000052445	124.49866046974552
2.5315290000052446	124.50435154111595
2.5315300000052448	124.51003786848433
2.531531000005245	124.51571945051062
2.531532000005245	124.52139628501351
2.531533000005245	124.52706836891147
2.5315340000052453	124.53273569834147
2.5315350000052455	124.53839826854778
2.5315360000052456	124.54405607403909
2.5315370000052457	124.54970910889507
2.531538000005246	124.55535736700985
2.531539000005246	124.56100084237254
2.531540000005246	124.56663952931025
2.5315410000052463	124.57227342272871
2.5315420000052464	124.57790251825618
2.5315430000052466	124.58352681794376
2.5315440000052467	124.5891463193177
2.531545000005247	124.594761015317
2.531546000005247	124.60037090520242
2.531547000005247	124.60597598881992
2.5315480000052473	124.61157626642094
2.5315490000052474	124.61717173836668
2.5315500000052475	124.62276240486517
2.5315510000052477	124.6283482657441
2.531552000005248	124.63392932020278
2.531553000005248	124.63950556664292
2.531554000005248	124.6450770025865
2.5315550000052482	124.65064362469799
2.5315560000052484	124.65620542882459
2.5315570000052485	124.66176241017017
2.5315580000052487	124.66731456347746
2.531559000005249	124.67286188321101
2.531560000005249	124.67840436383766
2.531561000005249	124.6839420000484
2.5315620000052492	124.68947478695819
2.5315630000052494	124.69500272028635
2.5315640000052495	124.70052579643519
2.5315650000052496	124.70604401252893
2.53156600000525	124.71155736636494
2.53156700000525	124.71706585702195
2.53156800000525	124.72256948329267
2.53156900000525	124.72806824351903
2.5315700000052503	124.73356213678933
2.5315710000052505	124.7390511620809
2.5315720000052506	124.74453531809019
2.5315730000052508	124.75001460309056
2.531574000005251	124.75548901491514
2.531575000005251	124.76095855085963
2.531576000005251	124.76642320774107
2.5315770000052513	124.77188298204561
2.5315780000052515	124.77733787000331
2.5315790000052516	124.78278786766916
2.5315800000052517	124.78823297110016
2.531581000005252	124.7936731765056
2.531582000005252	124.7991084803171
2.531583000005252	124.80453887930331
2.5315840000052523	124.80996437050501
2.5315850000052524	124.81538495124533
2.5315860000052526	124.82080061908744
2.5315870000052527	124.82621137172313
2.531588000005253	124.83161720688756
2.531589000005253	124.83701812226914
2.531590000005253	124.84241411539301
2.5315910000052533	124.84780518354574
2.5315920000052534	124.8531913238459
2.5315930000052536	124.85857253313641
2.5315940000052537	124.86394880805662
2.531595000005254	124.86932014517576
2.531596000005254	124.87468654104535
2.531597000005254	124.88004799231275
2.5315980000052543	124.88540449589873
2.5315990000052544	124.89075604905415
2.5316000000052545	124.89610315580589
2.5316010000052547	124.90144580339049
2.531602000005255	124.90678347286942
2.531603000005255	124.91211615920183
2.531604000005255	124.91744385492451
2.5316050000052552	124.92276655411652
2.5316060000052554	124.92808425244348
2.5316070000052555	124.9333969484983
2.5316080000052557	124.93870464286131
2.531609000005256	124.94400733770141
2.531610000005256	124.9493050363451
2.531611000005256	124.95459774270282
2.531612000005256	124.95988546063187
2.5316130000052564	124.96516818639628
2.5316140000052565	124.9704459226628
2.5316150000052566	124.97571867779784
2.5316160000052568	124.98098645142916
2.531617000005257	124.98624924176443
2.531618000005257	124.99150704551022
2.531619000005257	124.99675985811227
2.5316200000052573	125.00200767396638
2.5316210000052575	125.0072504867298
2.5316220000052576	125.01248828977997
2.5316230000052578	125.0177210771871
2.531624000005258	125.02294884262058
2.531625000005258	125.02817157961334
2.531626000005258	125.03338928302408
2.5316270000052583	125.03860193740313
2.5316280000052584	125.04380953938427
2.5316290000052586	125.04901209726914
2.5316300000052587	125.05420960869665
2.531631000005259	125.05940200737763
2.531632000005259	125.06458928692565
2.531633000005259	125.06977155348328
2.5316340000052593	125.07494876600443
2.5316350000052594	125.08012091850549
2.5316360000052596	125.08528805360787
2.5316370000052597	125.09045013026896
2.53163800000526	125.09560714705056
2.53163900000526	125.10075910542092
2.53164000000526	125.10590600679082
2.5316410000052603	125.11104785238818
2.5316420000052604	125.11618464302629
2.5316430000052605	125.12131637882736
2.5316440000052607	125.12644305816578
2.531645000005261	125.131564679221
2.531646000005261	125.13668123978874
2.531647000005261	125.14179273553606
2.5316480000052612	125.14689916086402
2.5316490000052614	125.15200050890537
2.5316500000052615	125.15709677178141
2.5316510000052617	125.16218794095164
2.531652000005262	125.16727400749967
2.531653000005262	125.17235496254283
2.531654000005262	125.17743079774
2.5316550000052622	125.1825015057032
2.5316560000052624	125.18756708036113
2.5316570000052625	125.19262751738883
2.5316580000052626	125.19768281438213
2.531659000005263	125.20273297092322
2.531660000005263	125.20777798858734
2.531661000005263	125.21281787064046
2.531662000005263	125.21785262177826
2.5316630000052633	125.22288224762984
2.5316640000052635	125.22790675413148
2.5316650000052636	125.23292614767841
2.5316660000052638	125.23794043308476
2.531667000005264	125.24294961302223
2.531668000005264	125.24795368891441
2.531669000005264	125.2529526599228
2.5316700000052643	125.2579465227954
2.5316710000052645	125.26293527183213
2.5316720000052646	125.26791889913054
2.5316730000052647	125.27289739494303
2.531674000005265	125.27787074819904
2.531675000005265	125.2828389472184
2.531676000005265	125.28780198030428
2.5316770000052653	125.29275983646554
2.5316780000052654	125.2977125060921
2.5316790000052656	125.30265998148121
2.5316800000052657	125.30760225722616
2.531681000005266	125.31253933040693
2.531682000005266	125.31747120062775
2.531683000005266	125.32239786980958
2.5316840000052663	125.32731934186012
2.5316850000052664	125.33223562215697
2.5316860000052666	125.33714671684447
2.5316870000052667	125.34205263221082
2.531688000005267	125.34695337402805
2.531689000005267	125.35184894682861
2.531690000005267	125.35673935342216
2.5316910000052673	125.36162459451835
2.5316920000052674	125.36650466851829
2.5316930000052675	125.37137957145168
2.5316940000052677	125.37624929713563
2.531695000005268	125.38111383752653
2.531696000005268	125.38597318320625
2.531697000005268	125.39082732389068
2.5316980000052682	125.39567624901444
2.5316990000052684	125.40051994842179
2.5317000000052685	125.40535841288599
2.5317010000052687	125.41019163458856
2.531702000005269	125.41501960747603
2.531703000005269	125.4198423274423
2.531704000005269	125.42465979238037
2.531705000005269	125.42947200206707
2.5317060000052694	125.43427895867237
2.5317070000052695	125.4390806659462
2.5317080000052696	125.44387712674212
2.5317090000052698	125.4486683440618
2.53171000000527	125.45345432179981
2.53171100000527	125.45823506326053
2.53171200000527	125.4630105708178
2.5317130000052703	125.4677808456454
2.5317140000052705	125.47254588752897
2.5317150000052706	125.47730569471936
2.5317160000052708	125.48206026400106
2.531717000005271	125.48680959082864
2.531718000005271	125.49155366949411
2.531719000005271	125.49629249344125
2.5317200000052713	125.50102605556039
2.5317210000052714	125.50575434843996
2.5317220000052716	125.51047736470821
2.5317230000052717	125.51519509732512
2.531724000005272	125.51990754058589
2.531725000005272	125.52461468873632
2.531726000005272	125.52931653615212
2.5317270000052723	125.53401307896321
2.5317280000052724	125.5387043142517
2.5317290000052726	125.54339024006674
2.5317300000052727	125.54807085536721
2.531731000005273	125.5527461598881
2.531732000005273	125.55741615406596
2.531733000005273	125.56208083885754
2.5317340000052733	125.5667402155679
2.5317350000052734	125.57139428569405
2.5317360000052735	125.57604305072984
2.5317370000052737	125.58068651196011
2.531738000005274	125.58532467029447
2.531739000005274	125.58995752605898
2.531740000005274	125.59458507885292
2.5317410000052742	125.59920732742478
2.5317420000052744	125.60382426952819
2.5317430000052745	125.60843590253259
2.5317440000052747	125.61304222215631
2.531745000005275	125.61764322257581
2.531746000005275	125.62223889774863
2.531747000005275	125.62682924096647
2.5317480000052752	125.63141424515378
2.5317490000052754	125.63599390308994
2.5317500000052755	125.64056820773166
2.5317510000052756	125.64513715257127
2.531752000005276	125.64970073189751
2.531753000005276	125.65425894101024
2.531754000005276	125.65881177643054
2.531755000005276	125.66335923608402
2.5317560000052763	125.66790131926462
2.5317570000052765	125.67243802650351
2.5317580000052766	125.67696935942669
2.5317590000052768	125.68149532050134
2.531760000005277	125.6860159126327
2.531761000005277	125.69053113880015
2.531762000005277	125.69504100166574
2.5317630000052773	125.69954550310267
2.5317640000052775	125.70404464390671
2.5317650000052776	125.70853842352325
2.5317660000052777	125.71302683987281
2.531767000005278	125.71750988936448
2.531768000005278	125.72198756688373
2.531769000005278	125.72645986600453
2.5317700000052783	125.73092677936516
2.5317710000052784	125.73538829896988
2.5317720000052786	125.73984441672133
2.5317730000052787	125.74429512490569
2.531774000005279	125.74874041653847
2.531775000005279	125.75318028579086
2.531776000005279	125.75761472830561
2.5317770000052793	125.76204374133175
2.5317780000052794	125.76646732374772
2.5317790000052796	125.77088547599877
2.5317800000052797	125.77529819989441
2.53178100000528	125.77970549819419
2.53178200000528	125.78410737422037
2.53178300000528	125.78850383143104
2.5317840000052803	125.7928948728499
2.5317850000052804	125.79728050069957
2.5317860000052805	125.80166071603043
2.5317870000052807	125.80603551842141
2.531788000005281	125.81040490584869
2.531789000005281	125.81476887551015
2.531790000005281	125.81912742234404
2.5317910000052812	125.82348053918628
2.5317920000052814	125.82782821881291
2.5317930000052815	125.83217045358992
2.5317940000052817	125.83650723586082
2.531795000005282	125.84083855839543
2.531796000005282	125.84516441481874
2.531797000005282	125.84948479991313
2.531798000005282	125.85379970979034
2.5317990000052824	125.85810914206976
2.5318000000052825	125.8624130957559
2.5318010000052826	125.86671157115362
2.5318020000052828	125.87100456961363
2.531803000005283	125.87529209315575
2.531804000005283	125.87957414416195
2.531805000005283	125.88385072493277
2.5318060000052833	125.88812097608162
2.5318070000052835	125.89238490804577
2.5318080000052836	125.89664338616029
2.5318090000052837	125.90089640543337
2.531810000005284	125.90514396628248
2.531811000005284	125.90938606692396
2.531812000005284	125.91362270483543
2.5318130000052843	125.9178538743102
2.5318140000052844	125.92207956679029
2.5318150000052846	125.92629977400685
2.5318160000052847	125.93051448728733
2.531817000005285	125.93472369811421
2.531818000005285	125.93892739874622
2.531819000005285	125.94312558270258
2.5318200000052853	125.94731824512917
2.5318210000052854	125.95150538303399
2.5318220000052856	125.9556869953532
2.5318230000052857	125.9598630829198
2.531824000005286	125.96403364815816
2.531825000005286	125.968198694746
2.531826000005286	125.97235822724156
2.5318270000052863	125.9765122506023
2.5318280000052864	125.98066076971786
2.5318290000052865	125.98480378990286
2.5318300000052867	125.98894131471697
2.531831000005287	125.99307334577556
2.531832000005287	125.99719988437471
2.531833000005287	126.00132093052558
2.5318340000052872	126.00543648303058
2.5318350000052874	126.00954653957258
2.5318360000052875	126.01365109691088
2.5318370000052877	126.01775015103988
2.531838000005288	126.02184369738313
2.531839000005288	126.02593173100311
2.531840000005288	126.03001424672323
2.5318410000052882	126.03409123920942
2.5318420000052884	126.03816270309278
2.5318430000052885	126.04222863303369
2.5318440000052886	126.04628902379886
2.531845000005289	126.05034387026612
2.531846000005289	126.05439316749298
2.531847000005289	126.05843689746091
2.531848000005289	126.0624750570733
2.5318490000052893	126.06650765603672
2.5318500000052895	126.07053469007013
2.5318510000052896	126.0745561567289
2.5318520000052898	126.07857205436308
2.53185300000529	126.08258238210949
2.53185400000529	126.08658713993113
2.53185500000529	126.09058632850319
2.5318560000052903	126.0945799490211
2.5318570000052905	126.09856800298773
2.5318580000052906	126.10255049190178
2.5318590000052907	126.10652741689682
2.531860000005291	126.11049877844587
2.531861000005291	126.11446457600064
2.531862000005291	126.11842480773693
2.5318630000052913	126.1223794703507
2.5318640000052914	126.126328558958
2.5318650000052916	126.13027206723858
2.5318660000052917	126.13420998760783
2.531867000005292	126.13814231149667
2.531868000005292	126.14206902984236
2.531869000005292	126.14599013354965
2.5318700000052923	126.14990561406229
2.5318710000052924	126.15381546462788
2.5318720000052926	126.15771967934559
2.5318730000052927	126.16161825357689
2.531874000005293	126.16551118552931
2.531875000005293	126.16939847564628
2.531876000005293	126.17328013291286
2.5318770000052933	126.17715615583494
2.5318780000052934	126.18102655020061
2.5318790000052935	126.18489132921323
2.5318800000052937	126.18875049392169
2.531881000005294	126.19260405054096
2.531882000005294	126.19645200422758
2.531883000005294	126.20029435805789
2.5318840000052942	126.20413111259953
2.5318850000052944	126.20796226568693
2.5318860000052945	126.21178781233095
2.5318870000052947	126.21560774491401
2.531888000005295	126.21942205361076
2.531889000005295	126.22323072692728
2.531890000005295	126.2270337540936
2.531891000005295	126.23083112242522
2.5318920000052954	126.23462281822077
2.5318930000052955	126.2384088309235
2.5318940000052956	126.24218915197429
2.5318950000052958	126.24596377530447
2.531896000005296	126.24973269762373
2.531897000005296	126.253495918504
2.531898000005296	126.25725344017353
2.5318990000052963	126.26100526712685
2.5319000000052965	126.26475140557987
2.5319010000052966	126.26849186275736
2.5319020000052967	126.27222664614021
2.531903000005297	126.27595576268625
2.531904000005297	126.27967921807785
2.531905000005297	126.28339701613174
2.5319060000052973	126.2871091583445
2.5319070000052974	126.29081564361935
2.5319080000052976	126.29451646893352
2.5319090000052977	126.29821162810909
2.531910000005298	126.30190111219736
2.531911000005298	126.30558491139568
2.531912000005298	126.30926301497435
2.5319130000052983	126.31293541204823
2.5319140000052984	126.3166020923084
2.5319150000052986	126.32026304664684
2.5319160000052987	126.32391826768097
2.531917000005299	126.3275677502125
2.531918000005299	126.33121149146619
2.531919000005299	126.33484949106185
2.5319200000052993	126.33848175093448
2.5319210000052994	126.34210822505193
2.5319220000052995	126.34572891899404
2.5319230000052997	126.34934388838812
2.5319240000053	126.35295313854557
2.5319250000053	126.35655667480593
2.5319260000053	126.36015450165905
2.5319270000053002	126.36374662229287
2.5319280000053004	126.3673330382295
2.5319290000053005	126.37091374917655
2.5319300000053007	126.3744887584035
2.531931000005301	126.3780580623768
2.531932000005301	126.38162165066109
2.531933000005301	126.38517951686028
2.531934000005301	126.38873165390325
2.5319350000053014	126.39227805410886
2.5319360000053015	126.3958187096011
2.5319370000053016	126.39935361353005
2.531938000005302	126.40288275877745
2.531939000005302	126.40640613822026
2.531940000005302	126.40992374651708
2.531941000005302	126.41343557949892
2.5319420000053023	126.41694163420868
2.5319430000053025	126.42044190880168
2.5319440000053026	126.4239364024634
2.5319450000053028	126.42742511528404
2.531946000005303	126.4309080481169
2.531947000005303	126.4343852023066
2.531948000005303	126.4378565795314
2.5319490000053033	126.44132218167496
2.5319500000053035	126.44478201058875
2.5319510000053036	126.44823606795474
2.5319520000053037	126.45168435517162
2.531953000005304	126.45512687315684
2.531954000005304	126.458563622244
2.531955000005304	126.46199460209581
2.5319560000053043	126.46541981152133
2.5319570000053044	126.46883924842055
2.5319580000053046	126.47225290969818
2.5319590000053047	126.47566079124003
2.531960000005305	126.47906287910776
2.531961000005305	126.48245916737243
2.531962000005305	126.48584965805412
2.5319630000053053	126.48923434356765
2.5319640000053054	126.49261321606345
2.5319650000053056	126.49598626771137
2.5319660000053057	126.49935349102483
2.531967000005306	126.5027148792507
2.531968000005306	126.50607042676498
2.531969000005306	126.50942012933125
2.5319700000053063	126.5127639979086
2.5319710000053064	126.5161020315282
2.5319720000053065	126.51943421767736
2.5319730000053067	126.52276056087703
2.531974000005307	126.52608106531811
2.531975000005307	126.52939573467643
2.531976000005307	126.53270457472232
2.5319770000053072	126.53600759119165
2.5319780000053074	126.53930478923944
2.5319790000053075	126.54259617285787
2.5319800000053077	126.54588174537595
2.531981000005308	126.5491615071529
2.531982000005308	126.55243545541123
2.531983000005308	126.55570358617226
2.531984000005308	126.55896589342207
2.5319850000053084	126.56222236939949
2.5319860000053085	126.56547300510955
2.5319870000053086	126.5687177909596
2.5319880000053088	126.57195671737038
2.531989000005309	126.57518977571979
2.531990000005309	126.57841695839967
2.531991000005309	126.58163825929633
2.5319920000053093	126.58485367464183
2.5319930000053095	126.58806397798756
2.5319940000053096	126.59126917303654
2.5319950000053097	126.59446848357703
2.53199600000531	126.59766190686467
2.53199700000531	126.6008494477887
2.53199800000531	126.60403111115691
2.5319990000053103	126.6072069020616
2.5320000000053104	126.6103768253076
2.5320010000053106	126.61354089051605
2.5320020000053107	126.61669909797871
2.532003000005311	126.61985143853286
2.532004000005311	126.6229979080356
2.532005000005311	126.6261385003205
2.5320060000053113	126.62927320754724
2.5320070000053114	126.63240202068086
2.5320080000053116	126.63552493009233
2.5320090000053117	126.63864192616998
2.532010000005312	126.64175299991834
2.532011000005312	126.64485814351995
2.532012000005312	126.64795735075374
2.5320130000053123	126.65105061729128
2.5320140000053124	126.65413794088936
2.5320150000053125	126.6572193205853
2.5320160000053127	126.66029475808176
2.532017000005313	126.66336425752284
2.532018000005313	126.66642782349105
2.532019000005313	126.6694854613202
2.5320200000053132	126.67253717669712
2.5320210000053134	126.67558297519885
2.5320220000053135	126.67862286179084
2.5320230000053137	126.68165684046393
2.532024000005314	126.68468491403955
2.532025000005314	126.68770708389788
2.532026000005314	126.69072334993858
2.532027000005314	126.69373371062234
2.5320280000053144	126.69673816308723
2.5320290000053145	126.69973670334984
2.5320300000053146	126.70272932649128
2.532031000005315	126.70571602702731
2.532032000005315	126.70869679923362
2.532033000005315	126.7116716374368
2.532034000005315	126.71464053632351
2.5320350000053153	126.7176034911997
2.5320360000053155	126.72056049823902
2.5320370000053156	126.72351155460339
2.5320380000053158	126.72645665858332
2.532039000005316	126.72939580963863
2.532040000005316	126.73232900825523
2.532041000005316	126.73525625589369
2.5320420000053163	126.73817755482413
2.5320430000053165	126.74109290781838
2.5320440000053166	126.74400231793453
2.5320450000053167	126.74690578820804
2.532046000005317	126.74980332130214
2.532047000005317	126.75269491922293
2.532048000005317	126.75558058308087
2.5320490000053173	126.75846031288461
2.5320500000053174	126.76133410741333
2.5320510000053176	126.76420196416026
2.5320520000053177	126.76706387902482
2.532053000005318	126.76991984702735
2.532054000005318	126.77276986251408
2.532055000005318	126.7756139188358
2.5320560000053183	126.77845200895788
2.5320570000053184	126.78128412586125
2.5320580000053186	126.78411026286213
2.5320590000053187	126.7869304139905
2.532060000005319	126.78974457436952
2.532061000005319	126.79255274043759
2.532062000005319	126.79535491014516
2.5320630000053193	126.79815108309081
2.5320640000053194	126.80094126051861
2.5320650000053195	126.80372544518809
2.5320660000053197	126.80650364120154
2.53206700000532	126.80927585372719
2.53206800000532	126.81204208861429
2.53206900000532	126.81480235196653
2.5320700000053202	126.8175566496808
2.5320710000053204	126.82030498707086
2.5320720000053205	126.82304736760618
2.5320730000053207	126.82578379406586
2.532074000005321	126.8285142682934
2.532075000005321	126.83123878939864
2.532076000005321	126.83395735442777
2.532077000005321	126.83666995846868
2.5320780000053213	126.83937659480965
2.5320790000053215	126.84207725517733
2.5320800000053216	126.84477193020062
2.5320810000053218	126.84746060990388
2.532082000005322	126.85014328420695
2.532083000005322	126.8528199435337
2.532084000005322	126.8554905793916
2.5320850000053223	126.85815518489261
2.5320860000053225	126.86081375513491
2.5320870000053226	126.86346628747523
2.5320880000053227	126.86611278171661
2.532089000005323	126.8687532400459
2.532090000005323	126.87138766685935
2.532091000005323	126.87401606834094
2.5320920000053233	126.87663845191841
2.5320930000053234	126.87925482570992
2.5320940000053236	126.88186519782518
2.5320950000053237	126.88446957562063
2.532096000005324	126.88706796500759
2.532097000005324	126.88966036989568
2.532098000005324	126.89224679178548
2.5320990000053243	126.89482722946946
2.5321000000053244	126.89740167899993
2.5321010000053246	126.89997013385351
2.5321020000053247	126.90253258523173
2.532103000005325	126.90508902264492
2.532104000005325	126.90763943458123
2.532105000005325	126.91018380924159
2.5321060000053253	126.91272204876228
2.5321070000053254	126.9152541438478
2.5321080000053255	126.9177801743128
2.5321090000053257	126.92030013533194
2.532110000005326	126.9228140246803
2.532111000005326	126.92532184269565
2.532112000005326	126.92782359210679
2.5321130000053262	126.9303192776544
2.5321140000053264	126.93280890562117
2.5321150000053265	126.9352924832449
2.5321160000053267	126.93777001807827
2.532117000005327	126.9402415172683
2.532118000005327	126.94270698697399
2.532119000005327	126.94516643180282
2.532120000005327	126.94761985443338
2.5321210000053274	126.95006725537986
2.5321220000053275	126.95250863290664
2.5321230000053276	126.95494398318976
2.532124000005328	126.95737330053285
2.532125000005328	126.95979657772475
2.532126000005328	126.96221380657293
2.532127000005328	126.96462497843991
2.5321280000053283	126.96703008471954
2.5321290000053285	126.96942911740423
2.5321300000053286	126.97182206949998
2.5321310000053288	126.9742089353212
2.532132000005329	126.97658971073028
2.532133000005329	126.97896439322295
2.532134000005329	126.98133298191753
2.5321350000053293	126.98369547739013
2.5321360000053295	126.9860518814777
2.5321370000053296	126.98840219690389
2.5321380000053297	126.99074642692179
2.53213900000533	126.99308457501542
2.53214000000533	126.99541664453939
2.53214100000533	126.9977426390065
2.5321420000053303	127.0000625605332
2.5321430000053304	127.00237640960798
2.5321440000053306	127.00468418626066
2.5321450000053307	127.00698588939574
2.532146000005331	127.00928151679197
2.532147000005331	127.01157106357577
2.532148000005331	127.01385452557481
2.5321490000053313	127.01613189958817
2.5321500000053314	127.01840318041059
2.5321510000053316	127.02066836332982
2.5321520000053317	127.02292744313154
2.532153000005332	127.02518041433038
2.532154000005332	127.02742727273002
2.532155000005332	127.02966801506075
2.5321560000053323	127.03190263909623
2.5321570000053324	127.034131143728
2.5321580000053325	127.03635352907605
2.5321590000053327	127.03856979645175
2.532160000005333	127.04077994818547
2.532161000005333	127.04298398748928
2.532162000005333	127.04518191821518
2.5321630000053332	127.04737374451997
2.5321640000053334	127.04955947061164
2.5321650000053335	127.05173910038506
2.5321660000053337	127.05391263705819
2.532167000005334	127.05608008287884
2.532168000005334	127.05824143885951
2.532169000005334	127.06039670463741
2.532170000005334	127.06254587837563
2.5321710000053343	127.06468895669627
2.5321720000053345	127.06682593477912
2.5321730000053346	127.06895680661573
2.5321740000053348	127.07108156521552
2.532175000005335	127.07320020291917
2.532176000005335	127.0753127117685
2.532177000005335	127.07741908395033
2.5321780000053353	127.0795193122094
2.5321790000053355	127.08161339014923
2.5321800000053356	127.08370131283696
2.5321810000053357	127.08578307661487
2.532182000005336	127.08785867912738
2.532183000005336	127.08992811990466
2.532184000005336	127.09199140014061
2.5321850000053363	127.09404852245169
2.5321860000053364	127.09609949070858
2.5321870000053366	127.09814430973903
2.5321880000053367	127.10018298495787
2.532189000005337	127.10221552194987
2.532190000005337	127.10424192610765
2.532191000005337	127.10626220224718
2.5321920000053373	127.10827635421926
2.5321930000053374	127.11028438469877
2.5321940000053376	127.11228629497542
2.5321950000053377	127.11428208479825
2.532196000005338	127.11627175237521
2.532197000005338	127.11825529447805
2.532198000005338	127.12023270662768
2.5321990000053383	127.12220398337925
2.5322000000053384	127.12416911861645
2.5322010000053385	127.1261281058948
2.5322020000053387	127.12808093887058
2.532203000005339	127.13002761168805
2.532204000005339	127.13196811927361
2.532205000005339	127.13390245763452
2.5322060000053392	127.1358306239928
2.5322070000053394	127.13775261691595
2.5322080000053395	127.13966843631468
2.5322090000053397	127.14157808322251
2.53221000000534	127.14348155964254
2.53221100000534	127.14537886823369
2.53221200000534	127.14727001193735
2.53221300000534	127.14915499356744
2.5322140000053404	127.15103381545796
2.5322150000053405	127.15290647913375
2.5322160000053406	127.15477298498763
2.532217000005341	127.15663333213718
2.532218000005341	127.15848751838537
2.532219000005341	127.16033554019565
2.532220000005341	127.1621773928713
2.5322210000053413	127.16401307089858
2.5322220000053415	127.16584256823462
2.5322230000053416	127.16766587871254
2.5322240000053418	127.16948299604172
2.532225000005342	127.17129391510376
2.532226000005342	127.17309863719318
2.532227000005342	127.17489715475796
2.5322280000053423	127.17668946119964
2.5322290000053425	127.17847556140087
2.5322300000053426	127.18025546247559
2.5322310000053427	127.18202916280383
2.532232000005343	127.1837966661369
2.532233000005343	127.18555798202779
2.532234000005343	127.18731311070414
2.5322350000053433	127.18906205646128
2.5322360000053434	127.19080482297477
2.5322370000053436	127.19254141355694
2.5322380000053437	127.19427183089275
2.532239000005344	127.19599607590543
2.532240000005344	127.19771414816145
2.532241000005344	127.19942604585569
2.5322420000053443	127.20113176593892
2.5322430000053444	127.20283130435091
2.5322440000053446	127.20452465618057
2.5322450000053447	127.20621181597305
2.532246000005345	127.20789277808548
2.532247000005345	127.2095675369195
2.532248000005345	127.2112360872354
2.5322490000053453	127.21289842442644
2.5322500000053454	127.21455454462402
2.5322510000053455	127.21620444486663
2.5322520000053457	127.21784812317237
2.532253000005346	127.21948557853686
2.532254000005346	127.22111681093538
2.532255000005346	127.22274182119315
2.5322560000053462	127.22436061086658
2.5322570000053464	127.22597318209175
2.5322580000053465	127.22757953739755
2.5322590000053466	127.22917967954578
2.532260000005347	127.23077361131969
2.532261000005347	127.23236133531924
2.532262000005347	127.23394285372002
2.532263000005347	127.23551816813688
2.5322640000053473	127.23708727944663
2.5322650000053475	127.23865018763327
2.5322660000053476	127.24020671104323
2.5322670000053478	127.24175684485208
2.532268000005348	127.24330075909297
2.532269000005348	127.24483844093959
2.532270000005348	127.2463698781642
2.5322710000053483	127.24789506065012
2.5322720000053485	127.24941398106871
2.5322730000053486	127.25092663520972
2.5322740000053487	127.2524330221397
2.532275000005349	127.25393314422931
2.532276000005349	127.25542700676098
2.532277000005349	127.25691461750814
2.5322780000053493	127.25839598612905
2.5322790000053494	127.25987112338649
2.5322800000053496	127.2613400404377
2.5322810000053497	127.26280274742865
2.53228200000535	127.264259253959
2.53228300000535	127.26570956852203
2.53228400000535	127.26715369677078
2.5322850000053503	127.26859164186347
2.5322860000053504	127.27002340428137
2.5322870000053506	127.2714489818129
2.5322880000053507	127.27286836983727
2.532289000005351	127.27428156159118
2.532290000005351	127.27568854846183
2.532291000005351	127.27708932060882
2.5322920000053513	127.27848386763448
2.5322930000053514	127.27987217900801
2.5322940000053515	127.28125424462326
2.5322950000053517	127.28263005579763
2.532296000005352	127.2839996049816
2.532297000005352	127.28536288603784
2.532298000005352	127.28671989524986
2.5322990000053522	127.28807063120165
2.5323000000053524	127.28941509462908
2.5323010000053525	127.29075328830172
2.5323020000053527	127.29208521687778
2.532303000005353	127.29341088646673
2.532304000005353	127.29473030411927
2.532305000005353	127.29604347742756
2.532306000005353	127.29735041393992
2.5323070000053534	127.29865112049949
2.5323080000053535	127.29994560276086
2.5323090000053536	127.30123386475789
2.532310000005354	127.30251590846623
2.532311000005354	127.30379173354815
2.532312000005354	127.3050613373054
2.532313000005354	127.30632471379096
2.5323140000053543	127.30758185580024
2.5323150000053545	127.30883275523955
2.5323160000053546	127.31007740186543
2.5323170000053548	127.31131578485476
2.532318000005355	127.31254789351021
2.532319000005355	127.3137737178673
2.532320000005355	127.31499324953411
2.5323210000053553	127.31620648229139
2.5323220000053555	127.31741341245531
2.5323230000053556	127.31861403934336
2.5323240000053557	127.31980836546853
2.532325000005356	127.32099639636729
2.532326000005356	127.32217814028301
2.532327000005356	127.32335360777058
2.5323280000053563	127.32452281101848
2.5323290000053564	127.32568576297808
2.5323300000053566	127.32684247650184
2.5323310000053567	127.32799296365626
2.532332000005357	127.32913723443744
2.532333000005357	127.33027529601935
2.532334000005357	127.33140715259809
2.5323350000053573	127.33253280477153
2.5323360000053574	127.33365224939594
2.5323370000053576	127.33476547980209
2.5323380000053577	127.33587248613517
2.532339000005358	127.33697325586589
2.532340000005358	127.33806777467012
2.532341000005358	127.33915602739275
2.5323420000053583	127.34023799897491
2.5323430000053584	127.34131367547808
2.5323440000053585	127.34238304498513
2.5323450000053587	127.34344609834731
2.532346000005359	127.34450282981149
2.532347000005359	127.34555323729461
2.532348000005359	127.34659732244681
2.5323490000053592	127.347635090464
2.5323500000053594	127.3486665495302
2.5323510000053595	127.34969171020602
2.5323520000053596	127.35071058463231
2.53235300000536	127.3517231854503
2.53235400000536	127.35272952485239
2.53235500000536	127.35372961371127
2.53235600000536	127.35472346068362
2.5323570000053603	127.35571107245205
2.5323580000053605	127.35669245166862
2.5323590000053606	127.3576675967138
2.5323600000053608	127.35863650345381
2.532361000005361	127.35959916482086
2.532362000005361	127.36055557136609
2.532363000005361	127.36150571190097
2.5323640000053613	127.3624495743847
2.5323650000053615	127.36338714682614
2.5323660000053616	127.36431841807514
2.5323670000053617	127.36524337859939
2.532368000005362	127.36616202111652
2.532369000005362	127.36707434098179
2.532370000005362	127.36798033643919
2.5323710000053623	127.36888000862535
2.5323720000053624	127.36977336127703
2.5323730000053626	127.37066039930532
2.5323740000053627	127.37154113034997
2.532375000005363	127.3724155641141
2.532376000005363	127.37328370955247
2.532377000005363	127.37414557517153
2.5323780000053633	127.37500116846844
2.5323790000053634	127.37585049535876
2.5323800000053636	127.37669355974376
2.5323810000053637	127.37753036341209
2.532382000005364	127.37836090585058
2.532383000005364	127.3791851843254
2.532384000005364	127.3800031942107
2.5323850000053643	127.38081492926854
2.5323860000053644	127.38162038214331
2.5323870000053645	127.3824195448125
2.5323880000053647	127.38321240905827
2.532389000005365	127.38399896708131
2.532390000005365	127.38477921185746
2.532391000005365	127.38555313742965
2.5323920000053652	127.38632073932082
2.5323930000053654	127.38708201469886
2.5323940000053655	127.38783696241958
2.5323950000053657	127.3885855830434
2.532396000005366	127.38932787877262
2.532397000005366	127.39006385325236
2.532398000005366	127.39079351134409
2.532399000005366	127.39151685885668
2.5324000000053664	127.39223390227932
2.5324010000053665	127.39294464834383
2.5324020000053666	127.3936491036094
2.5324030000053668	127.3943472741881
2.532404000005367	127.3950391653207
2.532405000005367	127.39572478104274
2.532406000005367	127.39640412393022
2.5324070000053673	127.39707719485594
2.5324080000053675	127.3977439928115
2.5324090000053676	127.39840451493107
2.5324100000053678	127.39905875656697
2.532411000005368	127.39970671143158
2.532412000005368	127.40034837186442
2.532413000005368	127.4009837292794
2.5324140000053683	127.40161277468184
2.5324150000053685	127.40223549922541
2.5324160000053686	127.40285189478551
2.5324170000053687	127.4034619545173
2.532418000005369	127.40406567341401
2.532419000005369	127.40466304863938
2.532420000005369	127.40525407981673
2.5324210000053693	127.40583876917393
2.5324220000053694	127.40641712142744
2.5324230000053696	127.40698914347618
2.5324240000053697	127.40755484394266
2.53242500000537	127.40811423256457
2.53242600000537	127.40866731952298
2.53242700000537	127.40921411462514
2.5324280000053703	127.40975462649588
2.5324290000053704	127.41028886192278
2.5324300000053706	127.41081682527945
2.5324310000053707	127.4113385181068
2.532432000005371	127.41185393894632
2.532433000005371	127.41236308340108
2.532434000005371	127.41286594438647
2.5324350000053713	127.41336251268986
2.5324360000053714	127.41385277764047
2.5324370000053715	127.41433672788565
2.5324380000053717	127.41481435227512
2.532439000005372	127.41528564079923
2.532440000005372	127.41575058526789
2.532441000005372	127.4162091799006
2.5324420000053722	127.41666142187117
2.5324430000053724	127.4171073114583
2.5324440000053725	127.41754685193678
2.5324450000053726	127.41798004932797
2.532446000005373	127.41840691196255
2.532447000005373	127.41882744974241
2.532448000005373	127.41924167325736
2.532449000005373	127.41964959303746
2.5324500000053733	127.42005121952984
2.5324510000053735	127.42044656074266
2.5324520000053736	127.42083562170734
2.5324530000053738	127.42121840560719
2.532454000005374	127.42159491279243
2.532455000005374	127.4219651408597
2.532456000005374	127.42232908483165
2.5324570000053743	127.42268673761737
2.5324580000053745	127.4230380906113
2.5324590000053746	127.4233831342954
2.5324600000053747	127.4237218585506
2.532461000005375	127.42405425422353
2.532462000005375	127.42438031373435
2.532463000005375	127.42470003071776
2.5324640000053753	127.4250134008388
2.5324650000053754	127.42532042193365
2.5324660000053756	127.42562109415309
2.5324670000053757	127.42591541982881
2.532468000005376	127.4262034035874
2.532469000005376	127.42648505109555
2.532470000005376	127.42676036865375
2.5324710000053763	127.42702936356261
2.5324720000053764	127.4272920431173
2.5324730000053766	127.42754841417428
2.5324740000053767	127.4277984827278
2.532475000005377	127.42804225353399
2.532476000005377	127.42827972984784
2.532477000005377	127.42851091329551
2.5324780000053773	127.4287358037417
2.5324790000053774	127.42895439948384
2.5324800000053775	127.42916669738464
2.5324810000053777	127.42937269302259
2.532482000005378	127.42957238107435
2.532483000005378	127.42976575560816
2.532484000005378	127.42995281053564
2.5324850000053782	127.43013353993494
2.5324860000053784	127.43030793840519
2.5324870000053785	127.4304760014464
2.5324880000053787	127.43063772569437
2.532489000005379	127.43079310918444
2.532490000005379	127.43094215136914
2.532491000005379	127.43108485324225
2.532492000005379	127.43122121724493
2.5324930000053794	127.43135124714765
2.5324940000053795	127.4314749479015
2.5324950000053796	127.43159232518282
2.5324960000053798	127.43170338514079
2.53249700000538	127.43180813397932
2.53249800000538	127.43190657752383
2.53249900000538	127.43199872086922
2.5325000000053803	127.43208456803087
2.5325010000053805	127.43216412166942
2.5325020000053806	127.43223738282968
2.5325030000053808	127.43230435089345
2.532504000005381	127.43236502359606
2.532505000005381	127.43241939713796
2.532506000005381	127.43246746635688
2.5325070000053813	127.43250922514838
2.5325080000053815	127.43254466684198
2.5325090000053816	127.43257378458551
2.5325100000053817	127.43259657070203
2.532511000005382	127.43261301964137
2.532512000005382	127.43262312836632
2.532513000005382	127.4326268941405
2.5325140000053823	127.43262431606708
2.5325150000053824	127.4326153951132
2.5325160000053826	127.43260013415843
2.5325170000053827	127.43257853787912
2.532518000005383	127.43255061244996
2.532519000005383	127.43251636522064
2.532520000005383	127.4324758041949
2.5325210000053833	127.43242893749317
2.5325220000053834	127.4323757728556
2.5325230000053836	127.43231631716208
2.5325240000053837	127.43225057594844
2.532525000005384	127.43217855295111
2.532526000005384	127.43210024984256
2.532527000005384	127.43201566617665
2.5325280000053842	127.43192479933842
2.5325290000053844	127.43182764465944
2.5325300000053845	127.43172419584239
2.5325310000053847	127.43161444530541
2.532532000005385	127.43149838474359
2.532533000005385	127.43137600574472
2.532534000005385	127.43124730034349
2.5325350000053852	127.43111226164258
2.5325360000053854	127.43097088438718
2.5325370000053855	127.43082316536794
2.5325380000053856	127.4306691036432
2.532539000005386	127.43050870069165
2.532540000005386	127.43034196039561
2.532541000005386	127.4301688887854
2.532542000005386	127.42998949360934
2.5325430000053863	127.42980378383243
2.5325440000053865	127.42961176905739
2.5325450000053866	127.42941345880021
2.5325460000053868	127.42920886175992
2.532547000005387	127.42899798401538
2.532548000005387	127.42878083093781
2.532549000005387	127.42855740684162
2.5325500000053873	127.4283277122224
2.5325510000053875	127.42809174501738
2.5325520000053876	127.42784950081486
2.5325530000053877	127.42760097308968
2.532554000005388	127.42734615377861
2.532555000005388	127.42708503387983
2.532556000005388	127.42681760416438
2.5325570000053883	127.4265438559034
2.5325580000053884	127.42626378147753
2.5325590000053886	127.42597737499118
2.5325600000053887	127.42568463277199
2.532561000005389	127.42538555354206
2.532562000005389	127.42508013854255
2.532563000005389	127.42476839151955
2.5325640000053893	127.42445031831166
2.5325650000053894	127.42412592650805
2.5325660000053896	127.42379522485365
2.5325670000053897	127.42345822256257
2.53256800000539	127.42311492871984
2.53256900000539	127.42276535168332
2.53257000000539	127.42240949851312
2.5325710000053903	127.42204737453761
2.5325720000053904	127.42167898302431
2.5325730000053905	127.42130432499447
2.5325740000053907	127.42092339940643
2.532575000005391	127.42053620325504
2.532576000005391	127.42014273179905
2.532577000005391	127.41974297902055
2.5325780000053912	127.41933693820305
2.5325790000053914	127.41892460239852
2.5325800000053915	127.41850596487062
2.5325810000053917	127.41808101955496
2.532582000005392	127.41764976143172
2.532583000005392	127.41721218692706
2.532584000005392	127.41676829402522
2.532585000005392	127.416318082231
2.5325860000053924	127.41586155266768
2.5325870000053925	127.41539870784575
2.5325880000053926	127.41492955142189
2.5325890000053928	127.41445408799191
2.532590000005393	127.41397232264173
2.532591000005393	127.41348426066831
2.532592000005393	127.41298990726023
2.5325930000053933	127.4124892672105
2.5325940000053935	127.41198234459385
2.5325950000053936	127.41146914257877
2.5325960000053938	127.41094966333809
2.532597000005394	127.41042390792188
2.532598000005394	127.40989187631865
2.532599000005394	127.40935356739048
2.5326000000053943	127.40880897912675
2.5326010000053945	127.4082581087755
2.5326020000053946	127.40770095299928
2.5326030000053947	127.40713750814281
2.532604000005395	127.40656777049811
2.532605000005395	127.4059917366131
2.532606000005395	127.40540940342214
2.5326070000053953	127.40482076857384
2.5326080000053954	127.40422583054917
2.5326090000053956	127.40362458879895
2.5326100000053957	127.40301704395475
2.532611000005396	127.40240319771618
2.532612000005396	127.40178305281052
2.532613000005396	127.4011566135262
2.5326140000053963	127.4005238844471
2.5326150000053964	127.39988487012764
2.5326160000053966	127.39923957595265
2.5326170000053967	127.39858800727741
2.532618000005397	127.39793016902445
2.532619000005397	127.39726606551534
2.532620000005397	127.39659570004238
2.5326210000053972	127.3959190746367
2.5326220000053974	127.39523619001739
2.5326230000053975	127.39454704542396
2.5326240000053977	127.39385163862454
2.532625000005398	127.39314996602941
2.532626000005398	127.39244202291144
2.532627000005398	127.39172780377747
2.5326280000053982	127.3910073027423
2.5326290000053984	127.39028051385294
2.5326300000053985	127.38954743160804
2.5326310000053986	127.38880805137931
2.532632000005399	127.3880623698073
2.532633000005399	127.38731038513794
2.532634000005399	127.38655209734942
2.532635000005399	127.38578750829834
2.5326360000053993	127.38501662166365
2.5326370000053995	127.38423944279302
2.5326380000053996	127.38345597834817
2.5326390000053998	127.38266623593236
2.5326400000054	127.38187022362706
2.5326410000054	127.38106794933562
2.5326420000054	127.38025941890389
2.5326430000054003	127.37944463852148
2.5326440000054005	127.37862361427887
2.5326450000054006	127.37779634889576
2.5326460000054007	127.37696284298322
2.532647000005401	127.37612309513392
2.532648000005401	127.37527710195388
2.532649000005401	127.3744248583136
2.5326500000054013	127.37356635784626
2.5326510000054014	127.3727015934241
2.5326520000054016	127.37183055771146
2.5326530000054017	127.37095324378939
2.532654000005402	127.37006964561613
2.532655000005402	127.36917975862357
2.532656000005402	127.36828358008835
2.5326570000054023	127.36738110930185
2.5326580000054024	127.36647234769384
2.5326590000054026	127.36555729870827
2.5326600000054027	127.36463596757656
2.532661000005403	127.36370836100251
2.532662000005403	127.36277448666372
2.532663000005403	127.3618343526099
2.5326640000054033	127.36088796675399
2.5326650000054034	127.35993533631296
2.5326660000054035	127.35897646738732
2.5326670000054037	127.35801136450351
2.532668000005404	127.35704003033959
2.532669000005404	127.35606246570607
2.532670000005404	127.3550786695466
2.5326710000054042	127.35408863911009
2.5326720000054044	127.35309237020775
2.5326730000054045	127.35208985766742
2.5326740000054047	127.35108109580243
2.532675000005405	127.35006607883915
2.532676000005405	127.34904480145781
2.532677000005405	127.34801725911257
2.532678000005405	127.3469834484124
2.5326790000054054	127.34594336747456
2.5326800000054055	127.34489701597577
2.5326810000054056	127.34384439520957
2.5326820000054058	127.34278550801048
2.532683000005406	127.34172035855654
2.532684000005406	127.34064895212677
2.532685000005406	127.3395712947345
2.5326860000054063	127.33848739278558
2.5326870000054065	127.33739725271948
2.5326880000054066	127.33630088060373
2.5326890000054068	127.33519828182686
2.532690000005407	127.33408946077348
2.532691000005407	127.33297442064706
2.532692000005407	127.3318531633436
2.5326930000054073	127.3307256893561
2.5326940000054075	127.3295919978129
2.5326950000054076	127.32845208656288
2.5326960000054077	127.32730595242805
2.532697000005408	127.32615359140576
2.532698000005408	127.32499499891412
2.532699000005408	127.32383017021999
2.5327000000054083	127.32265910063664
2.5327010000054084	127.32148178592637
2.5327020000054086	127.3202982227244
2.5327030000054087	127.3191084087128
2.532704000005409	127.31791234275975
2.532705000005409	127.31671002512108
2.532706000005409	127.3155014575584
2.5327070000054093	127.3142866432104
2.5327080000054094	127.31306558650776
2.5327090000054095	127.31183829292014
2.5327100000054097	127.31060476868804
2.53271100000541	127.30936502044565
2.53271200000541	127.30811905481521
2.53271300000541	127.30686687803953
2.5327140000054102	127.30560849551247
2.5327150000054104	127.30434391144385
2.5327160000054105	127.30307312864471
2.5327170000054107	127.30179614827587
2.532718000005411	127.30051296978516
2.532719000005411	127.29922359096258
2.532720000005411	127.29792800808583
2.5327210000054112	127.29662621619828
2.5327220000054114	127.29531820952562
2.5327230000054115	127.29400398190376
2.5327240000054116	127.29268352725398
2.532725000005412	127.29135684009037
2.532726000005412	127.29002391596937
2.532727000005412	127.28868475197739
2.532728000005412	127.28733934696395
2.5327290000054123	127.28598770174588
2.5327300000054125	127.28462981911505
2.5327310000054126	127.28326570379961
2.5327320000054128	127.28189536230704
2.532733000005413	127.28051880243213
2.532734000005413	127.2791360329005
2.532735000005413	127.27774706289043
2.5327360000054133	127.27635190132283
2.5327370000054135	127.27495055645784
2.5327380000054136	127.27354303543073
2.5327390000054137	127.2721293437042
2.532740000005414	127.27070948479908
2.532741000005414	127.2692834602357
2.532742000005414	127.26785126939508
2.5327430000054143	127.26641290954558
2.5327440000054144	127.2649683762746
2.5327450000054146	127.263517662295
2.5327460000054147	127.26206076088445
2.532747000005415	127.26059766637727
2.532748000005415	127.25912837176148
2.532749000005415	127.25765287070976
2.5327500000054153	127.25617115804947
2.5327510000054154	127.25468323017239
2.5327520000054156	127.25318908526224
2.5327530000054157	127.25168872357169
2.532754000005416	127.25018214741168
2.532755000005416	127.2486693609746
2.532756000005416	127.24715037013253
2.5327570000054163	127.24562518208543
2.5327580000054164	127.24409380494286
2.5327590000054165	127.24255624719208
2.5327600000054167	127.24101251712162
2.532761000005417	127.23946262237915
2.532762000005417	127.23790656949966
2.532763000005417	127.23634436355735
2.5327640000054172	127.23477600790571
2.5327650000054174	127.23320150400716
2.5327660000054175	127.23162085144759
2.5327670000054177	127.23003404808786
2.532768000005418	127.2284410906048
2.532769000005418	127.22684197431363
2.532770000005418	127.22523669360675
2.532771000005418	127.22362524299733
2.5327720000054184	127.22200761733583
2.5327730000054185	127.22038381224543
2.5327740000054186	127.21875382451586
2.5327750000054188	127.21711765244429
2.532776000005419	127.21547529599091
2.532777000005419	127.21382675692979
2.532778000005419	127.21217203872918
2.5327790000054193	127.21051114628163
2.5327800000054195	127.20884408572579
2.5327810000054196	127.20717086402911
2.5327820000054198	127.20549148855106
2.53278300000542	127.2038059665649
2.53278400000542	127.20211430478822
2.53278500000542	127.20041650905691
2.5327860000054203	127.19871258402308
2.5327870000054205	127.19700253280911
2.5327880000054206	127.19528635630991
2.5327890000054207	127.1935640544815
2.532790000005421	127.19183562642701
2.532791000005421	127.19010106934137
2.532792000005421	127.18836037948073
2.5327930000054213	127.18661355251636
2.5327940000054214	127.18485975505196
2.5327950000054216	127.18309898976977
2.5327960000054217	127.18133209240865
2.532797000005422	127.17955906781172
2.532798000005422	127.17777991997518
2.532799000005422	127.17599465167099
2.5328000000054223	127.17420326438388
2.5328010000054224	127.17240575833043
2.5328020000054225	127.17060213260179
2.5328030000054227	127.16879238542963
2.532804000005423	127.16697651455324
2.532805000005423	127.16515451766232
2.532806000005423	127.16332639281535
2.5328070000054232	127.16149213882515
2.5328080000054234	127.15965175555033
2.5328090000054235	127.15780524411575
2.5328100000054237	127.1559526069606
2.532811000005424	127.1540938477971
2.532812000005424	127.15222897145067
2.532813000005424	127.15035798345495
2.5328140000054242	127.1484808896998
2.5328150000054244	127.14659769600941
2.5328160000054245	127.14470840770748
2.5328170000054246	127.14281302930021
2.532818000005425	127.14091156411789
2.532819000005425	127.13900401419232
2.532820000005425	127.13709038026593
2.532821000005425	127.13517066188605
2.5328220000054253	127.13324485769972
2.5328230000054255	127.13131296571312
2.5328240000054256	127.12937474053425
2.5328250000054258	127.12743018326059
2.532826000005426	127.12547954035102
2.532827000005426	127.12352281361821
2.532828000005426	127.12156000605114
2.5328290000054263	127.11959112090943
2.5328300000054265	127.11761616157143
2.5328310000054266	127.11563513132228
2.5328320000054267	127.11364803304305
2.532833000005427	127.11165486906094
2.532834000005427	127.10965564088272
2.532835000005427	127.10765034901475
2.5328360000054273	127.10563899288044
2.5328370000054274	127.10362157087697
2.5328380000054276	127.10159808048238
2.5328390000054277	127.09956851836826
2.532840000005428	127.09753288077441
2.532841000005428	127.09549116388008
2.532842000005428	127.09344336408812
2.5328430000054283	127.09138947855199
2.5328440000054284	127.08932950552568
2.5328450000054286	127.08726344454757
2.5328460000054287	127.08519129669263
2.532847000005429	127.08311306491049
2.532848000005429	127.08102875337067
2.532849000005429	127.07893836729426
2.5328500000054293	127.07684191315462
2.5328510000054294	127.07473939797642
2.5328520000054295	127.07263082882643
2.5328530000054297	127.07051621234923
2.53285400000543	127.0683955543105
2.53285500000543	127.06626885918412
2.53285600000543	127.06413612984996
2.5328570000054302	127.06199736739306
2.5328580000054304	127.05985257112276
2.5328590000054305	127.05770173871137
2.5328600000054307	127.05554486647323
2.532861000005431	127.05338194972923
2.532862000005431	127.0512129827471
2.532863000005431	127.04903796036835
2.532864000005431	127.04685687855967
2.5328650000054314	127.04466973372348
2.5328660000054315	127.04247652365392
2.5328670000054316	127.04027724785112
2.5328680000054318	127.03807190757828
2.532869000005432	127.03586050582899
2.532870000005432	127.03364304720661
2.532871000005432	127.03141953761376
2.5328720000054323	127.02918998377616
2.5328730000054325	127.02695439283534
2.5328740000054326	127.0247127718237
2.5328750000054328	127.02246512717775
2.532876000005433	127.02021146436503
2.532877000005433	127.01795178755322
2.532878000005433	127.01568609936497
2.5328790000054333	127.01341440078428
2.5328800000054335	127.01113669125837
2.5328810000054336	127.00885296883828
2.5328820000054337	127.0065632304508
2.532883000005434	127.00426747227264
2.532884000005434	127.00196569012324
2.532885000005434	126.99965787983226
2.5328860000054343	126.99734403766469
2.5328870000054344	126.9950241606786
2.5328880000054346	126.99269824692281
2.5328890000054347	126.99036629562217
2.532890000005435	126.9880283072623
2.532891000005435	126.98568428355895
2.532892000005435	126.98333422608043
2.5328930000054353	126.980978138597
2.5328940000054354	126.97861602690466
2.5328950000054355	126.9762478959874
2.5328960000054357	126.97387375105575
2.532897000005436	126.97149359730125
2.532898000005436	126.9691074396478
2.532899000005436	126.96671528258462
2.5329000000054362	126.96431713007992
2.5329010000054364	126.96191298549056
2.5329020000054365	126.95950285152537
2.5329030000054367	126.9570867302241
2.532904000005437	126.95466462299821
2.532905000005437	126.95223653075058
2.532906000005437	126.9498024538656
2.5329070000054372	126.94736239233369
2.5329080000054374	126.94491634583046
2.5329090000054375	126.9424643137641
2.5329100000054376	126.94000629536741
2.532911000005438	126.93754228974989
2.532912000005438	126.93507229598943
2.532913000005438	126.93259631324774
2.532914000005438	126.9301143408214
2.5329150000054383	126.92762637827131
2.5329160000054385	126.925132425514
2.5329170000054386	126.92263248288678
2.5329180000054388	126.92012655128971
2.532919000005439	126.9176146322376
2.532920000005439	126.91509672790644
2.532921000005439	126.91257284113809
2.5329220000054393	126.91004297543527
2.5329230000054395	126.90750713483708
2.5329240000054396	126.90496532381084
2.5329250000054397	126.90241754710647
2.53292600000544	126.89986380950057
2.53292700000544	126.89730411558565
2.53292800000544	126.89473846956068
2.5329290000054403	126.89216687498912
2.5329300000054404	126.88958933458832
2.5329310000054406	126.88700585015314
2.5329320000054407	126.88441642248151
2.532933000005441	126.88182105134416
2.532934000005441	126.87921973559627
2.532935000005441	126.87661247337776
2.5329360000054413	126.87399926231755
2.5329370000054414	126.87138009983384
2.5329380000054416	126.868754983504
2.5329390000054417	126.86612391135252
2.532940000005442	126.8634868821554
2.532941000005442	126.86084389572598
2.532942000005442	126.85819495311848
2.5329430000054423	126.8555400566811
2.5329440000054424	126.85287921005605
2.5329450000054425	126.85021241807806
2.5329460000054427	126.84753968651493
2.532947000005443	126.84486102181216
2.532948000005443	126.84217643074399
2.532949000005443	126.83948591995862
2.5329500000054432	126.8367894959149
2.5329510000054434	126.83408716387352
2.5329520000054435	126.83137892754519
2.5329530000054437	126.82866478954364
2.532954000005444	126.82594475098314
2.532955000005444	126.82321881147182
2.532956000005444	126.82048696917953
2.532957000005444	126.8177492211316
2.5329580000054444	126.81500556357052
2.5329590000054445	126.81225599226573
2.5329600000054446	126.80950050272828
2.5329610000054448	126.8067390912439
2.532962000005445	126.80397175525067
2.532963000005445	126.80119849309334
2.532964000005445	126.79841930453003
2.5329650000054453	126.79563419087036
2.5329660000054455	126.79284315498884
2.5329670000054456	126.79004620119417
2.5329680000054458	126.78724333498863
2.532969000005446	126.78443456275869
2.532970000005446	126.78161989138134
2.532971000005446	126.77879932779909
2.5329720000054463	126.77597287861839
2.5329730000054465	126.77314054980056
2.5329740000054466	126.77030234629103
2.5329750000054467	126.76745827180868
2.532976000005447	126.7646083288187
2.532977000005447	126.76175251852678
2.532978000005447	126.75889084092645
2.5329790000054473	126.75602329507724
2.5329800000054474	126.75314987939257
2.5329810000054476	126.75027059189428
2.5329820000054477	126.74738543058528
2.532983000005448	126.74449439376818
2.532984000005448	126.74159748030831
2.532985000005448	126.73869468984412
2.5329860000054483	126.73578602288485
2.5329870000054484	126.73287148085187
2.5329880000054485	126.72995106607893
2.5329890000054487	126.72702478164662
2.532990000005449	126.72409263121882
2.532991000005449	126.72115461883953
2.532992000005449	126.71821074864671
2.5329930000054492	126.71526102470274
2.5329940000054494	126.71230545077852
2.5329950000054495	126.70934403012748
2.5329960000054497	126.70637676541484
2.53299700000545	126.70340365872202
2.53299800000545	126.70042471151783
2.53299900000545	126.69743992469797
2.5330000000054502	126.69444929875591
2.5330010000054504	126.69145283387648
2.5330020000054505	126.68845053009797
2.5330030000054506	126.68544238748818
2.533004000005451	126.68242840623448
2.533005000005451	126.67940858679187
2.533006000005451	126.67638292994991
2.533007000005451	126.67335143688112
2.5330080000054513	126.67031410913319
2.5330090000054515	126.6672709486026
2.5330100000054516	126.66422195754693
2.5330110000054518	126.6611671385311
2.533012000005452	126.65810649433149
2.533013000005452	126.6550400279068
2.533014000005452	126.65196774240016
2.5330150000054523	126.64888964105263
2.5330160000054525	126.64580572718076
2.5330170000054526	126.64271600416714
2.5330180000054527	126.63962047546065
2.533019000005453	126.63651914453803
2.533020000005453	126.63341201489818
2.533021000005453	126.63029907756126
2.5330220000054533	126.62718033597854
2.5330230000054534	126.62405580590654
2.5330240000054536	126.62092549034593
2.5330250000054537	126.61778939208057
2.533026000005454	126.61464751349882
2.533027000005454	126.61149985651461
2.533028000005454	126.60834642254221
2.5330290000054543	126.60518721249981
2.5330300000054544	126.60202222684539
2.5330310000054546	126.59885146563559
2.5330320000054547	126.59567492866566
2.533033000005455	126.5924926156187
2.533034000005455	126.58930452619268
2.533035000005455	126.58611066035799
2.5330360000054553	126.58291101848154
2.5330370000054554	126.57970560154219
2.5330380000054555	126.57649441119342
2.5330390000054557	126.5732774497754
2.533040000005456	126.57005472046015
2.533041000005456	126.56682622716568
2.533042000005456	126.56359197440435
2.5330430000054562	126.56035196709188
2.5330440000054564	126.55710621039385
2.5330450000054565	126.55385470948113
2.5330460000054567	126.55059746928512
2.533047000005457	126.54733449426955
2.533048000005457	126.54406578821654
2.533049000005457	126.5407913540957
2.533050000005457	126.53751119396327
2.5330510000054574	126.53422530901814
2.5330520000054575	126.53093369967384
2.5330530000054576	126.52763636562548
2.5330540000054578	126.52433330604492
2.533055000005458	126.5210245199096
2.533056000005458	126.51771000620637
2.533057000005458	126.51438976418703
2.5330580000054583	126.51106379369178
2.5330590000054585	126.507732095295
2.5330600000054586	126.50439467039638
2.5330610000054588	126.50105152143162
2.533062000005459	126.49770265176986
2.533063000005459	126.49434806560312
2.533064000005459	126.49098776786418
2.5330650000054593	126.48762176399302
2.5330660000054595	126.48425005966618
2.5330670000054596	126.48087266046377
2.5330680000054597	126.47748957169861
2.53306900000546	126.47410079809961
2.53307000000546	126.47070634358285
2.53307100000546	126.46730621112343
2.5330720000054603	126.46390040268003
2.5330730000054604	126.46048891926702
2.5330740000054606	126.4570717609693
2.5330750000054607	126.45364892710201
2.533076000005461	126.4502204165086
2.533077000005461	126.44678622771585
2.533078000005461	126.44334635830023
2.5330790000054613	126.43990080713975
2.5330800000054614	126.43644957460567
2.5330810000054615	126.43299266089986
2.5330820000054617	126.42953006714019
2.533083000005462	126.42606179540019
2.533084000005462	126.42258784871652
2.533085000005462	126.41910823101834
2.5330860000054622	126.41562294696863
2.5330870000054624	126.41213200176347
2.5330880000054625	126.40863540084953
2.5330890000054627	126.40513314968801
2.533090000005463	126.40162525343096
2.533091000005463	126.39811171667557
2.533092000005463	126.39459254334591
2.5330930000054632	126.39106773651571
2.5330940000054634	126.38753729831049
2.5330950000054635	126.38400122992095
2.5330960000054636	126.38046088487312
2.533097000005464	126.3769162583335
2.533098000005464	126.37336599013946
2.533099000005464	126.36981007909755
2.533100000005464	126.36624852631982
2.5331010000054643	126.36268133283276
2.5331020000054645	126.35910849973422
2.5331030000054646	126.3555300282553
2.5331040000054648	126.35194591974006
2.533105000005465	126.34835617559483
2.533106000005465	126.34476079722543
2.533107000005465	126.341159786001
2.5331080000054653	126.33755314323912
2.5331090000054655	126.33394087009684
2.5331100000054656	126.33032296756714
2.5331110000054657	126.32669943655002
2.533112000005466	126.32307027782993
2.533113000005466	126.31943549377701
2.533114000005466	126.31579508525697
2.5331150000054663	126.31214905172841
2.5331160000054664	126.3084973945504
2.5331170000054666	126.30484011550648
2.5331180000054667	126.30117721684087
2.533119000005467	126.29750870132264
2.533120000005467	126.2938345722208
2.533121000005467	126.29015483314429
2.5331220000054673	126.28646948850304
2.5331230000054674	126.28277854213489
2.5331240000054676	126.27908199714079
2.5331250000054677	126.27537985681431
2.533126000005468	126.27167212382491
2.533127000005468	126.26795880008554
2.533128000005468	126.26423988665228
2.5331290000054683	126.26051538377709
2.5331300000054684	126.25678529095784
2.5331310000054685	126.25304960718898
2.5331320000054687	126.24930833126383
2.533133000005469	126.24556146209821
2.533134000005469	126.24180899919897
2.533135000005469	126.23805094299767
2.5331360000054692	126.23428729527312
2.5331370000054694	126.2305180594546
2.5331380000054695	126.2267432407281
2.5331390000054697	126.2229628461266
2.53314000000547	126.21917688439075
2.53314100000547	126.21538536562723
2.53314200000547	126.21158830092627
2.53314300000547	126.2077857018163
2.5331440000054704	126.20397757961851
2.5331450000054705	126.20016394480632
2.5331460000054706	126.19634480641797
2.5331470000054708	126.19252017151604
2.533148000005471	126.1886900447787
2.533149000005471	126.18485442831603
2.533150000005471	126.18101332168392
2.5331510000054713	126.17716672203476
2.5331520000054715	126.17331462452313
2.5331530000054716	126.16945702285454
2.5331540000054718	126.16559390996416
2.533155000005472	126.16172527871937
2.533156000005472	126.15785112267704
2.533157000005472	126.15397143674467
2.5331580000054723	126.15008621767136
2.5331590000054724	126.14619546450011
2.5331600000054726	126.14229917873996
2.5331610000054727	126.1383973636967
2.533162000005473	126.13449002545372
2.533163000005473	126.1305771725067
2.533164000005473	126.12665881405798
2.5331650000054733	126.12273496001781
2.5331660000054734	126.11880562030005
2.5331670000054736	126.11487080429927
2.5331680000054737	126.11093052039652
2.533169000005474	126.10698477550928
2.533170000005474	126.1030335749382
2.533171000005474	126.09907692226419
2.5331720000054743	126.09511481941941
2.5331730000054744	126.09114726693575
2.5331740000054745	126.08717426428542
2.5331750000054747	126.0831958103214
2.533176000005475	126.0792119036207
2.533177000005475	126.07522254290063
2.533178000005475	126.07122772738474
2.5331790000054752	126.06722745707373
2.5331800000054754	126.0632217328676
2.5331810000054755	126.05921055661695
2.5331820000054757	126.05519393109856
2.533183000005476	126.05117185982093
2.533184000005476	126.04714434690491
2.533185000005476	126.04311139682781
2.5331860000054762	126.03907301421107
2.5331870000054764	126.03502920366581
2.5331880000054765	126.03097996956397
2.5331890000054766	126.02692531599695
2.533190000005477	126.02286524675498
2.533191000005477	126.01879976531883
2.533192000005477	126.0147288748712
2.533193000005477	126.01065257837845
2.5331940000054773	126.00657087873165
2.5331950000054775	126.00248377878263
2.5331960000054776	125.99839128135051
2.5331970000054778	125.99429338919322
2.533198000005478	125.99019010496188
2.533199000005478	125.9860814312023
2.533200000005478	125.98196737020386
2.5332010000054783	125.97784792389984
2.5332020000054785	125.9737230938314
2.5332030000054786	125.96959288104595
2.5332040000054787	125.96545728111404
2.533205000005479	125.9613162942439
2.533206000005479	125.95716992527397
2.533207000005479	125.95301817382587
2.5332080000054793	125.9488610396198
2.5332090000054794	125.94469852275277
2.5332100000054796	125.94053062389544
2.5332110000054797	125.9363573438947
2.53321200000548	125.93217868523212
2.53321300000548	125.92799466245012
2.53321400000548	125.92380528007666
2.5332150000054803	125.91961053326067
2.5332160000054804	125.91541042841065
2.5332170000054806	125.91120496196233
2.5332180000054807	125.90699414121511
2.533219000005481	125.90277798386828
2.533220000005481	125.89855649635707
2.533221000005481	125.89432968454732
2.5332220000054813	125.89009755347149
2.5332230000054814	125.88586010613798
2.5332240000054815	125.88161734473695
2.5332250000054817	125.87736919385294
2.533226000005482	125.87311564370387
2.533227000005482	125.86885675376801
2.533228000005482	125.86459250651889
2.5332290000054822	125.8603228870577
2.5332300000054824	125.8560478851579
2.5332310000054825	125.85176749620678
2.5332320000054827	125.84748172168779
2.533233000005483	125.84319056916375
2.533234000005483	125.83889405177239
2.533235000005483	125.8345921872925
2.533236000005483	125.83028499686385
2.5332370000054834	125.8259725034779
2.5332380000054835	125.82165473036477
2.5332390000054836	125.81733169941216
2.5332400000054838	125.81300342973931
2.533241000005484	125.80866993652957
2.533242000005484	125.80433123020494
2.533243000005484	125.79998731598843
2.5332440000054843	125.79563819387245
2.5332450000054845	125.79128385897286
2.5332460000054846	125.78692430222021
2.5332470000054848	125.78255951132786
2.533248000005485	125.77818947194073
2.533249000005485	125.77381416887765
2.533250000005485	125.76943358737529
2.5332510000054853	125.76504769053496
2.5332520000054854	125.76065646822175
2.5332530000054856	125.75625993754485
2.5332540000054857	125.75185809555887
2.533255000005486	125.74745094332508
2.533256000005486	125.74303848585281
2.533257000005486	125.7386207318045
2.5332580000054863	125.73419769299326
2.5332590000054864	125.72976938371552
2.5332600000054866	125.72533581996385
2.5332610000054867	125.72089701856972
2.533262000005487	125.71645299632685
2.533263000005487	125.71200376914457
2.533264000005487	125.70754935127233
2.5332650000054873	125.70308975463294
2.5332660000054874	125.69862498829889
2.5332670000054875	125.6941550581363
2.5332680000054877	125.6896799666326
2.533269000005488	125.68519971291704
2.533270000005488	125.68071429297363
2.533271000005488	125.67622370003954
2.5332720000054882	125.67172792516523
2.5332730000054884	125.66722695790942
2.5332740000054885	125.6627207871338
2.5332750000054887	125.65820940184817
2.533276000005489	125.65369279206058
2.533277000005489	125.6491709495755
2.533278000005489	125.64464386869457
2.5332790000054892	125.64011154676952
2.5332800000054894	125.63557398456756
2.5332810000054895	125.63103118642434
2.5332820000054896	125.62648316016642
2.53328300000549	125.6219299168091
2.53328400000549	125.61737147004115
2.53328500000549	125.6128078355314
2.53328600000549	125.60823903010183
2.5332870000054903	125.60366507081912
2.5332880000054905	125.59908597406925
2.5332890000054906	125.59450175467832
2.5332900000054908	125.58991242513868
2.533291000005491	125.58531799499266
2.533292000005491	125.58071847041926
2.533293000005491	125.57611385405185
2.5332940000054913	125.57150414503614
2.5332950000054915	125.5668893393292
2.5332960000054916	125.56226943021363
2.5332970000054917	125.55764440899543
2.533298000005492	125.55301426529242
2.533299000005492	125.54837898904616
2.533300000005492	125.543738571441
2.5333010000054923	125.53909300467703
2.5333020000054924	125.53444228329006
2.5333030000054926	125.52978640476366
2.5333040000054927	125.52512536994288
2.533305000005493	125.52045918321713
2.533306000005493	125.51578785245712
2.533307000005493	125.5111113887136
2.5333080000054933	125.50642980568259
2.5333090000054934	125.50174311897959
2.5333100000054936	125.49705134526513
2.5333110000054937	125.49235450127343
2.533312000005494	125.48765260281453
2.533313000005494	125.48294566381189
2.533314000005494	125.4782336954445
2.5333150000054943	125.47351670545748
2.5333160000054944	125.46879469769048
2.5333170000054945	125.46406767186856
2.5333180000054947	125.45933562367628
2.533319000005495	125.45459854631332
2.533320000005495	125.44985642877951
2.533321000005495	125.44510925671268
2.5333220000054952	125.44035701576848
2.5333230000054954	125.43559969159422
2.5333240000054955	125.43083727099798
2.5333250000054957	125.42606974306163
2.533326000005496	125.4212971001065
2.533327000005496	125.41651933843883
2.533328000005496	125.41173645881368
2.533329000005496	125.40694846657341
2.5333300000054964	125.40215537144631
2.5333310000054965	125.39735718701509
2.5333320000054966	125.39255392989091
2.5333330000054968	125.38774561865581
2.533334000005497	125.38293227265405
2.533335000005497	125.3781139107249
2.533336000005497	125.37329054998006
2.5333370000054973	125.36846220472066
2.5333380000054975	125.36362888558179
2.5333390000054976	125.3587905989701
2.5333400000054977	125.35394734684232
2.533341000005498	125.3490991268334
2.533342000005498	125.34424593272493
2.533343000005498	125.33938775520747
2.5333440000054983	125.33452458287144
2.5333450000054984	125.32965640334197
2.5333460000054986	125.32478320446002
2.5333470000054987	125.31990497541537
2.533348000005499	125.31502170773753
2.533349000005499	125.31013339607128
2.533350000005499	125.30524003868084
2.5333510000054993	125.30034163765106
2.5333520000054994	125.29543819878428
2.5333530000054996	125.29052973121436
2.5333540000054997	125.2856162467808
2.5333550000055	125.28069775922842
2.5333560000055	125.27577428330414
2.5333570000055	125.27084583382896
2.5333580000055003	125.2659124248188
2.5333590000055004	125.260974068719
2.5333600000055005	125.25603077580206
2.5333610000055007	125.25108255376132
2.533362000005501	125.2461294075136
2.533363000005501	125.24117133920714
2.533364000005501	125.23620834841242
2.5333650000055012	125.23124043246573
2.5333660000055014	125.2262675869239
2.5333670000055015	125.2212898060884
2.5333680000055017	125.21630708355619
2.533369000005502	125.21131941276195
2.533370000005502	125.20632678748127
2.533371000005502	125.20132920227518
2.5333720000055022	125.19632665286089
2.5333730000055024	125.19131913640427
2.5333740000055025	125.18630665173363
2.5333750000055026	125.18128919947486
2.533376000005503	125.17626678211343
2.533377000005503	125.17123940398314
2.533378000005503	125.16620707118541
2.533379000005503	125.16116979143646
2.5333800000055033	125.15612757384191
2.5333810000055035	125.15108042859968
2.5333820000055036	125.14602836663296
2.5333830000055038	125.14097139916171
2.533384000005504	125.13590953722738
2.533385000005504	125.13084279119204
2.533386000005504	125.12577117023974
2.5333870000055043	125.12069468191686
2.5333880000055045	125.11561333174588
2.5333890000055046	125.11052712295314
2.5333900000055047	125.10543605634047
2.533391000005505	125.10034013032808
2.533392000005505	125.09523934118022
2.533393000005505	125.0901336834129
2.5333940000055053	125.08502315036226
2.5333950000055054	125.07990773488244
2.5333960000055056	125.07478743012113
2.5333970000055057	125.06966223031488
2.533398000005506	125.06453213153513
2.533399000005506	125.05939713232293
2.533400000005506	125.05425723414955
2.5334010000055063	125.04911244165656
2.5334020000055064	125.04396276264524
2.5334030000055066	125.0388082078078
2.5334040000055067	125.03364879021271
2.533405000005507	125.02848452458016
2.533406000005507	125.02331542640397
2.533407000005507	125.01814151099144
2.5334080000055073	125.01296279249885
2.5334090000055074	125.00777928304682
2.5334100000055075	125.0025909919883
2.5334110000055077	124.9973979253947
2.533412000005508	124.99220008580404
2.533413000005508	124.9869974722543
2.533414000005508	124.98179008059853
2.5334150000055082	124.97657790407655
2.5334160000055084	124.97136093409543
2.5334170000055085	124.96613916115237
2.5334180000055087	124.9609125758233
2.533419000005509	124.95568116973634
2.533420000005509	124.95044493644994
2.533421000005509	124.94520387216781
2.533422000005509	124.93995797623462
2.5334230000055094	124.93470725137848
2.5334240000055095	124.92945170368527
2.5334250000055096	124.92419134231484
2.5334260000055098	124.91892617898657
2.53342700000551	124.91365622728276
2.53342800000551	124.90838150182691
2.53342900000551	124.90310201740729
2.5334300000055103	124.89781778811086
2.5334310000055105	124.8925288265355
2.5334320000055106	124.88723514313568
2.5334330000055107	124.88193674574718
2.533434000005511	124.87663363931632
2.533435000005511	124.87132582584806
2.533436000005511	124.86601330456854
2.5334370000055113	124.86069607227962
2.5334380000055114	124.85537412387649
2.5334390000055116	124.85004745298204
2.5334400000055117	124.84471605265067
2.533441000005512	124.83937991609123
2.533442000005512	124.83403903764817
2.533443000005512	124.82869341282522
2.5334440000055123	124.82334303878407
2.5334450000055124	124.81798791528263
2.5334460000055126	124.81262804456428
2.5334470000055127	124.80726343136986
2.533448000005513	124.80189408278012
2.533449000005513	124.79652000790354
2.533450000005513	124.79114121743461
2.5334510000055133	124.78575772311117
2.5334520000055134	124.78036953711054
2.5334530000055135	124.77497667142455
2.5334540000055137	124.76957913725288
2.533455000005514	124.76417694594005
2.533456000005514	124.758770105555
2.533457000005514	124.75335862056586
2.5334580000055142	124.74794249462376
2.5334590000055144	124.74252172905075
2.5334600000055145	124.73709632297091
2.5334610000055147	124.73166627358894
2.533462000005515	124.7262315765985
2.533463000005515	124.72079222669272
2.533464000005515	124.71534821813988
2.533465000005515	124.70989954538672
2.5334660000055154	124.70444620430327
2.5334670000055155	124.6989881913984
2.5334680000055156	124.69352550426898
2.533469000005516	124.68805814323807
2.533470000005516	124.68258611088508
2.533471000005516	124.6771094120755
2.533472000005516	124.67162805383698
2.5334730000055163	124.6661420450901
2.5334740000055165	124.66065139625563
2.5334750000055166	124.65515611876357
2.5334760000055168	124.64965622450083
2.533477000005517	124.64415172523249
2.533478000005517	124.63864263203762
2.533479000005517	124.63312895479376
2.5334800000055173	124.62761070174558
2.5334810000055175	124.6220878791829
2.5334820000055176	124.6165604912466
2.5334830000055177	124.61102853987491
2.533484000005518	124.60549202488797
2.533485000005518	124.59995094420745
2.533486000005518	124.59440529419305
2.5334870000055183	124.58885507007527
2.5334880000055184	124.58330026645854
2.5334890000055186	124.57774087786133
2.5334900000055187	124.57217689926493
2.533491000005519	124.56660832663644
2.533492000005519	124.5610351573963
2.533493000005519	124.55545739080218
2.5334940000055193	124.54987502822803
2.5334950000055194	124.54428807332056
2.5334960000055196	124.53869653202196
2.5334970000055197	124.53310041245622
2.53349800000552	124.52749972468378
2.53349900000552	124.52189448033315
2.53350000000552	124.51628469213085
2.5335010000055203	124.51067037335517
2.5335020000055204	124.50505153724133
2.5335030000055205	124.49942819637647
2.5335040000055207	124.49380036212021
2.533505000005521	124.48816804408416
2.533506000005521	124.48253124971076
2.533507000005521	124.47688998397952
2.5335080000055212	124.47124424926143
2.5335090000055214	124.46559404533825
2.5335100000055215	124.45993936959127
2.5335110000055217	124.45428021735067
2.533512000005522	124.44861658238821
2.533513000005522	124.44294845752427
2.533514000005522	124.43727583530894
2.533515000005522	124.43159870873424
2.5335160000055224	124.42591707192834
2.5335170000055225	124.42023092078281
2.5335180000055226	124.41454025346718
2.5335190000055228	124.40884507079178
2.533520000005523	124.40314537638952
2.533521000005523	124.39744117670301
2.533522000005523	124.391732480772
2.5335230000055233	124.38601929983481
2.5335240000055235	124.38030164676839
2.5335250000055236	124.37457953541076
2.5335260000055237	124.36885297980871
2.533527000005524	124.36312199344714
2.533528000005524	124.35738658851645
2.533529000005524	124.35164677527344
2.5335300000055243	124.34590256154073
2.5335310000055244	124.34015395238552
2.5335320000055246	124.33440094999993
2.5335330000055247	124.32864355379397
2.533534000005525	124.32288176069251
2.533535000005525	124.31711556561672
2.533536000005525	124.31134496211635
2.5335370000055253	124.30556994310025
2.5335380000055254	124.29979050161606
2.5335390000055256	124.29400663161904
2.5335400000055257	124.28821832867118
2.533541000005526	124.28242559052183
2.533542000005526	124.27662841752336
2.533543000005526	124.27082681285344
2.5335440000055263	124.26502078252437
2.5335450000055264	124.25921033518276
2.5335460000055265	124.25339548171345
2.5335470000055267	124.24757623467606
2.533548000005527	124.24175260761753
2.533549000005527	124.23592461431285
2.533550000005527	124.23009226799002
2.5335510000055272	124.22425558059865
2.5335520000055274	124.21841456217349
2.5335530000055275	124.21256922034227
2.5335540000055277	124.2067195600143
2.533555000005528	124.20086558327189
2.533556000005528	124.19500728946971
2.533557000005528	124.18914467553476
2.533558000005528	124.18327773644377
2.5335590000055284	124.17740646583879
2.5335600000055285	124.17153085673556
2.5335610000055286	124.16565090226928
2.533562000005529	124.1597665964216
2.533563000005529	124.15387793467579
2.533564000005529	124.14798491455078
2.533565000005529	124.14208753597714
2.5335660000055293	124.13618580148876
2.5335670000055295	124.1302797162201
2.5335680000055296	124.12436928771426
2.5335690000055298	124.11845452667292
2.53357000000553	124.11253544424792
2.53357100000553	124.10661205143884
2.53357200000553	124.10068436064223
2.5335730000055303	124.0947523838813
2.5335740000055305	124.08881613220572
2.5335750000055306	124.0828756151777
2.5335760000055307	124.07693084048437
2.533577000005531	124.07098181369827
2.533578000005531	124.0650285381993
2.533579000005531	124.05907101525068
2.5335800000055313	124.05310924421995
2.5335810000055314	124.04714322291774
2.5335820000055316	124.0411729480248
2.5335830000055317	124.03519841557298
2.533584000005532	124.02921962143925
2.533585000005532	124.02323656181936
2.533586000005532	124.01724923365315
2.5335870000055323	124.01125763497424
2.5335880000055324	124.00526176516999
2.5335890000055326	123.99926162514062
2.5335900000055327	123.99325721735933
2.533591000005533	123.98724854583422
2.533592000005533	123.98123561599017
2.533593000005533	123.97521843447976
2.5335940000055333	123.96919700893932
2.5335950000055334	123.96317134771175
2.5335960000055335	123.957141459545
2.5335970000055337	123.951107353285
2.533598000005534	123.94506903757518
2.533599000005534	123.93902652057051
2.533600000005534	123.93297980967783
2.5336010000055342	123.92692891133176
2.5336020000055344	123.92087383081349
2.5336030000055345	123.9148145721165
2.5336040000055347	123.90875113787519
2.533605000005535	123.90268352935914
2.533606000005535	123.89661174654081
2.533607000005535	123.89053578823604
2.533608000005535	123.88445565232561
2.5336090000055353	123.87837133604775
2.5336100000055355	123.87228283634988
2.5336110000055356	123.8661901502897
2.5336120000055358	123.86009327545591
2.533613000005536	123.85399221038455
2.533614000005536	123.84788695493957
2.533615000005536	123.84177751062917
2.5336160000055363	123.83566388082133
2.5336170000055365	123.82954607083721
2.5336180000055366	123.8234240879056
2.5336190000055367	123.81729794097004
2.533620000005537	123.8111676403518
2.533621000005537	123.80503319728605
2.533622000005537	123.7988946233645
2.5336230000055373	123.79275192991743
2.5336240000055374	123.78660512738826
2.5336250000055376	123.78045422474943
2.5336260000055377	123.77429922900811
2.533627000005538	123.7681401448535
2.533628000005538	123.76197697447478
2.533629000005538	123.75580971757475
2.5336300000055383	123.74963837158738
2.5336310000055384	123.74346293208959
2.5336320000055386	123.7372833933745
2.5336330000055387	123.73109974914888
2.533634000005539	123.72491199329812
2.533635000005539	123.7187201206563
2.533636000005539	123.71252412772152
2.5336370000055393	123.70632401325389
2.5336380000055394	123.70011977870018
2.5336390000055395	123.69391142841667
2.5336400000055397	123.68769896966215
2.53364100000554	123.68148241236254
2.53364200000554	123.67526176866117
2.53364300000554	123.66903705229127
2.5336440000055402	123.66280827782465
2.5336450000055404	123.65657545984548
2.5336460000055405	123.6503386121264
2.5336470000055407	123.64409774686882
2.533648000005541	123.63785287406107
2.533649000005541	123.63160400101293
2.533650000005541	123.62535113209734
2.533651000005541	123.61909426871385
2.5336520000055414	123.61283340947898
2.5336530000055415	123.60656855062155
2.5336540000055416	123.6002996865516
2.533655000005542	123.59402681055516
2.533656000005542	123.58774991556051
2.533657000005542	123.58146899491662
2.533658000005542	123.57518404312744
2.5336590000055423	123.56889505648732
2.5336600000055425	123.56260203357492
2.5336610000055426	123.55630497557267
2.5336620000055428	123.55000388639566
2.533663000005543	123.54369877262558
2.533664000005543	123.53738964325859
2.533665000005543	123.53107650929498
2.5336660000055433	123.52475938319724
2.5336670000055435	123.51843827826191
2.5336680000055436	123.5121132079502
2.5336690000055437	123.50578418522316
2.533670000005544	123.4994512219222
2.533671000005544	123.4931143282397
2.533672000005544	123.48677351230815
2.5336730000055443	123.4804287799304
2.5336740000055444	123.47408013446882
2.5336750000055446	123.46772757689459
2.5336760000055447	123.4613711052625
2.533677000005545	123.45501071650153
2.533678000005545	123.44864640686319
2.533679000005545	123.44227817100875
2.5336800000055453	123.43590600331622
2.5336810000055454	123.4295298984762
2.5336820000055456	123.42314985206387
2.5336830000055457	123.41676586104506
2.533684000005546	123.41037792419242
2.533685000005546	123.40398604238409
2.533686000005546	123.39759021876293
2.5336870000055463	123.39119045874841
2.5336880000055464	123.3847867699022
2.5336890000055465	123.37837916165492
2.5336900000055467	123.3719676449069
2.533691000005547	123.36555223153819
2.533692000005547	123.3591329338521
2.533693000005547	123.35270976399293
2.5336940000055472	123.34628273337658
2.5336950000055474	123.33985185216538
2.5336960000055475	123.33341712883475
2.5336970000055477	123.32697856985347
2.533698000005548	123.32053617949838
2.533699000005548	123.31408995981747
2.533700000005548	123.30763991074907
2.533701000005548	123.30118603038335
2.5337020000055483	123.29472831534767
2.5337030000055485	123.28826676129238
2.5337040000055486	123.2818013634431
2.5337050000055488	123.2753321171795
2.533706000005549	123.26885901860663
2.533707000005549	123.26238206507038
2.533708000005549	123.25590125559148
2.5337090000055493	123.24941659118687
2.5337100000055495	123.24292807505395
2.5337110000055496	123.2364357126087
2.5337120000055497	123.2299395113774
2.53371300000555	123.22343948074878
2.53371400000555	123.21693563159921
2.53371500000555	123.21042797582189
2.5337160000055503	123.20391652578677
2.5337170000055504	123.19740129376747
2.5337180000055506	123.1908822913732
2.5337190000055507	123.18435952889315
2.533720000005551	123.17783301508166
2.533721000005551	123.17130275680542
2.533722000005551	123.1647687585668
2.5337230000055513	123.15823102253698
2.5337240000055514	123.15168954861129
2.5337250000055516	123.14514433460869
2.5337260000055517	123.13859537661043
2.533727000005552	123.13204266940882
2.533728000005552	123.12548620705024
2.533729000005552	123.11892598343788
2.5337300000055523	123.1123619929537
2.5337310000055524	123.10579423105928
2.5337320000055525	123.09922269484622
2.5337330000055527	123.09264738348834
2.533734000005553	123.0860682985681
2.533735000005553	123.07948544425196
2.533736000005553	123.07289882729586
2.5337370000055532	123.06630845687909
2.5337380000055534	123.05971434426661
2.5337390000055535	123.0531165023219
2.5337400000055537	123.04651494490128
2.533741000005554	123.03990968616381
2.533742000005554	123.03330073984891
2.533743000005554	123.02668811856772
2.533744000005554	123.02007183316063
2.5337450000055544	123.01345189217561
2.5337460000055545	123.00682830150232
2.5337470000055546	123.00020106419598
2.533748000005555	122.99357018050672
2.533749000005555	122.98693564811623
2.533750000005555	122.98029746257257
2.533751000005555	122.97365561788425
2.5337520000055553	122.96701010723396
2.5337530000055555	122.96036092376254
2.5337540000055556	122.9537080613557
2.5337550000055558	122.94705151537491
2.533756000005556	122.94039128327677
2.533757000005556	122.93372736506653
2.533758000005556	122.92705976355593
2.5337590000055563	122.92038848440134
2.5337600000055565	122.91371353592002
2.5337610000055566	122.90703492870296
2.5337620000055567	122.90035267505617
2.533763000005557	122.89366678831699
2.533764000005557	122.88697728210218
2.533765000005557	122.8802841695484
2.5337660000055573	122.87358746260837
2.5337670000055574	122.86688717145853
2.5337680000055576	122.86018330405805
2.5337690000055577	122.85347586589634
2.533770000005558	122.84676485993731
2.533771000005558	122.84005028676582
2.533772000005558	122.83333214490811
2.5337730000055583	122.8266104312959
2.5337740000055584	122.81988514183578
2.5337750000055586	122.81315627202825
2.5337760000055587	122.80642381758561
2.533777000005559	122.79968777499715
2.533778000005559	122.79294814200816
2.533779000005559	122.78620491797457
2.5337800000055593	122.7794581040748
2.5337810000055594	122.77270770337819
2.5337820000055595	122.76595372076449
2.5337830000055597	122.75919616272655
2.53378400000556	122.75243503707568
2.53378500000556	122.74567035257385
2.53378600000556	122.73890211853713
2.5337870000055602	122.73213034443405
2.5337880000055604	122.72535503950739
2.5337890000055605	122.71857621244567
2.5337900000055606	122.71179387111877
2.533791000005561	122.70500802237993
2.533792000005561	122.69821867194246
2.533793000005561	122.6914258243256
2.533794000005561	122.68462948286158
2.5337950000055613	122.67782964975788
2.5337960000055615	122.6710263262043
2.5337970000055616	122.66421951251532
2.5337980000055618	122.65740920830164
2.533799000005562	122.65059541266766
2.533800000005562	122.64377812442716
2.533801000005562	122.63695734233599
2.5338020000055623	122.63013306533682
2.5338030000055625	122.62330529280663
2.5338040000055626	122.61647402480291
2.5338050000055627	122.60963926229294
2.533806000005563	122.60280100735265
2.533807000005563	122.59595926332075
2.533808000005563	122.5891140348899
2.5338090000055633	122.5822653281203
2.5338100000055634	122.57541315036153
2.5338110000055636	122.56855751008639
2.5338120000055637	122.5616984166263
2.533813000005564	122.55483587982256
2.533814000005564	122.54796990961465
2.533815000005564	122.54110051558591
2.5338160000055643	122.53422770650612
2.5338170000055644	122.52735148990078
2.5338180000055646	122.52047187169043
2.5338190000055647	122.51358885592809
2.533820000005565	122.50670244466679
2.533821000005565	122.49981263798068
2.533822000005565	122.49291943413596
2.5338230000055653	122.4860228299209
2.5338240000055654	122.47912282110096
2.5338250000055655	122.47221940297425
2.5338260000055657	122.46531257098833
2.533827000005566	122.45840232136396
2.533828000005566	122.45148865168062
2.533829000005566	122.44457156136964
2.5338300000055662	122.43765105207241
2.5338310000055664	122.43072712783213
2.5338320000055665	122.42379979510238
2.5338330000055667	122.41686906256409
2.533834000005567	122.40993494076018
2.533835000005567	122.4029974415826
2.533836000005567	122.39605657764824
2.533837000005567	122.38911236160855
2.5338380000055674	122.38216480545348
2.5338390000055675	122.37521391986623
2.5338400000055676	122.36825971367794
2.533841000005568	122.36130219346472
2.533842000005568	122.35434136332266
2.533843000005568	122.34737722484005
2.533844000005568	122.34040977725888
2.5338450000055683	122.33343901782241
2.5338460000055685	122.32646494227534
2.5338470000055686	122.3194875454754
2.5338480000055688	122.31250682207057
2.533849000005569	122.30552276718562
2.533850000005569	122.29853537706636
2.533851000005569	122.29154464962903
2.5338520000055693	122.28455058487819
2.5338530000055695	122.27755318515923
2.5338540000055696	122.27055245522835
2.5338550000055697	122.26354840213826
2.53385600000557	122.25654103495205
2.53385700000557	122.24953036430614
2.53385800000557	122.2425164018585
2.5338590000055703	122.23549915966811
2.5338600000055704	122.2284786495521
2.5338610000055706	122.22145488246949
2.5338620000055707	122.21442786797704
2.533863000005571	122.20739761380013
2.533864000005571	122.20036412554856
2.533865000005571	122.193327406593
2.5338660000055713	122.18628745829632
2.5338670000055714	122.17924427987113
2.5338680000055716	122.17219786874095
2.5338690000055717	122.16514822138336
2.533870000005572	122.15809533370908
2.533871000005572	122.15103920165942
2.533872000005572	122.14397982179511
2.5338730000055723	122.13691719183046
2.5338740000055724	122.12985131107482
2.5338750000055725	122.122782180748
2.5338760000055727	122.11570980414999
2.533877000005573	122.10863418666682
2.533878000005573	122.10155533562134
2.533879000005573	122.09447325998005
2.5338800000055732	122.08738796994186
2.5338810000055734	122.08029947644162
2.5338820000055735	122.07320779061011
2.5338830000055736	122.06611292322931
2.533884000005574	122.05901488422562
2.533885000005574	122.05191368224158
2.533886000005574	122.04480932431359
2.533887000005574	122.0377018156837
2.5338880000055743	122.03059115974392
2.5338890000055745	122.02347735812292
2.5338900000055746	122.01636041090393
2.5338910000055748	122.00924031694385
2.533892000005575	122.0021170742726
2.533893000005575	121.99499068058633
2.533894000005575	121.98786113359583
2.5338950000055753	121.98072843145405
2.5338960000055755	121.9735925732287
2.5338970000055756	121.96645355914151
2.5338980000055757	121.95931139076623
2.533899000005576	121.95216607111834
2.533900000005576	121.94501760464188
2.533901000005576	121.93786599709992
2.5339020000055763	121.93071125539109
2.5339030000055764	121.9235533872996
2.5339040000055766	121.9163924012032
2.5339050000055767	121.90922830577136
2.533906000005577	121.90206110966065
2.533907000005577	121.89489082123353
2.533908000005577	121.88771744831364
2.5339090000055773	121.88054099797742
2.5339100000055774	121.87336147640461
2.5339110000055776	121.8661788887776
2.5339120000055777	121.85899323922722
2.533913000005578	121.85180453083713
2.533914000005578	121.84461276568608
2.533915000005578	121.83741794493135
2.5339160000055783	121.83022006893705
2.5339170000055784	121.82301913743372
2.5339180000055785	121.81581514971141
2.5339190000055787	121.80860810483667
2.533920000005579	121.80139800189222
2.533921000005579	121.79418484023563
2.533922000005579	121.78696861975554
2.5339230000055792	121.77974934111874
2.5339240000055794	121.77252700600049
2.5339250000055795	121.7653016172685
2.5339260000055797	121.7580731791031
2.53392700000558	121.75084169705663
2.53392800000558	121.74360717802678
2.53392900000558	121.73636963012909
2.53393000000558	121.72912906248037
2.5339310000055804	121.72188548490128
2.5339320000055805	121.71463890754251
2.5339330000055806	121.70738934046227
2.5339340000055808	121.70013679318119
2.533935000005581	121.692881274255
2.533936000005581	121.68562279097608
2.533937000005581	121.67836134890607
2.5339380000055813	121.67109695169255
2.5339390000055815	121.66382960115895
2.5339400000055816	121.65655929729445
2.5339410000055818	121.64928603848257
2.533942000005582	121.64200982185885
2.533943000005582	121.63473064377585
2.533944000005582	121.62744850034284
2.5339450000055823	121.62016338800736
2.5339460000055825	121.61287530412018
2.5339470000055826	121.60558424744113
2.5339480000055827	121.59829021854618
2.533949000005583	121.59099322019489
2.533950000005583	121.58369325725856
2.533951000005583	121.5763903366586
2.5339520000055833	121.5690844673172
2.5339530000055834	121.56177565967424
2.5339540000055836	121.55446392517658
2.5339550000055837	121.54714927568573
2.533956000005584	121.53983172284158
2.533957000005584	121.53251127744197
2.533958000005584	121.52518794888972
2.5339590000055843	121.51786174474296
2.5339600000055844	121.51053267040929
2.5339610000055846	121.50320072900693
2.5339620000055847	121.49586592140489
2.533963000005585	121.48852824643767
2.533964000005585	121.48118770127512
2.533965000005585	121.47384428191558
2.5339660000055853	121.46649798377139
2.5339670000055854	121.4591488022913
2.5339680000055855	121.4517967335748
2.5339690000055857	121.44444177493278
2.533970000005586	121.43708392535198
2.533971000005586	121.4297231858226
2.533972000005586	121.42235955951624
2.5339730000055862	121.41499305180358
2.5339740000055864	121.4076236701009
2.5339750000055865	121.40025142357429
2.5339760000055866	121.39287632271991
2.533977000005587	121.38549837885463
2.533978000005587	121.37811760355962
2.533979000005587	121.37073400811583
2.533980000005587	121.3633476029752
2.5339810000055873	121.35595839730668
2.5339820000055875	121.34856639864559
2.5339830000055876	121.34117161267258
2.5339840000055878	121.33377404312849
2.533985000005588	121.3263736918744
2.533986000005588	121.31897055908566
2.533987000005588	121.31156464355846
2.5339880000055883	121.30415594310773
2.5339890000055885	121.29674445501769
2.5339900000055886	121.28933017652253
2.5339910000055887	121.28191310527075
2.533992000005589	121.27449323974113
2.533993000005589	121.26707057959133
2.533994000005589	121.25964512591088
2.5339950000055893	121.25221688135852
2.5339960000055894	121.24478585019105
2.5339970000055896	121.23735203818087
2.5339980000055897	121.22991545242685
2.53399900000559	121.22247610108835
2.53400000000559	121.21503399305841
2.53400100000559	121.20758913759443
2.5340020000055903	121.20014154394696
2.5340030000055904	121.1926912210032
2.5340040000055906	121.18523817696963
2.5340050000055907	121.1777824191144
2.534006000005591	121.17032395357677
2.534007000005591	121.16286278526388
2.534008000005591	121.15539891782451
2.5340090000055913	121.14793235369214
2.5340100000055914	121.14046309421059
2.5340110000055915	121.13299113981837
2.5340120000055917	121.12551649026462
2.534013000005592	121.11803914486676
2.534014000005592	121.11055910277733
2.534015000005592	121.1030763632505
2.5340160000055922	121.0955909258994
2.5340170000055924	121.08810279091946
2.5340180000055925	121.08061195928506
2.5340190000055927	121.0731184328984
2.534020000005593	121.06562221468775
2.534021000005593	121.05812330865774
2.534022000005593	121.05062171987521
2.534023000005593	121.04311745440408
2.5340240000055934	121.03561051918956
2.5340250000055935	121.0281009218798
2.5340260000055936	121.02058867060663
2.5340270000055938	121.01307377373284
2.534028000005594	121.00555623956993
2.534029000005594	120.99803607608933
2.534030000005594	120.99051329063856
2.5340310000055943	120.9829878896808
2.5340320000055945	120.97545987858139
2.5340330000055946	120.96792926145835
2.5340340000055948	120.96039604110402
2.534035000005595	120.95286021900098
2.534036000005595	120.94532179543044
2.534037000005595	120.93778076967635
2.5340380000055953	120.9302371403147
2.5340390000055955	120.92269090556807
2.5340400000055956	120.91514206371288
2.5340410000055957	120.9075906134998
2.534042000005596	120.90003655455534
2.534043000005596	120.89247988774306
2.534044000005596	120.88492061543873
2.5340450000055963	120.87735874169951
2.5340460000055964	120.86979427230986
2.5340470000055966	120.86222721468626
2.5340480000055967	120.85465757764726
2.534049000005597	120.84708537106995
2.534050000005597	120.83951060544167
2.534051000005597	120.83193329134426
2.5340520000055973	120.82435343892729
2.5340530000055974	120.81677105739422
2.5340540000055976	120.80918615454554
2.5340550000055977	120.8015987364349
2.534056000005598	120.79400880715697
2.534057000005598	120.7864163687849
2.534058000005598	120.77882142147784
2.5340590000055983	120.77122396373841
2.5340600000055984	120.76362399280059
2.5340610000055985	120.75602150513627
2.5340620000055987	120.74841649701726
2.534063000005599	120.74080896509183
2.534064000005599	120.73319890693566
2.534065000005599	120.72558632152023
2.5340660000055992	120.71797120957406
2.5340670000055994	120.71035357379692
2.5340680000055995	120.70273341890919
2.5340690000055996	120.69511075154892
2.5340700000056	120.68748557969583
2.5340710000056	120.67985791292708
2.5340720000056	120.67222776194158
2.5340730000056	120.66459513739169
2.5340740000056003	120.65696004965405
2.5340750000056005	120.64932250832635
2.5340760000056006	120.64168252181236
2.5340770000056008	120.63404009699855
2.534078000005601	120.62639523906257
2.534079000005601	120.61874795142803
2.534080000005601	120.61109823584516
2.5340810000056013	120.60344609260186
2.5340820000056015	120.5957915208397
2.5340830000056016	120.58813451894184
2.5340840000056017	120.58047508495706
2.534085000005602	120.57281321703199
2.534086000005602	120.56514891382095
2.534087000005602	120.55748217483463
2.5340880000056023	120.54981300239643
2.5340890000056024	120.54214139870712
2.5340900000056026	120.53446736575268
2.5340910000056027	120.52679090841015
2.534092000005603	120.51911203273441
2.534093000005603	120.51143074577747
2.534094000005603	120.50374705533257
2.5340950000056033	120.49606096964594
2.5340960000056034	120.48837249710402
2.5340970000056036	120.48068164593609
2.5340980000056037	120.47298842393936
2.534099000005604	120.46529283824043
2.534100000005604	120.45759489511643
2.534101000005604	120.44989459986235
2.5341020000056043	120.4421919567199
2.5341030000056044	120.43448696887353
2.5341040000056045	120.42677963850538
2.5341050000056047	120.41906996690275
2.534106000005605	120.41135795460688
2.534107000005605	120.40364360161887
2.534108000005605	120.39592690761653
2.5341090000056052	120.38820787226308
2.5341100000056054	120.38048649532472
2.5341110000056055	120.37276277691822
2.5341120000056057	120.36503671786156
2.534113000005606	120.35730831978567
2.534114000005606	120.3495775852928
2.534115000005606	120.34184451804899
2.534116000005606	120.33410912281104
2.5341170000056064	120.32637140540483
2.5341180000056065	120.31863137262515
2.5341190000056066	120.31088903207099
2.5341200000056068	120.30314439192958
2.534121000005607	120.29539746072055
2.534122000005607	120.28764824700671
2.534123000005607	120.27989675908533
2.5341240000056073	120.2721430046956
2.5341250000056075	120.26438699075472
2.5341260000056076	120.25662872313642
2.5341270000056078	120.24886820650822
2.534128000005608	120.24110544425503
2.534129000005608	120.23334043831281
2.534130000005608	120.22557318956663
2.5341310000056083	120.21780369803326
2.5341320000056085	120.21003196278005
2.5341330000056086	120.20225798237894
2.5341340000056087	120.19448175524741
2.534135000005609	120.1867032800134
2.534136000005609	120.17892255587441
2.534137000005609	120.17113958292069
2.5341380000056093	120.16335436240513
2.5341390000056094	120.15556689658094
2.5341400000056096	120.14777718957342
2.5341410000056097	120.13998524738642
2.53414200000561	120.13219107705977
2.53414300000561	120.12439468684741
2.53414400000561	120.11659608594485
2.5341450000056103	120.10879528414713
2.5341460000056104	120.10099229145202
2.5341470000056106	120.09318711762886
2.5341480000056107	120.08537977180806
2.534149000005611	120.07757026210338
2.534150000005611	120.06975859527451
2.534151000005611	120.06194477650112
2.5341520000056112	120.05412880925394
2.5341530000056114	120.0463106952799
2.5341540000056115	120.03849043471931
2.5341550000056117	120.03066802633275
2.534156000005612	120.02284346783703
2.534157000005612	120.01501675632561
2.534158000005612	120.00718788874937
2.5341590000056122	119.99935686240747
2.5341600000056124	119.99152367543284
2.5341610000056125	119.9836883272215
2.5341620000056126	119.97585081877622
2.534163000005613	119.9680111529354
2.534164000005613	119.96016933446265
2.534165000005613	119.95232537000116
2.534166000005613	119.94447926787039
2.5341670000056133	119.93663103773979
2.5341680000056135	119.92878069018978
2.5341690000056136	119.92092823619723
2.5341700000056138	119.91307368658725
2.534171000005614	119.90521705148488
2.534172000005614	119.8973583398276
2.534173000005614	119.88949755896705
2.5341740000056143	119.88163471438799
2.5341750000056145	119.87376980957315
2.5341760000056146	119.86590284603736
2.5341770000056147	119.85803382351868
2.534178000005615	119.85016274029117
2.534179000005615	119.8422895936153
2.534180000005615	119.83441438059697
2.5341810000056153	119.82653709802602
2.5341820000056154	119.81865774289625
2.5341830000056156	119.81077631363021
2.5341840000056157	119.80289281016186
2.534185000005616	119.7950072341924
2.534186000005616	119.78711958930901
2.534187000005616	119.77922988095948
2.5341880000056163	119.77133811627895
2.5341890000056164	119.76344430377459
2.5341900000056166	119.75554845324118
2.5341910000056167	119.74765057466844
2.534192000005617	119.73975067775366
2.534193000005617	119.73184877205064
2.534194000005617	119.72394486623818
2.5341950000056173	119.71603896778278
2.5341960000056174	119.70813108272871
2.5341970000056175	119.70022121563858
2.5341980000056177	119.69230936952712
2.534199000005618	119.68439554598635
2.534200000005618	119.67647974549854
2.534201000005618	119.6685619676964
2.5342020000056182	119.6606422116916
2.5342030000056184	119.6527204764252
2.5342040000056185	119.64479676100447
2.5342050000056187	119.6368710649974
2.534206000005619	119.62894338867247
2.534207000005619	119.62101373317336
2.534208000005619	119.61308210061206
2.534209000005619	119.60514849410642
2.5342100000056194	119.59721291774765
2.5342110000056195	119.58927537650894
2.5342120000056196	119.58133587612457
2.5342130000056198	119.57339442294709
2.53421400000562	119.56545102378207
2.53421500000562	119.55750568571959
2.53421600000562	119.54955841597005
2.5342170000056203	119.5416092217048
2.5342180000056205	119.53365810990944
2.5342190000056206	119.52570508724824
2.5342200000056208	119.51775015993789
2.534221000005621	119.50979333362618
2.534222000005621	119.50183461328831
2.534223000005621	119.49387400315102
2.5342240000056213	119.4859115066241
2.5342250000056215	119.47794712627976
2.5342260000056216	119.46998086386103
2.5342270000056217	119.46201272032869
2.534228000005622	119.4540426959761
2.534229000005622	119.44607079058204
2.534230000005622	119.4380970036216
2.5342310000056223	119.43012133451367
2.5342320000056224	119.42214378290191
2.5342330000056226	119.4141643489411
2.5342340000056227	119.40618303356818
2.534235000005623	119.39819983875587
2.534236000005623	119.3902147676977
2.534237000005623	119.3822278249198
2.5342380000056233	119.37423901629738
2.5342390000056234	119.36624834898053
2.5342400000056235	119.35825583121076
2.5342410000056237	119.35026147203568
2.534242000005624	119.34226528096613
2.534243000005624	119.33426726756667
2.534244000005624	119.32626744102988
2.5342450000056242	119.31826580975604
2.5342460000056244	119.31026238098352
2.5342470000056245	119.30225716050518
2.5342480000056247	119.29425015246659
2.534249000005625	119.2862413593043
2.534250000005625	119.27823078181544
2.534251000005625	119.27021841934663
2.5342520000056252	119.26220427010925
2.5342530000056254	119.25418833158949
2.5342540000056255	119.24617060102203
2.5342550000056256	119.2381510758774
2.534256000005626	119.23012975435017
2.534257000005626	119.22210663579655
2.534258000005626	119.21408172107182
2.534259000005626	119.2060550127598
2.5342600000056263	119.1980265152753
2.5342610000056265	119.18999623481751
2.5342620000056266	119.18196417917946
2.5342630000056268	119.17393035744205
2.534264000005627	119.16589477957388
2.534265000005627	119.1578574559494
2.534266000005627	119.14981839683435
2.5342670000056273	119.14177761190001
2.5342680000056275	119.13373510977556
2.5342690000056276	119.12569089768387
2.5342700000056277	119.11764498118193
2.534271000005628	119.10959736402856
2.534272000005628	119.10154804820374
2.534273000005628	119.09349703406036
2.5342740000056283	119.08544432058702
2.5342750000056284	119.07738990577369
2.5342760000056286	119.0693337870646
2.5342770000056287	119.06127596182647
2.534278000005629	119.05321642782715
2.534279000005629	119.04515518344091
2.534280000005629	119.0370922284943
2.5342810000056293	119.02902756454378
2.5342820000056294	119.02096119456114
2.5342830000056296	119.01289312321283
2.5342840000056297	119.00482335676466
2.53428500000563	118.99675190288072
2.53428600000563	118.9886787703084
2.53428700000563	118.98060396850121
2.5342880000056303	118.97252750719551
2.5342890000056304	118.96444939596248
2.5342900000056305	118.9563696437898
2.5342910000056307	118.94828825871244
2.534292000005631	118.94020524752314
2.534293000005631	118.93212061556875
2.534294000005631	118.92403436666626
2.5342950000056312	118.9159465031278
2.5342960000056314	118.90785702588994
2.5342970000056315	118.89976593474454
2.5342980000056317	118.89167322863315
2.534299000005632	118.88357890600832
2.534300000005632	118.87548296521173
2.534301000005632	118.86738540483829
2.534302000005632	118.85928622408296
2.5343030000056324	118.8511854230381
2.5343040000056325	118.8430830029012
2.5343050000056326	118.83497896611254
2.5343060000056328	118.82687331639745
2.534307000005633	118.81876605871521
2.534308000005633	118.81065719914112
2.534309000005633	118.80254674466181
2.5343100000056333	118.79443470293104
2.5343110000056335	118.78632108198664
2.5343120000056336	118.7782058899586
2.5343130000056338	118.77008913478866
2.534314000005634	118.76197082396293
2.534315000005634	118.75385096428981
2.534316000005634	118.74572956173674
2.5343170000056343	118.73760662131421
2.5343180000056345	118.72948214702096
2.5343190000056346	118.7213561418594
2.5343200000056347	118.71322860789442
2.534321000005635	118.70509954635894
2.534322000005635	118.69696895782211
2.534323000005635	118.68883684236586
2.5343240000056353	118.68070319978706
2.5343250000056354	118.67256802982217
2.5343260000056356	118.66443133235968
2.5343270000056357	118.65629310765114
2.534328000005636	118.64815335650337
2.534329000005636	118.6400120804418
2.534330000005636	118.63186928184349
2.5343310000056363	118.6237249640243
2.5343320000056364	118.61557913180977
2.5343330000056365	118.60743179046172
2.5343340000056367	118.59928294562386
2.534335000005637	118.59113260425546
2.534336000005637	118.58298077392311
2.534337000005637	118.57482746258773
2.5343380000056372	118.56667267834752
2.5343390000056374	118.5585164291684
2.5343400000056375	118.55035872259833
2.5343410000056377	118.54219956550064
2.534342000005638	118.53403896381745
2.534343000005638	118.52587692238014
2.534344000005638	118.51771344479421
2.5343450000056382	118.50954853340477
2.5343460000056384	118.50138218934033
2.5343470000056385	118.49321441265666
2.5343480000056386	118.48504520395075
2.534349000005639	118.47687456186561
2.534350000005639	118.46870248344842
2.534351000005639	118.46052896731162
2.534352000005639	118.45235401261952
2.5343530000056393	118.44417761942437
2.5343540000056395	118.43599978873364
2.5343550000056396	118.42782052316483
2.5343560000056398	118.41963982704506
2.53435700000564	118.411457705965
2.53435800000564	118.40327416725457
2.53435900000564	118.3950892189882
2.5343600000056403	118.38690286848116
2.5343610000056405	118.37871512506054
2.5343620000056406	118.37052599923392
2.5343630000056407	118.36233549961686
2.534364000005641	118.35414363420374
2.534365000005641	118.34595041002841
2.534366000005641	118.3377558324499
2.5343670000056413	118.32955990525107
2.5343680000056414	118.32136263062617
2.5343690000056416	118.31316400929668
2.5343700000056417	118.30496404073344
2.534371000005642	118.29676272347936
2.534372000005642	118.28856005554255
2.534373000005642	118.28035603585529
2.5343740000056423	118.27215066268049
2.5343750000056424	118.26394393400984
2.5343760000056426	118.25573584994078
2.5343770000056427	118.2475264118965
2.534378000005643	118.2393156227816
2.534379000005643	118.2311034870112
2.534380000005643	118.22289001042542
2.5343810000056433	118.21467520011544
2.5343820000056434	118.2064590641396
2.5343830000056435	118.1982416111809
2.5343840000056437	118.19002285017146
2.534385000005644	118.18180278989898
2.534386000005644	118.17358143864327
2.534387000005644	118.16535880386351
2.5343880000056442	118.15713489194083
2.5343890000056444	118.14890970801322
2.5343900000056445	118.14068325591028
2.5343910000056447	118.13245553816287
2.534392000005645	118.124226556126
2.534393000005645	118.11599631016874
2.534394000005645	118.10776479991702
2.534395000005645	118.09953202455027
2.5343960000056454	118.09129798311086
2.5343970000056455	118.0830626783417
2.5343980000056456	118.07482610991964
2.5343990000056458	118.06658827477978
2.534400000005646	118.05834917433549
2.534401000005646	118.0501088109906
2.534402000005646	118.04186718820536
2.5344030000056463	118.03362431048468
2.5344040000056465	118.02538018328654
2.5344050000056466	118.01713481288915
2.5344060000056468	118.00888820620536
2.534407000005647	118.00064037055532
2.534408000005647	117.99239131343197
2.534409000005647	117.98414104225083
2.5344100000056473	117.97588956412179
2.5344110000056475	117.96763688563404
2.5344120000056476	117.95938301266497
2.5344130000056477	117.95112795051173
2.534414000005648	117.94287170328491
2.534415000005648	117.93461427387433
2.534416000005648	117.92635566451243
2.5344170000056483	117.91809587658527
2.5344180000056484	117.90983491075683
2.5344190000056486	117.90157276715263
2.5344200000056487	117.89330944556497
2.534421000005649	117.88504494568964
2.534422000005649	117.87677926735589
2.534423000005649	117.86851241077693
2.5344240000056493	117.86024437675883
2.5344250000056494	117.85197516687923
2.5344260000056495	117.84370478363938
2.5344270000056497	117.83543323054121
2.53442800000565	117.82716051211312
2.53442900000565	117.81888663386478
2.53443000000565	117.81061160217617
2.5344310000056502	117.80233542414888
2.5344320000056504	117.79405810739635
2.5344330000056505	117.78577965976392
2.5344340000056507	117.77750008906547
2.534435000005651	117.76921940280677
2.534436000005651	117.76093760790212
2.534437000005651	117.7526547104357
2.5344380000056512	117.74437071548056
2.5344390000056514	117.73608562695877
2.5344400000056515	117.72779944758696
2.5344410000056516	117.7195121789143
2.534442000005652	117.71122382142181
2.534443000005652	117.70293437471838
2.534444000005652	117.69464383779982
2.534445000005652	117.68635220935018
2.5344460000056523	117.678059488082
2.5344470000056525	117.66976567310319
2.5344480000056526	117.66147076424355
2.5344490000056528	117.65317476234287
2.534450000005653	117.64487766949341
2.534451000005653	117.63657948917289
2.534452000005653	117.62828022628474
2.5344530000056533	117.61997988710921
2.5344540000056535	117.61167847914007
2.5344550000056536	117.60337601081142
2.5344560000056537	117.59507249116476
2.534457000005654	117.58676792945309
2.534458000005654	117.5784623347201
2.534459000005654	117.57015571537882
2.5344600000056543	117.56184807882413
2.5344610000056544	117.55353943113019
2.5344620000056546	117.54522977683412
2.5344630000056547	117.53691911882643
2.534464000005655	117.52860745838875
2.534465000005655	117.52029479533344
2.534466000005655	117.51198112826309
2.5344670000056553	117.5036664549453
2.5344680000056554	117.49535077275031
2.5344690000056556	117.48703407911825
2.5344700000056557	117.47871637201948
2.534471000005656	117.47039765040391
2.534472000005656	117.4620779145609
2.534473000005656	117.45375669462773
2.5344740000056563	117.44543399765621
2.5344750000056564	117.4371103121594
2.5344760000056565	117.42878565803738
2.5344770000056567	117.42046005088184
2.534478000005657	117.41213350454962
2.534479000005657	117.40380603043889
2.534480000005657	117.39547763692603
2.5344810000056572	117.38714832903736
2.5344820000056574	117.37881810840769
2.5344830000056575	117.37048697348644
2.5344840000056577	117.36215491999775
2.534485000005658	117.35382194160645
2.534486000005658	117.34548803073379
2.534487000005658	117.33715317943583
2.534488000005658	117.32881738028985
2.5344890000056584	117.32048062722829
2.5344900000056585	117.31214291623554
2.5344910000056586	117.30380424584844
2.5344920000056588	117.29546461747216
2.534493000005659	117.28712403655743
2.534494000005659	117.27878251024768
2.534495000005659	117.27044004707588
2.5344960000056593	117.2620966586605
2.5344970000056595	117.25375235796834
2.5344980000056596	117.24540715866709
2.5344990000056598	117.23706107441413
2.53450000000566	117.22871411820509
2.53450100000566	117.22036630181218
2.53450200000566	117.2120176353182
2.5345030000056603	117.2036681267997
2.5345040000056605	117.19531778216411
2.5345050000056606	117.18696660512919
2.5345060000056607	117.17861459732683
2.534507000005661	117.1702617585357
2.534508000005661	117.16190808700593
2.534509000005661	117.15355357984204
2.5345100000056613	117.14519823342143
2.5345110000056614	117.13684204382471
2.5345120000056616	117.1284850044677
2.5345130000056617	117.12012711207558
2.534514000005662	117.11176836702863
2.534515000005662	117.10340876804827
2.534516000005662	117.0950483152069
2.5345170000056623	117.08668701008057
2.5345180000056624	117.07832485584787
2.5345190000056625	117.06996185729315
2.5345200000056627	117.06159802073077
2.534521000005663	117.05323335389825
2.534522000005663	117.04486786573754
2.534523000005663	117.03650156610622
2.5345240000056632	117.02813446547073
2.5345250000056634	117.01976657450936
2.5345260000056635	117.01139790367786
2.5345270000056637	117.00302846279305
2.534528000005664	116.9946582606061
2.534529000005664	116.98628730439972
2.534530000005664	116.97791559967213
2.5345310000056642	116.9695431498941
2.5345320000056644	116.96116995639731
2.5345330000056645	116.95279601839877
2.5345340000056646	116.94442133312911
2.534535000005665	116.93604589615353
2.534536000005665	116.92766970181817
2.534537000005665	116.91929274377301
2.534538000005665	116.91091501559217
2.5345390000056653	116.90253651143948
2.5345400000056655	116.8941572267008
2.5345410000056656	116.88577715858199
2.5345420000056658	116.87739630638796
2.534543000005666	116.86901467224314
2.534544000005666	116.8606322612313
2.534545000005666	116.85224908093407
2.5345460000056663	116.84386514140523
2.5345470000056665	116.83548045470427
2.5345480000056666	116.82709503430489
2.5345490000056667	116.81870889438895
2.534550000005667	116.8103220490352
2.534551000005667	116.80193451143217
2.534552000005667	116.79354629315748
2.5345530000056673	116.78515740353198
2.5345540000056674	116.77676784916497
2.5345550000056676	116.76837763369878
2.5345560000056677	116.75998675775654
2.534557000005668	116.75159521913052
2.534558000005668	116.74320301319736
2.534559000005668	116.7348101335074
2.5345600000056683	116.72641657251707
2.5345610000056684	116.71802232240793
2.5345620000056686	116.70962737591907
2.5345630000056687	116.70123172715554
2.534564000005669	116.69283537228345
2.534565000005669	116.68443831007323
2.534566000005669	116.6760405422528
2.5345670000056693	116.6676420736109
2.5345680000056694	116.65924291188786
2.5345690000056695	116.65084306745445
2.5345700000056697	116.64244255279108
2.53457100000567	116.63404138180475
2.53457200000567	116.6256395690404
2.53457300000567	116.61723712886648
2.5345740000056702	116.60883407468386
2.5345750000056704	116.60043041820802
2.5345760000056705	116.5920261688742
2.5345770000056707	116.58362133342764
2.534578000005671	116.5752159157172
2.534579000005671	116.56680991670268
2.534580000005671	116.55840333466757
2.534581000005671	116.54999616561597
2.5345820000056714	116.54158840384207
2.5345830000056715	116.5331800426047
2.5345840000056716	116.52477107486261
2.5345850000056718	116.51636149401588
2.534586000005672	116.50795129457765
2.534587000005672	116.49954047278665
2.534588000005672	116.49112902707073
2.5345890000056723	116.4827169583397
2.5345900000056725	116.47430427008044
2.5345910000056726	116.46589096828947
2.5345920000056728	116.45747706124885
2.534593000005673	116.44906255902973
2.534594000005673	116.44064747314226
2.534595000005673	116.43223181594351
2.5345960000056733	116.42381559936966
2.5345970000056735	116.4153988353959
2.5345980000056736	116.40698153548811
2.5345990000056737	116.39856370915449
2.534600000005674	116.39014536407043
2.534601000005674	116.38172650585716
2.534602000005674	116.37330713800395
2.5346030000056743	116.36488726192616
2.5346040000056744	116.35646687717082
2.5346050000056746	116.348045981697
2.5346060000056747	116.3396245722735
2.534607000005675	116.33120264494805
2.534608000005675	116.32278019548292
2.534609000005675	116.31435721984714
2.5346100000056753	116.30593371466554
2.5346110000056754	116.29750967758524
2.5346120000056755	116.28908510760164
2.5346130000056757	116.28066000528067
2.534614000005676	116.27223437286861
2.534615000005676	116.26380821433109
2.534616000005676	116.2553815352807
2.5346170000056762	116.24695434281041
2.5346180000056764	116.23852664525019
2.5346190000056765	116.23009845185584
2.5346200000056767	116.22166977246314
2.534621000005677	116.21324061709372
2.534622000005677	116.20481099557838
2.534623000005677	116.19638091717329
2.5346240000056772	116.18795039019064
2.5346250000056774	116.17951942174166
2.5346260000056775	116.17108801749595
2.5346270000056776	116.16265618151617
2.534628000005678	116.15422391623116
2.534629000005678	116.14579122248604
2.534630000005678	116.13735809968394
2.534631000005678	116.12892454602164
2.5346320000056783	116.12049055883769
2.5346330000056785	116.11205613499338
2.5346340000056786	116.10362127130712
2.5346350000056788	116.09518596499852
2.534636000005679	116.0867502141243
2.534637000005679	116.07831401798593
2.534638000005679	116.06987737742585
2.5346390000056793	116.06144029501702
2.5346400000056795	116.05300277517338
2.5346410000056796	116.04456482408797
2.5346420000056797	116.03612644955905
2.53464300000568	116.02768766069444
2.53464400000568	116.01924846747266
2.53464500000568	116.01080888025191
2.5346460000056803	116.00236890922143
2.5346470000056804	115.9939285638715
2.5346480000056806	115.98548785249042
2.5346490000056807	115.97704678172147
2.534650000005681	115.9686053562661
2.534651000005681	115.96016357872234
2.534652000005681	115.95172144958569
2.5346530000056813	115.94327896741383
2.5346540000056814	115.93483612913717
2.5346550000056816	115.9263929305403
2.5346560000056817	115.91794936680196
2.534657000005682	115.90950543310713
2.534658000005682	115.90106112527926
2.534659000005682	115.89261644035149
2.5346600000056823	115.88417137706917
2.5346610000056824	115.875725936249
2.5346620000056825	115.86728012097679
2.5346630000056827	115.85883393664865
2.534664000005683	115.85038739081702
2.534665000005683	115.84194049286398
2.534666000005683	115.83349325354
2.5346670000056832	115.82504568373392
2.5346680000056834	115.81659779514787
2.5346690000056835	115.80814959968501
2.5346700000056837	115.79970110753641
2.534671000005684	115.79125232730313
2.534672000005684	115.78280326562668
2.534673000005684	115.77435392696256
2.534674000005684	115.76590431352406
2.5346750000056844	115.75745442537998
2.5346760000056845	115.74900426072743
2.5346770000056846	115.74055381632229
2.5346780000056848	115.73210308797286
2.534679000005685	115.72365207109651
2.534680000005685	115.71520076132425
2.534681000005685	115.70674915503406
2.5346820000056853	115.6982972498315
2.5346830000056855	115.68984504494179
2.5346840000056856	115.681392541443
2.5346850000056858	115.67293974236566
2.534686000005686	115.66448665265659
2.534687000005686	115.6560332789951
2.534688000005686	115.64757962949142
2.5346890000056863	115.63912571328865
2.5346900000056864	115.63067154014126
2.5346910000056866	115.62221711992383
2.5346920000056867	115.61376246215048
2.534693000005687	115.60530757559147
2.534694000005687	115.59685246789206
2.534695000005687	115.5883971453029
2.5346960000056873	115.57994161253549
2.5346970000056874	115.57148587271266
2.5346980000056876	115.56302992742593
2.5346990000056877	115.55457377469943
2.534700000005688	115.54611741361872
2.534701000005688	115.5376608446252
2.534702000005688	115.52920406547314
2.5347030000056883	115.52074707380771
2.5347040000056884	115.51228986749979
2.5347050000056885	115.50383244499173
2.5347060000056887	115.49537480559638
2.534707000005689	115.48691694970712
2.534708000005689	115.47845887895812
2.534709000005689	115.4700005963142
2.5347100000056892	115.46154210605174
2.5347110000056894	115.45308341367556
2.5347120000056895	115.44462452577221
2.5347130000056897	115.43616544978103
2.53471400000569	115.42770619373995
2.53471500000569	115.41924676598241
2.53471600000569	115.4107871748192
2.5347170000056902	115.40232742822403
2.5347180000056904	115.39386753353932
2.5347190000056905	115.38540749723664
2.5347200000056906	115.3769473247079
2.534721000005691	115.36848702012546
2.534722000005691	115.36002658548497
2.534723000005691	115.35156602240977
2.534724000005691	115.34310533217263
2.5347250000056913	115.33464451426393
2.5347260000056915	115.32618356751925
2.5347270000056916	115.31772249023135
2.5347280000056918	115.30926128055447
2.534729000005692	115.30079993683945
2.534730000005692	115.29233845795623
2.534731000005692	115.2838768435852
2.5347320000056923	115.27541509322037
2.5347330000056925	115.26695320890245
2.5347340000056926	115.25849119528672
2.5347350000056927	115.25002905711092
2.534736000005693	115.2415668004071
2.534737000005693	115.23310443231782
2.534738000005693	115.22464196083875
2.5347390000056933	115.21617939452825
2.5347400000056934	115.20771674213086
2.5347410000056936	115.19925401218613
2.5347420000056937	115.19079121266783
2.534743000005694	115.18232835061596
2.534744000005694	115.17386543185003
2.534745000005694	115.16540246073858
2.5347460000056943	115.15693944007113
2.5347470000056944	115.14847637051992
2.5347480000056946	115.1400132517428
2.5347490000056947	115.1315500825891
2.534750000005695	115.1230868603618
2.534751000005695	115.11462358170706
2.534752000005695	115.10616024302621
2.5347530000056953	115.09769684094266
2.5347540000056954	115.0892333727575
2.5347550000056955	115.0807698368585
2.5347560000056957	115.0723062331037
2.534757000005696	115.06384256305792
2.534758000005696	115.0553788301376
2.534759000005696	115.04691503966777
2.5347600000056962	115.03845119875965
2.5347610000056964	115.02998731605729
2.5347620000056965	115.02152340140279
2.5347630000056967	115.01305946538676
2.534764000005697	115.00459551884128
2.534765000005697	114.99613157362292
2.534766000005697	114.98766763941933
2.534767000005697	114.97920372329799
2.5347680000056974	114.97073983198311
2.5347690000056975	114.96227597023234
2.5347700000056976	114.95381214071672
2.5347710000056978	114.94534834415526
2.534772000005698	114.93688457922914
2.534773000005698	114.92842084290244
2.534774000005698	114.91995713109672
2.5347750000056983	114.9114934390913
2.5347760000056985	114.9030297620755
2.5347770000056986	114.89456609570264
2.5347780000056988	114.88610243664695
2.534779000005699	114.87763878306052
2.534780000005699	114.86917513304198
2.534781000005699	114.86071148860293
2.5347820000056993	114.85224785570088
2.5347830000056994	114.8437842403849
2.5347840000056996	114.83532065044503
2.5347850000056997	114.82685709500791
2.5347860000057	114.81839358376054
2.5347870000057	114.80993012701643
2.5347880000057	114.80146673516776
2.5347890000057003	114.79300341751986
2.5347900000057004	114.78454018221875
2.5347910000057006	114.77607703590816
2.5347920000057007	114.76761398340169
2.534793000005701	114.75915102765984
2.534794000005701	114.75068816983837
2.534795000005701	114.74222540948014
2.5347960000057013	114.7337627448374
2.5347970000057014	114.72530017327416
2.5347980000057015	114.71683769173086
2.5347990000057017	114.70837529717225
2.534800000005702	114.69991298704821
2.534801000005702	114.69145075970964
2.534802000005702	114.68298861469825
2.5348030000057022	114.67452655294926
2.5348040000057024	114.66606457689012
2.5348050000057025	114.65760269042202
2.5348060000057027	114.64914089878694
2.534807000005703	114.64067920831755
2.534808000005703	114.63221762614857
2.534809000005703	114.6237561598842
2.5348100000057032	114.61529481722269
2.5348110000057034	114.6068336056279
2.5348120000057035	114.59837253200419
2.5348130000057036	114.58991160245525
2.534814000005704	114.58145082210571
2.534815000005704	114.57299019498338
2.534816000005704	114.5645297240058
2.534817000005704	114.55606941102867
2.5348180000057043	114.54760925695483
2.5348190000057045	114.53914926190637
2.5348200000057046	114.53068942543712
2.5348210000057048	114.52222974675146
2.534822000005705	114.51377022493618
2.534823000005705	114.50531085917994
2.534824000005705	114.49685164898835
2.5348250000057053	114.48839259437662
2.5348260000057055	114.4799336960041
2.5348270000057056	114.47147495528692
2.5348280000057057	114.46301637446942
2.534829000005706	114.45455795665475
2.534830000005706	114.44609970581652
2.534831000005706	114.43764162514621
2.5348320000057063	114.4291837201584
2.5348330000057064	114.42072599857852
2.5348340000057066	114.41226846653514
2.5348350000057067	114.40381113091374
2.534836000005707	114.39535399917791
2.534837000005707	114.3868970782126
2.534838000005707	114.37844037454924
2.5348390000057073	114.36998389419529
2.5348400000057074	114.36152815031286
2.5348410000057076	114.35307314432129
2.5348420000057077	114.34461835522393
2.534843000005708	114.33616376540088
2.534844000005708	114.32770936317517
2.534845000005708	114.31925514014085
2.5348460000057083	114.31080109196968
2.5348470000057084	114.3023472188611
2.5348480000057085	114.29389352559745
2.5348490000057087	114.2854400212915
2.534850000005709	114.27698671880438
2.534851000005709	114.26853363389351
2.534852000005709	114.26008078418631
2.5348530000057092	114.25162818806409
2.5348540000057094	114.24317586354094
2.5348550000057095	114.23472382718855
2.5348560000057097	114.22627209324133
2.53485700000571	114.21782067289253
2.53485800000571	114.20936957382179
2.53485900000571	114.20091880001937
2.53486000000571	114.19246835185561
2.5348610000057104	114.18401822633308
2.5348620000057105	114.17556841758011
2.5348630000057106	114.16711881436868
2.5348640000057108	114.15866940975361
2.534865000005711	114.15022030070236
2.534866000005711	114.1417714804071
2.534867000005711	114.13332294267475
2.5348680000057113	114.12487468160599
2.5348690000057115	114.11642669197518
2.5348700000057116	114.10797896960105
2.5348710000057117	114.09953151168709
2.534872000005712	114.09108431711348
2.534873000005712	114.08263738667142
2.534874000005712	114.07419072322254
2.5348750000057123	114.06574433176647
2.5348760000057124	114.05729821939569
2.5348770000057126	114.04885239512579
2.5348780000057127	114.04040686958761
2.534879000005713	114.03196165459784
2.534880000005713	114.02351676261463
2.534881000005713	114.01507220609203
2.5348820000057133	114.00662808692535
2.5348830000057134	113.9981843227985
2.5348840000057136	113.98974092094593
2.5348850000057137	113.9812978850306
2.534886000005714	113.97285521677229
2.534887000005714	113.96441300509507
2.534888000005714	113.95597115340033
2.5348890000057143	113.94752965475335
2.5348900000057144	113.93908849973218
2.5348910000057145	113.93064767833388
2.5348920000057147	113.92220718085473
2.534893000005715	113.9137669988196
2.534894000005715	113.90532712586823
2.534895000005715	113.89688755856325
2.5348960000057152	113.88844829701473
2.5348970000057154	113.88000934527447
2.5348980000057155	113.8715707114838
2.5348990000057157	113.86313240770696
2.534900000005716	113.85469433874282
2.534901000005716	113.84625652546124
2.534902000005716	113.83781910276255
2.5349030000057162	113.829382094788
2.5349040000057164	113.82094552488776
2.5349050000057165	113.81250941347557
2.5349060000057166	113.80407377676033
2.534907000005717	113.79563862577783
2.534908000005717	113.78720396578136
2.534909000005717	113.77876979604761
2.534910000005717	113.77033611011387
2.5349110000057173	113.76190289643121
2.5349120000057175	113.75347013938577
2.5349130000057176	113.74503782060367
2.5349140000057178	113.7366059204552
2.534915000005718	113.72817441963541
2.534916000005718	113.71974330070283
2.534917000005718	113.71131254948128
2.5349180000057183	113.70288215606654
2.5349190000057185	113.69445211590933
2.5349200000057186	113.68602243024982
2.5349210000057187	113.67759310586658
2.534922000005719	113.66916415483418
2.534923000005719	113.66073559376883
2.534924000005719	113.65230744277481
2.5349250000057193	113.64387970978704
2.5349260000057194	113.63545241816917
2.5349270000057196	113.6270256052828
2.5349280000057197	113.61859929202951
2.53492900000572	113.61017349602534
2.53493000000572	113.60174823064865
2.53493100000572	113.5933235044037
2.5349320000057203	113.58489932063962
2.5349330000057204	113.57647567763638
2.5349340000057206	113.5680525690444
2.5349350000057207	113.55962998463522
2.534936000005721	113.55120791130189
2.534937000005721	113.54278633423122
2.534938000005721	113.53436523816974
2.5349390000057213	113.52594460868812
2.5349400000057214	113.51752443447774
2.5349410000057215	113.50910470610181
2.5349420000057217	113.50068541676471
2.534943000005722	113.492266565063
2.534944000005722	113.48384815405272
2.534945000005722	113.4754301911192
2.5349460000057222	113.46701268756341
2.5349470000057224	113.45859565793023
2.5349480000057225	113.45017910932245
2.5349490000057227	113.441763060196
2.534950000005723	113.43334753925038
2.534951000005723	113.42493256448047
2.534952000005723	113.41651815200977
2.534953000005723	113.40810431521751
2.5349540000057234	113.3996910640661
2.5349550000057235	113.39127840467026
2.5349560000057236	113.38286633912827
2.5349570000057238	113.37445486562065
2.534958000005724	113.36604397876438
2.534959000005724	113.35763367019072
2.534960000005724	113.34922392930255
2.5349610000057243	113.34081474416134
2.5349620000057245	113.33240610244147
2.5349630000057246	113.32399799239155
2.5349640000057247	113.31559040374101
2.534965000005725	113.30718332850003
2.534966000005725	113.29877676160521
2.534967000005725	113.29037070137308
2.5349680000057253	113.28196514974292
2.5349690000057254	113.27356011229827
2.5349700000057256	113.26515559806829
2.5349710000057257	113.2567516191262
2.534972000005726	113.24834819001403
2.534973000005726	113.23994532683099
2.534974000005726	113.23154304680844
2.5349750000057263	113.22314136743897
2.5349760000057264	113.21474030522005
2.5349770000057266	113.20633987503302
2.5349780000057267	113.19794008941389
2.534979000005727	113.18954095795975
2.534980000005727	113.18114248690566
2.534981000005727	113.17274467889568
2.5349820000057273	113.16434753296654
2.5349830000057274	113.1559510447508
2.5349840000057275	113.14755520688956
2.5349850000057277	113.13916000963766
2.534986000005728	113.13076544162836
2.534987000005728	113.12237149075949
2.534988000005728	113.11397814514683
2.5349890000057282	113.10558539408612
2.5349900000057284	113.0971932173823
2.5349910000057285	113.088801609525
2.5349920000057287	113.0804105803164
2.534993000005729	113.0720201318107
2.534994000005729	113.06363027002598
2.534995000005729	113.05524100479127
2.534996000005729	113.04685234931318
2.5349970000057294	113.03846431949361
2.5349980000057295	113.03007693303138
2.5349990000057296	113.02169020836926
2.53500000000573	113.01330416355974
2.53500100000573	113.00491881512588
2.53500200000573	112.99653417700738
2.53500300000573	112.98815025967262
2.5350040000057303	112.979767069469
2.5350050000057305	112.97138460826817
2.5350060000057306	112.963002873446
2.5350070000057308	112.95462186022635
2.535008000005731	112.94624155828045
2.535009000005731	112.93786195262342
2.535010000005731	112.92948302879829
2.5350110000057313	112.92110477213097
2.5350120000057315	112.9127271690253
2.5350130000057316	112.90435020818266
2.5350140000057317	112.89597388165204
2.535015000005732	112.88759818562623
2.535016000005732	112.87922312091747
2.535017000005732	112.87084869307796
2.5350180000057323	112.86247491215532
2.5350190000057324	112.85410179210191
2.5350200000057326	112.84572934989224
2.5350210000057327	112.83735760441903
2.535022000005733	112.82898657525737
2.535023000005733	112.82061628140225
2.535024000005733	112.81224674007723
2.5350250000057333	112.80387796570629
2.5350260000057334	112.79550996913079
2.5350270000057336	112.78714275712258
2.5350280000057337	112.77877633222346
2.535029000005734	112.77041069291326
2.535030000005734	112.76204583407988
2.535031000005734	112.75368174774215
2.5350320000057343	112.74531842395702
2.5350330000057344	112.73695585182959
2.5350340000057345	112.72859402054473
2.5350350000057347	112.72023292078667
2.535036000005735	112.71187254467284
2.535037000005735	112.70351288640317
2.535038000005735	112.69515394357983
2.5350390000057352	112.68679571693362
2.5350400000057354	112.67843821026055
2.5350410000057355	112.67008143014031
2.5350420000057357	112.66172538547235
2.535043000005736	112.65337008687622
2.535044000005736	112.6450155460145
2.535045000005736	112.63666177446757
2.535046000005736	112.62830878389296
2.5350470000057364	112.61995658542587
2.5350480000057365	112.6116051883321
2.5350490000057366	112.60325458812214
2.5350500000057368	112.59490479036278
2.535051000005737	112.58655581058194
2.535052000005737	112.5782076501748
2.535053000005737	112.56986030847669
2.5350540000057373	112.56151378300973
2.5350550000057375	112.55316806981877
2.5350560000057376	112.54482316388614
2.5350570000057377	112.53647905959457
2.535058000005738	112.52813575122327
2.535059000005738	112.51979323345037
2.535060000005738	112.51145150184286
2.5350610000057383	112.5031105533059
2.5350620000057384	112.49477038646428
2.5350630000057386	112.4864310019621
2.5350640000057387	112.4780924026572
2.535065000005739	112.46975459368706
2.535066000005739	112.46141758239766
2.535067000005739	112.45308137813002
2.5350680000057393	112.44474599186505
2.5350690000057394	112.43641143574453
2.5350700000057396	112.42807772248443
2.5350710000057397	112.41974486471983
2.53507200000574	112.41141287432411
2.53507300000574	112.40308176173816
2.53507400000574	112.39475153536873
2.5350750000057403	112.38642220111043
2.5350760000057404	112.3780937620144
2.5350770000057405	112.36976621815506
2.5350780000057407	112.36143956670357
2.535079000005741	112.35311380221522
2.535080000005741	112.34478891712136
2.535081000005741	112.3364649023859
2.5350820000057412	112.32814174829599
2.5350830000057414	112.3198194453174
2.5350840000057415	112.31149798495518
2.5350850000057417	112.30317735073103
2.535086000005742	112.29485753870934
2.535087000005742	112.28653855798586
2.535088000005742	112.27822041106502
2.535089000005742	112.26990310373294
2.5350900000057424	112.2615866448247
2.5350910000057425	112.25327104577525
2.5350920000057426	112.24495631996624
2.535093000005743	112.23664248192567
2.535094000005743	112.22832954645713
2.535095000005743	112.22001752773457
2.535096000005743	112.21170643844329
2.5350970000057433	112.20339628905012
2.5350980000057435	112.19508708721641
2.5350990000057436	112.1867788374319
2.5351000000057438	112.17847154088324
2.535101000005744	112.1701651955469
2.535102000005744	112.16185979652347
2.535103000005744	112.15355533657909
2.5351040000057443	112.14525180684363
2.5351050000057445	112.13694919761983
2.5351060000057446	112.12864749925039
2.5351070000057447	112.1203467029777
2.535108000005745	112.11204680173033
2.535109000005745	112.10374779078887
2.535110000005745	112.09544966829179
2.5351110000057453	112.08715243553917
2.5351120000057454	112.07885609706537
2.5351130000057456	112.07056066050048
2.5351140000057457	112.06226613622347
2.535115000005746	112.05397253680985
2.535116000005746	112.045679876339
2.535117000005746	112.03738816960235
2.5351180000057463	112.02909735288728
2.5351190000057464	112.02080744117224
2.5351200000057466	112.01251852719638
2.5351210000057467	112.00423062228191
2.535122000005747	111.99594373446065
2.535123000005747	111.98765786804947
2.535124000005747	111.97937302352035
2.5351250000057473	111.97108919763849
2.5351260000057474	111.96280638384047
2.5351270000057475	111.95452457289541
2.5351280000057477	111.94624375373361
2.535129000005748	111.93796391437942
2.535130000005748	111.929685042997
2.535131000005748	111.92140712889388
2.5351320000057482	111.91313016344668
2.5351330000057484	111.90485414087159
2.5351340000057485	111.89657905877704
2.5351350000057487	111.8883049184654
2.535136000005749	111.88003172495975
2.535137000005749	111.87175948675277
2.535138000005749	111.86348821531385
2.535139000005749	111.85521792436775
2.5351400000057494	111.84694862901185
2.5351410000057495	111.83868034476953
2.5351420000057496	111.83041308660171
2.5351430000057498	111.82214686797701
2.53514400000575	111.81388170008823
2.53514500000575	111.8056175912462
2.53514600000575	111.79735454648029
2.5351470000057503	111.78909256742281
2.5351480000057505	111.78083165242346
2.5351490000057506	111.77257179688823
2.5351500000057507	111.76431299079835
2.535151000005751	111.75605521612685
2.535152000005751	111.7477984667631
2.535153000005751	111.7395427431316
2.5351540000057513	111.73128803689833
2.5351550000057514	111.72303434121561
2.5351560000057516	111.71478165126986
2.5351570000057517	111.70652996469208
2.535158000005752	111.69827928178748
2.535159000005752	111.6900296055709
2.535160000005752	111.68178094164303
2.5351610000057523	111.6735332978712
2.5351620000057524	111.6652866839423
2.5351630000057526	111.65704111085338
2.5351640000057527	111.64879659030993
2.535165000005753	111.64055313411953
2.535166000005753	111.63231075360765
2.535167000005753	111.62406945908805
2.5351680000057533	111.61582925939983
2.5351690000057534	111.60759016155858
2.5351700000057535	111.5993521705309
2.5351710000057537	111.5911152890899
2.535172000005754	111.58287951784052
2.535173000005754	111.57464485533218
2.535174000005754	111.56641129827962
2.5351750000057542	111.55817884188271
2.5351760000057544	111.54994748021932
2.5351770000057545	111.54171720669824
2.5351780000057547	111.53348801459303
2.535179000005755	111.52525989752334
2.535180000005755	111.51703284994022
2.535181000005755	111.50880686763695
2.535182000005755	111.50058194812713
2.5351830000057554	111.49235809096096
2.5351840000057555	111.48413529796916
2.5351850000057556	111.47591357332729
2.535186000005756	111.46769292349936
2.535187000005756	111.45947335704403
2.535188000005756	111.45125488427209
2.535189000005756	111.44303751678883
2.5351900000057563	111.43482126690432
2.5351910000057565	111.42660613927994
2.5351920000057566	111.41839214586473
2.5351930000057568	111.4101793051608
2.535194000005757	111.40196762598937
2.535195000005757	111.393757114774
2.535196000005757	111.3855477751737
2.5351970000057573	111.37733960792721
2.5351980000057575	111.36913261085066
2.5351990000057576	111.36092677910425
2.5352000000057577	111.35272210564794
2.535201000005758	111.34451858183021
2.535202000005758	111.33631619815885
2.535203000005758	111.32811494513786
2.5352040000057583	111.3199148141124
2.5352050000057584	111.3117157980653
2.5352060000057586	111.30351789233842
2.5352070000057587	111.29532109514487
2.535208000005759	111.28712540790046
2.535209000005759	111.27893083533678
2.535210000005759	111.2707373853097
2.5352110000057593	111.26254506843279
2.5352120000057594	111.25435389747071
2.5352130000057596	111.24616388654594
2.5352140000057597	111.2379750502671
2.53521500000576	111.22978740280612
2.53521600000576	111.22160095700535
2.53521700000576	111.2134157235858
2.5352180000057603	111.2052317105129
2.5352190000057604	111.19704892256922
2.5352200000057605	111.18886736114797
2.5352210000057607	111.18068702820304
2.535222000005761	111.17250791879464
2.535223000005761	111.16433002164298
2.535224000005761	111.15615332765752
2.5352250000057612	111.14797782690285
2.5352260000057614	111.13980350953275
2.5352270000057615	111.13163036669157
2.5352280000057617	111.1234583913081
2.535229000005762	111.11528757877659
2.535230000005762	111.10711792746231
2.535231000005762	111.0989494389242
2.535232000005762	111.09078211790488
2.5352330000057623	111.08261597209489
2.5352340000057625	111.0744510116748
2.5352350000057626	111.06628724868916
2.5352360000057628	111.05812469624158
2.535237000005763	111.04996336765811
2.535238000005763	111.04180327565798
2.535239000005763	111.03364443154003
2.5352400000057633	111.02548684452269
2.5352410000057635	111.01733052207176
2.5352420000057636	111.00917546791798
2.5352430000057637	111.0010216819808
2.535244000005764	110.99286916218591
2.535245000005764	110.98471790396475
2.535246000005764	110.97656790077363
2.5352470000057643	110.96841914475442
2.5352480000057644	110.96027162745563
2.5352490000057646	110.95212534061217
2.5352500000057647	110.94398027686616
2.535251000005765	110.93583643041082
2.535252000005765	110.92769379751238
2.535253000005765	110.9195523768978
2.5352540000057653	110.91141216992355
2.5352550000057654	110.90327318057344
2.5352560000057656	110.89513541531537
2.5352570000057657	110.88699888273206
2.535258000005766	110.87886359304578
2.535259000005766	110.8707295575641
2.535260000005766	110.86259678805388
2.5352610000057663	110.85446529611836
2.5352620000057664	110.84633509256082
2.5352630000057665	110.83820617685083
2.5352640000057667	110.83007855692627
2.535265000005767	110.82195224879317
2.535266000005767	110.81382725607331
2.535267000005767	110.80570358001361
2.5352680000057672	110.79758121958334
2.5352690000057674	110.78946017167905
2.5352700000057675	110.78134043146835
2.5352710000057677	110.77322199285615
2.535272000005768	110.76510484898053
2.535273000005768	110.75698899278309
2.535274000005768	110.74887441756519
2.535275000005768	110.74076111753267
2.5352760000057684	110.73264908827873
2.5352770000057685	110.72453832715055
2.5352780000057686	110.71642883354512
2.535279000005769	110.70832060908047
2.535280000005769	110.70021365757803
2.535281000005769	110.69210798497005
2.535282000005769	110.68400359903102
2.5352830000057693	110.67590050898679
2.5352840000057695	110.66779872504632
2.5352850000057696	110.6596982578423
2.5352860000057698	110.65159911784563
2.53528700000577	110.6435013147505
2.53528800000577	110.63540485697231
2.53528900000577	110.62730975106872
2.5352900000057703	110.61921600134187
2.5352910000057705	110.61112360971785
2.5352920000057706	110.60303257563702
2.5352930000057707	110.59494289615496
2.535294000005771	110.58685456619955
2.535295000005771	110.57876757901136
2.535296000005771	110.57068192673576
2.5352970000057713	110.56259760107919
2.5352980000057714	110.55451459403284
2.5352990000057716	110.54643289858035
2.5353000000057717	110.53835250940666
2.535301000005772	110.5302734234786
2.535302000005772	110.52219564042498
2.535303000005772	110.5141191628063
2.5353040000057723	110.50604399617731
2.5353050000057724	110.49797014888733
2.5353060000057726	110.48989763169472
2.5353070000057727	110.48182645718113
2.535308000005773	110.4737566390729
2.535309000005773	110.46568819140784
2.535310000005773	110.45762112767284
2.5353110000057733	110.44955545999296
2.5353120000057734	110.44149119839322
2.5353130000057735	110.43342835020165
2.5353140000057737	110.42536691961838
2.535315000005774	110.41730690755132
2.535316000005774	110.40924831168296
2.535317000005774	110.40119112672045
2.5353180000057742	110.39313534489338
2.5353190000057744	110.38508095832512
2.5353200000057745	110.3770279565039
2.5353210000057746	110.36897632714489
2.535322000005775	110.360926066973
2.535323000005775	110.35287716919747
2.535324000005775	110.34482962098731
2.535325000005775	110.33678341739267
2.5353260000057753	110.32873855827806
2.5353270000057755	110.32069504683842
2.5353280000057756	110.31265288947327
2.5353290000057758	110.30461209542587
2.535330000005776	110.29657267624378
2.535331000005776	110.28853464505862
2.535332000005776	110.28049801574008
2.5353330000057763	110.27246280207444
2.5353340000057765	110.26442901691071
2.5353350000057766	110.2563966713879
2.5353360000057767	110.2483657743152
2.535337000005777	110.24033633168503
2.535338000005777	110.2323083464497
2.535339000005777	110.22428181846104
2.5353400000057773	110.21625674464228
2.5353410000057774	110.20823311938065
2.5353420000057776	110.20021093506774
2.5353430000057777	110.19219018279338
2.535344000005778	110.18417085308934
2.535345000005778	110.17615293674348
2.535346000005778	110.1681364255746
2.5353470000057783	110.16012131310981
2.5353480000057784	110.15210759515439
2.5353490000057786	110.14409527019635
2.5353500000057787	110.13608433965055
2.535351000005779	110.12807480786991
2.535352000005779	110.12006668195758
2.535353000005779	110.11205997141131
2.5353540000057793	110.1040546885206
2.5353550000057794	110.09605084587116
2.5353560000057795	110.08804845560093
2.5353570000057797	110.0800475305038
2.53535800000578	110.0720480823712
2.53535900000578	110.06405012129434
2.53536000000578	110.05605365512604
2.5353610000057802	110.04805868906485
2.5353620000057804	110.04006522541837
2.5353630000057805	110.03207326356376
2.5353640000057807	110.02408280011576
2.535365000005781	110.01609382926985
2.535366000005781	110.00810634327662
2.535367000005781	110.00012033309946
2.535368000005781	109.99213578914251
2.5353690000057814	109.98415270200992
2.5353700000057815	109.97617106323466
2.5353710000057816	109.96819086596017
2.535372000005782	109.96021210551285
2.535373000005782	109.95223477984004
2.535374000005782	109.94425888977689
2.535375000005782	109.93628443882766
2.5353760000057823	109.92831143354155
2.5353770000057825	109.92033988319967
2.5353780000057826	109.91236979881783
2.5353790000057828	109.90440119278728
2.535380000005783	109.89643407817441
2.535381000005783	109.88846846798104
2.535382000005783	109.88050437438719
2.5353830000057833	109.87254180807133
2.5353840000057835	109.8645807776473
2.5353850000057836	109.85662132616137
2.5353860000057837	109.8486634561686
2.535387000005784	109.84070712985768
2.535388000005784	109.83275234403791
2.535389000005784	109.82479909315259
2.5353900000057843	109.81684736982928
2.5353910000057844	109.80889716550197
2.5353920000057846	109.8009484710989
2.5353930000057847	109.79300127771708
2.535394000005785	109.78505557730325
2.535395000005785	109.77711136331085
2.535396000005785	109.76916863142453
2.5353970000057853	109.76122737952551
2.5353980000057854	109.7532876079144
2.5353990000057856	109.74534931982238
2.5354000000057857	109.73741252112752
2.535401000005786	109.72947722005799
2.535402000005786	109.72154342675593
2.535403000005786	109.71361114439098
2.5354040000057863	109.70568038550934
2.5354050000057864	109.69775117125762
2.5354060000057865	109.68982351365217
2.5354070000057867	109.68189742339021
2.535408000005787	109.67397290921626
2.535409000005787	109.66604997740791
2.535410000005787	109.65812863146789
2.5354110000057872	109.65020887196314
2.5354120000057874	109.64229069656804
2.5354130000057875	109.63437410122583
2.5354140000057876	109.62645907871692
2.535415000005788	109.61854561923087
2.535416000005788	109.61063371294557
2.535417000005788	109.60272334990174
2.535418000005788	109.59481452084457
2.5354190000057883	109.5869072179321
2.5354200000057885	109.57900143544619
2.5354210000057886	109.57109717041757
2.5354220000057888	109.56319442292087
2.535423000005789	109.5552931962802
2.535424000005789	109.54739349696351
2.535425000005789	109.53949533428354
2.5354260000057893	109.53159871989757
2.5354270000057895	109.52370366705242
2.5354280000057896	109.51581018979041
2.5354290000057897	109.50791830205566
2.53543000000579	109.50002801677493
2.53543100000579	109.49213934503929
2.53543200000579	109.48425229538316
2.5354330000057903	109.47636687328955
2.5354340000057904	109.46848308092174
2.5354350000057906	109.4606009170527
2.5354360000057907	109.45272037729328
2.535437000005791	109.44484145458254
2.535438000005791	109.43696413982832
2.535439000005791	109.42908842273181
2.5354400000057913	109.42121429272835
2.5354410000057914	109.41334173988815
2.5354420000057916	109.4054707557812
2.5354430000057917	109.39760133421093
2.535444000005792	109.38973347178731
2.535445000005792	109.38186716829458
2.535446000005792	109.37400242676877
2.5354470000057923	109.3661392533448
2.5354480000057924	109.35827765684908
2.5354490000057925	109.3504176482145
2.5354500000057927	109.3425592397433
2.535451000005793	109.33470244429498
2.535452000005793	109.32684727442539
2.535453000005793	109.31899374154186
2.5354540000057932	109.3111418552118
2.5354550000057934	109.3032916226361
2.5354560000057935	109.2954430482677
2.5354570000057937	109.28759613365085
2.535458000005794	109.27975087751251
2.535459000005794	109.27190727573169
2.535460000005794	109.26406532237118
2.535461000005794	109.25622501023177
2.5354620000057944	109.2483863309861
2.5354630000057945	109.24054927618378
2.5354640000057946	109.23271383791023
2.5354650000057948	109.22488000947384
2.535466000005795	109.21704778590711
2.535467000005795	109.20921716435186
2.535468000005795	109.20138814434348
2.5354690000057953	109.19356072787154
2.5354700000057955	109.18573491931022
2.5354710000057956	109.17791072523093
2.5354720000057958	109.17008815430742
2.535473000005796	109.1622672160349
2.535474000005796	109.15444792049585
2.535475000005796	109.1466302786288
2.5354760000057963	109.13881430105992
2.5354770000057965	109.13099999753923
2.5354780000057966	109.12318737652619
2.5354790000057967	109.11537644481102
2.535480000005797	109.1075672072142
2.535481000005797	109.09975966642818
2.535482000005797	109.09195382294358
2.5354830000057973	109.08414967513937
2.5354840000057974	109.07634721948583
2.5354850000057976	109.06854645079962
2.5354860000057977	109.06074736268198
2.535487000005798	109.05294994798643
2.535488000005798	109.04515419888773
2.535489000005798	109.03736010830596
2.5354900000057983	109.0295676704251
2.5354910000057984	109.02177688034999
2.5354920000057986	109.01398773493536
2.5354930000057987	109.00620023305217
2.535494000005799	108.99841437580582
2.535495000005799	108.99063016662583
2.535496000005799	108.98284761201089
2.5354970000057993	108.97506671946475
2.5354980000057994	108.96728749713934
2.5354990000057995	108.95950995512658
2.5355000000057997	108.95173410400533
2.5355010000058	108.9439599542298
2.5355020000058	108.93618751548725
2.5355030000058	108.92841679612245
2.5355040000058002	108.92064780267107
2.5355050000058004	108.91288053945911
2.5355060000058005	108.90511500837525
2.5355070000058006	108.8973512088369
2.535508000005801	108.88958913789527
2.535509000005801	108.88182879053949
2.535510000005801	108.87407016017096
2.535511000005801	108.86631323914177
2.5355120000058013	108.85855801939873
2.5355130000058015	108.85080449318286
2.5355140000058016	108.84305265369932
2.5355150000058018	108.83530249572648
2.535516000005802	108.82755401608992
2.535517000005802	108.81980721513686
2.535518000005802	108.812062094689
2.5355190000058023	108.80431865800595
2.5355200000058025	108.79657691184723
2.5355210000058026	108.7888368649719
2.5355220000058027	108.7810985276109
2.535523000005803	108.77336191083832
2.535524000005803	108.76562702586709
2.535525000005803	108.75789388337859
2.5355260000058033	108.75016249263402
2.5355270000058034	108.74243286123833
2.5355280000058036	108.7347049947089
2.5355290000058037	108.7269788957946
2.535530000005804	108.71925456453633
2.535531000005804	108.7115319983725
2.535532000005804	108.70381119238996
2.5355330000058043	108.69609213975536
2.5355340000058044	108.68837483227813
2.5355350000058046	108.68065926108453
2.5355360000058047	108.67294541737695
2.535537000005805	108.66523329311623
2.535538000005805	108.65752288171807
2.535539000005805	108.64981417861878
2.5355400000058053	108.64210718168427
2.5355410000058054	108.63440189148626
2.5355420000058055	108.62669831137971
2.5355430000058057	108.6189964473626
2.535544000005806	108.61129630772318
2.535545000005806	108.60359790260233
2.535546000005806	108.59590124336923
2.5355470000058062	108.58820634187904
2.5355480000058064	108.58051320974772
2.5355490000058065	108.57282185762513
2.5355500000058067	108.56513229453695
2.535551000005807	108.55744452734898
2.535552000005807	108.54975856036754
2.535553000005807	108.54207439514515
2.535554000005807	108.53439203045808
2.5355550000058074	108.52671146252801
2.5355560000058075	108.5190326849465
2.5355570000058076	108.51135569008736
2.5355580000058078	108.50368046981743
2.535559000005808	108.49600701529255
2.535560000005808	108.48833531808197
2.535561000005808	108.48066537090772
2.5355620000058083	108.4729971682474
2.5355630000058085	108.4653307020574
2.5355640000058086	108.45766597169207
2.5355650000058088	108.45000298392631
2.535566000005809	108.44234174328213
2.535567000005809	108.43468225659676
2.535568000005809	108.42702453258651
2.5355690000058093	108.41936858129745
2.5355700000058095	108.41171441390473
2.5355710000058096	108.40406204117282
2.5355720000058097	108.39641147247409
2.53557300000581	108.38876271675946
2.53557400000581	108.38111578161943
2.53557500000581	108.37347067225699
2.5355760000058103	108.36582739159918
2.5355770000058104	108.35818594026178
2.5355780000058106	108.3505463166451
2.5355790000058107	108.34290851718737
2.535580000005811	108.3352725367595
2.535581000005811	108.32763836908062
2.535582000005811	108.32000600724102
2.5355830000058113	108.31237544427836
2.5355840000058114	108.30474665972719
2.5355850000058116	108.29711964835637
2.5355860000058117	108.28949442045557
2.535587000005812	108.28187097381924
2.535588000005812	108.27424930808459
2.535589000005812	108.26662942472147
2.5355900000058123	108.25901132722471
2.5355910000058124	108.25139502048228
2.5355920000058125	108.24378051053166
2.5355930000058127	108.23616780474694
2.535594000005813	108.2285569080063
2.535595000005813	108.22094782858045
2.535596000005813	108.21334057773304
2.5355970000058132	108.20573516304566
2.5355980000058134	108.19813159122263
2.5355990000058135	108.1905298677816
2.5356000000058136	108.18293000197903
2.535601000005814	108.17533199621899
2.535602000005814	108.16773584604117
2.535603000005814	108.16014155053125
2.535604000005814	108.15254910717147
2.5356050000058143	108.14495851208135
2.5356060000058145	108.13736976036402
2.5356070000058146	108.12978284648047
2.5356080000058148	108.12219776467063
2.535609000005815	108.11461450943601
2.535610000005815	108.10703307602272
2.535611000005815	108.09945346086431
2.5356120000058153	108.0918756625548
2.5356130000058155	108.08429968082402
2.5356140000058156	108.07672551673194
2.5356150000058157	108.06915317395645
2.535616000005816	108.06158265803104
2.535617000005816	108.0540139760692
2.535618000005816	108.04644713570255
2.5356190000058163	108.03888214598145
2.5356200000058164	108.03131901682796
2.5356210000058166	108.02375775706773
2.5356220000058167	108.01619837455011
2.535623000005817	108.00864087567713
2.535624000005817	108.00108526499038
2.535625000005817	107.99353154488283
2.5356260000058173	107.98597971549708
2.5356270000058174	107.97842977476652
2.5356280000058176	107.97088171862097
2.5356290000058177	107.9633355414022
2.535630000005818	107.95579123632628
2.535631000005818	107.94824879605318
2.535632000005818	107.94070821335123
2.5356330000058183	107.93316948170262
2.5356340000058184	107.92563259590996
2.5356350000058185	107.91809755256686
2.5356360000058187	107.91056435034398
2.535637000005819	107.90303299024335
2.535638000005819	107.89550347560088
2.535639000005819	107.8879758118943
2.5356400000058192	107.8804500064372
2.5356410000058194	107.87292606791512
2.5356420000058195	107.86540400583097
2.5356430000058197	107.85788382987876
2.53564400000582	107.85036554930356
2.53564500000582	107.84284917233835
2.53564600000582	107.83533470569746
2.53564700000582	107.8278221537678
2.5356480000058204	107.82031151919666
2.5356490000058205	107.81280280280787
2.5356500000058206	107.80529600291689
2.5356510000058208	107.79779111594485
2.535652000005821	107.7902881367978
2.535653000005821	107.78278705938737
2.535654000005821	107.7752878771705
2.5356550000058213	107.76779058370776
2.5356560000058215	107.76029517320899
2.5356570000058216	107.75280164107669
2.5356580000058218	107.74530998428439
2.535659000005822	107.73782020160318
2.535660000005822	107.73033229380444
2.535661000005822	107.72284626365489
2.5356620000058223	107.71536211572533
2.5356630000058225	107.7078798561592
2.5356640000058226	107.70039949224552
2.5356650000058227	107.69292103155564
2.535666000005823	107.68544448233573
2.535667000005823	107.67796985295561
2.535668000005823	107.67049715064115
2.5356690000058233	107.66302638148123
2.5356700000058234	107.65555755009342
2.5356710000058236	107.64809065945511
2.5356720000058237	107.6406257108014
2.535673000005824	107.63316270365236
2.535674000005824	107.62570163597046
2.535675000005824	107.61824250443665
2.5356760000058243	107.6107853047297
2.5356770000058244	107.6033300319244
2.5356780000058246	107.59587668095459
2.5356790000058247	107.58842524649981
2.535680000005825	107.58097572430682
2.535681000005825	107.57352811155043
2.535682000005825	107.56608240615222
2.5356830000058252	107.55863860743052
2.5356840000058254	107.55119671619555
2.5356850000058255	107.54375673471414
2.5356860000058257	107.53631866660933
2.535687000005826	107.52888251670821
2.535688000005826	107.52144829075738
2.535689000005826	107.51401599511918
2.5356900000058262	107.50658563647856
2.5356910000058264	107.49915722147182
2.5356920000058265	107.4917307563453
2.5356930000058266	107.48430624662326
2.535694000005827	107.47688369688308
2.535695000005827	107.46946311052514
2.535696000005827	107.4620444896306
2.535697000005827	107.45462783494018
2.5356980000058273	107.44721314582064
2.5356990000058275	107.43980042039651
2.5357000000058276	107.43238965561001
2.5357010000058278	107.42498084771358
2.535702000005828	107.41757399257098
2.535703000005828	107.41016908571775
2.535704000005828	107.40276612287545
2.5357050000058283	107.39536510032474
2.5357060000058285	107.38796601741944
2.5357070000058286	107.38056887237923
2.5357080000058287	107.37317366262056
2.535709000005829	107.3657803893341
2.535710000005829	107.35838905525216
2.535711000005829	107.35099966464212
2.5357120000058293	107.34361222310999
2.5357130000058294	107.33622673736842
2.5357140000058296	107.3288432148693
2.5357150000058297	107.32146166392708
2.53571600000583	107.31408209216701
2.53571700000583	107.30670450603886
2.53571800000583	107.29932891053058
2.5357190000058303	107.29195531015249
2.5357200000058304	107.28458370865732
2.5357210000058306	107.2772141069728
2.5357220000058307	107.26984650406827
2.535723000005831	107.26248089707524
2.535724000005831	107.25511728152104
2.535725000005831	107.24775565166779
2.5357260000058313	107.24039600101538
2.5357270000058314	107.23303832281094
2.5357280000058315	107.22568261062153
2.5357290000058317	107.21832885888954
2.535730000005832	107.21097706343599
2.535731000005832	107.20362722186587
2.535732000005832	107.19627933381744
2.5357330000058322	107.18893340107256
2.5357340000058324	107.18158942754702
2.5357350000058325	107.17424741910878
2.5357360000058327	107.16690738318133
2.535737000005833	107.1595693282731
2.535738000005833	107.15223326344282
2.535739000005833	107.14489919770031
2.535740000005833	107.13756713938481
2.5357410000058334	107.13023709562466
2.5357420000058335	107.12290907189936
2.5357430000058336	107.11558307172342
2.5357440000058338	107.10825909645392
2.535745000005834	107.10093714530402
2.535746000005834	107.09361721548211
2.535747000005834	107.08629930246835
2.5357480000058343	107.07898340051935
2.5357490000058345	107.07166950314327
2.5357500000058346	107.06435760365771
2.5357510000058348	107.05704769581247
2.535752000005835	107.0497397742454
2.535753000005835	107.04243383496222
2.535754000005835	107.03512987572178
2.5357550000058353	107.02782789621817
2.5357560000058355	107.0205278981436
2.5357570000058356	107.01322988508313
2.5357580000058357	107.00593386230145
2.535759000005836	106.99863983641691
2.535760000005836	106.99134781503759
2.535761000005836	106.98405780614829
2.5357620000058363	106.97676981758917
2.5357630000058364	106.9694838567092
2.5357640000058366	106.96219992988154
2.5357650000058367	106.95491804213101
2.535766000005837	106.94763819687049
2.535767000005837	106.94036039580337
2.535768000005837	106.93308463889403
2.5357690000058373	106.92581092443676
2.5357700000058374	106.91853924929615
2.5357710000058375	106.91126960921166
2.5357720000058377	106.90400199915484
2.535773000005838	106.89673641372748
2.535774000005838	106.88947284760684
2.535775000005838	106.88221129595694
2.5357760000058382	106.87495175478864
2.5357770000058384	106.86769422125104
2.5357780000058385	106.860438693864
2.5357790000058387	106.85318517268142
2.535780000005839	106.84593365928517
2.535781000005839	106.83868415670663
2.535782000005839	106.83143666933005
2.5357830000058392	106.82419120261996
2.5357840000058394	106.81694776279193
2.5357850000058395	106.80970635648896
2.5357860000058396	106.8024669904222
2.53578700000584	106.79522967097905
2.53578800000584	106.78799440386831
2.53578900000584	106.78076119382399
2.53579000000584	106.77353004436651
2.5357910000058403	106.7663009576377
2.5357920000058405	106.75907393431794
2.5357930000058406	106.75184897366434
2.5357940000058408	106.74462607361737
2.535795000005841	106.73740523095806
2.535796000005841	106.73018644162444
2.535797000005841	106.7229697010128
2.5357980000058413	106.71575500428385
2.5357990000058415	106.70854234681826
2.5358000000058416	106.7013317245214
2.5358010000058417	106.6941231341342
2.535802000005842	106.68691657352815
2.535803000005842	106.67971204190826
2.535804000005842	106.67250953994208
2.5358050000058423	106.66530906972787
2.5358060000058424	106.6581106347753
2.5358070000058426	106.6509142398736
2.5358080000058427	106.64371989078504
2.535809000005843	106.63652759398747
2.535810000005843	106.62933735630762
2.535811000005843	106.62214918452396
2.5358120000058433	106.61496308500762
2.5358130000058434	106.60777906338308
2.5358140000058436	106.6005971242012
2.5358150000058437	106.59341727063848
2.535816000005844	106.58623950437811
2.535817000005844	106.5790638255693
2.535818000005844	106.57189023282652
2.5358190000058443	106.56471872334815
2.5358200000058444	106.55754929316485
2.5358210000058445	106.55038193745204
2.5358220000058447	106.54321665091008
2.535823000005845	106.53605342816827
2.535824000005845	106.52889226421797
2.535825000005845	106.52173315483012
2.5358260000058452	106.51457609691734
2.5358270000058454	106.50742108858452
2.5358280000058455	106.50026812986023
2.5358290000058457	106.49311722275017
2.535830000005846	106.48596837069711
2.535831000005846	106.4788215787039
2.535832000005846	106.47167685303003
2.535833000005846	106.46453420083806
2.5358340000058464	106.4573936297437
2.5358350000058465	106.4502551473401
2.5358360000058466	106.44311876071372
2.5358370000058468	106.43598447595286
2.535838000005847	106.42885229778267
2.535839000005847	106.42172222924255
2.535840000005847	106.41459427150062
2.5358410000058473	106.40746842380203
2.5358420000058475	106.40034468357359
2.5358430000058476	106.39322304670715
2.5358440000058478	106.38610350785498
2.535845000005848	106.37898606090073
2.535846000005848	106.37187069951814
2.535847000005848	106.36475741767721
2.5358480000058483	106.35764621020353
2.5358490000058485	106.35053707321795
2.5358500000058486	106.34343000448845
2.5358510000058487	106.33632500372728
2.535852000005849	106.32922207263896
2.535853000005849	106.32212121486415
2.535854000005849	106.3150224357914
2.5358550000058493	106.30792574219282
2.5358560000058494	106.30083114175659
2.5358570000058496	106.293738642579
2.5358580000058497	106.28664825262314
2.53585900000585	106.27955997917351
2.53586000000585	106.27247382898703
2.53586100000585	106.26538980660568
2.5358620000058503	106.2583079141046
2.5358630000058504	106.25122815227725
2.5358640000058505	106.24415052000653
2.5358650000058507	106.23707501441538
2.535866000005851	106.23000163118233
2.535867000005851	106.2229303649337
2.535868000005851	106.2158612097554
2.5358690000058512	106.20879415966662
2.5358700000058514	106.20172920909543
2.5358710000058515	106.19466635339886
2.5358720000058517	106.18760558920317
2.535873000005852	106.18054691466922
2.535874000005852	106.17349032967317
2.535875000005852	106.16643583577883
2.5358760000058522	106.15938343617742
2.5358770000058524	106.15233313546781
2.5358780000058525	106.14528493936308
2.5358790000058526	106.13823885433384
2.535880000005853	106.13119488713909
2.535881000005853	106.12415304449418
2.535882000005853	106.11711333263317
2.535883000005853	106.11007575697721
2.5358840000058533	106.10304032187084
2.5358850000058535	106.09600703037714
2.5358860000058536	106.08897588415404
2.5358870000058538	106.08194688343607
2.535888000005854	106.07492002714304
2.535889000005854	106.06789531298674
2.535890000005854	106.06087273772168
2.5358910000058543	106.05385229741259
2.5358920000058545	106.04683398773051
2.5358930000058546	106.03981780424559
2.5358940000058547	106.03280374272634
2.535895000005855	106.02579179947985
2.535896000005855	106.01878197158459
2.535897000005855	106.01177425708572
2.5358980000058553	106.00476865518834
2.5358990000058554	105.99776516633527
2.5359000000058556	105.99076379219727
2.5359010000058557	105.98376453563321
2.535902000005856	105.9767674006253
2.535903000005856	105.9697723920726
2.535904000005856	105.9627795155122
2.5359050000058563	105.95578877683168
2.5359060000058564	105.94880018201806
2.5359070000058566	105.94181373682255
2.5359080000058567	105.93482944638522
2.535909000005857	105.92784731499324
2.535910000005857	105.92086734583083
2.535911000005857	105.91388954074621
2.5359120000058573	105.90691390021837
2.5359130000058574	105.89994042332731
2.5359140000058575	105.89296910779169
2.5359150000058577	105.88599995017714
2.535916000005858	105.87903294614492
2.535917000005858	105.87206809079892
2.535918000005858	105.86510537902632
2.5359190000058582	105.85814480593731
2.5359200000058584	105.8511863672472
2.5359210000058585	105.84423005963646
2.5359220000058587	105.83727588108164
2.535923000005859	105.83032383103422
2.535924000005859	105.82337391056272
2.535925000005859	105.81642612237916
2.535926000005859	105.8094804707163
2.5359270000058594	105.80253696108937
2.5359280000058595	105.7955955999531
2.5359290000058596	105.78865639429974
2.5359300000058598	105.78171935126986
2.53593100000586	105.77478447765381
2.53593200000586	105.76785177939816
2.53593300000586	105.76092126123703
2.5359340000058603	105.7539929264064
2.5359350000058605	105.74706677644883
2.5359360000058606	105.74014281106146
2.5359370000058608	105.73322103232088
2.535938000005861	105.72630143656026
2.535939000005861	105.719384014751
2.535940000005861	105.71246876123529
2.5359410000058613	105.70555566983862
2.5359420000058615	105.69864473441064
2.5359430000058616	105.69173594939635
2.5359440000058617	105.68482931022504
2.535945000005862	105.67792481372791
2.535946000005862	105.67102245872304
2.535947000005862	105.66412224556986
2.5359480000058623	105.65722417655752
2.5359490000058624	105.65032825577492
2.5359500000058626	105.64343448856373
2.5359510000058627	105.63654288179094
2.535952000005863	105.62965344833401
2.535953000005863	105.62276619604525
2.535954000005863	105.61588112731005
2.5359550000058633	105.60899824909778
2.5359560000058634	105.6021175672122
2.5359570000058635	105.59523908591828
2.5359580000058637	105.58836280772711
2.535959000005864	105.58148873326974
2.535960000005864	105.57461686127884
2.535961000005864	105.56774718874857
2.5359620000058642	105.56087971117668
2.5359630000058644	105.55401442294034
2.5359640000058645	105.54715131774721
2.5359650000058647	105.54029038912677
2.535966000005865	105.53343163092609
2.535967000005865	105.52657503782645
2.535968000005865	105.51972060570807
2.5359690000058652	105.51286833199246
2.5359700000058654	105.50601821588336
2.5359710000058655	105.499170258408
2.5359720000058656	105.49232446242247
2.535973000005866	105.48548083241637
2.535974000005866	105.4786393741992
2.535975000005866	105.47180009456503
2.535976000005866	105.46496300082039
2.5359770000058663	105.45812810030763
2.5359780000058665	105.45129539994258
2.5359790000058666	105.44446490580388
2.5359800000058668	105.4376366227287
2.535981000005867	105.43081055404404
2.535982000005867	105.42398670143565
2.535983000005867	105.41716506485633
2.5359840000058673	105.41034564264424
2.5359850000058675	105.4035284317123
2.5359860000058676	105.39671342779005
2.5359870000058677	105.38990062582386
2.535988000005868	105.38309002034455
2.535989000005868	105.3762816059164
2.535990000005868	105.3694753775128
2.5359910000058683	105.36267133087611
2.5359920000058684	105.35586946291767
2.5359930000058686	105.34906975869882
2.5359940000058687	105.34227221807562
2.535995000005869	105.33547685563022
2.535996000005869	105.3286836740396
2.535997000005869	105.32189267723511
2.5359980000058693	105.31510387012877
2.5359990000058694	105.30831725829341
2.5360000000058696	105.3015328476025
2.5360010000058697	105.29475064393858
2.53600200000587	105.28797065285039
2.53600300000587	105.28119287925074
2.53600400000587	105.27441732750401
2.5360050000058703	105.2676440005805
2.5360060000058704	105.26087289992499
2.5360070000058705	105.25410402602247
2.5360080000058707	105.24733737812498
2.536009000005871	105.24057295434434
2.536010000005871	105.23381075177782
2.536011000005871	105.22705076674664
2.5360120000058712	105.22029299504462
2.5360130000058714	105.21353743222613
2.5360140000058715	105.20678407392525
2.5360150000058717	105.20003291616977
2.536016000005872	105.19328395568361
2.536017000005872	105.18653719010904
2.536018000005872	105.17979261822643
2.536019000005872	105.17305024009795
2.5360200000058724	105.1663100571101
2.5360210000058725	105.1595720719622
2.5360220000058726	105.15283628852691
2.5360230000058728	105.14610271166602
2.536024000005873	105.13937134697724
2.536025000005873	105.13264220045623
2.536026000005873	105.12591527809701
2.5360270000058733	105.11919058554726
2.5360280000058735	105.1124681277142
2.5360290000058736	105.10574790843762
2.5360300000058738	105.09902993025877
2.536031000005874	105.09231419422461
2.536032000005874	105.08560069980231
2.536033000005874	105.07888944491732
2.5360340000058743	105.0721804261538
2.5360350000058745	105.06547363895692
2.5360360000058746	105.0587690780132
2.5360370000058747	105.0520667376672
2.536038000005875	105.04536661235363
2.536039000005875	105.03866869707545
2.536040000005875	105.03197298779621
2.5360410000058753	105.02527948182939
2.5360420000058754	105.01858817805916
2.5360430000058756	105.0118990770996
2.5360440000058757	105.00521218135388
2.536045000005876	104.99852749483688
2.536046000005876	104.9918450229501
2.536047000005876	104.98516477217159
2.5360480000058763	104.97848674959427
2.5360490000058764	104.97181096245673
2.5360500000058765	104.96513741767475
2.5360510000058767	104.95846612133336
2.536052000005877	104.95179707828908
2.536053000005877	104.9451302918881
2.536054000005877	104.93846576373551
2.5360550000058772	104.93180349362146
2.5360560000058774	104.92514347960645
2.5360570000058775	104.9184857181763
2.5360580000058777	104.91183020457963
2.536059000005878	104.90517693321547
2.536060000005878	104.89852589804802
2.536061000005878	104.89187709314909
2.5360620000058782	104.88523051312069
2.5360630000058784	104.87858615352675
2.5360640000058785	104.87194401124427
2.5360650000058786	104.86530408468109
2.536066000005879	104.85866637396781
2.536067000005879	104.85203088092086
2.536068000005879	104.84539760892234
2.536069000005879	104.83876656270048
2.5360700000058793	104.83213774803679
2.5360710000058795	104.82551117134412
2.5360720000058796	104.81888683925128
2.5360730000058798	104.81226475818124
2.53607400000588	104.80564493389588
2.53607500000588	104.79902737116745
2.53607600000588	104.79241207348643
2.5360770000058803	104.78579904289455
2.5360780000058805	104.77918827986035
2.5360790000058806	104.77257978334306
2.5360800000058807	104.76597355092242
2.536081000005881	104.75936957898094
2.536082000005881	104.75276786305731
2.536083000005881	104.746168490179
2.5360840000058813	104.7395714542979
2.5360850000058814	104.73297665857815
2.5360860000058816	104.72638409993333
2.5360870000058817	104.71979377570356
2.536088000005882	104.71320568387628
2.536089000005882	104.70661982322183
2.536090000005882	104.700036194307
2.5360910000058823	104.69345479898699
2.5360920000058824	104.68687564029655
2.5360930000058826	104.6802987222543
2.5360940000058827	104.67372404964497
2.536095000005883	104.66715162770133
2.536096000005883	104.66058146178857
2.536097000005883	104.65401355709906
2.5360980000058833	104.6474479183239
2.5360990000058834	104.64088454942294
2.5361000000058835	104.6343234534062
2.5361010000058837	104.62776463259274
2.536102000005884	104.621208087809
2.536103000005884	104.61465381735971
2.536104000005884	104.60810181923829
2.5361050000058842	104.60155209135685
2.5361060000058844	104.59500463029214
2.5361070000058845	104.58845943207511
2.5361080000058847	104.58191649331316
2.536109000005885	104.5753758098215
2.536110000005885	104.56883737694211
2.536111000005885	104.56230119147625
2.536112000005885	104.55576725109502
2.5361130000058854	104.54923555451141
2.5361140000058855	104.54270610160292
2.5361150000058856	104.53617889344227
2.5361160000058858	104.52965393232448
2.536117000005886	104.52313122167826
2.536118000005886	104.51661076584303
2.536119000005886	104.51009256986957
2.5361200000058863	104.50357663925452
2.5361210000058865	104.49706297956638
2.5361220000058866	104.49055159618521
2.5361230000058868	104.48404249397792
2.536124000005887	104.47753567695524
2.536125000005887	104.47103114806231
2.536126000005887	104.46452885432785
2.5361270000058873	104.45802879700382
2.5361280000058875	104.45153103058136
2.5361290000058876	104.44503555275415
2.5361300000058877	104.43854236042934
2.536131000005888	104.43205144939012
2.536132000005888	104.4255628146393
2.536133000005888	104.41907645074608
2.5361340000058883	104.41259235224307
2.5361350000058884	104.40611051408493
2.5361360000058886	104.39963091893856
2.5361370000058887	104.39315356402332
2.536138000005889	104.3866784610976
2.536139000005889	104.38020561025817
2.536140000005889	104.37373501343193
2.5361410000058893	104.36726667410578
2.5361420000058894	104.36080059720443
2.5361430000058895	104.35433678874973
2.5361440000058897	104.34787525545946
2.53614500000589	104.34141600431263
2.53614600000589	104.33495904203423
2.53614700000589	104.32850437464876
2.5361480000058902	104.3220520070302
2.5361490000058904	104.31560194255063
2.5361500000058905	104.3091541828655
2.5361510000058907	104.30270872779774
2.536152000005891	104.29626557536118
2.536153000005891	104.28982472197396
2.536154000005891	104.28338616273587
2.5361550000058912	104.2769498918108
2.5361560000058914	104.27051590290104
2.5361570000058915	104.2640841897978
2.5361580000058916	104.25765474687876
2.536159000005892	104.25122756951029
2.536160000005892	104.24480265447374
2.536161000005892	104.23838000021998
2.536162000005892	104.23195960700389
2.5361630000058923	104.22554147687799
2.5361640000058925	104.2191256135464
2.5361650000058926	104.2127120221249
2.5361660000058928	104.20630070873764
2.536167000005893	104.19989168007797
2.536168000005893	104.19348494293838
2.536169000005893	104.18708050371038
2.5361700000058933	104.18067836797455
2.5361710000058935	104.17427854015239
2.5361720000058936	104.1678810231793
2.5361730000058937	104.16148581833762
2.536174000005894	104.15509292529109
2.536175000005894	104.14870234211493
2.536176000005894	104.14231406550668
2.5361770000058943	104.13592809111694
2.5361780000058944	104.12954441387015
2.5361790000058946	104.12316302838335
2.5361800000058947	104.11678392939413
2.536181000005895	104.11040711212331
2.536182000005895	104.10403257263229
2.536183000005895	104.09766030810628
2.5361840000058953	104.09129031703952
2.5361850000058954	104.08492259927587
2.5361860000058956	104.07855715605095
2.5361870000058957	104.07219398990442
2.536188000005896	104.06583310443219
2.536189000005896	104.0594745040904
2.536190000005896	104.05311819387993
2.5361910000058963	104.04676417904645
2.5361920000058964	104.04041246475887
2.5361930000058965	104.03406305579196
2.5361940000058967	104.0277159562437
2.536195000005897	104.02137116936485
2.536196000005897	104.0150286974097
2.536197000005897	104.00868854150262
2.5361980000058972	104.00235070165954
2.5361990000058974	103.99601517681968
2.5362000000058975	103.98968196495377
2.5362010000058977	103.98335106326883
2.536202000005898	103.97702246836803
2.536203000005898	103.97069617649812
2.536204000005898	103.96437218382965
2.536205000005898	103.95805048668382
2.5362060000058984	103.95173108175828
2.5362070000058985	103.94541408216455
2.5362080000058986	103.93909948386485
2.5362090000058988	103.93278716775355
2.536210000005899	103.9264771333252
2.536211000005899	103.92016938042664
2.536212000005899	103.91386391029172
2.5362130000058993	103.90756072546871
2.5362140000058995	103.90125982969154
2.5362150000058996	103.89496122768504
2.5362160000058998	103.88866492485869
2.5362170000059	103.88237066809475
2.5362180000059	103.87607846806557
2.5362190000059	103.86978859242835
2.5362200000059003	103.86350104456037
2.5362210000059004	103.85721582912365
2.5362220000059006	103.8509329492078
2.5362230000059007	103.84465240616419
2.536224000005901	103.83837414550749
2.536225000005901	103.83209816517241
2.536226000005901	103.82582451456868
2.5362270000059013	103.81955318739183
2.5362280000059014	103.81328417693979
2.5362290000059016	103.80701747605275
2.5362300000059017	103.80075307766988
2.536231000005902	103.79449097538495
2.536232000005902	103.78823116394973
2.536233000005902	103.7819736396773
2.5362340000059023	103.7757184007146
2.5362350000059024	103.76946544721007
2.5362360000059025	103.76321478131342
2.5362370000059027	103.75696640698919
2.536238000005903	103.75072032975334
2.536239000005903	103.74447655625225
2.536240000005903	103.73823509377313
2.5362410000059032	103.73199594975691
2.5362420000059034	103.72575913125387
2.5362430000059035	103.71952464445135
2.5362440000059037	103.71329249420305
2.536245000005904	103.70706268362521
2.536246000005904	103.70083521414385
2.536247000005904	103.69461008547526
2.5362480000059042	103.688387295524
2.5362490000059044	103.68216684065077
2.5362500000059045	103.67594871600754
2.5362510000059046	103.66973291594375
2.536252000005905	103.6635194344498
2.536253000005905	103.65730826559597
2.536254000005905	103.65109940399718
2.536255000005905	103.64489284519455
2.5362560000059053	103.63868858593521
2.5362570000059055	103.63248662440115
2.5362580000059056	103.62628696029022
2.5362590000059058	103.62008959479883
2.536260000005906	103.61389453050762
2.536261000005906	103.60770177114998
2.536262000005906	103.60151132132287
2.5362630000059063	103.59532318615314
2.5362640000059065	103.58913737094319
2.5362650000059066	103.58295388079922
2.5362660000059067	103.57677272029318
2.536267000005907	103.57059389319937
2.536268000005907	103.56441740228419
2.536269000005907	103.55824324913497
2.5362700000059073	103.55207143413412
2.5362710000059074	103.54590195648619
2.5362720000059076	103.5397348142961
2.5362730000059077	103.53357000476208
2.536274000005908	103.5274075243901
2.536275000005908	103.52124736925609
2.536276000005908	103.5150895352748
2.5362770000059083	103.50893401848381
2.5362780000059084	103.50278081531165
2.5362790000059086	103.49662992281488
2.5362800000059087	103.49048133886976
2.536281000005909	103.48433506231189
2.536282000005909	103.47819109302885
2.536283000005909	103.47204943198633
2.5362840000059093	103.46591008118449
2.5362850000059094	103.45977304356785
2.5362860000059095	103.45363832287637
2.5362870000059097	103.44750592341886
2.53628800000591	103.44137584986473
2.53628900000591	103.43524810697997
2.53629000000591	103.42912269933376
2.5362910000059102	103.42299963103616
2.5362920000059104	103.41687890549558
2.5362930000059105	103.41076052521113
2.5362940000059107	103.40464449158532
2.536295000005911	103.39853080481548
2.536296000005911	103.39241946388566
2.536297000005911	103.38631046660052
2.536298000005911	103.38020380969671
2.5362990000059114	103.37409948904155
2.5363000000059115	103.36799749988484
2.5363010000059116	103.3618978371718
2.5363020000059118	103.35580049588023
2.536303000005912	103.34970547135904
2.536304000005912	103.3436127596657
2.536305000005912	103.3375223578641
2.5363060000059123	103.3314342642502
2.5363070000059125	103.3253484785116
2.5363080000059126	103.31926500178447
2.5363090000059128	103.31318383661183
2.536310000005913	103.30710498679635
2.536311000005913	103.30102845717687
2.536312000005913	103.2949542533026
2.5363130000059133	103.28888238106254
2.5363140000059134	103.28281284628387
2.5363150000059136	103.27674565431963
2.5363160000059137	103.27068080968564
2.536317000005914	103.26461831573175
2.536318000005914	103.25855817442056
2.536319000005914	103.25250038619507
2.5363200000059143	103.24644494995722
2.5363210000059144	103.24039186318007
2.5363220000059146	103.23434112210887
2.5363230000059147	103.2282927220753
2.536324000005915	103.22224665787692
2.536325000005915	103.2162029241945
2.536326000005915	103.21016151602235
2.5363270000059153	103.20412242907467
2.5363280000059154	103.19808566014328
2.5363290000059155	103.19205120734857
2.5363300000059157	103.18601907030441
2.536331000005916	103.17998925017645
2.536332000005916	103.17396174958765
2.536333000005916	103.16793657242266
2.5363340000059162	103.16191372355499
2.5363350000059164	103.15589320846703
2.5363360000059165	103.1498750328426
2.5363370000059167	103.14385920214087
2.536338000005917	103.13784572118225
2.536339000005917	103.13183459380821
2.536340000005917	103.12582582260801
2.5363410000059172	103.11981940873346
2.5363420000059174	103.11381533801561
2.5363430000059175	103.10781360895662
2.5363440000059176	103.10181423254699
2.536345000005918	103.09581720465349
2.536346000005918	103.08982252059477
2.536347000005918	103.08383017535553
2.536348000005918	103.07784016398003
2.5363490000059183	103.0718524819492
2.5363500000059185	103.06586712553138
2.5363510000059186	103.05988409205382
2.5363520000059188	103.05390338010503
2.536353000005919	103.04792498962951
2.536354000005919	103.04194892192247
2.536355000005919	103.03597517953226
2.5363560000059193	103.03000376607166
2.5363570000059195	103.02403468596373
2.5363580000059196	103.01806794412856
2.5363590000059197	103.01210354564235
2.53636000000592	103.00614149541244
2.53636100000592	103.0001817978627
2.53636200000592	102.99422445665765
2.5363630000059203	102.98826947450357
2.5363640000059204	102.9823168530098
2.5363650000059206	102.97636659263479
2.5363660000059207	102.97041869271108
2.536367000005921	102.96447315153877
2.536368000005921	102.958529966552
2.536369000005921	102.95258913452672
2.5363700000059213	102.94665065182738
2.5363710000059214	102.94071451467235
2.5363720000059216	102.93478071938434
2.5363730000059217	102.92884926263716
2.536374000005922	102.92292014166759
2.536375000005922	102.91699335443786
2.536376000005922	102.9110688997513
2.5363770000059223	102.90514677731541
2.5363780000059224	102.89922698774346
2.5363790000059225	102.89330953250003
2.5363800000059227	102.88739441380747
2.536381000005923	102.88148163450457
2.536382000005923	102.87557119787179
2.536383000005923	102.86966310743438
2.5363840000059232	102.86375736676398
2.5363850000059234	102.85785397927691
2.5363860000059235	102.85195294803431
2.5363870000059237	102.84605427557587
2.536388000005924	102.84015796378189
2.536389000005924	102.83426401377014
2.536390000005924	102.82837242584263
2.536391000005924	102.8224831994729
2.5363920000059244	102.81659633334219
2.5363930000059245	102.81071182542927
2.5363940000059246	102.80482967314012
2.5363950000059248	102.79894987347362
2.536396000005925	102.79307242322157
2.536397000005925	102.78719731917742
2.536398000005925	102.78132455835791
2.5363990000059253	102.77545413821777
2.5364000000059255	102.76958605683454
2.5364010000059256	102.76372031306715
2.5364020000059257	102.75785691771983
2.536403000005926	102.7519958712274
2.536404000005926	102.74613716394418
2.536405000005926	102.74028079836872
2.5364060000059263	102.7344267776256
2.5364070000059264	102.72857510540875
2.5364080000059266	102.72272578575394
2.5364090000059267	102.7168788227802
2.536410000005927	102.7110342204098
2.536411000005927	102.70519198210151
2.536412000005927	102.69935211060582
2.5364130000059273	102.69351460776123
2.5364140000059274	102.68767947435114
2.5364150000059276	102.68184671004096
2.5364160000059277	102.67601631338644
2.536417000005928	102.67019011928679
2.536418000005928	102.66436713600498
2.536419000005928	102.65854648604503
2.5364200000059283	102.65272816535247
2.5364210000059284	102.6469121636013
2.5364220000059285	102.64109847984146
2.5364230000059287	102.635287109655
2.536424000005929	102.62947805382254
2.536425000005929	102.62367131384214
2.536426000005929	102.61786689302038
2.5364270000059292	102.61206479724324
2.5364280000059294	102.60626503173448
2.5364290000059295	102.60046760409924
2.5364300000059297	102.59467251980192
2.53643100000593	102.5888797853676
2.53643200000593	102.58308940453163
2.53643300000593	102.57730138018152
2.5364340000059302	102.57151571991082
2.5364350000059304	102.56573241665433
2.5364360000059305	102.5599514690763
2.5364370000059306	102.55417287164846
2.536438000005931	102.54839661942582
2.536439000005931	102.54262270657668
2.536440000005931	102.53685112761497
2.536441000005931	102.53108187732333
2.5364420000059313	102.52531495131225
2.5364430000059315	102.51955034630548
2.5364440000059316	102.51378806073103
2.5364450000059318	102.50802795509989
2.536446000005932	102.50226931582013
2.536447000005932	102.49651311220131
2.536448000005932	102.49075924285403
2.5364490000059323	102.48500772557165
2.5364500000059325	102.47925855656024
2.5364510000059326	102.47351174450242
2.5364520000059327	102.46776728521607
2.536453000005933	102.46202518503297
2.536454000005933	102.4562854390973
2.536455000005933	102.45054805014864
2.5364560000059333	102.44481301269411
2.5364570000059334	102.43908032820055
2.5364580000059336	102.43334999158357
2.5364590000059337	102.42762200533626
2.536460000005934	102.4218963658549
2.536461000005934	102.41617307686377
2.536462000005934	102.41045213852644
2.5364630000059343	102.40473355909789
2.5364640000059344	102.39901733874669
2.5364650000059346	102.39330348905708
2.5364660000059347	102.38759200866266
2.536467000005935	102.3818829069157
2.536468000005935	102.3761761826202
2.536469000005935	102.3704718425828
2.5364700000059353	102.3647698825326
2.5364710000059354	102.3590703057536
2.5364720000059355	102.3533731047009
2.5364730000059357	102.34767827944495
2.536474000005936	102.34198582024513
2.536475000005936	102.33629572395475
2.536476000005936	102.33060798236993
2.5364770000059362	102.32492259474053
2.5364780000059364	102.31923955288639
2.5364790000059365	102.31355885897247
2.5364800000059367	102.30788050830313
2.536481000005937	102.30220450660035
2.536482000005937	102.29653085255278
2.536483000005937	102.29085955452523
2.536484000005937	102.28519061292957
2.5364850000059374	102.27952403706477
2.5364860000059375	102.273859827087
2.5364870000059376	102.26819799064785
2.5364880000059378	102.26253852521091
2.536489000005938	102.25688143538865
2.536490000005938	102.25122671532223
2.536491000005938	102.2455743660122
2.5364920000059383	102.23992438954281
2.5364930000059385	102.23427677385769
2.5364940000059386	102.22863150931977
2.5364950000059387	102.22298859558384
2.536496000005939	102.21734802429725
2.536497000005939	102.2117097977808
2.536498000005939	102.20607391166456
2.5364990000059393	102.20044037279443
2.5365000000059394	102.19480918166698
2.5365010000059396	102.18918034851342
2.5365020000059397	102.18355387784132
2.53650300000594	102.1779297832439
2.53650400000594	102.17230806977882
2.53650500000594	102.16668875053924
2.5365060000059403	102.1610718287454
2.5365070000059404	102.15545731426502
2.5365080000059406	102.14984520883851
2.5365090000059407	102.14423551479463
2.536510000005941	102.13862822596693
2.536511000005941	102.1330233426541
2.536512000005941	102.12742085486688
2.5365130000059413	102.12182075989354
2.5365140000059414	102.11622304585191
2.5365150000059415	102.11062770972202
2.5365160000059417	102.10503474060869
2.536517000005942	102.09944413763455
2.536518000005942	102.09385589298
2.536519000005942	102.08827000932287
2.5365200000059422	102.08268648246023
2.5365210000059424	102.07710531862223
2.5365220000059425	102.0715265166452
2.5365230000059427	102.06595008461983
2.536524000005943	102.0603760222958
2.536525000005943	102.0548043377364
2.536526000005943	102.049235029679
2.5365270000059432	102.04366810427197
2.5365280000059434	102.03810355761674
2.5365290000059435	102.0325413934398
2.5365300000059436	102.0269816055391
2.536531000005944	102.02142419535254
2.536532000005944	102.01586915517092
2.536533000005944	102.01031648585106
2.536534000005944	102.00476617992733
2.5365350000059443	101.99921823944202
2.5365360000059445	101.9936726589398
2.5365370000059446	101.98812944275822
2.5365380000059448	101.98258858791006
2.536539000005945	101.97705010156646
2.536540000005945	101.97151398333916
2.536541000005945	101.9659802420072
2.5365420000059453	101.96044887813034
2.5365430000059455	101.9549199008827
2.5365440000059456	101.94939331028215
2.5365450000059457	101.94386911419612
2.536546000005946	101.93834731074043
2.536547000005946	101.93282790543942
2.536548000005946	101.92731278821442
2.5365490000059463	101.92180014788364
2.5365500000059464	101.91628989479712
2.5365510000059466	101.91078203221797
2.5365520000059467	101.90527656022016
2.536553000005947	101.8997734774594
2.536554000005947	101.89427278227203
2.536555000005947	101.8887744731781
2.5365560000059473	101.88327854956096
2.5365570000059474	101.87778500940107
2.5365580000059476	101.8722938499566
2.5365590000059477	101.8668050689895
2.536560000005948	101.86131866417462
2.536561000005948	101.85583463307775
2.536562000005948	101.85035297311401
2.5365630000059483	101.84487368149021
2.5365640000059484	101.83939675517016
2.5365650000059485	101.83392219087517
2.5365660000059487	101.82844998511014
2.536567000005949	101.82298013422609
2.536568000005949	101.81751263453985
2.536569000005949	101.81204748249654
2.5365700000059492	101.80658467484623
2.5365710000059494	101.80112420883539
2.5365720000059495	101.79566608241147
2.5365730000059497	101.79021029438489
2.53657400000595	101.78475684456166
2.53657500000595	101.77930573382994
2.53657600000595	101.77385696416428
2.53657700000595	101.76841053856725
2.5365780000059504	101.76296646093421
2.5365790000059505	101.75752473584222
2.5365800000059506	101.75208536827917
2.5365810000059508	101.74664836333288
2.536582000005951	101.74121372586686
2.536583000005951	101.73578146019256
2.536584000005951	101.73035156977201
2.5365850000059513	101.72492405698141
2.5365860000059515	101.71949892294913
2.5365870000059516	101.71407616749683
2.5365880000059517	101.70865578919067
2.536589000005952	101.70323778548351
2.536590000005952	101.69782215295645
2.536591000005952	101.69240888765299
2.5365920000059523	101.68699798547068
2.5365930000059524	101.68158944257263
2.5365940000059526	101.67618325578876
2.5365950000059527	101.67077942295973
2.536596000005953	101.66537794328208
2.536597000005953	101.659978817344
2.536598000005953	101.65458204711088
2.5365990000059533	101.6491876359569
2.5366000000059534	101.64379558838006
2.5366010000059536	101.63840590962464
2.5366020000059537	101.63301860523373
2.536603000005954	101.62763368054189
2.536604000005954	101.62225114016911
2.536605000005954	101.6168709875706
2.5366060000059543	101.61149322466973
2.5366070000059544	101.60611785162521
2.5366080000059545	101.60074486675326
2.5366090000059547	101.59537426662267
2.536610000005955	101.59000604633142
2.536611000005955	101.58464019992039
2.536612000005955	101.57927672088553
2.5366130000059552	101.5739156027739
2.5366140000059554	101.56855683978884
2.5366150000059555	101.56320042732929
2.5366160000059557	101.55784636243642
2.536617000005956	101.55249464409245
2.536618000005956	101.54714527332693
2.536619000005956	101.54179825313099
2.536620000005956	101.53645358819323
2.5366210000059564	101.53111128445741
2.5366220000059565	101.52577134856394
2.5366230000059566	101.52043378723596
2.536624000005957	101.5150986066468
2.536625000005957	101.50976581184992
2.536626000005957	101.50443540632712
2.536627000005957	101.49910739170504
2.5366280000059573	101.49378176764215
2.5366290000059575	101.48845853191155
2.5366300000059576	101.48313768069919
2.5366310000059578	101.47781920952056
2.536632000005958	101.47250311277243
2.536633000005958	101.46718938434118
2.536634000005958	101.46187801916084
2.5366350000059583	101.45656901321965
2.5366360000059585	101.45126236393396
2.5366370000059586	101.44595807037844
2.5366380000059587	101.44065613332043
2.536639000005959	101.43535655506697
2.536640000005959	101.43005933917316
2.536641000005959	101.42476449002409
2.5366420000059593	101.4194720123353
2.5366430000059594	101.41418191063575
2.5366440000059596	101.4088941888003
2.5366450000059597	101.40360884965577
2.53664600000596	101.398325894712
2.53664700000596	101.39304532406727
2.53664800000596	101.38776713644991
2.5366490000059603	101.38249132938734
2.5366500000059604	101.37721789951394
2.5366510000059606	101.37194684295216
2.5366520000059607	101.36667815570672
2.536653000005961	101.36141183404118
2.536654000005961	101.35614787478873
2.536655000005961	101.35088627557988
2.5366560000059613	101.34562703494893
2.5366570000059614	101.34037015231414
2.5366580000059615	101.33511562785678
2.5366590000059617	101.32986346231105
2.536660000005962	101.32461365671017
2.536661000005962	101.31936621212391
2.536662000005962	101.31412112941396
2.5366630000059622	101.3088784078491
2.5366640000059624	101.30363804749005
2.5366650000059625	101.29840004918545
2.5366660000059627	101.29316441224343
2.536667000005963	101.28793113587474
2.536668000005963	101.28270021943243
2.536669000005963	101.27747166268887
2.536670000005963	101.2722454655115
2.5366710000059634	101.26702162919302
2.5366720000059635	101.26180015652001
2.5366730000059636	101.25658105059443
2.5366740000059638	101.25136431527251
2.536675000005964	101.24614995488875
2.536676000005964	101.24093797389015
2.536677000005964	101.23572837641699
2.5366780000059643	101.23052116587368
2.5366790000059645	101.22531634454305
2.5366800000059646	101.22011391326754
2.5366810000059647	101.21491387123757
2.536682000005965	101.20971621594803
2.536683000005965	101.2045209433123
2.536684000005965	101.19932804790882
2.5366850000059653	101.1941375233746
2.5366860000059654	101.18894936290121
2.5366870000059656	101.18376355977315
2.5366880000059657	101.1785801079261
2.536689000005966	101.1733990024456
2.536690000005966	101.16822023996465
2.536691000005966	101.16304381894552
2.5366920000059663	101.15786973979925
2.5366930000059664	101.15269800484673
2.5366940000059666	101.14752861810696
2.5366950000059667	101.14236158493742
2.536696000005967	101.1371969116005
2.536697000005967	101.13203460475472
2.536698000005967	101.12687467091887
2.5366990000059673	101.12171711598084
2.5367000000059674	101.11656194478091
2.5367010000059675	101.1114091607995
2.5367020000059677	101.10625876596976
2.536703000005968	101.10111076062725
2.536704000005968	101.09596514360629
2.536705000005968	101.09082191246324
2.5367060000059682	101.08568106378547
2.5367070000059684	101.08054259357172
2.5367080000059685	101.07540649764806
2.5367090000059687	101.070272772066
2.536710000005969	101.0651414134775
2.536711000005969	101.0600124194442
2.536712000005969	101.05488578864221
2.536713000005969	101.04976152098249
2.5367140000059694	101.04463961762528
2.5367150000059695	101.0395200808917
2.5367160000059696	101.03440291408651
2.53671700000597	101.02928812124684
2.53671800000597	101.02417570684159
2.53671900000597	101.01906567544044
2.53672000000597	101.01395803138405
2.5367210000059703	101.00885277846153
2.5367220000059705	101.00374991963257
2.5367230000059706	100.99864945682344
2.5367240000059708	100.99355139077709
2.536725000005971	100.98845572186427
2.536726000005971	100.98336244849452
2.536727000005971	100.97827156690519
2.5367280000059713	100.97318307313304
2.5367290000059715	100.96809696272975
2.5367300000059716	100.9630132308882
2.5367310000059717	100.95793187554851
2.536732000005972	100.95285289215562
2.536733000005972	100.94777627489997
2.536734000005972	100.94270202089331
2.5367350000059723	100.93763012756511
2.5367360000059724	100.93256059452293
2.5367370000059726	100.92749342277972
2.5367380000059727	100.92242861471019
2.536739000005973	100.91736617393595
2.536740000005973	100.91230610510505
2.536741000005973	100.9072484136046
2.5367420000059733	100.9021931052295
2.5367430000059734	100.89714018582323
2.5367440000059736	100.8920896609244
2.5367450000059737	100.88704153543745
2.536746000005974	100.8819958133603
2.536747000005974	100.87695249758647
2.536748000005974	100.87191158979076
2.5367490000059743	100.86687309041142
2.5367500000059744	100.86183699871059
2.5367510000059745	100.85680331291381
2.5367520000059747	100.851772030767
2.536753000005975	100.84674314907255
2.536754000005975	100.84171666395473
2.536755000005975	100.83669257176969
2.5367560000059752	100.8316708689508
2.5367570000059754	100.82665155220565
2.5367580000059755	100.82163461861957
2.5367590000059757	100.81662006571231
2.536760000005976	100.8116078914654
2.536761000005976	100.80659809428445
2.536762000005976	100.80159067293393
2.536763000005976	100.79658562646911
2.5367640000059763	100.79158295418408
2.5367650000059765	100.78658265557392
2.5367660000059766	100.78158473030284
2.5367670000059768	100.77658917820705
2.536768000005977	100.77159599933108
2.536769000005977	100.76660519396493
2.536770000005977	100.76161676267901
2.5367710000059773	100.7566307063636
2.5367720000059775	100.7516470262258
2.5367730000059776	100.74666572303191
2.5367740000059777	100.74168679846186
2.536775000005978	100.73671025496763
2.536776000005978	100.73173609420259
2.536777000005978	100.72676431755764
2.5367780000059783	100.721794925963
2.5367790000059784	100.71682791973804
2.5367800000059786	100.71186329845096
2.5367810000059787	100.70690106086008
2.536782000005979	100.70194120491995
2.536783000005979	100.69698372786223
2.536784000005979	100.69202862638963
2.5367850000059793	100.68707589691239
2.5367860000059794	100.682125535827
2.5367870000059796	100.67717753985833
2.5367880000059797	100.67223190636335
2.53678900000598	100.66728863357662
2.53679000000598	100.66234772082097
2.53679100000598	100.6574091686085
2.5367920000059803	100.65247297861202
2.5367930000059804	100.64753915354778
2.5367940000059805	100.64260769695137
2.5367950000059807	100.63767861283827
2.536796000005981	100.63275190531417
2.536797000005981	100.62782757816899
2.536798000005981	100.6229056344866
2.5367990000059812	100.6179860763079
2.5368000000059814	100.6130689043813
2.5368010000059815	100.60815411597711
2.5368020000059817	100.60324170900623
2.536803000005982	100.59833168215543
2.536804000005982	100.59342403102167
2.536805000005982	100.588518750529
2.536806000005982	100.5836158353551
2.5368070000059824	100.57871528037181
2.5368080000059825	100.57381708107069
2.5368090000059826	100.5689212339314
2.536810000005983	100.56402773669959
2.536811000005983	100.5591365885425
2.536812000005983	100.55424779006714
2.536813000005983	100.54936134320654
2.5368140000059833	100.5444772509959
2.5368150000059835	100.53959551723794
2.5368160000059836	100.53471614609887
2.5368170000059838	100.5298391417035
2.536818000005984	100.52496450773941
2.536819000005984	100.52009224711585
2.536820000005984	100.51522236170386
2.5368210000059843	100.51035485217817
2.5368220000059845	100.50548971799711
2.5368230000059846	100.5006269575111
2.5368240000059847	100.49576656816423
2.536825000005985	100.49090854676065
2.536826000005985	100.48605288979537
2.536827000005985	100.48119959381982
2.5368280000059853	100.4763486557756
2.5368290000059854	100.47150007326027
2.5368300000059856	100.46665384473644
2.5368310000059857	100.46180996965894
2.536832000005986	100.45696844847562
2.536833000005986	100.45212928252244
2.536834000005986	100.44729247385993
2.5368350000059863	100.44245802503941
2.5368360000059864	100.43762593881524
2.5368370000059866	100.43279621787576
2.5368380000059867	100.4279688645878
2.536839000005987	100.42314388078776
2.536840000005987	100.41832126764072
2.536841000005987	100.4135010255711
2.5368420000059873	100.40868315429435
2.5368430000059874	100.40386765291669
2.5368440000059875	100.39905452009374
2.5368450000059877	100.39424375424764
2.536846000005988	100.38943535378195
2.536847000005988	100.38462931728108
2.536848000005988	100.37982564370175
2.5368490000059882	100.37502433250769
2.5368500000059884	100.37022538373185
2.5368510000059885	100.36542879796389
2.5368520000059886	100.36063457625708
2.536853000005989	100.35584271998947
2.536854000005989	100.35105323068802
2.536855000005989	100.3462661098111
2.536856000005989	100.34148135854237
2.5368570000059893	100.33669897762181
2.5368580000059895	100.33191896720778
2.5368590000059896	100.327141326804
2.5368600000059898	100.3223660552839
2.53686100000599	100.31759315097763
2.53686200000599	100.31282261181937
2.53686300000599	100.30805443557318
2.5368640000059903	100.30328862007539
2.5368650000059905	100.29852516348447
2.5368660000059906	100.29376406453798
2.5368670000059907	100.28900532273782
2.536868000005991	100.28424893846736
2.536869000005991	100.27949491351809
2.536870000005991	100.27474325008474
2.5368710000059913	100.26999395064261
2.5368720000059914	100.26524701866937
2.5368730000059916	100.26050178120956
2.5368740000059917	100.25575824222385
2.536875000005992	100.25101708062162
2.536876000005992	100.2462782976504
2.536877000005992	100.24154189474186
2.5368780000059923	100.23680787270106
2.5368790000059924	100.2320762317247
2.5368800000059926	100.22734697145248
2.5368810000059927	100.22262009106875
2.536882000005993	100.2178955894258
2.536883000005993	100.21317346521512
2.536884000005993	100.20845371715008
2.5368850000059933	100.20373634409879
2.5368860000059934	100.19902134523518
2.5368870000059935	100.19430872012771
2.5368880000059937	100.18959846874675
2.536889000005994	100.18489059015079
2.536890000005994	100.18018508502432
2.536891000005994	100.17548195552811
2.5368920000059942	100.17078120251928
2.5368930000059944	100.16608282670171
2.5368940000059945	100.16138682844696
2.5368950000059947	100.15669320760892
2.536896000005995	100.15200196347023
2.536897000005995	100.1473130989554
2.536898000005995	100.14262661215656
2.536899000005995	100.13794249647837
2.5369000000059954	100.13326074930329
2.5369010000059955	100.12858136799272
2.5369020000059956	100.12390435019654
2.536903000005996	100.11922969414175
2.536904000005996	100.11455739885092
2.536905000005996	100.10988746437252
2.536906000005996	100.10521989187724
2.5369070000059963	100.10055468366124
2.5369080000059965	100.09589184308979
2.5369090000059966	100.09123137437122
2.5369100000059968	100.08657328226772
2.536911000005997	100.08191757175177
2.536912000005997	100.07726424757713
2.536913000005997	100.07261331389793
2.5369140000059973	100.0679647738712
2.5369150000059975	100.06331862934098
2.5369160000059976	100.05867488066859
2.5369170000059977	100.05403352661816
2.536918000005998	100.04939456439095
2.536919000005998	100.0447579898057
2.536920000005998	100.04012379758568
2.5369210000059983	100.03549198171167
2.5369220000059984	100.0308625358743
2.5369230000059986	100.02623545393065
2.5369240000059987	100.02161073033713
2.536925000005999	100.01698836054506
2.536926000005999	100.01236834127297
2.536927000005999	100.00775067071761
2.5369280000059993	100.00313534859214
2.5369290000059994	99.99852237605924
2.5369300000059996	99.99391175557433
2.5369310000059997	99.98930349058075
2.536932000006	99.98469758515887
2.536933000006	99.98009404365807
2.536934000006	99.97549287029015
2.5369350000060003	99.97089406876584
2.5369360000060004	99.96629764201145
2.5369370000060005	99.96170359193154
2.5369380000060007	99.95711191931646
2.536939000006001	99.95252262340294
2.536940000006001	99.94793570280541
2.536941000006001	99.94335115567237
2.5369420000060012	99.9387689780292
2.5369430000060014	99.93418916660767
2.5369440000060015	99.92961171915888
2.5369450000060016	99.92503663264273
2.536946000006002	99.92046390446782
2.536947000006002	99.91589353268996
2.536948000006002	99.91132551615385
2.536949000006002	99.90675985457806
2.5369500000060023	99.90219654857142
2.5369510000060025	99.89763559957727
2.5369520000060026	99.89307700976985
2.5369530000060028	99.88852078192508
2.536954000006003	99.88396691925477
2.536955000006003	99.8794154251808
2.536956000006003	99.87486630316164
2.5369570000060033	99.8703195565236
2.5369580000060035	99.86577518824373
2.5369590000060036	99.86123320081829
2.5369600000060037	99.856693596148
2.536961000006004	99.85215637541447
2.536962000006004	99.84762153902155
2.536963000006004	99.84308908656931
2.5369640000060043	99.83855901685676
2.5369650000060044	99.83403132792247
2.5369660000060046	99.82950601709467
2.5369670000060047	99.8249830810996
2.536968000006005	99.82046251617545
2.536969000006005	99.81594431821723
2.536970000006005	99.81142848295556
2.5369710000060053	99.80691500612375
2.5369720000060054	99.80240388362058
2.5369730000060056	99.79789511130068
2.5369740000060057	99.79338868596919
2.536975000006006	99.78888460549526
2.536976000006006	99.78438286812043
2.536977000006006	99.77988347295387
2.5369780000060063	99.77538642166692
2.5369790000060064	99.7708917151974
2.5369800000060065	99.76639935370581
2.5369810000060067	99.7619093397727
2.536982000006007	99.7574216766311
2.536983000006007	99.75293636851025
2.536984000006007	99.74845341943963
2.5369850000060072	99.74397283306125
2.5369860000060074	99.73949461342973
2.5369870000060075	99.73501876430677
2.5369880000060077	99.73054528898535
2.536989000006008	99.72607419012583
2.536990000006008	99.72160546959249
2.536991000006008	99.7171391283715
2.536992000006008	99.71267516652382
2.5369930000060084	99.70821358315959
2.5369940000060085	99.70375437646526
2.5369950000060086	99.69929754381252
2.5369960000060088	99.69484308189793
2.536997000006009	99.69039098688931
2.536998000006009	99.68594125465671
2.536999000006009	99.68149388101082
2.5370000000060093	99.67704886195848
2.5370010000060095	99.67260619394546
2.5370020000060096	99.66816587406622
2.5370030000060098	99.66372790030798
2.53700400000601	99.65929227166167
2.53700500000601	99.6548589882011
2.53700600000601	99.6504280511103
2.5370070000060103	99.64599946259312
2.5370080000060105	99.64157322573855
2.5370090000060106	99.63714934428101
2.5370100000060107	99.63272782231232
2.537011000006011	99.62830866396065
2.537012000006011	99.62389187303977
2.537013000006011	99.6194774527237
2.5370140000060113	99.61506540523729
2.5370150000060114	99.61065573165264
2.5370160000060116	99.60624843171058
2.5370170000060117	99.60184350378641
2.537018000006012	99.59744094497441
2.537019000006012	99.5930407512386
2.537020000006012	99.58864291768586
2.5370210000060123	99.58424743914756
2.5370220000060124	99.57985431010228
2.5370230000060126	99.57546352506236
2.5370240000060127	99.5710750794565
2.537025000006013	99.56668896971743
2.537026000006013	99.5623051935089
2.537027000006013	99.55792374987519
2.5370280000060133	99.55354463929304
2.5370290000060134	99.54916786355906
2.5370300000060135	99.54479342573131
2.5370310000060137	99.54042132953755
2.537032000006014	99.53605157900495
2.537033000006014	99.53168417840126
2.537034000006014	99.52731913170024
2.5370350000060142	99.52295644223442
2.5370360000060144	99.51859611243583
2.5370370000060145	99.51423814365026
2.5370380000060146	99.5098825361009
2.537039000006015	99.50552928895203
2.537040000006015	99.5011784004381
2.537041000006015	99.49682986809972
2.537042000006015	99.49248368908988
2.5370430000060153	99.48813986048604
2.5370440000060155	99.4837983795552
2.5370450000060156	99.47945924404749
2.5370460000060158	99.47512245239605
2.537047000006016	99.47078800380689
2.537048000006016	99.46645589828368
2.537049000006016	99.46212613656098
2.5370500000060163	99.45779871995572
2.5370510000060165	99.45347365017467
2.5370520000060166	99.44915092959721
2.5370530000060167	99.44483055995133
2.537054000006017	99.44051254212712
2.537055000006017	99.43619687704738
2.537056000006017	99.431883565022
2.5370570000060173	99.4275726056949
2.5370580000060174	99.42326399807276
2.5370590000060176	99.4189577406231
2.5370600000060177	99.4146538314422
2.537061000006018	99.41035226840413
2.537062000006018	99.40605304936607
2.537063000006018	99.40175617263753
2.5370640000060183	99.39746163652919
2.5370650000060184	99.393169439509
2.5370660000060186	99.38887958078848
2.5370670000060187	99.3845920600426
2.537068000006019	99.38030687733739
2.537069000006019	99.3760240390087
2.537070000006019	99.3717435456492
2.5370710000060193	99.36746539195826
2.5370720000060194	99.36318957856639
2.5370730000060195	99.35891610597996
2.5370740000060197	99.35464497453393
2.53707500000602	99.35037617911654
2.53707600000602	99.34610971973983
2.53707700000602	99.34184560648544
2.5370780000060202	99.33758383937422
2.5370790000060204	99.33332441375254
2.5370800000060205	99.32906733010297
2.5370810000060207	99.32481258922871
2.537082000006021	99.32056019229228
2.537083000006021	99.31631014079997
2.537084000006021	99.31206243651427
2.537085000006021	99.3078170813655
2.5370860000060214	99.3035740773135
2.5370870000060215	99.29933342617136
2.5370880000060216	99.29509512942485
2.5370890000060218	99.2908591881202
2.537090000006022	99.28662560415486
2.537091000006022	99.28239437741613
2.537092000006022	99.27816550580962
2.5370930000060223	99.27393898808846
2.5370940000060225	99.26971482259111
2.5370950000060226	99.26549300740905
2.5370960000060228	99.26127354056682
2.537097000006023	99.25705642023985
2.537098000006023	99.25284164495072
2.537099000006023	99.24862921371674
2.5371000000060233	99.24441912616378
2.5371010000060235	99.24021138260285
2.5371020000060236	99.23600598397368
2.5371030000060237	99.2318029317642
2.537104000006024	99.22760222788288
2.537105000006024	99.22340387445624
2.537106000006024	99.21920787364382
2.5371070000060243	99.21501422737468
2.5371080000060244	99.21082293717706
2.5371090000060246	99.20663400403575
2.5371100000060247	99.20244742827329
2.537111000006025	99.19826320952077
2.537112000006025	99.19408134674794
2.537113000006025	99.1899018383699
2.5371140000060253	99.1857246823903
2.5371150000060254	99.18154987662652
2.5371160000060256	99.17737741892155
2.5371170000060257	99.17320730737676
2.537118000006026	99.1690395405384
2.537119000006026	99.164874117556
2.537120000006026	99.16071103829881
2.5371210000060263	99.15655030339748
2.5371220000060264	99.1523919141939
2.5371230000060265	99.14823587263558
2.5371240000060267	99.14408218111609
2.537125000006027	99.13993084226394
2.537126000006027	99.13578185870979
2.537127000006027	99.13163523282728
2.5371280000060272	99.12749096654429
2.5371290000060274	99.12334906111556
2.5371300000060275	99.11920951700966
2.5371310000060276	99.11507233385404
2.537132000006028	99.11093751039293
2.537133000006028	99.10680504457802
2.537134000006028	99.10267493373993
2.537135000006028	99.09854717477761
2.5371360000060283	99.09442176437365
2.5371370000060285	99.09029869927264
2.5371380000060286	99.08617797653454
2.5371390000060288	99.08205959377811
2.537140000006029	99.07794354938008
2.537141000006029	99.07382984262061
2.537142000006029	99.0697184737562
2.5371430000060293	99.06560944401582
2.5371440000060295	99.06150275553004
2.5371450000060296	99.05739841119676
2.5371460000060297	99.05329641447905
2.53714700000603	99.04919676917746
2.53714800000603	99.04509947914933
2.53714900000603	99.04100454804484
2.5371500000060303	99.03691197907844
2.5371510000060304	99.0328217747888
2.5371520000060306	99.02873393687189
2.5371530000060307	99.02464846611389
2.537154000006031	99.02056536232956
2.537155000006031	99.01648462318838
2.537156000006031	99.01240624676798
2.5371570000060313	99.00833023169302
2.5371580000060314	99.00425657490149
2.5371590000060316	99.00018527309041
2.5371600000060317	98.99611632292809
2.537161000006032	98.99204972125322
2.537162000006032	98.98798546528998
2.537163000006032	98.9839235527843
2.5371640000060323	98.97986398205609
2.5371650000060324	98.97580675205451
2.5371660000060325	98.97175186238083
2.5371670000060327	98.96769931316378
2.537168000006033	98.96364910499094
2.537169000006033	98.95960123877555
2.537170000006033	98.95555571563384
2.5371710000060332	98.95151253674005
2.5371720000060334	98.9474717032256
2.5371730000060335	98.94343321609549
2.5371740000060337	98.93939707613977
2.537175000006034	98.93536328392682
2.537176000006034	98.93133183980582
2.537177000006034	98.92730274392714
2.537178000006034	98.92327599628845
2.5371790000060344	98.91925159678463
2.5371800000060345	98.91522954522559
2.5371810000060346	98.91120984140085
2.5371820000060348	98.90719248508725
2.537183000006035	98.90317747604377
2.537184000006035	98.89916481396024
2.537185000006035	98.89515449843553
2.5371860000060353	98.89114652896912
2.5371870000060355	98.88714090490284
2.5371880000060356	98.88313762539676
2.5371890000060358	98.87913668945329
2.537190000006036	98.8751380959238
2.537191000006036	98.8711418435636
2.537192000006036	98.86714793114345
2.5371930000060363	98.86315635755254
2.5371940000060365	98.8591671219459
2.5371950000060366	98.85518022382809
2.5371960000060367	98.85119566315001
2.537197000006037	98.84721344043271
2.537198000006037	98.84323355674536
2.537199000006037	98.83925601368463
2.5372000000060373	98.83528081330073
2.5372010000060374	98.83130795796022
2.5372020000060376	98.82733745014161
2.5372030000060377	98.82336929219876
2.537204000006038	98.81940348615719
2.537205000006038	98.81544003346443
2.537206000006038	98.81147893482274
2.5372070000060383	98.8075201900447
2.5372080000060384	98.8035637979712
2.5372090000060386	98.79960975651404
2.5372100000060387	98.79565806277668
2.537211000006039	98.79170871321094
2.537212000006039	98.78776170389081
2.537213000006039	98.78381703085309
2.5372140000060392	98.77987469037004
2.5372150000060394	98.77593467929835
2.5372160000060395	98.77199699535453
2.5372170000060397	98.76806163732638
2.53721800000604	98.76412860519387
2.53721900000604	98.76019790016154
2.53722000000604	98.75626952457735
2.5372210000060402	98.75234348149091
2.5372220000060404	98.74841977484097
2.5372230000060405	98.74449840912777
2.5372240000060406	98.74057938857717
2.537225000006041	98.73666271699213
2.537226000006041	98.73274839744938
2.537227000006041	98.72883643197554
2.537228000006041	98.72492682137322
2.5372290000060413	98.72101956517945
2.5372300000060415	98.71711466167648
2.5372310000060416	98.71321210803814
2.5372320000060418	98.70931190058093
2.537233000006042	98.70541403504687
2.537234000006042	98.70151850699911
2.537235000006042	98.69762531218902
2.5372360000060423	98.69373444687662
2.5372370000060425	98.6898459081598
2.5372380000060426	98.68595969415912
2.5372390000060427	98.68207580414924
2.537240000006043	98.67819423859268
2.537241000006043	98.67431499903374
2.537242000006043	98.67043808792398
2.5372430000060433	98.66656350837319
2.5372440000060434	98.66269126384756
2.5372450000060436	98.65882135786912
2.5372460000060437	98.65495379369933
2.537247000006044	98.65108857406125
2.537248000006044	98.64722570094101
2.537249000006044	98.64336517542914
2.5372500000060443	98.63950699768978
2.5372510000060444	98.63565116699448
2.5372520000060446	98.63179768182653
2.5372530000060447	98.62794654004657
2.537254000006045	98.62409773911676
2.537255000006045	98.62025127635299
2.537256000006045	98.61640714912758
2.5372570000060453	98.61256535508791
2.5372580000060454	98.60872589239506
2.5372590000060455	98.60488875971267
2.5372600000060457	98.60105395626546
2.537261000006046	98.59722148194254
2.537262000006046	98.59339133714946
2.537263000006046	98.58956352270253
2.5372640000060462	98.58573803970864
2.5372650000060464	98.58191488938694
2.5372660000060465	98.57809407288984
2.5372670000060467	98.57427559119137
2.537268000006047	98.57045944497104
2.537269000006047	98.56664563452924
2.537270000006047	98.56283415976749
2.537271000006047	98.55902502022602
2.5372720000060474	98.55521821511655
2.5372730000060475	98.55141374340306
2.5372740000060476	98.54761160393512
2.5372750000060478	98.54381179554484
2.537276000006048	98.54001431711899
2.537277000006048	98.53621916772121
2.537278000006048	98.53242634667114
2.5372790000060483	98.52863585354565
2.5372800000060485	98.52484768817077
2.5372810000060486	98.5210618506273
2.5372820000060488	98.51727834123199
2.537283000006049	98.51349716038028
2.537284000006049	98.50971830854395
2.537285000006049	98.50594178622438
2.5372860000060493	98.50216759384978
2.5372870000060495	98.49839573180007
2.5372880000060496	98.49462620037242
2.5372890000060497	98.49085899978887
2.53729000000605	98.48709413024615
2.53729100000605	98.48333159197725
2.53729200000605	98.47957138733273
2.5372930000060503	98.47581351672869
2.5372940000060504	98.47205797872506
2.5372950000060506	98.46830477409645
2.5372960000060507	98.46455390378541
2.537297000006051	98.46080536884106
2.537298000006051	98.4570591703075
2.537299000006051	98.45331530917616
2.5373000000060513	98.4495737862565
2.5373010000060514	98.44583460201916
2.5373020000060515	98.44209775648154
2.5373030000060517	98.43836324913497
2.537304000006052	98.43463107893564
2.537305000006052	98.43090124425852
2.537306000006052	98.42717374292911
2.5373070000060522	98.42344857236793
2.5373080000060524	98.4197257297548
2.5373090000060525	98.41600521223765
2.5373100000060527	98.4122870171323
2.537311000006053	98.40857114216293
2.537312000006053	98.40485758567695
2.537313000006053	98.40114634683344
2.5373140000060532	98.39743742572101
2.5373150000060534	98.39373082341389
2.5373160000060535	98.39002654196844
2.5373170000060536	98.38632458426193
2.537318000006054	98.38262495381417
2.537319000006054	98.3789276545519
2.537320000006054	98.37523269051098
2.537321000006054	98.37154006412469
2.5373220000060543	98.36784977868284
2.5373230000060545	98.36416183808085
2.5373240000060546	98.36047624379194
2.5373250000060548	98.35679299614169
2.537326000006055	98.35311209428117
2.537327000006055	98.34943353623605
2.537328000006055	98.34575731907535
2.5373290000060553	98.3420834391299
2.5373300000060555	98.33841189230444
2.5373310000060556	98.33474267443869
2.5373320000060557	98.3310757816442
2.537333000006056	98.32741121062405
2.537334000006056	98.32374895862813
2.537335000006056	98.32008902427465
2.5373360000060563	98.3164314076474
2.5373370000060564	98.31277610964814
2.5373380000060566	98.30912313224438
2.5373390000060567	98.30547247824296
2.537340000006057	98.30182415103646
2.537341000006057	98.29817815429239
2.537342000006057	98.29453449163486
2.5373430000060573	98.29089316632961
2.5373440000060574	98.28725418098472
2.5373450000060576	98.28361753739044
2.5373460000060577	98.27998323637512
2.537347000006058	98.27635127778909
2.537348000006058	98.2727216605341
2.537349000006058	98.26909438271329
2.5373500000060583	98.2654694418411
2.5373510000060584	98.26184683509973
2.5373520000060585	98.25822655962068
2.5373530000060587	98.25460861272866
2.537354000006059	98.2509929921682
2.537355000006059	98.24737969629295
2.537356000006059	98.2437687242128
2.5373570000060592	98.24016007582131
2.5373580000060594	98.23655375175557
2.5373590000060595	98.2329497533023
2.5373600000060597	98.22934808225178
2.53736100000606	98.22574874071822
2.53736200000606	98.22215173145885
2.53736300000606	98.21855705663458
2.53736400000606	98.21496471761218
2.5373650000060604	98.2113747158994
2.5373660000060605	98.20778705252893
2.5373670000060606	98.20420172796635
2.5373680000060608	98.20061874216971
2.537369000006061	98.19703809459904
2.537370000006061	98.19345978390798
2.537371000006061	98.18988380888793
2.5373720000060613	98.18631016853631
2.5373730000060615	98.18273886138809
2.5373740000060616	98.1791698860316
2.5373750000060618	98.17560324117036
2.537376000006062	98.17203892568548
2.537377000006062	98.1684769386721
2.537378000006062	98.16491727943685
2.5373790000060623	98.16135994745929
2.5373800000060625	98.15780494238172
2.5373810000060626	98.15425226399142
2.5373820000060627	98.15070191216864
2.537383000006063	98.14715388686622
2.537384000006063	98.14360818809918
2.537385000006063	98.1400648159636
2.5373860000060633	98.13652377064177
2.5373870000060634	98.13298505244607
2.5373880000060636	98.12944866136348
2.5373890000060637	98.12591459802216
2.537390000006064	98.12238286371466
2.537391000006064	98.1188534594285
2.537392000006064	98.11532638627713
2.5373930000060643	98.11180164544757
2.5373940000060644	98.10827923814279
2.5373950000060645	98.10475916545026
2.5373960000060647	98.10124142826945
2.537397000006065	98.09772602773367
2.537398000006065	98.09421296401852
2.537399000006065	98.09070223629874
2.5374000000060652	98.0871938437838
2.5374010000060654	98.08368778515033
2.5374020000060655	98.08018405858544
2.5374030000060657	98.07668266190127
2.537404000006066	98.07318359261431
2.537405000006066	98.06968684808173
2.537406000006066	98.06619242569555
2.5374070000060662	98.06270032308352
2.5374080000060664	98.0592105382725
2.5374090000060665	98.0557230698052
2.5374100000060666	98.05223791688188
2.537411000006067	98.04875507946451
2.537412000006067	98.04527455822361
2.537413000006067	98.04179635448295
2.537414000006067	98.0383204701947
2.5374150000060673	98.0348469077427
2.5374160000060675	98.03137566976093
2.5374170000060676	98.02790675893137
2.5374180000060678	98.0244401777403
2.537419000006068	98.02097592830386
2.537420000006068	98.0175140121597
2.537421000006068	98.01405443012554
2.5374220000060683	98.01059718224954
2.5374230000060685	98.0071422677747
2.5374240000060686	98.0036896851929
2.5374250000060687	98.00023943237538
2.537426000006069	97.99679150672718
2.537427000006069	97.99334590540344
2.537428000006069	97.98990262553855
2.5374290000060693	97.98646166448832
2.5374300000060694	97.98302302004392
2.5374310000060696	97.97958669060361
2.5374320000060697	97.97615267529763
2.53743300000607	97.97272097409505
2.53743400000607	97.96929158775065
2.53743500000607	97.96586451770308
2.5374360000060703	97.9624397659563
2.5374370000060704	97.9590173349144
2.5374380000060706	97.95559722713051
2.5374390000060707	97.95217944501964
2.537440000006071	97.94876399068082
2.537441000006071	97.94535086565205
2.537442000006071	97.9419400707808
2.5374430000060713	97.93853160615059
2.5374440000060714	97.93512547102367
2.5374450000060715	97.93172166392705
2.5374460000060717	97.92832018277875
2.537447000006072	97.92492102509519
2.537448000006072	97.92152418820629
2.537449000006072	97.91812966949362
2.5374500000060722	97.91473746663263
2.5374510000060724	97.91134757782278
2.5374520000060725	97.90796000195259
2.5374530000060727	97.90457473868449
2.537454000006073	97.90119178850439
2.537455000006073	97.89781115266808
2.537456000006073	97.89443283305017
2.537457000006073	97.89105683198336
2.5374580000060734	97.88768315204332
2.5374590000060735	97.88431179578804
2.5374600000060736	97.8809427655382
2.5374610000060738	97.87757606315417
2.537462000006074	97.87421168986114
2.537463000006074	97.87084964611665
2.537464000006074	97.86748961960598
2.5374650000060743	97.86413191553675
2.5374660000060745	97.86077653454619
2.5374670000060746	97.85742346909261
2.5374680000060748	97.85407272002068
2.537469000006075	97.85072397075051
2.537470000006075	97.84737752802909
2.537471000006075	97.84403338715389
2.5374720000060753	97.84069154662375
2.5374730000060755	97.8373520057497
2.5374740000060756	97.83401476496849
2.5374750000060757	97.830679825725
2.537476000006076	97.82734719026848
2.537477000006076	97.82401686139765
2.537478000006076	97.82068884217186
2.5374790000060763	97.81736313169827
2.5374800000060764	97.8140397326497
2.5374810000060766	97.81071865123486
2.5374820000060767	97.80739988926183
2.537483000006077	97.80408344792022
2.537484000006077	97.80076932770643
2.537485000006077	97.79745752957284
2.5374860000060773	97.79414805324389
2.5374870000060774	97.79084089728752
2.5374880000060775	97.78753606138052
2.5374890000060777	97.78423354543868
2.537490000006078	97.78093334972324
2.537491000006078	97.7776354748945
2.537492000006078	97.77433992199596
2.5374930000060782	97.77104669236894
2.5374940000060784	97.76775578751632
2.5374950000060785	97.76446720892847
2.5374960000060787	97.7611809580703
2.537497000006079	97.75789703583924
2.537498000006079	97.75461544243892
2.537499000006079	97.75133617764808
2.5375000000060792	97.74805924062116
2.5375010000060794	97.74478463015518
2.5375020000060795	97.74151234443862
2.5375030000060796	97.73824238123227
2.53750400000608	97.73497473848282
2.53750500000608	97.73170941437358
2.53750600000608	97.72844640756207
2.53750700000608	97.72518572421153
2.5375080000060803	97.72192736441868
2.5375090000060805	97.71867132224006
2.5375100000060806	97.71541759933889
2.5375110000060808	97.7121661979687
2.537512000006081	97.70891712078567
2.537513000006081	97.70567037058781
2.537514000006081	97.70242595000074
2.5375150000060813	97.6991838611725
2.5375160000060815	97.69594410550926
2.5375170000060816	97.69270668346134
2.5375180000060817	97.68947159440351
2.537519000006082	97.68623883661745
2.537520000006082	97.68300840737244
2.537521000006082	97.67978030311335
2.5375220000060823	97.67655451972443
2.5375230000060824	97.67333105285762
2.5375240000060826	97.67010989829072
2.5375250000060827	97.66689105226783
2.537526000006083	97.66367451208792
2.537527000006083	97.66046027579195
2.537528000006083	97.65724834229438
2.5375290000060833	97.6540387119593
2.5375300000060834	97.65083138625334
2.5375310000060836	97.6476263675672
2.5375320000060837	97.64442365894945
2.537533000006084	97.64122326378016
2.537534000006084	97.63802518541883
2.537535000006084	97.63482942685074
2.5375360000060843	97.63163599038458
2.5375370000060844	97.6284448774262
2.5375380000060845	97.62525608832982
2.5375390000060847	97.62206961590617
2.537540000006085	97.61888545912382
2.537541000006085	97.61570362200594
2.537542000006085	97.61252410060449
2.5375430000060852	97.60934689179439
2.5375440000060854	97.60617199250528
2.5375450000060855	97.60299940007883
2.5375460000060857	97.59982911254527
2.537547000006086	97.59666112883183
2.537548000006086	97.59349544890631
2.537549000006086	97.59033207379377
2.537550000006086	97.58717100551246
2.5375510000060864	97.58401224688735
2.5375520000060865	97.58085580131453
2.5375530000060866	97.57770167250733
2.5375540000060868	97.57454986416742
2.537555000006087	97.57140037969153
2.537556000006087	97.56825322191956
2.537557000006087	97.56510839292712
2.5375580000060873	97.5619658939041
2.5375590000060875	97.55882572508953
2.5375600000060876	97.55568788581515
2.5375610000060878	97.55255237460504
2.537562000006088	97.54941918931887
2.537563000006088	97.54628832737647
2.537564000006088	97.54315978594892
2.5375650000060883	97.54003356218765
2.5375660000060885	97.53690965341967
2.5375670000060886	97.53378805726568
2.5375680000060887	97.53066877175547
2.537569000006089	97.52755179536184
2.537570000006089	97.5244371270021
2.537571000006089	97.52132476600302
2.5375720000060893	97.51821471199928
2.5375730000060894	97.51510696483881
2.5375740000060896	97.51200152521834
2.5375750000060897	97.50889839311508
2.53757600000609	97.50579756775875
2.53757700000609	97.50269904906641
2.53757800000609	97.4996028369106
2.5375790000060903	97.49650893117587
2.5375800000060904	97.49341733184727
2.5375810000060905	97.49032803910802
2.5375820000060907	97.48724105343133
2.537583000006091	97.48415637391176
2.537584000006091	97.48107400180817
2.537585000006091	97.47799394066472
2.5375860000060912	97.47491619293001
2.5375870000060914	97.47184076116625
2.5375880000060915	97.46876764801588
2.5375890000060917	97.46569685636703
2.537590000006092	97.46262838899598
2.537591000006092	97.45956224836384
2.537592000006092	97.4564984364005
2.5375930000060922	97.4534369543543
2.5375940000060924	97.45037780268714
2.5375950000060925	97.44732098098206
2.5375960000060926	97.44426648794968
2.537597000006093	97.44121432151121
2.537598000006093	97.43816447892868
2.537599000006093	97.43511695701956
2.537600000006093	97.4320717523815
2.5376010000060933	97.42902886165612
2.5376020000060935	97.4259882817853
2.5376030000060936	97.42295001022508
2.5376040000060938	97.41991404516195
2.537605000006094	97.41688037364456
2.537606000006094	97.41384899543462
2.537607000006094	97.41081992319927
2.5376080000060943	97.40779315852846
2.5376090000060945	97.4047687033896
2.5376100000060946	97.40174656009212
2.5376110000060947	97.39872673101092
2.537612000006095	97.39570921832568
2.537613000006095	97.3926940237901
2.537614000006095	97.38968114852783
2.5376150000060953	97.38667059290063
2.5376160000060954	97.38366235645246
2.5376170000060956	97.38065643380989
2.5376180000060957	97.3776528230076
2.537619000006096	97.37465152574082
2.537620000006096	97.37165253936809
2.537621000006096	97.36865586118523
2.5376220000060963	97.36566149077333
2.5376230000060964	97.362669426255
2.5376240000060966	97.35967966447122
2.5376250000060967	97.35669220508464
2.537626000006097	97.3537070486413
2.537627000006097	97.35072419652847
2.537628000006097	97.34774365083675
2.5376290000060973	97.34476541415603
2.5376300000060974	97.341789489331
2.5376310000060975	97.3388158791619
2.5376320000060977	97.33584458613667
2.537633000006098	97.33287561217828
2.537634000006098	97.32990895842511
2.537635000006098	97.32694462512288
2.5376360000060982	97.32398261158484
2.5376370000060984	97.32102291623646
2.5376380000060985	97.3180655367535
2.5376390000060987	97.31511047029045
2.537640000006099	97.31215771375622
2.537641000006099	97.30920726408301
2.537642000006099	97.30625911852883
2.537643000006099	97.30331327147358
2.5376440000060994	97.30036972149426
2.5376450000060995	97.29742847163595
2.5376460000060996	97.29448952252484
2.5376470000060998	97.29155287559367
2.5376480000061	97.28861853304541
2.5376490000061	97.28568649764267
2.5376500000061	97.2827567724302
2.5376510000061003	97.27982936044283
2.5376520000061005	97.2769042644239
2.5376530000061006	97.27398148654795
2.5376540000061008	97.2710610282088
2.537655000006101	97.26814288991065
2.537656000006101	97.26522707120904
2.537657000006101	97.26231357074487
2.5376580000061013	97.25940238637963
2.5376590000061015	97.25649351538898
2.5376600000061016	97.2535869547203
2.5376610000061017	97.25068270123575
2.537662000006102	97.24778075198915
2.537663000006102	97.24488110446269
2.537664000006102	97.2419837567524
2.5376650000061023	97.23908870769637
2.5376660000061024	97.23619595692169
2.5376670000061026	97.23330550482106
2.5376680000061027	97.23041735243869
2.537669000006103	97.22753150133637
2.537670000006103	97.22464795340088
2.537671000006103	97.22176671063505
2.5376720000061033	97.21888777496387
2.5376730000061034	97.21601114806072
2.5376740000061035	97.2131368312293
2.5376750000061037	97.2102648253154
2.537676000006104	97.20739513069715
2.537677000006104	97.20452774734497
2.537678000006104	97.2016626748958
2.5376790000061042	97.19879991277028
2.5376800000061044	97.19593946033042
2.5376810000061045	97.19308131702172
2.5376820000061047	97.19022548247372
2.537683000006105	97.1873719566038
2.537684000006105	97.18452073966823
2.537685000006105	97.18167183223697
2.5376860000061052	97.17882523514797
2.5376870000061054	97.17598094939731
2.5376880000061055	97.17313897601862
2.5376890000061056	97.17029931595646
2.537690000006106	97.16746196992574
2.537691000006106	97.16462693828784
2.537692000006106	97.1617942209642
2.537693000006106	97.15896381741197
2.5376940000061063	97.15613572664383
2.5376950000061065	97.15330994729408
2.5376960000061066	97.15048647773503
2.5376970000061068	97.14766531621166
2.537698000006107	97.14484646101236
2.537699000006107	97.14202991064992
2.537700000006107	97.13921566399873
2.5377010000061073	97.136403720412
2.5377020000061075	97.13359407978382
2.5377030000061076	97.13078674256573
2.5377040000061077	97.12798170971018
2.537705000006108	97.125178982582
2.537706000006108	97.12237856057014
2.537707000006108	97.11958044534038
2.5377080000061083	97.11678464077262
2.5377090000061084	97.11399114831147
2.5377100000061086	97.11119996890916
2.5377110000061087	97.10841110299855
2.537712000006109	97.10562455045553
2.537713000006109	97.10284031061956
2.537714000006109	97.10005838235308
2.5377150000061093	97.09727876417928
2.5377160000061094	97.09450145446466
2.5377170000061096	97.09172645160848
2.5377180000061097	97.08895375423978
2.53771900000611	97.08618336140883
2.53772000000611	97.08341527273159
2.53772100000611	97.08064948848518
2.5377220000061103	97.07788600964068
2.5377230000061104	97.07512483779831
2.5377240000061105	97.07236597509419
2.5377250000061107	97.06960942403245
2.537726000006111	97.06685518724981
2.537727000006111	97.06410326727865
2.537728000006111	97.0613536663251
2.5377290000061112	97.05860638602165
2.5377300000061114	97.05586142723757
2.5377310000061115	97.05311878998215
2.5377320000061117	97.05037847335711
2.537733000006112	97.0476404755916
2.537734000006112	97.04490479414301
2.537735000006112	97.04217142588622
2.537736000006112	97.03944036735717
2.5377370000061124	97.03671161501705
2.5377380000061125	97.03398516553183
2.5377390000061126	97.03126101605886
2.5377400000061128	97.02853916445294
2.537741000006113	97.0258196094459
2.537742000006113	97.02310235076037
2.537743000006113	97.02038738910962
2.5377440000061133	97.01767472613287
2.5377450000061135	97.01496436426241
2.5377460000061136	97.01225630652566
2.5377470000061138	97.00955055627455
2.537748000006114	97.00684711691787
2.537749000006114	97.00414599166061
2.537750000006114	97.0014471832501
2.5377510000061143	96.99875069375952
2.5377520000061145	96.99605652445105
2.5377530000061146	96.99336467571206
2.5377540000061147	96.99067514702881
2.537755000006115	96.98798793708674
2.537756000006115	96.98530304389412
2.537757000006115	96.98262046495458
2.5377580000061153	96.97994019750402
2.5377590000061154	96.97726223870434
2.5377600000061156	96.97458658587144
2.5377610000061157	96.97191323666422
2.537762000006116	96.96924218922621
2.537763000006116	96.96657344228576
2.537764000006116	96.96390699517413
2.5377650000061163	96.96124284781585
2.5377660000061164	96.95858100066361
2.5377670000061165	96.95592145458303
2.5377680000061167	96.9532642107354
2.537769000006117	96.95060927043869
2.537770000006117	96.94795663499642
2.537771000006117	96.94530630559129
2.5377720000061172	96.9426582832107
2.5377730000061174	96.94001256856566
2.5377740000061175	96.93736916207108
2.5377750000061177	96.93472806387261
2.537776000006118	96.93208927387055
2.537777000006118	96.92945279177569
2.537778000006118	96.92681861721267
2.5377790000061182	96.92418674979206
2.5377800000061184	96.92155718915957
2.5377810000061185	96.91892993505928
2.5377820000061186	96.91630498737747
2.537783000006119	96.91368234613182
2.537784000006119	96.91106201145823
2.537785000006119	96.90844398359515
2.537786000006119	96.90582826281695
2.5377870000061193	96.90321484939878
2.5377880000061195	96.90060374356717
2.5377890000061196	96.8979949454652
2.5377900000061198	96.89538845514859
2.53779100000612	96.89278427258179
2.53779200000612	96.89018239733664
2.53779300000612	96.88758282927395
2.5377940000061203	96.88498556859642
2.5377950000061205	96.88239061526
2.5377960000061206	96.8797979693577
2.5377970000061207	96.87720763115195
2.537798000006121	96.8746196011028
2.537799000006121	96.87203387984721
2.537800000006121	96.86945046816895
2.5378010000061213	96.86686936693197
2.5378020000061214	96.86429057698348
2.5378030000061216	96.8617140990527
2.5378040000061217	96.85913993364193
2.537805000006122	96.85656808093145
2.537806000006122	96.85399854069779
2.537807000006122	96.85143131225907
2.5378080000061223	96.84886639446867
2.5378090000061224	96.84630378573662
2.5378100000061226	96.84374348413093
2.5378110000061227	96.8411854874922
2.537812000006123	96.83862979356654
2.537813000006123	96.83607640023104
2.537814000006123	96.83352530564478
2.5378150000061233	96.83097650840617
2.5378160000061234	96.8284300077267
2.5378170000061235	96.82588580351982
2.5378180000061237	96.82334389642901
2.537819000006124	96.82080428781593
2.537820000006124	96.81826697967267
2.537821000006124	96.81573197451225
2.5378220000061242	96.81319927516878
2.5378230000061244	96.81066888456763
2.5378240000061245	96.80814080549708
2.5378250000061247	96.80561504038263
2.537826000006125	96.80309159109841
2.537827000006125	96.80057045878429
2.537828000006125	96.79805164377856
2.537829000006125	96.79553514557543
2.5378300000061254	96.7930209628549
2.5378310000061255	96.79050909362923
2.5378320000061256	96.7879995354249
2.5378330000061258	96.78549228197664
2.537834000006126	96.78298733043411
2.537835000006126	96.78048468165315
2.537836000006126	96.77798433348198
2.5378370000061263	96.77548628440685
2.5378380000061265	96.77299053372298
2.5378390000061266	96.77049708161532
2.5378400000061268	96.76800592914356
2.537841000006127	96.76551707813239
2.537842000006127	96.7630305310241
2.537843000006127	96.76054629066984
2.5378440000061273	96.75806436007356
2.5378450000061274	96.75558474213985
2.5378460000061276	96.75310743940521
2.5378470000061277	96.75063245380777
2.537848000006128	96.74815978653146
2.537849000006128	96.7456894379292
2.537850000006128	96.74322140747242
2.5378510000061283	96.74075569381073
2.5378520000061284	96.73829229492078
2.5378530000061286	96.73583120828572
2.5378540000061287	96.73337243110494
2.537855000006129	96.73091596055743
2.537856000006129	96.72846179407983
2.537857000006129	96.72600992955118
2.5378580000061293	96.72356036547117
2.5378590000061294	96.72111310109042
2.5378600000061295	96.7186681364538
2.5378610000061297	96.71622547236989
2.53786200000613	96.71378511030429
2.53786300000613	96.71134705225288
2.53786400000613	96.7089113005301
2.5378650000061302	96.70647785752051
2.5378660000061304	96.70404672644815
2.5378670000061305	96.70161790924017
2.5378680000061307	96.69919140630748
2.537869000006131	96.69676721837712
2.537870000006131	96.69434534549983
2.537871000006131	96.69192578699774
2.5378720000061312	96.68950854156931
2.5378730000061314	96.68709360741353
2.5378740000061315	96.68468098236542
2.5378750000061316	96.68227066408933
2.537876000006132	96.67986265028598
2.537877000006132	96.67745693888654
2.537878000006132	96.67505352818303
2.537879000006132	96.6726524169572
2.5378800000061323	96.67025360454457
2.5378810000061325	96.66785709084893
2.5378820000061326	96.66546287629784
2.5378830000061328	96.66307096176703
2.537884000006133	96.66068134849174
2.537885000006133	96.65829403790971
2.537886000006133	96.65590903151968
2.5378870000061333	96.65352633076363
2.5378880000061335	96.65114593691553
2.5378890000061336	96.64876785102749
2.5378900000061337	96.64639207385999
2.537891000006134	96.64401860588025
2.537892000006134	96.64164744729247
2.537893000006134	96.6392785980678
2.5378940000061343	96.6369120580401
2.5378950000061344	96.63454782695754
2.5378960000061346	96.63218590453745
2.5378970000061347	96.62982629053732
2.537898000006135	96.62746898477758
2.537899000006135	96.62511398714477
2.537900000006135	96.62276129754699
2.5379010000061353	96.62041091589731
2.5379020000061354	96.61806284207275
2.5379030000061356	96.61571634884997
2.5379040000061357	96.6133714653479
2.537905000006136	96.6110289095324
2.537906000006136	96.60868865070032
2.537907000006136	96.60635068727132
2.5379080000061363	96.60401501658572
2.5379090000061364	96.60168163688604
2.5379100000061365	96.5993505467354
2.5379110000061367	96.59702174536602
2.537912000006137	96.59469523302705
2.537913000006137	96.59237101128335
2.537914000006137	96.59004908321849
2.5379150000061372	96.58772945351474
2.5379160000061374	96.58541212840787
2.5379170000061375	96.58309711547395
2.5379180000061377	96.58078442326683
2.537919000006138	96.5784740608381
2.537920000006138	96.57616603714555
2.537921000006138	96.57386036043575
2.537922000006138	96.57155703763031
2.5379230000061384	96.5692560737726
2.5379240000061385	96.56695747161017
2.5379250000061386	96.56466123135012
2.5379260000061388	96.56236735061653
2.537927000006139	96.56007582461129
2.537928000006139	96.55778664984265
2.537929000006139	96.55549981782063
2.5379300000061393	96.55321531604905
2.5379310000061395	96.55093313548127
2.5379320000061396	96.54865326764927
2.5379330000061397	96.54637570554829
2.53793400000614	96.5441004442207
2.53793500000614	96.5418274811671
2.53793600000614	96.5395568165232
2.5379370000061403	96.53728845300131
2.5379380000061404	96.53502239559526
2.5379390000061406	96.5327586510783
2.5379400000061407	96.53049722733057
2.537941000006141	96.5282381325501
2.537942000006141	96.5259813744344
2.537943000006141	96.52372695938193
2.5379440000061413	96.52147489180395
2.5379450000061414	96.51922517362445
2.5379460000061416	96.51697780398095
2.5379470000061417	96.5147327791608
2.537948000006142	96.5124900928028
2.537949000006142	96.51024973633471
2.537950000006142	96.5080116996018
2.5379510000061423	96.50577597164067
2.5379520000061424	96.50354254153854
2.5379530000061425	96.50131139928878
2.5379540000061427	96.49908253657038
2.537955000006143	96.49685594740379
2.537956000006143	96.49463162861106
2.537957000006143	96.49240958004663
2.5379580000061432	96.49018980459714
2.5379590000061434	96.48797230792547
2.5379600000061435	96.48575709801197
2.5379610000061437	96.48354418454711
2.537962000006144	96.48133357819724
2.537963000006144	96.47912528982641
2.537964000006144	96.47691932974149
2.5379650000061442	96.47471570702581
2.5379660000061444	96.47251442900532
2.5379670000061445	96.47031550053538
2.5379680000061446	96.46811892452688
2.537969000006145	96.46592470193939
2.537970000006145	96.46373283128254
2.537971000006145	96.46154330930501
2.537972000006145	96.45935613140692
2.5379730000061453	96.45717129212662
2.5379740000061455	96.45498878562576
2.5379750000061456	96.45280860613256
2.5379760000061458	96.45063074831788
2.537977000006146	96.4484552075689
2.537978000006146	96.4462819801421
2.537979000006146	96.44411106320737
2.5379800000061463	96.4419424547964
2.5379810000061465	96.439776153679
2.5379820000061466	96.437612159193
2.5379830000061467	96.43545047105177
2.537984000006147	96.43329108916947
2.537985000006147	96.43113401353226
2.537986000006147	96.42897924411332
2.5379870000061473	96.42682678084496
2.5379880000061474	96.42467662365091
2.5379890000061476	96.42252877252095
2.5379900000061477	96.4203832276006
2.537991000006148	96.41823998927924
2.537992000006148	96.41609905826301
2.537993000006148	96.41396043559797
2.5379940000061483	96.41182412262884
2.5379950000061484	96.40969012090261
2.5379960000061486	96.40755843202182
2.5379970000061487	96.40542905744731
2.537998000006149	96.40330199827926
2.537999000006149	96.40117725504909
2.538000000006149	96.3990548275463
2.5380010000061493	96.39693471471148
2.5380020000061494	96.39481691461862
2.5380030000061495	96.39270142455736
2.5380040000061497	96.39058824122063
2.53800500000615	96.38847736098468
2.53800600000615	96.3863687802622
2.53800700000615	96.38426249589952
2.5380080000061502	96.38215850557421
2.5380090000061504	96.38005680815108
2.5380100000061505	96.37795740395741
2.5380110000061507	96.3758602949377
2.538012000006151	96.37376548466347
2.538013000006151	96.37167297818584
2.538014000006151	96.36958278173171
2.538015000006151	96.36749490226248
2.5380160000061514	96.36540934692528
2.5380170000061515	96.36332612244335
2.5380180000061516	96.36124523449963
2.5380190000061518	96.3591666871669
2.538020000006152	96.35709048244334
2.538021000006152	96.35501661993845
2.538022000006152	96.35294509674021
2.5380230000061523	96.3508759074863
2.5380240000061525	96.34880904464366
2.5380250000061526	96.34674449897703
2.5380260000061527	96.34468226016759
2.538027000006153	96.34262231753915
2.538028000006153	96.34056466103976
2.538029000006153	96.33850928156704
2.5380300000061533	96.33645617165239
2.5380310000061534	96.33440532642395
2.5380320000061536	96.33235674373626
2.5380330000061537	96.33031042431068
2.538034000006154	96.32826637165189
2.538035000006154	96.32622459174492
2.538036000006154	96.32418509256019
2.5380370000061543	96.3221478834104
2.5380380000061544	96.32011297421374
2.5380390000061546	96.31808037472805
2.5380400000061547	96.3160496295454
2.538041000006155	96.31402072279974
2.538042000006155	96.31199411168501
2.538043000006155	96.30996980634171
2.5380440000061553	96.3079478016672
2.5380450000061554	96.30592809348953
2.5380460000061555	96.30391067944562
2.5380470000061557	96.30189555939585
2.538048000006156	96.29988273553698
2.538049000006156	96.2978722122144
2.538050000006156	96.29586399552613
2.5380510000061562	96.29385809269967
2.5380520000061564	96.29185451138227
2.5380530000061565	96.289853258862
2.5380540000061567	96.28785434129385
2.538055000006157	96.2858577630429
2.538056000006157	96.28386352623221
2.538057000006157	96.28187163052267
2.5380580000061572	96.2798820730015
2.5380590000061574	96.27789484838144
2.5380600000061575	96.27590994941798
2.5380610000061576	96.27392736746812
2.538062000006158	96.27194709308833
2.538063000006158	96.26996911664055
2.538064000006158	96.26799342901435
2.538065000006158	96.26602002221233
2.5380660000061583	96.26404888966745
2.5380670000061585	96.26208002651556
2.5380680000061586	96.26011342977455
2.5380690000061588	96.25814909828522
2.538070000006159	96.25618703248627
2.538071000006159	96.25422723423205
2.538072000006159	96.25226970641464
2.5380730000061593	96.25031445258122
2.5380740000061595	96.24836147668628
2.5380750000061596	96.24641078283774
2.5380760000061597	96.24446237502131
2.53807700000616	96.24251625697335
2.53807800000616	96.24057243218654
2.53807900000616	96.2386309038484
2.5380800000061603	96.23669167485932
2.5380810000061604	96.23475474790042
2.5380820000061606	96.2328201254379
2.5380830000061607	96.23088780974054
2.538084000006161	96.22895780287988
2.538085000006161	96.2270301066215
2.538086000006161	96.22510472234048
2.5380870000061613	96.22318165090309
2.5380880000061614	96.2212608925837
2.5380890000061616	96.21934244688745
2.5380900000061617	96.21742631252013
2.538091000006162	96.21551248751608
2.538092000006162	96.2136009692083
2.538093000006162	96.21169175437203
2.5380940000061623	96.20978483959503
2.5380950000061624	96.20788022145238
2.5380960000061625	96.20597789678064
2.5380970000061627	96.20407786310331
2.538098000006163	96.20218011880058
2.538099000006163	96.20028466327223
2.538100000006163	96.19839149705555
2.5381010000061632	96.19650062172738
2.5381020000061634	96.19461203979778
2.5381030000061635	96.19272575438993
2.5381040000061637	96.190841768848
2.538105000006164	96.18896008631833
2.538106000006164	96.18708070924805
2.538107000006164	96.18520363891842
2.538108000006164	96.18332887508691
2.5381090000061644	96.18145641578579
2.5381100000061645	96.17958625713507
2.5381110000061646	96.17771839274084
2.5381120000061648	96.17585281526591
2.538113000006165	96.17398951688503
2.538114000006165	96.1721284885756
2.538115000006165	96.17026972141907
2.5381160000061653	96.16841320728406
2.5381170000061655	96.16655893958044
2.5381180000061656	96.16470691390496
2.5381190000061657	96.16285712860666
2.538120000006166	96.16100958511167
2.538121000006166	96.15916428762408
2.538122000006166	96.15732124386537
2.5381230000061663	96.15548046474404
2.5381240000061664	96.15364196297936
2.5381250000061666	96.15180575271344
2.5381260000061667	96.14997184869019
2.538127000006167	96.14814026532378
2.538128000006167	96.14631101575159
2.538129000006167	96.14448411100908
2.5381300000061673	96.14265955936722
2.5381310000061674	96.14083736573227
2.5381320000061676	96.13901753145764
2.5381330000061677	96.13720005435358
2.538134000006168	96.13538492889568
2.538135000006168	96.1335721467921
2.538136000006168	96.13176169759576
2.5381370000061683	96.12995356952106
2.5381380000061684	96.12814775040675
2.5381390000061685	96.12634422854039
2.5381400000061687	96.12454299355404
2.538141000006169	96.122744037112
2.538142000006169	96.12094735329651
2.538143000006169	96.11915293904295
2.5381440000061692	96.11736079410922
2.5381450000061694	96.11557092088121
2.5381460000061695	96.1137833240601
2.5381470000061697	96.11199800998925
2.53814800000617	96.11021498603996
2.53814900000617	96.10843425993508
2.53815000000617	96.10665583900985
2.53815100000617	96.10487972955832
2.5381520000061704	96.10310593641144
2.5381530000061705	96.10133446259371
2.5381540000061706	96.0995653091502
2.538155000006171	96.09779847521966
2.538156000006171	96.09603395825037
2.538157000006171	96.09427175444755
2.538158000006171	96.09251185925079
2.5381590000061713	96.09075426786802
2.5381600000061715	96.088998975827
2.5381610000061716	96.0872459794995
2.5381620000061718	96.08549527652251
2.538163000006172	96.08374686599721
2.538164000006172	96.08200074867851
2.538165000006172	96.080256926939
2.5381660000061723	96.07851540455023
2.5381670000061725	96.07677618645236
2.5381680000061726	96.075039278324
2.5381690000061727	96.0733046861882
2.538170000006173	96.07157241596195
2.538171000006173	96.06984247306336
2.538172000006173	96.0681148621186
2.5381730000061733	96.06638958672612
2.5381740000061734	96.06466664926737
2.5381750000061736	96.0629460509663
2.5381760000061737	96.06122779205306
2.538177000006174	96.05951187178076
2.538178000006174	96.05779828865528
2.538179000006174	96.05608704072544
2.5381800000061743	96.05437812578734
2.5381810000061744	96.05267154152925
2.5381820000061746	96.05096728568441
2.5381830000061747	96.04926535602202
2.538184000006175	96.04756575043744
2.538185000006175	96.04586846692014
2.538186000006175	96.04417350345084
2.5381870000061753	96.04248085805824
2.5381880000061754	96.0407905286759
2.5381890000061755	96.03910251314993
2.5381900000061757	96.03741680938192
2.538191000006176	96.03573341535143
2.538192000006176	96.03405232932694
2.538193000006176	96.0323735501119
2.5381940000061762	96.03069707723381
2.5381950000061764	96.02902291114408
2.5381960000061765	96.02735105273004
2.5381970000061767	96.02568150471299
2.538198000006177	96.02401427161679
2.538199000006177	96.02234936164358
2.538200000006177	96.02068677385304
2.538201000006177	96.01902651634627
2.5382020000061774	96.01736859384249
2.5382030000061775	96.01571301108865
2.5382040000061776	96.01405977524227
2.5382050000061778	96.01240888365088
2.538206000006178	96.01076033898428
2.538207000006178	96.00911414003781
2.538208000006178	96.00747028415158
2.5382090000061783	96.00582876737967
2.5382100000061785	96.0041895847529
2.5382110000061786	96.00255273060746
2.5382120000061787	96.00091819909034
2.538213000006179	95.99928598464905
2.538214000006179	95.99765608248188
2.538215000006179	95.99602848905134
2.5382160000061793	95.99440320245728
2.5382170000061794	95.99278022271349
2.5382180000061796	95.99115955187449
2.5382190000061797	95.98954119386057
2.53822000000618	95.9879251542266
2.53822100000618	95.98631143982787
2.53822200000618	95.98470005811667
2.5382230000061803	95.98309101653342
2.5382240000061804	95.98148432187168
2.5382250000061806	95.97987997904463
2.5382260000061807	95.97827799175685
2.538227000006181	95.97667836201919
2.538228000006181	95.97508108872327
2.538229000006181	95.97348616826767
2.5382300000061813	95.9718935947725
2.5382310000061814	95.97030336045421
2.5382320000061815	95.96871545618063
2.5382330000061817	95.96712987216715
2.538234000006182	95.9655465987116
2.538235000006182	95.96396562690458
2.538236000006182	95.96238694930754
2.5382370000061822	95.96081056057768
2.5382380000061824	95.95923645777906
2.5382390000061825	95.95766464060453
2.5382400000061827	95.9560962428102
2.538241000006183	95.95453012594055
2.538242000006183	95.95296631251763
2.538243000006183	95.95140480870872
2.538244000006183	95.94984562526217
2.5382450000061834	95.9482887714693
2.5382460000061835	95.9467342589523
2.5382470000061836	95.94518210005032
2.538248000006184	95.94363229577769
2.538249000006184	95.94208484559086
2.538250000006184	95.94053975491406
2.538251000006184	95.93899702057269
2.5382520000061843	95.93745664343905
2.5382530000061845	95.93591861247417
2.5382540000061846	95.93438292538447
2.5382550000061848	95.93284957107501
2.538256000006185	95.9313185460827
2.538257000006185	95.92978983945268
2.538258000006185	95.92826344873377
2.5382590000061853	95.92673936480277
2.5382600000061855	95.92521758800487
2.5382610000061856	95.92369810997052
2.5382620000061857	95.92218093661245
2.538263000006186	95.92066606468963
2.538264000006186	95.91915350087196
2.538265000006186	95.91764323561594
2.5382660000061863	95.91613528576991
2.5382670000061864	95.91462965092676
2.5382680000061866	95.91312633920803
2.5382690000061867	95.91162534939082
2.538270000006187	95.9101266878877
2.538271000006187	95.90863035144163
2.538272000006187	95.90713634397383
2.5382730000061873	95.90564465972449
2.5382740000061874	95.90415530002232
2.5382750000061876	95.90266825689939
2.5382760000061877	95.90118352986879
2.538277000006188	95.89970110931472
2.538278000006188	95.89822099504566
2.538279000006188	95.89674317842996
2.5382800000061883	95.89526765980956
2.5382810000061884	95.89379443235437
2.5382820000061885	95.89232349891647
2.5382830000061887	95.89085485555137
2.538284000006189	95.88938850823776
2.538285000006189	95.88792445615626
2.538286000006189	95.88646270814782
2.5382870000061892	95.88500326590336
2.5382880000061894	95.8835461386337
2.5382890000061895	95.88209134066625
2.5382900000061897	95.88063887374582
2.53829100000619	95.87918874067192
2.53829200000619	95.87774095197834
2.53829300000619	95.87629550866252
2.53829400000619	95.8748524189118
2.5382950000061903	95.87341168102267
2.5382960000061905	95.87197330014044
2.5382970000061906	95.87053726244967
2.5382980000061908	95.86910357919542
2.538299000006191	95.86767224276893
2.538300000006191	95.86624325282988
2.538301000006191	95.86481659988412
2.5383020000061913	95.86339228216771
2.5383030000061915	95.86197028936
2.5383040000061916	95.86055061952862
2.5383050000061917	95.85913324495652
2.538306000006192	95.85771818212508
2.538307000006192	95.85630542306407
2.538308000006192	95.85489496701494
2.5383090000061923	95.8534868070763
2.5383100000061924	95.85208068795293
2.5383110000061926	95.85067686025097
2.5383120000061927	95.84927533072494
2.538313000006193	95.84787609708356
2.538314000006193	95.84647914552131
2.538315000006193	95.84508449602326
2.5383160000061933	95.84369215609992
2.5383170000061934	95.84230212592419
2.5383180000061936	95.84091441393922
2.5383190000061937	95.8395290205926
2.538320000006194	95.83814595413313
2.538321000006194	95.83676521429611
2.538322000006194	95.83538680849745
2.5383230000061943	95.83401073531896
2.5383240000061944	95.83263700054012
2.5383250000061945	95.8312656010018
2.5383260000061947	95.82989654063805
2.538327000006195	95.82852981451285
2.538328000006195	95.82716542479346
2.538329000006195	95.82580336501245
2.5383300000061952	95.82444389707982
2.5383310000061954	95.82308676860077
2.5383320000061955	95.82173196553941
2.5383330000061957	95.82037948036232
2.538334000006196	95.81902931534768
2.538335000006196	95.81768146468288
2.538336000006196	95.81633593257952
2.538337000006196	95.81499270752957
2.5383380000061964	95.81365180438252
2.5383390000061965	95.81231322233928
2.5383400000061966	95.81097696992599
2.538341000006197	95.80964304790808
2.538342000006197	95.80831146571592
2.538343000006197	95.80698222461189
2.538344000006197	95.80565533302207
2.5383450000061973	95.80433079038583
2.5383460000061975	95.80300860327885
2.5383470000061976	95.80168876833368
2.5383480000061978	95.80037102556732
2.538349000006198	95.79905562938393
2.538350000006198	95.79774258195691
2.538351000006198	95.79643188732737
2.5383520000061983	95.79512379691076
2.5383530000061985	95.79381803438629
2.5383540000061986	95.79251459493356
2.5383550000061987	95.7912134668294
2.538356000006199	95.78991438438919
2.538357000006199	95.78861759979655
2.538358000006199	95.78732311561488
2.5383590000061993	95.78603092701576
2.5383600000061994	95.78474103861964
2.5383610000061996	95.78345344117729
2.5383620000061997	95.78216815152015
2.5383630000062	95.78088517177777
2.5383640000062	95.77960451297452
2.5383650000062	95.77832617869674
2.5383660000062003	95.77705018060665
2.5383670000062004	95.77577652186467
2.5383680000062006	95.77450521281145
2.5383690000062007	95.77323625425137
2.538370000006201	95.77196965361621
2.538371000006201	95.77070540845115
2.538372000006201	95.76944352272284
2.5383730000062013	95.76818399059319
2.5383740000062014	95.76692681287368
2.5383750000062015	95.76567198125434
2.5383760000062017	95.764419494677
2.538377000006202	95.76316934375173
2.538378000006202	95.7619215273532
2.538379000006202	95.7606760367811
2.5383800000062022	95.759432872205
2.5383810000062024	95.75819202686552
2.5383820000062025	95.75695350335548
2.5383830000062026	95.7557172975778
2.538384000006203	95.7544834147389
2.538385000006203	95.75325185316096
2.538386000006203	95.75202262011895
2.538387000006203	95.7507957154965
2.5383880000062033	95.74957114771962
2.5383890000062035	95.74834891716708
2.5383900000062036	95.74712903204309
2.5383910000062038	95.74591149210102
2.538392000006204	95.74469630451702
2.538393000006204	95.74348346701746
2.538394000006204	95.74227298580132
2.5383950000062043	95.74106485753138
2.5383960000062045	95.7398590861802
2.5383970000062046	95.73865566703702
2.5383980000062047	95.7374546028561
2.538399000006205	95.7362558880114
2.538400000006205	95.73505952469282
2.538401000006205	95.73386550703022
2.5384020000062053	95.73267383726956
2.5384030000062054	95.73148450981452
2.5384040000062056	95.73029752739586
2.5384050000062057	95.72911378622358
2.538406000006206	95.72793239475004
2.538407000006206	95.72675334547951
2.538408000006206	95.7255766402446
2.5384090000062063	95.72440228122878
2.5384100000062064	95.72323027068643
2.5384110000062066	95.7220606108554
2.5384120000062067	95.72089330385143
2.538413000006207	95.71972835166477
2.538414000006207	95.71856575605973
2.538415000006207	95.71740551844798
2.5384160000062073	95.71624763989556
2.5384170000062074	95.7150921210704
2.5384180000062075	95.71393896213696
2.5384190000062077	95.7127881627492
2.538420000006208	95.71163972198234
2.538421000006208	95.71049363834264
2.538422000006208	95.70934990977015
2.5384230000062082	95.70820853361542
2.5384240000062084	95.70706950676816
2.5384250000062085	95.70593282576193
2.5384260000062087	95.70479848687195
2.538427000006209	95.70366648635449
2.538428000006209	95.70253682072364
2.538429000006209	95.70140948692419
2.538430000006209	95.70028448454931
2.5384310000062094	95.69916181217582
2.5384320000062095	95.69804146748606
2.5384330000062096	95.69692345131897
2.53843400000621	95.69580776576798
2.53843500000621	95.69469441410986
2.53843600000621	95.6935834006623
2.53843700000621	95.69247473052327
2.5384380000062103	95.6913684092528
2.5384390000062105	95.69026444249305
2.5384400000062106	95.68916283561988
2.5384410000062108	95.68806359330387
2.538442000006211	95.6869667191613
2.538443000006211	95.6858722155046
2.538444000006211	95.6847800830594
2.5384450000062113	95.68369032096538
2.5384460000062115	95.68260292686439
2.5384470000062116	95.6815178970142
2.5384480000062117	95.68043522656296
2.538449000006212	95.67935490996211
2.538450000006212	95.67827694145564
2.538451000006212	95.6772013155088
2.5384520000062123	95.67612802722604
2.5384530000062124	95.67505707281448
2.5384540000062126	95.6739884498839
2.5384550000062127	95.67292215764309
2.538456000006213	95.6718581970368
2.538457000006213	95.67079657060877
2.538458000006213	95.66973728229914
2.5384590000062133	95.66868033717778
2.5384600000062134	95.66762574101297
2.5384610000062136	95.66657349981533
2.5384620000062137	95.6655236193423
2.538463000006214	95.66447610464235
2.538464000006214	95.66343095960524
2.538465000006214	95.66238818663814
2.5384660000062143	95.66134778651994
2.5384670000062144	95.66030975829244
2.5384680000062145	95.65927409927214
2.5384690000062147	95.65824080526694
2.538470000006215	95.65720987092548
2.538471000006215	95.65618129005034
2.538472000006215	95.65515505599006
2.5384730000062152	95.65413116212842
2.5384740000062154	95.65310960241581
2.5384750000062155	95.65209037172225
2.5384760000062156	95.65107346610162
2.538477000006216	95.65005888304216
2.538478000006216	95.64904662158493
2.538479000006216	95.64803668238359
2.538480000006216	95.64702906899127
2.5384810000062163	95.64602378473343
2.5384820000062165	95.64502083242482
2.5384830000062166	95.64402021703111
2.5384840000062168	95.64302194380299
2.538485000006217	95.64202601791226
2.538486000006217	95.6410324428612
2.538487000006217	95.64004122266614
2.5384880000062173	95.63905236176134
2.5384890000062175	95.63806586229201
2.5384900000062176	95.6370817253
2.5384910000062177	95.6360999515473
2.538492000006218	95.63512054009091
2.538493000006218	95.634143488469
2.538494000006218	95.63316879434716
2.5384950000062183	95.63219645500365
2.5384960000062184	95.63122646765326
2.5384970000062186	95.6302588295568
2.5384980000062187	95.62929353828795
2.538499000006219	95.62833059188914
2.538500000006219	95.62736998895925
2.538501000006219	95.6264117287087
2.5385020000062193	95.62545581099616
2.5385030000062194	95.62450223626936
2.5385040000062196	95.623551005479
2.5385050000062197	95.62260212001775
2.53850600000622	95.62165558151594
2.53850700000622	95.62071139167435
2.53850800000622	95.61976955214166
2.5385090000062203	95.6188300643353
2.5385100000062204	95.61789292930574
2.5385110000062205	95.6169581476731
2.5385120000062207	95.61602571945002
2.538513000006221	95.61509564403661
2.538514000006221	95.6141679202345
2.538515000006221	95.61324254627428
2.5385160000062212	95.61231951984294
2.5385170000062214	95.61139883812068
2.5385180000062215	95.61048049804508
2.5385190000062217	95.60956449637534
2.538520000006222	95.60865082987073
2.538521000006222	95.6077394955165
2.538522000006222	95.60683049068125
2.538523000006222	95.60592381330713
2.5385240000062224	95.60501946207948
2.5385250000062225	95.60411743657484
2.5385260000062226	95.60321773728177
2.538527000006223	95.60232036573764
2.538528000006223	95.60142532455534
2.538529000006223	95.6005326173046
2.538530000006223	95.59964224837331
2.5385310000062233	95.59875422283245
2.5385320000062235	95.59786854621113
2.5385330000062236	95.59698522417396
2.5385340000062238	95.59610426224329
2.538535000006224	95.59522566556103
2.538536000006224	95.59434943850917
2.538537000006224	95.59347558439386
2.5385380000062243	95.59260410529527
2.5385390000062245	95.59173500185844
2.5385400000062246	95.59086827322267
2.5385410000062247	95.59000391713614
2.538542000006225	95.58914192996662
2.538543000006225	95.58828230684101
2.538544000006225	95.58742504200389
2.5385450000062253	95.58657012921974
2.5385460000062254	95.58571756212568
2.5385470000062256	95.58486733458004
2.5385480000062257	95.5840194411119
2.538549000006226	95.58317387731736
2.538550000006226	95.5823306401174
2.538551000006226	95.58148972793427
2.5385520000062263	95.580651140767
2.5385530000062264	95.57981488024461
2.5385540000062266	95.57898094940437
2.5385550000062267	95.5781493525005
2.538556000006227	95.57732009462238
2.538557000006227	95.57649318258515
2.538558000006227	95.57566862195837
2.5385590000062273	95.57484641658107
2.5385600000062274	95.57402657083496
2.5385610000062275	95.57320908792579
2.5385620000062277	95.57239396980054
2.538563000006228	95.57158121699804
2.538564000006228	95.57077082857533
2.538565000006228	95.56996280232175
2.5385660000062282	95.56915713865615
2.5385670000062284	95.56835383389141
2.5385680000062285	95.56755288029001
2.5385690000062286	95.5667542737004
2.538570000006229	95.56595801064358
2.538571000006229	95.56516408845197
2.538572000006229	95.56437250552953
2.538573000006229	95.5635832616396
2.5385740000062293	95.5627963579054
2.5385750000062295	95.56201180077439
2.5385760000062296	95.56122959366482
2.5385770000062298	95.5604497366801
2.53857800000623	95.55967223450358
2.53857900000623	95.5588970918618
2.53858000000623	95.55812431322667
2.5385810000062303	95.55735390241144
2.5385820000062305	95.5565858621842
2.5385830000062306	95.55582019413072
2.5385840000062307	95.55505689849267
2.538585000006231	95.55429597412548
2.538586000006231	95.55353741862612
2.538587000006231	95.5527812285779
2.5385880000062313	95.55202739982964
2.5385890000062314	95.5512759277725
2.5385900000062316	95.55052680766374
2.5385910000062317	95.54978003503493
2.538592000006232	95.54903560606174
2.538593000006232	95.54829351774163
2.538594000006232	95.54755376802588
2.5385950000062323	95.54681635605886
2.5385960000062324	95.54608128218375
2.5385970000062326	95.54534854771127
2.5385980000062327	95.54461815493033
2.538599000006233	95.54389010693303
2.538600000006233	95.54316440726622
2.538601000006233	95.54244105977514
2.5386020000062333	95.54172006840083
2.5386030000062334	95.54100143694346
2.5386040000062335	95.54028516888164
2.5386050000062337	95.5395712672443
2.538606000006234	95.53885973455122
2.538607000006234	95.53815057274902
2.538608000006234	95.5374437831074
2.5386090000062342	95.53673936632951
2.5386100000062344	95.53603732256921
2.5386110000062345	95.53533765141862
2.5386120000062347	95.53464035186333
2.538613000006235	95.53394542236666
2.538614000006235	95.53325286102704
2.538615000006235	95.53256266555239
2.538616000006235	95.53187483326153
2.5386170000062354	95.5311893612458
2.5386180000062355	95.53050624657543
2.5386190000062356	95.52982548628242
2.5386200000062358	95.52914707757994
2.538621000006236	95.52847101811335
2.538622000006236	95.5277973060913
2.538623000006236	95.52712594040058
2.5386240000062363	95.52645692081401
2.5386250000062365	95.52579024816592
2.5386260000062366	95.52512592425887
2.5386270000062368	95.52446395188576
2.538628000006237	95.52380433473792
2.538629000006237	95.52314707710805
2.538630000006237	95.52249218377752
2.5386310000062373	95.52183965966387
2.5386320000062375	95.52118950939152
2.5386330000062376	95.52054173701764
2.5386340000062377	95.51989634565652
2.538635000006238	95.51925333722555
2.538636000006238	95.51861271230194
2.538637000006238	95.5179744699638
2.5386380000062383	95.51733860785808
2.5386390000062384	95.51670512239228
2.5386400000062386	95.5160740088855
2.5386410000062387	95.51544526198632
2.538642000006239	95.51481887605115
2.538643000006239	95.51419484561461
2.538644000006239	95.51357316586672
2.5386450000062393	95.51295383298822
2.5386460000062394	95.51233684447807
2.5386470000062396	95.5117221993891
2.5386480000062397	95.51110989843714
2.53864900000624	95.51049994386452
2.53865000000624	95.50989233929342
2.53865100000624	95.50928708952056
2.5386520000062403	95.50868420006755
2.5386530000062404	95.50808367667041
2.5386540000062405	95.50748552486534
2.5386550000062407	95.50688974959738
2.538656000006241	95.50629635467715
2.538657000006241	95.50570534320205
2.538658000006241	95.50511671615861
2.5386590000062412	95.50453047227838
2.5386600000062414	95.5039466094385
2.5386610000062415	95.50336512418437
2.5386620000062416	95.50278601211123
2.538663000006242	95.50220926818048
2.538664000006242	95.50163394058964
2.538665000006242	95.501061173874
2.538666000006242	95.5004907532219
2.5386670000062423	95.49992155711102
2.5386680000062425	95.49935473101894
2.5386690000062426	95.49879024843628
2.5386700000062428	95.49822811218942
2.538671000006243	95.49766832617837
2.538672000006243	95.49711089499218
2.538673000006243	95.49655582369815
2.5386740000062433	95.49600311759276
2.5386750000062435	95.49545278189407
2.5386760000062436	95.49490482112331
2.5386770000062437	95.49435923960776
2.538678000006244	95.49381604136352
2.538679000006244	95.4932752291279
2.538680000006244	95.49273680393848
2.5386810000062443	95.49220076656336
2.5386820000062444	95.49166711748683
2.5386830000062446	95.4911358556184
2.5386840000062447	95.49060697919911
2.538685000006245	95.49008048599119
2.538686000006245	95.4895563735175
2.538687000006245	95.48903463937896
2.5386880000062453	95.48851528153253
2.5386890000062454	95.48799829852928
2.5386900000062456	95.48748368983135
2.5386910000062457	95.48697145661355
2.538692000006246	95.48646160045493
2.538693000006246	95.48595412344375
2.538694000006246	95.48544902944256
2.5386950000062463	95.48494632322355
2.5386960000062464	95.4844460102433
2.5386970000062465	95.48394809631567
2.5386980000062467	95.48345258726356
2.538699000006247	95.48295948850485
2.538700000006247	95.48246880398584
2.538701000006247	95.48198053726757
2.5387020000062472	95.48149469122525
2.5387030000062474	95.48101126649634
2.5387040000062475	95.48053026212378
2.5387050000062477	95.48005167557464
2.538706000006248	95.47957550291594
2.538707000006248	95.47910173903057
2.538708000006248	95.47863037793392
2.538709000006248	95.47816141322248
2.5387100000062484	95.47769483844061
2.5387110000062485	95.47723064743602
2.5387120000062486	95.47676883477887
2.5387130000062488	95.4763093960191
2.538714000006249	95.47585232788815
2.538715000006249	95.47539762843519
2.538716000006249	95.47494529699267
2.5387170000062493	95.47449533409937
2.5387180000062495	95.47404774133844
2.5387190000062496	95.47360252105405
2.5387200000062498	95.47315967610822
2.53872100000625	95.4727192095863
2.53872200000625	95.47228114941173
2.53872300000625	95.4718454703882
2.5387240000062503	95.47141217586953
2.5387250000062505	95.47098129280359
2.5387260000062506	95.47055279468636
2.5387270000062507	95.47012668092326
2.538728000006251	95.46970294967507
2.538729000006251	95.46928160017954
2.538730000006251	95.46886263286657
2.5387310000062513	95.4684460482843
2.5387320000062514	95.4680318477375
2.5387330000062516	95.46762003311805
2.5387340000062517	95.4672106068637
2.538735000006252	95.46680357178222
2.538736000006252	95.4663989306784
2.538737000006252	95.46599668610881
2.5387380000062523	95.46559684019894
2.5387390000062524	95.46519939438552
2.5387400000062526	95.46480434919917
2.5387410000062527	95.46441170420535
2.538742000006253	95.46402145801014
2.538743000006253	95.46363360825437
2.538744000006253	95.4632481517528
2.5387450000062532	95.46286508470286
2.5387460000062534	95.46248440292047
2.5387470000062535	95.46210610207474
2.5387480000062537	95.4617301778621
2.538749000006254	95.46135662629527
2.538750000006254	95.46098544384395
2.538751000006254	95.46061662753607
2.5387520000062542	95.46025017506359
2.5387530000062544	95.45988608473428
2.5387540000062545	95.45952435344465
2.5387550000062546	95.45916498075192
2.538756000006255	95.45880796868889
2.538757000006255	95.45845331758353
2.538758000006255	95.45810102804774
2.538759000006255	95.45775110083565
2.5387600000062553	95.45740353689976
2.5387610000062555	95.45705833723537
2.5387620000062556	95.45671550284574
2.5387630000062558	95.45637626018852
2.538764000006256	95.45603937436908
2.538765000006256	95.45570486108564
2.538766000006256	95.4553727215713
2.5387670000062563	95.45504295867795
2.5387680000062565	95.45471557157386
2.5387690000062566	95.454390564461
2.5387700000062567	95.45406793478428
2.538771000006257	95.45374768706351
2.538772000006257	95.4534298173018
2.538773000006257	95.45311432933768
2.5387740000062573	95.45280121801991
2.5387750000062574	95.4524904859786
2.5387760000062576	95.45218212699248
2.5387770000062577	95.45187614252269
2.538778000006258	95.45157252574886
2.538779000006258	95.45127127737138
2.538780000006258	95.45097239025012
2.5387810000062583	95.45067586522217
2.5387820000062584	95.45038169556607
2.5387830000062586	95.45008988308265
2.5387840000062587	95.4498004218566
2.538785000006259	95.4495133150927
2.538786000006259	95.44922855804178
2.538787000006259	95.4489461553966
2.5387880000062593	95.44866610239664
2.5387890000062594	95.44838840570729
2.5387900000062595	95.4481130623042
2.5387910000062597	95.44784007822595
2.53879200000626	95.44756945045955
2.53879300000626	95.44730118455239
2.53879400000626	95.44703527710487
2.5387950000062602	95.44677146311207
2.5387960000062604	95.44651000543868
2.5387970000062605	95.4462509097686
2.5387980000062607	95.445994172077
2.538799000006261	95.44573979527122
2.538800000006261	95.44548777460746
2.538801000006261	95.44523811303144
2.538802000006261	95.4449908057191
2.5388030000062614	95.44474585618053
2.5388040000062615	95.44450326010211
2.5388050000062616	95.44426302195215
2.5388060000062618	95.44402513838092
2.538807000006262	95.44378961502328
2.538808000006262	95.44355644956433
2.538809000006262	95.44332583537047
2.5388100000062623	95.44309758534907
2.5388110000062625	95.44287170583621
2.5388120000062626	95.44264935032571
2.5388130000062628	95.44242936976376
2.538814000006263	95.44221176637102
2.538815000006263	95.4419965432709
2.538816000006263	95.44178370308148
2.5388170000062633	95.44157324780029
2.5388180000062635	95.44136517875087
2.5388190000062636	95.44115949654233
2.5388200000062637	95.44095620102692
2.538821000006264	95.4407552913454
2.538822000006264	95.44055676590939
2.538823000006264	95.4403606224616
2.5388240000062643	95.440166858818
2.5388250000062644	95.43997547168154
2.5388260000062646	95.43978645675178
2.5388270000062647	95.43959981012539
2.538828000006265	95.43941552782611
2.538829000006265	95.43923360594012
2.538830000006265	95.43905404077587
2.5388310000062653	95.43887682900433
2.5388320000062654	95.43870196779416
2.5388330000062656	95.43852945492534
2.5388340000062657	95.43835928881319
2.538835000006266	95.4381914686719
2.538836000006266	95.43802599457833
2.538837000006266	95.437862867384
2.5388380000062662	95.43770208866458
2.5388390000062664	95.4375436606669
2.5388400000062665	95.43738758617499
2.5388410000062667	95.43723386838705
2.538842000006267	95.43708251071659
2.538843000006267	95.43693351655273
2.538844000006267	95.43678688907579
2.5388450000062672	95.43664263106433
2.5388460000062674	95.43650074471748
2.5388470000062675	95.43636123145315
2.5388480000062676	95.43622409186638
2.538849000006268	95.43608932567923
2.538850000006268	95.43595693164247
2.538851000006268	95.4358269077111
2.538852000006268	95.43569925121899
2.5388530000062683	95.43557395897928
2.5388540000062685	95.43545102756914
2.5388550000062686	95.43533045352792
2.5388560000062688	95.4352122336811
2.538857000006269	95.43509636543624
2.538858000006269	95.43498284695134
2.538859000006269	95.43487167731666
2.5388600000062693	95.43476285667752
2.5388610000062695	95.43465638631125
2.5388620000062696	95.43455226856851
2.5388630000062697	95.43445050677305
2.53886400000627	95.43435110493883
2.53886500000627	95.4342540676252
2.53886600000627	95.43415939961731
2.5388670000062703	95.43406710554306
2.5388680000062704	95.43397718960122
2.5388690000062706	95.43388965528315
2.5388700000062707	95.43380450514121
2.538871000006271	95.43372174059442
2.538872000006271	95.4336413619375
2.538873000006271	95.4335633683332
2.5388740000062713	95.4334877578721
2.5388750000062714	95.4334145278071
2.5388760000062716	95.43334367480522
2.5388770000062717	95.43327519608314
2.538878000006272	95.43320908816075
2.538879000006272	95.43314534709981
2.538880000006272	95.43308397040683
2.5388810000062723	95.43302495651466
2.5388820000062724	95.4329683049078
2.5388830000062725	95.43291401620037
2.5388840000062727	95.43286209207999
2.538885000006273	95.43281253519837
2.538886000006273	95.43276534895237
2.538887000006273	95.43272053725113
2.5388880000062732	95.43267810426498
2.5388890000062734	95.43263805400656
2.5388900000062735	95.43260039013464
2.5388910000062737	95.43256511570713
2.538892000006274	95.43253223296855
2.538893000006274	95.43250174327655
2.538894000006274	95.43247364705815
2.538895000006274	95.43244794386574
2.5388960000062744	95.43242463250431
2.5388970000062745	95.43240371119767
2.5388980000062746	95.43238517784836
2.5388990000062748	95.43236903027456
2.538900000006275	95.43235526640863
2.538901000006275	95.43234388456177
2.538902000006275	95.43233488354404
2.5389030000062753	95.43232826280487
2.5389040000062755	95.43232402250956
2.5389050000062756	95.4323221635073
2.5389060000062758	95.43232268726214
2.538907000006276	95.4323255957589
2.538908000006276	95.43233089138432
2.538909000006276	95.43233857679961
2.5389100000062763	95.43234865480528
2.5389110000062765	95.43236112814789
2.5389120000062766	95.43237599943572
2.5389130000062767	95.43239327103127
2.538914000006277	95.43241294503063
2.538915000006277	95.43243502325561
2.538916000006277	95.43245950717049
2.5389170000062773	95.43248639791292
2.5389180000062774	95.43251569638458
2.5389190000062776	95.4325474032327
2.5389200000062777	95.432581518837
2.538921000006278	95.4326180433577
2.538922000006278	95.43265697675851
2.538923000006278	95.4326983187827
2.5389240000062783	95.43274206895657
2.5389250000062784	95.43278822661212
2.5389260000062785	95.43283679088208
2.5389270000062787	95.43288776077213
2.538928000006279	95.43294113520867
2.538929000006279	95.4329969130639
2.538930000006279	95.43305509330027
2.5389310000062792	95.4331156750759
2.5389320000062794	95.43317865778606
2.5389330000062795	95.43324404127549
2.5389340000062797	95.43331182589823
2.53893500000628	95.43338201252399
2.53893600000628	95.43345460254821
2.53893700000628	95.433529598006
2.5389380000062802	95.4336070014772
2.5389390000062804	95.43368681585389
2.5389400000062805	95.43376904430436
2.5389410000062806	95.43385369008755
2.538942000006281	95.43394075633293
2.538943000006281	95.43403024581085
2.538944000006281	95.4341221607647
2.538945000006281	95.43421650276406
2.5389460000062813	95.4343132725005
2.5389470000062815	95.43441246979329
2.5389480000062816	95.43451409357144
2.5389490000062818	95.43461814185217
2.538950000006282	95.43472461196592
2.538951000006282	95.43483350067082
2.538952000006282	95.43494480436824
2.5389530000062823	95.43505851932682
2.5389540000062825	95.43517464199152
2.5389550000062826	95.43529316922492
2.5389560000062827	95.43541409848046
2.538957000006283	95.4355374280601
2.538958000006283	95.43566315717962
2.538959000006283	95.4357912860268
2.5389600000062833	95.43592181580374
2.5389610000062834	95.43605474866314
2.5389620000062836	95.43619008753186
2.5389630000062837	95.43632783590837
2.538964000006284	95.43646799765335
2.538965000006284	95.43661057673923
2.538966000006284	95.4367555769894
2.5389670000062843	95.43690300183326
2.5389680000062844	95.43705285412878
2.5389690000062846	95.43720513593539
2.5389700000062847	95.43735984845664
2.538971000006285	95.43751699201222
2.538972000006285	95.43767656604771
2.538973000006285	95.43783856926692
2.5389740000062853	95.43800299977694
2.5389750000062854	95.43816985527779
2.5389760000062855	95.43833913331213
2.5389770000062857	95.4385108314815
2.538978000006286	95.43868494764567
2.538979000006286	95.43886148016637
2.538980000006286	95.43904042796696
2.5389810000062862	95.43922179066693
2.5389820000062864	95.43940556856283
2.5389830000062865	95.43959175991704
2.5389840000062867	95.43978036615725
2.538985000006287	95.43997139165403
2.538986000006287	95.44016483821068
2.538987000006287	95.44036070746213
2.538988000006287	95.4405590006626
2.5389890000062874	95.44075971850022
2.5389900000062875	95.44096286089116
2.5389910000062876	95.44116842696734
2.5389920000062878	95.44137641504342
2.538993000006288	95.4415868226574
2.538994000006288	95.44179964671487
2.538995000006288	95.44201488373942
2.5389960000062883	95.44223253011394
2.5389970000062885	95.442452582277
2.5389980000062886	95.44267503707653
2.5389990000062888	95.44289989202025
2.539000000006289	95.44312714541596
2.539001000006289	95.44335679651995
2.539002000006289	95.44358884565828
2.5390030000062893	95.44382329416568
2.5390040000062895	95.44406014426778
2.5390050000062896	95.44429939896796
2.5390060000062897	95.44454106182508
2.53900700000629	95.4447851367252
2.53900800000629	95.44503162760827
2.53900900000629	95.44528053817417
2.5390100000062903	95.44553187174036
2.5390110000062904	95.44578563105577
2.5390120000062906	95.44604181814212
2.5390130000062907	95.44630043423062
2.539014000006291	95.4465614797603
2.539015000006291	95.44682495440105
2.539016000006291	95.44709085715414
2.5390170000062913	95.44735918645974
2.5390180000062914	95.44762994029087
2.5390190000062915	95.44790311631124
2.5390200000062917	95.44817871191115
2.539021000006292	95.44845672437914
2.539022000006292	95.44873715100502
2.539023000006292	95.44901998977592
2.5390240000062922	95.44930523813464
2.5390250000062924	95.44959289295203
2.5390260000062925	95.44988295194968
2.5390270000062927	95.45017541316072
2.539028000006293	95.45047027495023
2.539029000006293	95.4507675367783
2.539030000006293	95.45106719791427
2.5390310000062932	95.45136925746938
2.5390320000062934	95.45167371586531
2.5390330000062935	95.45198057418791
2.5390340000062936	95.45228983416132
2.539035000006294	95.45260149812142
2.539036000006294	95.45291556776664
2.539037000006294	95.4532320463358
2.539038000006294	95.45355093841758
2.5390390000062943	95.45387224739221
2.5390400000062945	95.45419597636824
2.5390410000062946	95.45452212798587
2.5390420000062948	95.45485070421557
2.539043000006295	95.45518170609928
2.539044000006295	95.4555151343531
2.539045000006295	95.45585098796741
2.5390460000062953	95.45618926429083
2.5390470000062955	95.45652996047981
2.5390480000062956	95.45687307303345
2.5390490000062957	95.45721859815816
2.539050000006296	95.45756653194933
2.539051000006296	95.45791687079748
2.539052000006296	95.4582696117654
2.5390530000062963	95.45862475277175
2.5390540000062964	95.45898229283594
2.5390550000062966	95.45934223217643
2.5390560000062967	95.45970457222661
2.539057000006297	95.46006931565478
2.539058000006297	95.46043646609871
2.539059000006297	95.46080602783151
2.5390600000062973	95.46117800548078
2.5390610000062974	95.46155240368874
2.5390620000062976	95.4619292267232
2.5390630000062977	95.46230847810631
2.539064000006298	95.46269016123846
2.539065000006298	95.46307427738098
2.539066000006298	95.46346082552911
2.5390670000062983	95.46384980422201
2.5390680000062984	95.46424121074247
2.5390690000062985	95.4646350413616
2.5390700000062987	95.46503129162244
2.539071000006299	95.46542995661983
2.539072000006299	95.46583103137874
2.539073000006299	95.46623451131872
2.5390740000062992	95.46664039252842
2.5390750000062994	95.46704867198578
2.5390760000062995	95.46745913263581
2.5390770000062997	95.46787177189759
2.5390780000063	95.46828680505514
2.5390790000063	95.4687042358577
2.5390800000063	95.46912406791225
2.5390810000063	95.46954630544198
2.5390820000063004	95.46997095300402
2.5390830000063005	95.4703980152757
2.5390840000063006	95.47082749655448
2.5390850000063008	95.4712594004553
2.539086000006301	95.47169372976839
2.539087000006301	95.47213048728186
2.539088000006301	95.47256967377447
2.5390890000063013	95.47301128802714
2.5390900000063015	95.47345532882844
2.5390910000063016	95.47390179421028
2.5390920000063018	95.47435068166945
2.539093000006302	95.4748019883749
2.539094000006302	95.47525571154478
2.539095000006302	95.47571184860674
2.5390960000063023	95.4761703974968
2.5390970000063025	95.47663135682939
2.5390980000063026	95.47709472601186
2.5390990000063027	95.47756050536456
2.539100000006303	95.47802869610966
2.539101000006303	95.47849930031471
2.539102000006303	95.47897232076016
2.5391030000063033	95.47944776081188
2.5391040000063034	95.47992562426522
2.5391050000063036	95.48040591928716
2.5391060000063037	95.48088864988061
2.539107000006304	95.48137381556246
2.539108000006304	95.48186141957015
2.539109000006304	95.48235146458472
2.5391100000063043	95.4828439524744
2.5391110000063044	95.48333888442892
2.5391120000063045	95.48383626086205
2.5391130000063047	95.48433608133416
2.539114000006305	95.48483834466721
2.539115000006305	95.48534304908598
2.539116000006305	95.48585019239202
2.5391170000063052	95.48635977203155
2.5391180000063054	95.48687178526252
2.5391190000063055	95.48738622939929
2.5391200000063057	95.48790310194599
2.539121000006306	95.48842240063888
2.539122000006306	95.48894412361314
2.539123000006306	95.48946826947225
2.5391240000063062	95.48999483726746
2.5391250000063064	95.49052382819369
2.5391260000063065	95.49105524341705
2.5391270000063066	95.49158908175332
2.539128000006307	95.4921253428929
2.539129000006307	95.4926640279163
2.539130000006307	95.49320513804743
2.539131000006307	95.49374867458124
2.5391320000063073	95.4942946387888
2.5391330000063075	95.4948430318493
2.5391340000063076	95.49539385477367
2.5391350000063078	95.49594710830169
2.539136000006308	95.4965027946636
2.539137000006308	95.49706091432363
2.539138000006308	95.49762146564804
2.5391390000063083	95.49818444830885
2.5391400000063085	95.49874986187282
2.5391410000063086	95.49931770577194
2.5391420000063087	95.49988797937738
2.539143000006309	95.50046068201456
2.539144000006309	95.50103581306443
2.539145000006309	95.50161337204702
2.5391460000063093	95.50219335949484
2.5391470000063094	95.50277577544064
2.5391480000063096	95.50336061948512
2.5391490000063097	95.50394789226739
2.53915000000631	95.50453759468995
2.53915100000631	95.505129728026
2.53915200000631	95.50572429372501
2.5391530000063103	95.50632129325867
2.5391540000063104	95.50692072803405
2.5391550000063106	95.50752259938281
2.5391560000063107	95.50812691017174
2.539157000006311	95.50873366100024
2.539158000006311	95.50934285021555
2.539159000006311	95.50995447749145
2.5391600000063113	95.51056854191896
2.5391610000063114	95.51118504212403
2.5391620000063115	95.51180397631786
2.5391630000063117	95.51242534241527
2.539164000006312	95.51304913828099
2.539165000006312	95.51367536180696
2.539166000006312	95.51430401113292
2.5391670000063122	95.51493508484171
2.5391680000063124	95.51556859304263
2.5391690000063125	95.51620453263317
2.5391700000063127	95.51684289382834
2.539171000006313	95.51748368176688
2.539172000006313	95.5181268990237
2.539173000006313	95.51877254869062
2.539174000006313	95.51942063425223
2.5391750000063134	95.52007115928447
2.5391760000063135	95.52072412715286
2.5391770000063136	95.52137954085975
2.5391780000063138	95.52203740274756
2.539179000006314	95.52269771428139
2.539180000006314	95.52336047597674
2.539181000006314	95.52402568734234
2.5391820000063143	95.5246933468739
2.5391830000063145	95.52536345208209
2.5391840000063146	95.52603599977392
2.5391850000063148	95.52671098625112
2.539186000006315	95.52738840756446
2.539187000006315	95.52806825984523
2.539188000006315	95.52875053954573
2.5391890000063153	95.52943524529616
2.5391900000063155	95.53012237500104
2.5391910000063156	95.53081192592872
2.5391920000063157	95.53150389791767
2.539193000006316	95.53219829189425
2.539194000006316	95.5328951096588
2.539195000006316	95.53359434720424
2.5391960000063163	95.53429600724803
2.5391970000063164	95.53500009968698
2.5391980000063166	95.53570662833431
2.5391990000063167	95.53641559633482
2.539200000006317	95.5371270064348
2.539201000006317	95.53784086082841
2.539202000006317	95.53855716099069
2.5392030000063173	95.53927590758336
2.5392040000063174	95.53999710044138
2.5392050000063175	95.54072074027421
2.5392060000063177	95.54144682558604
2.539207000006318	95.54217535273173
2.539208000006318	95.54290631933394
2.539209000006318	95.54363972290587
2.5392100000063182	95.54437556176055
2.5392110000063184	95.54511383353311
2.5392120000063185	95.54585453541699
2.5392130000063187	95.54659766586579
2.539214000006319	95.5473432238034
2.539215000006319	95.54809120875022
2.539216000006319	95.5488416206607
2.5392170000063192	95.54959446003397
2.5392180000063194	95.55034972781888
2.5392190000063195	95.55110742528925
2.5392200000063196	95.55186755401932
2.53922100000632	95.5526301157688
2.53922200000632	95.55339511232013
2.53922300000632	95.55416254534568
2.53922400000632	95.55493241641094
2.5392250000063203	95.55570472692271
2.5392260000063205	95.55647947793011
2.5392270000063206	95.55725667001808
2.5392280000063208	95.55803630336578
2.539229000006321	95.55881837768912
2.539230000006321	95.55960289217622
2.539231000006321	95.5603898454882
2.5392320000063213	95.5611792358446
2.5392330000063215	95.56197106119278
2.5392340000063216	95.56276531897417
2.5392350000063217	95.5635620062522
2.539236000006322	95.56436112021711
2.539237000006322	95.5651626588744
2.539238000006322	95.5659666197001
2.5392390000063223	95.56677299986913
2.5392400000063224	95.5675817978119
2.5392410000063226	95.56839301257634
2.5392420000063227	95.56920664399476
2.539243000006323	95.57002269265779
2.539244000006323	95.57084115995151
2.539245000006323	95.57166204800639
2.5392460000063233	95.57248535950784
2.5392470000063234	95.57331109753727
2.5392480000063236	95.5741392654273
2.5392490000063237	95.5749698665751
2.539250000006324	95.57580290416328
2.539251000006324	95.57663838090129
2.539252000006324	95.57747629880579
2.5392530000063243	95.5783166591425
2.5392540000063244	95.57915946229053
2.5392550000063245	95.58000470760992
2.5392560000063247	95.58085239352796
2.539257000006325	95.58170251765037
2.539258000006325	95.5825550768446
2.539259000006325	95.583410067474
2.5392600000063252	95.58426748563278
2.5392610000063254	95.58512732736027
2.5392620000063255	95.5859895889629
2.5392630000063257	95.58685426724048
2.539264000006326	95.58772135964864
2.539265000006326	95.5885908645608
2.539266000006326	95.5894627813653
2.539267000006326	95.59033711039744
2.5392680000063264	95.59121385300908
2.5392690000063265	95.59209301150885
2.5392700000063266	95.59297458892944
2.5392710000063268	95.59385858879901
2.539272000006327	95.59474501488496
2.539273000006327	95.59563387100505
2.539274000006327	95.59652516068984
2.5392750000063273	95.59741888691495
2.5392760000063275	95.59831505192975
2.5392770000063276	95.59921365707103
2.5392780000063278	95.60011470266055
2.539279000006328	95.60101818793001
2.539280000006328	95.60192411117656
2.539281000006328	95.60283246978837
2.5392820000063283	95.60374326161069
2.5392830000063285	95.604656482968
2.5392840000063286	95.60557212887755
2.5392850000063287	95.6064901956854
2.539286000006329	95.60741068011959
2.539287000006329	95.60833357964499
2.539288000006329	95.60925889263845
2.5392890000063293	95.61018661847336
2.5392900000063294	95.61111675773239
2.5392910000063296	95.61204931203036
2.5392920000063297	95.6129842839187
2.53929300000633	95.61392167676452
2.53929400000633	95.61486149450624
2.53929500000633	95.61580374129575
2.5392960000063303	95.61674842113477
2.5392970000063304	95.61769553774873
2.5392980000063305	95.61864509422215
2.5392990000063307	95.61959709266443
2.539300000006331	95.62055153413496
2.539301000006331	95.62150841867594
2.539302000006331	95.62246774527769
2.5393030000063312	95.62342951194755
2.5393040000063314	95.62439371595175
2.5393050000063315	95.6253603540306
2.5393060000063317	95.62632942270668
2.539307000006332	95.62730091858681
2.539308000006332	95.62827483867186
2.539309000006332	95.62925118059658
2.5393100000063322	95.63022994277681
2.5393110000063324	95.63121112453105
2.5393120000063325	95.63219472613304
2.5393130000063326	95.63318074879412
2.539314000006333	95.63416919452429
2.539315000006333	95.63516006587508
2.539316000006333	95.63615336578503
2.539317000006333	95.63714909738235
2.5393180000063333	95.6381472636212
2.5393190000063335	95.63914786710988
2.5393200000063336	95.64015090996621
2.5393210000063338	95.64115639362375
2.539322000006334	95.64216431891059
2.539323000006334	95.6431746859709
2.539324000006334	95.64418749426018
2.5393250000063343	95.64520274284828
2.5393260000063345	95.64622043048121
2.5393270000063346	95.64724055574928
2.5393280000063347	95.64826311723597
2.539329000006335	95.64928811359398
2.539330000006335	95.65031554379648
2.539331000006335	95.65134540720054
2.5393320000063353	95.65237770353977
2.5393330000063354	95.65341243283042
2.5393340000063356	95.65444959540378
2.5393350000063357	95.65548919188743
2.539336000006336	95.65653122299506
2.539337000006336	95.6575756894716
2.539338000006336	95.65862259210343
2.5393390000063363	95.65967193150735
2.5393400000063364	95.6607237081232
2.5393410000063366	95.66177792230133
2.5393420000063367	95.66283457419932
2.539343000006337	95.66389366388879
2.539344000006337	95.66495519138422
2.539345000006337	95.66601915670987
2.5393460000063373	95.66708555993851
2.5393470000063374	95.66815440124091
2.5393480000063375	95.66922568083275
2.5393490000063377	95.67029939898327
2.539350000006338	95.67137555609533
2.539351000006338	95.67245415257416
2.539352000006338	95.67353518874769
2.5393530000063382	95.67461866486468
2.5393540000063384	95.6757045810231
2.5393550000063385	95.67679293709995
2.5393560000063387	95.67788373280372
2.539357000006339	95.6789769676974
2.539358000006339	95.68007264112501
2.539359000006339	95.68117075242078
2.539360000006339	95.68227130096311
2.5393610000063394	95.68337428626425
2.5393620000063395	95.68447970807354
2.5393630000063396	95.68558756649236
2.5393640000063398	95.68669786203924
2.53936500000634	95.68781059558685
2.53936600000634	95.68892576845607
2.53936700000634	95.69004338229979
2.5393680000063403	95.6911634390565
2.5393690000063405	95.69228594194706
2.5393700000063406	95.69341089299144
2.5393710000063408	95.69453829285995
2.539372000006341	95.69566814297558
2.539373000006341	95.69680044426858
2.539374000006341	95.69793519710906
2.5393750000063413	95.69907240119522
2.5393760000063414	95.70021205553124
2.5393770000063416	95.70135415858164
2.5393780000063417	95.70249870834256
2.539379000006342	95.70364570248377
2.539380000006342	95.70479513853826
2.539381000006342	95.7059470141757
2.5393820000063423	95.70710132739725
2.5393830000063424	95.70825807673405
2.5393840000063426	95.70941726138861
2.5393850000063427	95.71057888126329
2.539386000006343	95.71174293709198
2.539387000006343	95.71290943036587
2.539388000006343	95.71407836326811
2.5393890000063433	95.71524973844939
2.5393900000063434	95.71642355886095
2.5393910000063435	95.71759982756622
2.5393920000063437	95.71877854741551
2.539393000006344	95.71995972095125
2.539394000006344	95.72114335008298
2.539395000006344	95.7223294359305
2.5393960000063442	95.72351797881655
2.5393970000063444	95.72470897811307
2.5393980000063445	95.72590243238687
2.5393990000063447	95.72709833955211
2.539400000006345	95.7282966968606
2.539401000006345	95.72949750109889
2.539402000006345	95.73070074899853
2.5394030000063452	95.73190643746067
2.5394040000063454	95.73311456372386
2.5394050000063455	95.7343251255565
2.5394060000063456	95.73553812142721
2.539407000006346	95.73675355066382
2.539408000006346	95.73797141354613
2.539409000006346	95.73919171124184
2.539410000006346	95.7404144457174
2.5394110000063463	95.74163961966396
2.5394120000063465	95.74286723628076
2.5394130000063466	95.74409729911821
2.5394140000063468	95.74532981180617
2.539415000006347	95.74656477784885
2.539416000006347	95.74780220040218
2.539417000006347	95.74904208208203
2.5394180000063473	95.75028442484304
2.5394190000063475	95.7515292298257
2.5394200000063476	95.75277649733819
2.5394210000063477	95.75402622690915
2.539422000006348	95.75527841734751
2.539423000006348	95.75653306675828
2.539424000006348	95.7577901727748
2.5394250000063483	95.75904973267524
2.5394260000063484	95.76031174358907
2.5394270000063486	95.76157620273295
2.5394280000063487	95.76284310747937
2.539429000006349	95.76411245557695
2.539430000006349	95.76538424527274
2.539431000006349	95.76665847536968
2.5394320000063493	95.76793514530542
2.5394330000063494	95.7692142551217
2.5394340000063496	95.77049580548376
2.5394350000063497	95.77177979758737
2.53943600000635	95.77306623408367
2.53943700000635	95.77435511689178
2.53943800000635	95.77564551395591
2.5394390000063503	95.77693859424097
2.5394400000063504	95.77823506048051
2.5394410000063505	95.77953374918766
2.5394420000063507	95.78083488920834
2.539443000006351	95.78213848314581
2.539444000006351	95.78344359742634
2.539445000006351	95.78475140103347
2.5394460000063512	95.78606259602314
2.5394470000063514	95.78737601551117
2.5394480000063515	95.78869095096564
2.5394490000063517	95.7900085728967
2.539450000006352	95.79132864342589
2.539451000006352	95.7926511672903
2.539452000006352	95.7939770788178
2.539453000006352	95.79530520678539
2.5394540000063524	95.79663484238077
2.5394550000063525	95.797967159639
2.5394560000063526	95.79930309494534
2.5394570000063528	95.80064148216796
2.539458000006353	95.8019823217063
2.539459000006353	95.80332562071472
2.539460000006353	95.80467080195695
2.5394610000063533	95.80601724198915
2.5394620000063535	95.80736551364328
2.5394630000063536	95.80871624250605
2.5394640000063537	95.81006944168544
2.539465000006354	95.81142510514222
2.539466000006354	95.81278322488394
2.539467000006354	95.8141437922317
2.5394680000063543	95.8155067988017
2.5394690000063544	95.81687223735727
2.5394700000063546	95.81824010244631
2.5394710000063547	95.81961039106275
2.539472000006355	95.82098310300142
2.539473000006355	95.82235824085117
2.539474000006355	95.82373580976851
2.5394750000063553	95.82511581710705
2.5394760000063554	95.82649827180536
2.5394770000063556	95.8278831836621
2.5394780000063557	95.82927056257307
2.539479000006356	95.83066041783431
2.539480000006356	95.83205275755263
2.539481000006356	95.83344758807918
2.5394820000063563	95.83484491377209
2.5394830000063564	95.83624473693337
2.5394840000063565	95.8376470578488
2.5394850000063567	95.83905187504196
2.539486000006357	95.84045918568131
2.539487000006357	95.84186898601564
2.539488000006357	95.84328127181207
2.5394890000063572	95.84469603880513
2.5394900000063574	95.84611328304533
2.5394910000063575	95.8475330011214
2.5394920000063577	95.84895519029604
2.539493000006358	95.85037984861347
2.539494000006358	95.85180697474142
2.539495000006358	95.8532365678325
2.5394960000063582	95.85466862736865
2.5394970000063584	95.85610315295669
2.5394980000063585	95.85754014418573
2.5394990000063586	95.85897960053117
2.539500000006359	95.86042152131547
2.539501000006359	95.86186590574975
2.539502000006359	95.86331275305302
2.539503000006359	95.86476206260183
2.5395040000063593	95.86621383409138
2.5395050000063595	95.86766806770162
2.5395060000063596	95.86912476430331
2.5395070000063598	95.87058392540047
2.53950800000636	95.87204555309388
2.53950900000636	95.87350965001384
2.53951000000636	95.8749762190562
2.5395110000063603	95.87644526305056
2.5395120000063605	95.87791678442325
2.5395130000063606	95.87939078482145
2.5395140000063607	95.88086726480688
2.539515000006361	95.88234622365098
2.539516000006361	95.88382765915654
2.539517000006361	95.8853115677214
2.5395180000063613	95.88679794444737
2.5395190000063614	95.88828678344561
2.5395200000063616	95.88977807836689
2.5395210000063617	95.89127182283495
2.539522000006362	95.8927680111013
2.539523000006362	95.89426663861602
2.539524000006362	95.89576770247731
2.5395250000063623	95.89727120182216
2.5395260000063624	95.8987771380138
2.5395270000063626	95.90028551471283
2.5395280000063627	95.90179633756868
2.539529000006363	95.90330961386756
2.539530000006363	95.90482535194687
2.539531000006363	95.90634356043586
2.5395320000063633	95.90786424751906
2.5395330000063634	95.90938742009195
2.5395340000063635	95.91091308310901
2.5395350000063637	95.91244123863908
2.539536000006364	95.9139718862758
2.539537000006364	95.91550502304466
2.539538000006364	95.91704185955156
2.5395390000063642	95.91858120292557
2.5395400000063644	95.92012302744712
2.5395410000063645	95.9216679422893
2.5395420000063647	95.92321531586273
2.539543000006365	95.92476514891061
2.539544000006365	95.92631744339431
2.539545000006365	95.92787155280355
2.539546000006365	95.9294279277303
2.5395470000063654	95.93098774368114
2.5395480000063655	95.9325501320998
2.5395490000063656	95.93411450705764
2.5395500000063658	95.93568123198682
2.539551000006366	95.9372503473518
2.539552000006366	95.93882187965782
2.539553000006366	95.94039583512499
2.5395540000063663	95.94197224070832
2.5395550000063665	95.94355047518032
2.5395560000063666	95.94513101726955
2.5395570000063667	95.94671505838414
2.539558000006367	95.94830174943357
2.539559000006367	95.94989051538589
2.539560000006367	95.95148172270105
2.5395610000063673	95.95307540630323
2.5395620000063674	95.9546715819398
2.5395630000063676	95.95627023869211
2.5395640000063677	95.95787138207457
2.539565000006368	95.95947436862443
2.539566000006368	95.96107965297882
2.539567000006368	95.9626884044111
2.5395680000063683	95.96429975403971
2.5395690000063684	95.96591311363211
2.5395700000063686	95.9675288430486
2.5395710000063687	95.9691469754258
2.539572000006369	95.9707675313548
2.539573000006369	95.97238987962687
2.539574000006369	95.974014675758
2.5395750000063693	95.97564190485865
2.5395760000063694	95.97727157354785
2.5395770000063695	95.97890368595195
2.5395780000063697	95.9805382462117
2.53957900000637	95.98217588791081
2.53958000000637	95.98381597537049
2.53958100000637	95.98545789840107
2.5395820000063702	95.98710230104916
2.5395830000063704	95.98874916406302
2.5395840000063705	95.99039848192982
2.5395850000063707	95.99205025179238
2.539586000006371	95.99370447001581
2.539587000006371	95.99536113426822
2.539588000006371	95.99702024447554
2.5395890000063712	95.99868180009697
2.5395900000063714	96.00034580459847
2.5395910000063715	96.00201225942702
2.5395920000063716	96.00368117001814
2.539593000006372	96.00535253834416
2.539594000006372	96.00702636935198
2.539595000006372	96.00870266366675
2.539596000006372	96.0103814235368
2.5395970000063723	96.012062646949
2.5395980000063725	96.01374633279336
2.5395990000063726	96.01543247642175
2.5396000000063728	96.01712107417528
2.539601000006373	96.01881212046499
2.539602000006373	96.0205056126078
2.539603000006373	96.02220154530798
2.5396040000063733	96.02389991758598
2.5396050000063735	96.02560072865312
2.5396060000063736	96.02730398185165
2.5396070000063737	96.02900968041214
2.539608000006374	96.03071783218216
2.539609000006374	96.03242844385902
2.539610000006374	96.03414152508347
2.5396110000063743	96.035857082954
2.5396120000063744	96.0375751258725
2.5396130000063746	96.03929565788393
2.5396140000063747	96.04101868277804
2.539615000006375	96.04274419888083
2.539616000006375	96.0444722036316
2.539617000006375	96.04620268898093
2.5396180000063753	96.04793564647105
2.5396190000063754	96.04967106341901
2.5396200000063756	96.05140892826904
2.5396210000063757	96.05314922732124
2.539622000006376	96.0548919501522
2.539623000006376	96.05663708635932
2.539624000006376	96.05838463064913
2.5396250000063763	96.06013457908624
2.5396260000063764	96.06188693378748
2.5396270000063765	96.063641698313
2.5396280000063767	96.06539888170293
2.539629000006377	96.06715849331631
2.539630000006377	96.06892054629157
2.539631000006377	96.07068505199314
2.5396320000063772	96.0724520233503
2.5396330000063774	96.07422146912646
2.5396340000063775	96.07599339766247
2.5396350000063777	96.0777678117691
2.539636000006378	96.07954471286637
2.539637000006378	96.08132409649107
2.539638000006378	96.08310595723793
2.539639000006378	96.08489028500274
2.5396400000063784	96.08667707034759
2.5396410000063785	96.0884663010404
2.5396420000063786	96.09025796771833
2.5396430000063788	96.0920520604752
2.539644000006379	96.09384857422204
2.539645000006379	96.09564750466096
2.539646000006379	96.09744885319381
2.5396470000063793	96.0992526224438
2.5396480000063795	96.10105882024703
2.5396490000063796	96.10286745460002
2.5396500000063797	96.10467853705745
2.53965100000638	96.10649207747966
2.53965200000638	96.10830808731143
2.53965300000638	96.11012657463625
2.5396540000063803	96.11194754604236
2.5396550000063804	96.11377100330505
2.5396560000063806	96.11559694694199
2.5396570000063807	96.11742537191513
2.539658000006381	96.11925627238006
2.539659000006381	96.12108963755907
2.539660000006381	96.1229254572923
2.5396610000063813	96.12476371851147
2.5396620000063814	96.1266044106692
2.5396630000063816	96.12844752224379
2.5396640000063817	96.13029304608298
2.539665000006382	96.1321409755537
2.539666000006382	96.13399130938565
2.539667000006382	96.13584404722246
2.5396680000063823	96.13769919403346
2.5396690000063824	96.1395567550508
2.5396700000063825	96.1414167396694
2.5396710000063827	96.14327915611867
2.539672000006383	96.14514401518764
2.539673000006383	96.14701132494638
2.539674000006383	96.14888109443541
2.5396750000063832	96.15075332856425
2.5396760000063834	96.15262803244353
2.5396770000063835	96.15450520654969
2.5396780000063837	96.15638485144132
2.539679000006384	96.15826696355542
2.539680000006384	96.16015154016459
2.539681000006384	96.16203857532369
2.539682000006384	96.16392806597814
2.5396830000063844	96.16582000529485
2.5396840000063845	96.1677143903405
2.5396850000063846	96.16961121695985
2.539686000006385	96.17151048458379
2.539687000006385	96.17341219169766
2.539688000006385	96.17531634023027
2.539689000006385	96.1772229306951
2.5396900000063853	96.17913196645952
2.5396910000063855	96.18104344874958
2.5396920000063856	96.18295738081272
2.5396930000063858	96.1848737629944
2.539694000006386	96.18679259712738
2.539695000006386	96.18871388183851
2.539696000006386	96.1906376172123
2.5396970000063863	96.19256380026579
2.5396980000063865	96.19449242991935
2.5396990000063866	96.19642350279945
2.5397000000063867	96.19835701815863
2.539701000006387	96.20029297371768
2.539702000006387	96.20223137057694
2.539703000006387	96.20417220870414
2.5397040000063873	96.20611549168524
2.5397050000063874	96.20806122200571
2.5397060000063876	96.21000940532932
2.5397070000063877	96.21196004556117
2.539708000006388	96.21391314903443
2.539709000006388	96.21586871921407
2.539710000006388	96.21782676085752
2.5397110000063883	96.21978727503527
2.5397120000063884	96.22175026354992
2.5397130000063886	96.22371572366295
2.5397140000063887	96.22568365327955
2.539715000006389	96.22765404644485
2.539716000006389	96.22962689746652
2.539717000006389	96.23160219939481
2.5397180000063893	96.23357994673272
2.5397190000063894	96.23556013205094
2.5397200000063895	96.23754275233117
2.5397210000063897	96.23952780355995
2.53972200000639	96.24151528618744
2.53972300000639	96.24350520063092
2.53972400000639	96.24549755176363
2.5397250000063902	96.24749234387336
2.5397260000063904	96.24948958492219
2.5397270000063905	96.25148928112752
2.5397280000063907	96.25349144090012
2.539729000006391	96.2554960694795
2.539730000006391	96.2575031727995
2.539731000006391	96.25951275235258
2.539732000006391	96.26152489165612
2.5397330000063914	96.26354077902081
2.5397340000063915	96.26555914491442
2.5397350000063916	96.26757998315412
2.5397360000063918	96.26960329152114
2.539737000006392	96.2716290625021
2.539738000006392	96.27365728765791
2.539739000006392	96.27568795762235
2.5397400000063923	96.27772106299122
2.5397410000063925	96.27975659518968
2.5397420000063926	96.28179454726765
2.5397430000063927	96.28383491468577
2.539744000006393	96.28587769575782
2.539745000006393	96.28792289150965
2.539746000006393	96.2899705057363
2.5397470000063933	96.29202054467933
2.5397480000063934	96.29407301629091
2.5397490000063936	96.29612792933784
2.5397500000063937	96.29818529263738
2.539751000006394	96.3002451142272
2.539752000006394	96.3023074004585
2.539753000006394	96.30437215541572
2.5397540000063943	96.30643938050373
2.5397550000063944	96.30850907439986
2.5397560000063946	96.31058123312914
2.5397570000063947	96.31265585042485
2.539758000006395	96.31473291849281
2.539759000006395	96.31681242869585
2.539760000006395	96.31889437237925
2.5397610000063953	96.3209787418261
2.5397620000063954	96.32306553087481
2.5397630000063955	96.32515473556147
2.5397640000063957	96.32724635444836
2.539765000006396	96.32934038863826
2.539766000006396	96.33143684182413
2.539767000006396	96.33353571984867
2.5397680000063962	96.33563703002619
2.5397690000063964	96.3377407804815
2.5397700000063965	96.33984697947103
2.5397710000063967	96.34195563450714
2.539772000006397	96.34406675179746
2.539773000006397	96.34618033565594
2.539774000006397	96.34829638867906
2.539775000006397	96.35041491072819
2.5397760000063974	96.35253589879886
2.5397770000063975	96.35465934849469
2.5397780000063976	96.35678525405189
2.539779000006398	96.35891360888728
2.539780000006398	96.3610444060732
2.539781000006398	96.36317763907938
2.539782000006398	96.36531330233694
2.5397830000063983	96.36745139151273
2.5397840000063985	96.3695919039633
2.5397850000063986	96.37173483867204
2.5397860000063988	96.37388019616567
2.539787000006399	96.37602797834552
2.539788000006399	96.37817818811558
2.539789000006399	96.38033082894967
2.5397900000063993	96.382485904382
2.5397910000063995	96.3846434176217
2.5397920000063996	96.3868033713386
2.5397930000063997	96.38896576721727
2.5397940000064	96.39113060594737
2.5397950000064	96.39329788739296
2.5397960000064	96.39546761066173
2.5397970000064003	96.39763977444665
2.5397980000064004	96.39981410650272
2.5397990000064006	96.40199061500068
2.5398000000064007	96.40416954109092
2.539801000006401	96.40635085848443
2.539802000006401	96.40853457923721
2.539803000006401	96.41072070077352
2.5398040000064013	96.41290922679985
2.5398050000064014	96.41510016694008
2.5398060000064016	96.41729353603066
2.5398070000064017	96.41948935282535
2.539808000006402	96.42168763826363
2.539809000006402	96.42388841345293
2.539810000006402	96.42609169753283
2.5398110000064023	96.42829750572777
2.5398120000064024	96.43050584772176
2.5398130000064025	96.43271672646492
2.5398140000064027	96.43493013765509
2.539815000006403	96.43714606985185
2.539816000006403	96.43936450517816
2.539817000006403	96.44158542067153
2.5398180000064032	96.4438087900519
2.5398190000064034	96.44603458575426
2.5398200000064035	96.44826278102886
2.5398210000064037	96.45049335192195
2.539822000006404	96.4527262789423
2.539823000006404	96.45496154829588
2.539824000006404	96.45719915255819
2.539825000006404	96.45943909067813
2.5398260000064043	96.46168136756809
2.5398270000064045	96.46392599308669
2.5398280000064046	96.46617315603973
2.5398290000064048	96.46842289040974
2.539830000006405	96.47067484987723
2.539831000006405	96.4729290315833
2.539832000006405	96.47518581331359
2.5398330000064053	96.47744522162114
2.5398340000064055	96.47970689481716
2.5398350000064056	96.4819708123647
2.5398360000064057	96.48423733589361
2.539837000006406	96.4865064764388
2.539838000006406	96.4887778597913
2.539839000006406	96.49105145834581
2.5398400000064063	96.49332763223671
2.5398410000064064	96.49560639510408
2.5398420000064066	96.49788737971318
2.5398430000064067	96.50017056992164
2.539844000006407	96.50245633854624
2.539845000006407	96.50474471267809
2.539846000006407	96.5070353368195
2.5398470000064073	96.50932820290282
2.5398480000064074	96.51162368751777
2.5398490000064076	96.5139218178345
2.5398500000064077	96.5162222335068
2.539851000006408	96.51852491630824
2.539852000006408	96.52083005333606
2.539853000006408	96.52313781479201
2.5398540000064083	96.52544821007945
2.5398550000064084	96.5277608628259
2.5398560000064085	96.5300757433781
2.5398570000064087	96.53239303193558
2.539858000006409	96.53471289724693
2.539859000006409	96.53703535376322
2.539860000006409	96.53936003560274
2.5398610000064092	96.54168692776008
2.5398620000064094	96.54401622818222
2.5398630000064095	96.54634794650278
2.5398640000064097	96.54868209375078
2.53986500000641	96.55101885958018
2.53986600000641	96.55335827468633
2.53986700000641	96.55569998230783
2.53986800000641	96.55804396925848
2.5398690000064104	96.56039042605484
2.5398700000064105	96.56273934590835
2.5398710000064106	96.56509071592207
2.539872000006411	96.56744451867571
2.539873000006411	96.56980073371159
2.539874000006411	96.57215933937768
2.539875000006411	96.57452031496184
2.5398760000064113	96.57688364282647
2.5398770000064115	96.57924931034802
2.5398780000064116	96.58161731147968
2.5398790000064118	96.58398764775389
2.539880000006412	96.58636032858053
2.539881000006412	96.58873537085258
2.539882000006412	96.59111279779873
2.5398830000064123	96.59349263718352
2.5398840000064125	96.59587491909436
2.5398850000064126	96.59825967342654
2.5398860000064127	96.60064692733911
2.539887000006413	96.60303670286929
2.539888000006413	96.60542901497432
2.539889000006413	96.60782387022073
2.5398900000064133	96.61022126615633
2.5398910000064134	96.61262119152755
2.5398920000064136	96.61502362726142
2.5398930000064137	96.61742854806798
2.539894000006414	96.61983592471802
2.539895000006414	96.62224572660357
2.539896000006414	96.62465792438404
2.5398970000064143	96.62707249246557
2.5398980000064144	96.62948941116616
2.5398990000064146	96.63190866836445
2.5399000000064147	96.63433026032578
2.539901000006415	96.63675419181632
2.539902000006415	96.63918047541165
2.539903000006415	96.64160913016399
2.5399040000064153	96.6440401796604
2.5399050000064154	96.64647364964026
2.5399060000064155	96.64890956557272
2.5399070000064157	96.65134795028747
2.539908000006416	96.65378882186617
2.539909000006416	96.65623219201885
2.539910000006416	96.65867806510144
2.5399110000064162	96.66112643788021
2.5399120000064164	96.66357729994397
2.5399130000064165	96.66603063478354
2.5399140000064167	96.66848642146876
2.539915000006417	96.6709446366407
2.539916000006417	96.67340525672954
2.539917000006417	96.67586826007562
2.539918000006417	96.6783336288469
2.5399190000064173	96.68080135060252
2.5399200000064175	96.6832714192043
2.5399210000064176	96.68574383524358
2.5399220000064178	96.68821860581136
2.539923000006418	96.69069574360869
2.539924000006418	96.69317526571992
2.539925000006418	96.6956571919161
2.5399260000064183	96.69814154283335
2.5399270000064185	96.70062833823796
2.5399280000064186	96.70311759540547
2.5399290000064187	96.70560932774919
2.539930000006419	96.7081035439925
2.539931000006419	96.71060024779761
2.539932000006419	96.7130994378548
2.5399330000064193	96.71560110848003
2.5399340000064194	96.71810525049175
2.5399350000064196	96.72061185240702
2.5399360000064197	96.72312090173489
2.53993700000642	96.72563238623205
2.53993800000642	96.72814629503286
2.53993900000642	96.7306626194561
2.5399400000064203	96.73318135348839
2.5399410000064204	96.7357024939817
2.5399420000064206	96.73822604041284
2.5399430000064207	96.74075199438386
2.539944000006421	96.74328035896036
2.539945000006421	96.74581113781697
2.539946000006421	96.74834433445393
2.5399470000064213	96.75087995153132
2.5399480000064214	96.75341799038675
2.5399490000064215	96.7559584507838
2.5399500000064217	96.75850133104147
2.539951000006422	96.76104662840413
2.539952000006422	96.76359433952325
2.539953000006422	96.76614446123958
2.5399540000064222	96.76869699136019
2.5399550000064224	96.77125192934999
2.5399560000064225	96.77380927684074
2.5399570000064227	96.77636903790659
2.539958000006423	96.77893121909369
2.539959000006423	96.78149582902334
2.539960000006423	96.78406287777054
2.539961000006423	96.78663237594147
2.5399620000064234	96.78920433361634
2.5399630000064235	96.79177875926459
2.5399640000064236	96.79435565871117
2.539965000006424	96.7969350343153
2.539966000006424	96.79951688445358
2.539967000006424	96.80210120340377
2.539968000006424	96.80468798159016
2.5399690000064243	96.80727720631496
