2.530103999998383	524.015112111553
2.530105999998383	523.984812604764
2.530107999998383	523.9545929993427
2.5301099999983827	523.924453234715
2.5301119999983825	523.8943932456535
2.5301139999983824	523.864412961798
2.530115999998382	523.8345123078508
2.530117999998382	523.8046912036293
2.530119999998382	523.7749495640762
2.5301219999983817	523.7452872993134
2.5301239999983816	523.7157043360411
2.5301259999983814	523.6862005732238
2.5301279999983812	523.6567758872384
2.530129999998381	523.6274301691861
2.530131999998381	523.5981633056754
2.5301339999983807	523.5689751788599
2.5301359999983806	523.5398656452282
2.5301379999983804	523.5108345796325
2.5301399999983802	523.4818818702703
2.53014199999838	523.4530073816155
2.53014399999838	523.4242109949433
2.5301459999983797	523.3954925644816
2.5301479999983796	523.3668519223456
2.5301499999983794	523.3382889157845
2.5301519999983793	523.30980338808
2.530153999998379	523.2813951783987
2.530155999998379	523.2530641219603
2.5301579999983788	523.2248100500254
2.5301599999983786	523.1966327898773
2.5301619999983784	523.168532164989
2.5301639999983783	523.1405079878596
2.530165999998378	523.1125600753709
2.530167999998378	523.0846882458281
2.5301699999983778	523.0568923077983
2.5301719999983776	523.0291720661661
2.5301739999983774	523.0015273222995
2.5301759999983773	522.9739578740666
2.530177999998377	522.946463515893
2.530179999998377	522.9190440388147
2.530181999998377	522.8916992305319
2.5301839999983766	522.8644288754625
2.5301859999983765	522.8372327547843
2.5301879999983763	522.8101106465333
2.530189999998376	522.783062325597
2.530191999998376	522.7560875637997
2.530193999998376	522.7291861299534
2.5301959999983756	522.7023577899532
2.5301979999983755	522.6756023067502
2.5301999999983753	522.6489194404018
2.530201999998375	522.6223089482107
2.530203999998375	522.5957705847354
2.530205999998375	522.5693041018652
2.5302079999983746	522.542909248844
2.5302099999983745	522.516585772289
2.5302119999983743	522.4903334163317
2.530213999998374	522.464151922625
2.530215999998374	522.4380410303979
2.530217999998374	522.4120004765109
2.5302199999983737	522.38602998989
2.5302219999983735	522.3601293031137
2.5302239999983733	522.3342981517064
2.530225999998373	522.3085362635018
2.530227999998373	522.2828433643186
2.530229999998373	522.2572191778931
2.5302319999983727	522.2316634260046
2.5302339999983725	522.2061758285203
2.5302359999983723	522.1807561033858
2.530237999998372	522.1554039667095
2.530239999998372	522.1301191328147
2.530241999998372	522.1049013142938
2.5302439999983717	522.0797502220604
2.5302459999983715	522.0546655654008
2.5302479999983714	522.0296470520208
2.530249999998371	522.0046943881113
2.530251999998371	521.9798072784047
2.530253999998371	521.954985426209
2.5302559999983707	521.9302285334692
2.5302579999983705	521.9055363008202
2.5302599999983704	521.8809084276397
2.53026199999837	521.8563446120979
2.53026399999837	521.8318445511911
2.53026599999837	521.80740794084
2.5302679999983697	521.7830344759924
2.5302699999983695	521.7587238505115
2.5302719999983694	521.7344757572664
2.530273999998369	521.7102898799643
2.530275999998369	521.6861659109006
2.530277999998369	521.6621035479155
2.5302799999983687	521.6381024807418
2.5302819999983686	521.6141623984217
2.5302839999983684	521.5902829893788
2.5302859999983682	521.5664639414749
2.530287999998368	521.5427049420632
2.530289999998368	521.5190056780441
2.5302919999983677	521.4953658359203
2.5302939999983676	521.4717851018702
2.5302959999983674	521.4482631617631
2.5302979999983672	521.4247997012237
2.530299999998367	521.4013944057131
2.530301999998367	521.3780469605741
2.5303039999983667	521.354757051086
2.5303059999983666	521.3315243625202
2.5303079999983664	521.3083485801992
2.5303099999983663	521.2852293895497
2.530311999998366	521.2621664761634
2.530313999998366	521.2391595258049
2.5303159999983658	521.2162082245688
2.5303179999983656	521.1933122589239
2.5303199999983654	521.1704713156936
2.5303219999983653	521.1476850821508
2.530323999998365	521.1249532460804
2.530325999998365	521.1022754958343
2.5303279999983648	521.0796515203932
2.5303299999983646	521.0570810094237
2.5303319999983644	521.0345636533368
2.5303339999983643	521.0120991433649
2.530335999998364	520.9896871725758
2.530337999998364	520.967327433142
2.530339999998364	520.9450196187211
2.5303419999983636	520.9227634243371
2.5303439999983635	520.9005585461099
2.5303459999983633	520.8784046813174
2.530347999998363	520.8563015284532
2.530349999998363	520.8342487872964
2.530351999998363	520.8122461588974
2.5303539999983626	520.7902933457636
2.5303559999983625	520.7683900518639
2.5303579999983623	520.7465359826373
2.530359999998362	520.7247308451072
2.530361999998362	520.7029743479305
2.530363999998362	520.6812662014369
2.5303659999983616	520.6596061176956
2.5303679999983615	520.6379938105738
2.5303699999983613	520.6164289957942
2.530371999998361	520.5949113909984
2.530373999998361	520.5734407157863
2.530375999998361	520.5520166917861
2.5303779999983607	520.5306390427047
2.5303799999983605	520.509307494388
2.5303819999983603	520.4880217748738
2.53038399999836	520.4667816144462
2.53038599999836	520.4455867456912
2.53038799999836	520.4244369035504
2.5303899999983597	520.4033318253737
2.5303919999983595	520.3822712509448
2.5303939999983593	520.3612549225948
2.530395999998359	520.3402825852479
2.530397999998359	520.3193539864238
2.530399999998359	520.2984688763116
2.5304019999983587	520.2776270078257
2.5304039999983585	520.2568281366539
2.5304059999983584	520.2360720213094
2.530407999998358	520.2153584231797
2.530409999998358	520.1946871065777
2.530411999998358	520.1740578387887
2.5304139999983577	520.1534703901208
2.5304159999983575	520.1329245339521
2.5304179999983574	520.1124200467791
2.530419999998357	520.0919567082636
2.530421999998357	520.0715343012795
2.530423999998357	520.051152611959
2.5304259999983567	520.0308114297391
2.5304279999983565	520.0105105473865
2.5304299999983564	519.9902497610865
2.530431999998356	519.9700288704848
2.530433999998356	519.9498476786844
2.530435999998356	519.9297059923124
2.5304379999983557	519.9096036215693
2.5304399999983556	519.8895403802117
2.5304419999983554	519.8695160857109
2.5304439999983552	519.8495305592887
2.530445999998355	519.8295836258513
2.530447999998355	519.809675114083
2.5304499999983547	519.789804856487
2.5304519999983546	519.7699726894291
2.5304539999983544	519.7501784531704
2.5304559999983542	519.7304219919072
2.530457999998354	519.7107031538142
2.530459999998354	519.6910217910803
2.5304619999983538	519.6713777599465
2.5304639999983536	519.6517709207408
2.5304659999983534	519.6322011379176
2.5304679999983533	519.6126682801122
2.530469999998353	519.593172220131
2.530471999998353	519.5737128350014
2.5304739999983528	519.5542900060286
2.5304759999983526	519.5349036188187
2.5304779999983524	519.5155535633114
2.5304799999983523	519.4962397338021
2.530481999998352	519.4769620289738
2.530483999998352	519.4577203519863
2.5304859999983518	519.438514610423
2.5304879999983516	519.419344716362
2.5304899999983514	519.4002105864101
2.5304919999983513	519.3811121417103
2.530493999998351	519.3620493079793
2.530495999998351	519.3430220155417
2.530497999998351	519.3240301993533
2.5304999999983506	519.3050738014568
2.5305019999983505	519.2861527662765
2.5305039999983503	519.2672670402105
2.53050599999835	519.2484165770181
2.53050799999835	519.2296013351845
2.53050999999835	519.21082127797
2.5305119999983496	519.1920763734322
2.5305139999983495	519.1733665944449
2.5305159999983493	519.1546919187202
2.530517999998349	519.1360523288528
2.530519999998349	519.1174478122606
2.530521999998349	519.0988783612704
2.5305239999983486	519.0803439711594
2.5305259999983485	519.0618446438084
2.5305279999983483	519.0433803885522
2.530529999998348	519.0249512174057
2.530531999998348	519.006557147363
2.530533999998348	518.9881982003895
2.5305359999983477	518.9698744034287
2.5305379999983475	518.951585788411
2.5305399999983473	518.9333323922616
2.530541999998347	518.9151142569069
2.530543999998347	518.8969314292788
2.530545999998347	518.8787839613174
2.5305479999983467	518.8606719099771
2.5305499999983465	518.8425953372245
2.5305519999983463	518.8245543100404
2.530553999998346	518.8065489004186
2.530555999998346	518.7885791853636
2.530557999998346	518.7706452468867
2.5305599999983457	518.7527471720016
2.5305619999983455	518.7348850527186
2.5305639999983454	518.7170589860374
2.530565999998345	518.6992690739481
2.530567999998345	518.681515423401
2.530569999998345	518.6637981462965
2.5305719999983447	518.6461173594935
2.5305739999983445	518.6284731847838
2.5305759999983444	518.6108657488155
2.530577999998344	518.5932951832065
2.530579999998344	518.5757616245143
2.530581999998344	518.5582652141085
2.5305839999983437	518.5408060982037
2.5305859999983435	518.5233844278408
2.5305879999983434	518.5060003588655
2.530589999998343	518.4886540519044
2.530591999998343	518.4713456723399
2.530593999998343	518.4540753902862
2.5305959999983427	518.4368433805608
2.5305979999983426	518.4196498226584
2.5305999999983424	518.4024949007193
2.5306019999983422	518.3853788035028
2.530603999998342	518.3683017243538
2.530605999998342	518.3512638611717
2.5306079999983417	518.3342654163766
2.5306099999983416	518.3173065940647
2.5306119999983414	518.300387605971
2.5306139999983412	518.2835086703601
2.530615999998341	518.2666700073613
2.530617999998341	518.2498718414786
2.5306199999983408	518.2331144015308
2.5306219999983406	518.2163979205905
2.5306239999983404	518.1997226359571
2.5306259999983403	518.1830887891157
2.53062799999834	518.1664966256959
2.53062999999834	518.1499463954316
2.5306319999983398	518.1334383521171
2.5306339999983396	518.1169727535657
2.5306359999983394	518.1005498615673
2.5306379999983393	518.0841699418421
2.530639999998339	518.0678332639992
2.530641999998339	518.0515401014904
2.5306439999983388	518.0352907315673
2.5306459999983386	518.0190854351522
2.5306479999983384	518.0029244969609
2.5306499999983383	517.9868082054444
2.530651999998338	517.9707368525951
2.530653999998338	517.9547107339744
2.530655999998338	517.9387301486678
2.5306579999983376	517.9227953992389
2.5306599999983375	517.9069067916823
2.5306619999983373	517.8910646353778
2.530663999998337	517.8752692430434
2.530665999998337	517.8595209306893
2.530667999998337	517.8438200175522
2.5306699999983366	517.8281668260881
2.5306719999983365	517.8125616819196
2.5306739999983363	517.7970049137604
2.530675999998336	517.7814968533839
2.530677999998336	517.7660378355783
2.530679999998336	517.7506281980999
2.5306819999983357	517.7352682816281
2.5306839999983355	517.7199584297299
2.5306859999983353	517.704698988793
2.530687999998335	517.6894903079873
2.530689999998335	517.6743327392336
2.530691999998335	517.6592266371515
2.5306939999983347	517.6441723628595
2.5306959999983345	517.6291702741267
2.5306979999983343	517.6142207324472
2.530699999998334	517.5993241021039
2.530701999998334	517.5844807505517
2.530703999998334	517.5696910476884
2.5307059999983337	517.5549553658085
2.5307079999983335	517.540274079553
2.5307099999983333	517.5256475658866
2.530711999998333	517.5110762040572
2.530713999998333	517.496560375534
2.530715999998333	517.4821004639794
2.5307179999983327	517.4676968552058
2.5307199999983325	517.4533499371375
2.5307219999983324	517.4390600997701
2.530723999998332	517.4248277351281
2.530725999998332	517.4106532372359
2.530727999998332	517.3965370020686
2.5307299999983317	517.3824794275147
2.5307319999983315	517.3684809133398
2.5307339999983314	517.3545418611379
2.530735999998331	517.3406626743221
2.530737999998331	517.3268437580667
2.530739999998331	517.3130855192524
2.5307419999983307	517.2993883664542
2.5307439999983306	517.2857527098946
2.5307459999983304	517.2721789614071
2.5307479999983302	517.2586675343972
2.53074999999833	517.2452188438044
2.53075199999833	517.2318333060654
2.5307539999983297	517.2185113390772
2.5307559999983296	517.2052533621548
2.5307579999983294	517.1920597959977
2.5307599999983292	517.1789310626482
2.530761999998329	517.1658675854551
2.530763999998329	517.1528697890354
2.5307659999983287	517.1399380992333
2.5307679999983286	517.127072943083
2.5307699999983284	517.1142747487688
2.5307719999983282	517.1015439455938
2.530773999998328	517.0888809639223
2.530775999998328	517.0762862351427
2.5307779999983278	517.063760191639
2.5307799999983276	517.0513032667442
2.5307819999983274	517.0389158946989
2.5307839999983273	517.0265985106082
2.530785999998327	517.0143515504006
2.530787999998327	517.0021754507845
2.5307899999983268	516.9900706492053
2.5307919999983266	516.9780375838137
2.5307939999983264	516.9660766933962
2.5307959999983263	516.954188417333
2.530797999998326	516.9423731956314
2.530799999998326	516.9306314687617
2.530801999998326	516.9189636775947
2.5308039999983256	516.9073702634589
2.5308059999983255	516.8958516680742
2.5308079999983253	516.8844083335209
2.530809999998325	516.8730407021254
2.530811999998325	516.8617492164523
2.530813999998325	516.8505343192361
2.5308159999983246	516.8393964533282
2.5308179999983245	516.8283360616684
2.5308199999983243	516.8173535872234
2.530821999998324	516.8064494729209
2.530823999998324	516.7956241616284
2.530825999998324	516.7848780961011
2.5308279999983236	516.7742117188814
2.5308299999983235	516.7636254722858
2.5308319999983233	516.7531197983398
2.530833999998323	516.742695138707
2.530835999998323	516.7323519346663
2.530837999998323	516.7220906270646
2.5308399999983227	516.7119116562168
2.5308419999983225	516.7018154618413
2.5308439999983223	516.6918024830653
2.530845999998322	516.6818731583627
2.530847999998322	516.6720279254421
2.530849999998322	516.6622672212028
2.5308519999983217	516.6525914817033
2.5308539999983215	516.6430011421143
2.5308559999983213	516.6334966366182
2.530857999998321	516.6240783983719
2.530859999998321	516.6147468594472
2.530861999998321	516.6055024507726
2.5308639999983207	516.5963456022569
2.5308659999983205	516.5872767423435
2.5308679999983204	516.5782962980219
2.53086999999832	516.5694046950541
2.53087199999832	516.560602357768
2.53087399999832	516.5518897089904
2.5308759999983197	516.5432671699971
2.5308779999983195	516.5347351604499
2.5308799999983194	516.5262940983363
2.530881999998319	516.517944399914
2.530883999998319	516.509686479653
2.530885999998319	516.5015207501737
2.5308879999983187	516.4934476221918
2.5308899999983185	516.4854675044606
2.5308919999983184	516.477580803714
2.530893999998318	516.4697879246091
2.530895999998318	516.4620892696709
2.530897999998318	516.4544852392361
2.5308999999983177	516.4469762313884
2.5309019999983176	516.439562641923
2.5309039999983174	516.432244865839
2.5309059999983172	516.4250232974099
2.530907999998317	516.4178983194328
2.530909999998317	516.4108703189618
2.5309119999983167	516.4039396794956
2.5309139999983166	516.3971067819181
2.5309159999983164	516.3903720044439
2.5309179999983162	516.3837357299839
2.530919999998316	516.3771983308403
2.530921999998316	516.3707601698259
2.5309239999983157	516.3644216139594
2.5309259999983156	516.3581830274615
2.5309279999983154	516.352044771555
2.5309299999983152	516.3460072044705
2.530931999998315	516.3400706813912
2.530933999998315	516.3342355544379
2.5309359999983148	516.3285021726261
2.5309379999983146	516.322870881809
2.5309399999983144	516.3173420246428
2.5309419999983143	516.3119159444273
2.530943999998314	516.3065929757455
2.530945999998314	516.3013734490801
2.5309479999983138	516.2962576939689
2.5309499999983136	516.2912460366304
2.5309519999983134	516.2863387999048
2.5309539999983133	516.2815363032252
2.530955999998313	516.2768388625716
2.530957999998313	516.2722467904908
2.530959999998313	516.2677603960789
2.5309619999983126	516.2633799849144
2.5309639999983125	516.2591058590627
2.5309659999983123	516.2549383170609
2.530967999998312	516.2508776539055
2.530969999998312	516.246924161041
2.530971999998312	516.243078126348
2.5309739999983116	516.2393398341396
2.5309759999983115	516.2357095652203
2.5309779999983113	516.23218759675
2.530979999998311	516.2287742023192
2.530981999998311	516.2254696519312
2.530983999998311	516.2222742119616
2.5309859999983106	516.2191881452802
2.5309879999983105	516.2162117111991
2.5309899999983103	516.2133451654879
2.53099199999831	516.2105887603832
2.53099399999831	516.2079427446066
2.53099599999831	516.2054073633818
2.5309979999983097	516.2029828584558
2.5309999999983095	516.200669468122
2.5310019999983093	516.1984674272469
2.531003999998309	516.1963769672958
2.531005999998309	516.1943983163683
2.531007999998309	516.1925316992321
2.5310099999983087	516.1907773373548
2.5310119999983085	516.1891354351085
2.5310139999983083	516.1876062220971
2.531015999998308	516.1861899091394
2.531017999998308	516.1848867057175
2.531019999998308	516.1836968166266
2.5310219999983077	516.1826204452586
2.5310239999983075	516.1816578017931
2.5310259999983074	516.1808090701782
2.531027999998307	516.1800744457508
2.531029999998307	516.1794541195937
2.531031999998307	516.1789482799961
2.5310339999983067	516.1785571125768
2.5310359999983065	516.1782808003461
2.5310379999983064	516.1781195237853
2.531039999998306	516.178073460848
2.531041999998306	516.1781427871766
2.531043999998306	516.1783276761489
2.5310459999983057	516.178628298855
2.5310479999983055	516.179044824226
2.5310499999983054	516.1795774191851
2.531051999998305	516.180226248608
2.531053999998305	516.1809914752604
2.531055999998305	516.1818732602969
2.5310579999983047	516.1828717632758
2.5310599999983046	516.1839871419787
2.5310619999983044	516.1852195526362
2.5310639999983042	516.1865691500025
2.531065999998304	516.188036087506
2.531067999998304	516.189620517347
2.5310699999983037	516.1913225904005
2.5310719999983036	516.193142456538
2.5310739999983034	516.1950802647627
2.5310759999983032	516.1971361631028
2.531077999998303	516.1993102987982
2.531079999998303	516.2016028184004
2.5310819999983027	516.2040138678698
2.5310839999983026	516.2065435926736
2.5310859999983024	516.2091921378819
2.5310879999983023	516.2119596482753
2.531089999998302	516.2148462684161
2.531091999998302	516.2178521427551
2.5310939999983018	516.2209774157545
2.5310959999983016	516.2242222319798
2.5310979999983014	516.2275867495872
2.5310999999983013	516.231071112543
2.531101999998301	516.2346754538333
2.531103999998301	516.2383999192512
2.5311059999983008	516.2422446552761
2.5311079999983006	516.246209808948
2.5311099999983004	516.2502955280376
2.5311119999983003	516.2545019611323
2.5311139999983	516.258829257722
2.5311159999983	516.2632775689356
2.5311179999983	516.2678470463023
2.5311199999982996	516.272537841854
2.5311219999982995	516.2773501096572
2.5311239999982993	516.2822840048954
2.531125999998299	516.2873396839698
2.531127999998299	516.2925173048568
2.531129999998299	516.2978170270313
2.5311319999982986	516.3032390114989
2.5311339999982985	516.3087834209083
2.5311359999982983	516.3144504196017
2.531137999998298	516.3202401736295
2.531139999998298	516.3261528508147
2.531141999998298	516.3321886206814
2.5311439999982976	516.3383476547552
2.5311459999982975	516.344630126578
2.5311479999982973	516.3510362115301
2.531149999998297	516.3575660869639
2.531151999998297	516.3642199322436
2.531153999998297	516.3709979287735
2.5311559999982967	516.3779002600129
2.5311579999982965	516.3849271115005
2.5311599999982963	516.3920786708386
2.531161999998296	516.3993551277699
2.531163999998296	516.4067566741567
2.531165999998296	516.4142835039186
2.5311679999982957	516.4219358131011
2.5311699999982955	516.4297137999423
2.5311719999982953	516.4376176648013
2.531173999998295	516.445647610077
2.531175999998295	516.4538038401106
2.531177999998295	516.4620865614139
2.5311799999982947	516.4704959825249
2.5311819999982945	516.4790323139854
2.5311839999982944	516.4876957683101
2.531185999998294	516.4964865598486
2.531187999998294	516.5054049049571
2.531189999998294	516.5144510219449
2.5311919999982937	516.5236251308359
2.5311939999982935	516.5329274534147
2.5311959999982934	516.5423582131752
2.531197999998293	516.5519176352648
2.531199999998293	516.5616059464229
2.531201999998293	516.57142337492
2.5312039999982927	516.5813701504891
2.5312059999982925	516.5914465046968
2.5312079999982924	516.6016526699847
2.531209999998292	516.611988879626
2.531211999998292	516.6224553684713
2.531213999998292	516.6330523724663
2.5312159999982917	516.6437801285583
2.5312179999982916	516.6546388746077
2.5312199999982914	516.6656288493003
2.5312219999982912	516.676750291999
2.531223999998291	516.688003442761
2.531225999998291	516.6993885422363
2.5312279999982907	516.7109058314678
2.5312299999982906	516.7225555518597
2.5312319999982904	516.7343379450317
2.5312339999982902	516.7462532526711
2.53123599999829	516.7583017165465
2.53123799999829	516.770483578426
2.5312399999982897	516.7827990798377
2.5312419999982896	516.7952484620232
2.5312439999982894	516.8078319657973
2.5312459999982893	516.8205498314433
2.531247999998289	516.8334022986131
2.531249999998289	516.8463896061334
2.5312519999982888	516.8595119879877
2.5312539999982886	516.8727696824589
2.5312559999982884	516.8861629289597
2.5312579999982883	516.8996919615363
2.531259999998288	516.9133570145574
2.531261999998288	516.9271583198723
2.5312639999982878	516.9410961069174
2.5312659999982876	516.9551706043994
2.5312679999982874	516.9693820392646
2.5312699999982873	516.9837306364697
2.531271999998287	516.9982166188825
2.531273999998287	517.012840207287
2.531275999998287	517.0276016201901
2.5312779999982866	517.0425010737147
2.5312799999982865	517.057538781593
2.5312819999982863	517.0727149548001
2.531283999998286	517.0880298015384
2.531285999998286	517.1034835272831
2.531287999998286	517.1190763345492
2.5312899999982856	517.1348084228083
2.5312919999982855	517.1506799883621
2.5312939999982853	517.1666912242567
2.531295999998285	517.1828423201538
2.531297999998285	517.1991334625061
2.531299999998285	517.2155648349872
2.5313019999982846	517.2321366161533
2.5313039999982845	517.248848980229
2.5313059999982843	517.2657020985426
2.531307999998284	517.2826961384599
2.531309999998284	517.299831263282
2.531311999998284	517.3171076321712
2.5313139999982837	517.3345254000187
2.5313159999982835	517.3520847174258
2.5313179999982833	517.3697857306595
2.531319999998283	517.3876285814672
2.531321999998283	517.4056134070432
2.531323999998283	517.4237403399522
2.5313259999982827	517.4420095080562
2.5313279999982825	517.4604210344444
2.5313299999982823	517.4789750373643
2.531331999998282	517.4976716301251
2.531333999998282	517.5165109209136
2.531335999998282	517.535493013089
2.5313379999982817	517.5546180050959
2.5313399999982815	517.5738859900401
2.5313419999982814	517.5932970552542
2.531343999998281	517.6128512834207
2.531345999998281	517.6325487524678
2.531347999998281	517.6523895344353
2.5313499999982807	517.6723736959832
2.5313519999982805	517.6925012983584
2.5313539999982804	517.7127723941912
2.53135599999828	517.7331870341867
2.53135799999828	517.7537452658363
2.53135999999828	517.7744471284151
2.5313619999982797	517.7952926555828
2.5313639999982795	517.8162818754024
2.5313659999982794	517.8374148103221
2.531367999998279	517.8586914771583
2.531369999998279	517.88011188708
2.531371999998279	517.9016760455967
2.5313739999982787	517.9233839534253
2.5313759999982786	517.9452356053218
2.5313779999982784	517.9672309905221
2.5313799999982782	517.9893700917617
2.531381999998278	518.0116528834145
2.531383999998278	518.0340793372714
2.5313859999982777	518.0566494191027
2.5313879999982776	518.079363089001
2.5313899999982774	518.102220301337
2.5313919999982772	518.1252210048893
2.531393999998277	518.1483651428734
2.531395999998277	518.1716526456601
2.5313979999982767	518.1950834505964
2.5313999999982766	518.2186574953954
2.5314019999982764	518.2423746907788
2.5314039999982763	518.2662349374374
2.531405999998276	518.2902381446988
2.531407999998276	518.314384232923
2.5314099999982758	518.3386731006851
2.5314119999982756	518.3631046413564
2.5314139999982754	518.3876787429119
2.5314159999982753	518.4123952879769
2.531417999998275	518.4372541538511
2.531419999998275	518.4622552125368
2.5314219999982748	518.4873983308016
2.5314239999982746	518.5126833702066
2.5314259999982744	518.5381101871335
2.5314279999982743	518.5636786328319
2.531429999998274	518.5893885534625
2.531431999998274	518.6152397901462
2.531433999998274	518.6412321789935
2.5314359999982736	518.6673655511404
2.5314379999982735	518.6936397328275
2.5314399999982733	518.7200545454356
2.531441999998273	518.7466098055072
2.531443999998273	518.7733053248045
2.531445999998273	518.8001409103853
2.5314479999982726	518.8271163646158
2.5314499999982725	518.8542314852305
2.5314519999982723	518.8814860653856
2.531453999998272	518.9088798936831
2.531455999998272	518.9364127542453
2.531457999998272	518.9640844267558
2.5314599999982716	518.9918946865043
2.5314619999982715	519.0198433043923
2.5314639999982713	519.047930047066
2.531465999998271	519.0761546769663
2.531467999998271	519.1045169522844
2.531469999998271	519.1330166270423
2.5314719999982707	519.161653451165
2.5314739999982705	519.1904271705247
2.5314759999982703	519.2193375269615
2.53147799999827	519.2483842583662
2.53147999999827	519.2775670986648
2.53148199999827	519.3068857778849
2.5314839999982697	519.3363400222108
2.5314859999982695	519.3659295540396
2.5314879999982693	519.3956540920112
2.531489999998269	519.4255133510743
2.531491999998269	519.4555070424492
2.531493999998269	519.4856348736728
2.5314959999982687	519.5158965487108
2.5314979999982685	519.5462917679538
2.5314999999982684	519.5768202282571
2.531501999998268	519.6074816229685
2.531503999998268	519.638275641964
2.531505999998268	519.6692019716944
2.5315079999982677	519.7002602951519
2.5315099999982675	519.7314502920079
2.5315119999982674	519.7627716385425
2.531513999998267	519.7942240112449
2.531515999998267	519.8258070796032
2.531517999998267	519.8575205066408
2.5315199999982667	519.889363955523
2.5315219999982665	519.921337086197
2.5315239999982664	519.9534395553645
2.531525999998266	519.985671016517
2.531527999998266	520.0180311200012
2.531529999998266	520.0505195130122
2.5315319999982657	520.0831358395626
2.5315339999982656	520.1158797406017
2.5315359999982654	520.1487508539976
2.5315379999982652	520.1817488144917
2.531539999998265	520.214873253743
2.531541999998265	520.2481238003394
2.5315439999982647	520.2815000798068
2.5315459999982646	520.3150017146469
2.5315479999982644	520.348628324285
2.5315499999982642	520.3823795250912
2.531551999998264	520.4162549304234
2.531553999998264	520.4502541506121
2.5315559999982638	520.4843767929632
2.5315579999982636	520.5186224617906
2.5315599999982634	520.5529907583561
2.5315619999982633	520.5874812808814
2.531563999998263	520.6220936245937
2.531565999998263	520.6568273817024
2.5315679999982628	520.691682141397
2.5315699999982626	520.726657489838
2.5315719999982624	520.7617530101661
2.5315739999982623	520.7969682825056
2.531575999998262	520.8323028839244
2.531577999998262	520.867756388477
2.5315799999982618	520.9033283671757
2.5315819999982616	520.9390183879847
2.5315839999982614	520.9748260158087
2.5315859999982613	521.0107508124892
2.531587999998261	521.0467923368052
2.531589999998261	521.0829501444731
2.531591999998261	521.1192237881197
2.5315939999982606	521.1556128172824
2.5315959999982605	521.1921167784024
2.5315979999982603	521.2287352148131
2.53159999999826	521.2654676667339
2.53160199999826	521.3023136712599
2.53160399999826	521.3392727623524
2.5316059999982596	521.3763444710017
2.5316079999982595	521.4135283248651
2.5316099999982593	521.4508238482796
2.531611999998259	521.4882305625727
2.531613999998259	521.5257479858903
2.531615999998259	521.5633756331843
2.5316179999982587	521.6011130162017
2.5316199999982585	521.6389596434752
2.5316219999982583	521.6769150203058
2.531623999998258	521.7149786487612
2.531625999998258	521.753150027673
2.531627999998258	521.7914286526048
2.5316299999982577	521.8298140158586
2.5316319999982575	521.868305606448
2.5316339999982573	521.906902909939
2.531635999998257	521.9456054087585
2.531637999998257	521.9844125821561
2.531639999998257	522.0233239059097
2.5316419999982567	522.0623388524616
2.5316439999982565	522.1014568909028
2.5316459999982563	522.1406774869655
2.531647999998256	522.1800001030077
2.531649999998256	522.2194241979955
2.531651999998256	522.2589492288264
2.5316539999982557	522.2985746467735
2.5316559999982555	522.3382999004059
2.5316579999982554	522.3781244347532
2.531659999998255	522.4180476916827
2.531661999998255	522.4580691096052
2.531663999998255	522.4981881234604
2.5316659999982547	522.5384041646981
2.5316679999982545	522.5787166612761
2.5316699999982544	522.619125037656
2.531671999998254	522.6596287147634
2.531673999998254	522.700227109972
2.531675999998254	522.7409196371214
2.5316779999982537	522.7817057064804
2.5316799999982535	522.8225847247494
2.5316819999982534	522.863556095055
2.531683999998253	522.9046192169004
2.531685999998253	522.9457734861581
2.531687999998253	522.9870182950688
2.5316899999982527	523.0283530321851
2.5316919999982526	523.0697770824354
2.5316939999982524	523.1112898271399
2.5316959999982522	523.15289064386
2.531697999998252	523.1945789064545
2.531699999998252	523.2363539850472
2.5317019999982517	523.2782152460262
2.5317039999982516	523.3201620520293
2.5317059999982514	523.3621937619224
2.5317079999982512	523.4043097307099
2.531709999998251	523.446509309682
2.531711999998251	523.4887918463332
2.5317139999982508	523.531156684304
2.5317159999982506	523.5736031633558
2.5317179999982504	523.6161306193587
2.5317199999982503	523.6587383843464
2.53172199999825	523.7014257864719
2.53172399999825	523.7441921499518
2.5317259999982498	523.7870367950761
2.5317279999982496	523.8299590381923
2.5317299999982494	523.8729581916872
2.5317319999982493	523.9160335639828
2.531733999998249	523.9591844595184
2.531735999998249	524.0024101787252
2.531737999998249	524.04571001803
2.5317399999982486	524.0890832698447
2.5317419999982484	524.1325292225333
2.5317439999982483	524.1760471604805
2.531745999998248	524.2196363639376
2.531747999998248	524.263296109021
2.531749999998248	524.307025667835
2.5317519999982476	524.3508243084046
2.5317539999982475	524.3946912946449
2.5317559999982473	524.4386258863653
2.531757999998247	524.4826273392606
2.531759999998247	524.5266949049054
2.531761999998247	524.5708278307469
2.5317639999982466	524.6150253601029
2.5317659999982465	524.6592867321566
2.5317679999982463	524.7036111819535
2.531769999998246	524.7479979404013
2.531771999998246	524.7924462342642
2.531773999998246	524.8369552861411
2.5317759999982457	524.8815243145184
2.5317779999982455	524.9261525337962
2.5317799999982453	524.970839154218
2.531781999998245	525.0155833819451
2.531783999998245	525.0603844189409
2.531785999998245	525.1052414630175
2.5317879999982447	525.1501537079442
2.5317899999982445	525.1951203434006
2.5317919999982443	525.2401405549803
2.531793999998244	525.2852135242159
2.531795999998244	525.3303384286033
2.531797999998244	525.3755144415761
2.5317999999982437	525.4207407342863
2.5318019999982435	525.4660164719685
2.5318039999982433	525.5113408146165
2.531805999998243	525.556712919676
2.531807999998243	525.6021319406726
2.531809999998243	525.6475970272693
2.5318119999982427	525.6931073252202
2.5318139999982425	525.7386619764337
2.5318159999982424	525.7842601178859
2.531817999998242	525.8299008830611
2.531819999998242	525.8755834046135
2.531821999998242	525.9213068094421
2.5318239999982417	525.9670702206495
2.5318259999982415	526.0128727576872
2.5318279999982414	526.058713536422
2.531829999998241	526.1045916691298
2.531831999998241	526.1505062645606
2.531833999998241	526.1964564279829
2.5318359999982407	526.2424412612302
2.5318379999982406	526.2884598626675
2.5318399999982404	526.3345113274062
2.5318419999982402	526.3805947473219
2.53184399999824	526.4267092109986
2.53184599999824	526.4728538038252
2.5318479999982397	526.5190276080726
2.5318499999982396	526.5652297029469
2.5318519999982394	526.611459164646
2.5318539999982392	526.6577150664004
2.531855999998239	526.703996478575
2.531857999998239	526.7503024687511
2.5318599999982387	526.796632101748
2.5318619999982386	526.8429844396892
2.5318639999982384	526.8893585421355
2.5318659999982382	526.9357534660513
2.531867999998238	526.9821682659496
2.531869999998238	527.0286019939664
2.5318719999982378	527.0750536999384
2.5318739999982376	527.1215224314769
2.5318759999982374	527.1680072340625
2.5318779999982373	527.2145071511022
2.531879999998237	527.2610212240319
2.531881999998237	527.3075484924409
2.5318839999982368	527.3540879940837
2.5318859999982366	527.4006387650026
2.5318879999982364	527.447199839652
2.5318899999982363	527.4937702509627
2.531891999998236	527.540349030485
2.531893999998236	527.5869352087201
2.531895999998236	527.6335278147129
2.5318979999982356	527.6801258760707
2.5318999999982355	527.7267284197234
2.5319019999982353	527.7733344716985
2.531903999998235	527.8199430572168
2.531905999998235	527.8665532008719
2.531907999998235	527.9131639267212
2.5319099999982346	527.9597742583712
2.5319119999982345	528.0063832191115
2.5319139999982343	528.0529898320357
2.531915999998234	528.0995931201941
2.531917999998234	528.1461921066787
2.531919999998234	528.1927858148329
2.5319219999982336	528.2393732683194
2.5319239999982335	528.2859534910698
2.5319259999982333	528.3325255075962
2.531927999998233	528.3790883432223
2.531929999998233	528.425641024125
2.531931999998233	528.4721825774453
2.5319339999982327	528.5187120314316
2.5319359999982325	528.5652284156208
2.5319379999982323	528.6117307609655
2.531939999998232	528.6582180894703
2.531941999998232	528.7046894359352
2.531943999998232	528.7511438467902
2.5319459999982317	528.797580360196
2.5319479999982315	528.8439980161178
2.5319499999982313	528.8903958570679
2.531951999998231	528.9367729319255
2.531953999998231	528.9831282885131
2.531955999998231	529.0294609729981
2.5319579999982307	529.0757700387019
2.5319599999982305	529.1220545420249
2.5319619999982304	529.1683135426233
2.53196399999823	529.2145461035718
2.53196599999823	529.260751291497
2.53196799999823	529.3069281767519
2.5319699999982297	529.3530758335764
2.5319719999982295	529.3991933402582
2.5319739999982294	529.4452797792943
2.531975999998229	529.4913342375235
2.531977999998229	529.5373558064088
2.531979999998229	529.5833435820595
2.5319819999982287	529.6292966653724
2.5319839999982285	529.6752141623033
2.5319859999982284	529.7210951839866
2.531987999998228	529.7669388470234
2.531989999998228	529.8127442733744
2.531991999998228	529.8585105905944
2.5319939999982277	529.9042369320438
2.5319959999982276	529.9499224370201
2.5319979999982274	529.9955662510534
2.5319999999982272	530.0411675258865
2.532001999998227	530.0867254196899
2.532003999998227	530.1322390972126
2.5320059999982267	530.177707729907
2.5320079999982266	530.2231304989613
2.5320099999982264	530.268506589583
2.5320119999982262	530.3138351915437
2.532013999998226	530.3591155045181
2.532015999998226	530.4043467356727
2.5320179999982257	530.4495280997262
2.5320199999982256	530.4946588190858
2.5320219999982254	530.5397381239624
2.5320239999982252	530.5847652525174
2.532025999998225	530.6297394510018
2.532027999998225	530.6746599738207
2.5320299999982248	530.719526083699
2.5320319999982246	530.7643370517219
2.5320339999982244	530.8090921534825
2.5320359999982243	530.8537906783004
2.532037999998224	530.8984319265753
2.532039999998224	530.9430152042869
2.5320419999982238	530.9875398262404
2.5320439999982236	531.032005116281
2.5320459999982234	531.0764104073764
2.5320479999982233	531.1207550463845
2.532049999998223	531.1650383844918
2.532051999998223	531.2092597781988
2.532053999998223	531.2534185978349
2.5320559999982226	531.2975142232177
2.5320579999982225	531.3415460437518
2.5320599999982223	531.3855134585029
2.532061999998222	531.42941587626
2.532063999998222	531.4732527155902
2.532065999998222	531.5170234048596
2.5320679999982216	531.560727382286
2.5320699999982215	531.6043640960322
2.5320719999982213	531.6479330042164
2.532073999998221	531.6914335749418
2.532075999998221	531.7348652864132
2.532077999998221	531.7782276268325
2.5320799999982206	531.821520094425
2.5320819999982205	531.8647421975753
2.5320839999982203	531.907893454811
2.53208599999822	531.9509733947891
2.53208799999822	531.9939815562955
2.53208999999822	532.0369174882837
2.5320919999982197	532.0797807498617
2.5320939999982195	532.1225709102865
2.5320959999982193	532.1652875489697
2.532097999998219	532.2079302554638
2.532099999998219	532.2504986294631
2.532101999998219	532.2929922807566
2.5321039999982187	532.335410829208
2.5321059999982185	532.3777539047605
2.5321079999982183	532.4200211473867
2.532109999998218	532.4622122070934
2.532111999998218	532.5043267438477
2.532113999998218	532.5463644275336
2.5321159999982177	532.5883249379414
2.5321179999982175	532.6302079647065
2.5321199999982174	532.6720132072634
2.532121999998217	532.713740374804
2.532123999998217	532.7553891861818
2.532125999998217	532.7969593698805
2.5321279999982167	532.838450663972
2.5321299999982165	532.879862816017
2.5321319999982164	532.9211955830046
2.532133999998216	532.9624487312785
2.532135999998216	533.0036220364631
2.532137999998216	533.044715283378
2.5321399999982157	533.0857282659589
2.5321419999982155	533.1266607871695
2.5321439999982154	533.1675126589269
2.532145999998215	533.2082837019746
2.532147999998215	533.2489737457846
2.532149999998215	533.2895826284987
2.5321519999982147	533.3301101968057
2.5321539999982146	533.3705563058307
2.5321559999982144	533.4109208190283
2.5321579999982142	533.4512036080718
2.532159999998214	533.4914045527373
2.532161999998214	533.5315235407872
2.5321639999982137	533.5715604678479
2.5321659999982136	533.611515236649
2.5321679999982134	533.6513877581849
2.5321699999982132	533.6911779508564
2.532171999998213	533.7308857426705
2.532173999998213	533.7705110670971
2.5321759999982127	533.810053862318
2.5321779999982126	533.8495140753931
2.5321799999982124	533.8888916601873
2.5321819999982123	533.9281865772235
2.532183999998212	533.9673987935356
2.532185999998212	534.0065282825202
2.5321879999982118	534.0455750237843
2.5321899999982116	534.0845390029793
2.5321919999982114	534.1234202116775
2.5321939999982113	534.1622186472231
2.532195999998211	534.2009343005604
2.532197999998211	534.2395671803104
2.5321999999982108	534.2781173115711
2.5322019999982106	534.3165847131708
2.5322039999982104	534.354969408773
2.5322059999982103	534.3932714268238
2.53220799999821	534.4314908003827
2.53220999999821	534.4696275669551
2.53221199999821	534.5076817683247
2.5322139999982096	534.5456534503855
2.5322159999982095	534.583542662972
2.5322179999982093	534.6213494596911
2.532219999998209	534.6590738977504
2.532221999998209	534.6967160336964
2.532223999998209	534.7342759317814
2.5322259999982086	534.7717536626589
2.5322279999982085	534.8091492963808
2.5322299999982083	534.8464629056012
2.532231999998208	534.8836945655623
2.532233999998208	534.9208443541156
2.532235999998208	534.9579123511127
2.5322379999982076	534.9948986383909
2.5322399999982075	535.0318032996254
2.5322419999982073	535.0686264204786
2.532243999998207	535.1053680882688
2.532245999998207	535.1420283916153
2.532247999998207	535.1786074203657
2.5322499999982067	535.2151052656635
2.5322519999982065	535.2515220193169
2.5322539999982063	535.2878577738012
2.532255999998206	535.3241126221405
2.532257999998206	535.3602866580572
2.532259999998206	535.396379975652
2.5322619999982057	535.4323926690622
2.5322639999982055	535.4683248324013
2.5322659999982053	535.5041765596296
2.532267999998205	535.5399479444064
2.532269999998205	535.5756390767242
2.532271999998205	535.6112500493887
2.5322739999982047	535.6467809572825
2.5322759999982045	535.6822318915065
2.5322779999982044	535.7176029421021
2.532279999998204	535.7528941979815
2.532281999998204	535.7881057467965
2.532283999998204	535.8232376748293
2.5322859999982037	535.85829006684
2.5322879999982035	535.8932630059271
2.5322899999982034	535.9281565734639
2.532291999998203	535.9629708489693
2.532293999998203	535.9977059110091
2.532295999998203	536.032361834921
2.5322979999982027	536.0669386929844
2.5322999999982025	536.1014365561236
2.5323019999982024	536.13585549287
2.532303999998202	536.1701955692538
2.532305999998202	536.2044568487089
2.532307999998202	536.2386393919819
2.5323099999982017	536.2727432570421
2.5323119999982016	536.3067684989969
2.5323139999982014	536.3407151701189
2.5323159999982012	536.3745833195276
2.532317999998201	536.4083729931293
2.532319999998201	536.4420842337877
2.5323219999982007	536.4757170811064
2.5323239999982006	536.509271571382
2.5323259999982004	536.5427477375885
2.5323279999982002	536.5761456092214
2.5323299999982	536.609465212221
2.5323319999982	536.6427065689862
2.5323339999981997	536.675869698335
2.5323359999981996	536.7089546154319
2.5323379999981994	536.7419613317545
2.5323399999981993	536.7748898550345
2.532341999998199	536.8077402002251
2.532343999998199	536.8405123670651
2.5323459999981988	536.8732063413786
2.5323479999981986	536.9058221154085
2.5323499999981984	536.9383596775803
2.5323519999981983	536.9708190123943
2.532353999998198	537.0032001003683
2.532355999998198	537.0355029180403
2.5323579999981978	537.0677274379617
2.5323599999981976	537.0998736286314
2.5323619999981974	537.1319414545284
2.5323639999981973	537.1639308760508
2.532365999998197	537.1958418495152
2.532367999998197	537.2276743272043
2.532369999998197	537.2594282573001
2.5323719999981966	537.2911035839588
2.5323739999981965	537.3227002472122
2.5323759999981963	537.3542181829141
2.532377999998196	537.3856573229397
2.532379999998196	537.4170175950638
2.532381999998196	537.4482989229485
2.5323839999981956	537.4795012262515
2.5323859999981955	537.5106244205008
2.5323879999981953	537.5416684171765
2.532389999998195	537.5726331238159
2.532391999998195	537.6035184438583
2.532393999998195	537.6343242767152
2.5323959999981946	537.6650505178249
2.5323979999981945	537.6956970584808
2.5323999999981943	537.7262637861608
2.532401999998194	537.75675058452
2.532403999998194	537.7871573351001
2.532405999998194	537.8174839135361
2.5324079999981937	537.8477301897892
2.5324099999981935	537.8778960316544
2.5324119999981933	537.9079813031985
2.532413999998193	537.9379858646181
2.532415999998193	537.9679095723312
2.532417999998193	537.9977522789272
2.5324199999981927	538.0275138332019
2.5324219999981925	538.0571940802304
2.5324239999981923	538.0867928612763
2.532425999998192	538.1163100140155
2.532427999998192	538.1457453725021
2.532429999998192	538.1750987633413
2.5324319999981917	538.2043700134939
2.5324339999981915	538.233558949241
2.5324359999981914	538.2626653901862
2.532437999998191	538.2916891522838
2.532439999998191	538.3206300479595
2.532441999998191	538.3494878861916
2.5324439999981907	538.3782624724051
2.5324459999981905	538.4069536084809
2.5324479999981904	538.4355610929631
2.53244999999819	538.4640847209615
2.53245199999819	538.4925242724848
2.53245399999819	538.5208795365967
2.5324559999981897	538.5491503090519
2.5324579999981895	538.5773363666585
2.5324599999981894	538.6054374881312
2.532461999998189	538.6334534538059
2.532463999998189	538.6613840355603
2.532465999998189	538.6892290020462
2.5324679999981887	538.7169881187124
2.5324699999981886	538.7446611478249
2.5324719999981884	538.7722478484885
2.5324739999981882	538.7997479766577
2.532475999998188	538.8271612852601
2.532477999998188	538.854487524031
2.5324799999981877	538.8817264396658
2.5324819999981876	538.9088777758129
2.5324839999981874	538.9359412730606
2.5324859999981872	538.9629166690357
2.532487999998187	538.9898036983981
2.532489999998187	539.0166020928682
2.5324919999981867	539.0433115812125
2.5324939999981866	539.069931889271
2.5324959999981864	539.0964627397502
2.5324979999981863	539.1229038528531
2.532499999998186	539.1492549460222
2.532501999998186	539.1755157337449
2.5325039999981858	539.201685927752
2.5325059999981856	539.2277652369672
2.5325079999981854	539.253753373979
2.5325099999981853	539.2796500422947
2.532511999998185	539.305454935974
2.532513999998185	539.3311677533267
2.5325159999981848	539.3567881901804
2.5325179999981846	539.3823159400241
2.5325199999981844	539.4077506929914
2.5325219999981843	539.4330921363305
2.532523999998184	539.4583399553087
2.532525999998184	539.4834938327089
2.532527999998184	539.5085534487536
2.5325299999981836	539.5335184812685
2.5325319999981835	539.5583886057327
2.5325339999981833	539.5831634953258
2.532535999998183	539.6078428207452
2.532537999998183	539.632426250311
2.532539999998183	539.6569134501981
2.5325419999981826	539.6813040840483
2.5325439999981825	539.7055978135761
2.5325459999981823	539.7297942984995
2.532547999998182	539.7538931962268
2.532549999998182	539.7778941620579
2.532551999998182	539.8017968492787
2.5325539999981816	539.8256009091177
2.5325559999981815	539.8493059907421
2.5325579999981813	539.8729117414753
2.532559999998181	539.896417806778
2.532561999998181	539.919823830504
2.532563999998181	539.9431294543731
2.5325659999981807	539.9663343180694
2.5325679999981805	539.9894380598056
2.5325699999981803	540.0124403159548
2.53257199999818	540.0353407214601
2.53257399999818	540.0581389098319
2.53257599999818	540.0808345099007
2.5325779999981797	540.103427151113
2.5325799999981795	540.1259164656244
2.5325819999981793	540.1483020809761
2.532583999998179	540.1705836233169
2.532585999998179	540.1927607174988
2.532587999998179	540.2148329871004
2.5325899999981787	540.2368000546026
2.5325919999981785	540.25866154121
2.5325939999981784	540.2804170670869
2.532595999998178	540.3020662515238
2.532597999998178	540.3236087127659
2.532599999998178	540.3450440680715
2.5326019999981777	540.3663719339295
2.5326039999981775	540.3875919261387
2.5326059999981774	540.4087036596064
2.532607999998177	540.4297067547697
2.532609999998177	540.4506008267708
2.532611999998177	540.4713854818101
2.5326139999981767	540.4920603326341
2.5326159999981765	540.512624995039
2.5326179999981764	540.533079080346
2.532619999998176	540.5534221970458
2.532621999998176	540.5736539568342
2.532623999998176	540.5937739709896
2.5326259999981757	540.613781850775
2.5326279999981756	540.6336772073803
2.5326299999981754	540.6534596520875
2.5326319999981752	540.6731287962282
2.532633999998175	540.6926842513082
2.532635999998175	540.712125629036
2.5326379999981747	540.731452541562
2.5326399999981746	540.7506646015136
2.5326419999981744	540.7697614219986
2.5326439999981742	540.7887426166
2.532645999998174	540.807607799367
2.532647999998174	540.82635658516
2.5326499999981738	540.8449885895883
2.5326519999981736	540.8635034291256
2.5326539999981734	540.8819007211457
2.5326559999981733	540.9001800839948
2.532657999998173	540.9183411371162
2.532659999998173	540.9363835010735
2.5326619999981728	540.9543067976264
2.5326639999981726	540.9721106497732
2.5326659999981724	540.9897946816982
2.5326679999981723	541.007358519294
2.532669999998172	541.0248017900858
2.532671999998172	541.0421241230225
2.5326739999981718	541.0593251487632
2.5326759999981716	541.0764044996362
2.5326779999981714	541.0933618097763
2.5326799999981713	541.1101967152441
2.532681999998171	541.1269088540764
2.532683999998171	541.1434978663522
2.532685999998171	541.159963394457
2.5326879999981706	541.1763050827883
2.5326899999981705	541.1925225778946
2.5326919999981703	541.2086155288252
2.53269399999817	541.224583587056
2.53269599999817	541.2404264065802
2.53269799999817	541.2561436439746
2.5326999999981696	541.2717349584765
2.5327019999981695	541.2872000121299
2.5327039999981693	541.3025384654212
2.532705999998169	541.3177499938145
2.532707999998169	541.3328342715532
2.532709999998169	541.3477909650884
2.5327119999981687	541.3626197511543
2.5327139999981685	541.3773203096845
2.5327159999981683	541.3918923239488
2.532717999998168	541.4063354804824
2.532719999998168	541.420649469205
2.532721999998168	541.4348339835319
2.5327239999981677	541.4488887204242
2.5327259999981675	541.4628133804557
2.5327279999981673	541.4766076678807
2.532729999998167	541.490271290704
2.532731999998167	541.5038039608019
2.532733999998167	541.5172053939069
2.5327359999981667	541.5304753096186
2.5327379999981665	541.5436134315922
2.5327399999981663	541.5566194875834
2.532741999998166	541.5694932095038
2.532743999998166	541.5822343334656
2.532745999998166	541.5948425998486
2.5327479999981657	541.607317753363
2.5327499999981655	541.619659543176
2.5327519999981654	541.6318677228411
2.532753999998165	541.6439420503602
2.532755999998165	541.6558822886957
2.532757999998165	541.667688205672
2.5327599999981647	541.6793595727406
2.5327619999981645	541.6908961661487
2.5327639999981644	541.7022977673711
2.532765999998164	541.7135641626919
2.532767999998164	541.7246951432917
2.532769999998164	541.7356905052924
2.5327719999981637	541.7465500498065
2.5327739999981635	541.7572735829358
2.5327759999981634	541.7678609159175
2.532777999998163	541.7783118651608
2.532779999998163	541.7886262522084
2.532781999998163	541.798803903823
2.5327839999981627	541.8088446520309
2.5327859999981626	541.8187483341695
2.5327879999981624	541.82851479297
2.5327899999981622	541.8381438765019
2.532791999998162	541.8476354381951
2.532793999998162	541.8569893370207
2.5327959999981617	541.8662054374593
2.5327979999981616	541.8752836095287
2.5327999999981614	541.8842237288183
2.5328019999981612	541.8930256765309
2.532803999998161	541.901689340207
2.532805999998161	541.9102146124397
2.5328079999981608	541.9186013907575
2.5328099999981606	541.9268495791447
2.5328119999981604	541.9349590743916
2.5328139999981603	541.9429297925806
2.53281599999816	541.9507616674179
2.53281799999816	541.9584546250921
2.5328199999981598	541.9660085989924
2.5328219999981596	541.9734235295111
2.5328239999981594	541.9806993617532
2.5328259999981593	541.987836046832
2.532827999998159	541.9948335418673
2.532829999998159	542.0016918100124
2.532831999998159	542.0084108205052
2.5328339999981586	542.0149905612668
2.5328359999981584	542.0214310131734
2.5328379999981583	542.0277321521858
2.532839999998158	542.0338939717229
2.532841999998158	542.0399164717949
2.532843999998158	542.0457996586263
2.5328459999981576	542.0515435447176
2.5328479999981575	542.0571481488532
2.5328499999981573	542.0626134961308
2.532851999998157	542.0679396213931
2.532853999998157	542.07312656275
2.532855999998157	542.0781743606104
2.5328579999981566	542.083083065674
2.5328599999981565	542.0878527349763
2.5328619999981563	542.0924834320242
2.532863999998156	542.0969752268231
2.532865999998156	542.1013281958951
2.532867999998156	542.1055424223049
2.5328699999981557	542.1096179956915
2.5328719999981555	542.1135550122942
2.5328739999981553	542.1173535749776
2.532875999998155	542.1210137932623
2.532877999998155	542.1245357832596
2.532879999998155	542.1279196678672
2.5328819999981547	542.1311655768171
2.5328839999981545	542.134273646509
2.5328859999981543	542.1372440201319
2.532887999998154	542.1400768476926
2.532889999998154	542.1427722860423
2.532891999998154	542.1453304989054
2.5328939999981537	542.1477516568879
2.5328959999981535	542.1500359375541
2.5328979999981533	542.1521835254355
2.532899999998153	542.1541946120249
2.532901999998153	542.156069395837
2.532903999998153	542.1578080824313
2.5329059999981527	542.1594108844386
2.5329079999981525	542.1608780215912
2.5329099999981524	542.1622097207526
2.532911999998152	542.1634062159434
2.532913999998152	542.1644677500266
2.532915999998152	542.1653945714734
2.5329179999981517	542.1661869341842
2.5329199999981515	542.1668451011144
2.5329219999981514	542.1673693409471
2.532923999998151	542.1677599327801
2.532925999998151	542.1680171632566
2.532927999998151	542.1681413229701
2.5329299999981507	542.1681327116653
2.5329319999981506	542.1679916365214
2.5329339999981504	542.1677183755612
2.5329359999981502	542.1673132852169
2.53293799999815	542.1667766973229
2.53293999999815	542.1661089126598
2.5329419999981497	542.1653103110432
2.5329439999981496	542.1643812811024
2.5329459999981494	542.163322148829
2.5329479999981492	542.1621332805806
2.532949999998149	542.1608150520314
2.532951999998149	542.1593678457604
2.5329539999981487	542.1577920893772
2.5329559999981486	542.1560881454637
2.5329579999981484	542.154256419658
2.5329599999981482	542.1522973259018
2.532961999998148	542.1502112859241
2.532963999998148	542.1479987292582
2.5329659999981478	542.1456600932744
2.5329679999981476	542.1431958231926
2.5329699999981474	542.1406063720895
2.5329719999981473	542.1378922009134
2.532973999998147	542.1350537785069
2.532975999998147	542.132091581625
2.5329779999981468	542.1290060949308
2.5329799999981466	542.1257978110073
2.5329819999981464	542.1224672303865
2.5329839999981463	542.1190148615478
2.532985999998146	542.1154412012901
2.532987999998146	542.1117467747162
2.532989999998146	542.107932132271
2.5329919999981456	542.103997814997
2.5329939999981455	542.0999443712238
2.5329959999981453	542.0957723572394
2.532997999998145	542.0914823373412
2.532999999998145	542.0870748838114
2.533001999998145	542.0825505769159
2.5330039999981446	542.0779100049027
2.5330059999981445	542.0731537639984
2.5330079999981443	542.0682824584031
2.533009999998144	542.0632967002881
2.533011999998144	542.0581971097878
2.533013999998144	542.0529843149905
2.5330159999981436	542.0476589597907
2.5330179999981435	542.0422216874248
2.5330199999981433	542.0366731428651
2.533021999998143	542.0310139857186
2.533023999998143	542.0252448890277
2.533025999998143	542.0193665280256
2.5330279999981427	542.0133795812969
2.5330299999981425	542.007284740028
2.5330319999981423	542.0010827033428
2.533033999998142	541.9947741725981
2.533035999998142	541.9883598629154
2.533037999998142	541.9818405018249
2.5330399999981417	541.9752168196911
2.5330419999981415	541.9684895544489
2.5330439999981413	541.9616594517436
2.533045999998141	541.9547272648845
2.533047999998141	541.9476937548176
2.533049999998141	541.9405596900949
2.5330519999981407	541.9333258468456
2.5330539999981405	541.9259930087422
2.5330559999981404	541.9185619669693
2.53305799999814	541.9110335201887
2.53305999999814	541.9034084745061
2.53306199999814	541.895687643434
2.5330639999981397	541.8878718478536
2.5330659999981395	541.8799619215968
2.5330679999981394	541.8719586998055
2.533069999998139	541.8638630201397
2.533071999998139	541.8556757324491
2.533073999998139	541.8473976938811
2.5330759999981387	541.8390297687027
2.5330779999981385	541.8305728282571
2.5330799999981384	541.8220277509336
2.533081999998138	541.8133954221149
2.533083999998138	541.8046767341301
2.533085999998138	541.7958725862088
2.5330879999981377	541.7869838844304
2.5330899999981376	541.7780115416763
2.5330919999981374	541.7689564776014
2.5330939999981372	541.7598196185401
2.533095999998137	541.7506018974578
2.533097999998137	541.7413042539512
2.5330999999981367	541.7319276341467
2.5331019999981366	541.7224729906495
2.5331039999981364	541.7129412834291
2.5331059999981362	541.703333477913
2.533107999998136	541.693650544967
2.533109999998136	541.6838934626114
2.5331119999981357	541.6740632150841
2.5331139999981356	541.6641607927932
2.5331159999981354	541.654187192221
2.5331179999981353	541.6441434159018
2.533119999998135	541.6340304723262
2.533121999998135	541.6238493758566
2.5331239999981348	541.6136011467466
2.5331259999981346	541.6032868110477
2.5331279999981344	541.5929074003205
2.5331299999981343	541.5824639509019
2.533131999998134	541.5719575075202
2.533133999998134	541.561389118251
2.5331359999981338	541.5507598371158
2.5331379999981336	541.5400707234506
2.5331399999981334	541.5293228420206
2.5331419999981333	541.518517262924
2.533143999998133	541.5076550613896
2.533145999998133	541.4967373367513
2.533147999998133	541.4857651738038
2.5331499999981326	541.4747396451226
2.5331519999981325	541.4636618457889
2.5331539999981323	541.4525328759788
2.533155999998132	541.4413538406575
2.533157999998132	541.4301258495016
2.533159999998132	541.418850016834
2.5331619999981316	541.4075274615263
2.5331639999981315	541.3961593069671
2.5331659999981313	541.3847466809552
2.533167999998131	541.3732907156506
2.533169999998131	541.361792547473
2.533171999998131	541.3502533170156
2.5331739999981306	541.3386741690316
2.5331759999981305	541.3270562523381
2.5331779999981303	541.3154007197054
2.53317999999813	541.3037087278007
2.53318199999813	541.2919814371123
2.53318399999813	541.2802200118731
2.5331859999981297	541.2684256199827
2.5331879999981295	541.2565994329307
2.5331899999981293	541.2447426257197
2.533191999998129	541.2328563767857
2.533193999998129	541.2209418679219
2.533195999998129	541.2090002841887
2.5331979999981287	541.1970328138566
2.5331999999981285	541.1850406483271
2.5332019999981283	541.1730249820338
2.533203999998128	541.1609870123725
2.533205999998128	541.1489279396117
2.533207999998128	541.1368489668369
2.5332099999981277	541.1247512998689
2.5332119999981275	541.1126361471611
2.5332139999981274	541.1005047197349
2.533215999998127	541.088358231098
2.533217999998127	541.076197897165
2.533219999998127	541.0640249361378
2.5332219999981267	541.0518405685452
2.5332239999981265	541.0396460170748
2.5332259999981264	541.0274425064597
2.533227999998126	541.0152312634602
2.533229999998126	541.003013516751
2.533231999998126	540.9907904968736
2.5332339999981257	540.978563436083
2.5332359999981255	540.9663335683922
2.5332379999981254	540.9541021294895
2.533239999998125	540.9418703565382
2.533241999998125	540.9296394881742
2.533243999998125	540.9174107643687
2.5332459999981247	540.9051854264146
2.5332479999981246	540.8929647168692
2.5332499999981244	540.8807498793692
2.5332519999981242	540.8685421586711
2.533253999998124	540.8563428005875
2.533255999998124	540.8441530518099
2.5332579999981237	540.8319741598667
2.5332599999981236	540.819807373048
2.5332619999981234	540.8076539403528
2.5332639999981232	540.7955151114041
2.533265999998123	540.7833921363334
2.533267999998123	540.7712862657814
2.5332699999981227	540.7591987508426
2.5332719999981226	540.7471308429267
2.5332739999981224	540.7350837938233
2.5332759999981223	540.7230588553684
2.533277999998122	540.7110572794049
2.533279999998122	540.6990803179509
2.5332819999981218	540.6871292230103
2.5332839999981216	540.6752052465104
2.5332859999981214	540.6633096402003
2.5332879999981213	540.6514436556145
2.533289999998121	540.6396085440222
2.533291999998121	540.627805556328
2.5332939999981208	540.6160359429829
2.5332959999981206	540.6043009539934
2.5332979999981204	540.5926018388445
2.5332999999981203	540.580939827712
2.53330199999812	540.5693161708575
2.53330399999812	540.5577321312833
2.53330599999812	540.5461889564116
2.5333079999981196	540.5346878920218
2.5333099999981195	540.5232301829839
2.5333119999981193	540.5118170731855
2.533313999998119	540.500449805475
2.533315999998119	540.4891296216005
2.533317999998119	540.4778577621742
2.5333199999981186	540.4666354665712
2.5333219999981185	540.4554639728442
2.5333239999981183	540.4443445177669
2.533325999998118	540.4332783367404
2.533327999998118	540.4222666636746
2.533329999998118	540.4113107309834
2.5333319999981176	540.4004117695872
2.5333339999981175	540.3895710088218
2.5333359999981173	540.3787896763064
2.533337999998117	540.3680689979409
2.533339999998117	540.3574101978529
2.533341999998117	540.346814498343
2.5333439999981167	540.3362831198307
2.5333459999981165	540.3258172808006
2.5333479999981163	540.3154181977472
2.533349999998116	540.3050870851247
2.533351999998116	540.2948251552945
2.533353999998116	540.2846336184667
2.5333559999981157	540.2745136824152
2.5333579999981155	540.2644665529053
2.5333599999981153	540.2544934336331
2.533361999998115	540.2445955256965
2.533363999998115	540.2347740279736
2.533365999998115	540.2250301366304
2.5333679999981147	540.2153650450714
2.5333699999981145	540.2057799443868
2.5333719999981144	540.1962760230247
2.533373999998114	540.1868544667553
2.533375999998114	540.1775164586454
2.533377999998114	540.1682631788925
2.5333799999981137	540.1590958048023
2.5333819999981135	540.1500155108143
2.5333839999981134	540.1410234683997
2.533385999998113	540.1321208572498
2.533387999998113	540.1233088322302
2.533389999998113	540.1145885434693
2.5333919999981127	540.1059611615724
2.5333939999981125	540.0974278421133
2.5333959999981124	540.0889897411574
2.533397999998112	540.0806480071194
2.533399999998112	540.0724037826149
2.533401999998112	540.0642582095315
2.5334039999981117	540.0562124263989
2.5334059999981116	540.048267568117
2.5334079999981114	540.0404247658919
2.5334099999981112	540.032685147174
2.533411999998111	540.0250498355911
2.533413999998111	540.0175199508847
2.5334159999981107	540.0100966088432
2.5334179999981106	540.0027809212361
2.5334199999981104	539.9955739957429
2.5334219999981102	539.9884769360166
2.53342399999811	539.9814908413659
2.53342599999811	539.974616806682
2.5334279999981097	539.9678559226173
2.5334299999981096	539.9612092753434
2.5334319999981094	539.9546779465793
2.5334339999981093	539.9482630135213
2.533435999998109	539.9419655486696
2.533437999998109	539.9357866198065
2.5334399999981088	539.9297272899183
2.5334419999981086	539.9237886171184
2.5334439999981084	539.9179716525895
2.5334459999981083	539.912277444937
2.533447999998108	539.9067070386683
2.533449999998108	539.9012614718977
2.5334519999981078	539.895941777263
2.5334539999981076	539.8907489820817
2.5334559999981074	539.8856841082885
2.5334579999981073	539.8807481723277
2.533459999998107	539.8759421852697
2.533461999998107	539.8712671524546
2.533463999998107	539.8667240735075
2.5334659999981066	539.8623139423132
2.5334679999981065	539.8580377468544
2.5334699999981063	539.8538964691772
2.533471999998106	539.8498910852911
2.533473999998106	539.8460225651065
2.533475999998106	539.8422918724049
2.5334779999981056	539.8386999647029
2.5334799999981055	539.8352477931467
2.5334819999981053	539.8319363024779
2.533483999998105	539.8287664309406
2.533485999998105	539.8257391102031
2.533487999998105	539.8228552652764
2.5334899999981046	539.820115814434
2.5334919999981045	539.8175216691321
2.5334939999981043	539.8150737339308
2.533495999998104	539.8127729063917
2.533497999998104	539.8106200770358
2.533499999998104	539.8086161292689
2.5335019999981037	539.8067619392724
2.5335039999981035	539.8050583759242
2.5335059999981033	539.8035063007271
2.533507999998103	539.8021065677303
2.533509999998103	539.800860023452
2.533511999998103	539.7997675067986
2.5335139999981027	539.798829848989
2.5335159999981025	539.7980478734763
2.5335179999981023	539.7974224341821
2.533519999998102	539.7969543398885
2.533521999998102	539.7966443508839
2.533523999998102	539.7964932585741
2.5335259999981017	539.7965018464246
2.5335279999981015	539.7966708896789
2.5335299999981014	539.7970011552721
2.533531999998101	539.7974934017815
2.533533999998101	539.7981483793526
2.533535999998101	539.7989668296176
2.5335379999981007	539.7999494856084
2.5335399999981005	539.8010970716853
2.5335419999981004	539.8024103034934
2.5335439999981	539.8038898877096
2.5335459999981	539.8055365223147
2.5335479999981	539.8073508965301
2.5335499999980997	539.8093336904025
2.5335519999980995	539.8114855600932
2.5335539999980994	539.8138071662169
2.533555999998099	539.8162991774627
2.533557999998099	539.8189622372496
2.533559999998099	539.821796979649
2.5335619999980987	539.8248040293413
2.5335639999980986	539.8279840015589
2.5335659999980984	539.8313375007725
2.5335679999980982	539.8348651236132
2.533569999998098	539.8385674580227
2.533571999998098	539.8424450805546
2.5335739999980977	539.8464985583496
2.5335759999980976	539.8507284488132
2.5335779999980974	539.8551352994397
2.5335799999980972	539.8597196477804
2.533581999998097	539.8644820214903
2.533583999998097	539.8694229382171
2.5335859999980967	539.8745429055699
2.5335879999980966	539.8798424210618
2.5335899999980964	539.8853219720621
2.5335919999980963	539.8909820357495
2.533593999998096	539.8968230790673
2.533595999998096	539.9028455585875
2.5335979999980958	539.9090499206407
2.5335999999980956	539.9154366012966
2.5336019999980954	539.9220060261189
2.5336039999980953	539.9287586102565
2.533605999998095	539.9356947583121
2.533607999998095	539.9428148643378
2.5336099999980948	539.9501193118987
2.5336119999980946	539.9576084739082
2.5336139999980944	539.9652827126353
2.5336159999980943	539.9731423796857
2.533617999998094	539.9811878160244
2.533619999998094	539.9894193518069
2.533621999998094	539.9978373063368
2.5336239999980936	540.0064419881802
2.5336259999980935	540.0152336950854
2.5336279999980933	540.0242127139295
2.533629999998093	540.0333793206585
2.533631999998093	540.0427337802772
2.533633999998093	540.0522763468018
2.5336359999980926	540.0620072633192
2.5336379999980925	540.0719267619422
2.5336399999980923	540.0820350609856
2.533641999998092	540.0923323706724
2.533643999998092	540.1028188922264
2.533645999998092	540.1134948135686
2.5336479999980916	540.1243603113609
2.5336499999980915	540.1354155511174
2.5336519999980913	540.1466606871801
2.533653999998091	540.1580958626995
2.533655999998091	540.1697212096154
2.533657999998091	540.1815368486444
2.5336599999980907	540.1935428892509
2.5336619999980905	540.205739429613
2.5336639999980903	540.218126556654
2.53366599999809	540.230704346028
2.53366799999809	540.2434728620508
2.53366999999809	540.2564321577025
2.5336719999980897	540.2695822746401
2.5336739999980895	540.2829232431715
2.5336759999980893	540.2964550822461
2.533677999998089	540.3101777994407
2.533679999998089	540.3240913909526
2.533681999998089	540.3381958415883
2.5336839999980887	540.3524911247506
2.5336859999980885	540.366977202443
2.5336879999980884	540.3816540252577
2.533689999998088	540.396521532364
2.533691999998088	540.411579651496
2.533693999998088	540.4268282989811
2.5336959999980877	540.4422673796925
2.5336979999980875	540.4578967870475
2.5336999999980874	540.473716403039
2.533701999998087	540.4897260982142
2.533703999998087	540.5059257316736
2.533705999998087	540.5223151511034
2.5337079999980867	540.5388941927063
2.5337099999980865	540.555662681214
2.5337119999980864	540.5726204299315
2.533713999998086	540.5897672407324
2.533715999998086	540.6071029040394
2.533717999998086	540.6246271987172
2.5337199999980857	540.6423398922925
2.5337219999980856	540.6602407409903
2.5337239999980854	540.6783294894863
2.5337259999980852	540.6966058710447
2.533727999998085	540.7150696075167
2.533729999998085	540.733720409304
2.5337319999980847	540.7525579754139
2.5337339999980846	540.7715819935097
2.5337359999980844	540.7907921398261
2.5337379999980842	540.810188079156
2.533739999998084	540.8297694649623
2.533741999998084	540.8495359393029
2.5337439999980838	540.8694871329336
2.5337459999980836	540.889622665279
2.5337479999980834	540.9099421444139
2.5337499999980833	540.9304451671222
2.533751999998083	540.951131318842
2.533753999998083	540.9720001737008
2.5337559999980828	540.993051294569
2.5337579999980826	541.0142842330529
2.5337599999980824	541.0356985294613
2.5337619999980823	541.0572937129308
2.533763999998082	541.0790693014251
2.533765999998082	541.101024801624
2.5337679999980818	541.1231597090501
2.5337699999980816	541.1454735080634
2.5337719999980814	541.1679656718798
2.5337739999980813	541.1906356625981
2.533775999998081	541.2134829312143
2.533777999998081	541.2365069176435
2.533779999998081	541.2597070507368
2.5337819999980806	541.2830827483036
2.5337839999980805	541.306633417153
2.5337859999980803	541.3303584531125
2.53378799999808	541.3542572410528
2.53378999999808	541.3783291549144
2.53379199999808	541.4025735577355
2.5337939999980796	541.4269898016821
2.5337959999980795	541.4515772280764
2.5337979999980793	541.4763351674308
2.533799999998079	541.501262939482
2.533801999998079	541.5263598532139
2.533803999998079	541.5516252068952
2.5338059999980787	541.5770582881328
2.5338079999980785	541.6026583738808
2.5338099999980783	541.6284247304768
2.533811999998078	541.6543566137043
2.533813999998078	541.6804532688197
2.533815999998078	541.7067139305921
2.5338179999980777	541.7331378233677
2.5338199999980775	541.7597241610688
2.5338219999980773	541.7864721472334
2.533823999998077	541.8133809751065
2.533825999998077	541.8404498276628
2.533827999998077	541.8676778776598
2.5338299999980767	541.8950642876769
2.5338319999980765	541.9226082101544
2.5338339999980763	541.9503087874524
2.533835999998076	541.9781651519088
2.533837999998076	542.0061764258838
2.533839999998076	542.0343417218606
2.5338419999980757	542.0626601424049
2.5338439999980755	542.0911307802083
2.5338459999980754	542.1197527182519
2.533847999998075	542.1485250298091
2.533849999998075	542.1774467787018
2.533851999998075	542.2065170189671
2.5338539999980747	542.2357347948923
2.5338559999980745	542.2650991414907
2.5338579999980744	542.2946090843618
2.533859999998074	542.3242636397523
2.533861999998074	542.3540618146154
2.533863999998074	542.3840026066616
2.5338659999980737	542.4140850044075
2.5338679999980736	542.4443079872929
2.5338699999980734	542.4746705220415
2.533871999998073	542.5051715697851
2.533873999998073	542.5358100869018
2.533875999998073	542.5665850170735
2.5338779999980727	542.5974952952357
2.5338799999980726	542.6285398475791
2.5338819999980724	542.6597175916706
2.5338839999980722	542.6910274365011
2.533885999998072	542.722468283152
2.533887999998072	542.7540390236942
2.5338899999980717	542.7857385413065
2.5338919999980716	542.8175657113818
2.5338939999980714	542.8495194011634
2.5338959999980712	542.8815984697687
2.533897999998071	542.9138017682649
2.533899999998071	542.9461281397454
2.5339019999980708	542.9785764193815
2.5339039999980706	543.0111454345677
2.5339059999980704	543.043834004978
2.5339079999980703	543.0766409427141
2.53390999999807	543.1095650456184
2.53391199999807	543.1426051109456
2.5339139999980698	543.1757599341774
2.5339159999980696	543.2090282977651
2.5339179999980694	543.2424089766922
2.5339199999980693	543.2759007388233
2.533921999998069	543.3095023449574
2.533923999998069	543.3432125489428
2.533925999998069	543.3770300978077
2.5339279999980686	543.41095373177
2.5339299999980684	543.4449821843731
2.5339319999980683	543.479114182582
2.533933999998068	543.5133484468785
2.533935999998068	543.5476836913621
2.533937999998068	543.5821186238486
2.5339399999980676	543.6166519459725
2.5339419999980675	543.6512823532876
2.5339439999980673	543.6860085353751
2.533945999998067	543.7208291759448
2.533947999998067	543.7557429529855
2.533949999998067	543.7907485387857
2.5339519999980666	543.825844596665
2.5339539999980665	543.8610297856819
2.5339559999980663	543.8963027678291
2.533957999998066	543.9316621935445
2.533959999998066	543.9671067084873
2.533961999998066	544.0026349533202
2.5339639999980657	544.03824556381
2.5339659999980655	544.0739371748195
2.5339679999980653	544.1097084123681
2.533969999998065	544.145557895394
2.533971999998065	544.181484241012
2.533973999998065	544.2174860625668
2.5339759999980647	544.2535619690633
2.5339779999980645	544.2897105653259
2.5339799999980643	544.3259304524007
2.533981999998064	544.3622202275362
2.533983999998064	544.3985784843022
2.533985999998064	544.4350038127325
2.5339879999980637	544.4714947994106
2.5339899999980635	544.5080500275898
2.5339919999980633	544.5446680773622
2.533993999998063	544.5813475257587
2.533995999998063	544.6180869468951
2.533997999998063	544.6548849120592
2.5339999999980627	544.6917399898375
2.5340019999980625	544.7286507462759
2.5340039999980624	544.7656157449868
2.534005999998062	544.8026335472751
2.534007999998062	544.8397027123006
2.534009999998062	544.8768217971675
2.5340119999980617	544.9139893569694
2.5340139999980615	544.9512039450113
2.5340159999980614	544.9884641129437
2.534017999998061	545.0257684108725
2.534019999998061	545.0631153874782
2.534021999998061	545.1005035901079
2.5340239999980607	545.1379315649347
2.5340259999980606	545.1753978570797
2.5340279999980604	545.2129010107299
2.5340299999980602	545.2504395692812
2.53403199999806	545.2880120754182
2.53403399999806	545.3256170712368
2.5340359999980597	545.3632530984067
2.5340379999980596	545.4009186982701
2.5340399999980594	545.4386124220372
2.5340419999980592	545.4763328112132
2.534043999998059	545.5140783964104
2.534045999998059	545.5518477187668
2.5340479999980587	545.5896393197769
2.5340499999980586	545.6274517412465
2.5340519999980584	545.6652835255197
2.5340539999980582	545.7031332155802
2.534055999998058	545.7409993551032
2.534057999998058	545.7788804886083
2.5340599999980578	545.8167751615116
2.5340619999980576	545.854681920307
2.5340639999980574	545.892599312667
2.5340659999980573	545.9305258874755
2.534067999998057	545.9684601950531
2.534069999998057	546.0064007871761
2.5340719999980568	546.0443462171467
2.5340739999980566	546.0822950399422
2.5340759999980564	546.1202458123552
2.5340779999980563	546.1581970930833
2.534079999998056	546.1961474427062
2.534081999998056	546.234095423958
2.534083999998056	546.2720396017744
2.5340859999980556	546.3099785432759
2.5340879999980555	546.3479108179696
2.5340899999980553	546.3858349978026
2.534091999998055	546.4237496572316
2.534093999998055	546.4616533734022
2.534095999998055	546.4995447261394
2.5340979999980546	546.5374222980594
2.5340999999980545	546.5752846746752
2.5341019999980543	546.6131304444375
2.534103999998054	546.6509581988358
2.534105999998054	546.6887665324582
2.534107999998054	546.7265540431064
2.5341099999980536	546.7643193318651
2.5341119999980535	546.8020610031951
2.5341139999980533	546.8397776649402
2.534115999998053	546.8774679283574
2.534117999998053	546.9151304082745
2.534119999998053	546.9527637231447
2.5341219999980527	546.9903664951112
2.5341239999980525	547.0279373500648
2.5341259999980523	547.0654749176839
2.534127999998052	547.1029778315007
2.534129999998052	547.1404447289547
2.534131999998052	547.1778742514476
2.5341339999980517	547.2152650443924
2.5341359999980515	547.2526157572604
2.5341379999980513	547.289925043621
2.534139999998051	547.3271915611979
2.534141999998051	547.3644139713819
2.534143999998051	547.4015909410809
2.5341459999980507	547.4387211403259
2.5341479999980505	547.4758032439514
2.5341499999980504	547.5128359309784
2.53415199999805	547.549817884771
2.53415399999805	547.5867477931001
2.53415599999805	547.6236243481527
2.5341579999980497	547.660446246524
2.5341599999980495	547.6972121892521
2.5341619999980494	547.7339208818356
2.534163999998049	547.7705710342477
2.534165999998049	547.8071613609478
2.534167999998049	547.8436905808895
2.5341699999980487	547.880157417584
2.5341719999980485	547.9165605989876
2.5341739999980484	547.9528988575069
2.534175999998048	547.989170930125
2.534177999998048	548.0253755583553
2.534179999998048	548.0615114881991
2.5341819999980477	548.0975774701593
2.5341839999980476	548.1335722592348
2.5341859999980474	548.1694946148892
2.5341879999980472	548.2053433010926
2.534189999998047	548.2411170863022
2.534191999998047	548.2768147434139
2.5341939999980467	548.3124350497708
2.5341959999980466	548.3479767871485
2.5341979999980464	548.383438741744
2.5341999999980462	548.4188197041418
2.534201999998046	548.4541184693416
2.534203999998046	548.4893338367366
2.5342059999980457	548.5244646100705
2.5342079999980456	548.5595095974376
2.5342099999980454	548.5944676113011
2.5342119999980453	548.6293374684353
2.534213999998045	548.664117989873
2.534215999998045	548.698808001
2.5342179999980448	548.7334063314954
2.5342199999980446	548.7679118153271
2.5342219999980444	548.8023232907448
2.5342239999980443	548.8366396002616
2.534225999998044	548.8708595907048
2.534227999998044	548.9049821131542
2.5342299999980438	548.9390060229441
2.5342319999980436	548.9729301797269
2.5342339999980434	549.0067534474672
2.5342359999980433	549.0404746943739
2.534237999998043	549.0740927929427
2.534239999998043	549.1076066200479
2.534241999998043	549.1410150568848
2.5342439999980426	549.1743169890118
2.5342459999980425	549.2075113063753
2.5342479999980423	549.2405969033385
2.534249999998042	549.2735726787093
2.534251999998042	549.3064375357742
2.534253999998042	549.3391903823358
2.5342559999980416	549.3718301307526
2.5342579999980415	549.4043556979839
2.5342599999980413	549.4367660056662
2.534261999998041	549.4690599800997
2.534263999998041	549.5012365523123
2.534265999998041	549.5332946582151
2.5342679999980406	549.5652332385305
2.5342699999980405	549.5970512388786
2.5342719999980403	549.6287476099141
2.53427399999804	549.6603213073581
2.53427599999804	549.6917712920689
2.53427799999804	549.7230965301144
2.5342799999980397	549.7542959928489
2.5342819999980395	549.7853686569922
2.5342839999980393	549.8163135047031
2.534285999998039	549.8471295236761
2.534287999998039	549.8778157072231
2.534289999998039	549.9083710542277
2.5342919999980387	549.9387945694994
2.5342939999980385	549.9690852638006
2.5342959999980383	549.9992421537652
2.534297999998038	550.0292642620753
2.534299999998038	550.0591506128692
2.534301999998038	550.08890024074
2.5343039999980377	550.1185121922705
2.5343059999980375	550.1479855151941
2.5343079999980374	550.1773192638235
2.534309999998037	550.2065124990672
2.534311999998037	550.2355642885199
2.534313999998037	550.2644737065503
2.5343159999980367	550.2932398343845
2.5343179999980365	550.3218617601957
2.5343199999980364	550.3503385791912
2.534321999998036	550.3786693936861
2.534323999998036	550.406853313185
2.534325999998036	550.4348894544597
2.5343279999980357	550.4627769416252
2.5343299999980355	550.490514906211
2.5343319999980354	550.5181024871367
2.534333999998035	550.5455388309797
2.534335999998035	550.5728230919755
2.534337999998035	550.5999544319453
2.5343399999980347	550.6269320204999
2.5343419999980346	550.6537550350444
2.5343439999980344	550.6804226607863
2.5343459999980342	550.7069340907963
2.534347999998034	550.7332885260859
2.534349999998034	550.7594851756534
2.5343519999980337	550.785523256158
2.5343539999980336	550.8114019934521
2.5343559999980334	550.8371206196931
2.5343579999980332	550.8626783764528
2.534359999998033	550.8880745129933
2.534361999998033	550.9133082866929
2.5343639999980327	550.9383789630422
2.5343659999980326	550.9632858156567
2.5343679999980324	550.9880281262872
2.5343699999980323	551.0126051848193
2.534371999998032	551.037016289268
2.534373999998032	551.0612607457598
2.5343759999980318	551.0853378685408
2.5343779999980316	551.1092469799512
2.5343799999980314	551.1329874103981
2.5343819999980313	551.1565584983347
2.534383999998031	551.1799595902183
2.534385999998031	551.2031900405168
2.5343879999980308	551.2262492141234
2.5343899999980306	551.2491364811683
2.5343919999980304	551.2718512177486
2.5343939999980303	551.2943928097884
2.53439599999803	551.3167606511157
2.53439799999803	551.3389541432969
2.53439999999803	551.3609726955832
2.5344019999980296	551.3828157248411
2.5344039999980295	551.4044826555215
2.5344059999980293	551.4259729196165
2.534407999998029	551.4472859565553
2.534409999998029	551.4684212131576
2.534411999998029	551.4893781435702
2.5344139999980286	551.5101562092012
2.5344159999980285	551.530754878654
2.5344179999980283	551.5511736276587
2.534419999998028	551.5714119389853
2.534421999998028	551.5914693024279
2.534423999998028	551.6113452146736
2.5344259999980276	551.6310391792596
2.5344279999980275	551.6505507064998
2.5344299999980273	551.6698793134055
2.534431999998027	551.6890245237004
2.534433999998027	551.707985867596
2.534435999998027	551.7267628817385
2.5344379999980267	551.7453551092578
2.5344399999980265	551.7637620996427
2.5344419999980263	551.7819834086699
2.534443999998026	551.8000185983403
2.534445999998026	551.8178672368131
2.534447999998026	551.8355288983436
2.5344499999980257	551.8530031631748
2.5344519999980255	551.8702896175863
2.5344539999980253	551.8873878537904
2.534455999998025	551.9042974698381
2.534457999998025	551.9210180695851
2.534459999998025	551.9375492626455
2.5344619999980247	551.9538906643462
2.5344639999980245	551.9700418956761
2.5344659999980244	551.986002583244
2.534467999998024	552.0017723592406
2.534469999998024	552.0173508613635
2.534471999998024	552.0327377328543
2.5344739999980237	552.0479326224507
2.5344759999980235	552.0629351843058
2.5344779999980234	552.0777450779871
2.534479999998023	552.0923619684514
2.534481999998023	552.1067855260226
2.534483999998023	552.1210154263736
2.5344859999980227	552.1350513504831
2.5344879999980225	552.1488929846681
2.5344899999980224	552.1625400205819
2.534491999998022	552.175992155143
2.534493999998022	552.1892490905668
2.534495999998022	552.2023105343447
2.5344979999980217	552.2151761992459
2.5344999999980216	552.227845803303
2.5345019999980214	552.2403190699079
2.5345039999980212	552.2525957277255
2.534505999998021	552.2646755106223
2.534507999998021	552.2765581578315
2.5345099999980207	552.2882434139019
2.5345119999980206	552.2997310287383
2.5345139999980204	552.3110207575594
2.5345159999980202	552.3221123609208
2.53451799999802	552.3330056047917
2.53451999999802	552.3437002605377
2.5345219999980197	552.3541961049474
2.5345239999980196	552.3644929202578
2.5345259999980194	552.3745904941511
2.5345279999980193	552.384488619852
2.534529999998019	552.3941870961316
2.534531999998019	552.4036857273086
2.5345339999980188	552.4129843233003
2.5345359999980186	552.4220826870979
2.5345379999980184	552.4309806400732
2.5345399999980183	552.4396780217023
2.534541999998018	552.4481746645947
2.534543999998018	552.4564704072342
2.5345459999980178	552.464565093966
2.5345479999980176	552.4724585750886
2.5345499999980174	552.4801507068427
2.5345519999980173	552.4876413514592
2.534553999998017	552.494930377225
2.534555999998017	552.5020176585565
2.534557999998017	552.5089030760745
2.5345599999980166	552.5155865166324
2.5345619999980165	552.5220678733409
2.5345639999980163	552.5283470457763
2.534565999998016	552.5344239399541
2.534567999998016	552.5402984684222
2.534569999998016	552.5459705502848
2.5345719999980156	552.5514401114052
2.5345739999980155	552.5567070844307
2.5345759999980153	552.5617714088071
2.534577999998015	552.5666330309408
2.534579999998015	552.571291904268
2.534581999998015	552.5757479893591
2.5345839999980146	552.580001253943
2.5345859999980145	552.584051673091
2.5345879999980143	552.5878992293186
2.534589999998014	552.5915439126087
2.534591999998014	552.5949857205425
2.534593999998014	552.5982246583997
2.5345959999980137	552.6012607392597
2.5345979999980135	552.6040939841007
2.5345999999980133	552.6067244218979
2.534601999998013	552.6091520897353
2.534603999998013	552.6113770327457
2.534605999998013	552.613399305669
2.5346079999980127	552.6152189704707
2.5346099999980125	552.6168360966839
2.5346119999980123	552.6182507633923
2.534613999998012	552.6194630583859
2.534615999998012	552.6204730880502
2.534617999998012	552.6212809572247
2.5346199999980117	552.6218867713882
2.5346219999980115	552.6222906538267
2.5346239999980114	552.622492737173
2.534625999998011	552.622493163286
2.534627999998011	552.6222920833306
2.534629999998011	552.62188965785
2.5346319999980107	552.6212860568369
2.5346339999980105	552.6204814598017
2.5346359999980104	552.619476055835
2.53463799999801	552.6182700436661
2.53463999999801	552.6168636317185
2.53464199999801	552.6152570381593
2.5346439999980097	552.6134504901785
2.5346459999980095	552.6114442256779
2.5346479999980094	552.6092384929254
2.534649999998009	552.6068335495115
2.534651999998009	552.6042296629174
2.534653999998009	552.6014271105025
2.5346559999980087	552.5984261796361
2.5346579999980086	552.5952271677261
2.5346599999980084	552.5918303821664
2.5346619999980082	552.5882361403153
2.534663999998008	552.5844447695164
2.534665999998008	552.5804566071014
2.5346679999980077	552.5762720003636
2.5346699999980076	552.5718913065575
2.5346719999980074	552.567314892829
2.5346739999980072	552.5625431362939
2.534675999998007	552.5575764239732
2.534677999998007	552.5524151527268
2.5346799999980067	552.5470597292395
2.5346819999980066	552.5415105699718
2.5346839999980064	552.5357681010175
2.5346859999980063	552.5298327582661
2.534687999998006	552.5237049873455
2.534689999998006	552.5173852314892
2.5346919999980058	552.5108739560699
2.5346939999980056	552.5041716461916
2.5346959999980054	552.4972787856026
2.5346979999980053	552.4901958672153
2.534699999998005	552.4829233932064
2.534701999998005	552.4754618749341
2.5347039999980048	552.4678118329061
2.5347059999980046	552.4599737966889
2.5347079999980044	552.4519483048088
2.5347099999980043	552.4437359122624
2.534711999998004	552.435337174884
2.534713999998004	552.426752650683
2.534715999998004	552.4179829231733
2.5347179999980036	552.409028573588
2.5347199999980035	552.3998901833174
2.5347219999980033	552.3905683512344
2.534723999998003	552.3810636843631
2.534725999998003	552.3713767977483
2.534727999998003	552.3615083145936
2.5347299999980026	552.3514588660245
2.5347319999980025	552.3412290909689
2.5347339999980023	552.3308196360033
2.534735999998002	552.3202311553292
2.534737999998002	552.3094643106338
2.534739999998002	552.2985197708377
2.5347419999980016	552.2873982121605
2.5347439999980015	552.2761003179628
2.5347459999980013	552.2646267782029
2.534747999998001	552.2529782900552
2.534749999998001	552.2411555575657
2.534751999998001	552.229159291086
2.5347539999980007	552.2169902074236
2.5347559999980005	552.2046490298213
2.5347579999980003	552.1921364876459
2.534759999998	552.1794533163769
2.534761999998	552.1666002572737
2.534763999998	552.1535780573153
2.5347659999979997	552.1403874691346
2.5347679999979995	552.1270292509073
2.5347699999979993	552.1135041661767
2.534771999997999	552.099812983674
2.534773999997999	552.085956477199
2.534775999997999	552.0719354254288
2.5347779999979987	552.0577506118836
2.5347799999979985	552.0434028247971
2.5347819999979984	552.0288928567628
2.534783999997998	552.01422150494
2.534785999997998	551.9993895707079
2.534787999997998	551.9843978595651
2.5347899999979977	551.9692471785694
2.5347919999979975	551.9539383411818
2.5347939999979974	551.93847216669
2.534795999997997	551.9228494758281
2.534797999997997	551.9070710928014
2.534799999997997	551.8911378451978
2.5348019999979967	551.8750505638769
2.5348039999979965	551.8588100828614
2.5348059999979964	551.8424172387133
2.534807999997996	551.8258728715984
2.534809999997996	551.8091778247959
2.534811999997996	551.792332943995
2.5348139999979957	551.7753390775147
2.5348159999979956	551.7581970726453
2.5348179999979954	551.7409077829125
2.5348199999979952	551.7234720675295
2.534821999997995	551.7058907847377
2.534823999997995	551.688164795087
2.5348259999979947	551.6702949613342
2.5348279999979946	551.6522821482948
2.5348299999979944	551.6341272228188
2.5348319999979942	551.6158310538864
2.534833999997994	551.5973945124399
2.534835999997994	551.5788184714361
2.5348379999979938	551.5601038059043
2.5348399999979936	551.5412513925834
2.5348419999979934	551.5222621099575
2.5348439999979933	551.5031368384319
2.534845999997993	551.4838764601623
2.534847999997993	551.4644818625244
2.5348499999979928	551.4449539325099
2.5348519999979926	551.4252935527571
2.5348539999979924	551.40550161275
2.5348559999979923	551.3855790032209
2.534857999997992	551.3655266164762
2.534859999997992	551.3453453466915
2.5348619999979918	551.3250360896185
2.5348639999979916	551.3045997425911
2.5348659999979914	551.2840372046085
2.5348679999979913	551.2633493766141
2.534869999997991	551.2425371608815
2.534871999997991	551.2216014609893
2.534873999997991	551.2005431823201
2.5348759999979906	551.1793632318821
2.5348779999979905	551.158062518272
2.5348799999979903	551.1366419480712
2.53488199999799	551.1151024325453
2.53488399999799	551.0934448884559
2.53488599999799	551.071670230396
2.5348879999979896	551.049779374669
2.5348899999979895	551.0277732387008
2.5348919999979893	551.0056527413412
2.534893999997989	550.9834188028962
2.534895999997989	550.9610723449588
2.534897999997989	550.9386142903875
2.5348999999979887	550.9160455632491
2.5349019999979885	550.893367088859
2.5349039999979883	550.8705797936777
2.534905999997988	550.8476846052505
2.534907999997988	550.8246824521383
2.534909999997988	550.8015742638823
2.5349119999979877	550.778360969181
2.5349139999979875	550.7550434991759
2.5349159999979873	550.7316227878728
2.534917999997987	550.7080997680171
2.534919999997987	550.6844753730069
2.534921999997987	550.6607505367523
2.5349239999979867	550.6369261936184
2.5349259999979865	550.6130032783393
2.5349279999979863	550.5889827259238
2.534929999997986	550.5648654715624
2.534931999997986	550.5406524504986
2.534933999997986	550.5163445979722
2.5349359999979857	550.4919428491678
2.5349379999979855	550.4674481390873
2.5349399999979854	550.4428614023572
2.534941999997985	550.4181835731889
2.534943999997985	550.3934155852826
2.534945999997985	550.3685583716956
2.5349479999979847	550.3436128647766
2.5349499999979845	550.3185800085978
2.5349519999979844	550.2934607333499
2.534953999997984	550.2682559566373
2.534955999997984	550.2429666066688
2.534957999997984	550.2175936106046
2.5349599999979837	550.1921378942543
2.5349619999979836	550.1666003819767
2.5349639999979834	550.140981996657
2.534965999997983	550.1152836594481
2.534967999997983	550.0895062896954
2.534969999997983	550.0636508049861
2.5349719999979827	550.0377181210132
2.5349739999979826	550.0117091514231
2.5349759999979824	549.9856248077704
2.5349779999979822	549.9594659994302
2.534979999997982	549.9332336335174
2.534981999997982	549.9069285728659
2.5349839999979817	549.880551720248
2.5349859999979816	549.8541040168412
2.5349879999979814	549.8275863602398
2.5349899999979812	549.8009996451701
2.534991999997981	549.7743447870628
2.534993999997981	549.7476226774398
2.5349959999979808	549.7208341771435
2.5349979999979806	549.693980170101
2.5349999999979804	549.6670615370809
2.5350019999979803	549.6400791558617
2.53500399999798	549.6130339013441
2.53500599999798	549.5859266453867
2.5350079999979798	549.5587582568069
2.5350099999979796	549.5315296013754
2.5350119999979794	549.5042415417988
2.5350139999979793	549.4768949376529
2.535015999997979	549.4494906453436
2.535017999997979	549.422029518108
2.535019999997979	549.3945124059982
2.5350219999979786	549.3669401559125
2.5350239999979784	549.339313611559
2.5350259999979783	549.311633613441
2.535027999997978	549.2839009988711
2.535029999997978	549.2561166019489
2.535031999997978	549.2282812535643
2.5350339999979776	549.200395781437
2.5350359999979775	549.172461010076
2.5350379999979773	549.1444777530896
2.535039999997977	549.1164468268448
2.535041999997977	549.0883690554567
2.535043999997977	549.0602452507595
2.5350459999979766	549.0320762214499
2.5350479999979765	549.003862770612
2.5350499999979763	548.9756056985472
2.535051999997976	548.9473058079341
2.535053999997976	548.918963895498
2.535055999997976	548.8905807561981
2.5350579999979757	548.8621571806425
2.5350599999979755	548.8336939560239
2.5350619999979753	548.8051918666267
2.535063999997975	548.7766516938536
2.535065999997975	548.7480742162256
2.535067999997975	548.7194602094024
2.5350699999979747	548.6908104460991
2.5350719999979745	548.6621256961429
2.5350739999979743	548.6334067266337
2.535075999997974	548.604654301851
2.535077999997974	548.5758691833091
2.535079999997974	548.5470521297794
2.5350819999979737	548.5182038973039
2.5350839999979735	548.4893252392193
2.5350859999979733	548.4604169061837
2.535087999997973	548.4314796461831
2.535089999997973	548.4025142045468
2.535091999997973	548.3735213239755
2.5350939999979727	548.344501744558
2.5350959999979725	548.3154562032844
2.5350979999979724	548.2863854350023
2.535099999997972	548.2572901724824
2.535101999997972	548.2281711454306
2.535103999997972	548.1990290809526
2.5351059999979717	548.1698647035623
2.5351079999979715	548.1406787352269
2.5351099999979714	548.1114718953087
2.535111999997971	548.0822449005836
2.535113999997971	548.0529984652177
2.535115999997971	548.0237333009486
2.5351179999979707	547.9944501167004
2.5351199999979706	547.9651496185089
2.5351219999979704	547.9358325100012
2.5351239999979702	547.906499492124
2.53512599999797	547.8771512631199
2.53512799999797	547.847788518503
2.5351299999979697	547.8184119510903
2.5351319999979696	547.7890222508457
2.5351339999979694	547.7596201048713
2.5351359999979692	547.7302061974596
2.535137999997969	547.7007812100146
2.535139999997969	547.6713458210086
2.5351419999979687	547.6419007059253
2.5351439999979686	547.6124465372494
2.5351459999979684	547.5829839844142
2.5351479999979682	547.5535137137241
2.535149999997968	547.5240363883067
2.535151999997968	547.4945526681054
2.5351539999979678	547.4650632098358
2.5351559999979676	547.4355686669016
2.5351579999979674	547.40606968935
2.5351599999979673	547.3765669237887
2.535161999997967	547.3470610166788
2.535163999997967	547.3175526075465
2.5351659999979668	547.2880423290492
2.5351679999979666	547.2585308135223
2.5351699999979664	547.2290186895359
2.5351719999979663	547.199506581916
2.535173999997966	547.1699951117445
2.535175999997966	547.1404848961914
2.535177999997966	547.1109765437698
2.5351799999979656	547.0814706627615
2.5351819999979655	547.0519678642775
2.5351839999979653	547.0224687490756
2.535185999997965	546.9929739185833
2.535187999997965	546.9634839656684
2.535189999997965	546.9339994743234
2.5351919999979646	546.9045210287829
2.5351939999979645	546.8750492089749
2.5351959999979643	546.8455845904945
2.535197999997964	546.816127744427
2.535199999997964	546.7866792373591
2.535201999997964	546.757239631368
2.5352039999979636	546.7278094839874
2.5352059999979635	546.6983893481945
2.5352079999979633	546.6689797723151
2.535209999997963	546.6395813000116
2.535211999997963	546.6101944702835
2.535213999997963	546.5808198174258
2.5352159999979627	546.5514578709648
2.5352179999979625	546.5221091556846
2.5352199999979623	546.4927741916877
2.535221999997962	546.4634534943101
2.535223999997962	546.4341475740528
2.535225999997962	546.4048569366096
2.5352279999979617	546.3755820828821
2.5352299999979615	546.3463235089793
2.5352319999979613	546.3170817061896
2.535233999997961	546.2878571609942
2.535235999997961	546.2586503550813
2.535237999997961	546.2294617653661
2.5352399999979607	546.2002918639791
2.5352419999979605	546.1711411182848
2.5352439999979604	546.142009990806
2.53524599999796	546.1128989394401
2.53524799999796	546.0838084174015
2.53524999999796	546.0547388731538
2.5352519999979597	546.0256907504976
2.5352539999979595	545.9966644885913
2.5352559999979594	545.9676605220549
2.535257999997959	545.9386792808028
2.535259999997959	545.9097211901253
2.535261999997959	545.8807866708421
2.5352639999979587	545.8518761392837
2.5352659999979585	545.8229900072853
2.5352679999979584	545.7941286822348
2.535269999997958	545.7652925865705
2.535271999997958	545.7364821195682
2.535273999997958	545.7076976556766
2.5352759999979577	545.6789395850125
2.5352779999979576	545.6502082932236
2.5352799999979574	545.6215041616833
2.5352819999979572	545.5928275675459
2.535283999997957	545.564178883747
2.535285999997957	545.5355584789819
2.5352879999979567	545.5069667175536
2.5352899999979566	545.4784039598529
2.5352919999979564	545.4498705621945
2.5352939999979562	545.4213668766164
2.535295999997956	545.3928932510113
2.535297999997956	545.3644500290516
2.5352999999979557	545.3360375519069
2.5353019999979556	545.3076561548938
2.5353039999979554	545.2793061675358
2.5353059999979553	545.2509879170254
2.535307999997955	545.2227017258506
2.535309999997955	545.194447915108
2.5353119999979548	545.166226799666
2.5353139999979546	545.1380386886644
2.5353159999979544	545.1098838885414
2.5353179999979543	545.0817627014787
2.535319999997954	545.0536754253245
2.535321999997954	545.0256223536817
2.5353239999979538	544.9976037758407
2.5353259999979536	544.9696199767345
2.5353279999979534	544.9416712369384
2.5353299999979533	544.9137578324172
2.535331999997953	544.8858800345998
2.535333999997953	544.8580381081323
2.535335999997953	544.8302323150266
2.5353379999979526	544.8024629120494
2.5353399999979525	544.7747301519943
2.5353419999979523	544.7470342835757
2.535343999997952	544.7193755498296
2.535345999997952	544.6917541888847
2.535347999997952	544.6641704338614
2.5353499999979516	544.636624512795
2.5353519999979515	544.609116648523
2.5353539999979513	544.5816470558611
2.535355999997951	544.5542159467409
2.535357999997951	544.5268235307557
2.535359999997951	544.4994700093175
2.5353619999979506	544.4721555783726
2.5353639999979505	544.4448804283252
2.5353659999979503	544.4176447440967
2.53536799999795	544.3904487048642
2.53536999999795	544.3632924841711
2.53537199999795	544.336176250032
2.5353739999979497	544.3091001643024
2.5353759999979495	544.2820643832043
2.5353779999979493	544.2550690570497
2.535379999997949	544.2281143302839
2.535381999997949	544.2012003395135
2.535383999997949	544.174327215234
2.5353859999979487	544.1474950869996
2.5353879999979485	544.1207040769197
2.5353899999979483	544.0939542998731
2.535391999997948	544.0672458647941
2.535393999997948	544.0405788746152
2.535395999997948	544.0139534263668
2.5353979999979477	543.987369611144
2.5353999999979475	543.9608275141441
2.5354019999979474	543.9343272147609
2.535403999997947	543.9078687866034
2.535405999997947	543.8814522975488
2.535407999997947	543.8550778098037
2.5354099999979467	543.8287453799725
2.5354119999979465	543.8024550593636
2.5354139999979464	543.776206893625
2.535415999997946	543.7500009227606
2.535417999997946	543.7238371818235
2.535419999997946	543.6977157007453
2.5354219999979457	543.6716364989217
2.5354239999979455	543.6455995958314
2.5354259999979454	543.6196050126417
2.535427999997945	543.5936527597913
2.535429999997945	543.5677428433878
2.535431999997945	543.5418752651821
2.5354339999979447	543.5160500227411
2.5354359999979446	543.49026710962
2.5354379999979444	543.4645265155258
2.5354399999979442	543.4388282265226
2.535441999997944	543.413172225156
2.535443999997944	543.3875584906656
2.5354459999979437	543.3619869992046
2.5354479999979436	543.3364577240312
2.5354499999979434	543.3109706359658
2.5354519999979432	543.2855257028991
2.535453999997943	543.2601228903219
2.535455999997943	543.2347621618211
2.5354579999979427	543.2094434790728
2.5354599999979426	543.1841668021013
2.5354619999979424	543.1589320895271
2.5354639999979423	543.1337392986543
2.535465999997942	543.1085883857368
2.535467999997942	543.0834793062497
2.5354699999979418	543.0584120150548
2.5354719999979416	543.0333864665665
2.5354739999979414	543.0084026150776
2.5354759999979413	542.9834604149686
2.535477999997941	542.9585598208009
2.535479999997941	542.9337007875824
2.5354819999979408	542.908883270975
2.5354839999979406	542.8841072274895
2.5354859999979404	542.8593726146681
2.5354879999979403	542.8346793912982
2.53548999999794	542.8100275175893
2.53549199999794	542.7854169397993
2.53549399999794	542.7608476208935
2.5354959999979396	542.7363195422108
2.5354979999979395	542.7118326712259
2.5354999999979393	542.6873869778256
2.535501999997939	542.6629824343162
2.535503999997939	542.6386190155855
2.535505999997939	542.6142966992318
2.5355079999979386	542.5900154656871
2.5355099999979385	542.5657752983607
2.5355119999979383	542.5415761837472
2.535513999997938	542.5174181115386
2.535515999997938	542.4933010747264
2.535517999997938	542.4692250696996
2.5355199999979376	542.4451900963267
2.5355219999979375	542.4211961580345
2.5355239999979373	542.3972432618966
2.535525999997937	542.3733314186825
2.535527999997937	542.3494606429384
2.535529999997937	542.3256309530553
2.5355319999979367	542.3018423712044
2.5355339999979365	542.2780949234306
2.5355359999979363	542.2543886397165
2.535537999997936	542.23072355398
2.535539999997936	542.2070997041267
2.535541999997936	542.1835171320101
2.5355439999979357	542.1599758834483
2.5355459999979355	542.1364760082237
2.5355479999979353	542.113017560074
2.535549999997935	542.0896005966771
2.535551999997935	542.0662251796311
2.535553999997935	542.0428913744324
2.5355559999979347	542.0195992504449
2.5355579999979345	541.9963488808695
2.5355599999979344	541.9731403427065
2.535561999997934	541.9499737167157
2.535563999997934	541.9268490873561
2.535565999997934	541.9037665427772
2.5355679999979337	541.8807261747512
2.5355699999979335	541.8577280786229
2.5355719999979334	541.8347723532839
2.535573999997933	541.8118591010704
2.535575999997933	541.7889884277369
2.535577999997933	541.7661604424003
2.5355799999979327	541.7433752574582
2.5355819999979325	541.7206329885953
2.5355839999979324	541.697933754723
2.535585999997932	541.6752776778691
2.535587999997932	541.6526648831734
2.535589999997932	541.6300954987935
2.5355919999979317	541.6075696559147
2.5355939999979316	541.5850874887067
2.5355959999979314	541.5626491342282
2.5355979999979312	541.5402547324143
2.535599999997931	541.5179044259945
2.535601999997931	541.4955983605711
2.5356039999979307	541.4733366845784
2.5356059999979306	541.4511195490988
2.5356079999979304	541.4289471079207
2.5356099999979302	541.4068195176084
2.53561199999793	541.3847369373987
2.53561399999793	541.3626995292028
2.5356159999979297	541.3407074605119
2.5356179999979296	541.3187608985775
2.5356199999979294	541.2968600101404
2.5356219999979293	541.275004967956
2.535623999997929	541.2531959473948
2.535625999997929	541.2314331265399
2.5356279999979288	541.2097166861873
2.5356299999979286	541.188046821859
2.5356319999979284	541.1664237203745
2.5356339999979283	541.1448475594786
2.535635999997928	541.1233185312299
2.535637999997928	541.1018368307003
2.5356399999979278	541.0804026559218
2.5356419999979276	541.0590162079045
2.5356439999979274	541.0376776784889
2.5356459999979273	541.016387274045
2.535647999997927	540.9951452175757
2.535649999997927	540.9739517226881
2.535651999997927	540.9528070120012
2.5356539999979266	540.9317113089512
2.5356559999979265	540.9106648313776
2.5356579999979263	540.889667803985
2.535659999997926	540.8687204574596
2.535661999997926	540.8478230261501
2.535663999997926	540.8269757488134
2.5356659999979256	540.8061788670116
2.5356679999979255	540.7854326251573
2.5356699999979253	540.7647372724701
2.535671999997925	540.7440930619979
2.535673999997925	540.7235002506521
2.535675999997925	540.7029590993703
2.5356779999979246	540.6824698731252
2.5356799999979245	540.6620328409247
2.5356819999979243	540.6416482758383
2.535683999997924	540.6213164550389
2.535685999997924	540.6010376598347
2.535687999997924	540.5808121756813
2.5356899999979237	540.5606402921879
2.5356919999979235	540.5405223031561
2.5356939999979233	540.5204585065209
2.535695999997923	540.500449204326
2.535697999997923	540.48049470279
2.535699999997923	540.4605953122252
2.5357019999979227	540.4407513470403
2.5357039999979225	540.4209631256549
2.5357059999979223	540.4012309705056
2.535707999997922	540.3815552080107
2.535709999997922	540.3619361684214
2.535711999997922	540.3423741857895
2.5357139999979217	540.3228695978916
2.5357159999979215	540.3034227461741
2.5357179999979214	540.2840339755898
2.535719999997921	540.2647036345043
2.535721999997921	540.2454320746369
2.535723999997921	540.2262196509103
2.5357259999979207	540.207066721336
2.5357279999979205	540.187973646875
2.5357299999979204	540.1689407931891
2.53573199999792	540.1499685267179
2.53573399999792	540.1310572146522
2.53573599999792	540.1122072279179
2.5357379999979197	540.0934189402592
2.5357399999979195	540.0746927270004
2.5357419999979194	540.0560289653866
2.535743999997919	540.037428034294
2.535745999997919	540.0188903140253
2.535747999997919	540.0004161861586
2.5357499999979187	539.9820060332765
2.5357519999979186	539.9636602388725
2.5357539999979184	539.9453791871248
2.5357559999979182	539.9271632626105
2.535757999997918	539.9090128501393
2.535759999997918	539.8909283345679
2.5357619999979177	539.8729101005266
2.5357639999979176	539.8549585322548
2.5357659999979174	539.8370740133975
2.5357679999979172	539.8192569267169
2.535769999997917	539.8015076539294
2.535771999997917	539.7838265755221
2.5357739999979168	539.7662140705155
2.5357759999979166	539.748670516269
2.5357779999979164	539.7311962882512
2.5357799999979163	539.7137917598274
2.535781999997916	539.6964573020948
2.535783999997916	539.6791932836284
2.5357859999979158	539.6620000703832
2.5357879999979156	539.6448780254888
2.5357899999979154	539.6278275089849
2.5357919999979153	539.6108488776961
2.535793999997915	539.593942485061
2.535795999997915	539.5771086809544
2.5357979999979148	539.560347811552
2.5357999999979146	539.5436602191331
2.5358019999979144	539.5270462419721
2.5358039999979143	539.5105062142233
2.535805999997914	539.494040465735
2.535807999997914	539.4776493219523
2.535809999997914	539.4613331037148
2.5358119999979136	539.4450921273198
2.5358139999979135	539.4289267044509
2.5358159999979133	539.4128371419051
2.535817999997913	539.3968237415606
2.535819999997913	539.3808868003221
2.535821999997913	539.3650266071007
2.5358239999979126	539.3492434496618
2.5358259999979125	539.3335376112973
2.5358279999979123	539.3179093688669
2.535829999997912	539.3023589937258
2.535831999997912	539.2868867462248
2.535833999997912	539.2714928875396
2.5358359999979116	539.2561776793494
2.5358379999979115	539.2409413720419
2.5358399999979113	539.2257842109424
2.535841999997911	539.2107064362216
2.535843999997911	539.1957082829715
2.535845999997911	539.1807899811714
2.5358479999979107	539.1659517557107
2.5358499999979105	539.1511938265971
2.5358519999979103	539.1365164090544
2.53585399999791	539.12191971337
2.53585599999791	539.1074039451169
2.53585799999791	539.0929693052258
2.5358599999979097	539.0786159900084
2.5358619999979095	539.064344188378
2.5358639999979093	539.0501540876096
2.535865999997909	539.0360458747369
2.535867999997909	539.0220197291857
2.535869999997909	539.0080758264892
2.5358719999979087	538.9942143382319
2.5358739999979085	538.9804354323236
2.5358759999979084	538.9667392731888
2.535877999997908	538.9531260218674
2.535879999997908	538.9395958365567
2.535881999997908	538.9261488724734
2.5358839999979077	538.9127852809119
2.5358859999979075	538.8995052106849
2.5358879999979074	538.886308808245
2.535889999997907	538.8731962175405
2.535891999997907	538.8601675801458
2.535893999997907	538.8472230355787
2.5358959999979067	538.8343627214347
2.5358979999979065	538.8215867734585
2.5358999999979064	538.8088953258155
2.535901999997906	538.7962885110389
2.535903999997906	538.7837664602671
2.535905999997906	538.7713293036213
2.5359079999979057	538.7589771700628
2.5359099999979056	538.7467101876192
2.5359119999979054	538.7345284836101
2.5359139999979052	538.7224321847484
2.535915999997905	538.7104214173061
2.535917999997905	538.6984963071142
2.5359199999979047	538.6866569798515
2.5359219999979046	538.6749035611356
2.5359239999979044	538.6632361764896
2.5359259999979042	538.6516549515964
2.535927999997904	538.6401600124152
2.535929999997904	538.6287514852207
2.5359319999979038	538.617429496769
2.5359339999979036	538.6061941742806
2.5359359999979034	538.5950456455593
2.5359379999979033	538.5839840390945
2.535939999997903	538.573009484093
2.535941999997903	538.5621221105915
2.5359439999979028	538.5513220494801
2.5359459999979026	538.5406094325278
2.5359479999979024	538.52998439244
2.5359499999979023	538.5194470628895
2.535951999997902	538.5089975785148
2.535953999997902	538.4986360749303
2.5359559999979018	538.4883626888659
2.5359579999979016	538.4781775581131
2.5359599999979014	538.4680808235294
2.5359619999979013	538.4580726250794
2.535963999997901	538.4481531012244
2.535965999997901	538.4383223939566
2.535967999997901	538.4285806459226
2.5359699999979006	538.4189280006235
2.5359719999979005	538.4093646025085
2.5359739999979003	538.3998905967978
2.5359759999979	538.3905061295584
2.5359779999979	538.3812113475944
2.5359799999979	538.3720063983703
2.5359819999978996	538.3628914299289
2.5359839999978995	538.3538665908535
2.5359859999978993	538.3449320300916
2.535987999997899	538.3360878971952
2.535989999997899	538.327334341743
2.535991999997899	538.3186715219421
2.5359939999978987	538.3100995872461
2.5359959999978985	538.3016186796881
2.5359979999978983	538.2932289490152
2.535999999997898	538.2849305447772
2.536001999997898	538.276723616198
2.536003999997898	538.268608312095
2.5360059999978977	538.2605847807669
2.5360079999978975	538.2526531698461
2.5360099999978973	538.2448136262054
2.536011999997897	538.2370662958259
2.536013999997897	538.2294113077553
2.536015999997897	538.2218488063302
2.5360179999978967	538.214378949662
2.5360199999978965	538.2070018793628
2.5360219999978963	538.1997177355014
2.536023999997896	538.1925266566344
2.536025999997896	538.1854287796556
2.536027999997896	538.1784242397134
2.5360299999978957	538.1715131700723
2.5360319999978955	538.1646957020508
2.5360339999978954	538.1579719649591
2.536035999997895	538.151342085945
2.536037999997895	538.1448062076571
2.536039999997895	538.1383644545707
2.5360419999978947	538.1320169280598
2.5360439999978945	538.1257637444744
2.5360459999978944	538.119605018449
2.536047999997894	538.1135408619316
2.536049999997894	538.1075713841009
2.536051999997894	538.1016966912266
2.5360539999978937	538.095916886537
2.5360559999978936	538.0902320691647
2.5360579999978934	538.0846423363752
2.536059999997893	538.079147782984
2.536061999997893	538.0737484995996
2.536063999997893	538.068444573387
2.5360659999978927	538.0632360882165
2.5360679999978926	538.0581231245258
2.5360699999978924	538.053105759264
2.5360719999978922	538.0481840658448
2.536073999997892	538.0433581141028
2.536075999997892	538.038627970267
2.5360779999978917	538.0339936968912
2.5360799999978916	538.0294553528565
2.5360819999978914	538.0250129933232
2.5360839999978912	538.020666669716
2.536085999997891	538.0164164297033
2.536087999997891	538.0122623171736
2.5360899999978908	538.0082043722048
2.5360919999978906	538.0042426310825
2.5360939999978904	538.0003771262745
2.5360959999978903	537.9966078864327
2.53609799999789	537.9929349363761
2.53609999999789	537.9893582970652
2.5361019999978898	537.9858779856901
2.5361039999978896	537.9824940156414
2.5361059999978894	537.979206396476
2.5361079999978893	537.9760151339549
2.536109999997889	537.9729202300812
2.536111999997889	537.9699216830571
2.536113999997889	537.967019487331
2.5361159999978886	537.9642136336357
2.5361179999978885	537.9615041089899
2.5361199999978883	537.9588908967255
2.536121999997888	537.9563739765157
2.536123999997888	537.9539533243992
2.536125999997888	537.9516289127747
2.5361279999978876	537.9494007105037
2.5361299999978875	537.9472686829209
2.5361319999978873	537.9452327918209
2.536133999997887	537.9432929955167
2.536135999997887	537.9414492488494
2.536137999997887	537.9397015032658
2.5361399999978866	537.9380497068643
2.5361419999978865	537.9364938043694
2.5361439999978863	537.9350337372033
2.536145999997886	537.9336694435183
2.536147999997886	537.9324008582116
2.536149999997886	537.9312279130163
2.5361519999978857	537.9301505365261
2.5361539999978855	537.9291686542371
2.5361559999978853	537.928282188593
2.536157999997885	537.9274910589004
2.536159999997885	537.926795181341
2.536161999997885	537.9261944692867
2.5361639999978847	537.9256888332069
2.5361659999978845	537.9252781806473
2.5361679999978843	537.9249624163257
2.536169999997884	537.9247414421018
2.536171999997884	537.9246151569956
2.536173999997884	537.9245834573449
2.5361759999978837	537.9246462368051
2.5361779999978835	537.9248033863895
2.5361799999978833	537.9250547942243
2.536181999997883	537.9254003459728
2.536183999997883	537.9258399248906
2.536185999997883	537.9263734115598
2.5361879999978827	537.9270006840151
2.5361899999978825	537.9277216178648
2.5361919999978824	537.9285360862692
2.536193999997882	537.9294439598982
2.536195999997882	537.9304451071424
2.536197999997882	537.931539393293
2.5361999999978817	537.9327266817816
2.5362019999978815	537.9340068347615
2.5362039999978814	537.9353797111593
2.536205999997881	537.9368451678035
2.536207999997881	537.938403059261
2.536209999997881	537.9400532378567
2.5362119999978807	537.9417955537506
2.5362139999978806	537.9436298549492
2.5362159999978804	537.9455559826825
2.5362179999978802	537.9475737813995
2.53621999999788	537.9496830970035
2.53622199999788	537.9518837692524
2.5362239999978797	537.9541756356216
2.5362259999978796	537.9565585315822
2.5362279999978794	537.9590322905905
2.5362299999978792	537.9615967440978
2.536231999997879	537.9642517215713
2.536233999997879	537.9669970505373
2.5362359999978787	537.9698325565957
2.5362379999978786	537.9727580634526
2.5362399999978784	537.9757733927679
2.5362419999978782	537.9788783643864
2.536243999997878	537.9820727962617
2.536245999997878	537.9853565044643
2.5362479999978778	537.9887293032356
2.5362499999978776	537.9921910049884
2.5362519999978774	537.9957414203009
2.5362539999978773	537.9993803579505
2.536255999997877	538.0031076248855
2.536257999997877	538.0069230371952
2.5362599999978768	538.0108263976286
2.5362619999978766	538.0148174971755
2.5362639999978764	538.0188961355678
2.5362659999978763	538.0230621110148
2.536267999997876	538.0273152181011
2.536269999997876	538.031655251392
2.536271999997876	538.0360820059293
2.5362739999978756	538.0405952730491
2.5362759999978755	538.0451948423982
2.5362779999978753	538.049880501959
2.536279999997875	538.0546520380279
2.536281999997875	538.0595092352996
2.536283999997875	538.064451876784
2.5362859999978746	538.0694797438166
2.5362879999978745	538.0745926161609
2.5362899999978743	538.0797902719435
2.536291999997874	538.0850724876478
2.536293999997874	538.0904390381675
2.536295999997874	538.0958896967737
2.5362979999978736	538.1014242351682
2.5362999999978735	538.1070424234684
2.5363019999978733	538.1127440302176
2.536303999997873	538.1185288223993
2.536305999997873	538.1243965654298
2.536307999997873	538.1303470251152
2.5363099999978727	538.1363799639208
2.5363119999978725	538.1424951406057
2.5363139999978723	538.148692314456
2.536315999997872	538.1549712432147
2.536317999997872	538.1613316831982
2.536319999997872	538.1677733891885
2.5363219999978717	538.1742961144872
2.5363239999978715	538.18089961094
2.5363259999978713	538.1875836289416
2.536327999997871	538.1943479174627
2.536329999997871	538.2011922240551
2.536331999997871	538.2081162948964
2.5363339999978707	538.2151198747639
2.5363359999978705	538.2222027070447
2.5363379999978704	538.2293645337536
2.53633999999787	538.2366050956169
2.53634199999787	538.2439241320756
2.53634399999787	538.2513213814639
2.5363459999978697	538.2587965806416
2.5363479999978695	538.2663494650697
2.5363499999978694	538.2739797691692
2.536351999997869	538.2816872261573
2.536353999997869	538.2894715637931
2.536355999997869	538.2973325148216
2.5363579999978687	538.3052698116703
2.5363599999978685	538.3132831835546
2.5363619999978684	538.3213723582584
2.536363999997868	538.3295370625267
2.536365999997868	538.3377770221198
2.536367999997868	538.34609196186
2.5363699999978677	538.3544816056742
2.5363719999978676	538.3629456765868
2.5363739999978674	538.371483896754
2.5363759999978672	538.380095991732
2.536377999997867	538.3887816820327
2.536379999997867	538.3975406833617
2.5363819999978667	538.4063727147835
2.5363839999978666	538.4152774948325
2.5363859999978664	538.42425474138
2.5363879999978662	538.4333041754599
2.536389999997866	538.4424255138179
2.536391999997866	538.4516184687899
2.5363939999978657	538.460882756125
2.5363959999978656	538.4702180928027
2.5363979999978654	538.4796241937473
2.5363999999978653	538.48910077117
2.536401999997865	538.4986475391537
2.536403999997865	538.5082642114514
2.5364059999978648	538.5179505015507
2.5364079999978646	538.5277061226831
2.5364099999978644	538.5375307841091
2.5364119999978643	538.5474241827734
2.536413999997864	538.5573860333287
2.536415999997864	538.5674160861666
2.5364179999978638	538.5775140546862
2.5364199999978636	538.5876796289173
2.5364219999978634	538.5979125211667
2.5364239999978633	538.6082124435673
2.536425999997863	538.6185791081143
2.536427999997863	538.6290122267044
2.536429999997863	538.6395115112657
2.5364319999978626	538.6500766736895
2.5364339999978625	538.6607074258729
2.5364359999978623	538.6714034796846
2.536437999997862	538.6821645469395
2.536439999997862	538.6929903394964
2.536441999997862	538.7038805692167
2.5364439999978616	538.7148349479977
2.5364459999978615	538.7258531876777
2.5364479999978613	538.736935000025
2.536449999997861	538.7480800966177
2.536451999997861	538.7592881893858
2.536453999997861	538.7705589900362
2.5364559999978606	538.7818921955912
2.5364579999978605	538.7932875186832
2.5364599999978603	538.8047446839446
2.53646199999786	538.8162634029951
2.53646399999786	538.827843387134
2.53646599999786	538.8394843475178
2.5364679999978597	538.8511859950931
2.5364699999978595	538.8629480405923
2.5364719999978593	538.8747701945049
2.536473999997859	538.8866521670872
2.536475999997859	538.8985936683138
2.536477999997859	538.9105944078613
2.5364799999978587	538.9226540950342
2.5364819999978585	538.9347724387844
2.5364839999978583	538.9469491477041
2.536485999997858	538.9591839299352
2.536487999997858	538.9714764931108
2.536489999997858	538.9838265444366
2.5364919999978577	538.9962337906102
2.5364939999978575	539.008697937716
2.5364959999978574	539.0212186912871
2.536497999997857	539.0337957562318
2.536499999997857	539.0464288367489
2.536501999997857	539.0591176364037
2.5365039999978567	539.0718618580712
2.5365059999978565	539.0846612038686
2.5365079999978564	539.0975153751459
2.536509999997856	539.1104240724586
2.536511999997856	539.1233869955415
2.536513999997856	539.1364038432833
2.5365159999978557	539.1494743137223
2.5365179999978555	539.1625981039906
2.5365199999978554	539.1757749266669
2.536521999997855	539.1890044761269
2.536523999997855	539.2022864313888
2.536525999997855	539.215620485517
2.5365279999978547	539.2290063181159
2.5365299999978546	539.2424436204063
2.5365319999978544	539.2559320955392
2.5365339999978542	539.2694714328873
2.536535999997854	539.2830613206952
2.536537999997854	539.2967014461718
2.5365399999978537	539.3103914954485
2.5365419999978536	539.3241311535909
2.5365439999978534	539.3379201045915
2.5365459999978532	539.3517580313677
2.536547999997853	539.3656446157744
2.536549999997853	539.3795795385669
2.5365519999978527	539.3935624793967
2.5365539999978526	539.4075931168586
2.5365559999978524	539.421671128428
2.5365579999978523	539.4357961905524
2.536559999997852	539.4499679786599
2.536561999997852	539.4641861670611
2.5365639999978518	539.4784504290084
2.5365659999978516	539.4927604367033
2.5365679999978514	539.5071158613048
2.5365699999978513	539.521516372937
2.536571999997851	539.5359616408401
2.536573999997851	539.5504513330754
2.5365759999978508	539.5649851165261
2.5365779999978506	539.5795626572993
2.5365799999978504	539.5941836206827
2.5365819999978503	539.6088476707889
2.53658399999785	539.6235544707251
2.53658599999785	539.6383036827273
2.53658799999785	539.6530949681683
2.5365899999978496	539.667927987439
2.5365919999978495	539.6828023999972
2.5365939999978493	539.6977178644563
2.536595999997849	539.7126740385638
2.536597999997849	539.7276705792117
2.536599999997849	539.7427071425004
2.5366019999978486	539.7577833836681
2.5366039999978485	539.7728989570815
2.5366059999978483	539.788053516378
2.536607999997848	539.8032467144204
2.536609999997848	539.8184782033188
2.536611999997848	539.8337476344466
2.5366139999978476	539.8490546584596
2.5366159999978475	539.8643989253155
2.5366179999978473	539.8797800842935
2.536619999997847	539.895197784016
2.536621999997847	539.910651672467
2.536623999997847	539.9261413970178
2.5366259999978467	539.9416666044435
2.5366279999978465	539.957226941064
2.5366299999978463	539.9728220525235
2.536631999997846	539.9884515839027
2.536633999997846	540.004115179858
2.536635999997846	540.0198124845913
2.5366379999978457	540.0355431418699
2.5366399999978455	540.051306795093
2.5366419999978453	540.0671030872611
2.536643999997845	540.0829316610193
2.536645999997845	540.0987921587416
2.536647999997845	540.1146842225407
2.5366499999978447	540.130607494308
2.5366519999978445	540.1465616157567
2.5366539999978444	540.1625462284477
2.536655999997844	540.1785609738671
2.536657999997844	540.1946054934497
2.536659999997844	540.2106794286502
2.5366619999978437	540.226782420975
2.5366639999978435	540.2429141120375
2.5366659999978434	540.2590741436231
2.536667999997843	540.2752621577328
2.536669999997843	540.2914777966507
2.536671999997843	540.3077207030054
2.5366739999978427	540.3239905198367
2.5366759999978425	540.3402868906597
2.5366779999978424	540.3566094595343
2.536679999997842	540.3729578711361
2.536681999997842	540.3893317708299
2.536683999997842	540.405730804745
2.5366859999978417	540.4221546198497
2.5366879999978416	540.4386028640323
2.5366899999978414	540.4550751861811
2.5366919999978412	540.4715712395061
2.536693999997841	540.4880906758774
2.536695999997841	540.5046331433522
2.5366979999978407	540.5211982958223
2.5366999999978406	540.5377857884234
2.5367019999978404	540.5543952778253
2.5367039999978402	540.5710264223119
2.53670599999784	540.587678881859
2.53670799999784	540.6043523181881
2.5367099999978397	540.6210463949325
2.5367119999978396	540.6377607777434
2.5367139999978394	540.6544951343013
2.5367159999978393	540.6712491344463
2.536717999997839	540.6880224489609
2.536719999997839	540.7048147514422
2.5367219999978388	540.7216257213876
2.5367239999978386	540.7384550379891
2.5367259999978384	540.7553023900545
2.5367279999978383	540.7721674403099
2.536729999997838	540.7890498674248
2.536731999997838	540.8059493861379
2.5367339999978378	540.8228656896191
2.5367359999978376	540.8397984742941
2.5367379999978374	540.8567474397294
2.5367399999978373	540.8737122887056
2.536741999997837	540.8906927272943
2.536743999997837	540.907688464934
2.536745999997837	540.9246992154535
2.5367479999978366	540.9417246966748
2.5367499999978365	540.9587646256998
2.5367519999978363	540.9758187264098
2.536753999997836	540.99288672611
2.536755999997836	541.0099683558693
2.536757999997836	541.027063350578
2.5367599999978356	541.0441714489974
2.5367619999978355	541.0612923938121
2.5367639999978353	541.078425931676
2.536765999997835	541.0955718132568
2.536767999997835	541.1127297932683
2.536769999997835	541.1298996305223
2.5367719999978346	541.1470810879601
2.5367739999978345	541.1642739326717
2.5367759999978343	541.1814779359295
2.536777999997834	541.1986928732136
2.536779999997834	541.2159185242188
2.536781999997834	541.233154672902
2.5367839999978337	541.2504011074833
2.5367859999978335	541.2676576204511
2.5367879999978333	541.2849240085734
2.536789999997833	541.3022000729043
2.536791999997833	541.3194856187913
2.536793999997833	541.3367804558791
2.5367959999978327	541.3540843981004
2.5367979999978325	541.371397263676
2.5367999999978323	541.3887188751085
2.536801999997832	541.4060490591969
2.536803999997832	541.4233876469689
2.536805999997832	541.4407344737334
2.5368079999978317	541.4580893790437
2.5368099999978315	541.4754522066144
2.5368119999978314	541.4928228043806
2.536813999997831	541.5102010244473
2.536815999997831	541.5275867231293
2.536817999997831	541.5449797609109
2.5368199999978307	541.5623800023743
2.5368219999978305	541.5797873162022
2.5368239999978304	541.5972015751515
2.53682599999783	541.614622656027
2.53682799999783	541.632050439691
2.53682999999783	541.6494848110249
2.5368319999978297	541.6669256588739
2.5368339999978295	541.6843728760398
2.5368359999978294	541.7018263592664
2.536837999997829	541.7192860092111
2.536839999997829	541.7367517304266
2.536841999997829	541.7542234313294
2.5368439999978287	541.7717010241719
2.5368459999978286	541.7891844250365
2.5368479999978284	541.8066735518464
2.5368499999978282	541.8241683282504
2.536851999997828	541.8416686836325
2.536853999997828	541.8591745491941
2.5368559999978277	541.8766858598439
2.5368579999978276	541.8942025542048
2.5368599999978274	541.9117245745992
2.5368619999978272	541.9292518670383
2.536863999997827	541.9467843812068
2.536865999997827	541.9643220704567
2.5368679999978268	541.981864891795
2.5368699999978266	541.9994128059024
2.5368719999978264	542.0169657770787
2.5368739999978263	542.034523773229
2.536875999997826	542.0520867659294
2.536877999997826	542.0696547303995
2.5368799999978258	542.0872276454784
2.5368819999978256	542.1048054936463
2.5368839999978254	542.1223882610293
2.5368859999978253	542.1399759373904
2.536887999997825	542.1575685161421
2.536889999997825	542.1751659943515
2.5368919999978248	542.1927683727516
2.5368939999978246	542.2103756557082
2.5368959999978244	542.2279878512958
2.5368979999978243	542.2456049713576
2.536899999997824	542.2632270313893
2.536901999997824	542.280854050597
2.536903999997824	542.2984860519348
2.5369059999978236	542.3161230621255
2.5369079999978235	542.3337651116461
2.5369099999978233	542.3514122347582
2.536911999997823	542.3690644695254
2.536913999997823	542.3867218578312
2.536915999997823	542.4043844453968
2.5369179999978226	542.4220522817984
2.5369199999978225	542.439725420491
2.5369219999978223	542.4574039188147
2.536923999997822	542.4750878380139
2.536925999997822	542.4927772432643
2.536927999997822	542.5104722036875
2.5369299999978216	542.5281727923395
2.5369319999978215	542.5458790862706
2.5369339999978213	542.5635911665498
2.536935999997821	542.5813091182324
2.536937999997821	542.5990330303889
2.536939999997821	542.6167629961222
2.5369419999978207	542.6344991125775
2.5369439999978205	542.6522414809515
2.5369459999978203	542.6699902065034
2.53694799999782	542.6877453985593
2.53694999999782	542.7055071705199
2.53695199999782	542.7232756398629
2.5369539999978197	542.7410509281467
2.5369559999978195	542.7588331610089
2.5369579999978193	542.7766224681603
2.536959999997819	542.7944189833937
2.536961999997819	542.8122228445724
2.536963999997819	542.8300341936213
2.5369659999978187	542.8478531765214
2.5369679999978185	542.8656799432897
2.5369699999978184	542.883514647953
2.536971999997818	542.9013574485679
2.536973999997818	542.9192085071867
2.536975999997818	542.9370679923503
2.5369779999978177	542.9549360740257
2.5369799999978175	542.9728129235322
2.5369819999978174	542.9906987186389
2.536983999997817	543.0085936409836
2.536985999997817	543.0264978760086
2.536987999997817	543.0444116129775
2.5369899999978167	543.0623350449611
2.5369919999978165	543.0802683687223
2.5369939999978164	543.0982117983855
2.536995999997816	543.1161655389187
2.536997999997816	543.1341297829581
2.536999999997816	543.1521047420998
2.5370019999978157	543.1700906309833
2.5370039999978156	543.1880876677471
2.5370059999978154	543.2060960739037
2.5370079999978152	543.2241160742722
2.537009999997815	543.2421478969379
2.537011999997815	543.2601917732009
2.5370139999978147	543.2782479375182
2.5370159999978146	543.2963166274125
2.5370179999978144	543.314398083359
2.5370199999978142	543.33249254883
2.537021999997814	543.3506002702229
2.537023999997814	543.368721496728
2.5370259999978138	543.3868564802458
2.5370279999978136	543.405005475355
2.5370299999978134	543.4231687392424
2.5370319999978133	543.441346531538
2.537033999997813	543.459539114366
2.537035999997813	543.477746752267
2.5370379999978128	543.4959697121574
2.5370399999978126	543.5142082629851
2.5370419999978124	543.5324626756852
2.5370439999978123	543.5507332233877
2.537045999997812	543.5690201811899
2.537047999997812	543.5873238260255
2.5370499999978118	543.6056444366696
2.5370519999978116	543.6239822936036
2.5370539999978114	543.6423376789667
2.5370559999978113	543.6607108764837
2.537057999997811	543.6791021713439
2.537059999997811	543.6975118500824
2.537061999997811	543.715940200515
2.5370639999978106	543.7343875117168
2.5370659999978105	543.7528540738956
2.5370679999978103	543.7713401783102
2.53706999999781	543.789846117207
2.53707199999781	543.808372183773
2.53707399999781	543.8269186719696
2.5370759999978096	543.8454858764646
2.5370779999978095	543.8640740914982
2.5370799999978093	543.8826836128356
2.537081999997809	543.9013147383661
2.537083999997809	543.919967764865
2.537085999997809	543.9386429896222
2.5370879999978087	543.9573407101473
2.5370899999978085	543.97606122411
2.5370919999978083	543.9948048292736
2.537093999997808	544.0135718236093
2.537095999997808	544.0323625051507
2.537097999997808	544.0511771717257
2.5370999999978077	544.0700161210648
2.5371019999978075	544.0888796506711
2.5371039999978073	544.1077680577678
2.537105999997807	544.1266816392825
2.537107999997807	544.1456206917577
2.537109999997807	544.1645855109635
2.5371119999978067	544.1835763924565
2.5371139999978065	544.2025936315007
2.5371159999978063	544.2216375376987
2.537117999997806	544.2407084052514
2.537119999997806	544.2598065116528
2.537121999997806	544.2789321430621
2.5371239999978057	544.2980855911642
2.5371259999978055	544.3172671517688
2.5371279999978054	544.3364771145465
2.537129999997805	544.355715768104
2.537131999997805	544.374983400055
2.537133999997805	544.3942802969771
2.5371359999978047	544.4136067443624
2.5371379999978045	544.4329630265489
2.5371399999978044	544.4523494266831
2.537141999997804	544.4717662267082
2.537143999997804	544.4912137073362
2.537145999997804	544.5106921480244
2.5371479999978037	544.5302018269076
2.5371499999978036	544.5497430207741
2.5371519999978034	544.569316005034
2.537153999997803	544.5889210537102
2.537155999997803	544.6085584394988
2.537157999997803	544.628228433491
2.5371599999978027	544.6479313051581
2.5371619999978026	544.6676673226364
2.5371639999978024	544.6874367524604
2.5371659999978022	544.7072398595288
2.537167999997802	544.7270769072492
2.537169999997802	544.7469481573527
2.5371719999978017	544.7668538698707
2.5371739999978016	544.7867943032376
2.5371759999978014	544.8067697141657
2.5371779999978012	544.8267803576215
2.537179999997801	544.8468264868333
2.537181999997801	544.8669083533362
2.5371839999978008	544.8870262068228
2.5371859999978006	544.907180295101
2.5371879999978004	544.927370864234
2.5371899999978003	544.9475981583917
2.5371919999978	544.967862419833
2.5371939999978	544.9881638889415
2.5371959999977998	545.0085028041696
2.5371979999977996	545.0288794020254
2.5371999999977994	545.0492939170457
2.5372019999977993	545.0697465817941
2.537203999997799	545.0902376267792
2.537205999997799	545.1107672804559
2.537207999997799	545.1313357692324
2.5372099999977986	545.151943317417
2.5372119999977985	545.1725901472026
2.5372139999977983	545.1932764786563
2.537215999997798	545.2140025296985
2.537217999997798	545.2347685160476
2.537219999997798	545.2555746512078
2.5372219999977976	545.2764211464481
2.5372239999977975	545.2973082107785
2.5372259999977973	545.318236050922
2.537227999997797	545.3392048713937
2.537229999997797	545.3602148742641
2.537231999997797	545.3812662591328
2.5372339999977966	545.4023592233118
2.5372359999977965	545.4234939616957
2.5372379999977963	545.444670666739
2.537239999997796	545.4658895284166
2.537241999997796	545.4871507341984
2.537243999997796	545.5084544690321
2.5372459999977957	545.5298009130279
2.5372479999977955	545.5511902336721
2.5372499999977953	545.572622607695
2.537251999997795	545.5940982258677
2.537253999997795	545.6156172592094
2.537255999997795	545.6371798769227
2.5372579999977947	545.6587862454834
2.5372599999977945	545.6804365286129
2.5372619999977943	545.7021308872477
2.537263999997794	545.7238694795168
2.537265999997794	545.7456524607096
2.537267999997794	545.7674799832458
2.5372699999977937	545.7893521966472
2.5372719999977935	545.8112692475089
2.5372739999977934	545.8332312794735
2.537275999997793	545.8552384331911
2.537277999997793	545.8772908463111
2.537279999997793	545.8993886534582
2.5372819999977927	545.9215319861729
2.5372839999977925	545.9437209729344
2.5372859999977924	545.9659557390673
2.537287999997792	545.9882364067406
2.537289999997792	546.0105630949421
2.537291999997792	546.032935919423
2.5372939999977917	546.0553549927363
2.5372959999977915	546.0778204241888
2.5372979999977914	546.1003323197913
2.537299999997791	546.1228907821798
2.537301999997791	546.145495910734
2.537303999997791	546.1681478015016
2.5373059999977907	546.190846547119
2.5373079999977906	546.2135922367945
2.5373099999977904	546.2363849563086
2.5373119999977902	546.259224788005
2.53731399999779	546.2821118107174
2.53731599999779	546.3050460998161
2.5373179999977897	546.3280277271356
2.5373199999977896	546.3510567608961
2.5373219999977894	546.3741332658091
2.5373239999977892	546.3972573030081
2.537325999997789	546.420428930027
2.537327999997789	546.4436482007505
2.5373299999977887	546.466915165473
2.5373319999977886	546.4902298708505
2.5373339999977884	546.5135923598014
2.5373359999977882	546.537002671257
2.537337999997788	546.5604608409676
2.537339999997788	546.5839669010988
2.5373419999977878	546.6075208798193
2.5373439999977876	546.6311228015359
2.5373459999977874	546.6547726869385
2.5373479999977873	546.6784705529438
2.537349999997787	546.7022164127357
2.537351999997787	546.726010275743
2.5373539999977868	546.7498521476441
2.5373559999977866	546.773742030351
2.5373579999977864	546.7976799219999
2.5373599999977863	546.8216658169578
2.537361999997786	546.8456997058229
2.537363999997786	546.869781575428
2.537365999997786	546.8939114088022
2.5373679999977856	546.9180891853024
2.5373699999977855	546.9423148807348
2.5373719999977853	546.9665884668219
2.537373999997785	546.990909911485
2.537375999997785	547.0152791791037
2.537377999997785	547.039696230375
2.5373799999977846	547.064161022251
2.5373819999977845	547.0886735079442
2.5373839999977843	547.1132336370702
2.537385999997784	547.1378413556066
2.537387999997784	547.162496605897
2.537389999997784	547.1871993266802
2.5373919999977836	547.2119494531104
2.5373939999977835	547.2367469167935
2.5373959999977833	547.2615916458167
2.537397999997783	547.2864835647587
2.537399999997783	547.3114225947327
2.537401999997783	547.3364086534078
2.5374039999977827	547.3614416549641
2.5374059999977825	547.3865215102522
2.5374079999977823	547.411648127004
2.537409999997782	547.4368214094276
2.537411999997782	547.4620412584296
2.537413999997782	547.487307571836
2.5374159999977817	547.5126202442326
2.5374179999977815	547.5379791670535
2.5374199999977813	547.5633842286124
2.537421999997781	547.5888353142503
2.537423999997781	547.6143323062406
2.537425999997781	547.6398750838363
2.5374279999977807	547.6654635233735
2.5374299999977805	547.6910974983185
2.5374319999977804	547.7167768793526
2.53743399999778	547.7425015343517
2.53743599999778	547.7682713284448
2.53743799999778	547.7940861241175
2.5374399999977797	547.8199457811965
2.5374419999977795	547.8458501569078
2.5374439999977794	547.8717991059626
2.537445999997779	547.8977924806454
2.537447999997779	547.9238301307453
2.537449999997779	547.9499119036235
2.5374519999977787	547.976037644377
2.5374539999977785	548.0022071957779
2.5374559999977784	548.0284203983953
2.537457999997778	548.0546770906188
2.537459999997778	548.0809771086697
2.537461999997778	548.1073202867002
2.5374639999977777	548.1337064568103
2.5374659999977776	548.1601354491361
2.5374679999977774	548.1866070918808
2.5374699999977772	548.2131212112706
2.537471999997777	548.239677631705
2.537473999997777	548.2662761774941
2.5374759999977767	548.2929166691382
2.5374779999977766	548.3195989245228
2.5374799999977764	548.3463227609974
2.5374819999977762	548.373087994344
2.537483999997776	548.3998944386099
2.537485999997776	548.4267419063875
2.5374879999977757	548.453630208857
2.5374899999977756	548.4805591555731
2.5374919999977754	548.5075285545884
2.5374939999977753	548.5345382124945
2.537495999997775	548.5615879344292
2.537497999997775	548.5886775240721
2.5374999999977748	548.6158067838709
2.5375019999977746	548.6429755148994
2.5375039999977744	548.6701835176043
2.5375059999977743	548.6974305905891
2.537507999997774	548.7247165300738
2.537509999997774	548.7520411318927
2.5375119999977738	548.7794041992332
2.5375139999977736	548.806805527901
2.5375159999977734	548.8342448968747
2.5375179999977733	548.8617220980833
2.537519999997773	548.8892369211283
2.537521999997773	548.9167891542954
2.537523999997773	548.9443785846985
2.5375259999977726	548.9720049981701
2.5375279999977725	548.999668179276
2.5375299999977723	549.0273679113769
2.537531999997772	549.0551039765704
2.537533999997772	549.0828761557241
2.537535999997772	549.1106842284621
2.5375379999977716	549.1385279731008
2.5375399999977715	549.1664071668008
2.5375419999977713	549.194321585294
2.537543999997771	549.2222710029768
2.537545999997771	549.2502551928749
2.537547999997771	549.2782739269551
2.5375499999977706	549.3063269758379
2.5375519999977705	549.33441410846
2.5375539999977703	549.362535092464
2.53755599999777	549.3906896941302
2.53755799999777	549.4188776783507
2.53755999999777	549.44709880832
2.5375619999977697	549.475352845952
2.5375639999977695	549.503639552056
2.5375659999977693	549.5319586857111
2.537567999997769	549.5603100044264
2.537569999997769	549.5886932641165
2.537571999997769	549.6171082192407
2.5375739999977687	549.6455546228145
2.5375759999977685	549.6740322406312
2.5375779999977683	549.7025408217933
2.537579999997768	549.7310801013658
2.537581999997768	549.7596498228806
2.537583999997768	549.7882497312353
2.5375859999977677	549.8168795719887
2.5375879999977675	549.8455390871309
2.5375899999977674	549.8742280168293
2.537591999997767	549.9029460771741
2.537593999997767	549.9316930019111
2.537595999997767	549.9604685586424
2.5375979999977667	549.9892724804291
2.5375999999977665	550.0181044936072
2.5376019999977664	550.0469643289165
2.537603999997766	550.075851715384
2.537605999997766	550.1047663804583
2.537607999997766	550.1337080500499
2.5376099999977657	550.1626764743662
2.5376119999977655	550.1916713789184
2.5376139999977654	550.2206924558457
2.537615999997765	550.249739426882
2.537617999997765	550.2788120106613
2.537619999997765	550.3079099231779
2.5376219999977647	550.3370328804382
2.5376239999977646	550.3661805969066
2.5376259999977644	550.3953527859111
2.5376279999977642	550.4245491514041
2.537629999997764	550.4537694021428
2.537631999997764	550.4830132580115
2.5376339999977637	550.5122804266737
2.5376359999977636	550.5415706153984
2.5376379999977634	550.5708835303658
2.5376399999977632	550.6002188767811
2.537641999997763	550.6295763589228
2.537643999997763	550.6589556801523
2.5376459999977627	550.6883565429406
2.5376479999977626	550.7177786489635
2.5376499999977624	550.7472216990984
2.5376519999977623	550.7766853934543
2.537653999997762	550.80616943149
2.537655999997762	550.8356735120148
2.5376579999977618	550.8651973332231
2.5376599999977616	550.8947405927561
2.5376619999977614	550.9243029877529
2.5376639999977613	550.9538842148953
2.537665999997761	550.9834839703751
2.537667999997761	551.0131019500488
2.5376699999977608	551.0427378808746
2.5376719999977606	551.0723914597328
2.5376739999977604	551.1020623475749
2.5376759999977603	551.1317502394589
2.53767799999776	551.1614548243876
2.53767999999776	551.1911757961966
2.53768199999776	551.2209128547648
2.5376839999977596	551.2506656939352
2.5376859999977595	551.2804340074993
2.5376879999977593	551.3102174891447
2.537689999997759	551.3400158325115
2.537691999997759	551.3698287311745
2.537693999997759	551.3996558786325
2.5376959999977586	551.4294969683324
2.5376979999977585	551.4593516937114
2.5376999999977583	551.4892197482274
2.537701999997758	551.5191008252675
2.537703999997758	551.5489946181577
2.537705999997758	551.5789008203676
2.5377079999977576	551.6088191252143
2.5377099999977575	551.6387492258298
2.5377119999977573	551.6686908154167
2.537713999997757	551.6986435871002
2.537715999997757	551.728607233851
2.537717999997757	551.7585814487289
2.5377199999977567	551.7885659247281
2.5377219999977565	551.8185603545772
2.5377239999977563	551.8485644308961
2.537725999997756	551.8785778463147
2.537727999997756	551.9086002931386
2.537729999997756	551.9386314632044
2.5377319999977557	551.9686710483456
2.5377339999977555	551.998718740189
2.5377359999977553	552.0287742298456
2.537737999997755	552.058837208211
2.537739999997755	552.0889073660735
2.537741999997755	552.1189843937024
2.5377439999977547	552.149067980917
2.5377459999977545	552.1791578170555
2.5377479999977544	552.2092535910226
2.537749999997754	552.2393549912199
2.537751999997754	552.2694617055633
2.537753999997754	552.2995734213471
2.5377559999977537	552.3296898252044
2.5377579999977535	552.3598106031926
2.5377599999977534	552.3899354407481
2.537761999997753	552.4200640225619
2.537763999997753	552.4501960325647
2.537765999997753	552.480331153981
2.5377679999977527	552.5104690692186
2.5377699999977525	552.540609430594
2.5377719999977524	552.5707519169785
2.537773999997752	552.6008962405878
2.537775999997752	552.6310420800013
2.537777999997752	552.6611891131852
2.5377799999977517	552.691337016997
2.5377819999977516	552.7214854674387
2.5377839999977514	552.7516341394709
2.5377859999977512	552.7817827070148
2.537787999997751	552.8119308429219
2.537789999997751	552.8420782189131
2.5377919999977507	552.8722245054212
2.5377939999977506	552.9023693718738
2.5377959999977504	552.9325124866251
2.5377979999977502	552.9626535166801
2.53779999999775	552.9927921277821
2.53780199999775	553.0229279844108
2.5378039999977497	553.0530607497709
2.5378059999977496	553.083190085741
2.5378079999977494	553.1133156528423
2.5378099999977493	553.1434371102216
2.537811999997749	553.1735541156255
2.537813999997749	553.2036663253749
2.5378159999977488	553.2337733943651
2.5378179999977486	553.2638749759888
2.5378199999977484	553.2939707220926
2.5378219999977483	553.3240602830446
2.537823999997748	553.3541433076424
2.537825999997748	553.3842194430993
2.5378279999977478	553.4142883350169
2.5378299999977476	553.4443496273499
2.5378319999977474	553.4744029623896
2.5378339999977473	553.5044479807486
2.537835999997747	553.534484321312
2.537837999997747	553.564511621247
2.537839999997747	553.5945295158544
2.5378419999977466	553.6245376386769
2.5378439999977465	553.6545356215079
2.5378459999977463	553.6845230942234
2.537847999997746	553.7144996847885
2.537849999997746	553.7444650192666
2.537851999997746	553.7744187218156
2.5378539999977456	553.8043604146078
2.5378559999977455	553.8342897178254
2.5378579999977453	553.8642062496457
2.537859999997745	553.894109626206
2.537861999997745	553.9239994615992
2.537863999997745	553.9538753678373
2.5378659999977446	553.9837369547563
2.5378679999977445	554.0135838301472
2.5378699999977443	554.0434155997386
2.537871999997744	554.0732318670621
2.537873999997744	554.103032233432
2.537875999997744	554.1328162979282
2.5378779999977437	554.1625836574974
2.5378799999977435	554.1923339069019
2.5378819999977433	554.2220666386526
2.537883999997743	554.2517814430431
2.537885999997743	554.2814779081303
2.537887999997743	554.3111556197156
2.5378899999977427	554.3408141613953
2.5378919999977425	554.3704531145294
2.5378939999977423	554.400072058224
2.537895999997742	554.4296705694023
2.537897999997742	554.4592482227109
2.537899999997742	554.4888045905388
2.5379019999977417	554.5183392431017
2.5379039999977415	554.5478517484136
2.5379059999977414	554.5773416723075
2.537907999997741	554.6068085784523
2.537909999997741	554.6362520283641
2.537911999997741	554.6656715814082
2.5379139999977407	554.695066794869
2.5379159999977405	554.7244372239078
2.5379179999977404	554.7537824215898
2.53791999999774	554.7831019389646
2.53792199999774	554.8123953250532
2.53792399999774	554.8416621268992
2.5379259999977397	554.8709018895864
2.5379279999977395	554.9001141562605
2.5379299999977394	554.9292984681733
2.537931999997739	554.9584543647399
2.537933999997739	554.987581383474
2.537935999997739	555.0166790600678
2.5379379999977387	555.0457469284681
2.5379399999977386	555.0747845208753
2.5379419999977384	555.1037913677752
2.5379439999977382	555.1327670003407
2.537945999997738	555.1617109457209
2.537947999997738	555.1906227270471
2.5379499999977377	555.2195018683287
2.5379519999977376	555.2483478921274
2.5379539999977374	555.2771603193887
2.5379559999977372	555.3059386695443
2.537957999997737	555.3346824606115
2.537959999997737	555.3633912091875
2.5379619999977368	555.3920644304508
2.5379639999977366	555.4207016382021
2.5379659999977364	555.4493023449181
2.5379679999977363	555.4778660617392
2.537969999997736	555.5063922985084
2.537971999997736	555.5348805638008
2.5379739999977358	555.5633303649263
2.5379759999977356	555.5917412079522
2.5379779999977354	555.6201125977257
2.5379799999977353	555.6484440255904
2.537981999997735	555.6767349938675
2.537983999997735	555.7049850164046
2.5379859999977348	555.7331935931634
2.5379879999977346	555.7613602230643
2.5379899999977344	555.7894844038583
2.5379919999977343	555.8175656321378
2.537993999997734	555.8456034033393
2.537995999997734	555.8735972117433
2.537997999997734	555.9015465504747
2.5379999999977336	555.9294509115098
2.5380019999977335	555.957309785649
2.5380039999977333	555.9851226625153
2.538005999997733	556.012889030563
2.538007999997733	556.040608377062
2.538009999997733	556.068280188086
2.5380119999977326	556.0959039485012
2.5380139999977325	556.1234791419539
2.5380159999977323	556.1510052508557
2.538017999997732	556.1784817563696
2.538019999997732	556.2059081383904
2.538021999997732	556.2332838755334
2.5380239999977317	556.2606084451045
2.5380259999977315	556.2878813230993
2.5380279999977313	556.3151019841897
2.538029999997731	556.3422699016797
2.538031999997731	556.3693845474983
2.538033999997731	556.3964453921948
2.5380359999977307	556.4234519048877
2.5380379999977305	556.4504035532476
2.5380399999977303	556.4772998035063
2.53804199999773	556.5041401204255
2.53804399999773	556.5309239672764
2.53804599999773	556.5576508409373
2.5380479999977297	556.5843202029972
2.5380499999977295	556.6109314749245
2.5380519999977293	556.6374841145316
2.538053999997729	556.663977577398
2.538055999997729	556.690411317525
2.538057999997729	556.7167847873312
2.5380599999977287	556.7430974376459
2.5380619999977285	556.7693487177032
2.5380639999977284	556.7955380751397
2.538065999997728	556.8216649559954
2.538067999997728	556.8477288047172
2.538069999997728	556.8737290641626
2.5380719999977277	556.89966517561
2.5380739999977275	556.9255365787756
2.5380759999977274	556.9513427118217
2.538077999997727	556.9770830113798
2.538079999997727	557.0027569125713
2.538081999997727	557.028363849038
2.5380839999977267	557.0539032529836
2.5380859999977265	557.0793745551803
2.5380879999977264	557.104777180787
2.538089999997726	557.1301105577769
2.538091999997726	557.1553741172008
2.538093999997726	557.1805672846095
2.5380959999977257	557.2056894843887
2.5380979999977256	557.2307401397935
2.5380999999977254	557.2557186730207
2.5381019999977252	557.2806245052884
2.538103999997725	557.3054570569279
2.538105999997725	557.3302157474686
2.5381079999977247	557.3548999956911
2.5381099999977246	557.3795092198291
2.5381119999977244	557.4040428374733
2.5381139999977242	557.4285002656601
2.538115999997724	557.4528809211654
2.538117999997724	557.4771842205461
2.5381199999977238	557.5014095802378
2.5381219999977236	557.5255564166598
2.5381239999977234	557.5496241463414
2.5381259999977233	557.5736121860474
2.538127999997723	557.5975199529042
2.538129999997723	557.6213468645333
2.5381319999977228	557.6450923391832
2.5381339999977226	557.6687557958678
2.5381359999977224	557.6923366544839
2.5381379999977223	557.7158343360051
2.538139999997722	557.7392482626052
2.538141999997722	557.7625778577678
2.538143999997722	557.7858225464615
2.5381459999977216	557.8089817553023
2.5381479999977214	557.8320549126832
2.5381499999977213	557.8550414489202
2.538151999997721	557.877940796451
2.538153999997721	557.9007523899036
2.538155999997721	557.9234756662474
2.5381579999977206	557.9461100650304
2.5381599999977205	557.9686550284947
2.5381619999977203	557.9911100016931
2.53816399999772	558.013474432646
2.53816599999772	558.0357477724883
2.53816799999772	558.0579294756056
2.5381699999977196	558.0800189997756
2.5381719999977195	558.1020158062997
2.5381739999977193	558.1239193601448
2.538175999997719	558.1457291300578
2.538177999997719	558.1674445886755
2.538179999997719	558.1890652126774
2.5381819999977187	558.2105904828845
2.5381839999977185	558.2320198843896
2.5381859999977183	558.2533529066259
2.538187999997718	558.2745890434719
2.538189999997718	558.2957277933784
2.538191999997718	558.3167686594433
2.5381939999977177	558.337711149494
2.5381959999977175	558.3585547761688
2.5381979999977173	558.3792990569897
2.538199999997717	558.3999435144269
2.538201999997717	558.4204876759644
2.538203999997717	558.4409310741496
2.5382059999977167	558.4612732466462
2.5382079999977165	558.4815137362701
2.5382099999977163	558.5016520910406
2.538211999997716	558.5216878641731
2.538213999997716	558.5416206141612
2.538215999997716	558.5614499047774
2.5382179999977157	558.5811753050102
2.5382199999977155	558.6007963891793
2.5382219999977154	558.6203127369153
2.538223999997715	558.6397239330914
2.538225999997715	558.6590295678434
2.538227999997715	558.6782292365532
2.5382299999977147	558.697322539853
2.5382319999977145	558.7163090835422
2.5382339999977144	558.7351884785493
2.538235999997714	558.7539603409518
2.538237999997714	558.7726242919048
2.538239999997714	558.7911799575907
2.5382419999977137	558.8096269691672
2.5382439999977136	558.8279649627091
2.5382459999977134	558.8461935791471
2.5382479999977132	558.8643124642025
2.538249999997713	558.8823212682278
2.538251999997713	558.9002196463604
2.5382539999977127	558.9180072415571
2.5382559999977126	558.9356837180956
2.5382579999977124	558.9532487612497
2.5382599999977122	558.9707020440001
2.538261999997712	558.9880432435048
2.538263999997712	559.005272041078
2.5382659999977117	559.0223881220778
2.5382679999977116	559.0393911758699
2.5382699999977114	559.0562808957336
2.5382719999977112	559.0730569787172
2.538273999997711	559.0897191255616
2.538275999997711	559.1062670406237
2.5382779999977108	559.1227004317877
2.5382799999977106	559.1390190103468
2.5382819999977104	559.1552224909121
2.5382839999977103	559.1713105913419
2.53828599999771	559.1872830326434
2.53828799999771	559.2031395388725
2.5382899999977098	559.2188798370577
2.5382919999977096	559.2345036570948
2.5382939999977094	559.250010731656
2.5382959999977093	559.2654007961318
2.538297999997709	559.2806735885341
2.538299999997709	559.2958288494177
2.538301999997709	559.3108663218038
2.5383039999977086	559.3257857510677
2.5383059999977085	559.3405868849205
2.5383079999977083	559.3552694733262
2.538309999997708	559.3698332684141
2.538311999997708	559.3842780244104
2.538313999997708	559.3986034976538
2.5383159999977076	559.4128094464091
2.5383179999977075	559.4268956290886
2.5383199999977073	559.4408618082505
2.538321999997707	559.4547077487987
2.538323999997707	559.4684332166353
2.538325999997707	559.4820379791598
2.5383279999977066	559.4955218054621
2.5383299999977065	559.5088844662887
2.5383319999977063	559.5221257340071
2.538333999997706	559.5352453825749
2.538335999997706	559.5482431875125
2.538337999997706	559.5611189258784
2.5383399999977057	559.5738723764408
2.5383419999977055	559.5865033192575
2.5383439999977053	559.5990115357208
2.538345999997705	559.6113968088335
2.538347999997705	559.6236589230919
2.538349999997705	559.6357976644252
2.5383519999977047	559.6478128202077
2.5383539999977045	559.6597041792587
2.5383559999977043	559.6714715318511
2.538357999997704	559.6831146697021
2.538359999997704	559.6946333859865
2.538361999997704	559.7060274753389
2.5383639999977037	559.7172967338818
2.5383659999977035	559.7284409591981
2.5383679999977034	559.739459950367
2.538369999997703	559.7503535079848
2.538371999997703	559.7611214341658
2.538373999997703	559.7717635325904
2.5383759999977027	559.7822796085152
2.5383779999977025	559.7926694687815
2.5383799999977024	559.8029329218468
2.538381999997702	559.8130697778162
2.538383999997702	559.8230798483987
2.538385999997702	559.8329629470746
2.5383879999977017	559.84271888908
2.5383899999977015	559.8523474913588
2.5383919999977014	559.8618485726654
2.538393999997701	559.8712219535723
2.538395999997701	559.8804674563227
2.538397999997701	559.8895849053001
2.5383999999977007	559.8985741269474
2.5384019999977006	559.9074349495185
2.5384039999977004	559.9161672032855
2.5384059999977002	559.9247707272134
2.5384079999977	559.9332453547344
2.5384099999977	559.941590917184
2.5384119999976997	559.9498072529922
2.5384139999976996	559.957894203174
2.5384159999976994	559.9658516110405
2.5384179999976992	559.9736793222467
2.538419999997699	559.9813771847793
2.538421999997699	559.9889450491379
2.5384239999976987	559.9963827683819
2.5384259999976986	560.003690198074
2.5384279999976984	560.0108671964072
2.5384299999976982	560.0179136242739
2.538431999997698	560.0248293452606
2.538433999997698	560.0316142257434
2.5384359999976978	560.0382681349944
2.5384379999976976	560.0447909452179
2.5384399999976974	560.0511825316225
2.5384419999976973	560.0574427724874
2.538443999997697	560.0635715491935
2.538445999997697	560.0695687463829
2.5384479999976968	560.0754342520106
2.5384499999976966	560.0811679573632
2.5384519999976964	560.0867697571878
2.5384539999976963	560.0922395497362
2.538455999997696	560.0975772429144
2.538457999997696	560.1027827424251
2.538459999997696	560.1078559513013
2.5384619999976956	560.1127967826818
2.5384639999976955	560.1176051535531
2.5384659999976953	560.1222809848961
2.538467999997695	560.1268242017646
2.538469999997695	560.131234733395
2.538471999997695	560.135512513235
2.5384739999976946	560.1396574757639
2.5384759999976945	560.1436695633463
2.5384779999976943	560.1475487256688
2.538479999997694	560.1512949140177
2.538481999997694	560.1549080843162
2.538483999997694	560.1583881971626
2.5384859999976936	560.1617352179228
2.5384879999976935	560.1649491168491
2.5384899999976933	560.1680298691871
2.538491999997693	560.1709774551446
2.538493999997693	560.1737918600461
2.538495999997693	560.1764730744505
2.5384979999976927	560.1790210941084
2.5384999999976925	560.1814359200747
2.5385019999976923	560.1837175587804
2.538503999997692	560.1858660220944
2.538505999997692	560.1878813273814
2.538507999997692	560.1897634975575
2.5385099999976917	560.1915125611467
2.5385119999976915	560.1931285523025
2.5385139999976913	560.1946115109231
2.538515999997691	560.1959614826924
2.538517999997691	560.1971785190455
2.538519999997691	560.1982626772741
2.5385219999976907	560.199214020497
2.5385239999976905	560.2000326178147
2.5385259999976904	560.2007185443072
2.53852799999769	560.2012718809975
2.53852999999769	560.2016927149244
2.53853199999769	560.2019811391169
2.5385339999976897	560.2021372526752
2.5385359999976895	560.2021611607603
2.5385379999976894	560.2020529746168
2.538539999997689	560.2018128115943
2.538541999997689	560.2014407950758
2.538543999997689	560.2009370545771
2.5385459999976887	560.2003017257821
2.5385479999976885	560.1995349504443
2.5385499999976884	560.1986368764151
2.538551999997688	560.1976076576349
2.538553999997688	560.1964474541036
2.538555999997688	560.195156431959
2.5385579999976877	560.1937347633836
2.5385599999976876	560.19218262658
2.5385619999976874	560.1905002057923
2.5385639999976872	560.1886876912357
2.538565999997687	560.1867452644894
2.538567999997687	560.1846731267633
2.5385699999976867	560.1824715008983
2.5385719999976866	560.1801406012257
2.5385739999976864	560.1776806456936
2.5385759999976862	560.1750918614143
2.538577999997686	560.1723744809265
2.538579999997686	560.169528741813
2.5385819999976857	560.1665548870839
2.5385839999976856	560.1634531653649
2.5385859999976854	560.1602238310074
2.5385879999976853	560.1568671439657
2.538589999997685	560.1533833697508
2.538591999997685	560.1497727793898
2.5385939999976848	560.1460356494158
2.5385959999976846	560.1421722617486
2.5385979999976844	560.13818290364
2.5385999999976843	560.1340678677053
2.538601999997684	560.1298274518408
2.538603999997684	560.1254619591743
2.5386059999976838	560.1209716980168
2.5386079999976836	560.1163569818116
2.5386099999976834	560.1116181290876
2.5386119999976833	560.1067554634093
2.538613999997683	560.1017693133305
2.538615999997683	560.0966600123439
2.538617999997683	560.0914278988354
2.5386199999976826	560.0860733160733
2.5386219999976825	560.0805966120898
2.5386239999976823	560.0749981396605
2.538625999997682	560.0692782562969
2.538627999997682	560.0634373241866
2.538629999997682	560.0574757101533
2.5386319999976816	560.0513937858051
2.5386339999976815	560.0451919270947
2.5386359999976813	560.0388705143873
2.538637999997681	560.0324299326811
2.538639999997681	560.0258705714605
2.538641999997681	560.0191928246504
2.5386439999976806	560.0123970905972
2.5386459999976805	560.0054837634618
2.5386479999976803	559.9984532510069
2.53864999999768	559.9913059725709
2.53865199999768	559.984042344026
2.53865399999768	559.9766627856077
2.5386559999976797	559.9691677219221
2.5386579999976795	559.9615575819203
2.5386599999976793	559.9538327989601
2.538661999997679	559.9459938107823
2.538663999997679	559.9380410594998
2.538665999997679	559.9299749916628
2.5386679999976787	559.9217960582733
2.5386699999976785	559.9135047148181
2.5386719999976783	559.9051014213136
2.538673999997678	559.8965866423332
2.538675999997678	559.8879608516809
2.538677999997678	559.8792245231696
2.5386799999976777	559.870378130737
2.5386819999976775	559.8614221576743
2.5386839999976774	559.852357092255
2.538685999997677	559.8431834276644
2.538687999997677	559.8339016620496
2.538689999997677	559.8245122987048
2.5386919999976767	559.8150158516647
2.5386939999976765	559.8054128347538
2.5386959999976764	559.795703761918
2.538697999997676	559.7858891579152
2.538699999997676	559.7759695529788
2.538701999997676	559.7659454831232
2.5387039999976757	559.7558174902165
2.5387059999976755	559.7455861221044
2.5387079999976754	559.735251932785
2.538709999997675	559.7248154823843
2.538711999997675	559.7142773373298
2.538713999997675	559.7036380705808
2.5387159999976747	559.6928982617453
2.5387179999976746	559.682058497204
2.5387199999976744	559.6711193702695
2.5387219999976742	559.6600814812542
2.538723999997674	559.6489454376695
2.538725999997674	559.6377118543098
2.5387279999976737	559.6263813534132
2.5387299999976736	559.6149545648354
2.5387319999976734	559.6034321345294
2.5387339999976732	559.5918147067981
2.538735999997673	559.5801029278604
2.538737999997673	559.5682974588682
2.5387399999976727	559.5563989694539
2.5387419999976726	559.5444081375609
2.5387439999976724	559.5323256495429
2.5387459999976723	559.5201522004596
2.538747999997672	559.5078884943197
2.538749999997672	559.495535242341
2.5387519999976718	559.4830931645238
2.5387539999976716	559.4705629901662
2.5387559999976714	559.4579454592568
2.5387579999976713	559.4452413190709
2.538759999997671	559.4324513259136
2.538761999997671	559.419576245023
2.5387639999976708	559.4066168505594
2.5387659999976706	559.3935739256118
2.5387679999976704	559.380448262154
2.5387699999976703	559.3672406610173
2.53877199999767	559.35395193183
2.53877399999767	559.3405828929517
2.53877599999767	559.3271343713918
2.5387779999976696	559.3136072027089
2.5387799999976695	559.3000022308968
2.5387819999976693	559.2863203082204
2.538783999997669	559.272562295138
2.538785999997669	559.2587290601239
2.538787999997669	559.2448214794542
2.5387899999976686	559.230840437022
2.5387919999976685	559.2167868242091
2.5387939999976683	559.2026615395044
2.538795999997668	559.1884654882781
2.538797999997668	559.1741995826685
2.538799999997668	559.1598647412293
2.5388019999976676	559.1454618886489
2.5388039999976675	559.1309919554518
2.5388059999976673	559.1164558776895
2.538807999997667	559.1018545966032
2.538809999997667	559.0871890582891
2.538811999997667	559.0724602133606
2.5388139999976667	559.0576690165707
2.5388159999976665	559.0428164264404
2.5388179999976663	559.0279033884009
2.538819999997666	559.0129308680783
2.538821999997666	558.9978998488319
2.538823999997666	558.9828113004872
2.5388259999976657	558.967666194599
2.5388279999976655	558.9524655041004
2.5388299999976653	558.9372102028854
2.538831999997665	558.9219012654204
2.538833999997665	558.9065396662572
2.538835999997665	558.8911263796117
2.5388379999976647	558.8756623790005
2.5388399999976645	558.8601486367561
2.5388419999976644	558.844586123657
2.538843999997664	558.8289758084875
2.538845999997664	558.8133186576279
2.538847999997664	558.7976156346459
2.5388499999976637	558.781867699897
2.5388519999976635	558.7660758101326
2.5388539999976634	558.7502409181145
2.538855999997663	558.7343639722422
2.538857999997663	558.7184459161874
2.538859999997663	558.7024876885174
2.5388619999976627	558.6864902224028
2.5388639999976625	558.6704544452949
2.5388659999976624	558.654381278559
2.538867999997662	558.6382716372004
2.538869999997662	558.6221264295823
2.538871999997662	558.6059465571559
2.5388739999976617	558.5897329142116
2.5388759999976616	558.5734863876436
2.5388779999976614	558.5572078567325
2.5388799999976612	558.5408981929454
2.538881999997661	558.5245582598175
2.538883999997661	558.5081889124959
2.5388859999976607	558.4917909979686
2.5388879999976606	558.4753653549394
2.5388899999976604	558.4589128134658
2.5388919999976602	558.4424341949644
2.53889399999766	558.4259303121543
2.53889599999766	558.4094019689996
2.5388979999976597	558.3928499606752
2.5388999999976596	558.3762750756117
2.5389019999976594	558.3596780892383
2.5389039999976593	558.3430597704095
2.538905999997659	558.326420881161
2.538907999997659	558.3097621706901
2.5389099999976588	558.2930843816171
2.5389119999976586	558.2763882479691
2.5389139999976584	558.2596744952754
2.5389159999976583	558.2429438406655
2.538917999997658	558.2261969929805
2.538919999997658	558.2094346529191
2.5389219999976578	558.1926575131099
2.5389239999976576	558.175866258277
2.5389259999976574	558.1590615654068
2.5389279999976573	558.1422441038886
2.538929999997657	558.1254145356695
2.538931999997657	558.1085735154215
2.538933999997657	558.0917216907095
2.5389359999976566	558.0748597021532
2.5389379999976565	558.0579881835997
2.5389399999976563	558.0411077622925
2.538941999997656	558.0242190590409
2.538943999997656	558.0073226977033
2.538945999997656	557.9904192862332
2.5389479999976556	557.9735094180359
2.5389499999976555	557.9565936899054
2.5389519999976553	557.9396726929073
2.538953999997655	557.922747012602
2.538955999997655	557.9058172292154
2.538957999997655	557.8888839178582
2.5389599999976546	557.8719476483249
2.5389619999976545	557.8550089853187
2.5389639999976543	557.8380684886532
2.538965999997654	557.8211267134288
2.538967999997654	557.8041842100087
2.538969999997654	557.7872415240519
2.5389719999976537	557.7702991965447
2.5389739999976535	557.7533577638185
2.5389759999976533	557.7364177576562
2.538977999997653	557.719479705286
2.538979999997653	557.7025441294055
2.538981999997653	557.685611548029
2.5389839999976527	557.6686824746085
2.5389859999976525	557.6517574180418
2.5389879999976523	557.634836882499
2.538989999997652	557.6179213673664
2.538991999997652	557.6010113671914
2.538993999997652	557.5841073716174
2.5389959999976517	557.5672098652772
2.5389979999976515	557.5503193276618
2.5389999999976514	557.533436233047
2.539001999997651	557.5165610503627
2.539003999997651	557.4996942430571
2.539005999997651	557.4828362688904
2.5390079999976507	557.4659875798307
2.5390099999976505	557.449148621901
2.5390119999976504	557.4323198349778
2.53901399999765	557.4155016526847
2.53901599999765	557.3986945021154
2.53901799999765	557.3818988038172
2.5390199999976497	557.3651149716908
2.5390219999976495	557.3483434121467
2.5390239999976494	557.3315845247507
2.539025999997649	557.3148387019894
2.539027999997649	557.2981063284774
2.539029999997649	557.2813877812168
2.5390319999976487	557.2646834294875
2.5390339999976486	557.247993634442
2.5390359999976484	557.2313187489988
2.5390379999976482	557.2146591177111
2.539039999997648	557.1980150766385
2.539041999997648	557.1813869531665
2.5390439999976477	557.1647750658964
2.5390459999976476	557.1481797245408
2.5390479999976474	557.1316012297442
2.5390499999976472	557.1150398727881
2.539051999997647	557.0984959357208
2.539053999997647	557.0819696912921
2.5390559999976468	557.0654614027991
2.5390579999976466	557.0489713240605
2.5390599999976464	557.0324996993415
2.5390619999976463	557.016046763117
2.539063999997646	556.9996127401241
2.539065999997646	556.9831978454463
2.5390679999976458	556.9668022844675
2.5390699999976456	556.9504262528455
2.5390719999976454	556.9340699364819
2.5390739999976453	556.9177335115534
2.539075999997645	556.9014171445624
2.539077999997645	556.8851209923318
2.5390799999976448	556.8688452020456
2.5390819999976446	556.8525899113636
2.5390839999976444	556.8363552484838
2.5390859999976443	556.8201413321443
2.539087999997644	556.8039482717742
2.539089999997644	556.7877761675222
2.539091999997644	556.7716251104987
2.5390939999976436	556.7554951827809
2.5390959999976435	556.7393864575812
2.5390979999976433	556.7232989993671
2.539099999997643	556.707232863928
2.539101999997643	556.6911880985666
2.539103999997643	556.6751647421706
2.5391059999976426	556.6591628270711
2.5391079999976425	556.6431823773232
2.5391099999976423	556.6272234044565
2.539111999997642	556.6112859015007
2.539113999997642	556.5953698672746
2.539115999997642	556.5794753080538
2.5391179999976417	556.5636022084934
2.5391199999976415	556.5477505459403
2.5391219999976413	556.5319202906314
2.539123999997641	556.516111406058
2.539125999997641	556.5003238490477
2.539127999997641	556.4845575697896
2.5391299999976407	556.4688125120575
2.5391319999976405	556.4530886133157
2.5391339999976403	556.4373858048348
2.53913599999764	556.4217040119008
2.53913799999764	556.4060431538459
2.53913999999764	556.3904031441813
2.5391419999976397	556.3747838907324
2.5391439999976395	556.359185295668
2.5391459999976393	556.3436072556937
2.539147999997639	556.3280496620883
2.539149999997639	556.31251240075
2.539151999997639	556.2969953523063
2.5391539999976387	556.281498392156
2.5391559999976385	556.2660213904859
2.5391579999976384	556.2505642123455
2.539159999997638	556.2351267177155
2.539161999997638	556.2197087614164
2.539163999997638	556.204310193324
2.5391659999976377	556.1889308583605
2.5391679999976375	556.1735705980016
2.5391699999976374	556.1582292469219
2.539171999997637	556.1429066333378
2.539173999997637	556.1276025818962
2.539175999997637	556.112316912203
2.5391779999976367	556.0970494387315
2.5391799999976365	556.0817999707738
2.5391819999976364	556.0665683124814
2.539183999997636	556.0513542628227
2.539185999997636	556.0361576153068
2.539187999997636	556.0209781580756
2.5391899999976357	556.0058156739804
2.5391919999976356	555.9906699403526
2.5391939999976354	555.975540728944
2.5391959999976352	555.9604278058812
2.539197999997635	555.9453309315998
2.539199999997635	555.930249860747
2.5392019999976347	555.9151843421005
2.5392039999976346	555.9001341284437
2.5392059999976344	555.8850989562321
2.5392079999976342	555.8700785463687
2.539209999997634	555.8550726290296
2.539211999997634	555.8400809222102
2.5392139999976338	555.8251031325536
2.5392159999976336	555.8101389654927
2.5392179999976334	555.7951881199835
2.5392199999976333	555.7802502884258
2.539221999997633	555.7653251565292
2.539223999997633	555.7504124032502
2.5392259999976328	555.7355117007564
2.5392279999976326	555.720622714374
2.5392299999976324	555.7057451024449
2.5392319999976323	555.6908785091389
2.539233999997632	555.6760225789568
2.539235999997632	555.661176955945
2.539237999997632	555.6463412701112
2.5392399999976316	555.631515144235
2.5392419999976314	555.616698193848
2.5392439999976313	555.6018900271563
2.539245999997631	555.5870902450032
2.539247999997631	555.5722984407957
2.539249999997631	555.5575142006246
2.5392519999976306	555.5427371031337
2.5392539999976305	555.5279667195103
2.5392559999976303	555.5132026135379
2.53925799999763	555.4984443414298
2.53925999999763	555.4836914519308
2.53926199999763	555.4689434863106
2.5392639999976296	555.454199978647
2.5392659999976295	555.4394604544883
2.5392679999976293	555.4247244331933
2.539269999997629	555.4099914266922
2.539271999997629	555.395260938685
2.539273999997629	555.3805324655383
2.5392759999976287	555.3658054961774
2.5392779999976285	555.3510795121393
2.5392799999976283	555.3363539875911
2.539281999997628	555.3216283893603
2.539283999997628	555.306902176981
2.539285999997628	555.2921748027322
2.5392879999976277	555.2774457116883
2.5392899999976275	555.2627143417492
2.5392919999976273	555.2479801236942
2.539293999997627	555.233242481255
2.539295999997627	555.2185008312367
2.539297999997627	555.2037545834587
2.5392999999976267	555.1890031407492
2.5393019999976265	555.1742458992456
2.5393039999976263	555.1594822483913
2.539305999997626	555.1447115709666
2.539307999997626	555.129933243113
2.539309999997626	555.1151466345875
2.5393119999976257	555.1003511088497
2.5393139999976255	555.0855460230022
2.5393159999976254	555.0707307279916
2.539317999997625	555.055904568688
2.539319999997625	555.0410668840318
2.539321999997625	555.0262170071805
2.5393239999976247	555.011354265556
2.5393259999976245	554.9964779728158
2.5393279999976244	554.9815874449846
2.539329999997624	554.9666820018695
2.539331999997624	554.95176094944
2.539333999997624	554.9368235888887
2.5393359999976237	554.9218692166158
2.5393379999976236	554.9068971244401
2.5393399999976234	554.8919065997438
2.5393419999976232	554.8768969257306
2.539343999997623	554.8618673816078
2.539345999997623	554.8468172428004
2.5393479999976227	554.8317457811746
2.5393499999976226	554.8166522652733
2.5393519999976224	554.8015359605578
2.5393539999976222	554.7863961296546
2.539355999997622	554.7712320326162
2.539357999997622	554.7560429271874
2.5393599999976217	554.7408280690822
2.5393619999976216	554.7255867122665
2.5393639999976214	554.7103181092513
2.5393659999976212	554.6950215113905
2.539367999997621	554.6796961691906
2.539369999997621	554.6643413420205
2.5393719999976208	554.6489562708077
2.5393739999976206	554.6335402039701
2.5393759999976204	554.6180924027746
2.5393779999976203	554.6026121081356
2.53937999999762	554.5870985724226
2.53938199999762	554.571551049311
2.5393839999976198	554.555968794309
2.5393859999976196	554.5403510650841
2.5393879999976194	554.52469712182
2.5393899999976193	554.5090062275981
2.539391999997619	554.4932776487423
2.539393999997619	554.4775106551776
2.539395999997619	554.4617045207896
2.5393979999976186	554.4458585238309
2.5393999999976185	554.4299719472359
2.5394019999976183	554.4140440788668
2.539403999997618	554.3980742119478
2.539405999997618	554.3820616454854
2.539407999997618	554.3660056845765
2.5394099999976176	554.3499056407449
2.5394119999976175	554.3337608322611
2.5394139999976173	554.3175705844761
2.539415999997617	554.3013342301676
2.539417999997617	554.2850511098578
2.539419999997617	554.2687205721439
2.5394219999976166	554.2523419739639
2.5394239999976165	554.2359146809071
2.5394259999976163	554.219438067554
2.539427999997616	554.202911517748
2.539429999997616	554.1863344248801
2.539431999997616	554.169706192154
2.5394339999976157	554.153026232897
2.5394359999976155	554.1362939708106
2.5394379999976153	554.1195088401802
2.539439999997615	554.1026702861769
2.539441999997615	554.0857777651315
2.539443999997615	554.0688307447266
2.5394459999976147	554.0518287042445
2.5394479999976145	554.0347711347981
2.5394499999976143	554.017657539556
2.539451999997614	554.0004874339656
2.539453999997614	553.9832603460426
2.539455999997614	553.965975816368
2.5394579999976137	553.948633398513
2.5394599999976135	553.9312326590989
2.5394619999976134	553.9137731780663
2.539463999997613	553.8962545488486
2.539465999997613	553.8786763785776
2.539467999997613	553.861038278629
2.5394699999976127	553.8433398830268
2.5394719999976125	553.8255808514929
2.5394739999976124	553.8077608473271
2.539475999997612	553.7898795486464
2.539477999997612	553.7719366482359
2.539479999997612	553.7539318524615
2.5394819999976117	553.7358648839931
2.5394839999976115	553.7177354817129
2.5394859999976114	553.6995433986076
2.539487999997611	553.6812884029918
2.539489999997611	553.6629702786662
2.539491999997611	553.6445888250581
2.5394939999976107	553.6261438572951
2.5394959999976106	553.6076352063257
2.5394979999976104	553.5890627189359
2.5394999999976102	553.5704262578057
2.53950199999761	553.5517257016687
2.53950399999761	553.5329609453148
2.5395059999976097	553.5141318995971
2.5395079999976096	553.4952384914686
2.5395099999976094	553.4762806639892
2.5395119999976092	553.4572583763179
2.539513999997609	553.4381716036901
2.539515999997609	553.4190203374567
2.5395179999976087	553.3998045848755
2.5395199999976086	553.3805243690423
2.5395219999976084	553.3611797289516
2.5395239999976083	553.3417707193255
2.539525999997608	553.3222974104732
2.539527999997608	553.3027598881482
2.5395299999976078	553.283158253414
2.5395319999976076	553.2634926224158
2.5395339999976074	553.243763126208
2.5395359999976073	553.2239699106407
2.539537999997607	553.2041131359276
2.539539999997607	553.1841929765266
2.5395419999976068	553.1642096208337
2.5395439999976066	553.1441632708991
2.5395459999976064	553.1240541421053
2.5395479999976063	553.1038824628482
2.539549999997606	553.0836484742015
2.539551999997606	553.0633524295414
2.539553999997606	553.0429945941733
2.5395559999976056	553.0225752449436
2.5395579999976055	553.0020946698497
2.5395599999976053	552.9815531676156
2.539561999997605	552.9609510472465
2.539563999997605	552.9402886275889
2.539565999997605	552.9195662368984
2.5395679999976046	552.8987842123308
2.5395699999976045	552.8779428994718
2.5395719999976043	552.8570426518882
2.539573999997604	552.836083830619
2.539575999997604	552.8150668036602
2.539577999997604	552.7939919454526
2.5395799999976036	552.7728596365067
2.5395819999976035	552.7516702627719
2.5395839999976033	552.7304242150997
2.539585999997603	552.709121888783
2.539587999997603	552.6877636830519
2.539589999997603	552.6663500005579
2.5395919999976027	552.6448812468652
2.5395939999976025	552.623357829946
2.5395959999976023	552.6017801596935
2.539597999997602	552.580148647428
2.539599999997602	552.5584637054168
2.539601999997602	552.5367257463975
2.5396039999976017	552.514935183116
2.5396059999976015	552.4930924278752
2.5396079999976013	552.4711978920908
2.539609999997601	552.449251985866
2.539611999997601	552.4272551175757
2.539613999997601	552.4052076934676
2.5396159999976007	552.3831101172784
2.5396179999976005	552.3609627898671
2.5396199999976004	552.3387661088652
2.5396219999976	552.316520468343
2.5396239999976	552.2942262585055
2.5396259999976	552.271883865387
2.5396279999975997	552.2494936705972
2.5396299999975995	552.2270560510709
2.5396319999975994	552.2045713788312
2.539633999997599	552.182040020797
2.539635999997599	552.1594623385853
2.539637999997599	552.1368386883688
2.5396399999975987	552.1141694207372
2.5396419999975985	552.091454880584
2.5396439999975984	552.0686954070393
2.539645999997598	552.0458913334062
2.539647999997598	552.0230429871333
2.539649999997598	552.0001506897911
2.5396519999975977	551.9772147571291
2.5396539999975976	551.9542354991462
2.5396559999975974	551.9312132201014
2.5396579999975972	551.9081482186257
2.539659999997597	551.8850407878925
2.539661999997597	551.8618912157559
2.5396639999975967	551.8386997849353
2.5396659999975966	551.8154667732247
2.5396679999975964	551.7921924537313
2.5396699999975962	551.7688770951565
2.539671999997596	551.7455209620488
2.539673999997596	551.7221243151163
2.5396759999975957	551.6986874116137
2.5396779999975956	551.6752105056805
2.5396799999975954	551.6516938486828
2.5396819999975953	551.6281376896796
2.539683999997595	551.6045422758789
2.539685999997595	551.5809078530375
2.5396879999975948	551.5572346659595
2.5396899999975946	551.5335229589805
2.5396919999975944	551.5097729765099
2.5396939999975943	551.4859849635939
2.539695999997594	551.4621591663896
2.539697999997594	551.4382958327494
2.5396999999975938	551.4143952128684
2.5397019999975936	551.3904575598301
2.5397039999975934	551.3664831302525
2.5397059999975933	551.3424721849354
2.539707999997593	551.3184249894559
2.539709999997593	551.2943418148383
2.539711999997593	551.2702229382116
2.5397139999975926	551.2460686434821
2.5397159999975925	551.2218792220038
2.5397179999975923	551.1976549732399
2.539719999997592	551.1733962055087
2.539721999997592	551.1491032366426
2.539723999997592	551.124776394625
2.5397259999975916	551.1004160183312
2.5397279999975915	551.0760224581861
2.5397299999975913	551.0515960769361
2.539731999997591	551.027137250265
2.539733999997591	551.0026463673848
2.539735999997591	550.9781238318574
2.5397379999975906	550.9535700622729
2.5397399999975905	550.9289854927613
2.5397419999975903	550.904370573745
2.53974399999759	550.8797257725755
2.53974599999759	550.8550515740869
2.53974799999759	550.8303484812483
2.5397499999975897	550.8056170157462
2.5397519999975895	550.780857718535
2.5397539999975893	550.7560711504135
2.539755999997589	550.7312578925795
2.539757999997589	550.7064185471363
2.539759999997589	550.6815537375744
2.5397619999975887	550.656664109259
2.5397639999975885	550.6317503299124
2.5397659999975883	550.6068130899774
2.539767999997588	550.5818531030347
2.539769999997588	550.5568711062035
2.539771999997588	550.5318678604674
2.5397739999975877	550.5068441509056
2.5397759999975875	550.4818007871734
2.5397779999975874	550.4567386037586
2.539779999997587	550.43165846002
2.539781999997587	550.4065612405079
2.539783999997587	550.3814478550534
2.5397859999975867	550.3563192406899
2.5397879999975865	550.3311763583524
2.5397899999975864	550.3060201929002
2.539791999997586	550.2808517566068
2.539793999997586	550.2556720874214
2.539795999997586	550.2304822489273
2.5397979999975857	550.2052833303372
2.5397999999975855	550.1800764464249
2.5398019999975854	550.1548627372918
2.539803999997585	550.1296433682987
2.539805999997585	550.1044195298476
2.539807999997585	550.0791924371185
2.5398099999975847	550.0539633298421
2.5398119999975846	550.0287334720073
2.5398139999975844	550.0035041515489
2.5398159999975842	549.9782766799904
2.539817999997584	549.9530523920639
2.539819999997584	549.9278326452626
2.5398219999975837	549.9026188194024
2.5398239999975836	549.8774123161724
2.5398259999975834	549.8522145586264
2.5398279999975832	549.8270269736252
2.539829999997583	549.8018510228073
2.539831999997583	549.7766882100154
2.5398339999975827	549.7515400380879
2.5398359999975826	549.7264080283933
2.5398379999975824	549.7012937201074
2.5398399999975823	549.6761986695199
2.539841999997582	549.6511244493364
2.539843999997582	549.626072647959
2.5398459999975818	549.6010448687484
2.5398479999975816	549.5760427292681
2.5398499999975814	549.5510678605125
2.5398519999975813	549.5261219061188
2.539853999997581	549.5012065215656
2.539855999997581	549.4763233733548
2.5398579999975808	549.4514741381906
2.5398599999975806	549.4266605021287
2.5398619999975804	549.4018841597454
2.5398639999975803	549.3771468132919
2.53986599999758	549.3524501718069
2.53986799999758	549.3277959502622
2.53986999999758	549.3031858686925
2.5398719999975796	549.278621651362
2.5398739999975795	549.2541050258089
2.5398759999975793	549.2296377219774
2.539877999997579	549.2052214714149
2.539879999997579	549.1808580063687
2.539881999997579	549.1565490589513
2.5398839999975786	549.1322963602172
2.5398859999975785	549.1081016408372
2.5398879999975783	549.0839666271353
2.539889999997578	549.0598930404819
2.539891999997578	549.0358825992931
2.539893999997578	549.0119370168112
2.5398959999975776	548.9880580002614
2.5398979999975775	548.9642472500462
2.5398999999975773	548.9405064589769
2.539901999997577	548.9168373115107
2.539903999997577	548.893241483007
2.539905999997577	548.8697206389993
2.5399079999975767	548.8462764344852
2.5399099999975765	548.822910513238
2.5399119999975763	548.7996245071369
2.539913999997576	548.7764200355185
2.539915999997576	548.7532987045505
2.539917999997576	548.7302621066585
2.5399199999975757	548.707311819893
2.5399219999975755	548.6844494073517
2.5399239999975753	548.6616764167011
2.539925999997575	548.6389943796679
2.539927999997575	548.6164048115413
2.539929999997575	548.5939092107166
2.5399319999975747	548.5715090582438
2.5399339999975745	548.5492058174633
2.5399359999975744	548.5270009336123
2.539937999997574	548.5048958334858
2.539939999997574	548.4828919250527
2.539941999997574	548.4609905971657
2.5399439999975737	548.4391932193635
2.5399459999975735	548.417501141564
2.5399479999975734	548.3959156938471
2.539949999997573	548.3744381862873
2.539951999997573	548.3530699087709
2.539953999997573	548.3318121308838
2.5399559999975727	548.3106661017435
2.5399579999975725	548.2896330499549
2.5399599999975724	548.2687141835553
2.539961999997572	548.247910689942
2.539963999997572	548.2272237358612
2.539965999997572	548.2066544674035
2.5399679999975717	548.1862040100802
2.5399699999975716	548.1658734688558
2.5399719999975714	548.1456639280299
2.5399739999975712	548.1255764517351
2.539975999997571	548.1056120840339
2.539977999997571	548.0857718486781
2.5399799999975707	548.0660567494311
2.5399819999975706	548.0464677702953
2.5399839999975704	548.0270058756819
2.5399859999975702	548.007672010651
2.53998799999757	547.9884671010748
2.53998999999757	547.9693920538876
2.5399919999975697	547.950447757404
2.5399939999975696	547.9316350815991
2.5399959999975694	547.912954878269
2.5399979999975693	547.8944079813544
2.539999999997569	547.8759952073844
2.540001999997569	547.8577173556586
2.5400039999975688	547.8395752085698
2.5400059999975686	547.8215695319218
2.5400079999975684	547.8037010753984
2.5400099999975683	547.7859705729528
2.540011999997568	547.7683787429779
2.540013999997568	547.750926288727
2.5400159999975678	547.7336138987032
2.5400179999975676	547.7164422469978
2.5400199999975674	547.6994119936741
2.5400219999975673	547.6825237851216
2.540023999997567	547.665778254476
2.540025999997567	547.6491760219527
2.540027999997567	547.6327176952591
2.5400299999975666	547.616403870009
2.5400319999975665	547.6002351299916
2.5400339999975663	547.5842120476103
2.540035999997566	547.5683351842223
2.540037999997566	547.5526050905173
2.540039999997566	547.5370223068984
2.5400419999975656	547.521587363835
2.5400439999975655	547.5063007822199
2.5400459999975653	547.4911630736981
2.540047999997565	547.4761747410578
2.540049999997565	547.4613362785759
2.540051999997565	547.4466481723066
2.5400539999975646	547.4321109004335
2.5400559999975645	547.4177249336362
2.5400579999975643	547.4034907352944
2.540059999997564	547.3894087576818
2.540061999997564	547.3754794506349
2.540063999997564	547.361703261793
2.5400659999975637	547.3480806286894
2.5400679999975635	547.3346119830858
2.5400699999975633	547.3212977512642
2.540071999997563	547.3081383542574
2.540073999997563	547.2951342081652
2.540075999997563	547.2822857244048
2.5400779999975627	547.2695933098869
2.5400799999975625	547.2570573673186
2.5400819999975623	547.2446782953403
2.540083999997562	547.2324564887926
2.540085999997562	547.220392338915
2.540087999997562	547.2084862335114
2.5400899999975617	547.1967385572083
2.5400919999975615	547.185149691603
2.5400939999975614	547.1737200154363
2.540095999997561	547.1624499047578
2.540097999997561	547.1513397330842
2.540099999997561	547.1403898715487
2.5401019999975607	547.1296006890433
2.5401039999975605	547.1189725523536
2.5401059999975604	547.1085058262839
2.54010799999756	547.0982008737799
2.54010999999756	547.088058056037
2.54011199999756	547.0780777326074
2.5401139999975597	547.0682602614975
2.5401159999975595	547.0586059992586
2.5401179999975594	547.0491153010724
2.540119999997559	547.0397885208268
2.540121999997559	547.0306260111886
2.540123999997559	547.0216281236686
2.5401259999975587	547.0127952087113
2.5401279999975586	547.0041276156824
2.5401299999975584	546.9956256929273
2.5401319999975582	546.987289787861
2.540133999997558	546.9791202469812
2.540135999997558	546.9711174158972
2.5401379999975577	546.9632816393569
2.5401399999975576	546.9556132612583
2.5401419999975574	546.9481126246793
2.5401439999975572	546.9407800719005
2.540145999997557	546.9336159443831
2.540147999997557	546.9266205828662
2.5401499999975568	546.9197943272003
2.5401519999975566	546.9131375163573
2.5401539999975564	546.9066504885651
2.5401559999975563	546.900333581302
2.540157999997556	546.8941871311622
2.540159999997556	546.8882114737539
2.5401619999975558	546.8824069438282
2.5401639999975556	546.8767738750574
2.5401659999975554	546.871312600391
2.5401679999975553	546.8660234521902
2.540169999997555	546.8609067614084
2.540171999997555	546.8559628577495
2.5401739999975548	546.8511920700139
2.5401759999975546	546.846594725889
2.5401779999975544	546.8421711519046
2.5401799999975543	546.837921675234
2.540181999997554	546.8338466198919
2.540183999997554	546.8299463067206
2.540185999997554	546.8262210570289
2.5401879999975536	546.8226711907239
2.5401899999975535	546.8192970262025
2.5401919999975533	546.8160988802948
2.540193999997553	546.8130770682205
2.540195999997553	546.8102319035344
2.540197999997553	546.8075636980664
2.5401999999975526	546.8050727618194
2.5402019999975525	546.8027594029144
2.5402039999975523	546.8006239275184
2.540205999997552	546.7986666398467
2.540207999997552	546.7968878419356
2.540209999997552	546.7952878335939
2.5402119999975517	546.793866912419
2.5402139999975515	546.7926253736276
2.5402159999975513	546.7915635100248
2.540217999997551	546.7906816073503
2.540219999997551	546.7899799543131
2.540221999997551	546.7894588389286
2.5402239999975507	546.7891185438427
2.5402259999975505	546.7889593483856
2.5402279999975503	546.7889815289087
2.54022999999755	546.7891853586854
2.54023199999755	546.7895711078247
2.54023399999755	546.7901390431375
2.5402359999975497	546.7908894280358
2.5402379999975495	546.791822522447
2.5402399999975493	546.7929385826917
2.540241999997549	546.7942378612676
2.540243999997549	546.795720606928
2.540245999997549	546.797387064622
2.5402479999975487	546.7992374750996
2.5402499999975485	546.8012720749064
2.5402519999975484	546.8034910991015
2.540253999997548	546.8058947755924
2.540255999997548	546.808483324766
2.540257999997548	546.8112569653099
2.5402599999975477	546.814215910841
2.5402619999975475	546.8173603701104
2.5402639999975474	546.8206905467274
2.540265999997547	546.8242066391578
2.540267999997547	546.8279088405307
2.540269999997547	546.831797338437
2.5402719999975467	546.8358723148256
2.5402739999975466	546.8401339458673
2.5402759999975464	546.8445824017465
2.540277999997546	546.8492178466051
2.540279999997546	546.854040438352
2.540281999997546	546.8590503285532
2.5402839999975457	546.864247662209
2.5402859999975456	546.8696325776198
2.5402879999975454	546.8752052062941
2.5402899999975452	546.8809656727358
2.540291999997545	546.8869140943308
2.540293999997545	546.8930505811737
2.5402959999975447	546.8993752359131
2.5402979999975446	546.9058881536533
2.5402999999975444	546.9125894216779
2.5403019999975442	546.9194791193285
2.540303999997544	546.9265573179151
2.540305999997544	546.9338240805266
2.5403079999975438	546.9412794618702
2.5403099999975436	546.9489235081231
2.5403119999975434	546.9567562567565
2.5403139999975433	546.9647777364129
2.540315999997543	546.9729879667547
2.540317999997543	546.9813869581934
2.5403199999975428	546.9899747118866
2.5403219999975426	546.9987512197183
2.5403239999975424	547.0077164637323
2.5403259999975423	547.0168704161077
2.540327999997542	547.0262130392267
2.540329999997542	547.0357442854336
2.540331999997542	547.045464096841
2.5403339999975416	547.0553724051337
2.5403359999975414	547.0654691315948
2.5403379999975413	547.075754186899
2.540339999997541	547.0862274708936
2.540341999997541	547.0968888725148
2.540343999997541	547.1077382696485
2.5403459999975406	547.1187755290026
2.5403479999975405	547.1300005059761
2.5403499999975403	547.1414130444714
2.54035199999754	547.1530129769114
2.54035399999754	547.1648001240645
2.54035599999754	547.1767742949138
2.5403579999975396	547.1889352864766
2.5403599999975395	547.2012828837612
2.5403619999975393	547.2138168596355
2.540363999997539	547.2265369747068
2.540365999997539	547.2394429773094
2.540367999997539	547.2525346033352
2.5403699999975387	547.2658115760978
2.5403719999975385	547.2792736063448
2.5403739999975383	547.2929203921194
2.540375999997538	547.3067516186829
2.540377999997538	547.3207669584351
2.540379999997538	547.3349660708395
2.5403819999975377	547.34934860239
2.5403839999975375	547.3639141864779
2.5403859999975373	547.3786624432915
2.540387999997537	547.3935929798756
2.540389999997537	547.4087053903022
2.540391999997537	547.4239992550125
2.5403939999975367	547.4394741408704
2.5403959999975365	547.4551296015674
2.5403979999975363	547.4709651773524
2.540399999997536	547.4869803949853
2.540401999997536	547.5031747676976
2.540403999997536	547.5195477951579
2.5404059999975357	547.536098963433
2.5404079999975355	547.5528277449718
2.5404099999975354	547.5697335985832
2.540411999997535	547.5868159693943
2.540413999997535	547.6040742888248
2.540415999997535	547.6215079745947
2.5404179999975347	547.6391164307712
2.5404199999975345	547.656899047593
2.5404219999975344	547.6748552014885
2.540423999997534	547.6929842551812
2.540425999997534	547.7112855576236
2.540427999997534	547.7297584439874
2.5404299999975337	547.7484022356571
2.5404319999975336	547.7672162402282
2.5404339999975334	547.7861997515023
2.5404359999975332	547.8053520495134
2.540437999997533	547.8246724002597
2.540439999997533	547.8441600561545
2.5404419999975327	547.8638142560427
2.5404439999975326	547.883634224769
2.5404459999975324	547.9036191734059
2.5404479999975322	547.9237682992517
2.540449999997532	547.9440807858398
2.540451999997532	547.964555802937
2.5404539999975317	547.9851925065576
2.5404559999975316	548.0059900389812
2.5404579999975314	548.0269475287795
2.5404599999975312	548.0480640907933
2.540461999997531	548.0693388261648
2.540463999997531	548.0907708224356
2.5404659999975308	548.1123591533964
2.5404679999975306	548.134102879095
2.5404699999975304	548.1560010460362
2.5404719999975303	548.1780526871127
2.54047399999753	548.2002568199327
2.54047599999753	548.2226124501561
2.5404779999975298	548.2451185717528
2.5404799999975296	548.2677741633958
2.5404819999975294	548.2905781902598
2.5404839999975293	548.3135296041042
2.540485999997529	548.3366273432594
2.540487999997529	548.3598703326427
2.540489999997529	548.3832574838469
2.5404919999975286	548.4067876951553
2.5404939999975285	548.430459851583
2.5404959999975283	548.4542728248944
2.540497999997528	548.4782254739586
2.540499999997528	548.5023166443003
2.540501999997528	548.5265451681247
2.5405039999975276	548.5509098649356
2.5405059999975275	548.5754095411438
2.5405079999975273	548.6000429901619
2.540509999997527	548.6248089926781
2.540511999997527	548.6497063166299
2.540513999997527	548.6747337172773
2.5405159999975266	548.6998899371881
2.5405179999975265	548.7251737063795
2.5405199999975263	548.7505837423703
2.540521999997526	548.7761187503286
2.540523999997526	548.8017774231627
2.540525999997526	548.8275584415148
2.5405279999975257	548.8534604738994
2.5405299999975255	548.8794821768578
2.5405319999975253	548.9056221949727
2.540533999997525	548.9318791609143
2.540535999997525	548.9582516955862
2.540537999997525	548.9847384083677
2.5405399999975247	549.0113378971309
2.5405419999975245	549.038048748338
2.5405439999975243	549.0648695371401
2.540545999997524	549.0917988275852
2.540547999997524	549.1188351726277
2.540549999997524	549.1459771142715
2.5405519999975237	549.173223183785
2.5405539999975235	549.2005719017925
2.5405559999975234	549.2280217784024
2.540557999997523	549.2555713133692
2.540559999997523	549.2832189962087
2.540561999997523	549.3109633063148
2.5405639999975227	549.3388027131143
2.5405659999975225	549.3667356762817
2.5405679999975224	549.3947606458261
2.540569999997522	549.4228760622956
2.540571999997522	549.451080356884
2.540573999997522	549.4793719515659
2.5405759999975217	549.5077492600553
2.5405779999975215	549.5362106867917
2.5405799999975214	549.564754626237
2.540581999997521	549.5933794654273
2.540583999997521	549.6220835829838
2.540585999997521	549.6508653493709
2.5405879999975207	549.6797231270502
2.5405899999975206	549.7086552706717
2.5405919999975204	549.7376601272533
2.5405939999975202	549.7667360363627
2.54059599999752	549.795881330372
2.54059799999752	549.8250943345045
2.5405999999975197	549.8543733670231
2.5406019999975196	549.8837167396102
2.5406039999975194	549.9131227574443
2.5406059999975192	549.9425897192707
2.540607999997519	549.9721159177675
2.540609999997519	550.0016996397037
2.5406119999975187	550.0313391661286
2.5406139999975186	550.0610327725683
2.5406159999975184	550.0907787292122
2.5406179999975183	550.1205753011594
2.540619999997518	550.1504207486059
2.540621999997518	550.180313327048
2.5406239999975178	550.2102512874944
2.5406259999975176	550.2402328766779
2.5406279999975174	550.270256337267
2.5406299999975173	550.3003199080811
2.540631999997517	550.3304218243064
2.540633999997517	550.36056031786
2.5406359999975168	550.3907336172683
2.5406379999975166	550.4209399480176
2.5406399999975164	550.4511775329673
2.5406419999975163	550.4814445924311
2.540643999997516	550.5117393444194
2.540645999997516	550.5420600049026
2.540647999997516	550.5724047879836
2.5406499999975156	550.6027719060938
2.5406519999975155	550.6331595703278
2.5406539999975153	550.6635659906085
2.540655999997515	550.6939893759006
2.540657999997515	550.7244279345169
2.540659999997515	550.7548798743184
2.5406619999975146	550.7853434029531
2.5406639999975145	550.8158167280968
2.5406659999975143	550.8462980576909
2.540667999997514	550.8767856001846
2.540669999997514	550.9072775647782
2.540671999997514	550.9377721616657
2.5406739999975136	550.9682676022798
2.5406759999975135	550.9987620995355
2.5406779999975133	551.0292538680789
2.540679999997513	551.0597411245325
2.540681999997513	551.0902220877421
2.540683999997513	551.1206949790255
2.5406859999975127	551.1511580224144
2.5406879999975125	551.1816094449231
2.5406899999975123	551.2120474767875
2.540691999997512	551.2424703516959
2.540693999997512	551.2728763070523
2.540695999997512	551.3032635842268
2.5406979999975117	551.3336304288038
2.5406999999975115	551.3639750908267
2.5407019999975113	551.3942958250767
2.540703999997511	551.4245909112286
2.540705999997511	551.4548586157393
2.540707999997511	551.4850971872135
2.5407099999975107	551.5153049019084
2.5407119999975105	551.5454800417566
2.5407139999975104	551.5756208948902
2.54071599999751	551.6057257558219
2.54071799999751	551.6357929256992
2.54071999999751	551.6658207125342
2.5407219999975097	551.6958074313256
2.5407239999975095	551.7257514045108
2.5407259999975094	551.7556509621731
2.540727999997509	551.7855044420596
2.540729999997509	551.8153101898986
2.540731999997509	551.8450665596022
2.5407339999975087	551.8747719134961
2.5407359999975085	551.9044246225434
2.5407379999975084	551.9340230664757
2.540739999997508	551.963565634066
2.540741999997508	551.9930507233198
2.540743999997508	552.0224767416075
2.5407459999975077	552.0518421058774
2.5407479999975076	552.0811452428317
2.5407499999975074	552.110384589103
2.5407519999975072	552.1395585914202
2.540753999997507	552.168665706773
2.540755999997507	552.1977044025696
2.5407579999975067	552.2266731567877
2.5407599999975066	552.2555704581246
2.5407619999975064	552.284394806134
2.5407639999975062	552.3131447113636
2.540765999997506	552.341818695483
2.540767999997506	552.3704152914121
2.5407699999975057	552.3989330434422
2.5407719999975056	552.4273705073506
2.5407739999975054	552.4557262504889
2.5407759999975053	552.4839988518886
2.540777999997505	552.5121869023728
2.540779999997505	552.5402890046403
2.5407819999975048	552.5683037733477
2.5407839999975046	552.5962298402168
2.5407859999975044	552.6240658442067
2.5407879999975043	552.6518104072787
2.540789999997504	552.6794621920069
2.540791999997504	552.7070198979255
2.5407939999975038	552.7344822131786
2.5407959999975036	552.7618478380408
2.5407979999975034	552.7891154852435
2.5407999999975033	552.8162838800424
2.540801999997503	552.8433517601713
2.540803999997503	552.8703178758777
2.540805999997503	552.8971809900206
2.5408079999975026	552.9239398780572
2.5408099999975025	552.9505933280599
2.5408119999975023	552.9771401407241
2.540813999997502	553.003579129379
2.540815999997502	553.0299091199996
2.540817999997502	553.0561289512151
2.5408199999975016	553.0822374742635
2.5408219999975015	553.1082335530664
2.5408239999975013	553.1341160642061
2.540825999997501	553.1598838968607
2.540827999997501	553.1855359528192
2.540829999997501	553.2110711464671
2.5408319999975006	553.2364884047666
2.5408339999975005	553.2617866672347
2.5408359999975003	553.2869648859202
2.5408379999975	553.3120220253749
2.5408399999975	553.3369570626242
2.5408419999975	553.3617689864312
2.5408439999974997	553.3864567986665
2.5408459999974995	553.4110195142728
2.5408479999974993	553.4354561598276
2.540849999997499	553.4597657741833
2.540851999997499	553.4839474084318
2.540853999997499	553.5080001258557
2.5408559999974987	553.531923001878
2.5408579999974985	553.5557151240097
2.5408599999974983	553.5793755917914
2.540861999997498	553.6029035167038
2.540863999997498	553.62629802217
2.540865999997498	553.6495582435368
2.5408679999974977	553.6726833278561
2.5408699999974975	553.6956724338728
2.5408719999974974	553.7185247320059
2.540873999997497	553.7412394042368
2.540875999997497	553.7638156440318
2.540877999997497	553.786252656276
2.5408799999974967	553.8085496571874
2.5408819999974965	553.8307058742296
2.5408839999974964	553.8527205460266
2.540885999997496	553.8745929222739
2.540887999997496	553.8963222636479
2.540889999997496	553.9179078417102
2.5408919999974957	553.9393489387741
2.5408939999974955	553.9606448478423
2.5408959999974954	553.9817948726173
2.540897999997495	554.0027983272619
2.540899999997495	554.0236545362854
2.540901999997495	554.0443628344315
2.5409039999974947	554.0649225666682
2.5409059999974946	554.0853330880487
2.5409079999974944	554.1055937635539
2.5409099999974942	554.1257039680116
2.540911999997494	554.1456630859656
2.540913999997494	554.165470511575
2.5409159999974937	554.185125648498
2.5409179999974936	554.2046279097838
2.5409199999974934	554.2239767177394
2.5409219999974932	554.2431715038152
2.540923999997493	554.262211708499
2.540925999997493	554.2810967811922
2.5409279999974927	554.2998261800952
2.5409299999974926	554.3183993720859
2.5409319999974924	554.3368158326047
2.5409339999974923	554.3550750454979
2.540935999997492	554.3731765029875
2.540937999997492	554.3911197055315
2.5409399999974918	554.408904161704
2.5409419999974916	554.4265293880445
2.5409439999974914	554.4439949088884
2.5409459999974913	554.4613002563482
2.540947999997491	554.4784449702133
2.540949999997491	554.4954285978114
2.5409519999974908	554.5122506939015
2.5409539999974906	554.528910820566
2.5409559999974904	554.5454085471073
2.5409579999974903	554.5617434499438
2.54095999999749	554.5779151124736
2.54096199999749	554.5939231250373
2.54096399999749	554.6097670848553
2.5409659999974896	554.6254465957594
2.5409679999974895	554.6409612682761
2.5409699999974893	554.6563107194546
2.540971999997489	554.6714945727981
2.540973999997489	554.6865124582204
2.540975999997489	554.7013640118643
2.5409779999974886	554.7160488760701
2.5409799999974885	554.730566699296
2.5409819999974883	554.7449171625663
2.540983999997488	554.7590999267383
2.540985999997488	554.7731146314471
2.540987999997488	554.7869609485856
2.5409899999974876	554.8006385561056
2.5409919999974875	554.8141471376515
2.5409939999974873	554.8274863825039
2.540995999997487	554.8406559855235
2.540997999997487	554.8536556470797
2.540999999997487	554.8664850730324
2.5410019999974867	554.8791439746847
2.5410039999974865	554.8916320686973
2.5410059999974863	554.9039490770464
2.541007999997486	554.916094727056
2.541009999997486	554.9280687512753
2.541011999997486	554.9398708874287
2.5410139999974857	554.9515008784762
2.5410159999974855	554.9629584725072
2.5410179999974853	554.9742434227337
2.541019999997485	554.9853554874812
2.541021999997485	554.9962944301212
2.541023999997485	555.0070600190319
2.5410259999974847	555.0176520219233
2.5410279999974845	555.0280702186326
2.5410299999974844	555.0383143977848
2.541031999997484	555.0483843474643
2.541033999997484	555.058279860925
2.541035999997484	555.0680007362496
2.5410379999974837	555.0775467763154
2.5410399999974835	555.0869177888902
2.5410419999974834	555.0961135865348
2.541043999997483	555.1051339865699
2.541045999997483	555.1139788110829
2.541047999997483	555.1226478868289
2.5410499999974827	555.1311410451776
2.5410519999974825	555.1394581221375
2.5410539999974824	555.1475989582812
2.541055999997482	555.1555633987163
2.541057999997482	555.1633512929759
2.541059999997482	555.1709624949536
2.5410619999974817	555.1783968629214
2.5410639999974816	555.1856542593764
2.5410659999974814	555.1927345509672
2.5410679999974812	555.1996376084545
2.541069999997481	555.2063633066243
2.541071999997481	555.2129115241403
2.5410739999974807	555.2192821434356
2.5410759999974806	555.2254750506498
2.5410779999974804	555.2314901355261
2.5410799999974802	555.2373272911631
2.54108199999748	555.2429864141402
2.54108399999748	555.2484674043864
2.5410859999974797	555.2537701647212
2.5410879999974796	555.2588946008897
2.5410899999974794	555.263840621489
2.5410919999974793	555.2686081377291
2.541093999997479	555.2731970633148
2.541095999997479	555.2776073142782
2.5410979999974788	555.281838808791
2.5410999999974786	555.2858914670692
2.5411019999974784	555.2897652111806
2.5411039999974783	555.2934599649417
2.541105999997478	555.2969756536772
2.541107999997478	555.30031220396
2.5411099999974778	555.3034695436273
2.5411119999974776	555.3064475705684
2.5411139999974774	555.3092462135553
2.5411159999974773	555.3118654342305
2.541117999997477	555.3143051640199
2.541119999997477	555.3165653343787
2.541121999997477	555.3186458771057
2.5411239999974766	555.3205467241544
2.5411259999974765	555.3222678074364
2.5411279999974763	555.3238090588011
2.541129999997476	555.3251704099166
2.541131999997476	555.3263517921255
2.541133999997476	555.3273531363332
2.5411359999974756	555.3281743729565
2.5411379999974755	555.3288154318222
2.5411399999974753	555.3292762420825
2.541141999997475	555.3295567322042
2.541143999997475	555.3296568298929
2.541145999997475	555.3295764620359
2.5411479999974746	555.3293155592241
2.5411499999974745	555.3288740469588
2.5411519999974743	555.3282518448261
2.541153999997474	555.3274488764016
2.541155999997474	555.32646506433
2.541157999997474	555.3253003303417
2.5411599999974737	555.3239545954251
2.5411619999974735	555.3224277798462
2.5411639999974733	555.3207198030625
2.541165999997473	555.3188305838033
2.541167999997473	555.3167600401686
2.541169999997473	555.3145080896642
2.5411719999974727	555.3120746492629
2.5411739999974725	555.3094596354701
2.5411759999974723	555.3066629643914
2.541177999997472	555.3036845518026
2.541179999997472	555.3005243132205
2.541181999997472	555.2971821639636
2.5411839999974717	555.2936580192566
2.5411859999974715	555.2899517942943
2.5411879999974714	555.2860634042858
2.541189999997471	555.2819927797826
2.541191999997471	555.2777398358752
2.541193999997471	555.2733044734753
2.5411959999974707	555.2686866083606
2.5411979999974705	555.2638861569047
2.5411999999974704	555.2589030358755
2.54120199999747	555.2537371624356
2.54120399999747	555.24838846443
2.54120599999747	555.2428568594013
2.5412079999974697	555.2371422568469
2.5412099999974695	555.2312445758774
2.5412119999974694	555.2251637362601
2.541213999997469	555.2188996584604
2.541215999997469	555.2124522635386
2.541217999997469	555.2058214731483
2.5412199999974687	555.199007209525
2.5412219999974686	555.1920093954726
2.5412239999974684	555.1848279543399
2.5412259999974682	555.1774628099956
2.541227999997468	555.1699138867962
2.541229999997468	555.16218110955
2.5412319999974677	555.1542644034768
2.5412339999974676	555.1461636940329
2.5412359999974674	555.1378789071903
2.5412379999974672	555.1294099691786
2.541239999997467	555.1207568064094
2.541241999997467	555.111919345452
2.5412439999974668	555.1028975129984
2.5412459999974666	555.0936912358034
2.5412479999974664	555.0843004406246
2.5412499999974663	555.0747250541941
2.541251999997466	555.0649650031667
2.541253999997466	555.0550202140845
2.5412559999974658	555.0448906133304
2.5412579999974656	555.034576127102
2.5412599999974654	555.0240766813862
2.5412619999974653	555.0133922019429
2.541263999997465	555.0025226142944
2.541265999997465	554.9914678437189
2.5412679999974648	554.9802278152721
2.5412699999974646	554.9688024538061
2.5412719999974644	554.9571916839868
2.5412739999974643	554.9453954303399
2.541275999997464	554.9334136173029
2.541277999997464	554.9212461692933
2.541279999997464	554.9088930107799
2.5412819999974636	554.896354066378
2.5412839999974635	554.8836292609502
2.5412859999974633	554.8707185198106
2.541287999997463	554.8576217686257
2.541289999997463	554.8443389337417
2.541291999997463	554.8308699193326
2.5412939999974626	554.8172146542955
2.5412959999974625	554.8033730897489
2.5412979999974623	554.7893451565444
2.541299999997462	554.7751307868131
2.541301999997462	554.7607299144582
2.541303999997462	554.7461424753251
2.5413059999974617	554.7313684074604
2.5413079999974615	554.716407651348
2.5413099999974613	554.7012601501795
2.541311999997461	554.6859258501044
2.541313999997461	554.6704047004739
2.541315999997461	554.6546966541741
2.5413179999974607	554.6388016677961
2.5413199999974605	554.6227197019406
2.5413219999974603	554.6064507215159
2.54132399999746	554.5899946959909
2.54132599999746	554.5733515996636
2.54132799999746	554.55652141195
2.5413299999974597	554.5395041176072
2.5413319999974595	554.5222997070344
2.5413339999974593	554.5049081762805
2.541335999997459	554.4873295276838
2.541337999997459	554.4695637701028
2.541339999997459	554.4516109188552
2.5413419999974587	554.4334709959638
2.5413439999974585	554.4151440304316
2.5413459999974584	554.3966300584547
2.541347999997458	554.377929123573
2.541349999997458	554.3590412768589
2.541351999997458	554.3399665770262
2.5413539999974577	554.3207050905423
2.5413559999974575	554.3012568918141
2.5413579999974574	554.2816220632413
2.541359999997457	554.2618006953049
2.541361999997457	554.2417928866446
2.541363999997457	554.2215987440951
2.5413659999974567	554.2012183827328
2.5413679999974566	554.180651925859
2.5413699999974564	554.159899505035
2.541371999997456	554.1389612600408
2.541373999997456	554.1178373388408
2.541375999997456	554.0965278975492
2.5413779999974557	554.075033100381
2.5413799999974556	554.0533531195507
2.5413819999974554	554.0314881351354
2.5413839999974552	554.0094383350274
2.541385999997455	553.9872039148376
2.541387999997455	553.9647850776686
2.5413899999974547	553.9421820256443
2.5413919999974546	553.9193949765358
2.5413939999974544	553.8964241635791
2.5413959999974542	553.8732698214175
2.541397999997454	553.8499321885936
2.541399999997454	553.8264115073515
2.5414019999974538	553.8027080291255
2.5414039999974536	553.7788220115337
2.5414059999974534	553.7547537181771
2.5414079999974533	553.7305034184628
2.541409999997453	553.7060713873954
2.541411999997453	553.6814579053838
2.5414139999974528	553.6566632580375
2.5414159999974526	553.6316877359649
2.5414179999974524	553.6065316346198
2.5414199999974523	553.5811952535223
2.541421999997452	553.5556788972686
2.541423999997452	553.5299828755124
2.541425999997452	553.5041075013606
2.5414279999974516	553.4780530919512
2.5414299999974514	553.4518199683291
2.5414319999974513	553.4254084553152
2.541433999997451	553.3988188814245
2.541435999997451	553.372051578687
2.541437999997451	553.3451068825761
2.5414399999974506	553.3179851319917
2.5414419999974505	553.2906866691682
2.5414439999974503	553.2632118396359
2.54144599999745	553.2355609921415
2.54144799999745	553.2077344787346
2.54144999999745	553.1797326547501
2.5414519999974496	553.1515558787074
2.5414539999974495	553.1232045124302
2.5414559999974493	553.0946789211059
2.541457999997449	553.0659794732571
2.541459999997449	553.0371065408347
2.541461999997449	553.0080604997725
2.5414639999974487	552.9788417291621
2.5414659999974485	552.9494506115469
2.5414679999974483	552.9198875336127
2.541469999997448	552.8901528860423
2.541471999997448	552.8602470636494
2.541473999997448	552.8301704655744
2.5414759999974477	552.799923495302
2.5414779999974475	552.7695065607795
2.5414799999974473	552.7389200747042
2.541481999997447	552.7081644547123
2.541483999997447	552.6772401234881
2.541485999997447	552.6461475089619
2.5414879999974467	552.6148870444359
2.5414899999974465	552.5834591687704
2.5414919999974463	552.5518643265116
2.541493999997446	552.5201029681119
2.541495999997446	552.4881755501364
2.541497999997446	552.4560825376475
2.5414999999974457	552.4238243993673
2.5415019999974455	552.3914016087681
2.5415039999974454	552.3588146478262
2.541505999997445	552.3260640053272
2.541507999997445	552.2931501768797
2.541509999997445	552.2600736649609
2.5415119999974447	552.2268349790156
2.5415139999974445	552.1934346355176
2.5415159999974444	552.1598731580382
2.541517999997444	552.1261510772375
2.541519999997444	552.0922689308765
2.541521999997444	552.0582272638615
2.5415239999974437	552.0240266282058
2.5415259999974436	551.9896675829652
2.5415279999974434	551.9551506942279
2.5415299999974432	551.9204765351169
2.541531999997443	551.8856456855926
2.541533999997443	551.8506587323443
2.5415359999974427	551.8155162687615
2.5415379999974426	551.7802188948083
2.5415399999974424	551.7447672168145
2.5415419999974422	551.7091618473582
2.541543999997442	551.673403405076
2.541545999997442	551.6374925144802
2.5415479999974417	551.6014298057962
2.5415499999974416	551.5652159147492
2.5415519999974414	551.5288514823541
2.5415539999974412	551.4923371546846
2.541555999997441	551.4556735826865
2.541557999997441	551.4188614219532
2.5415599999974408	551.3819013324562
2.5415619999974406	551.3447939783515
2.5415639999974404	551.3075400276688
2.5415659999974403	551.2701401522187
2.54156799999744	551.2325950273648
2.54156999999744	551.1949053316873
2.5415719999974398	551.1570717468286
2.5415739999974396	551.1190949572906
2.5415759999974394	551.0809756502401
2.5415779999974393	551.042714515325
2.541579999997439	551.0043122444831
2.541581999997439	550.9657695318299
2.541583999997439	550.9270870779955
2.5415859999974386	550.8882655819898
2.5415879999974385	550.8493057380972
2.5415899999974383	550.8102082480508
2.541591999997438	550.770973814923
2.541593999997438	550.7316031433389
2.541595999997438	550.6920969394267
2.5415979999974376	550.6524559108301
2.5415999999974375	550.6126807667047
2.5416019999974373	550.5727722177454
2.541603999997437	550.5327309762359
2.541605999997437	550.4925577561155
2.541607999997437	550.4522532730704
2.5416099999974366	550.4118182446629
2.5416119999974365	550.3712533904205
2.5416139999974363	550.3305594320105
2.541615999997436	550.2897370933609
2.541617999997436	550.2487871008987
2.541619999997436	550.2077101837547
2.5416219999974357	550.1665070739035
2.5416239999974355	550.1251785064065
2.5416259999974353	550.0837252196918
2.541627999997435	550.0421479495802
2.541629999997435	550.0004474413942
2.541631999997435	549.9586244517894
2.5416339999974347	549.9166797350658
2.5416359999974345	549.8746140501179
2.5416379999974343	549.8324281608137
2.541639999997434	549.7901228362516
2.541641999997434	549.7476988509222
2.541643999997434	549.7051569850161
2.5416459999974337	549.6624980246827
2.5416479999974335	549.6197227622819
2.5416499999974334	549.5768319966267
2.541651999997433	549.5338265332101
2.541653999997433	549.4907071844227
2.541655999997433	549.4474747697556
2.5416579999974327	549.4041301159892
2.5416599999974325	549.3606740573615
2.5416619999974324	549.3171074357227
2.541663999997432	549.2734311006691
2.541665999997432	549.2296459096589
2.541667999997432	549.185752728104
2.5416699999974317	549.1417524294123
2.5416719999974315	549.0976458951063
2.5416739999974314	549.053434014884
2.541675999997431	549.0091176864804
2.541677999997431	548.9646978157099
2.541679999997431	548.9201753164912
2.5416819999974307	548.8755511181292
2.5416839999974306	548.8308261503381
2.5416859999974304	548.7860013436771
2.5416879999974302	548.7410776433528
2.54168999999743	548.6960560022391
2.54169199999743	548.6509373806352
2.5416939999974297	548.6057227460242
2.5416959999974296	548.5604130729658
2.5416979999974294	548.5150093428173
2.5416999999974292	548.469512543456
2.541701999997429	548.4239236691867
2.541703999997429	548.3782437204707
2.5417059999974287	548.3324737035732
2.5417079999974286	548.2866146425974
2.5417099999974284	548.2406675551878
2.5417119999974283	548.1946334507525
2.541713999997428	548.148513356365
2.541715999997428	548.1023083034081
2.5417179999974278	548.0560193274524
2.5417199999974276	548.0096474682135
2.5417219999974274	547.9631937690923
2.5417239999974273	547.916659276771
2.541725999997427	547.8700450410621
2.541727999997427	547.8233521146678
2.5417299999974268	547.7765815343706
2.5417319999974266	547.7297343577843
2.5417339999974264	547.6828116636941
2.5417359999974263	547.6358145140429
2.541737999997426	547.5887439726428
2.541739999997426	547.5416011049056
2.541741999997426	547.49438697765
2.5417439999974256	547.4471026590718
2.5417459999974255	547.3997492186412
2.5417479999974253	547.3523277268921
2.541749999997425	547.3048392553919
2.541751999997425	547.257284876678
2.541753999997425	547.2096656642128
2.5417559999974246	547.1619826923596
2.5417579999974245	547.1142370363755
2.5417599999974243	547.0664297724263
2.541761999997424	547.0185619776187
2.541763999997424	546.9706347300489
2.541765999997424	546.9226491088733
2.5417679999974236	546.8746061943901
2.5417699999974235	546.8265070681431
2.5417719999974233	546.7783528130346
2.541773999997423	546.7301445134589
2.541775999997423	546.6818832555408
2.541777999997423	546.6335701270958
2.5417799999974227	546.585206217804
2.5417819999974225	546.5367926195656
2.5417839999974223	546.4883304393268
2.541785999997422	546.4398207732406
2.541787999997422	546.3912647085353
2.541789999997422	546.3426633473697
2.5417919999974217	546.2940177951502
2.5417939999974215	546.2453291607023
2.5417959999974213	546.1965985562715
2.541797999997421	546.1478270978215
2.541799999997421	546.0990159052315
2.541801999997421	546.0501661025241
2.5418039999974207	546.0012788179939
2.5418059999974205	545.9523551843777
2.5418079999974204	545.903396339109
2.54180999999742	545.8544034244456
2.54181199999742	545.8053775876248
2.54181399999742	545.7563199810054
2.5418159999974197	545.7072317583093
2.5418179999974195	545.6581140823455
2.5418199999974194	545.608968125745
2.541821999997419	545.5597950625195
2.541823999997419	545.5105960723512
2.541825999997419	545.4613723406185
2.5418279999974187	545.4121250584683
2.5418299999974185	545.3628554228397
2.5418319999974184	545.31356463633
2.541833999997418	545.2642539074257
2.541835999997418	545.2149244505445
2.541837999997418	545.1655774857071
2.5418399999974177	545.116214238442
2.5418419999974176	545.0668359401211
2.5418439999974174	545.0174438277003
2.5418459999974172	544.968039143471
2.541847999997417	544.918623135017
2.541849999997417	544.8691970551644
2.5418519999974167	544.8197621618297
2.5418539999974166	544.7703197177779
2.5418559999974164	544.7208709905938
2.5418579999974162	544.6714172524827
2.541859999997416	544.6219597800333
2.541861999997416	544.5724998497063
2.5418639999974157	544.523038747674
2.5418659999974156	544.473577766325
2.5418679999974154	544.424118198039
2.5418699999974153	544.374661338547
2.541871999997415	544.3252084867961
2.541873999997415	544.2757609447426
2.5418759999974148	544.2263200171537
2.5418779999974146	544.1768870113527
2.5418799999974144	544.1274632370306
2.5418819999974143	544.0780500060145
2.541883999997414	544.0286486321222
2.541885999997414	543.9792604309282
2.5418879999974138	543.9298867197994
2.5418899999974136	543.8805288172138
2.5418919999974134	543.8311880426628
2.5418939999974133	543.7818657173017
2.541895999997413	543.7325631626813
2.541897999997413	543.6832817007215
2.541899999997413	543.6340226542766
2.5419019999974126	543.5847873466251
2.5419039999974125	543.5355771013448
2.5419059999974123	543.4863932423552
2.541907999997412	543.437237094027
2.541909999997412	543.3881099800401
2.541911999997412	543.3390132235542
2.5419139999974116	543.2899481481023
2.5419159999974115	543.2409160770545
2.5419179999974113	543.1919183335079
2.541919999997411	543.1429562402635
2.541921999997411	543.0940311197993
2.541923999997411	543.0451442942583
2.5419259999974106	542.9962970854469
2.5419279999974105	542.9474908148405
2.5419299999974103	542.8987268036025
2.54193199999741	542.8500063726698
2.54193399999741	542.8013308426566
2.54193599999741	542.7527015339305
2.5419379999974097	542.7041197667459
2.5419399999974095	542.6555868611991
2.5419419999974093	542.6071041374196
2.541943999997409	542.5586729155805
2.541945999997409	542.5102945382121
2.541947999997409	542.4619703252666
2.5419499999974087	542.4137015756453
2.5419519999974085	542.3654896101683
2.5419539999974083	542.3173357500904
2.541955999997408	542.2692413173392
2.541957999997408	542.221207634581
2.541959999997408	542.1732360250012
2.5419619999974077	542.1253278125401
2.5419639999974075	542.0774843219816
2.5419659999974074	542.0297068790222
2.541967999997407	541.9819968103479
2.541969999997407	541.9343554437165
2.541971999997407	541.8867841080288
2.5419739999974067	541.8392841333805
2.5419759999974065	541.7918568511176
2.5419779999974064	541.7445035939107
2.541979999997406	541.6972256957928
2.541981999997406	541.6500244922033
2.541983999997406	541.6029013200254
2.5419859999974057	541.5558575176133
2.5419879999974055	541.5088944248174
2.5419899999974054	541.4620133830072
2.541991999997405	541.4152157350668
2.541993999997405	541.3685028253935
2.541995999997405	541.3218759998003
2.5419979999974047	541.2753366057157
2.5419999999974046	541.2288859921623
2.5420019999974044	541.1825255095191
2.5420039999974042	541.1362565095826
2.542005999997404	541.0900803455355
2.542007999997404	541.0439983718977
2.5420099999974037	540.9980119435355
2.5420119999974036	540.9521224174947
2.5420139999974034	540.906331152855
2.5420159999974032	540.8606395089035
2.542017999997403	540.8150488459038
2.542019999997403	540.7695605250146
2.5420219999974027	540.72417590822
2.5420239999974026	540.678896358274
2.5420259999974024	540.6337232385864
2.5420279999974023	540.5886579130126
2.542029999997402	540.5437017458931
2.542031999997402	540.4988561018912
2.5420339999974018	540.4541223458599
2.5420359999974016	540.4095018427757
2.5420379999974014	540.3649959575328
2.5420399999974013	540.3206060548697
2.542041999997401	540.2763334992362
2.542043999997401	540.2321796546628
2.5420459999974008	540.1881458844426
2.5420479999974006	540.1442335513954
2.5420499999974004	540.1004440177301
2.5420519999974003	540.0567786445287
2.5420539999974	540.0132387918075
2.5420559999974	539.9698258183472
2.5420579999974	539.926541081634
2.5420599999973996	539.8833859377356
2.5420619999973995	539.8403617410845
2.5420639999973993	539.7974698443923
2.542065999997399	539.7547115986057
2.542067999997399	539.7120883526015
2.542069999997399	539.669601453067
2.5420719999973986	539.6272522445405
2.5420739999973985	539.5850420692054
2.5420759999973983	539.5429722667656
2.542077999997398	539.501044174325
2.542079999997398	539.4592591246263
2.542081999997398	539.4176184485025
2.5420839999973976	539.3761234768862
2.5420859999973975	539.334775535309
2.5420879999973973	539.2935759461584
2.542089999997397	539.2525260284546
2.542091999997397	539.2116270979348
2.542093999997397	539.1708804669428
2.5420959999973967	539.1302874441553
2.5420979999973965	539.089849334572
2.5420999999973963	539.0495674394227
2.542101999997396	539.0094430560764
2.542103999997396	538.9694774779515
2.542105999997396	538.9296719944283
2.5421079999973957	538.8900278907688
2.5421099999973955	538.85054644803
2.5421119999973953	538.811228942988
2.542113999997395	538.7720766480589
2.542115999997395	538.7330908312257
2.542117999997395	538.6942727559651
2.5421199999973947	538.6556236811766
2.5421219999973945	538.6171448343288
2.5421239999973944	538.5788374657692
2.542125999997394	538.5407028460562
2.542127999997394	538.5027422149959
2.542129999997394	538.4649568075889
2.5421319999973937	538.4273478542117
2.5421339999973935	538.3899165798557
2.5421359999973934	538.3526642035972
2.542137999997393	538.3155919401331
2.542139999997393	538.278701000224
2.542141999997393	538.2419925882439
2.5421439999973927	538.205467903308
2.5421459999973925	538.1691281391828
2.5421479999973924	538.132974484236
2.542149999997392	538.0970081213827
2.542151999997392	538.0612302280036
2.542153999997392	538.0256419759593
2.5421559999973917	537.9902445327269
2.5421579999973916	537.9550390589537
2.5421599999973914	537.9200267082637
2.5421619999973912	537.8852086285943
2.542163999997391	537.8505859631808
2.542165999997391	537.8161598507226
2.5421679999973907	537.7819314227329
2.5421699999973906	537.7479018199737
2.5421719999973904	537.7140721620854
2.5421739999973902	537.6804435473575
2.54217599999739	537.6470170688596
2.54217799999739	537.6137938276328
2.5421799999973897	537.5807749470248
2.5421819999973896	537.5479615158021
2.5421839999973894	537.515354601668
2.5421859999973893	537.4829552801202
2.542187999997389	537.4507646203522
2.542189999997389	537.418783684984
2.5421919999973888	537.3870135300053
2.5421939999973886	537.3554552047044
2.5421959999973884	537.3241097515947
2.5421979999973883	537.2929782063452
2.542199999997388	537.2620615977112
2.542201999997388	537.2313609474456
2.5422039999973878	537.2008772702549
2.5422059999973876	537.1706115737228
2.5422079999973874	537.1405648582038
2.5422099999973873	537.1107381167359
2.542211999997387	537.0811323350395
2.542213999997387	537.0517484915607
2.542215999997387	537.0225875569846
2.5422179999973866	536.9936504942425
2.5422199999973865	536.9649382586771
2.5422219999973863	536.9364517978639
2.542223999997386	536.9081920515557
2.542225999997386	536.8801599391708
2.542227999997386	536.8523563845102
2.5422299999973856	536.8247823154393
2.5422319999973855	536.7974386394645
2.5422339999973853	536.7703262556307
2.542235999997385	536.7434460545765
2.542237999997385	536.7167989184413
2.542239999997385	536.690385720777
2.5422419999973846	536.6642073264526
2.5422439999973845	536.6382645915629
2.5422459999973843	536.612558363363
2.542247999997384	536.5870894790786
2.542249999997384	536.5618587678376
2.542251999997384	536.536867050841
2.5422539999973837	536.512115135988
2.5422559999973835	536.4876038248015
2.5422579999973833	536.4633339122397
2.542259999997383	536.4393061802981
2.542261999997383	536.4155214020129
2.542263999997383	536.3919803410589
2.5422659999973827	536.3686837509186
2.5422679999973825	536.3456323751752
2.5422699999973823	536.3228269474407
2.542271999997382	536.3002681912678
2.542273999997382	536.2779568200563
2.542275999997382	536.2558935369642
2.5422779999973817	536.2340790348442
2.5422799999973815	536.2125139961433
2.5422819999973814	536.1911990928061
2.542283999997381	536.1701349862004
2.542285999997381	536.1493223270346
2.542287999997381	536.1287617552774
2.5422899999973807	536.1084539000752
2.5422919999973805	536.088399379677
2.5422939999973804	536.0685988013533
2.54229599999738	536.0490527613164
2.54229799999738	536.0297618446504
2.54229999999738	536.0107266252377
2.5423019999973797	535.9919476645479
2.5423039999973795	535.9734255138991
2.5423059999973794	535.9551607141354
2.542307999997379	535.9371537936371
2.542309999997379	535.9194052692094
2.542311999997379	535.9019156460397
2.5423139999973787	535.8846854176354
2.5423159999973786	535.8677150657604
2.5423179999973784	535.8510050542907
2.5423199999973782	535.8345558412019
2.542321999997378	535.8183678788687
2.542323999997378	535.802441601495
2.5423259999973777	535.7867774312368
2.5423279999973776	535.7713757840826
2.5423299999973774	535.7562370520739
2.5423319999973772	535.7413616147414
2.542333999997377	535.726749851682
2.542335999997377	535.7124021240778
2.5423379999973768	535.6983187807514
2.5423399999973766	535.6845001581262
2.5423419999973764	535.6709465801827
2.5423439999973763	535.6576583584052
2.542345999997376	535.6446357917371
2.542347999997376	535.6318791665371
2.5423499999973758	535.6193887565327
2.5423519999973756	535.6071648227742
2.5423539999973754	535.5952076195003
2.5423559999973753	535.5835173823956
2.542357999997375	535.5720943281553
2.542359999997375	535.5609386666546
2.5423619999973748	535.5500505948942
2.5423639999973746	535.5394302999341
2.5423659999973744	535.5290779529414
2.5423679999973743	535.5189937088899
2.542369999997374	535.5091777127417
2.542371999997374	535.4996300963442
2.542373999997374	535.49035097838
2.5423759999973736	535.4813404643218
2.5423779999973735	535.4725986463872
2.5423799999973733	535.4641256034919
2.542381999997373	535.4559214011865
2.542383999997373	535.4479860916538
2.542385999997373	535.4403197136356
2.5423879999973726	535.4329222923803
2.5423899999973725	535.4257938396113
2.5423919999973723	535.4189343534359
2.542393999997372	535.4123438183374
2.542395999997372	535.4060222051529
2.542397999997372	535.3999694709712
2.5423999999973717	535.3941855591066
2.5424019999973715	535.3886703990486
2.5424039999973713	535.3834239064148
2.542405999997371	535.3784459828794
2.542407999997371	535.3737365154642
2.542409999997371	535.3692953779946
2.5424119999973707	535.3651224307163
2.5424139999973705	535.3612175192192
2.5424159999973703	535.3575804749024
2.54241799999737	535.3542111149709
2.54241999999737	535.3511092423903
2.54242199999737	535.3482746457998
2.5424239999973697	535.3457070995743
2.5424259999973695	535.3434063637486
2.5424279999973693	535.3413721839347
2.542429999997369	535.339604291307
2.542431999997369	535.338102402576
2.542433999997369	535.3368662199564
2.5424359999973687	535.3358954311379
2.5424379999973685	535.3351897092589
2.5424399999973684	535.334748724889
2.542441999997368	535.3345721214839
2.542443999997368	535.3346595171605
2.542445999997368	535.33501052657
2.5424479999973677	535.3356247498103
2.5424499999973675	535.3365017721962
2.5424519999973674	535.3376411645116
2.542453999997367	535.339042483494
2.542455999997367	535.3407052706476
2.542457999997367	535.3426290523296
2.5424599999973667	535.3448133407355
2.5424619999973666	535.3472576333371
2.5424639999973664	535.3499614130955
2.542465999997366	535.3529241484858
2.542467999997366	535.3561452933251
2.542469999997366	535.3596242869137
2.5424719999973657	535.363360554047
2.5424739999973656	535.3673535050625
2.5424759999973654	535.371602535874
2.5424779999973652	535.3761070280225
2.542479999997365	535.3808663487264
2.542481999997365	535.3858798509343
2.5424839999973647	535.3911468733853
2.5424859999973646	535.396666740659
2.5424879999973644	535.4024387632667
2.5424899999973642	535.4084622376993
2.542491999997364	535.4147364465113
2.542493999997364	535.4212606583981
2.5424959999973638	535.4280341282691
2.5424979999973636	535.4350560973454
2.5424999999973634	535.4423257932309
2.5425019999973633	535.449842430021
2.542503999997363	535.4576052083828
2.542505999997363	535.4656133156681
2.5425079999973628	535.4738659260084
2.5425099999973626	535.482362200418
2.5425119999973624	535.4911012869011
2.5425139999973623	535.5000823205494
2.542515999997362	535.5093044236843
2.542517999997362	535.5187667059766
2.542519999997362	535.5284682645224
2.5425219999973616	535.5384081839977
2.5425239999973615	535.5485855367803
2.5425259999973613	535.5589993830567
2.542527999997361	535.5696487709047
2.542529999997361	535.5805327264345
2.542531999997361	535.5916502739883
2.5425339999973606	535.6030004362631
2.5425359999973605	535.6145822146908
2.5425379999973603	535.6263945991641
2.54253999999736	535.6384365683275
2.54254199999736	535.6507070896936
2.54254399999736	535.6632051197865
2.5425459999973596	535.6759296043641
2.5425479999973595	535.6888794786964
2.5425499999973593	535.7020536673566
2.542551999997359	535.7154510844018
2.542553999997359	535.729070633786
2.542555999997359	535.7429112093868
2.5425579999973587	535.7569716951472
2.5425599999973585	535.7712509641601
2.5425619999973583	535.7857478808878
2.542563999997358	535.8004613017181
2.542565999997358	535.815390072396
2.542567999997358	535.8305330295158
2.5425699999973577	535.8458890006619
2.5425719999973575	535.8614568045642
2.5425739999973573	535.8772352512226
2.542575999997357	535.8932231421336
2.542577999997357	535.9094192691355
2.542579999997357	535.9258224169247
2.5425819999973567	535.9424313697335
2.5425839999973565	535.9592448962816
2.5425859999973563	535.9762617524515
2.542587999997356	535.9934806917095
2.542589999997356	536.0109004600929
2.542591999997356	536.0285197963688
2.5425939999973557	536.046337432208
2.5425959999973555	536.0643520922752
2.5425979999973554	536.0825624944113
2.542599999997355	536.1009673497932
2.542601999997355	536.1195653630901
2.542603999997355	536.1383552325958
2.5426059999973547	536.1573356503832
2.5426079999973545	536.176505302467
2.5426099999973544	536.1958628689338
2.542611999997354	536.2154070240975
2.542613999997354	536.2351364366357
2.542615999997354	536.2550497697355
2.5426179999973537	536.2751456812351
2.5426199999973536	536.295422823761
2.5426219999973534	536.3158798448239
2.5426239999973532	536.3365153869868
2.542625999997353	536.3573280880148
2.542627999997353	536.3783165809688
2.5426299999973527	536.3994794943318
2.5426319999973526	536.420815452129
2.5426339999973524	536.4423230740306
2.5426359999973522	536.464000975497
2.542637999997352	536.4858477678836
2.542639999997352	536.5078620585216
2.5426419999973517	536.5300424508281
2.5426439999973516	536.552387544422
2.5426459999973514	536.574895935007
2.5426479999973512	536.5975662149643
2.542649999997351	536.6203969731281
2.542651999997351	536.6433867948085
2.5426539999973508	536.6665342619308
2.5426559999973506	536.6898379531269
2.5426579999973504	536.7132964437947
2.5426599999973503	536.7369083061985
2.54266199999735	536.7606721095133
2.54266399999735	536.7845864198823
2.5426659999973498	536.8086498004947
2.5426679999973496	536.832860811638
2.5426699999973494	536.8572180107361
2.5426719999973493	536.8817199523941
2.542673999997349	536.9063651884662
2.542675999997349	536.9311522681347
2.542677999997349	536.9560797378426
2.5426799999973486	536.9811461688998
2.5426819999973485	537.0063501050938
2.5426839999973483	537.031690053636
2.542685999997348	537.0571645509674
2.542687999997348	537.0827721322379
2.542689999997348	537.1085113286229
2.5426919999973476	537.1343806687275
2.5426939999973475	537.1603786787618
2.5426959999973473	537.1865038824579
2.542697999997347	537.2127548011247
2.542699999997347	537.239129953715
2.542701999997347	537.2656278568202
2.5427039999973466	537.2922470246592
2.5427059999973465	537.3189859691646
2.5427079999973463	537.3458431999909
2.542709999997346	537.3728172244729
2.542711999997346	537.3999065476794
2.542713999997346	537.4271096724304
2.5427159999973457	537.4544250993279
2.5427179999973455	537.481851326751
2.5427199999973453	537.5093868508858
2.542721999997345	537.5370301657568
2.542723999997345	537.5647797632497
2.542725999997345	537.5926341331232
2.5427279999973447	537.6205917630433
2.5427299999973445	537.6486511386007
2.5427319999973443	537.6768107433437
2.542733999997344	537.7050690264891
2.542735999997344	537.7334244661747
2.542737999997344	537.7618755732726
2.5427399999973437	537.7904208231968
2.5427419999973435	537.8190586897455
2.5427439999973434	537.847787645001
2.542745999997343	537.8766061591137
2.542747999997343	537.9055127003223
2.542749999997343	537.9345057352584
2.5427519999973427	537.9635837288741
2.5427539999973425	537.9927451444736
2.5427559999973424	538.0219884437792
2.542757999997342	538.0513120869905
2.542759999997342	538.0807145327309
2.542761999997342	538.110194238177
2.5427639999973417	538.139749659133
2.5427659999973415	538.1693792500631
2.5427679999973414	538.1990814641347
2.542769999997341	538.2288547533007
2.542771999997341	538.2586975683346
2.542773999997341	538.2886083588963
2.5427759999973407	538.3185855735724
2.5427779999973406	538.3486276599896
2.5427799999973404	538.3787330648555
2.5427819999973402	538.408900234036
2.54278399999734	538.4391276126097
2.54278599999734	538.4694136449403
2.5427879999973397	538.4997567745768
2.5427899999973396	538.5301554446918
2.5427919999973394	538.5606080981801
2.5427939999973392	538.5911131773269
2.542795999997339	538.6216691241208
2.542797999997339	538.6522743803132
2.5427999999973387	538.6829273875252
2.5428019999973386	538.7136265873064
2.5428039999973384	538.7443704212486
2.5428059999973383	538.7751573310748
2.542807999997338	538.8059857599425
2.542809999997338	538.8368541499417
2.5428119999973378	538.8677609428191
2.5428139999973376	538.8987045818265
2.5428159999973374	538.9296835108663
2.5428179999973373	538.9606961746067
2.542819999997337	538.9917410185923
2.542821999997337	539.0228164893523
2.5428239999973368	539.0539210345485
2.5428259999973366	539.0850531030951
2.5428279999973364	539.116211145272
2.5428299999973363	539.1473936128671
2.542831999997336	539.1785989593105
2.542833999997336	539.2098256398165
2.542835999997336	539.2410721115274
2.5428379999973356	539.2723368336584
2.5428399999973355	539.3036182691468
2.5428419999973353	539.3349148819518
2.542843999997335	539.3662251367756
2.542845999997335	539.3975475026505
2.542847999997335	539.4288804512875
2.5428499999973346	539.4602224576621
2.5428519999973345	539.4915720001137
2.5428539999973343	539.5229275601306
2.542855999997334	539.5542876240393
2.542857999997334	539.5856506805576
2.542859999997334	539.6170152213957
2.5428619999973336	539.6483797432555
2.5428639999973335	539.679742747232
2.5428659999973333	539.7111027388993
2.542867999997333	539.7424582284967
2.542869999997333	539.7738077313593
2.542871999997333	539.8051497666708
2.5428739999973327	539.8364828595804
2.5428759999973325	539.8678055419507
2.5428779999973323	539.8991163502624
2.542879999997332	539.9304138268652
2.542881999997332	539.9616965201118
2.542883999997332	539.9929629860949
2.5428859999973317	540.0242117857938
2.5428879999973315	540.055441485577
2.5428899999973313	540.086650659185
2.542891999997331	540.1178378898215
2.542893999997331	540.1490017672468
2.542895999997331	540.1801408859894
2.5428979999973307	540.2112538499458
2.5428999999973305	540.2423392707677
2.5429019999973304	540.2733957681095
2.54290399999733	540.3044219698207
2.54290599999733	540.335416512149
2.54290799999733	540.3663780398564
2.5429099999973297	540.3973052064351
2.5429119999973295	540.4281966743355
2.5429139999973294	540.459051115126
2.542915999997329	540.4898672095866
2.542917999997329	540.5206436479202
2.542919999997329	540.5513791299497
2.5429219999973287	540.5820723652728
2.5429239999973285	540.612722075562
2.5429259999973284	540.6433269903404
2.542927999997328	540.6738858473415
2.542929999997328	540.7043973968048
2.542931999997328	540.7348603994553
2.5429339999973277	540.7652736266925
2.5429359999973276	540.7956358607095
2.5429379999973274	540.825945894645
2.5429399999973272	540.8562025327185
2.542941999997327	540.8864045903467
2.542943999997327	540.9165508942564
2.5429459999973267	540.9466402826328
2.5429479999973266	540.9766716052
2.5429499999973264	541.0066437233054
2.5429519999973262	541.0365555101338
2.542953999997326	541.0664058507418
2.542955999997326	541.0961936421438
2.5429579999973257	541.1259177934307
2.5429599999973256	541.1555772258627
2.5429619999973254	541.1851708728921
2.5429639999973253	541.214697680341
2.542965999997325	541.2441566064736
2.542967999997325	541.2735466219789
2.5429699999973248	541.3028667101381
2.5429719999973246	541.3321158668647
2.5429739999973244	541.3612931007517
2.5429759999973243	541.3903974331388
2.542977999997324	541.4194278980759
2.542979999997324	541.4483835425177
2.5429819999973238	541.4772634263119
2.5429839999973236	541.5060666221714
2.5429859999973234	541.5347922158411
2.5429879999973233	541.5634393060195
2.542989999997323	541.5920070043953
2.542991999997323	541.6204944356589
2.542993999997323	541.6489007375604
2.5429959999973226	541.6772250609228
2.5429979999973225	541.7054665696581
2.5429999999973223	541.7336244408353
2.543001999997322	541.761697864453
2.543003999997322	541.7896860435028
2.543005999997322	541.8175881938768
2.5430079999973216	541.845403544594
2.5430099999973215	541.8731313380348
2.5430119999973213	541.9007708292585
2.543013999997321	541.9283212862979
2.543015999997321	541.9557819900558
2.543017999997321	541.9831522342838
2.5430199999973206	542.0104313256346
2.5430219999973205	542.0376185833774
2.5430239999973203	542.0647133394447
2.54302599999732	542.091714938459
2.54302799999732	542.1186227376244
2.54302999999732	542.1454361066643
2.5430319999973197	542.1721544276994
2.5430339999973195	542.1987770951906
2.5430359999973193	542.2253035158266
2.543037999997319	542.2517331084995
2.543039999997319	542.2780653041713
2.543041999997319	542.3042995457992
2.5430439999973187	542.3304352882168
2.5430459999973185	542.3564719980106
2.5430479999973183	542.3824091534365
2.543049999997318	542.4082462519767
2.543051999997318	542.4339827948926
2.543053999997318	542.4596182927761
2.5430559999973177	542.4851522700964
2.5430579999973175	542.51058425473
2.5430599999973174	542.5359137926852
2.543061999997317	542.561140439961
2.543063999997317	542.5862637637872
2.543065999997317	542.6112833426853
2.5430679999973167	542.6361987648992
2.5430699999973165	542.6610096289749
2.5430719999973164	542.6857155436069
2.543073999997316	542.7103161275029
2.543075999997316	542.7348110093104
2.543077999997316	542.7591998273664
2.5430799999973157	542.783482229465
2.5430819999973155	542.807657873097
2.5430839999973154	542.831726425024
2.543085999997315	542.8556875612276
2.543087999997315	542.8795409675072
2.543089999997315	542.9032863379317
2.5430919999973147	542.9269233746556
2.5430939999973146	542.9504517893288
2.5430959999973144	542.9738713022318
2.5430979999973142	542.9971816421726
2.543099999997314	543.0203825463798
2.543101999997314	543.0434737604285
2.5431039999973137	543.0664550381249
2.5431059999973136	543.0893261414673
2.5431079999973134	543.11208684058
2.5431099999973132	543.1347369135486
2.543111999997313	543.1572761464781
2.543113999997313	543.1797043334523
2.5431159999973127	543.2020212763895
2.5431179999973126	543.2242267801669
2.5431199999973124	543.246320662248
2.5431219999973123	543.2683027530186
2.543123999997312	543.2901728856502
2.543125999997312	543.3119309009442
2.5431279999973118	543.3335766476047
2.5431299999973116	543.3551099823168
2.5431319999973114	543.3765307693992
2.5431339999973113	543.3978388809991
2.543135999997311	543.4190341971029
2.543137999997311	543.4401166056047
2.5431399999973108	543.4610860023457
2.5431419999973106	543.4819422912128
2.5431439999973104	543.5026853840317
2.5431459999973103	543.523315200604
2.54314799999731	543.5438316689625
2.54314999999731	543.5642347253998
2.54315199999731	543.5845243143651
2.5431539999973096	543.604700388619
2.5431559999973095	543.6247629093546
2.5431579999973093	543.6447118462165
2.543159999997309	543.6645471773728
2.543161999997309	543.6842688895845
2.543163999997309	543.7038769782921
2.5431659999973086	543.7233714476428
2.5431679999973085	543.7427523105843
2.5431699999973083	543.7620195889434
2.543171999997308	543.7811733134672
2.543173999997308	543.8002135238979
2.543175999997308	543.8191402690519
2.5431779999973076	543.8379536068551
2.5431799999973075	543.856653603612
2.5431819999973073	543.8752403353303
2.543183999997307	543.8937138888652
2.543185999997307	543.9120743599086
2.543187999997307	543.9303218529309
2.5431899999973067	543.9484564807593
2.5431919999973065	543.9664783660966
2.5431939999973063	543.9843876417171
2.543195999997306	544.0021844505997
2.543197999997306	544.019868944705
2.543199999997306	544.0374412856381
2.5432019999973057	544.0549016446798
2.5432039999973055	544.0722502028195
2.5432059999973053	544.0894871507937
2.543207999997305	544.1066126891117
2.543209999997305	544.1236270280829
2.543211999997305	544.140530387835
2.5432139999973047	544.1573229983737
2.5432159999973045	544.1740050996011
2.5432179999973044	544.1905769413216
2.543219999997304	544.2070387832782
2.543221999997304	544.2233908951772
2.543223999997304	544.2396335567136
2.5432259999973037	544.2557670575926
2.5432279999973035	544.2717916975558
2.5432299999973034	544.2877077863991
2.543231999997303	544.3035156439973
2.543233999997303	544.3192156003118
2.543235999997303	544.3348079954364
2.5432379999973027	544.3502931749465
2.5432399999973025	544.3656715034488
2.5432419999973024	544.3809433568774
2.543243999997302	544.3961091063413
2.543245999997302	544.4111691425122
2.543247999997302	544.4261238715366
2.5432499999973017	544.4409737046675
2.5432519999973016	544.4557190634392
2.5432539999973014	544.4703603836425
2.5432559999973012	544.4848981075359
