2.530102000005045	3.0483327365293773
2.5301030000050453	3.048313723641112
2.5301040000050454	3.048294711174632
2.5301050000050456	3.048275699129815
2.5301060000050457	3.048256687506536
2.530107000005046	3.0482376763046743
2.530108000005046	3.0482186655241157
2.530109000005046	3.0481996551647446
2.5301100000050463	3.04818064522645
2.5301110000050464	3.048161635709125
2.5301120000050465	3.0481426266126554
2.5301130000050467	3.0481236179369358
2.530114000005047	3.0481046096818516
2.530115000005047	3.0480856018472853
2.530116000005047	3.048066594433113
2.5301170000050472	3.048047587439208
2.5301180000050474	3.048028580865438
2.5301190000050475	3.048009574711662
2.5301200000050477	3.047990568977739
2.530121000005048	3.0479715636635234
2.530122000005048	3.047952558768866
2.530123000005048	3.047933554293618
2.5301240000050482	3.047914550237629
2.5301250000050484	3.047895546600198
2.5301260000050485	3.0478765433833965
2.5301270000050486	3.0478575405838777
2.530128000005049	3.0478385382046906
2.530129000005049	3.0478195362424834
2.530130000005049	3.047800534699759
2.530131000005049	3.047781533575398
2.5301320000050493	3.047762532869249
2.5301330000050495	3.047743532581174
2.5301340000050496	3.047724532711037
2.5301350000050498	3.047705533258709
2.53013600000505	3.047686534224069
2.53013700000505	3.047667535607003
2.53013800000505	3.047648537407409
2.5301390000050503	3.0476295396251816
2.5301400000050505	3.0476105422602267
2.5301410000050506	3.047591545312456
2.5301420000050507	3.0475725487817704
2.530143000005051	3.0475535526680755
2.530144000005051	3.047534556971262
2.530145000005051	3.0475155616912173
2.5301460000050513	3.047496566827811
2.5301470000050514	3.0474775723809033
2.5301480000050516	3.0474585783503416
2.5301490000050517	3.047439584735968
2.530150000005052	3.0474205915376005
2.530151000005052	3.047401598755062
2.530152000005052	3.0473826063881675
2.5301530000050523	3.047363614436738
2.5301540000050524	3.047344622900594
2.5301550000050526	3.047325631779566
2.5301560000050527	3.0473066410734884
2.530157000005053	3.047287650782212
2.530158000005053	3.0472686609055897
2.530159000005053	3.04724967144349
2.5301600000050533	3.0472306823957833
2.5301610000050534	3.047211693762352
2.5301620000050535	3.0471927055430763
2.5301630000050537	3.047173717737839
2.530164000005054	3.0471547303465236
2.530165000005054	3.047135743369014
2.530166000005054	3.047116756805196
2.5301670000050542	3.047097770654942
2.5301680000050544	3.04707878491814
2.5301690000050545	3.0470597995946678
2.5301700000050547	3.0470408146844092
2.530171000005055	3.047021830187248
2.530172000005055	3.047002846103071
2.530173000005055	3.0469838624317718
2.530174000005055	3.046964879173239
2.5301750000050554	3.0469458963273643
2.5301760000050555	3.0469269138940374
2.5301770000050556	3.0469079318731307
2.5301780000050558	3.04688895026453
2.530179000005056	3.046869969068119
2.530180000005056	3.0468509882837567
2.530181000005056	3.046832007911299
2.5301820000050563	3.046813027950585
2.5301830000050565	3.0467940484014506
2.5301840000050566	3.0467750692637265
2.5301850000050568	3.0467560905372344
2.530186000005057	3.046737112221803
2.530187000005057	3.0467181343172656
2.530188000005057	3.0466991568234607
2.5301890000050573	3.0466801797402385
2.5301900000050574	3.0466612030674614
2.5301910000050576	3.046642226804997
2.5301920000050577	3.0466232509527287
2.530193000005058	3.046604275510549
2.530194000005058	3.0465853004783523
2.530195000005058	3.0465663258560314
2.5301960000050583	3.0465473516434813
2.5301970000050584	3.0465283778405867
2.5301980000050586	3.046509404447224
2.5301990000050587	3.0464904314632606
2.530200000005059	3.0464714588885484
2.530201000005059	3.046452486722934
2.530202000005059	3.046433514966249
2.5302030000050593	3.0464145436183303
2.5302040000050594	3.0463955726789997
2.5302050000050595	3.04637660214809
2.5302060000050597	3.0463576320254364
2.53020700000506	3.046338662310889
2.53020800000506	3.0463196930042997
2.53020900000506	3.046300724105539
2.5302100000050602	3.046281755614488
2.5302110000050604	3.046262787531038
2.5302120000050605	3.046243819855217
2.5302130000050607	3.046224852586632
2.530214000005061	3.046205885725521
2.530215000005061	3.0461869192715847
2.530216000005061	3.046167953224704
2.5302170000050612	3.0461489875847536
2.5302180000050614	3.046130022351598
2.5302190000050615	3.0461110575250823
2.5302200000050616	3.0460920931050435
2.530221000005062	3.0460731290913157
2.530222000005062	3.04605416548372
2.530223000005062	3.0460352022820807
2.530224000005062	3.046016239486223
2.5302250000050623	3.045997277095979
2.5302260000050625	3.045978315111187
2.5302270000050626	3.0459593535316953
2.5302280000050628	3.0459403923573616
2.530229000005063	3.045921431588055
2.530230000005063	3.0459024712236498
2.530231000005063	3.045883511264023
2.5302320000050633	3.0458645517090486
2.5302330000050635	3.0458455925586034
2.5302340000050636	3.0458266338125584
2.5302350000050637	3.0458076754707775
2.530236000005064	3.045788717533118
2.530237000005064	3.0457697599994367
2.530238000005064	3.045750802869581
2.5302390000050643	3.0457318461433984
2.5302400000050644	3.0457128898207375
2.5302410000050646	3.0456939339014504
2.5302420000050647	3.045674978385398
2.530243000005065	3.045656023272444
2.530244000005065	3.045637068562468
2.530245000005065	3.0456181142553502
2.5302460000050653	3.0455991603509807
2.5302470000050654	3.045580206849258
2.5302480000050656	3.0455612537500754
2.5302490000050657	3.045542301053329
2.530250000005066	3.0455233487589055
2.530251000005066	3.0455043968666877
2.530252000005066	3.0454854453765448
2.5302530000050663	3.0454664942883376
2.5302540000050664	3.0454475436019126
2.5302550000050665	3.045428593317104
2.5302560000050667	3.0454096434337448
2.530257000005067	3.0453906939516586
2.530258000005067	3.0453717448706703
2.530259000005067	3.0453527961906044
2.5302600000050672	3.045333847911292
2.5302610000050674	3.0453149000325697
2.5302620000050675	3.045295952554285
2.5302630000050677	3.045277005476296
2.530264000005068	3.045258058798466
2.530265000005068	3.0452391125206706
2.530266000005068	3.0452201666427894
2.530267000005068	3.045201221164703
2.5302680000050684	3.0451822760863037
2.5302690000050685	3.045163331407456
2.5302700000050686	3.0451443871280572
2.5302710000050688	3.0451254432480033
2.530272000005069	3.045106499767173
2.530273000005069	3.04508755668544
2.530274000005069	3.045068614002676
2.5302750000050693	3.045049671718746
2.5302760000050695	3.0450307298335124
2.5302770000050696	3.0450117883468346
2.5302780000050697	3.044992847258563
2.53027900000507	3.044973906568553
2.53028000000507	3.0449549662766477
2.53028100000507	3.044936026382691
2.5302820000050703	3.044917086886524
2.5302830000050704	3.044898147787979
2.5302840000050706	3.0448792090868904
2.5302850000050707	3.0448602707830874
2.530286000005071	3.0448413328764032
2.530287000005071	3.0448223953666735
2.530288000005071	3.0448034582537375
2.5302890000050713	3.044784521537443
2.5302900000050714	3.0447655852176463
2.5302910000050716	3.0447466492942197
2.5302920000050717	3.0447277137670463
2.530293000005072	3.044708778636013
2.530294000005072	3.0446898439010175
2.530295000005072	3.0446709095619653
2.5302960000050723	3.044651975618762
2.5302970000050724	3.044633042071307
2.5302980000050725	3.0446141089194945
2.5302990000050727	3.0445951761632113
2.530300000005073	3.044576243802325
2.530301000005073	3.0445573118366926
2.530302000005073	3.0445383802661516
2.5303030000050732	3.044519449090532
2.5303040000050734	3.044500518309651
2.5303050000050735	3.044481587923323
2.5303060000050737	3.0444626579423666
2.530307000005074	3.0444437283533525
2.530308000005074	3.0444247991579165
2.530309000005074	3.044405870355941
2.5303100000050742	3.0443869419473693
2.5303110000050744	3.0443680139321723
2.5303120000050745	3.0443490863103446
2.5303130000050746	3.044330159081877
2.530314000005075	3.044311232246755
2.530315000005075	3.0442923058049254
2.530316000005075	3.044273379756299
2.530317000005075	3.0442544541007384
2.5303180000050753	3.044235528838057
2.5303190000050755	3.0442166039680196
2.5303200000050756	3.0441976794903582
2.5303210000050758	3.044178755404776
2.530322000005076	3.0441598317109664
2.530323000005076	3.0441409084086293
2.530324000005076	3.044121985497489
2.5303250000050763	3.0441030629773027
2.5303260000050765	3.044084140847874
2.5303270000050766	3.0440652191090614
2.5303280000050767	3.044046297760767
2.530329000005077	3.0440273768029464
2.530330000005077	3.0440084562355914
2.530331000005077	3.04398953605871
2.5303320000050773	3.0439706162723255
2.5303330000050774	3.0439516968764533
2.5303340000050776	3.043932777871087
2.5303350000050777	3.043913859256183
2.530336000005078	3.0438949410316605
2.530337000005078	3.0438760231973925
2.530338000005078	3.0438571057532116
2.5303390000050783	3.0438381886989014
2.5303400000050784	3.043819272034223
2.5303410000050786	3.0438003557589193
2.5303420000050787	3.0437814398727303
2.530343000005079	3.043762524375402
2.530344000005079	3.0437436092667123
2.530345000005079	3.0437246945464556
2.5303460000050793	3.0437057802144625
2.5303470000050794	3.043686866270601
2.5303480000050795	3.0436679527147734
2.5303490000050797	3.043649039546911
2.53035000000508	3.043630126766953
2.53035100000508	3.043611214374853
2.53035200000508	3.0435923023705524
2.5303530000050802	3.043573390753979
2.5303540000050804	3.0435544795250324
2.5303550000050805	3.0435355686835868
2.5303560000050807	3.0435166582294766
2.530357000005081	3.0434977481625176
2.530358000005081	3.0434788384824922
2.530359000005081	3.0434599291891677
2.530360000005081	3.0434410202823083
2.5303610000050814	3.0434221117616875
2.5303620000050815	3.043403203627093
2.5303630000050816	3.0433842958783406
2.5303640000050818	3.0433653885152925
2.530365000005082	3.0433464815378164
2.530366000005082	3.043327574945824
2.530367000005082	3.0433086687392557
2.5303680000050823	3.043289762918076
2.5303690000050825	3.043270857482258
2.5303700000050826	3.0432519524317745
2.5303710000050827	3.043233047766586
2.530372000005083	3.0432141434866304
2.530373000005083	3.043195239591814
2.530374000005083	3.0431763360820137
2.5303750000050833	3.043157432957067
2.5303760000050834	3.043138530216778
2.5303770000050836	3.043119627860929
2.5303780000050837	3.0431007258892806
2.530379000005084	3.0430818243015882
2.530380000005084	3.04306292309761
2.530381000005084	3.0430440222771136
2.5303820000050843	3.0430251218398925
2.5303830000050844	3.04300622178577
2.5303840000050846	3.042987322114591
2.5303850000050847	3.0429684228262333
2.530386000005085	3.0429495239205986
2.530387000005085	3.0429306253976063
2.530388000005085	3.0429117272571795
2.5303890000050853	3.042892829499245
2.5303900000050854	3.042873932123719
2.5303910000050855	3.042855035130495
2.5303920000050857	3.042836138519448
2.530393000005086	3.0428172422904227
2.530394000005086	3.0427983464432367
2.530395000005086	3.0427794509776853
2.5303960000050862	3.0427605558935493
2.5303970000050864	3.042741661190594
2.5303980000050865	3.0427227668685917
2.5303990000050867	3.0427038729273175
2.530400000005087	3.0426849793665642
2.530401000005087	3.0426660861861508
2.530402000005087	3.042647193385929
2.530403000005087	3.042628300965768
2.5304040000050874	3.0426094089255686
2.5304050000050875	3.042590517265251
2.5304060000050876	3.04257162598475
2.530407000005088	3.0425527350840036
2.530408000005088	3.0425338445629446
2.530409000005088	3.0425149544214904
2.530410000005088	3.0424960646595474
2.5304110000050883	3.042477175276992
2.5304120000050885	3.042458286273679
2.5304130000050886	3.0424393976494364
2.5304140000050888	3.0424205094040726
2.530415000005089	3.0424016215373815
2.530416000005089	3.0423827340491494
2.530417000005089	3.042363846939167
2.5304180000050893	3.0423449602072306
2.5304190000050895	3.0423260738531526
2.5304200000050896	3.0423071878767702
2.5304210000050897	3.0422883022779437
2.53042200000509	3.0422694170565583
2.53042300000509	3.042250532212523
2.53042400000509	3.0422316477457603
2.5304250000050903	3.0422127636562077
2.5304260000050904	3.042193879943797
2.5304270000050906	3.0421749966084626
2.5304280000050907	3.042156113650119
2.530429000005091	3.0421372310686636
2.530430000005091	3.042118348863964
2.530431000005091	3.042099467035866
2.5304320000050913	3.042080585584187
2.5304330000050914	3.042061704508719
2.5304340000050916	3.0420428238092367
2.5304350000050917	3.0420239434855016
2.530436000005092	3.042005063537272
2.530437000005092	3.0419861839643128
2.530438000005092	3.041967304766396
2.5304390000050923	3.0419484259433123
2.5304400000050924	3.0419295474948718
2.5304410000050925	3.0419106694209095
2.5304420000050927	3.0418917917212815
2.530443000005093	3.04187291439587
2.530444000005093	3.041854037444568
2.530445000005093	3.041835160867283
2.5304460000050932	3.041816284663921
2.5304470000050934	3.04179740883439
2.5304480000050935	3.041778533378584
2.5304490000050937	3.041759658296383
2.530450000005094	3.041740783587648
2.530451000005094	3.0417219092522236
2.530452000005094	3.041703035289928
2.530453000005094	3.041684161700566
2.5304540000050944	3.0416652884839297
2.5304550000050945	3.0416464156397947
2.5304560000050946	3.0416275431679436
2.5304570000050948	3.0416086710681616
2.530458000005095	3.0415897993402434
2.530459000005095	3.0415709279840004
2.530460000005095	3.0415520569992673
2.5304610000050953	3.041533186385902
2.5304620000050955	3.041514316143783
2.5304630000050956	3.0414954462728154
2.5304640000050957	3.0414765767729195
2.530465000005096	3.0414577076440303
2.530466000005096	3.0414388388860845
2.530467000005096	3.041419970499023
2.5304680000050963	3.041401102482774
2.5304690000050964	3.041382234837251
2.5304700000050966	3.041363367562345
2.5304710000050967	3.041344500657923
2.530472000005097	3.0413256341238255
2.530473000005097	3.0413067679598593
2.530474000005097	3.0412879021658137
2.5304750000050973	3.041269036741457
2.5304760000050974	3.0412501716865434
2.5304770000050976	3.041231307000827
2.5304780000050977	3.041212442684059
2.530479000005098	3.0411935787360074
2.530480000005098	3.041174715156457
2.530481000005098	3.041155851945218
2.5304820000050983	3.041136989102126
2.5304830000050984	3.0411181266270444
2.5304840000050985	3.0410992645198647
2.5304850000050987	3.0410804027804956
2.530486000005099	3.041061541408863
2.530487000005099	3.0410426804048982
2.530488000005099	3.041023819768526
2.5304890000050992	3.0410049594996647
2.5304900000050994	3.0409860995982143
2.5304910000050995	3.0409672400640453
2.5304920000050997	3.0409483808970044
2.5304930000051	3.040929522096908
2.5304940000051	3.0409106636635523
2.5304950000051	3.0408918055967114
2.5304960000051	3.040872947896146
2.5304970000051004	3.0408540905616204
2.5304980000051005	3.040835233592898
2.5304990000051006	3.0408163769897643
2.530500000005101	3.0407975207520246
2.530501000005101	3.0407786648795145
2.530502000005101	3.0407598093721018
2.530503000005101	3.0407409542296797
2.5305040000051013	3.040722099452171
2.5305050000051015	3.0407032450395146
2.5305060000051016	3.0406843909916623
2.5305070000051018	3.0406655373085565
2.530508000005102	3.0406466839901385
2.530509000005102	3.0406278310363213
2.530510000005102	3.0406089784469876
2.5305110000051023	3.0405901262219897
2.5305120000051025	3.040571274361138
2.5305130000051026	3.040552422864215
2.5305140000051027	3.04053357173097
2.530515000005103	3.04051472096113
2.530516000005103	3.0404958705544183
2.530517000005103	3.0404770205105525
2.5305180000051033	3.0404581708292673
2.5305190000051034	3.040439321510317
2.5305200000051036	3.0404204725534885
2.5305210000051037	3.040401623958606
2.530522000005104	3.0403827757255297
2.530523000005104	3.0403639278541523
2.530524000005104	3.040345080344401
2.5305250000051043	3.040326233196221
2.5305260000051044	3.040307386409568
2.5305270000051046	3.0402885399844015
2.5305280000051047	3.040269693920666
2.530529000005105	3.040250848218289
2.530530000005105	3.040232002877163
2.530531000005105	3.040213157897151
2.5305320000051053	3.0401943132780835
2.5305330000051054	3.040175469019757
2.5305340000051055	3.0401566251219427
2.5305350000051057	3.04013778158439
2.530536000005106	3.0401189384068377
2.530537000005106	3.040100095589022
2.530538000005106	3.0400812531306958
2.5305390000051062	3.040062411031621
2.5305400000051064	3.0400435692915933
2.5305410000051065	3.040024727910428
2.5305420000051067	3.0400058868879745
2.530543000005107	3.0399870462241125
2.530544000005107	3.039968205918738
2.530545000005107	3.0399493659717685
2.530546000005107	3.03993052638313
2.5305470000051073	3.0399116871527516
2.5305480000051075	3.0398928482805503
2.5305490000051076	3.0398740097664323
2.5305500000051078	3.0398551716102826
2.530551000005108	3.0398363338119654
2.530552000005108	3.039817496371313
2.530553000005108	3.039798659288139
2.5305540000051083	3.0397798225622386
2.5305550000051085	3.039760986193388
2.5305560000051086	3.039742150181355
2.5305570000051087	3.0397233145259026
2.530558000005109	3.0397044792268013
2.530559000005109	3.0396856442838325
2.530560000005109	3.0396668096967874
2.5305610000051093	3.039647975465481
2.5305620000051094	3.0396291415897427
2.5305630000051096	3.0396103080694257
2.5305640000051097	3.0395914749044057
2.53056500000511	3.0395726420945626
2.53056600000511	3.0395538096397976
2.53056700000511	3.0395349775400056
2.5305680000051103	3.039516145795089
2.5305690000051104	3.039497314404944
2.5305700000051106	3.039478483369453
2.5305710000051107	3.039459652688484
2.530572000005111	3.0394408223618976
2.530573000005111	3.039421992389539
2.530574000005111	3.0394031627712295
2.5305750000051113	3.0393843335067836
2.5305760000051114	3.039365504596006
2.5305770000051115	3.039346676038692
2.5305780000051117	3.0393278478346377
2.530579000005112	3.039309019983643
2.530580000005112	3.039290192485513
2.530581000005112	3.0392713653400616
2.5305820000051122	3.039252538547111
2.5305830000051124	3.039233712106499
2.5305840000051125	3.039214886018072
2.5305850000051127	3.0391960602816868
2.530586000005113	3.039177234897209
2.530587000005113	3.0391584098645006
2.530588000005113	3.0391395851834293
2.530589000005113	3.039120760853855
2.5305900000051134	3.0391019368756376
2.5305910000051135	3.039083113248623
2.5305920000051136	3.039064289972649
2.530593000005114	3.039045467047541
2.530594000005114	3.0390266444731173
2.530595000005114	3.0390078222491925
2.530596000005114	3.0389890003755715
2.5305970000051143	3.038970178852059
2.5305980000051145	3.0389513576784686
2.5305990000051146	3.0389325368546114
2.5306000000051148	3.0389137163803124
2.530601000005115	3.038894896255403
2.530602000005115	3.038876076479725
2.530603000005115	3.038857257053125
2.5306040000051153	3.0388384379754605
2.5306050000051155	3.038819619246589
2.5306060000051156	3.0388008008663703
2.5306070000051157	3.0387819828346596
2.530608000005116	3.0387631651513054
2.530609000005116	3.0387443478161527
2.530610000005116	3.0387255308290295
2.5306110000051163	3.038706714189763
2.5306120000051164	3.038687897898171
2.5306130000051166	3.038669081954065
2.5306140000051167	3.0386502663573562
2.530615000005117	3.0386314511077814
2.530616000005117	3.0386126362051376
2.530617000005117	3.0385938216492523
2.5306180000051173	3.0385750074399636
2.5306190000051174	3.0385561935771195
2.5306200000051176	3.038537380060583
2.5306210000051177	3.0385185668902186
2.530622000005118	3.038499754065902
2.530623000005118	3.038480941587509
2.530624000005118	3.0384621294549152
2.5306250000051183	3.0384433176679773
2.5306260000051184	3.03842450622655
2.5306270000051185	3.038405695130469
2.5306280000051187	3.0383868843795567
2.530629000005119	3.038368073973621
2.530630000005119	3.0383492639124534
2.530631000005119	3.0383304541958416
2.5306320000051192	3.038311644823564
2.5306330000051194	3.0382928357954038
2.5306340000051195	3.0382740271111515
2.5306350000051197	3.0382552187706064
2.53063600000512	3.0382364107735875
2.53063700000512	3.038217603119932
2.53063800000512	3.0381987958094867
2.53063900000512	3.038179988842118
2.5306400000051203	3.0381611822177024
2.5306410000051205	3.0381423759361246
2.5306420000051206	3.0381235699972704
2.5306430000051208	3.0381047644010213
2.530644000005121	3.0380859591472458
2.530645000005121	3.0380671542358
2.530646000005121	3.0380483496665156
2.5306470000051213	3.0380295454392114
2.5306480000051215	3.0380107415536846
2.5306490000051216	3.0379919380097196
2.5306500000051217	3.037973134807085
2.530651000005122	3.0379543319455498
2.530652000005122	3.0379355294248795
2.530653000005122	3.037916727244855
2.5306540000051223	3.037897925405261
2.5306550000051224	3.0378791239059026
2.5306560000051226	3.0378603227466088
2.5306570000051227	3.037841521927222
2.530658000005123	3.0378227214476126
2.530659000005123	3.0378039213076575
2.530660000005123	3.037785121507246
2.5306610000051233	3.0377663220462767
2.5306620000051234	3.0377475229246444
2.5306630000051236	3.037728724142237
2.5306640000051237	3.03770992569893
2.530665000005124	3.0376911275945835
2.530666000005124	3.0376723298290416
2.530667000005124	3.0376535324021314
2.5306680000051243	3.037634735313661
2.5306690000051244	3.0376159385634276
2.5306700000051245	3.0375971421512187
2.5306710000051247	3.037578346076818
2.530672000005125	3.0375595503400077
2.530673000005125	3.0375407549405815
2.530674000005125	3.0375219598789243
2.5306750000051252	3.0375031651539643
2.5306760000051254	3.037484370766053
2.5306770000051255	3.0374655767151015
2.5306780000051257	3.037446783000606
2.530679000005126	3.037427989622437
2.530680000005126	3.037409196580468
2.530681000005126	3.0373904038745754
2.530682000005126	3.0373716115046316
2.5306830000051264	3.0373528194704886
2.5306840000051265	3.037334027771996
2.5306850000051266	3.037315236408974
2.530686000005127	3.0372964453812332
2.530687000005127	3.037277654688559
2.530688000005127	3.037258864330727
2.530689000005127	3.037240074307501
2.5306900000051273	3.0372212846186417
2.5306910000051275	3.037202495263912
2.5306920000051276	3.037183706243079
2.5306930000051278	3.037164917555925
2.530694000005128	3.037146129202254
2.530695000005128	3.0371273411818875
2.530696000005128	3.0371085534946736
2.5306970000051283	3.037089766140483
2.5306980000051285	3.0370709791192025
2.5306990000051286	3.037052192430734
2.5307000000051287	3.037033406074996
2.530701000005129	3.037014620051901
2.530702000005129	3.036995834361283
2.530703000005129	3.0369770490029104
2.5307040000051293	3.036958263976739
2.5307050000051294	3.036939479282625
2.5307060000051296	3.036920694920403
2.5307070000051297	3.0369019108898807
2.53070800000513	3.036883127190841
2.53070900000513	3.0368643438230527
2.53071000000513	3.0368455607862663
2.5307110000051303	3.0368267780802314
2.5307120000051304	3.0368079957046956
2.5307130000051306	3.0367892136594232
2.5307140000051307	3.0367704319441917
2.530715000005131	3.0367516505588066
2.530716000005131	3.0367328695030955
2.530717000005131	3.036714088776922
2.5307180000051313	3.0366953083801684
2.5307190000051314	3.0366765283127393
2.5307200000051315	3.0366577485745556
2.5307210000051317	3.0366389691655433
2.530722000005132	3.036620190085619
2.530723000005132	3.0366014113346873
2.530724000005132	3.0365826329126335
2.5307250000051322	3.036563854819308
2.5307260000051324	3.036545077054533
2.5307270000051325	3.036526299618096
2.5307280000051326	3.0365075225097575
2.530729000005133	3.0364887457292546
2.530730000005133	3.036469969276313
2.530731000005133	3.036451193150652
2.530732000005133	3.0364324173519988
2.5307330000051333	3.0364136418801007
2.5307340000051335	3.0363948667347347
2.5307350000051336	3.03637609191571
2.5307360000051338	3.0363573174228713
2.530737000005134	3.036338543256098
2.530738000005134	3.036319769415305
2.530739000005134	3.036300995900428
2.5307400000051343	3.0362822227114132
2.5307410000051345	3.0362634498482075
2.5307420000051346	3.0362446773107505
2.5307430000051347	3.036225905098921
2.530744000005135	3.0362071332126237
2.530745000005135	3.036188361651713
2.530746000005135	3.036169590415993
2.5307470000051353	3.0361508195052473
2.5307480000051354	3.0361320489191996
2.5307490000051356	3.036113278657559
2.5307500000051357	3.0360945087200264
2.530751000005136	3.0360757391063045
2.530752000005136	3.0360569698161095
2.530753000005136	3.0360382008491853
2.5307540000051363	3.0360194322053013
2.5307550000051364	3.0360006638842743
2.5307560000051366	3.0359818958859477
2.5307570000051367	3.0359631282102106
2.530758000005137	3.035944360856979
2.530759000005137	3.03592559382619
2.530760000005137	3.0359068271177896
2.5307610000051373	3.0358880607317196
2.5307620000051374	3.0358692946679087
2.5307630000051375	3.035850528926262
2.5307640000051377	3.035831763506657
2.530765000005138	3.035812998408936
2.530766000005138	3.0357942336329042
2.530767000005138	3.035775469178343
2.5307680000051382	3.0357567050450034
2.5307690000051384	3.0357379412326218
2.5307700000051385	3.03571917774093
2.5307710000051387	3.035700414569661
2.530772000005139	3.0356816517185634
2.530773000005139	3.0356628891874045
2.530774000005139	3.035644126975976
2.530775000005139	3.0356253650840963
2.5307760000051394	3.0356066035116123
2.5307770000051395	3.0355878422583946
2.5307780000051396	3.035569081324323
2.53077900000514	3.0355503207092984
2.53078000000514	3.035531560413217
2.53078100000514	3.035512800435971
2.53078200000514	3.0354940407774444
2.5307830000051403	3.035475281437501
2.5307840000051405	3.035456522415988
2.5307850000051406	3.035437763712728
2.5307860000051408	3.0354190053275283
2.530787000005141	3.0354002472601778
2.530788000005141	3.035381489510459
2.530789000005141	3.0353627320781444
2.5307900000051413	3.035343974963009
2.5307910000051415	3.0353252181648327
2.5307920000051416	3.0353064616834056
2.5307930000051417	3.0352877055185274
2.530794000005142	3.035268949670012
2.530795000005142	3.0352501941376886
2.530796000005142	3.0352314389213984
2.5307970000051423	3.03521268402099
2.5307980000051424	3.035193929436319
2.5307990000051426	3.035175175167242
2.5308000000051427	3.0351564212136113
2.530801000005143	3.035137667575281
2.530802000005143	3.035118914252093
2.530803000005143	3.0351001612438764
2.5308040000051433	3.0350814085504596
2.5308050000051434	3.0350626561716556
2.5308060000051436	3.035043904107276
2.5308070000051437	3.0350251523571203
2.530808000005144	3.035006400920989
2.530809000005144	3.034987649798682
2.530810000005144	3.034968898989998
2.5308110000051443	3.034950148494742
2.5308120000051444	3.0349313983127253
2.5308130000051445	3.034912648443762
2.5308140000051447	3.0348938988876744
2.530815000005145	3.0348751496442934
2.530816000005145	3.034856400713449
2.530817000005145	3.0348376520949794
2.5308180000051452	3.0348189037887168
2.5308190000051454	3.0348001557945103
2.5308200000051455	3.034781408112194
2.5308210000051456	3.0347626607416087
2.530822000005146	3.0347439136825862
2.530823000005146	3.0347251669349595
2.530824000005146	3.03470642049855
2.530825000005146	3.0346876743731794
2.5308260000051463	3.034668928558667
2.5308270000051465	3.0346501830548283
2.5308280000051466	3.0346314378614743
2.5308290000051468	3.0346126929784174
2.530830000005147	3.0345939484054707
2.530831000005147	3.034575204142443
2.530832000005147	3.034556460189154
2.5308330000051473	3.0345377165454206
2.5308340000051475	3.0345189732110627
2.5308350000051476	3.0345002301859028
2.5308360000051477	3.0344814874697654
2.530837000005148	3.0344627450624793
2.530838000005148	3.0344440029638697
2.530839000005148	3.0344252611737614
2.5308400000051483	3.0344065196919776
2.5308410000051484	3.034387778518338
2.5308420000051486	3.034369037652661
2.5308430000051487	3.034350297094754
2.530844000005149	3.0343315568444202
2.530845000005149	3.0343128169014646
2.530846000005149	3.034294077265686
2.5308470000051493	3.0342753379368816
2.5308480000051494	3.0342565989148897
2.5308490000051496	3.034237860199522
2.5308500000051497	3.0342191217905485
2.53085100000515	3.034200383687788
2.53085200000515	3.034181645891066
2.53085300000515	3.034162908400222
2.5308540000051503	3.0341441712150936
2.5308550000051504	3.03412543433553
2.5308560000051505	3.034106697761388
2.5308570000051507	3.034087961492524
2.530858000005151	3.0340692255287887
2.530859000005151	3.034050489870034
2.530860000005151	3.0340317545161
2.5308610000051512	3.034013019466818
2.5308620000051514	3.0339942847220085
2.5308630000051515	3.03397555028148
2.5308640000051517	3.0339568161450297
2.530865000005152	3.0339380823124493
2.530866000005152	3.0339193487835256
2.530867000005152	3.033900615558044
2.530868000005152	3.0338818826357934
2.5308690000051524	3.03386315001657
2.5308700000051525	3.0338444177001787
2.5308710000051526	3.0338256856864354
2.5308720000051528	3.0338069539751693
2.530873000005153	3.0337882225662236
2.530874000005153	3.0337694914594455
2.530875000005153	3.033750760654693
2.5308760000051533	3.033732030151822
2.5308770000051535	3.0337132999506835
2.5308780000051536	3.0336945700511246
2.5308790000051538	3.033675840452974
2.530880000005154	3.033657111156054
2.530881000005154	3.033638382160161
2.530882000005154	3.0336196534650823
2.5308830000051543	3.033600925070589
2.5308840000051545	3.03358219697644
2.5308850000051546	3.033563469182396
2.5308860000051547	3.033544741688213
2.530887000005155	3.0335260144936558
2.530888000005155	3.033507287598503
2.530889000005155	3.0334885610025526
2.5308900000051553	3.0334698347056195
2.5308910000051554	3.033451108707539
2.5308920000051556	3.033432383008168
2.5308930000051557	3.0334136576073765
2.530894000005156	3.0333949325050473
2.530895000005156	3.033376207701064
2.530896000005156	3.0333574831953083
2.5308970000051563	3.0333387589876555
2.5308980000051564	3.0333200350779603
2.5308990000051566	3.033301311466058
2.5309000000051567	3.0332825881517653
2.530901000005157	3.0332638651348725
2.530902000005157	3.0332451424151525
2.530903000005157	3.0332264199923635
2.5309040000051573	3.0332076978662537
2.5309050000051574	3.03318897603657
2.5309060000051575	3.0331702545030685
2.5309070000051577	3.033151533265518
2.530908000005158	3.033132812323701
2.530909000005158	3.0331140916774317
2.530910000005158	3.0330953713265414
2.5309110000051582	3.033076651270888
2.5309120000051584	3.0330579315103496
2.5309130000051585	3.0330392120448146
2.5309140000051586	3.0330204928741775
2.530915000005159	3.0330017739983264
2.530916000005159	3.0329830554171457
2.530917000005159	3.0329643371305046
2.530918000005159	3.0329456191382405
2.5309190000051593	3.0329269014401707
2.5309200000051595	3.032908184036082
2.5309210000051596	3.032889466925737
2.5309220000051598	3.032870750108878
2.53092300000516	3.0328520335852382
2.53092400000516	3.0328333173545405
2.53092500000516	3.032814601416518
2.5309260000051603	3.0327958857709123
2.5309270000051605	3.032777170417488
2.5309280000051606	3.032758455356035
2.5309290000051607	3.0327397405863685
2.530930000005161	3.032721026108333
2.530931000005161	3.0327023119218
2.530932000005161	3.0326835980266535
2.5309330000051613	3.032664884422793
2.5309340000051614	3.0326461711101222
2.5309350000051616	3.0326274580885366
2.5309360000051617	3.032608745357918
2.530937000005162	3.032590032918123
2.530938000005162	3.032571320768983
2.530939000005162	3.0325526089103056
2.5309400000051623	3.032533897341869
2.5309410000051624	3.032515186063424
2.5309420000051626	3.0324964750747085
2.5309430000051627	3.0324777643754426
2.530944000005163	3.032459053965357
2.530945000005163	3.032440343844182
2.530946000005163	3.0324216340116696
2.5309470000051633	3.0324029244675916
2.5309480000051634	3.032384215211753
2.5309490000051635	3.032365506243984
2.5309500000051637	3.0323467975641454
2.530951000005164	3.0323280891721223
2.530952000005164	3.0323093810678188
2.530953000005164	3.0322906732511448
2.5309540000051642	3.032271965722014
2.5309550000051644	3.032253258480331
2.5309560000051645	3.0322345515259816
2.5309570000051647	3.032215844858828
2.530958000005165	3.0321971384787054
2.530959000005165	3.03217843238542
2.530960000005165	3.0321597265787434
2.530961000005165	3.0321410210584268
2.5309620000051654	3.0321223158241986
2.5309630000051655	3.0321036108757773
2.5309640000051656	3.0320849062128805
2.5309650000051658	3.032066201835227
2.530966000005166	3.032047497742556
2.530967000005166	3.0320287939346224
2.530968000005166	3.0320100904112115
2.5309690000051663	3.031991387172134
2.5309700000051665	3.0319726842172288
2.5309710000051666	3.0319539815463568
2.5309720000051668	3.0319352791593985
2.530973000005167	3.0319165770562457
2.530974000005167	3.0318978752367918
2.530975000005167	3.031879173700925
2.5309760000051673	3.0318604724485274
2.5309770000051675	3.031841771479454
2.5309780000051676	3.031823070793541
2.5309790000051677	3.031804370390597
2.530980000005168	3.0317856702704127
2.530981000005168	3.031766970432753
2.530982000005168	3.0317482708773684
2.5309830000051683	3.031729571603997
2.5309840000051684	3.0317108726123774
2.5309850000051686	3.031692173902253
2.5309860000051687	3.0316734754733785
2.530987000005169	3.031654777325524
2.530988000005169	3.0316360794584813
2.530989000005169	3.031617381872068
2.5309900000051693	3.031598684566115
2.5309910000051694	3.0315799875404816
2.5309920000051696	3.031561290795038
2.5309930000051697	3.0315425943296614
2.53099400000517	3.0315238981442296
2.53099500000517	3.0315052022386175
2.53099600000517	3.0314865066126893
2.5309970000051702	3.031467811266294
2.5309980000051704	3.0314491161992576
2.5309990000051705	3.0314304214113887
2.5310000000051707	3.0314117269024763
2.531001000005171	3.031393032672293
2.531002000005171	3.0313743387205947
2.531003000005171	3.0313556450471406
2.5310040000051712	3.031336951651674
2.5310050000051714	3.0313182585339544
2.5310060000051715	3.0312995656937485
2.5310070000051716	3.031280873130836
2.531008000005172	3.031262180845014
2.531009000005172	3.031243488836099
2.531010000005172	3.0312247971039223
2.531011000005172	3.031206105648327
2.5310120000051723	3.0311874144691697
2.5310130000051725	3.0311687235663087
2.5310140000051726	3.0311500329396046
2.5310150000051728	3.0311313425889113
2.531016000005173	3.0311126525140697
2.531017000005173	3.0310939627149134
2.531018000005173	3.0310752731912562
2.5310190000051733	3.0310565839428993
2.5310200000051735	3.03103789496963
2.5310210000051736	3.031019206271225
2.5310220000051737	3.0310005178474517
2.531023000005174	3.0309818296980837
2.531024000005174	3.030963141822883
2.531025000005174	3.03094445422163
2.5310260000051743	3.030925766894113
2.5310270000051744	3.030907079840128
2.5310280000051746	3.030888393059491
2.5310290000051747	3.030869706552029
2.531030000005175	3.030851020317577
2.531031000005175	3.0308323343559813
2.531032000005175	3.0308136486670936
2.5310330000051753	3.0307949632507647
2.5310340000051754	3.030776278106839
2.5310350000051756	3.030757593235162
2.5310360000051757	3.0307389086355596
2.531037000005176	3.030720224307853
2.531038000005176	3.0307015402518527
2.531039000005176	3.030682856467359
2.5310400000051763	3.030664172954158
2.5310410000051764	3.0306454897120325
2.5310420000051765	3.0306268067407642
2.5310430000051767	3.0306081240401324
2.531044000005177	3.030589441609921
2.531045000005177	3.0305707594499207
2.531046000005177	3.030552077559928
2.5310470000051772	3.0305333959397474
2.5310480000051774	3.0305147145891946
2.5310490000051775	3.03049603350809
2.5310500000051777	3.0304773526962583
2.531051000005178	3.030458672153528
2.531052000005178	3.0304399918797253
2.531053000005178	3.0304213118746763
2.531054000005178	3.030402632138202
2.5310550000051784	3.0303839526701166
2.5310560000051785	3.030365273470227
2.5310570000051786	3.0303465945383374
2.5310580000051788	3.030327915874242
2.531059000005179	3.0303092374777383
2.531060000005179	3.0302905593486145
2.531061000005179	3.030271881486663
2.5310620000051793	3.0302532038916823
2.5310630000051795	3.0302345265634707
2.5310640000051796	3.0302158495018365
2.5310650000051798	3.03019717270659
2.53106600000518	3.0301784961775544
2.53106700000518	3.030159819914552
2.53106800000518	3.0301411439174157
2.5310690000051803	3.030122468185971
2.5310700000051805	3.030103792720046
2.5310710000051806	3.0300851175194667
2.5310720000051807	3.0300664425840615
2.531073000005181	3.030047767913639
2.531074000005181	3.030029093507999
2.531075000005181	3.0300104193669433
2.5310760000051813	3.0299917454902636
2.5310770000051814	3.0299730718777464
2.5310780000051816	3.0299543985291817
2.5310790000051817	3.0299357254443553
2.531080000005182	3.029917052623057
2.531081000005182	3.029898380065088
2.531082000005182	3.029879707770249
2.5310830000051823	3.0298610357383597
2.5310840000051824	3.0298423639692396
2.5310850000051826	3.0298236924627204
2.5310860000051827	3.0298050212186416
2.531087000005183	3.0297863502368445
2.531088000005183	3.0297676795171706
2.531089000005183	3.0297490090594574
2.5310900000051832	3.029730338863538
2.5310910000051834	3.029711668929236
2.5310920000051835	3.0296929992563646
2.5310930000051837	3.029674329844723
2.531094000005184	3.0296556606941034
2.531095000005184	3.0296369918042854
2.531096000005184	3.0296183231750353
2.5310970000051842	3.0295996548061286
2.5310980000051844	3.0295809866973284
2.5310990000051845	3.029562318848407
2.5311000000051846	3.0295436512591474
2.531101000005185	3.029524983929337
2.531102000005185	3.029506316858782
2.531103000005185	3.0294876500473036
2.531104000005185	3.029468983494731
2.5311050000051853	3.029450317200912
2.5311060000051855	3.0294316511656953
2.5311070000051856	3.029412985388943
2.5311080000051858	3.029394319870511
2.531109000005186	3.02937565461025
2.531110000005186	3.0293569896080057
2.531111000005186	3.0293383248636054
2.5311120000051863	3.029319660376866
2.5311130000051865	3.029300996147581
2.5311140000051866	3.0292823321755344
2.5311150000051867	3.029263668460497
2.531116000005187	3.029245005002231
2.531117000005187	3.0292263418004906
2.531118000005187	3.0292076788550344
2.5311190000051873	3.0291890161656285
2.5311200000051874	3.0291703537320456
2.5311210000051876	3.0291516915540826
2.5311220000051877	3.029133029631547
2.531123000005188	3.0291143679642687
2.531124000005188	3.0290957065520914
2.531125000005188	3.0290770453948754
2.5311260000051883	3.0290583844924868
2.5311270000051884	3.0290397238447997
2.5311280000051886	3.0290210634516783
2.5311290000051887	3.029002403312981
2.531130000005189	3.02898374342855
2.531131000005189	3.0289650837982096
2.531132000005189	3.0289464244217625
2.5311330000051893	3.028927765298992
2.5311340000051894	3.02890910642966
2.5311350000051895	3.0288904478135117
2.5311360000051897	3.0288717894502857
2.53113700000519	3.0288531313397176
2.53113800000519	3.0288344734815467
2.53113900000519	3.028815815875521
2.5311400000051902	3.028797158521411
2.5311410000051904	3.028778501419002
2.5311420000051905	3.028759844568104
2.5311430000051907	3.028741187968554
2.531144000005191	3.0287225316202084
2.531145000005191	3.0287038755229396
2.531146000005191	3.02868521967663
2.531147000005191	3.0286665640811665
2.5311480000051914	3.0286479087364344
2.5311490000051915	3.028629253642313
2.5311500000051916	3.028610598798654
2.5311510000051918	3.028591944205287
2.531152000005192	3.0285732898620275
2.531153000005192	3.028554635768661
2.531154000005192	3.028535981924956
2.5311550000051923	3.0285173283306612
2.5311560000051925	3.028498674985518
2.5311570000051926	3.028480021889261
2.5311580000051928	3.0284613690416298
2.531159000005193	3.0284427164423757
2.531160000005193	3.028424064091265
2.531161000005193	3.0284054119880857
2.5311620000051933	3.0283867601326455
2.5311630000051935	3.028368108524784
2.5311640000051936	3.028349457164347
2.5311650000051937	3.02833080605121
2.531166000005194	3.0283121551852514
2.531167000005194	3.028293504566351
2.531168000005194	3.0282748541943887
2.5311690000051943	3.0282562040692294
2.5311700000051944	3.028237554190722
2.5311710000051946	3.0282189045586994
2.5311720000051947	3.0282002551729614
2.531173000005195	3.0281816060332916
2.531174000005195	3.0281629571394544
2.531175000005195	3.028144308491196
2.5311760000051953	3.0281256600882553
2.5311770000051954	3.0281070119303575
2.5311780000051955	3.0280883640172456
2.5311790000051957	3.028069716348662
2.531180000005196	3.0280510689243694
2.531181000005196	3.028032421744149
2.531182000005196	3.028013774807805
2.5311830000051962	3.0279951281151654
2.5311840000051964	3.027976481666072
2.5311850000051965	3.027957835460388
2.5311860000051967	3.0279391894979875
2.531187000005197	3.027920543778745
2.531188000005197	3.0279018983025354
2.531189000005197	3.0278832530692217
2.5311900000051972	3.027864608078652
2.5311910000051974	3.0278459633306594
2.5311920000051975	3.027827318825048
2.5311930000051976	3.0278086745616077
2.531194000005198	3.027790030540111
2.531195000005198	3.0277713867603104
2.531196000005198	3.027752743221956
2.531197000005198	3.0277340999247895
2.5311980000051983	3.0277154568685605
2.5311990000051985	3.027696814053027
2.5312000000051986	3.0276781714779606
2.5312010000051988	3.02765952914315
2.531202000005199	3.027640887048412
2.531203000005199	3.0276222451935744
2.531204000005199	3.0276036035784837
2.5312050000051993	3.027584962203003
2.5312060000051995	3.0275663210670025
2.5312070000051996	3.027547680170351
2.5312080000051997	3.0275290395129106
2.5312090000052	3.027510399094538
2.5312100000052	3.0274917589150685
2.5312110000052	3.027473118974321
2.5312120000052003	3.0274544792720977
2.5312130000052004	3.027435839808178
2.5312140000052006	3.0274172005823274
2.5312150000052007	3.0273985615942967
2.531216000005201	3.0273799228438327
2.531217000005201	3.0273612843306856
2.531218000005201	3.0273426460546085
2.5312190000052013	3.0273240080153667
2.5312200000052014	3.027305370212742
2.5312210000052016	3.027286732646533
2.5312220000052017	3.0272680953165607
2.531223000005202	3.0272494582226583
2.531224000005202	3.0272308213646775
2.531225000005202	3.027212184742476
2.5312260000052023	3.0271935483559194
2.5312270000052024	3.027174912204866
2.5312280000052025	3.0271562762891704
2.5312290000052027	3.027137640608679
2.531230000005203	3.027119005163214
2.531231000005203	3.027100369952584
2.531232000005203	3.0270817349765795
2.5312330000052032	3.0270631002349777
2.5312340000052034	3.02704446572754
2.5312350000052035	3.0270258314540217
2.5312360000052037	3.0270071974141777
2.531237000005204	3.026988563607761
2.531238000005204	3.026969930034534
2.531239000005204	3.026951296694272
2.531240000005204	3.0269326635867646
2.5312410000052044	3.0269140307118123
2.5312420000052045	3.0268953980692324
2.5312430000052046	3.0268767656588578
2.5312440000052048	3.0268581334805225
2.531245000005205	3.0268395015340777
2.531246000005205	3.0268208698193653
2.531247000005205	3.026802238336227
2.5312480000052053	3.0267836070845004
2.5312490000052055	3.0267649760640127
2.5312500000052056	3.0267463452745766
2.5312510000052058	3.0267277147160034
2.531252000005206	3.0267090843880893
2.531253000005206	3.0266904542906237
2.531254000005206	3.02667182442339
2.5312550000052063	3.0266531947861672
2.5312560000052065	3.026634565378741
2.5312570000052066	3.0266159362008955
2.5312580000052067	3.0265973072524224
2.531259000005207	3.0265786785331206
2.531260000005207	3.026560050042796
2.531261000005207	3.026541421781261
2.5312620000052073	3.0265227937483385
2.5312630000052074	3.0265041659438467
2.5312640000052076	3.0264855383676132
2.5312650000052077	3.026466911019462
2.531266000005208	3.026448283899213
2.531267000005208	3.026429657006686
2.531268000005208	3.026411030341692
2.5312690000052083	3.0263924039040377
2.5312700000052084	3.0263737776935242
2.5312710000052085	3.0263551517099443
2.5312720000052087	3.0263365259530945
2.531273000005209	3.0263179004227614
2.531274000005209	3.0262992751187374
2.531275000005209	3.0262806500408157
2.5312760000052092	3.02626202518879
2.5312770000052094	3.026243400562461
2.5312780000052095	3.0262247761616368
2.5312790000052097	3.026206151986122
2.53128000000521	3.026187528035727
2.53128100000521	3.0261689043102655
2.53128200000521	3.026150280809556
2.5312830000052102	3.0261316575334165
2.5312840000052104	3.0261130344816602
2.5312850000052105	3.026094411654101
2.5312860000052106	3.026075789050551
2.531287000005211	3.026057166670818
2.531288000005211	3.026038544514704
2.531289000005211	3.026019922582012
2.531290000005211	3.026001300872537
2.5312910000052113	3.025982679386077
2.5312920000052115	3.0259640581224243
2.5312930000052116	3.025945437081378
2.5312940000052118	3.0259268162627384
2.531295000005212	3.025908195666302
2.531296000005212	3.025889575291877
2.531297000005212	3.025870955139272
2.5312980000052123	3.0258523352083015
2.5312990000052125	3.0258337154987816
2.5313000000052126	3.0258150960105357
2.5313010000052127	3.025796476743381
2.531302000005213	3.0257778576971455
2.531303000005213	3.025759238871645
2.531304000005213	3.0257406202667
2.5313050000052133	3.0257220018821225
2.5313060000052134	3.025703383717719
2.5313070000052136	3.025684765773294
2.5313080000052137	3.0256661480486406
2.531309000005214	3.025647530543549
2.531310000005214	3.025628913257804
2.531311000005214	3.0256102961911893
2.5313120000052143	3.025591679343485
2.5313130000052144	3.0255730627144835
2.5313140000052146	3.0255544463039703
2.5313150000052147	3.0255358301117448
2.531316000005215	3.0255172141376114
2.531317000005215	3.025498598381385
2.531318000005215	3.0254799828428918
2.5313190000052153	3.025461367521961
2.5313200000052154	3.025442752418429
2.5313210000052155	3.0254241375321373
2.5313220000052157	3.025405522862925
2.531323000005216	3.025386908410629
2.531324000005216	3.025368294175072
2.531325000005216	3.025349680156073
2.5313260000052162	3.0253310663534356
2.5313270000052164	3.025312452766954
2.5313280000052165	3.025293839396404
2.5313290000052167	3.0252752262415554
2.531330000005217	3.0252566133021666
2.531331000005217	3.0252380005779984
2.531332000005217	3.0252193880688134
2.531333000005217	3.0252007757743766
2.5313340000052174	3.0251821636944687
2.5313350000052175	3.0251635518288835
2.5313360000052176	3.0251449401774297
2.5313370000052178	3.025126328739934
2.531338000005218	3.0251077175162417
2.531339000005218	3.025089106506206
2.531340000005218	3.02507049570969
2.5313410000052183	3.0250518851265618
2.5313420000052185	3.02503327475668
2.5313430000052186	3.0250146645998974
2.5313440000052188	3.024996054656052
2.531345000005219	3.02497744492496
2.531346000005219	3.024958835406424
2.531347000005219	3.0249402261002185
2.5313480000052193	3.0249216170061097
2.5313490000052195	3.0249030081238475
2.5313500000052196	3.0248843994531747
2.5313510000052197	3.024865790993832
2.53135200000522	3.0248471827455683
2.53135300000522	3.0248285747081463
2.53135400000522	3.0248099668813446
2.5313550000052203	3.024791359264966
2.5313560000052204	3.0247727518588285
2.5313570000052206	3.0247541446627797
2.5313580000052207	3.0247355376766754
2.531359000005221	3.0247169309003916
2.531360000005221	3.0246983243338046
2.531361000005221	3.024679717976791
2.5313620000052213	3.024661111829215
2.5313630000052214	3.0246425058909296
2.5313640000052215	3.0246239001617634
2.5313650000052217	3.0246052946415274
2.531366000005222	3.0245866893300066
2.531367000005222	3.0245680842269667
2.531368000005222	3.0245494793321592
2.5313690000052222	3.024530874645322
2.5313700000052224	3.0245122701661917
2.5313710000052225	3.024493665894508
2.5313720000052227	3.0244750618300205
2.531373000005223	3.0244564579724953
2.531374000005223	3.0244378543217194
2.531375000005223	3.0244192508775014
2.5313760000052232	3.02440064763967
2.5313770000052234	3.0243820446080742
2.5313780000052235	3.024363441782574
2.5313790000052236	3.0243448391630365
2.531380000005224	3.024326236749332
2.531381000005224	3.024307634541324
2.531382000005224	3.0242890325388636
2.531383000005224	3.024270430741793
2.5313840000052243	3.0242518291499274
2.5313850000052245	3.0242332277630632
2.5313860000052246	3.0242146265809855
2.5313870000052248	3.024196025603458
2.531388000005225	3.0241774248302358
2.531389000005225	3.0241588242610695
2.531390000005225	3.0241402238957145
2.5313910000052253	3.024121623733925
2.5313920000052255	3.0241030237754734
2.5313930000052256	3.0240844240201423
2.5313940000052257	3.024065824467736
2.531395000005226	3.0240472251180686
2.531396000005226	3.0240286259709728
2.531397000005226	3.0240100270262986
2.5313980000052263	3.0239914282839004
2.5313990000052264	3.0239728297436366
2.5314000000052266	3.0239542314053596
2.5314010000052267	3.02393563326892
2.531402000005227	3.023917035334155
2.531403000005227	3.023898437600897
2.531404000005227	3.0238798400689557
2.5314050000052273	3.023861242738126
2.5314060000052274	3.0238426456081946
2.5314070000052276	3.0238240486789314
2.5314080000052277	3.0238054519501008
2.531409000005228	3.023786855421465
2.531410000005228	3.0237682590927863
2.531411000005228	3.02374966296383
2.5314120000052283	3.023731067034372
2.5314130000052284	3.0237124713041954
2.5314140000052285	3.0236938757731013
2.5314150000052287	3.0236752804408997
2.531416000005229	3.023656685307413
2.531417000005229	3.023638090372477
2.531418000005229	3.0236194956359337
2.5314190000052292	3.0236009010976286
2.5314200000052294	3.0235823067574104
2.5314210000052295	3.023563712615124
2.5314220000052297	3.0235451186706106
2.53142300000523	3.0235265249237
2.53142400000523	3.0235079313742097
2.53142500000523	3.0234893380219487
2.53142600000523	3.023470744866713
2.5314270000052304	3.023452151908288
2.5314280000052305	3.0234335591464454
2.5314290000052306	3.0234149665809573
2.5314300000052308	3.0233963742115875
2.531431000005231	3.023377782038104
2.531432000005231	3.023359190060279
2.531433000005231	3.023340598277894
2.5314340000052313	3.0233220066907354
2.5314350000052315	3.0233034152986082
2.5314360000052316	3.023284824101324
2.5314370000052318	3.02326623309871
2.531438000005232	3.0232476422906
2.531439000005232	3.0232290516768385
2.531440000005232	3.0232104612572734
2.5314410000052323	3.02319187103175
2.5314420000052325	3.0231732810001115
2.5314430000052326	3.023154691162197
2.5314440000052327	3.023136101517829
2.531445000005233	3.0231175120668246
2.531446000005233	3.023098922808986
2.531447000005233	3.0230803337441055
2.5314480000052333	3.023061744871963
2.5314490000052334	3.023043156192333
2.5314500000052336	3.02302456770499
2.5314510000052337	3.023005979409704
2.531452000005234	3.0229873913062515
2.531453000005234	3.0229688033944155
2.531454000005234	3.022950215673992
2.5314550000052343	3.0229316281447858
2.5314560000052344	3.022913040806612
2.5314570000052345	3.0228944536592985
2.5314580000052347	3.0228758667026776
2.531459000005235	3.0228572799365896
2.531460000005235	3.0228386933608737
2.531461000005235	3.0228201069753657
2.5314620000052352	3.0228015207798973
2.5314630000052354	3.0227829347742947
2.5314640000052355	3.022764348958364
2.5314650000052357	3.0227457633319132
2.531466000005236	3.0227271778947267
2.531467000005236	3.022708592646592
2.531468000005236	3.0226900075872853
2.5314690000052362	3.022671422716579
2.5314700000052364	3.0226528380342566
2.5314710000052365	3.0226342535400965
2.5314720000052366	3.022615669233895
2.531473000005237	3.0225970851154504
2.531474000005237	3.0225785011845776
2.531475000005237	3.0225599174410993
2.531476000005237	3.0225413338848415
2.5314770000052373	3.0225227505156473
2.5314780000052375	3.022504167333356
2.5314790000052376	3.022485584337807
2.5314800000052378	3.0224670015288315
2.531481000005238	3.022448418906262
2.531482000005238	3.0224298364699154
2.531483000005238	3.0224112542195996
2.5314840000052383	3.0223926721551164
2.5314850000052385	3.0223740902762546
2.5314860000052386	3.0223555085827996
2.5314870000052387	3.0223369270745346
2.531488000005239	3.0223183457512395
2.531489000005239	3.0222997646127028
2.531490000005239	3.022281183658713
2.5314910000052393	3.022262602889073
2.5314920000052394	3.0222440223035916
2.5314930000052396	3.0222254419020818
2.5314940000052397	3.02220686168437
2.53149500000524	3.0221882816502843
2.53149600000524	3.0221697017996543
2.53149700000524	3.022151122132311
2.5314980000052403	3.022132542648085
2.5314990000052404	3.0221139633467935
2.5315000000052406	3.0220953842282543
2.5315010000052407	3.0220768052922766
2.531502000005241	3.022058226538659
2.531503000005241	3.0220396479671945
2.531504000005241	3.022021069577673
2.5315050000052413	3.0220024913698853
2.5315060000052414	3.021983913343617
2.5315070000052415	3.021965335498665
2.5315080000052417	3.0219467578348254
2.531509000005242	3.021928180351905
2.531510000005242	3.02190960304972
2.531511000005242	3.0218910259280847
2.5315120000052422	3.0218724489868296
2.5315130000052424	3.0218538722257864
2.5315140000052425	3.0218352956447845
2.5315150000052427	3.021816719243657
2.531516000005243	3.0217981430222265
2.531517000005243	3.0217795669803125
2.531518000005243	3.0217609911177292
2.531519000005243	3.0217424154342813
2.5315200000052434	3.021723839929765
2.5315210000052435	3.021705264603971
2.5315220000052436	3.021686689456685
2.5315230000052438	3.0216681144876945
2.531524000005244	3.0216495396967815
2.531525000005244	3.0216309650837387
2.531526000005244	3.0216123906483645
2.5315270000052443	3.021593816390463
2.5315280000052445	3.0215752423098476
2.5315290000052446	3.021556668406342
2.5315300000052448	3.021538094679777
2.531531000005245	3.021519521129985
2.531532000005245	3.021500947756807
2.531533000005245	3.021482374560081
2.5315340000052453	3.021463801539644
2.5315350000052455	3.021445228695329
2.5315360000052456	3.021426656026958
2.5315370000052457	3.021408083534346
2.531538000005246	3.0213895112172984
2.531539000005246	3.0213709390756103
2.531540000005246	3.021352367109072
2.5315410000052463	3.0213337953174633
2.5315420000052464	3.021315223700563
2.5315430000052466	3.0212966522581337
2.5315440000052467	3.0212780809899367
2.531545000005247	3.0212595098957946
2.531546000005247	3.021240938975503
2.531547000005247	3.021222368228868
2.5315480000052473	3.021203797655707
2.5315490000052474	3.0211852272558444
2.5315500000052475	3.0211666570291196
2.5315510000052477	3.0211480869753737
2.531552000005248	3.021129517094454
2.531553000005248	3.0211109473862083
2.531554000005248	3.0210923778504832
2.5315550000052482	3.021073808487116
2.5315560000052484	3.021055239295941
2.5315570000052485	3.02103667027678
2.5315580000052487	3.0210181014294424
2.531559000005249	3.0209995327537245
2.531560000005249	3.0209809642494165
2.531561000005249	3.020962395916297
2.5315620000052492	3.02094382775414
2.5315630000052494	3.0209252597627136
2.5315640000052495	3.0209066919417924
2.5315650000052496	3.020888124291154
2.53156600000525	3.0208695568105832
2.53156700000525	3.020850989499871
2.53156800000525	3.02083242235883
2.53156900000525	3.0208138553872876
2.5315700000052503	3.0207952885850755
2.5315710000052505	3.02077672195204
2.5315720000052506	3.0207581554880383
2.5315730000052508	3.0207395891929285
2.531574000005251	3.0207210230665686
2.531575000005251	3.0207024571088112
2.531576000005251	3.0206838913195004
2.5315770000052513	3.0206653256984715
2.5315780000052515	3.020646760245543
2.5315790000052516	3.020628194960514
2.5315800000052517	3.0206096298431757
2.531581000005252	3.0205910648933014
2.531582000005252	3.0205725001106587
2.531583000005252	3.020553935495006
2.5315840000052523	3.0205353710461056
2.5315850000052524	3.0205168067637227
2.5315860000052526	3.0204982426476312
2.5315870000052527	3.020479678697621
2.531588000005253	3.0204611149134983
2.531589000005253	3.0204425512950848
2.531590000005253	3.020423987842218
2.5315910000052533	3.020405424554752
2.5315920000052534	3.020386861432552
2.5315930000052536	3.020368298475485
2.5315940000052537	3.020349735683421
2.531595000005254	3.0203311730562254
2.531596000005254	3.020312610593749
2.531597000005254	3.020294048295831
2.5315980000052543	3.0202754861622947
2.5315990000052544	3.020256924192943
2.5316000000052545	3.0202383623829956
2.5316010000052547	3.0202198007365335
2.531602000005255	3.0202012392541118
2.531603000005255	3.020182677935433
2.531604000005255	3.0201641167801854
2.5316050000052552	3.0201455557880643
2.5316060000052554	3.020126994958788
2.5316070000052555	3.020108434292095
2.5316080000052557	3.0200898737877533
2.531609000005256	3.0200713134455666
2.531610000005256	3.0200527532653774
2.531611000005256	3.020034193247054
2.531612000005256	3.0200156333904915
2.5316130000052564	3.01999707369565
2.5316140000052565	3.019978514162367
2.5316150000052566	3.019959954790557
2.5316160000052568	3.019941395580107
2.531617000005257	3.0199228365308812
2.531618000005257	3.01990427764271
2.531619000005257	3.0198857189153916
2.5316200000052573	3.019867160348693
2.5316210000052575	3.0198486019423565
2.5316220000052576	3.019830043696106
2.5316230000052578	3.0198114856096567
2.531624000005258	3.019792927682726
2.531625000005258	3.0197743699150497
2.531626000005258	3.0197558123063803
2.5316270000052583	3.019737254856542
2.5316280000052584	3.0197186975652452
2.5316290000052586	3.0197001404323704
2.5316300000052587	3.019681583457795
2.531631000005259	3.019663026641181
2.531632000005259	3.0196444699839633
2.531633000005259	3.019625913485073
2.5316340000052593	3.0196073571426485
2.5316350000052594	3.019588800959493
2.5316360000052596	3.019570244932733
2.5316370000052597	3.01955168906339
2.53163800000526	3.0195331333512803
2.53163900000526	3.019514577796184
2.53164000000526	3.0194960223978646
2.5316410000052603	3.0194774671560674
2.5316420000052604	3.019458912070527
2.5316430000052605	3.0194403571409776
2.5316440000052607	3.019421802367165
2.531645000005261	3.0194032477488424
2.531646000005261	3.0193846932857737
2.531647000005261	3.0193661389777544
2.5316480000052612	3.0193475848246023
2.5316490000052614	3.0193290308261584
2.5316500000052615	3.0193104769822834
2.5316510000052617	3.019291923292855
2.531652000005262	3.0192733697577574
2.531653000005262	3.0192548163768755
2.531654000005262	3.01923626315009
2.5316550000052622	3.019217710077267
2.5316560000052624	3.0191991571582597
2.5316570000052625	3.019180604392896
2.5316580000052626	3.0191620517809796
2.531659000005263	3.0191434993222988
2.531660000005263	3.0191249470166155
2.531661000005263	3.0191063948636816
2.531662000005263	3.0190878428632453
2.5316630000052633	3.01906929101504
2.5316640000052635	3.0190507393188177
2.5316650000052636	3.0190321877743282
2.5316660000052638	3.0190136363813482
2.531667000005264	3.018995085139676
2.531668000005264	3.0189765340491275
2.531669000005264	3.018957983109538
2.5316700000052643	3.018939432320767
2.5316710000052645	3.018920881682682
2.5316720000052646	3.018902331195166
2.5316730000052647	3.018883780858102
2.531674000005265	3.0188652306713726
2.531675000005265	3.018846680634851
2.531676000005265	3.0188281307483993
2.5316770000052653	3.0188095810118583
2.5316780000052654	3.018791031425051
2.5316790000052656	3.018772481987783
2.5316800000052657	3.0187539326998403
2.531681000005266	3.018735383560994
2.531682000005266	3.018716834571004
2.531683000005266	3.01869828572963
2.5316840000052663	3.018679737036629
2.5316850000052664	3.0186611884917687
2.5316860000052666	3.018642640094821
2.5316870000052667	3.0186240918455813
2.531688000005267	3.018605543743855
2.531689000005267	3.018586995789468
2.531690000005267	3.0185684479822625
2.5316910000052673	3.0185499003220917
2.5316920000052674	3.0185313528088176
2.5316930000052675	3.0185128054423127
2.5316940000052677	3.018494258222443
2.531695000005268	3.018475711149073
2.531696000005268	3.0184571642220615
2.531697000005268	3.0184386174412525
2.5316980000052682	3.018420070806478
2.5316990000052684	3.018401524317555
2.5317000000052685	3.0183829779742934
2.5317010000052687	3.0183644317764884
2.531702000005269	3.018345885723928
2.531703000005269	3.0183273398163997
2.531704000005269	3.0183087940536883
2.531705000005269	3.0182902484355814
2.5317060000052694	3.0182717029618766
2.5317070000052695	3.0182531576323757
2.5317080000052696	3.018234612446885
2.5317090000052698	3.0182160674052225
2.53171000000527	3.0181975225072115
2.53171100000527	3.01817897775268
2.53171200000527	3.0181604331414573
2.5317130000052703	3.018141888673379
2.5317140000052705	3.0181233443482722
2.5317150000052706	3.0181048001659647
2.5317160000052708	3.018086256126282
2.531717000005271	3.0180677122290445
2.531718000005271	3.018049168474065
2.531719000005271	3.0180306248611584
2.5317200000052713	3.018012081390139
2.5317210000052714	3.0179935380608254
2.5317220000052716	3.0179749948730326
2.5317230000052717	3.017956451826585
2.531724000005272	3.017937908921312
2.531725000005272	3.0179193661570456
2.531726000005272	3.0179008235336333
2.5317270000052723	3.017882281050922
2.5317280000052724	3.0178637387087566
2.5317290000052726	3.0178451965069883
2.5317300000052727	3.017826654445459
2.531731000005273	3.017808112524005
2.531732000005273	3.0177895707424582
2.531733000005273	3.0177710291006354
2.5317340000052733	3.0177524875983486
2.5317350000052734	3.017733946235395
2.5317360000052735	3.0177154050115678
2.5317370000052737	3.0176968639266497
2.531738000005274	3.017678322980423
2.531739000005274	3.017659782172668
2.531740000005274	3.017641241503167
2.5317410000052742	3.0176227009717134
2.5317420000052744	3.0176041605781
2.5317430000052745	3.0175856203221354
2.5317440000052747	3.017567080203641
2.531745000005275	3.0175485402224504
2.531746000005275	3.017530000378407
2.531747000005275	3.017511460671361
2.5317480000052752	3.017492921101168
2.5317490000052754	3.0174743816676863
2.5317500000052755	3.0174558423707776
2.5317510000052756	3.0174373032102997
2.531752000005276	3.017418764186103
2.531753000005276	3.017400225298033
2.531754000005276	3.017381686545924
2.531755000005276	3.0173631479296077
2.5317560000052763	3.0173446094489047
2.5317570000052765	3.0173260711036294
2.5317580000052766	3.0173075328935903
2.5317590000052768	3.0172889948185966
2.531760000005277	3.0172704568784545
2.531761000005277	3.0172519190729705
2.531762000005277	3.017233381401958
2.5317630000052773	3.0172148438652315
2.5317640000052775	3.0171963064626066
2.5317650000052776	3.0171777691939075
2.5317660000052777	3.0171592320589604
2.531767000005278	3.0171406950575963
2.531768000005278	3.0171221581896424
2.531769000005278	3.0171036214549334
2.5317700000052783	3.017085084853292
2.5317710000052784	3.0170665483845447
2.5317720000052786	3.0170480120485106
2.5317730000052787	3.0170294758450056
2.531774000005279	3.0170109397738383
2.531775000005279	3.0169924038348164
2.531776000005279	3.0169738680277454
2.5317770000052793	3.0169553323524347
2.5317780000052794	3.0169367968086847
2.5317790000052796	3.0169182613963117
2.5317800000052797	3.01689972611513
2.53178100000528	3.016881190964963
2.53178200000528	3.0168626559456455
2.53178300000528	3.016844121057017
2.5317840000052803	3.0168255862989257
2.5317850000052804	3.016807051671231
2.5317860000052805	3.0167885171737896
2.5317870000052807	3.016769982806466
2.531788000005281	3.0167514485691207
2.531789000005281	3.0167329144616093
2.531790000005281	3.0167143804837795
2.5317910000052812	3.016695846635472
2.5317920000052814	3.0166773129165154
2.5317930000052815	3.0166587793267245
2.5317940000052817	3.0166402458659003
2.531795000005282	3.0166217125338326
2.531796000005282	3.016603179330308
2.531797000005282	3.0165846462551014
2.531798000005282	3.016566113307987
2.5317990000052824	3.016547580488752
2.5318000000052825	3.0165290477971776
2.5318010000052826	3.01651051523307
2.5318020000052828	3.016491982796239
2.531803000005283	3.016473450486517
2.531804000005283	3.016454918303753
2.531805000005283	3.016436386247806
2.5318060000052833	3.016417854323571
2.5318070000052835	3.016399322528974
2.5318080000052836	3.0163807908601923
2.5318090000052837	3.016362259317162
2.531810000005284	3.016343727899787
2.531811000005284	3.016325196607965
2.531812000005284	3.016306665441563
2.5318130000052843	3.0162881344004355
2.5318140000052844	3.0162696034844214
2.5318150000052846	3.0162510726933274
2.5318160000052847	3.016232542026944
2.531817000005285	3.0162140114850473
2.531818000005285	3.0161954810674114
2.531819000005285	3.0161769507738088
2.5318200000052853	3.0161584206040213
2.5318210000052854	3.0161398905578514
2.5318220000052856	3.016121360635126
2.5318230000052857	3.016102830835697
2.531824000005286	3.016084301159449
2.531825000005286	3.016065771606289
2.531826000005286	3.0160472421761506
2.5318270000052863	3.0160287128689847
2.5318280000052864	3.01601018368475
2.5318290000052865	3.015991654623396
2.5318300000052867	3.015973125684867
2.531831000005287	3.0159545968690935
2.531832000005287	3.015936068175974
2.531833000005287	3.0159175396053777
2.5318340000052872	3.015899011157143
2.5318350000052874	3.0158804828310792
2.5318360000052875	3.0158619546269705
2.5318370000052877	3.015843426544587
2.531838000005288	3.0158248985836895
2.531839000005288	3.0158063707440435
2.531840000005288	3.0157878430254255
2.5318410000052882	3.0157693154276304
2.5318420000052884	3.0157507879504806
2.5318430000052885	3.0157322605938197
2.5318440000052886	3.015713733357531
2.531845000005289	3.0156952062415083
2.531846000005289	3.0156766792456686
2.531847000005289	3.015658152370042
2.531848000005289	3.01563962561447
2.5318490000052893	3.0156210989788264
2.5318500000052895	3.0156025724629982
2.5318510000052896	3.0155840460668477
2.5318520000052898	3.015565519790193
2.53185300000529	3.015546993632827
2.53185400000529	3.015528467594506
2.53185500000529	3.0155099416749613
2.5318560000052903	3.0154914158739072
2.5318570000052905	3.0154728901910564
2.5318580000052906	3.0154543646261183
2.5318590000052907	3.015435839178827
2.531860000005291	3.0154173138489355
2.531861000005291	3.015398788636237
2.531862000005291	3.015380263540559
2.5318630000052913	3.0153617385617655
2.5318640000052914	3.0153432136997553
2.5318650000052916	3.0153246889544607
2.5318660000052917	3.0153061643258297
2.531867000005292	3.015287639813819
2.531868000005292	3.01526911541839
2.531869000005292	3.0152505911394822
2.5318700000052923	3.0152320669770267
2.5318710000052924	3.0152135429309217
2.5318720000052926	3.015195019001032
2.5318730000052927	3.0151764951871987
2.531874000005293	3.0151579714892303
2.531875000005293	3.0151394479069187
2.531876000005293	3.0151209244408204
2.5318770000052933	3.015102401089352
2.5318780000052934	3.015083877853459
2.5318790000052935	3.0150653547325326
2.5318800000052937	3.0150468317261923
2.531881000005294	3.015028308834262
2.531882000005294	3.01500978605659
2.531883000005294	3.0149912633930436
2.5318840000052942	3.01497274084351
2.5318850000052944	3.0149542184078877
2.5318860000052945	3.0149356960860856
2.5318870000052947	3.014917173878006
2.531888000005295	3.0148986517835437
2.531889000005295	3.0148801298025774
2.531890000005295	3.01486160793496
2.531891000005295	3.01484308618053
2.5318920000052954	3.014824564539106
2.5318930000052955	3.0148060430104846
2.5318940000052956	3.0147875215944446
2.5318950000052958	3.014769000290753
2.531896000005296	3.0147504790991744
2.531897000005296	3.0147319580194756
2.531898000005296	3.014713437051431
2.5318990000052963	3.0146949161948227
2.5319000000052965	3.014676395449453
2.5319010000052966	3.0146578748151387
2.5319020000052967	3.0146393542917145
2.531903000005297	3.0146208338790283
2.531904000005297	3.0146023135769493
2.531905000005297	3.01458379338535
2.5319060000052973	3.014565273304114
2.5319070000052974	3.014546753333128
2.5319080000052976	3.0145282334722774
2.5319090000052977	3.0145097137214485
2.531910000005298	3.0144911940805277
2.531911000005298	3.014472674549389
2.531912000005298	3.014454155127903
2.5319130000052983	3.014435635815938
2.5319140000052984	3.014417116613348
2.5319150000052986	3.014398597519987
2.5319160000052987	3.014380078535699
2.531917000005299	3.014361559660321
2.531918000005299	3.014343040893685
2.531919000005299	3.0143245222356176
2.5319200000052993	3.0143060036859444
2.5319210000052994	3.014287485244026
2.5319220000052995	3.014268966910023
2.5319230000052997	3.0142504486838697
2.5319240000053	3.0142319305653924
2.5319250000053	3.0142134125544224
2.5319260000053	3.014194894650801
2.5319270000053002	3.014176376854367
2.5319280000053004	3.0141578591649725
2.5319290000053005	3.014139341582472
2.5319300000053007	3.014120824107491
2.531931000005301	3.0141023067393373
2.531932000005301	3.014083789477681
2.531933000005301	3.0140652723223798
2.531934000005301	3.0140467552732924
2.5319350000053014	3.014028238330268
2.5319360000053015	3.0140097214931525
2.5319370000053016	3.013991204761784
2.531938000005302	3.0139726881359885
2.531939000005302	3.013954171615602
2.531940000005302	3.0139356552004477
2.531941000005302	3.0139171388903514
2.5319420000053023	3.0138986226851396
2.5319430000053025	3.01388010658465
2.5319440000053026	3.0138615905887254
2.5319450000053028	3.0138430746972236
2.531946000005303	3.0138245589100143
2.531947000005303	3.0138060432269755
2.531948000005303	3.0137875276479953
2.5319490000053033	3.013769012172968
2.5319500000053035	3.0137504968017814
2.5319510000053036	3.0137319815343186
2.5319520000053037	3.0137134663704535
2.531953000005304	3.0136949513100357
2.531954000005304	3.013676436352897
2.531955000005304	3.0136579214988464
2.5319560000053043	3.013639406747663
2.5319570000053044	3.013620892099115
2.5319580000053046	3.013602377552951
2.5319590000053047	3.013583863108914
2.531960000005305	3.013565348766804
2.531961000005305	3.0135468345263408
2.531962000005305	3.0135283203872807
2.5319630000053053	3.013509806349421
2.5319640000053054	3.0134912924125854
2.5319650000053056	3.0134727785766318
2.5319660000053057	3.0134542648414397
2.531967000005306	3.0134357512069236
2.531968000005306	3.01341723767301
2.531969000005306	3.01339872423963
2.5319700000053063	3.0133802109066394
2.5319710000053064	3.0133616976740116
2.5319720000053065	3.013343184541689
2.5319730000053067	3.013324671509556
2.531974000005307	3.0133061585774716
2.531975000005307	3.013287645745283
2.531976000005307	3.0132691330128036
2.5319770000053072	3.0132506203798326
2.5319780000053074	3.013232107846159
2.5319790000053075	3.0132135954115675
2.5319800000053077	3.0131950830758414
2.531981000005308	3.013176570838785
2.531982000005308	3.0131580587002165
2.531983000005308	3.0131395466599664
2.531984000005308	3.0131210347178885
2.5319850000053084	3.0131025228738473
2.5319860000053085	3.013084011127717
2.5319870000053086	3.0130654994793815
2.5319880000053088	3.0130469879287167
2.531989000005309	3.013028476475598
2.531990000005309	3.013009965119877
2.531991000005309	3.0129914538614004
2.5319920000053093	3.0129729426999896
2.5319930000053095	3.0129544316278616
2.5319940000053096	3.0129359206472377
2.5319950000053097	3.0129174097627183
2.53199600000531	3.0128988989740817
2.53199700000531	3.012880388281114
2.53199800000531	3.012861877683633
2.5319990000053103	3.0128433671814654
2.5320000000053104	3.012824856774462
2.5320010000053106	3.0128063464624573
2.5320020000053107	3.0127878362453933
2.532003000005311	3.012769326123179
2.532004000005311	3.012750816095724
2.532005000005311	3.0127323061629294
2.5320060000053113	3.012713796324685
2.5320070000053114	3.012695286580859
2.5320080000053116	3.0126767769312965
2.5320090000053117	3.0126582673758144
2.532010000005312	3.0126397579142057
2.532011000005312	3.012621248546249
2.532012000005312	3.012602739271705
2.5320130000053123	3.0125842300903347
2.5320140000053124	3.0125657210019057
2.5320150000053125	3.0125472120062007
2.5320160000053127	3.0125287031030217
2.532017000005313	3.012510194292196
2.532018000005313	3.012491685573575
2.532019000005313	3.012473176947037
2.5320200000053132	3.012454668412478
2.5320210000053134	3.0124361599698077
2.5320220000053135	3.0124176516189367
2.5320230000053137	3.0123991433597737
2.532024000005314	3.012380635192212
2.532025000005314	3.0123621271161274
2.532026000005314	3.0123436191313773
2.532027000005314	3.0123251112377973
2.5320280000053144	3.0123066034352086
2.5320290000053145	3.012288095723418
2.5320300000053146	3.012269588102225
2.532031000005315	3.0122510805714326
2.532032000005315	3.01223257313086
2.532033000005315	3.0122140657803325
2.532034000005315	3.012195558519702
2.5320350000053153	3.012177051348842
2.5320360000053155	3.0121585442676433
2.5320370000053156	3.012140037276013
2.5320380000053158	3.012121530373867
2.532039000005316	3.012103023561129
2.532040000005316	3.012084516837712
2.532041000005316	3.012066010203521
2.5320420000053163	3.0120475036584438
2.5320430000053165	3.012028997202348
2.5320440000053166	3.0120104908350798
2.5320450000053167	3.011991984556467
2.532046000005317	3.011973478366322
2.532047000005317	3.0119549722644474
2.532048000005317	3.011936466250646
2.5320490000053173	3.0119179603247193
2.5320500000053174	3.011899454486488
2.5320510000053176	3.0118809487357803
2.5320520000053177	3.011862443072457
2.532053000005318	3.011843937496378
2.532054000005318	3.011825432007421
2.532055000005318	3.0118069266054825
2.5320560000053183	3.011788421290468
2.5320570000053184	3.011769916062285
2.5320580000053186	3.0117514109208354
2.5320590000053187	3.011732905866017
2.532060000005319	3.0117144008977146
2.532061000005319	3.0116958960157953
2.532062000005319	3.011677391220112
2.5320630000053193	3.01165888651051
2.5320640000053194	3.0116403818868216
2.5320650000053195	3.0116218773488685
2.5320660000053197	3.0116033728964777
2.53206700000532	3.0115848685294675
2.53206800000532	3.0115663642476718
2.53206900000532	3.011547860050925
2.5320700000053202	3.0115293559390723
2.5320710000053204	3.011510851911977
2.5320720000053205	3.0114923479694995
2.5320730000053207	3.011473844111523
2.532074000005321	3.011455340337924
2.532075000005321	3.011436836648588
2.532076000005321	3.011418333043409
2.532077000005321	3.0113998295222792
2.5320780000053213	3.0113813260850906
2.5320790000053215	3.011362822731736
2.5320800000053216	3.0113443194621077
2.5320810000053218	3.011325816276094
2.532082000005322	3.011307313173582
2.532083000005322	3.011288810154456
2.532084000005322	3.011270307218595
2.5320850000053223	3.011251804365872
2.5320860000053225	3.011233301596153
2.5320870000053226	3.0112147989092968
2.5320880000053227	3.0111962963051524
2.532089000005323	3.011177793783561
2.532090000005323	3.011159291344361
2.532091000005323	3.0111407889873774
2.5320920000053233	3.01112228671244
2.5320930000053234	3.01110378451938
2.5320940000053236	3.011085282408032
2.5320950000053237	3.011066780378246
2.532096000005324	3.0110482784298847
2.532097000005324	3.011029776562829
2.532098000005324	3.011011274776975
2.5320990000053243	3.0109927730722403
2.5321000000053244	3.0109742714485526
2.5321010000053246	3.01095576990585
2.5321020000053247	3.010937268444071
2.532103000005325	3.0109187670631496
2.532104000005325	3.0109002657630057
2.532105000005325	3.010881764543533
2.5321060000053253	3.010863263405675
2.5321070000053254	3.010844762348608
2.5321080000053255	3.0108262613716925
2.5321090000053257	3.010807760474716
2.532110000005326	3.010789259657433
2.532111000005326	3.010770758919598
2.532112000005326	3.0107522582609563
2.5321130000053262	3.0107337576812654
2.5321140000053264	3.0107152571802986
2.5321150000053265	3.010696756757856
2.5321160000053267	3.010678256413772
2.532117000005327	3.010659756147915
2.532118000005327	3.0106412559601887
2.532119000005327	3.0106227558505245
2.532120000005327	3.0106042558188846
2.5321210000053274	3.010585755865238
2.5321220000053275	3.010567255989562
2.5321230000053276	3.010548756191832
2.532124000005328	3.010530256472003
2.532125000005328	3.0105117568300095
2.532126000005328	3.01049325726576
2.532127000005328	3.0104747577791313
2.5321280000053283	3.0104562583699748
2.5321290000053285	3.0104377590381195
2.5321300000053286	3.010419259783375
2.5321310000053288	3.0104007606055476
2.532132000005329	3.010382261504439
2.532133000005329	3.0103637624798605
2.532134000005329	3.010345263531641
2.5321350000053293	3.0103267646596263
2.5321360000053295	3.0103082658636864
2.5321370000053296	3.010289767143706
2.5321380000053297	3.010271268499591
2.53213900000533	3.0102527699312596
2.53214000000533	3.0102342714386343
2.53214100000533	3.0102157730216406
2.5321420000053303	3.010197274680194
2.5321430000053304	3.0101787764142007
2.5321440000053306	3.0101602782235535
2.5321450000053307	3.0101417801081296
2.532146000005331	3.010123282067794
2.532147000005331	3.010104784102395
2.532148000005331	3.010086286211794
2.5321490000053313	3.0100677883958284
2.5321500000053314	3.0100492906543477
2.5321510000053316	3.0100307929872043
2.5321520000053317	3.0100122953942634
2.532153000005332	3.0099937978753997
2.532154000005332	3.009975300430503
2.532155000005332	3.009956803059472
2.5321560000053323	3.009938305762216
2.5321570000053324	3.0099198085386463
2.5321580000053325	3.0099013113886812
2.5321590000053327	3.009882814312232
2.532160000005333	3.0098643173092112
2.532161000005333	3.0098458203795206
2.532162000005333	3.0098273235230546
2.5321630000053332	3.0098088267397034
2.5321640000053334	3.00979033002935
2.5321650000053335	3.009771833391869
2.5321660000053337	3.0097533368271305
2.532167000005334	3.0097348403350006
2.532168000005334	3.0097163439153425
2.532169000005334	3.0096978475680136
2.532170000005334	3.0096793512928683
2.5321710000053343	3.0096608550897566
2.5321720000053345	3.0096423589585184
2.5321730000053346	3.0096238628989873
2.5321740000053348	3.0096053669109883
2.532175000005335	3.0095868709943403
2.532176000005335	3.0095683751488522
2.532177000005335	3.0095498793743287
2.5321780000053353	3.0095313836705855
2.5321790000053355	3.0095128880374333
2.5321800000053356	3.009494392474705
2.5321810000053357	3.0094758969822126
2.532182000005336	3.009457401559826
2.532183000005336	3.009438906207425
2.532184000005336	3.009420410924912
2.5321850000053363	3.0094019157122105
2.5321860000053364	3.0093834205692636
2.5321870000053366	3.0093649254960266
2.5321880000053367	3.009346430492469
2.532189000005337	3.009327935558552
2.532190000005337	3.009309440694243
2.532191000005337	3.0092909458994876
2.5321920000053373	3.0092724511742204
2.5321930000053374	3.009253956518354
2.5321940000053376	3.0092354619317794
2.5321950000053377	3.0092169674143645
2.532196000005338	3.009198472965961
2.532197000005338	3.0091799785864093
2.532198000005338	3.0091614842755368
2.5321990000053383	3.009142990033173
2.5322000000053384	3.0091244958591488
2.5322010000053385	3.009106001753302
2.5322020000053387	3.009087507715482
2.532203000005339	3.0090690137455516
2.532204000005339	3.009050519843383
2.532205000005339	3.0090320260088634
2.5322060000053392	3.0090135322418803
2.5322070000053394	3.0089950385423303
2.5322080000053395	3.0089765449101042
2.5322090000053397	3.008958051345089
2.53221000000534	3.0089395578471665
2.53221100000534	3.0089210644162048
2.53221200000534	3.008902571052068
2.53221300000534	3.008884077754607
2.5322140000053404	3.008865584523669
2.5322150000053405	3.0088470913591028
2.5322160000053406	3.00882859826075
2.532217000005341	3.008810105228467
2.532218000005341	3.008791612262113
2.532219000005341	3.00877311936156
2.532220000005341	3.0087546265266876
2.5322210000053413	3.0087361337573917
2.5322220000053415	3.008717641053574
2.5322230000053416	3.008699148415144
2.5322240000053418	3.008680655842015
2.532225000005342	3.0086621633341024
2.532226000005342	3.008643670891148
2.532227000005342	3.0086251785134017
2.5322280000053423	3.0086066862006517
2.5322290000053425	3.0085881939527406
2.5322300000053426	3.008569701769385
2.5322310000053427	3.0085512096508036
2.532232000005343	3.0085327175965793
2.532233000005343	3.008514225606718
2.532234000005343	3.008495733681141
2.5322350000053433	3.0084772418197256
2.5322360000053434	3.0084587500223514
2.5322370000053436	3.0084402582889016
2.5322380000053437	3.0084217666192656
2.532239000005344	3.0084032750133254
2.532240000005344	3.0083847834709614
2.532241000005344	3.008366291992053
2.5322420000053443	3.0083478005764754
2.5322430000053444	3.0083293092240986
2.5322440000053446	3.0083108179347913
2.5322450000053447	3.0082923267084154
2.532246000005345	3.008273835544836
2.532247000005345	3.008255344443914
2.532248000005345	3.008236853405525
2.5322490000053453	3.0082183624295475
2.5322500000053454	3.008199871515871
2.5322510000053455	3.008181380664396
2.5322520000053457	3.0081628898750368
2.532253000005346	3.008144399147718
2.532254000005346	3.0081259084823726
2.532255000005346	3.008107417878939
2.5322560000053462	3.008088927337351
2.5322570000053464	3.00807043685754
2.5322580000053465	3.00805194643943
2.5322590000053466	3.0080334560829285
2.532260000005347	3.008014965787928
2.532261000005347	3.0079964755543016
2.532262000005347	3.007977985381904
2.532263000005347	3.0079594952705793
2.5322640000053473	3.0079410052201516
2.5322650000053475	3.0079225152304465
2.5322660000053476	3.007904025296662
2.5322670000053478	3.0078855354250194
2.532268000005348	3.0078670456141894
2.532269000005348	3.007848555864052
2.532270000005348	3.0078300661745074
2.5322710000053483	3.0078115765454556
2.5322720000053485	3.0077930869768075
2.5322730000053486	3.0077745974684675
2.5322740000053487	3.0077561080203465
2.532275000005349	3.007737618632354
2.532276000005349	3.007719129304391
2.532277000005349	3.0077006400363584
2.5322780000053493	3.0076821508281446
2.5322790000053494	3.0076636616796333
2.5322800000053496	3.0076451725907063
2.5322810000053497	3.0076266835612295
2.53228200000535	3.007608194591071
2.53228300000535	3.0075897056800867
2.53228400000535	3.00757121682813
2.5322850000053503	3.007552728035063
2.5322860000053504	3.0075342393007416
2.5322870000053506	3.0075157506250356
2.5322880000053507	3.007497262007826
2.532289000005351	3.007478773449002
2.532290000005351	3.007460284948468
2.532291000005351	3.0074417965061477
2.5322920000053513	3.0074233081219823
2.5322930000053514	3.0074048197959247
2.5322940000053515	3.0073863315279463
2.5322950000053517	3.0073678433180207
2.532296000005352	3.007349355166132
2.532297000005352	3.007330867072259
2.532298000005352	3.0073123790363727
2.5322990000053522	3.0072938910584304
2.5323000000053524	3.007275403138363
2.5323010000053525	3.007256915276078
2.5323020000053527	3.0072384274714516
2.532303000005353	3.0072199397243304
2.532304000005353	3.007201452034526
2.532305000005353	3.007182964401834
2.532306000005353	3.007164476826024
2.5323070000053534	3.0071459893068577
2.5323080000053535	3.0071275018440957
2.5323090000053536	3.007109014437509
2.532310000005354	3.007090527086886
2.532311000005354	3.0070720397920434
2.532312000005354	3.007053552552829
2.532313000005354	3.0070350653691307
2.5323140000053543	3.0070165782408713
2.5323150000053545	3.0069980911679997
2.5323160000053546	3.0069796041505037
2.5323170000053548	3.006961117188387
2.532318000005355	3.0069426302816664
2.532319000005355	3.006924143430362
2.532320000005355	3.006905656634487
2.5323210000053553	3.0068871698940374
2.5323220000053555	3.0068686832089906
2.5323230000053556	3.0068501965792973
2.5323240000053557	3.0068317100048896
2.532325000005356	3.0068132234856697
2.532326000005356	3.006794737021523
2.532327000005356	3.006776250612327
2.5323280000053563	3.0067577642579453
2.5323290000053564	3.006739277958245
2.5323300000053566	3.006720791713095
2.5323310000053567	3.006702305522364
2.532332000005357	3.006683819385961
2.532333000005357	3.006665333303787
2.532334000005357	3.0066468472757606
2.5323350000053573	3.006628361301799
2.5323360000053574	3.006609875381825
2.5323370000053576	3.0065913895157563
2.5323380000053577	3.006572903703499
2.532339000005358	3.0065544179449466
2.532340000005358	3.0065359322399776
2.532341000005358	3.0065174465884543
2.5323420000053583	3.0064989609902204
2.5323430000053584	3.006480475445112
2.5323440000053585	3.0064619899529585
2.5323450000053587	3.006443504513585
2.532346000005359	3.0064250191268314
2.532347000005359	3.0064065337925387
2.532348000005359	3.0063880485105754
2.5323490000053592	3.006369563280828
2.5323500000053594	3.0063510781032035
2.5323510000053595	3.0063325929776368
2.5323520000053596	3.0063141079040823
2.53235300000536	3.0062956228825124
2.53235400000536	3.0062771379129094
2.53235500000536	3.0062586529952653
2.53235600000536	3.0062401681295667
2.5323570000053603	3.0062216833157924
2.5323580000053605	3.00620319855392
2.5323590000053606	3.0061847138439175
2.5323600000053608	3.00616622918573
2.532361000005361	3.0061477445792866
2.532362000005361	3.0061292600245006
2.532363000005361	3.0061107755212713
2.5323640000053613	3.006092291069482
2.5323650000053615	3.006073806669011
2.5323660000053616	3.006055322319727
2.5323670000053617	3.006036838021487
2.532368000005362	3.006018353774154
2.532369000005362	3.0059998695775834
2.532370000005362	3.0059813854316344
2.5323710000053623	3.0059629013361655
2.5323720000053624	3.0059444172910426
2.5323730000053626	3.0059259332961363
2.5323740000053627	3.0059074493513243
2.532375000005363	3.005888965456485
2.532376000005363	3.005870481611513
2.532377000005363	3.005851997816313
2.5323780000053633	3.005833514070807
2.5323790000053634	3.0058150303749254
2.5323800000053636	3.0057965467286154
2.5323810000053637	3.0057780631318303
2.532382000005364	3.0057595795845358
2.532383000005364	3.005741096086703
2.532384000005364	3.005722612638305
2.5323850000053643	3.005704129239315
2.5323860000053644	3.0056856458896988
2.5323870000053645	3.005667162589418
2.5323880000053647	3.00564867933842
2.532389000005365	3.0056301961366465
2.532390000005365	3.0056117129840216
2.532391000005365	3.005593229880463
2.5323920000053652	3.0055747468258787
2.5323930000053654	3.0055562638201714
2.5323940000053655	3.005537780863241
2.5323950000053657	3.0055192979549807
2.532396000005366	3.0055008150952904
2.532397000005366	3.0054823322840627
2.532398000005366	3.005463849521194
2.532399000005366	3.0054453668065797
2.5324000000053664	3.005426884140109
2.5324010000053665	3.0054084015216636
2.5324020000053666	3.0053899189511153
2.5324030000053668	3.005371436428325
2.532404000005367	3.0053529539531416
2.532405000005367	3.005334471525405
2.532406000005367	3.0053159891449415
2.5324070000053673	3.0052975068115764
2.5324080000053675	3.005279024525133
2.5324090000053676	3.0052605422854484
2.5324100000053678	3.0052420600923706
2.532411000005368	3.005223577945766
2.532412000005368	3.005205095845527
2.532413000005368	3.0051866137915786
2.5324140000053683	3.0051681317838654
2.5324150000053685	3.005149649822364
2.5324160000053686	3.0051311679070674
2.5324170000053687	3.005112686037981
2.532418000005369	3.0050942042151183
2.532419000005369	3.005075722438484
2.532420000005369	3.005057240708071
2.5324210000053693	3.005038759023851
2.5324220000053694	3.0050202773857717
2.5324230000053696	3.0050017957937554
2.5324240000053697	3.0049833142476916
2.53242500000537	3.0049648327474534
2.53242600000537	3.0049463512929
2.53242700000537	3.0049278698838755
2.5324280000053703	3.0049093885202334
2.5324290000053704	3.0048909072018337
2.5324300000053706	3.0048724259285526
2.5324310000053707	3.0048539447002893
2.532432000005371	3.0048354635169625
2.532433000005371	3.0048169823785127
2.532434000005371	3.0047985012848937
2.5324350000053713	3.00478002023607
2.5324360000053714	3.0047615392320037
2.5324370000053715	3.004743058272647
2.5324380000053717	3.0047245773579387
2.532439000005372	3.004706096487791
2.532440000005372	3.0046876156620894
2.532441000005372	3.004669134880693
2.5324420000053722	3.0046506541434392
2.5324430000053724	3.004632173450147
2.5324440000053725	3.004613692800629
2.5324450000053726	3.0045952121947024
2.532446000005373	3.0045767316322003
2.532447000005373	3.0045582511129743
2.532448000005373	3.0045397706369092
2.532449000005373	3.0045212902039276
2.5324500000053733	3.0045028098139865
2.5324510000053735	3.004484329467068
2.5324520000053736	3.0044658491631853
2.5324530000053738	3.004447368902372
2.532454000005374	3.0044288886846604
2.532455000005374	3.0044104085100782
2.532456000005374	3.0043919283786384
2.5324570000053743	3.00437344829033
2.5324580000053745	3.0043549682451123
2.5324590000053746	3.004336488242911
2.5324600000053747	3.0043180082836267
2.532461000005375	3.0042995283671385
2.532462000005375	3.004281048493301
2.532463000005375	3.0042625686619666
2.5324640000053753	3.0042440888729884
2.5324650000053754	3.0042256091262254
2.5324660000053756	3.0042071294215567
2.5324670000053757	3.0041886497588783
2.532468000005376	3.004170170138106
2.532469000005376	3.0041516905591634
2.532470000005376	3.0041332110220007
2.5324710000053763	3.004114731526568
2.5324720000053764	3.004096252072809
2.5324730000053766	3.0040777726606662
2.5324740000053767	3.004059293290065
2.532475000005377	3.0040408139609185
2.532476000005377	3.004022334673119
2.532477000005377	3.004003855426544
2.5324780000053773	3.0039853762210593
2.5324790000053774	3.0039668970565314
2.5324800000053775	3.003948417932824
2.5324810000053777	3.003929938849819
2.532482000005378	3.00391145980741
2.532483000005378	3.003892980805517
2.532484000005378	3.003874501844085
2.5324850000053782	3.003856022923085
2.5324860000053784	3.0038375440425127
2.5324870000053785	3.00381906520238
2.5324880000053787	3.0038005864027086
2.532489000005379	3.003782107643526
2.532490000005379	3.003763628924849
2.532491000005379	3.0037451502466843
2.532492000005379	3.0037266716090163
2.5324930000053794	3.003708193011811
2.5324940000053795	3.00368971445501
2.5324950000053796	3.0036712359385254
2.5324960000053798	3.0036527574622562
2.53249700000538	3.0036342790260893
2.53249800000538	3.003615800629898
2.53249900000538	3.0035973222735497
2.5325000000053803	3.003578843956924
2.5325010000053805	3.0035603656798973
2.5325020000053806	3.0035418874423625
2.5325030000053808	3.003523409244216
2.532504000005381	3.0035049310853705
2.532505000005381	3.0034864529657477
2.532506000005381	3.0034679748852655
2.5325070000053813	3.003449496843857
2.5325080000053815	3.0034310188414484
2.5325090000053816	3.003412540877964
2.5325100000053817	3.0033940629533022
2.532511000005382	3.0033755850673955
2.532512000005382	3.003357107220178
2.532513000005382	3.003338629411576
2.5325140000053823	3.003320151641517
2.5325150000053824	3.0033016739099345
2.5325160000053826	3.0032831962167723
2.5325170000053827	3.0032647185619803
2.532518000005383	3.0032462409455216
2.532519000005383	3.003227763367365
2.532520000005383	3.003209285827487
2.5325210000053833	3.0031908083258627
2.5325220000053834	3.0031723308624714
2.5325230000053836	3.0031538534372912
2.5325240000053837	3.00313537605029
2.532525000005384	3.003116898701432
2.532526000005384	3.0030984213906673
2.532527000005384	3.0030799441179425
2.5325280000053842	3.003061466883194
2.5325290000053844	3.0030429896863504
2.5325300000053845	3.003024512527341
2.5325310000053847	3.0030060354060852
2.532532000005385	3.002987558322506
2.532533000005385	3.0029690812765244
2.532534000005385	3.002950604268062
2.5325350000053852	3.0029321272970395
2.5325360000053854	3.0029136503633755
2.5325370000053855	3.0028951734669906
2.5325380000053856	3.0028766966077978
2.532539000005386	3.002858219785707
2.532540000005386	3.0028397430006297
2.532541000005386	3.0028212662524676
2.532542000005386	3.00280278954113
2.5325430000053863	3.0027843128665284
2.5325440000053865	3.0027658362285794
2.5325450000053866	3.002747359627213
2.5325460000053868	3.0027288830623773
2.532547000005387	3.0027104065340384
2.532548000005387	3.0026919300421753
2.532549000005387	3.002673453586778
2.5325500000053873	3.0026549771678575
2.5325510000053875	3.0026365007854383
2.5325520000053876	3.0026180244395473
2.5325530000053877	3.0025995481302057
2.532554000005388	3.002581071857432
2.532555000005388	3.0025625956212245
2.532556000005388	3.0025441194215623
2.5325570000053883	3.0025256432584007
2.5325580000053884	3.0025071671316725
2.5325590000053886	3.002488691041289
2.5325600000053887	3.0024702149871447
2.532561000005389	3.0024517389691234
2.532562000005389	3.002433262987102
2.532563000005389	3.002414787040964
2.5325640000053893	3.0023963111305996
2.5325650000053894	3.002377835255923
2.5325660000053896	3.0023593594168596
2.5325670000053897	3.002340883613358
2.53256800000539	3.002322407845389
2.53256900000539	3.002303932112941
2.53257000000539	3.002285456416004
2.5325710000053903	3.00226698075458
2.5325720000053904	3.0022485051286587
2.5325730000053905	3.002230029538222
2.5325740000053907	3.0022115539832344
2.532575000005391	3.0021930784636424
2.532576000005391	3.0021746029793737
2.532577000005391	3.0021561275303283
2.5325780000053912	3.0021376521164056
2.5325790000053914	3.0021191767374877
2.5325800000053915	3.0021007013934597
2.5325810000053917	3.002082226084211
2.532582000005392	3.0020637508096457
2.532583000005392	3.002045275569688
2.532584000005392	3.002026800364281
2.532585000005392	3.00200832519339
2.5325860000053924	3.0019898500570057
2.5325870000053925	3.001971374955128
2.5325880000053926	3.001952899887775
2.5325890000053928	3.0019344248549644
2.532590000005393	3.0019159498567127
2.532591000005393	3.00189747489303
2.532592000005393	3.00187899996391
2.5325930000053933	3.0018605250693313
2.5325940000053935	3.0018420502092553
2.5325950000053936	3.00182357538362
2.5325960000053938	3.001805100592353
2.532597000005394	3.0017866258353694
2.532598000005394	3.0017681511125804
2.532599000005394	3.001749676423887
2.5326000000053943	3.001731201769205
2.5326010000053945	3.001712727148448
2.5326020000053946	3.0016942525615455
2.5326030000053947	3.0016757780084315
2.532604000005395	3.0016573034890563
2.532605000005395	3.0016388290033738
2.532606000005395	3.0016203545513522
2.5326070000053953	3.0016018801329607
2.5326080000053954	3.0015834057481654
2.5326090000053956	3.001564931396942
2.5326100000053957	3.001546457079257
2.532611000005396	3.0015279827950776
2.532612000005396	3.00150950854437
2.532613000005396	3.0014910343270937
2.5326140000053963	3.00147256014321
2.5326150000053964	3.001454085992681
2.5326160000053966	3.0014356118754706
2.5326170000053967	3.0014171377915435
2.532618000005397	3.001398663740863
2.532619000005397	3.0013801897233994
2.532620000005397	3.0013617157391184
2.5326210000053972	3.0013432417879877
2.5326220000053974	3.001324767869974
2.5326230000053975	3.0013062939850377
2.5326240000053977	3.001287820133141
2.532625000005398	3.001269346314235
2.532626000005398	3.0012508725282743
2.532627000005398	3.001232398775206
2.5326280000053982	3.0012139250549823
2.5326290000053984	3.0011954513675474
2.5326300000053985	3.0011769777128565
2.5326310000053986	3.001158504090858
2.532632000005399	3.001140030501511
2.532633000005399	3.001121556944776
2.532634000005399	3.001103083420616
2.532635000005399	3.0010846099289905
2.5326360000053993	3.001066136469861
2.5326370000053995	3.0010476630431864
2.5326380000053996	3.0010291896489156
2.5326390000053998	3.001010716286995
2.5326400000054	3.0009922429573628
2.5326410000054	3.0009737696599452
2.5326420000054	3.0009552963946833
2.5326430000054003	3.000936823161491
2.5326440000054005	3.000918349960292
2.5326450000054006	3.0008998767910087
2.5326460000054007	3.000881403653582
2.532647000005401	3.000862930547965
2.532648000005401	3.0008444574741215
2.532649000005401	3.000825984432029
2.5326500000054013	3.000807511421685
2.5326510000054014	3.0007890384430933
2.5326520000054016	3.0007705654962717
2.5326530000054017	3.0007520925812408
2.532654000005402	3.0007336196980163
2.532655000005402	3.000715146846615
2.532656000005402	3.000696674027043
2.5326570000054023	3.000678201239293
2.5326580000054024	3.0006597284833387
2.5326590000054026	3.000641255759147
2.5326600000054027	3.0006227830666625
2.532661000005403	3.0006043104058224
2.532662000005403	3.0005858377765593
2.532663000005403	3.0005673651787905
2.5326640000054033	3.000548892612445
2.5326650000054034	3.0005304200774447
2.5326660000054035	3.000511947573723
2.5326670000054037	3.0004934751012167
2.532668000005404	3.0004750026598668
2.532669000005404	3.0004565302496253
2.532670000005404	3.000438057870444
2.5326710000054042	3.0004195855222773
2.5326720000054044	3.000401113205082
2.5326730000054045	3.000382640918815
2.5326740000054047	3.0003641686634306
2.532675000005405	3.000345696438881
2.532676000005405	3.000327224245122
2.532677000005405	3.0003087520821063
2.532678000005405	3.0002902799497977
2.5326790000054054	3.000271807848163
2.5326800000054055	3.0002533357771783
2.5326810000054056	3.0002348637368352
2.5326820000054058	3.000216391727135
2.532683000005406	3.000197919748089
2.532684000005406	3.00017944779972
2.532685000005406	3.000160975882054
2.5326860000054063	3.0001425039951197
2.5326870000054065	3.0001240321389413
2.5326880000054066	3.0001055603135325
2.5326890000054068	3.0000870885188977
2.532690000005407	3.0000686167550232
2.532691000005407	3.000050145021881
2.532692000005407	3.0000316733194223
2.5326930000054073	3.000013201647588
2.5326940000054075	2.9999947300063043
2.5326950000054076	2.9999762583954923
2.5326960000054077	2.999957786815073
2.532697000005408	2.9999393152649683
2.532698000005408	2.9999208437451093
2.532699000005408	2.999902372255445
2.5327000000054083	2.9998839007959273
2.5327010000054084	2.999865429366527
2.5327020000054086	2.999846957967228
2.5327030000054087	2.999828486598022
2.532704000005409	2.999810015258904
2.532705000005409	2.9997915439498746
2.532706000005409	2.999773072670927
2.5327070000054093	2.9997546014220497
2.5327080000054094	2.9997361302032215
2.5327090000054095	2.999717659014411
2.5327100000054097	2.9996991878555836
2.53271100000541	2.99968071672669
2.53271200000541	2.999662245627677
2.53271300000541	2.999643774558499
2.5327140000054102	2.999625303519105
2.5327150000054104	2.999606832509457
2.5327160000054105	2.9995883615295265
2.5327170000054107	2.999569890579294
2.532718000005411	2.999551419658756
2.532719000005411	2.9995329487679143
2.532720000005411	2.999514477906787
2.5327210000054112	2.999496007075386
2.5327220000054114	2.9994775362737336
2.5327230000054115	2.9994590655018416
2.5327240000054116	2.999440594759718
2.532725000005412	2.9994221240473604
2.532726000005412	2.999403653364754
2.532727000005412	2.9993851827118765
2.532728000005412	2.9993667120886887
2.5327290000054123	2.9993482414951513
2.5327300000054125	2.9993297709312103
2.5327310000054126	2.99931130039682
2.5327320000054128	2.9992928298919312
2.532733000005413	2.9992743594165003
2.532734000005413	2.9992558889704917
2.532735000005413	2.9992374185538804
2.5327360000054133	2.999218948166641
2.5327370000054135	2.999200477808768
2.5327380000054136	2.9991820074802624
2.5327390000054137	2.9991635371811225
2.532740000005414	2.9991450669113515
2.532741000005414	2.999126596670958
2.532742000005414	2.9991081264599426
2.5327430000054143	2.999089656278307
2.5327440000054144	2.9990711861260455
2.5327450000054146	2.999052716003164
2.5327460000054147	2.9990342459096424
2.532747000005415	2.9990157758454568
2.532748000005415	2.9989973058105894
2.532749000005415	2.998978835805017
2.5327500000054153	2.9989603658287263
2.5327510000054154	2.99894189588169
2.5327520000054156	2.9989234259638904
2.5327530000054157	2.9989049560753105
2.532754000005416	2.998886486215929
2.532755000005416	2.998868016385731
2.532756000005416	2.9988495465847
2.5327570000054163	2.9988310768128184
2.5327580000054164	2.998812607070075
2.5327590000054165	2.998794137356455
2.5327600000054167	2.9987756676719455
2.532761000005417	2.998757198016532
2.532762000005417	2.998738728390203
2.532763000005417	2.9987202587929516
2.5327640000054172	2.9987017892247674
2.5327650000054174	2.9986833196856435
2.5327660000054175	2.9986648501755693
2.5327670000054177	2.998646380694536
2.532768000005418	2.9986279112425134
2.532769000005418	2.998609441819502
2.532770000005418	2.998590972425483
2.532771000005418	2.9985725030604344
2.5327720000054184	2.9985540337243277
2.5327730000054185	2.998535564417135
2.5327740000054186	2.998517095138826
2.5327750000054188	2.9984986258893707
2.532776000005419	2.9984801566687436
2.532777000005419	2.9984616874769303
2.532778000005419	2.9984432183139167
2.5327790000054193	2.9984247491797102
2.5327800000054195	2.9984062800743194
2.5327810000054196	2.998387810997772
2.5327820000054198	2.9983693419500983
2.53278300000542	2.9983508729313413
2.53278400000542	2.998332403941542
2.53278500000542	2.998313934980744
2.5327860000054203	2.9982954660489813
2.5327870000054205	2.9982769971462817
2.5327880000054206	2.9982585282726624
2.5327890000054207	2.998240059428113
2.532790000005421	2.998221590612615
2.532791000005421	2.99820312182613
2.532792000005421	2.998184653068609
2.5327930000054213	2.9981661843399943
2.5327940000054214	2.9981477156443295
2.5327950000054216	2.9981292469781358
2.5327960000054217	2.998110778339877
2.532797000005422	2.998092309729584
2.532798000005422	2.998073841147313
2.532799000005422	2.998055372593155
2.5328000000054223	2.9980369040672254
2.5328010000054224	2.9980184355696493
2.5328020000054225	2.997999967100551
2.5328030000054227	2.997981498660048
2.532804000005423	2.9979630302482403
2.532805000005423	2.9979445618652028
2.532806000005423	2.9979260935109844
2.5328070000054232	2.9979076251856016
2.5328080000054234	2.997889156889055
2.5328090000054235	2.9978706886213176
2.5328100000054237	2.997852220382353
2.532811000005424	2.9978337521721223
2.532812000005424	2.997815283990587
2.532813000005424	2.997796815837719
2.5328140000054242	2.9977783477135094
2.5328150000054244	2.997759879617961
2.5328160000054245	2.997741411551104
2.5328170000054246	2.997722943512978
2.532818000005425	2.9977044755036415
2.532819000005425	2.997686007523157
2.532820000005425	2.9976675395715824
2.532821000005425	2.997649071648976
2.5328220000054253	2.997630603755382
2.5328230000054255	2.997612135890822
2.5328240000054256	2.997593668056315
2.5328250000054258	2.9975752002509375
2.532826000005426	2.9975567324742807
2.532827000005426	2.9975382647263062
2.532828000005426	2.997519797006975
2.5328290000054263	2.9975013293162482
2.5328300000054265	2.997482861654095
2.5328310000054266	2.997464394020487
2.5328320000054267	2.9974459264154114
2.532833000005427	2.9974274588388643
2.532834000005427	2.9974089912908557
2.532835000005427	2.9973905237714082
2.5328360000054273	2.997372056280552
2.5328370000054274	2.997353588818327
2.5328380000054276	2.9973351213847734
2.5328390000054277	2.997316653979934
2.532840000005428	2.9972981866038504
2.532841000005428	2.997279719256559
2.532842000005428	2.997261251938087
2.5328430000054283	2.997242784648453
2.5328440000054284	2.997224317387667
2.5328450000054286	2.9972058501557326
2.5328460000054287	2.9971873829526468
2.532847000005429	2.997168915778402
2.532848000005429	2.9971504486329725
2.532849000005429	2.997131981516357
2.5328500000054293	2.9971135144285417
2.5328510000054294	2.9970950473695233
2.5328520000054295	2.9970765803392916
2.5328530000054297	2.997058113337856
2.53285400000543	2.9970396463652285
2.53285500000543	2.9970211794214245
2.53285600000543	2.9970027125064713
2.5328570000054302	2.9969842456203977
2.5328580000054304	2.99696577876324
2.5328590000054305	2.996947311935033
2.5328600000054307	2.9969288451358147
2.532861000005431	2.9969103783656164
2.532862000005431	2.996891911624468
2.532863000005431	2.996873444912403
2.532864000005431	2.9968549782294414
2.5328650000054314	2.9968365115755984
2.5328660000054315	2.996818044950884
2.5328670000054316	2.996799578355301
2.5328680000054318	2.996781111788851
2.532869000005432	2.99676264525153
2.532870000005432	2.9967441787433353
2.532871000005432	2.9967257122642654
2.5328720000054323	2.9967072458143194
2.5328730000054325	2.9966887793935024
2.5328740000054326	2.9966703130018266
2.5328750000054328	2.996651846639308
2.532876000005433	2.9966333803059704
2.532877000005433	2.9966149140018428
2.532878000005433	2.9965964477269593
2.5328790000054333	2.9965779814813547
2.5328800000054335	2.9965595152650635
2.5328810000054336	2.9965410490781195
2.5328820000054337	2.9965225829205466
2.532883000005434	2.9965041167923663
2.532884000005434	2.9964856506935886
2.532885000005434	2.996467184624215
2.5328860000054343	2.9964487185842317
2.5328870000054344	2.996430252573623
2.5328880000054346	2.99641178659236
2.5328890000054347	2.996393320640417
2.532890000005435	2.99637485471776
2.532891000005435	2.9963563888243563
2.532892000005435	2.9963379229601848
2.5328930000054353	2.996319457125229
2.5328940000054354	2.996300991319476
2.5328950000054355	2.996282525542926
2.5328960000054357	2.996264059795597
2.532897000005436	2.9962455940775077
2.532898000005436	2.9962271283886914
2.532899000005436	2.996208662729184
2.5329000000054362	2.996190197099029
2.5329010000054364	2.996171731498267
2.5329020000054365	2.9961532659269428
2.5329030000054367	2.9961348003850934
2.532904000005437	2.9961163348727524
2.532905000005437	2.9960978693899536
2.532906000005437	2.99607940393672
2.5329070000054372	2.9960609385130788
2.5329080000054374	2.9960424731190503
2.5329090000054375	2.996024007754661
2.5329100000054376	2.9960055424199328
2.532911000005438	2.995987077114897
2.532912000005438	2.99596861183958
2.532913000005438	2.995950146594019
2.532914000005438	2.9959316813782464
2.5329150000054383	2.9959132161923008
2.5329160000054385	2.9958947510362157
2.5329170000054386	2.9958762859100228
2.5329180000054388	2.9958578208137405
2.532919000005439	2.9958393557473846
2.532920000005439	2.995820890710958
2.532921000005439	2.995802425704452
2.5329220000054393	2.995783960727852
2.5329230000054395	2.995765495781129
2.5329240000054396	2.9957470308642504
2.5329250000054397	2.9957285659771817
2.53292600000544	2.995710101119885
2.53292700000544	2.9956916362923294
2.53292800000544	2.9956731714944933
2.5329290000054403	2.995654706726363
2.5329300000054404	2.9956362419879357
2.5329310000054406	2.995617777279227
2.5329320000054407	2.9955993126002634
2.532933000005441	2.9955808479510813
2.532934000005441	2.995562383331726
2.532935000005441	2.9955439187422535
2.5329360000054413	2.995525454182718
2.5329370000054414	2.995506989653172
2.5329380000054416	2.99548852515367
2.5329390000054417	2.995470060684257
2.532940000005442	2.995451596244967
2.532941000005442	2.9954331318358274
2.532942000005442	2.995414667456861
2.5329430000054423	2.9953962031080756
2.5329440000054424	2.9953777387894798
2.5329450000054425	2.9953592745010713
2.5329460000054427	2.995340810242853
2.532947000005443	2.9953223460148233
2.532948000005443	2.995303881816988
2.532949000005443	2.9952854176493524
2.5329500000054432	2.9952669535119245
2.5329510000054434	2.995248489404732
2.5329520000054435	2.9952300253277957
2.5329530000054437	2.995211561281139
2.532954000005444	2.9951930972647913
2.532955000005444	2.9951746332787814
2.532956000005444	2.995156169323135
2.532957000005444	2.9951377053978754
2.5329580000054444	2.9951192415030214
2.5329590000054445	2.9951007776385863
2.5329600000054446	2.99508231380458
2.5329610000054448	2.9950638500010114
2.532962000005445	2.9950453862278774
2.532963000005445	2.995026922485178
2.532964000005445	2.9950084587729107
2.5329650000054453	2.9949899950910766
2.5329660000054455	2.9949715314396768
2.5329670000054456	2.9949530678187175
2.5329680000054458	2.9949346042282157
2.532969000005446	2.994916140668192
2.532970000005446	2.994897677138673
2.532971000005446	2.994879213639695
2.5329720000054463	2.9948607501713047
2.5329730000054465	2.9948422867335522
2.5329740000054466	2.9948238233264908
2.5329750000054467	2.9948053599501754
2.532976000005447	2.9947868966046673
2.532977000005447	2.9947684332900204
2.532978000005447	2.9947499700062843
2.5329790000054473	2.994731506753507
2.5329800000054474	2.994713043531724
2.5329810000054476	2.9946945803409624
2.5329820000054477	2.9946761171812404
2.532983000005448	2.994657654052566
2.532984000005448	2.994639190954943
2.532985000005448	2.9946207278883676
2.5329860000054483	2.9946022648528303
2.5329870000054484	2.9945838018483193
2.5329880000054485	2.9945653388748283
2.5329890000054487	2.994546875932352
2.532990000005449	2.9945284130208947
2.532991000005449	2.9945099501404715
2.532992000005449	2.9944914872911017
2.5329930000054492	2.9944730244728177
2.5329940000054494	2.994454561685661
2.5329950000054495	2.994436098929676
2.5329960000054497	2.9944176362049153
2.53299700000545	2.9943991735114333
2.53299800000545	2.9943807108492786
2.53299900000545	2.994362248218499
2.5330000000054502	2.994343785619133
2.5330010000054504	2.9943253230512163
2.5330020000054505	2.99430686051477
2.5330030000054506	2.9942883980098127
2.533004000005451	2.994269935536353
2.533005000005451	2.994251473094398
2.533006000005451	2.9942330106839568
2.533007000005451	2.9942145483050417
2.5330080000054513	2.9941960859576704
2.5330090000054515	2.9941776236418702
2.5330100000054516	2.9941591613576786
2.5330110000054518	2.9941406991051505
2.533012000005452	2.9941222368843454
2.533013000005452	2.9941037746953327
2.533014000005452	2.994085312538185
2.5330150000054523	2.9940668504129824
2.5330160000054525	2.994048388319791
2.5330170000054526	2.99402992625867
2.5330180000054527	2.994011464229667
2.533019000005453	2.9939930022328154
2.533020000005453	2.993974540268127
2.533021000005453	2.9939560783356485
2.5330220000054533	2.9939376164353604
2.5330230000054534	2.993919154567174
2.5330240000054536	2.9939006927310525
2.5330250000054537	2.9938822309269537
2.533026000005454	2.993863769154845
2.533027000005454	2.9938453074147025
2.533028000005454	2.9938268457065194
2.5330290000054543	2.993808384030309
2.5330300000054544	2.9937899223861044
2.5330310000054546	2.9937714607739623
2.5330320000054547	2.9937529991939607
2.533033000005455	2.9937345376461906
2.533034000005455	2.9937160761307577
2.533035000005455	2.993697614647772
2.5330360000054553	2.9936791531973452
2.5330370000054554	2.99366069177958
2.5330380000054555	2.9936422303945736
2.5330390000054557	2.993623769042401
2.533040000005456	2.9936053077231337
2.533041000005456	2.993586846436816
2.533042000005456	2.993568385183485
2.5330430000054562	2.993549923963162
2.5330440000054564	2.993531462775862
2.5330450000054565	2.9935130016215896
2.5330460000054567	2.993494540500357
2.533047000005457	2.9934760794121744
2.533048000005457	2.9934576183570565
2.533049000005457	2.9934391573350245
2.533050000005457	2.9934206963461087
2.5330510000054574	2.9934022353903433
2.5330520000054575	2.993383774467771
2.5330530000054576	2.993365313578435
2.5330540000054578	2.9933468527223783
2.533055000005458	2.993328391899644
2.533056000005458	2.993309931110274
2.533057000005458	2.9932914703543014
2.5330580000054583	2.993273009631757
2.5330590000054585	2.993254548942666
2.5330600000054586	2.9932360882870497
2.5330610000054588	2.9932176276649347
2.533062000005459	2.99319916707634
2.533063000005459	2.9931807065212976
2.533064000005459	2.993162245999835
2.5330650000054593	2.993143785511998
2.5330660000054595	2.9931253250578336
2.5330670000054596	2.9931068646374004
2.5330680000054597	2.993088404250769
2.53306900000546	2.993069943898006
2.53307000000546	2.9930514835791904
2.53307100000546	2.993033023294401
2.5330720000054603	2.9930145630437157
2.5330730000054604	2.9929961028272127
2.5330740000054606	2.992977642644967
2.5330750000054607	2.992959182497044
2.533076000005461	2.99294072238351
2.533077000005461	2.9929222623044174
2.533078000005461	2.9929038022598196
2.5330790000054613	2.992885342249769
2.5330800000054614	2.9928668822743068
2.5330810000054615	2.992848422333475
2.5330820000054617	2.9928299624273142
2.533083000005462	2.9928115025558664
2.533084000005462	2.992793042719171
2.533085000005462	2.99277458291727
2.5330860000054622	2.9927561231502025
2.5330870000054624	2.992737663418011
2.5330880000054625	2.992719203720732
2.5330890000054627	2.9927007440584052
2.533090000005463	2.9926822844310643
2.533091000005463	2.9926638248387434
2.533092000005463	2.992645365281476
2.5330930000054632	2.9926269057592947
2.5330940000054634	2.9926084462722335
2.5330950000054635	2.9925899868203203
2.5330960000054636	2.992571527405103
2.533097000005464	2.9925530680220844
2.533098000005464	2.9925346086746307
2.533099000005464	2.992516149362651
2.533100000005464	2.9924976900860343
2.5331010000054643	2.9924792308446704
2.5331020000054645	2.9924607716384686
2.5331030000054646	2.9924423124673543
2.5331040000054648	2.992423853331292
2.533105000005465	2.9924053942302824
2.533106000005465	2.992386935164359
2.533107000005465	2.9923684761335925
2.5331080000054653	2.992350017138084
2.5331090000054655	2.992331558177949
2.5331100000054656	2.9923130992533147
2.5331110000054657	2.992294640364312
2.533112000005466	2.9922761815110577
2.533113000005466	2.9922577226936613
2.533114000005466	2.992239263912206
2.5331150000054663	2.992220805166756
2.5331160000054664	2.9922023464573524
2.5331170000054666	2.992183887784016
2.5331180000054667	2.992165429146747
2.533119000005467	2.9921469705455324
2.533120000005467	2.9921285119803565
2.533121000005467	2.992110053451192
2.5331220000054673	2.9920915949580005
2.5331230000054674	2.9920731365007827
2.5331240000054676	2.992054678079537
2.5331250000054677	2.9920362196942727
2.533126000005468	2.992017761345014
2.533127000005468	2.991999303031798
2.533128000005468	2.991980844754686
2.5331290000054683	2.9919623865137472
2.5331300000054684	2.9919439283090727
2.5331310000054685	2.991925470140767
2.5331320000054687	2.991907012008946
2.533133000005469	2.9918885539137334
2.533134000005469	2.9918700958552633
2.533135000005469	2.9918516378336646
2.5331360000054692	2.991833179849067
2.5331370000054694	2.991814721901593
2.5331380000054695	2.9917962639913527
2.5331390000054697	2.991777806118444
2.53314000000547	2.991759348282945
2.53314100000547	2.9917408904849196
2.53314200000547	2.991722432724417
2.53314300000547	2.991703975001471
2.5331440000054704	2.9916855173161063
2.5331450000054705	2.991667059668342
2.5331460000054706	2.9916486020581967
2.5331470000054708	2.9916301444856934
2.533148000005471	2.9916116869508627
2.533149000005471	2.9915932294537426
2.533150000005471	2.991574771994382
2.5331510000054713	2.9915563145728425
2.5331520000054715	2.99153785718919
2.5331530000054716	2.991519399843491
2.5331540000054718	2.991500942535815
2.533155000005472	2.9914824852662196
2.533156000005472	2.9914640280347546
2.533157000005472	2.991445570841454
2.5331580000054723	2.991427113686336
2.5331590000054724	2.9914086565694085
2.5331600000054726	2.9913901994906684
2.5331610000054727	2.99137174245012
2.533162000005473	2.9913532854477562
2.533163000005473	2.9913348284835823
2.533164000005473	2.991316371557626
2.5331650000054733	2.9912979146699468
2.5331660000054734	2.9912794578206285
2.5331670000054736	2.991261001009787
2.5331680000054737	2.991242544237568
2.533169000005474	2.991224087504141
2.533170000005474	2.9912056308096857
2.533171000005474	2.9911871741543865
2.5331720000054743	2.9911687175384216
2.5331730000054744	2.9911502609619434
2.5331740000054745	2.9911318044250814
2.5331750000054747	2.9911133479279215
2.533176000005475	2.991094891470516
2.533177000005475	2.991076435052873
2.533178000005475	2.991057978674966
2.5331790000054752	2.9910395223367474
2.5331800000054754	2.9910210660381513
2.5331810000054755	2.991002609779112
2.5331820000054757	2.990984153559579
2.533183000005476	2.99096569737952
2.533184000005476	2.9909472412389393
2.533185000005476	2.9909287851378785
2.5331860000054762	2.99091032907642
2.5331870000054764	2.9908918730546783
2.5331880000054765	2.9908734170728
2.5331890000054766	2.9908549611309505
2.533190000005477	2.990836505229298
2.533191000005477	2.990818049368008
2.533192000005477	2.990799593547228
2.533193000005477	2.9907811377670805
2.5331940000054773	2.9907626820276603
2.5331950000054775	2.9907442263290314
2.5331960000054776	2.9907257706712316
2.5331970000054778	2.9907073150542796
2.533198000005478	2.9906888594781877
2.533199000005478	2.990670403942967
2.533200000005478	2.9906519484486416
2.5332010000054783	2.990633492995263
2.5332020000054785	2.9906150375829044
2.5332030000054786	2.990596582211677
2.5332040000054787	2.9905781268818235
2.533205000005479	2.9905596715934615
2.533206000005479	2.990541216346697
2.533207000005479	2.990522761141703
2.5332080000054793	2.9905043059786425
2.5332090000054794	2.990485850857657
2.5332100000054796	2.9904673957788477
2.5332110000054797	2.9904489407422834
2.53321200000548	2.990430485747984
2.53321300000548	2.990412030795768
2.53321400000548	2.990393575885646
2.5332150000054803	2.9903751210176246
2.5332160000054804	2.990356666191606
2.5332170000054806	2.990338211407662
2.5332180000054807	2.990319756665656
2.533219000005481	2.990301301965449
2.533220000005481	2.99028284730704
2.533221000005481	2.9902643926904893
2.5332220000054813	2.990245938115902
2.5332230000054814	2.990227483583435
2.5332240000054815	2.9902090290932777
2.5332250000054817	2.990190574637391
2.533226000005482	2.99017212022774
2.533227000005482	2.990153665862139
2.533228000005482	2.9901352115408066
2.5332290000054822	2.990116757263925
2.5332300000054824	2.9900983030316155
2.5332310000054825	2.9900798488439464
2.5332320000054827	2.9900613947009425
2.533233000005483	2.9900429406025895
2.533234000005483	2.9900244865488586
2.533235000005483	2.990006032539716
2.533236000005483	2.989987578575139
2.5332370000054834	2.9899691246551234
2.5332380000054835	2.989950670779692
2.5332390000054836	2.9899322169488993
2.5332400000054838	2.9899137631628214
2.533241000005484	2.989895309421559
2.533242000005484	2.9898768557252198
2.533243000005484	2.9898584020739154
2.5332440000054843	2.989839948467756
2.5332450000054845	2.9898214949068342
2.5332460000054846	2.989803041391229
2.5332470000054848	2.989784587921007
2.533248000005485	2.98976613449622
2.533249000005485	2.9897476811169135
2.533250000005485	2.9897292277831453
2.5332510000054853	2.989710774495237
2.5332520000054854	2.989692321252949
2.5332530000054856	2.989673868056441
2.5332540000054857	2.9896554149058647
2.533255000005486	2.989636961801389
2.533256000005486	2.989618508743206
2.533257000005486	2.9896000557315237
2.5332580000054863	2.989581602766545
2.5332590000054864	2.989563149848459
2.5332600000054866	2.989544696977429
2.5332610000054867	2.9895262441535784
2.533262000005487	2.9895077913769934
2.533263000005487	2.989489338647714
2.533264000005487	2.989470885965736
2.5332650000054873	2.989452433331031
2.5332660000054874	2.989433980743551
2.5332670000054875	2.9894155282032457
2.5332680000054877	2.989397075710076
2.533269000005488	2.9893786232640367
2.533270000005488	2.9893601708651634
2.533271000005488	2.989341718513531
2.5332720000054882	2.98932326620927
2.5332730000054884	2.9893048139525535
2.5332740000054885	2.9892863617435914
2.5332750000054887	2.98926790958261
2.533276000005489	2.9892494574698407
2.533277000005489	2.989231005405504
2.533278000005489	2.9892125533897853
2.5332790000054892	2.9891941014228327
2.5332800000054894	2.9891756495047415
2.5332810000054895	2.9891571976355538
2.5332820000054896	2.9891387458152594
2.53328300000549	2.989120294043812
2.53328400000549	2.9891018423211357
2.53328500000549	2.9890833906471426
2.53328600000549	2.989064939021751
2.5332870000054903	2.9890464874448996
2.5332880000054905	2.9890280359165686
2.5332890000054906	2.989009584436776
2.5332900000054908	2.9889911330055905
2.533291000005491	2.988972681623135
2.533292000005491	2.988954230289568
2.533293000005491	2.988935779005085
2.5332940000054913	2.9889173277698995
2.5332950000054915	2.9888988765842344
2.5332960000054916	2.9888804254483015
2.5332970000054917	2.988861974362303
2.533298000005492	2.9888435233264268
2.533299000005492	2.9888250723408016
2.533300000005492	2.988806621405542
2.5333010000054923	2.9887881705207313
2.5333020000054924	2.9887697196864367
2.5333030000054926	2.9887512689027127
2.5333040000054927	2.9887328181696082
2.533305000005493	2.9887143674871743
2.533306000005493	2.9886959168554688
2.533307000005493	2.9886774662745563
2.5333080000054933	2.988659015744518
2.5333090000054934	2.988640565265436
2.5333100000054936	2.988622114837406
2.5333110000054937	2.9886036644605163
2.533312000005494	2.9885852141348552
2.533313000005494	2.9885667638605002
2.533314000005494	2.9885483136375215
2.5333150000054943	2.988529863465974
2.5333160000054944	2.988511413345911
2.5333170000054945	2.988492963277374
2.5333180000054947	2.9884745132604102
2.533319000005495	2.9884560632951445
2.533320000005495	2.9884376133815733
2.533321000005495	2.9884191635197817
2.5333220000054952	2.9884007137098716
2.5333230000054954	2.988382263951969
2.5333240000054955	2.9883638142462123
2.5333250000054957	2.988345364592752
2.533326000005496	2.9883269149917395
2.533327000005496	2.9883084654433225
2.533328000005496	2.988290015947632
2.533329000005496	2.988271566504785
2.5333300000054964	2.988253117114871
2.5333310000054965	2.988234667777953
2.5333320000054966	2.9882162184940726
2.5333330000054968	2.98819776926326
2.533334000005497	2.988179320085528
2.533335000005497	2.988160870960897
2.533336000005497	2.988142421889394
2.5333370000054973	2.988123972871066
2.5333380000054975	2.9881055239059857
2.5333390000054976	2.9880870749942607
2.5333400000054977	2.988068626136025
2.533341000005498	2.9880501773314427
2.533342000005498	2.9880317285806948
2.533343000005498	2.9880132798839796
2.5333440000054983	2.98799483124149
2.5333450000054984	2.987976382653412
2.5333460000054986	2.9879579341199123
2.5333470000054987	2.9879394856411325
2.533348000005499	2.987921037217178
2.533349000005499	2.9879025888481268
2.533350000005499	2.9878841405340317
2.5333510000054993	2.987865692274927
2.5333520000054994	2.987847244070829
2.5333530000054996	2.9878287959217618
2.5333540000054997	2.98781034782775
2.5333550000055	2.9877918997888404
2.5333560000055	2.9877734518051007
2.5333570000055	2.98775500387662
2.5333580000055003	2.9877365560035103
2.5333590000055004	2.9877181081859026
2.5333600000055005	2.9876996604239365
2.5333610000055007	2.9876812127177494
2.533362000005501	2.987662765067472
2.533363000005501	2.9876443174732166
2.533364000005501	2.9876258699350724
2.5333650000055012	2.987607422453104
2.5333660000055014	2.9875889750273514
2.5333670000055015	2.9875705276578333
2.5333680000055017	2.9875520803445546
2.533369000005502	2.9875336330875197
2.533370000005502	2.9875151858867377
2.533371000005502	2.987496738742239
2.5333720000055022	2.9874782916540767
2.5333730000055024	2.9874598446223324
2.5333740000055025	2.987441397647121
2.5333750000055026	2.987422950728583
2.533376000005503	2.98740450386688
2.533377000005503	2.987386057062188
2.533378000005503	2.9873676103146756
2.533379000005503	2.9873491636245038
2.5333800000055033	2.9873307169918117
2.5333810000055035	2.9873122704167065
2.5333820000055036	2.987293823899261
2.5333830000055038	2.9872753774395115
2.533384000005504	2.987256931037468
2.533385000005504	2.9872384846931146
2.533386000005504	2.9872200384064285
2.5333870000055043	2.987201592177391
2.5333880000055045	2.987183146005993
2.5333890000055046	2.987164699892258
2.5333900000055047	2.987146253836245
2.533391000005505	2.987127807838053
2.533392000005505	2.987109361897818
2.533393000005505	2.9870909160157177
2.5333940000055053	2.9870724701919458
2.5333950000055054	2.987054024426722
2.5333960000055056	2.9870355787202616
2.5333970000055057	2.9870171330727713
2.533398000005506	2.9869986874844314
2.533399000005506	2.9869802419553917
2.533400000005506	2.986961796485763
2.5334010000055063	2.98694335107562
2.5334020000055064	2.9869249057249996
2.5334030000055066	2.986906460433917
2.5334040000055067	2.986888015202369
2.533405000005507	2.986869570030348
2.533406000005507	2.9868511249178527
2.533407000005507	2.9868326798649028
2.5334080000055073	2.9868142348715425
2.5334090000055074	2.986795789937849
2.5334100000055075	2.9867773450639343
2.5334110000055077	2.986758900249931
2.533412000005508	2.986740455496004
2.533413000005508	2.986722010802326
2.533414000005508	2.9867035661690746
2.5334150000055082	2.986685121596419
2.5334160000055084	2.9866666770845183
2.5334170000055085	2.986648232633507
2.5334180000055087	2.986629788243497
2.533419000005509	2.986611343914571
2.533420000005509	2.986592899646789
2.533421000005509	2.9865744554401994
2.533422000005509	2.9865560112948333
2.5334230000055094	2.986537567210727
2.5334240000055095	2.986519123187917
2.5334250000055096	2.9865006792264555
2.5334260000055098	2.986482235326413
2.53342700000551	2.9864637914878807
2.53342800000551	2.986445347710968
2.53342900000551	2.986426903995808
2.5334300000055103	2.986408460342542
2.5334310000055105	2.9863900167513258
2.5334320000055106	2.9863715732223164
2.5334330000055107	2.9863531297556767
2.533434000005511	2.986334686351556
2.533435000005511	2.986316243010091
2.533436000005511	2.9862977997314184
2.5334370000055113	2.986279356515657
2.5334380000055114	2.986260913362922
2.5334390000055116	2.9862424702733135
2.5334400000055117	2.986224027246932
2.533441000005512	2.986205584283874
2.533442000005512	2.9861871413842427
2.533443000005512	2.986168698548133
2.5334440000055123	2.986150255775644
2.5334450000055124	2.986131813066878
2.5334460000055126	2.9861133704219327
2.5334470000055127	2.9860949278409055
2.533448000005513	2.9860764853238897
2.533449000005513	2.986058042870974
2.533450000005513	2.9860396004822456
2.5334510000055133	2.9860211581577816
2.5334520000055134	2.9860027158976643
2.5334530000055135	2.9859842737019773
2.5334540000055137	2.985965831570808
2.533455000005514	2.985947389504237
2.533456000005514	2.9859289475023805
2.533457000005514	2.9859105055653643
2.5334580000055142	2.9858920636933237
2.5334590000055144	2.9858736218864044
2.5334600000055145	2.985855180144767
2.5334610000055147	2.9858367384685742
2.533462000005515	2.985818296857989
2.533463000005515	2.98579985531317
2.533464000005515	2.9857814138342675
2.533465000005515	2.9857629724214187
2.5334660000055154	2.9857445310747437
2.5334670000055155	2.985726089794344
2.5334680000055156	2.985707648580309
2.533469000005516	2.9856892074327126
2.533470000005516	2.98567076635162
2.533471000005516	2.9856523253370946
2.533472000005516	2.9856338843892067
2.5334730000055163	2.9856154435080255
2.5334740000055165	2.9855970026936376
2.5334750000055166	2.9855785619461397
2.5334760000055168	2.985560121265642
2.533477000005517	2.985541680652269
2.533478000005517	2.985523240106153
2.533479000005517	2.9855047996274244
2.5334800000055173	2.98548635921622
2.5334810000055175	2.9854679188726663
2.5334820000055176	2.985449478596873
2.5334830000055177	2.985431038388945
2.533484000005518	2.98541259824897
2.533485000005518	2.9853941581770207
2.533486000005518	2.9853757181731613
2.5334870000055183	2.9853572782374522
2.5334880000055184	2.9853388383699597
2.5334890000055186	2.985320398570753
2.5334900000055187	2.985301958839923
2.533491000005519	2.9852835191775755
2.533492000005519	2.98526507958384
2.533493000005519	2.9852466400588695
2.5334940000055193	2.9852282006028346
2.5334950000055194	2.985209761215922
2.5334960000055196	2.985191321898331
2.5334970000055197	2.985172882650261
2.53349800000552	2.9851544434719037
2.53349900000552	2.9851360043634356
2.53350000000552	2.985117565325018
2.5335010000055203	2.985099126356782
2.5335020000055204	2.9850806874588387
2.5335030000055205	2.985062248631271
2.5335040000055207	2.9850438098741474
2.533505000005521	2.9850253711875103
2.533506000005521	2.985006932571402
2.533507000005521	2.984988494025864
2.5335080000055212	2.9849700555509426
2.5335090000055214	2.9849516171466957
2.5335100000055215	2.9849331788132005
2.5335110000055217	2.984914740550559
2.533512000005522	2.9848963023588837
2.533513000005522	2.9848778642383187
2.533514000005522	2.9848594261890145
2.533515000005522	2.9848409882111295
2.5335160000055224	2.9848225503048345
2.5335170000055225	2.984804112470287
2.5335180000055226	2.9847856747076476
2.5335190000055228	2.984767237017059
2.533520000005523	2.984748799398655
2.533521000005523	2.9847303618525505
2.533522000005523	2.9847119243788556
2.5335230000055233	2.9846934869776653
2.5335240000055235	2.9846750496490686
2.5335250000055236	2.984656612393158
2.5335260000055237	2.9846381752100246
2.533527000005524	2.9846197380997683
2.533528000005524	2.9846013010624954
2.533529000005524	2.984582864098328
2.5335300000055243	2.9845644272073906
2.5335310000055244	2.984545990389824
2.5335320000055246	2.984527553645771
2.5335330000055247	2.984509116975379
2.533534000005525	2.9844906803787943
2.533535000005525	2.984472243856156
2.533536000005525	2.9844538074075992
2.5335370000055253	2.984435371033243
2.5335380000055254	2.9844169347332006
2.5335390000055256	2.9843984985075673
2.5335400000055257	2.9843800623564305
2.533541000005526	2.9843616262798642
2.533542000005526	2.9843431902779423
2.533543000005526	2.984324754350726
2.5335440000055263	2.984306318498281
2.5335450000055264	2.9842878827206762
2.5335460000055265	2.9842694470179816
2.5335470000055267	2.984251011390279
2.533548000005527	2.9842325758376553
2.533549000005527	2.9842141403602125
2.533550000005527	2.9841957049580596
2.5335510000055272	2.9841772696313167
2.5335520000055274	2.984158834380113
2.5335530000055275	2.9841403992045863
2.5335540000055277	2.9841219641048755
2.533555000005528	2.984103529081128
2.533556000005528	2.984085094133492
2.533557000005528	2.9840666592621172
2.533558000005528	2.984048224467152
2.5335590000055284	2.98402978974874
2.5335600000055285	2.9840113551070253
2.5335610000055286	2.983992920542144
2.533562000005529	2.9839744860542297
2.533563000005529	2.9839560516434083
2.533564000005529	2.983937617309808
2.533565000005529	2.9839191830535454
2.5335660000055293	2.983900748874739
2.5335670000055295	2.983882314773506
2.5335680000055296	2.9838638807499622
2.5335690000055298	2.983845446804256
2.53357000000553	2.9838270129364686
2.53357100000553	2.983808579146741
2.53357200000553	2.9837901454352007
2.5335730000055303	2.983771711801979
2.5335740000055305	2.983753278247216
2.5335750000055306	2.9837348447710443
2.5335760000055307	2.9837164113736017
2.533577000005531	2.9836979780550155
2.533578000005531	2.9836795448154136
2.533579000005531	2.983661111654908
2.5335800000055313	2.983642678573606
2.5335810000055314	2.983624245571601
2.5335820000055316	2.983605812648977
2.5335830000055317	2.983587379805809
2.533584000005532	2.9835689470421687
2.533585000005532	2.9835505143581194
2.533586000005532	2.9835320817537285
2.5335870000055323	2.9835136492290677
2.5335880000055324	2.983495216784218
2.5335890000055326	2.983476784419276
2.5335900000055327	2.9834583521343534
2.533591000005533	2.9834399199295722
2.533592000005533	2.983421487805081
2.533593000005533	2.983403055761037
2.5335940000055333	2.9833846237976083
2.5335950000055334	2.983366191914974
2.5335960000055335	2.9833477601133143
2.5335970000055337	2.983329328392805
2.533598000005534	2.9833108967536197
2.533599000005534	2.98329246519591
2.533600000005534	2.98327403371982
2.5336010000055342	2.983255602325475
2.5336020000055344	2.983237171012983
2.5336030000055345	2.9832187397824375
2.5336040000055347	2.9832003086339207
2.533605000005535	2.9831818775675054
2.533606000005535	2.983163446583267
2.533607000005535	2.9831450156812793
2.533608000005535	2.9831265848616275
2.5336090000055353	2.983108154124406
2.5336100000055355	2.983089723469724
2.5336110000055356	2.983071292897709
2.5336120000055358	2.983052862408501
2.533613000005536	2.983034432002254
2.533614000005536	2.9830160016791276
2.533615000005536	2.9829975714392933
2.5336160000055363	2.9829791412829185
2.5336170000055365	2.982960711210165
2.5336180000055366	2.982942281221189
2.5336190000055367	2.9829238513161327
2.533620000005537	2.982905421495126
2.533621000005537	2.982886991758284
2.533622000005537	2.982868562105715
2.5336230000055373	2.982850132537512
2.5336240000055374	2.9828317030537663
2.5336250000055376	2.9828132736545636
2.5336260000055377	2.982794844339994
2.533627000005538	2.982776415110158
2.533628000005538	2.982757985965166
2.533629000005538	2.9827395569051363
2.5336300000055383	2.9827211279302035
2.5336310000055384	2.982702699040516
2.5336320000055386	2.982684270236229
2.5336330000055387	2.9826658415175067
2.533634000005539	2.982647412884514
2.533635000005539	2.9826289843374156
2.533636000005539	2.9826105558763674
2.5336370000055393	2.982592127501517
2.5336380000055394	2.9825736992130003
2.5336390000055395	2.9825552710109364
2.5336400000055397	2.982536842895433
2.53364100000554	2.9825184148665844
2.53364200000554	2.982499986924473
2.53364300000554	2.9824815590691784
2.5336440000055402	2.9824631313007774
2.5336450000055404	2.982444703619348
2.5336460000055405	2.982426276024981
2.5336470000055407	2.982407848517769
2.533648000005541	2.9823894210978197
2.533649000005541	2.982370993765258
2.533650000005541	2.9823525665202175
2.533651000005541	2.982334139362846
2.5336520000055414	2.982315712293303
2.5336530000055415	2.982297285311746
2.5336540000055416	2.9822788584183435
2.533655000005542	2.982260431613263
2.533656000005542	2.9822420048966625
2.533657000005542	2.9822235782686963
2.533658000005542	2.9822051517295134
2.5336590000055423	2.9821867252792567
2.5336600000055425	2.9821682989180607
2.5336610000055426	2.9821498726460587
2.5336620000055428	2.982131446463379
2.533663000005543	2.982113020370153
2.533664000005543	2.9820945943665143
2.533665000005543	2.9820761684526
2.5336660000055433	2.982057742628554
2.5336670000055435	2.982039316894524
2.5336680000055436	2.9820208912506625
2.5336690000055437	2.982002465697129
2.533670000005544	2.9819840402340723
2.533671000005544	2.9819656148616485
2.533672000005544	2.981947189580001
2.5336730000055443	2.9819287643892674
2.5336740000055444	2.981910339289575
2.5336750000055446	2.981891914281042
2.5336760000055447	2.9818734893637706
2.533677000005545	2.981855064537864
2.533678000005545	2.981836639803413
2.533679000005545	2.9818182151605104
2.5336800000055453	2.9817997906092493
2.5336810000055454	2.98178136614973
2.5336820000055456	2.9817629417820655
2.5336830000055457	2.9817445175063764
2.533684000005546	2.981726093322802
2.533685000005546	2.9817076692314926
2.533686000005546	2.981689245232611
2.5336870000055463	2.981670821326328
2.5336880000055464	2.9816523975128213
2.5336890000055465	2.9816339737922717
2.5336900000055467	2.981615550164852
2.533691000005547	2.981597126630728
2.533692000005547	2.981578703190059
2.533693000005547	2.9815602798429874
2.5336940000055472	2.9815418565896477
2.5336950000055474	2.9815234334301555
2.5336960000055475	2.9815050103646206
2.5336970000055477	2.9814865873931478
2.533698000005548	2.981468164515839
2.533699000005548	2.9814497417327956
2.533700000005548	2.981431319044127
2.533701000005548	2.9814128964499513
2.5337020000055483	2.981394473950402
2.5337030000055485	2.981376051545618
2.5337040000055486	2.9813576292357564
2.5337050000055488	2.9813392070209805
2.533706000005549	2.9813207849014702
2.533707000005549	2.981302362877396
2.533708000005549	2.981283940948943
2.5337090000055493	2.9812655191162842
2.5337100000055495	2.981247097379594
2.5337110000055496	2.9812286757390325
2.5337120000055497	2.981210254194755
2.53371300000555	2.9811918327469065
2.53371400000555	2.981173411395623
2.53371500000555	2.9811549901410315
2.5337160000055503	2.9811365689832554
2.5337170000055504	2.981118147922416
2.5337180000055506	2.9810997269586283
2.5337190000055507	2.981081306092012
2.533720000005551	2.9810628853226913
2.533721000005551	2.981044464650782
2.533722000005551	2.9810260440764056
2.5337230000055513	2.9810076235996874
2.5337240000055514	2.980989203220754
2.5337250000055516	2.9809707829397354
2.5337260000055517	2.980952362756756
2.533727000005552	2.980933942671947
2.533728000005552	2.9809155226854354
2.533729000005552	2.980897102797352
2.5337300000055523	2.980878683007835
2.5337310000055524	2.98086026331702
2.5337320000055525	2.980841843725053
2.5337330000055527	2.9808234242320837
2.533734000005553	2.9808050048382695
2.533735000005553	2.980786585543776
2.533736000005553	2.9807681663487715
2.5337370000055532	2.9807497472534306
2.5337380000055534	2.9807313282579275
2.5337390000055535	2.980712909362433
2.5337400000055537	2.9806944905671178
2.533741000005554	2.980676071872142
2.533742000005554	2.98065765327766
2.533743000005554	2.980639234783817
2.533744000005554	2.9806208163907435
2.5337450000055544	2.9806023980985668
2.5337460000055545	2.9805839799074025
2.5337470000055546	2.9805655618173685
2.533748000005555	2.9805471438285727
2.533749000005555	2.980528725941127
2.533750000005555	2.980510308155149
2.533751000005555	2.980491890470759
2.5337520000055553	2.980473472888087
2.5337530000055555	2.980455055407265
2.5337540000055556	2.9804366380284395
2.5337550000055558	2.980418220751758
2.533756000005556	2.9803998035773764
2.533757000005556	2.98038138650545
2.533758000005556	2.9803629695361407
2.5337590000055563	2.9803445526696053
2.5337600000055565	2.9803261359060076
2.5337610000055566	2.9803077192455065
2.5337620000055567	2.980289302688265
2.533763000005557	2.980270886234449
2.533764000005557	2.9802524698842263
2.533765000005557	2.9802340536377674
2.5337660000055573	2.980215637495249
2.5337670000055574	2.980197221456848
2.5337680000055576	2.9801788055227414
2.5337690000055577	2.98016038969311
2.533770000005558	2.9801419739681245
2.533771000005558	2.9801235583479517
2.533772000005558	2.9801051428327403
2.5337730000055583	2.980086727422629
2.5337740000055584	2.9800683121177354
2.5337750000055586	2.980049896918163
2.5337760000055587	2.980031481823997
2.533777000005559	2.980013066835312
2.533778000005559	2.9799946519521727
2.533779000005559	2.9799762371746454
2.5337800000055593	2.9799578225028043
2.5337810000055594	2.9799394079367363
2.5337820000055595	2.979920993476543
2.5337830000055597	2.9799025791223555
2.53378400000556	2.9798841648743273
2.53378500000556	2.979865750732638
2.53378600000556	2.9798473366974916
2.5337870000055602	2.9798289227691037
2.5337880000055604	2.979810508947699
2.5337890000055605	2.979792095233499
2.5337900000055606	2.97977368162672
2.533791000005561	2.9797552681275565
2.533792000005561	2.979736854736182
2.533793000005561	2.9797184414527407
2.533794000005561	2.9797000282773487
2.5337950000055613	2.9796816152101
2.5337960000055615	2.9796632022510727
2.5337970000055616	2.9796447894003326
2.5337980000055618	2.9796263766579485
2.533799000005562	2.979607964024
2.533800000005562	2.979589551498589
2.533801000005562	2.979571139081844
2.5338020000055623	2.9795527267739295
2.5338030000055625	2.979534314575034
2.5338040000055626	2.9795159024853812
2.5338050000055627	2.9794974905052136
2.533806000005563	2.9794790786347853
2.533807000005563	2.9794606668743477
2.533808000005563	2.979442255224142
2.5338090000055633	2.9794238436843847
2.5338100000055634	2.9794054322552586
2.5338110000055636	2.9793870209369073
2.5338120000055637	2.9793686097294385
2.533813000005564	2.979350198632922
2.533814000005564	2.9793317876473973
2.533815000005564	2.979313376772885
2.5338160000055643	2.979294966009403
2.5338170000055644	2.9792765553569756
2.5338180000055646	2.979258144815648
2.5338190000055647	2.9792397343854953
2.533820000005565	2.9792213240666325
2.533821000005565	2.979202913859215
2.533822000005565	2.9791845037634395
2.5338230000055653	2.979166093779543
2.5338240000055654	2.979147683907778
2.5338250000055655	2.9791292741484217
2.5338260000055657	2.9791108645017443
2.533827000005566	2.979092454968004
2.533828000005566	2.9790740455474403
2.533829000005566	2.9790556362402563
2.5338300000055662	2.979037227046618
2.5338310000055664	2.97901881796665
2.5338320000055665	2.979000409000439
2.5338330000055667	2.978982000148051
2.533834000005567	2.978963591409523
2.533835000005567	2.978945182784889
2.533836000005567	2.9789267742741865
2.533837000005567	2.9789083658774627
2.5338380000055674	2.97888995759479
2.5338390000055675	2.9788715494262705
2.5338400000055676	2.9788531413720367
2.533841000005568	2.9788347334322545
2.533842000005568	2.9788163256071147
2.533843000005568	2.978797917896835
2.533844000005568	2.978779510301643
2.5338450000055683	2.9787611028217724
2.5338460000055685	2.9787426954574556
2.5338470000055686	2.978724288208916
2.5338480000055688	2.97870588107636
2.533849000005569	2.9786874740599756
2.533850000005569	2.9786690671599367
2.533851000005569	2.978650660376388
2.5338520000055693	2.9786322537094643
2.5338530000055695	2.978613847159287
2.5338540000055696	2.9785954407259707
2.5338550000055697	2.978577034409619
2.53385600000557	2.9785586282103442
2.53385700000557	2.978540222128256
2.53385800000557	2.978521816163472
2.5338590000055703	2.9785034103161103
2.5338600000055704	2.9784850045862985
2.5338610000055706	2.9784665989741708
2.5338620000055707	2.978448193479863
2.533863000005571	2.9784297881035156
2.533864000005571	2.97841138284527
2.533865000005571	2.9783929777052713
2.5338660000055713	2.9783745726836774
2.5338670000055714	2.9783561677806265
2.5338680000055716	2.9783377629962735
2.5338690000055717	2.9783193583307743
2.533870000005572	2.9783009537842884
2.533871000005572	2.978282549356979
2.533872000005572	2.9782641450490144
2.5338730000055723	2.978245740860559
2.5338740000055724	2.978227336791781
2.5338750000055725	2.978208932842841
2.5338760000055727	2.978190529013902
2.533877000005573	2.9781721253051177
2.533878000005573	2.978153721716635
2.533879000005573	2.978135318248599
2.5338800000055732	2.9781169149011455
2.5338810000055734	2.9780985116744048
2.5338820000055735	2.978080108568515
2.5338830000055736	2.978061705583603
2.533884000005574	2.9780433027198123
2.533885000005574	2.978024899977278
2.533886000005574	2.978006497356151
2.533887000005574	2.977988094856583
2.5338880000055743	2.9779696924787347
2.5338890000055745	2.9779512902227636
2.5338900000055746	2.9779328880888323
2.5338910000055748	2.9779144860770987
2.533892000005575	2.9778960841877153
2.533893000005575	2.9778776824208277
2.533894000005575	2.9778592807765696
2.5338950000055753	2.9778408792550732
2.5338960000055755	2.9778224778564586
2.5338970000055756	2.9778040765808416
2.5338980000055757	2.9777856754283416
2.533899000005576	2.9777672743990813
2.533900000005576	2.9777488734931943
2.533901000005576	2.977730472710824
2.5339020000055763	2.977712072052135
2.5339030000055764	2.977693671517303
2.5339040000055766	2.977675271106521
2.5339050000055767	2.9776568708199935
2.533906000005577	2.977638470657928
2.533907000005577	2.9776200706205374
2.533908000005577	2.9776016707080233
2.5339090000055773	2.977583270920571
2.5339100000055774	2.9775648712583527
2.5339110000055776	2.9775464717215114
2.5339120000055777	2.97752807231017
2.533913000005578	2.9775096730244255
2.533914000005578	2.977491273864358
2.533915000005578	2.9774728748300348
2.5339160000055783	2.9774544759215162
2.5339170000055784	2.9774360771388726
2.5339180000055785	2.977417678482186
2.5339190000055787	2.977399279951559
2.533920000005579	2.977380881547121
2.533921000005579	2.977362483269035
2.533922000005579	2.9773440851174837
2.5339230000055792	2.977325687092684
2.5339240000055794	2.9773072891948673
2.5339250000055795	2.9772888914242768
2.5339260000055797	2.9772704937811483
2.53392700000558	2.9772520962657207
2.53392800000558	2.977233698878208
2.53392900000558	2.9772153016187994
2.53393000000558	2.9771969044876583
2.5339310000055804	2.9771785074849175
2.5339320000055805	2.977160110610686
2.5339330000055806	2.9771417138650462
2.5339340000055808	2.977123317248076
2.533935000005581	2.9771049207598432
2.533936000005581	2.977086524400435
2.533937000005581	2.9770681281699236
2.5339380000055813	2.9770497320684193
2.5339390000055815	2.9770313360960516
2.5339400000055816	2.9770129402529766
2.5339410000055818	2.9769945445393766
2.533942000005582	2.9769761489554494
2.533943000005582	2.976957753501409
2.533944000005582	2.9769393581774684
2.5339450000055823	2.976920962983845
2.5339460000055825	2.976902567920744
2.5339470000055826	2.976884172988359
2.5339480000055827	2.976865778186857
2.533949000005583	2.9768473835164007
2.533950000005583	2.9768289889771116
2.533951000005583	2.976810594569106
2.5339520000055833	2.9767922002924947
2.5339530000055834	2.976773806147381
2.5339540000055836	2.976755412133868
2.5339550000055837	2.976737018252078
2.533956000005584	2.976718624502131
2.533957000005584	2.9767002308841723
2.533958000005584	2.976681837398359
2.5339590000055843	2.9766634440448603
2.5339600000055844	2.9766450508238624
2.5339610000055846	2.9766266577355505
2.5339620000055847	2.976608264780115
2.533963000005585	2.9765898719577457
2.533964000005585	2.9765714792686238
2.533965000005585	2.9765530867129177
2.5339660000055853	2.9765346942907924
2.5339670000055854	2.976516302002394
2.5339680000055855	2.9764979098478626
2.5339690000055857	2.9764795178273293
2.533970000005586	2.976461125940926
2.533971000005586	2.976442734188778
2.533972000005586	2.976424342571013
2.5339730000055862	2.9764059510877656
2.5339740000055864	2.976387559739172
2.5339750000055865	2.9763691685253812
2.5339760000055866	2.976350777446544
2.533977000005587	2.9763323865028104
2.533978000005587	2.9763139956943423
2.533979000005587	2.976295605021294
2.533980000005587	2.9762772144838223
2.5339810000055873	2.9762588240820795
2.5339820000055875	2.9762404338162174
2.5339830000055876	2.9762220436863887
2.5339840000055878	2.9762036536927385
2.533985000005588	2.9761852638354163
2.533986000005588	2.9761668741145724
2.533987000005588	2.9761484845303636
2.5339880000055883	2.9761300950829512
2.5339890000055885	2.9761117057725026
2.5339900000055886	2.9760933165991887
2.5339910000055887	2.976074927563189
2.533992000005589	2.9760565386646785
2.533993000005589	2.976038149903838
2.533994000005589	2.9760197612808432
2.5339950000055893	2.9760013727958587
2.5339960000055894	2.9759829844490473
2.5339970000055896	2.9759645962405568
2.5339980000055897	2.9759462081705257
2.53399900000559	2.975927820239084
2.53400000000559	2.9759094324463566
2.53400100000559	2.975891044792458
2.5340020000055903	2.9758726572775096
2.5340030000055904	2.975854269901629
2.5340040000055906	2.9758358826649447
2.5340050000055907	2.975817495567591
2.534006000005591	2.9757991086097118
2.534007000005591	2.9757807217914674
2.534008000005591	2.975762335113025
2.5340090000055913	2.9757439485745603
2.5340100000055914	2.975725562176255
2.5340110000055915	2.9757071759182976
2.5340120000055917	2.97568878980087
2.534013000005592	2.9756704038241617
2.534014000005592	2.9756520179883448
2.534015000005592	2.975633632293593
2.5340160000055922	2.9756152467400705
2.5340170000055924	2.9755968613279298
2.5340180000055925	2.9755784760573234
2.5340190000055927	2.975560090928393
2.534020000005593	2.975541705941278
2.534021000005593	2.975523321096117
2.534022000005593	2.975504936393043
2.534023000005593	2.9754865518321907
2.5340240000055934	2.9754681674136987
2.5340250000055935	2.9754497831376994
2.5340260000055936	2.9754313990043313
2.5340270000055938	2.9754130150137295
2.534028000005594	2.975394631166028
2.534029000005594	2.975376247461363
2.534030000005594	2.9753578638998737
2.5340310000055943	2.9753394804816984
2.5340320000055945	2.9753210972069803
2.5340330000055946	2.975302714075872
2.5340340000055948	2.975284331088531
2.534035000005595	2.97526594824513
2.534036000005595	2.975247565545846
2.534037000005595	2.9752291829908697
2.5340380000055953	2.9752108005804
2.5340390000055955	2.975192418314644
2.5340400000055956	2.975174036193813
2.5340410000055957	2.9751556542181157
2.534042000005596	2.9751372723877516
2.534043000005596	2.975118890702913
2.534044000005596	2.975100509163772
2.5340450000055963	2.9750821277704866
2.5340460000055964	2.975063746523194
2.5340470000055966	2.9750453654220084
2.5340480000055967	2.9750269844670303
2.534049000005597	2.9750086036583467
2.534050000005597	2.9749902229960403
2.534051000005597	2.9749718424801888
2.5340520000055973	2.9749534621108844
2.5340530000055974	2.9749350818882307
2.5340540000055976	2.9749167018123495
2.5340550000055977	2.974898321883384
2.534056000005598	2.9748799421014978
2.534057000005598	2.9748615624668817
2.534058000005598	2.9748431829797424
2.5340590000055983	2.9748248036402964
2.5340600000055984	2.97480642444877
2.5340610000055985	2.9747880454053806
2.5340620000055987	2.9747696665103445
2.534063000005599	2.974751287763858
2.534064000005599	2.974732909166098
2.534065000005599	2.974714530717224
2.5340660000055992	2.9746961524173745
2.5340670000055994	2.974677774266669
2.5340680000055995	2.9746593962652126
2.5340690000055996	2.974641018413108
2.5340700000056	2.974622640710471
2.5340710000056	2.9746042631573903
2.5340720000056	2.974585885753987
2.5340730000056	2.974567508500397
2.5340740000056003	2.9745491313967736
2.5340750000056005	2.974530754443284
2.5340760000056006	2.9745123776401177
2.5340770000056008	2.9744940009874665
2.534078000005601	2.974475624485532
2.534079000005601	2.9744572481345126
2.534080000005601	2.9744388719346
2.5340810000056013	2.9744204958859726
2.5340820000056015	2.9744021199887953
2.5340830000056016	2.9743837442432164
2.5340840000056017	2.974365368649369
2.534085000005602	2.9743469932073716
2.534086000005602	2.97432861791734
2.534087000005602	2.974310242779382
2.5340880000056023	2.9742918677938674
2.5340890000056024	2.9742734929606303
2.5340900000056026	2.9742551182798254
2.5340910000056027	2.9742367437516015
2.534092000005603	2.9742183693761297
2.534093000005603	2.9741999951535965
2.534094000005603	2.974181621084201
2.5340950000056033	2.974163247168147
2.5340960000056034	2.974144873405648
2.5340970000056036	2.9741264997969057
2.5340980000056037	2.9741081263421174
2.534099000005604	2.9740897530414583
2.534100000005604	2.9740713798950966
2.534101000005604	2.9740530069031794
2.5341020000056043	2.974034634065833
2.5341030000056044	2.9740162613831744
2.5341040000056045	2.973997888855311
2.5341050000056047	2.9739795164823435
2.534106000005605	2.973961144264381
2.534107000005605	2.9739427722015432
2.534108000005605	2.973924400293953
2.5341090000056052	2.973906028541767
2.5341100000056054	2.9738876569451347
2.5341110000056055	2.9738692855042363
2.5341120000056057	2.9738509142192626
2.534113000005606	2.9738325430904142
2.534114000005606	2.973814172117901
2.534115000005606	2.9737958013019252
2.534116000005606	2.9737774306426896
2.5341170000056064	2.9737590601403845
2.5341180000056065	2.9737406897951866
2.5341190000056066	2.9737223196072597
2.5341200000056068	2.973703949576749
2.534121000005607	2.9736855797037913
2.534122000005607	2.97366720998851
2.534123000005607	2.973648840431019
2.5341240000056073	2.973630471031432
2.5341250000056075	2.973612101789866
2.5341260000056076	2.9735937327064375
2.5341270000056078	2.9735753637812756
2.534128000005608	2.9735569950145204
2.534129000005608	2.973538626406326
2.534130000005608	2.9735202579568445
2.5341310000056083	2.973501889666243
2.5341320000056085	2.9734835215346993
2.5341330000056086	2.9734651535623944
2.5341340000056087	2.973446785749508
2.534135000005609	2.973428418096225
2.534136000005609	2.9734100506027215
2.534137000005609	2.973391683269173
2.5341380000056093	2.97337331609575
2.5341390000056094	2.97335494908263
2.5341400000056096	2.9733365822299476
2.5341410000056097	2.9733182155378586
2.53414200000561	2.973299849006511
2.53414300000561	2.9732814826360507
2.53414400000561	2.9732631164266197
2.5341450000056103	2.9732447503783668
2.5341460000056104	2.9732263844914373
2.5341470000056106	2.973208018765979
2.5341480000056107	2.9731896532021524
2.534149000005611	2.973171287800112
2.534150000005611	2.973152922560021
2.534151000005611	2.9731345574820485
2.5341520000056112	2.973116192566364
2.5341530000056114	2.973097827813141
2.5341540000056115	2.9730794632225543
2.5341550000056117	2.973061098794782
2.534156000005612	2.973042734529998
2.534157000005612	2.9730243704283748
2.534158000005612	2.9730060064900776
2.5341590000056122	2.9729876427152733
2.5341600000056124	2.972969279104116
2.5341610000056125	2.9729509156567513
2.5341620000056126	2.9729325523733223
2.534163000005613	2.9729141892539603
2.534164000005613	2.9728958262987937
2.534165000005613	2.972877463507945
2.534166000005613	2.9728591008815357
2.5341670000056133	2.9728407384196895
2.5341680000056135	2.9728223761225347
2.5341690000056136	2.972804013990204
2.5341700000056138	2.9727856520228455
2.534171000005614	2.9727672902206144
2.534172000005614	2.9727489285836834
2.534173000005614	2.9727305671122353
2.5341740000056143	2.9727122058064688
2.5341750000056145	2.9726938446665865
2.5341760000056146	2.972675483692802
2.5341770000056147	2.972657122885325
2.534178000005615	2.9726387622443586
2.534179000005615	2.972620401770106
2.534180000005615	2.972602041462696
2.5341810000056153	2.9725836813223636
2.5341820000056154	2.972565321349254
2.5341830000056156	2.972546961543507
2.5341840000056157	2.9725286019052386
2.534185000005616	2.9725102424345606
2.534186000005616	2.9724918831315703
2.534187000005616	2.9724735239963707
2.5341880000056163	2.9724551650290616
2.5341890000056164	2.9724368062297537
2.5341900000056166	2.9724184475985727
2.5341910000056167	2.9724000891356575
2.534192000005617	2.9723817308411657
2.534193000005617	2.9723633727152756
2.534194000005617	2.9723450147581776
2.5341950000056173	2.9723266569700697
2.5341960000056174	2.9723082993511674
2.5341970000056175	2.972289941901689
2.5341980000056177	2.97227158462183
2.534199000005618	2.9722532275117888
2.534200000005618	2.97223487057175
2.534201000005618	2.972216513801882
2.5342020000056182	2.9721981572023424
2.5342030000056184	2.97217980077327
2.5342040000056185	2.9721614445147955
2.5342050000056187	2.972143088427042
2.534206000005619	2.9721247325101285
2.534207000005619	2.9721063767641818
2.534208000005619	2.9720880211893284
2.534209000005619	2.972069665785713
2.5342100000056194	2.9720513105534923
2.5342110000056195	2.9720329554928338
2.5342120000056196	2.9720146006039196
2.5342130000056198	2.9719962458869444
2.53421400000562	2.971977891342102
2.53421500000562	2.9719595369695946
2.53421600000562	2.971941182769614
2.5342170000056203	2.9719228287423425
2.5342180000056205	2.9719044748879555
2.5342190000056206	2.9718861212066083
2.5342200000056208	2.971867767698447
2.534221000005621	2.9718494143635965
2.534222000005621	2.971831061202176
2.534223000005621	2.9718127082142964
2.5342240000056213	2.971794355400067
2.5342250000056215	2.971776002759602
2.5342260000056216	2.9717576502930205
2.5342270000056217	2.9717392980004607
2.534228000005622	2.9717209458820713
2.534229000005622	2.9717025939380215
2.534230000005622	2.9716842421684952
2.5342310000056223	2.97166589057369
2.5342320000056224	2.97164753915381
2.5342330000056226	2.971629187909072
2.5342340000056227	2.9716108368396803
2.534235000005623	2.971592485945843
2.534236000005623	2.971574135227751
2.534237000005623	2.9715557846855836
2.5342380000056233	2.971537434319498
2.5342390000056234	2.9715190841296404
2.5342400000056235	2.9715007341161397
2.5342410000056237	2.9714823842791134
2.534242000005624	2.97146403461867
2.534243000005624	2.971445685134918
2.534244000005624	2.9714273358279657
2.5342450000056242	2.9714089866979303
2.5342460000056244	2.9713906377449404
2.5342470000056245	2.9713722889691425
2.5342480000056247	2.9713539403706952
2.534249000005625	2.971335591949772
2.534250000005625	2.971317243706561
2.534251000005625	2.9712988956412576
2.5342520000056252	2.9712805477540662
2.5342530000056254	2.9712622000451883
2.5342540000056255	2.971243852514827
2.5342550000056256	2.971225505163174
2.534256000005626	2.9712071579904116
2.534257000005626	2.971188810996711
2.534258000005626	2.9711704641822325
2.534259000005626	2.9711521175471205
2.5342600000056263	2.971133771091511
2.5342610000056265	2.9711154248155363
2.5342620000056266	2.9710970787193194
2.5342630000056268	2.9710787328029884
2.534264000005627	2.971060387066671
2.534265000005627	2.971042041510504
2.534266000005627	2.9710236961346235
2.5342670000056273	2.971005350939184
2.5342680000056275	2.9709870059243415
2.5342690000056276	2.9709686610902657
2.5342700000056277	2.9709503164371247
2.534271000005628	2.970931971965095
2.534272000005628	2.970913627674351
2.534273000005628	2.9708952835650724
2.5342740000056283	2.9708769396374306
2.5342750000056284	2.970858595891597
2.5342760000056286	2.9708402523277386
2.5342770000056287	2.9708219089460117
2.534278000005629	2.970803565746576
2.534279000005629	2.9707852227295777
2.534280000005629	2.9707668798951796
2.5342810000056293	2.970748537243529
2.5342820000056294	2.9707301947747755
2.5342830000056296	2.970711852489073
2.5342840000056297	2.9706935103865804
2.53428500000563	2.970675168467453
2.53428600000563	2.970656826731851
2.53428700000563	2.9706384851799403
2.5342880000056303	2.970620143811886
2.5342890000056304	2.970601802627857
2.5342900000056305	2.970583461628015
2.5342910000056307	2.970565120812531
2.534292000005631	2.970546780181567
2.534293000005631	2.9705284397352845
2.534294000005631	2.970510099473842
2.5342950000056312	2.9704917593973965
2.5342960000056314	2.970473419506099
2.5342970000056315	2.9704550798001024
2.5342980000056317	2.970436740279551
2.534299000005632	2.970418400944594
2.534300000005632	2.9704000617953783
2.534301000005632	2.9703817228320486
2.534302000005632	2.970363384054754
2.5343030000056324	2.970345045463643
2.5343040000056325	2.970326707058866
2.5343050000056326	2.9703083688405814
2.5343060000056328	2.970290030808944
2.534307000005633	2.9702716929641197
2.534308000005633	2.970253355306275
2.534309000005633	2.9702350178355807
2.5343100000056333	2.970216680552211
2.5343110000056335	2.970198343456343
2.5343120000056336	2.9701800065481514
2.5343130000056338	2.970161669827818
2.534314000005634	2.9701433332955225
2.534315000005634	2.9701249969514336
2.534316000005634	2.9701066607957216
2.5343170000056343	2.9700883248285517
2.5343180000056345	2.9700699890500784
2.5343190000056346	2.9700516534604526
2.5343200000056347	2.970033318059818
2.534321000005635	2.970014982848308
2.534322000005635	2.969996647826057
2.534323000005635	2.969978312993191
2.5343240000056353	2.969959978349839
2.5343250000056354	2.9699416438961306
2.5343260000056356	2.9699233096321986
2.5343270000056357	2.9699049755581854
2.534328000005636	2.9698866416742398
2.534329000005636	2.969868307980517
2.534330000005636	2.9698499744771873
2.5343310000056363	2.969831641164425
2.5343320000056364	2.9698133080424154
2.5343330000056365	2.9697949751113404
2.5343340000056367	2.9697766423713947
2.534335000005637	2.9697583098227684
2.534336000005637	2.9697399774656463
2.534337000005637	2.969721645300209
2.5343380000056372	2.9697033133266277
2.5343390000056374	2.9696849815450657
2.5343400000056375	2.969666649955677
2.5343410000056377	2.9696483185586082
2.534342000005638	2.969629987353997
2.534343000005638	2.969611656341979
2.534344000005638	2.9695933255226867
2.5343450000056382	2.969574994896253
2.5343460000056384	2.9695566644628144
2.5343470000056385	2.9695383342225155
2.5343480000056386	2.9695200041754917
2.534349000005639	2.9695016743219034
2.534350000005639	2.969483344661918
2.534351000005639	2.9694650151957056
2.534352000005639	2.9694466859234354
2.5343530000056393	2.9694283568452793
2.5343540000056395	2.9694100279614117
2.5343550000056396	2.969391699272003
2.5343560000056398	2.969373370777215
2.53435700000564	2.9693550424772095
2.53435800000564	2.969336714372142
2.53435900000564	2.969318386462154
2.5343600000056403	2.9693000587474216
2.5343610000056405	2.9692817312280595
2.5343620000056406	2.969263403904216
2.5343630000056407	2.9692450767760366
2.534364000005641	2.969226749843668
2.534365000005641	2.9692084231072644
2.534366000005641	2.9691900965669813
2.5343670000056413	2.9691717702229803
2.5343680000056414	2.9691534440754266
2.5343690000056416	2.969135118124489
2.5343700000056417	2.9691167923703343
2.534371000005642	2.969098466813126
2.534372000005642	2.9690801414530252
2.534373000005642	2.9690618162901976
2.5343740000056423	2.9690434913247765
2.5343750000056424	2.9690251665569183
2.5343760000056426	2.969006841986768
2.5343770000056427	2.9689885176144664
2.534378000005643	2.9689701934401604
2.534379000005643	2.968951869463989
2.534380000005643	2.9689335456861032
2.5343810000056433	2.9689152221066584
2.5343820000056434	2.9688968987258186
2.5343830000056435	2.9688785755437506
2.5343840000056437	2.968860252560631
2.534385000005644	2.9688419297766377
2.534386000005644	2.9688236071919523
2.534387000005644	2.9688052848067543
2.5343880000056442	2.9687869626212193
2.5343890000056444	2.968768640635517
2.5343900000056445	2.9687503188498057
2.5343910000056447	2.9687319972642348
2.534392000005645	2.9687136758789476
2.534393000005645	2.9686953546940713
2.534394000005645	2.968677033709731
2.534395000005645	2.9686587129260458
2.5343960000056454	2.9686403923431373
2.5343970000056455	2.968622071961199
2.5343980000056456	2.968603751780266
2.5343990000056458	2.9685854318005034
2.534400000005646	2.9685671120220625
2.534401000005646	2.968548792445108
2.534402000005646	2.9685304730698157
2.5344030000056463	2.9685121538963726
2.5344040000056465	2.968493834924969
2.5344050000056466	2.9684755161557987
2.5344060000056468	2.9684571975890535
2.534407000005647	2.9684388792249203
2.534408000005647	2.9684205610635743
2.534409000005647	2.9684022431051775
2.5344100000056473	2.9683839253498827
2.5344110000056475	2.968365607797827
2.5344120000056476	2.9683472904491413
2.5344130000056477	2.968328973303944
2.534414000005648	2.9683106563623474
2.534415000005648	2.9682923396244627
2.534416000005648	2.968274023090409
2.5344170000056483	2.9682557067603113
2.5344180000056484	2.9682373906343056
2.5344190000056486	2.96821907471254
2.5344200000056487	2.9682007589951764
2.534421000005649	2.9681824434823905
2.534422000005649	2.968164128174364
2.534423000005649	2.9681458130712914
2.5344240000056493	2.9681274981733696
2.5344250000056494	2.968109183480791
2.5344260000056495	2.968090868993752
2.5344270000056497	2.9680725547124323
2.53442800000565	2.968054240637003
2.53442900000565	2.9680359267676275
2.53443000000565	2.968017613104448
2.5344310000056502	2.9679992996476035
2.5344320000056504	2.967980986397219
2.5344330000056505	2.96796267335341
2.5344340000056507	2.967944360516295
2.534435000005651	2.967926047885987
2.534436000005651	2.9679077354626053
2.534437000005651	2.9678894232462705
2.5344380000056512	2.967871111237122
2.5344390000056514	2.967852799435299
2.5344400000056515	2.9678344878409595
2.5344410000056516	2.9678161764542668
2.534442000005652	2.967797865275395
2.534443000005652	2.967779554304529
2.534444000005652	2.967761243541855
2.534445000005652	2.967742932987558
2.5344460000056523	2.9677246226418297
2.5344470000056525	2.9677063125048524
2.5344480000056526	2.967688002576805
2.5344490000056528	2.967669692857858
2.534450000005653	2.967651383348179
2.534451000005653	2.96763307404792
2.534452000005653	2.9676147649572293
2.5344530000056533	2.9675964560762433
2.5344540000056535	2.9675781474050984
2.5344550000056536	2.967559838943921
2.5344560000056537	2.9675415306928405
2.534457000005654	2.967523222651982
2.534458000005654	2.967504914821473
2.534459000005654	2.967486607201448
2.5344600000056543	2.967468299792038
2.5344610000056544	2.967449992593389
2.5344620000056546	2.967431685605647
2.5344630000056547	2.9674133788289674
2.534464000005655	2.9673950722635123
2.534465000005655	2.9673767659094463
2.534466000005655	2.9673584597669387
2.5344670000056553	2.967340153836162
2.5344680000056554	2.9673218481172894
2.5344690000056556	2.9673035426104915
2.5344700000056557	2.9672852373159344
2.534471000005656	2.9672669322337826
2.534472000005656	2.967248627364199
2.534473000005656	2.9672303227097694
2.5344740000056563	2.967212018267851
2.5344750000056564	2.9671937140381917
2.5344760000056565	2.96717541002094
2.5344770000056567	2.9671571062163014
2.534478000005657	2.967138802624493
2.534479000005657	2.9671204992457487
2.534480000005657	2.9671021960803103
2.5344810000056572	2.9670838931284256
2.5344820000056574	2.9670655903903387
2.5344830000056575	2.967047287866287
2.5344840000056577	2.967028985556495
2.534485000005658	2.9670106834611762
2.534486000005658	2.966992381580523
2.534487000005658	2.966974079914715
2.534488000005658	2.966955778463911
2.5344890000056584	2.966937477228261
2.5344900000056585	2.9669191762078992
2.5344910000056586	2.966900875402954
2.5344920000056588	2.9668825748135506
2.534493000005659	2.966864274439795
2.534494000005659	2.9668459742818296
2.534495000005659	2.9668276743397852
2.5344960000056593	2.966809374613802
2.5344970000056595	2.9667910751040196
2.5344980000056596	2.9667727758105884
2.5344990000056598	2.966754476733656
2.53450000000566	2.966736177873377
2.53450100000566	2.966717879229903
2.53450200000566	2.9666995808033825
2.5345030000056603	2.9666812825939592
2.5345040000056605	2.966662984601777
2.5345050000056606	2.9666446868269705
2.5345060000056607	2.9666263892696736
2.534507000005661	2.9666080919300155
2.534508000005661	2.9665897948081295
2.534509000005661	2.9665714979041513
2.5345100000056613	2.9665532012182227
2.5345110000056614	2.9665349047504996
2.5345120000056616	2.9665166085011583
2.5345130000056617	2.9664983124703626
2.534514000005662	2.9664800166582928
2.534515000005662	2.966461721065149
2.534516000005662	2.9664434256911347
2.5345170000056623	2.9664251305364613
2.5345180000056624	2.966406835601338
2.5345190000056625	2.966388540885971
2.5345200000056627	2.9663702463905555
2.534521000005663	2.9663519521152777
2.534522000005663	2.966333658060304
2.534523000005663	2.9663153642257885
2.5345240000056632	2.9662970706118665
2.5345250000056634	2.9662787772186627
2.5345260000056635	2.966260484046285
2.5345270000056637	2.966242191094837
2.534528000005664	2.9662238983644222
2.534529000005664	2.966205605855145
2.534530000005664	2.9661873135671177
2.5345310000056642	2.9661690215004626
2.5345320000056644	2.966150729655323
2.5345330000056645	2.9661324380318583
2.5345340000056646	2.966114146630235
2.534535000005665	2.9660958554506456
2.534536000005665	2.966077564493289
2.534537000005665	2.9660592737583684
2.534538000005665	2.966040983246093
2.5345390000056653	2.9660226929566673
2.5345400000056655	2.966004402890283
2.5345410000056656	2.965986113047126
2.5345420000056658	2.9659678234273716
2.534543000005666	2.965949534031166
2.534544000005666	2.9659312448586466
2.534545000005666	2.965912955909941
2.5345460000056663	2.965894667185165
2.5345470000056665	2.965876378684431
2.5345480000056666	2.9658580904078504
2.5345490000056667	2.9658398023555383
2.534550000005667	2.96582151452762
2.534551000005667	2.965803226924231
2.534552000005667	2.9657849395455247
2.5345530000056673	2.965766652391664
2.5345540000056674	2.965748365462828
2.5345550000056676	2.965730078759206
2.5345560000056677	2.9657117922809975
2.534557000005668	2.9656935060284018
2.534558000005668	2.9656752200016205
2.534559000005668	2.9656569342008514
2.5345600000056683	2.9656386486262836
2.5345610000056684	2.9656203632780964
2.5345620000056686	2.9656020781564547
2.5345630000056687	2.965583793261512
2.534564000005669	2.9655655085934103
2.534565000005669	2.9655472241522807
2.534566000005669	2.9655289399382463
2.5345670000056693	2.965510655951422
2.5345680000056694	2.965492372191922
2.5345690000056695	2.9654740886598585
2.5345700000056697	2.965455805355353
2.53457100000567	2.965437522278522
2.53457200000567	2.965419239429494
2.53457300000567	2.9654009568084008
2.5345740000056702	2.9653826744153835
2.5345750000056704	2.9653643922505872
2.5345760000056705	2.9653461103141647
2.5345770000056707	2.9653278286062728
2.534578000005671	2.9653095471270694
2.534579000005671	2.965291265876716
2.534580000005671	2.9652729848553823
2.534581000005671	2.965254704063233
2.5345820000056714	2.965236423500436
2.5345830000056715	2.9652181431671627
2.5345840000056716	2.9651998630635816
2.5345850000056718	2.965181583189866
2.534586000005672	2.965163303546183
2.534587000005672	2.9651450241327004
2.534588000005672	2.965126744949581
2.5345890000056723	2.9651084659969897
2.5345900000056725	2.9650901872750777
2.5345910000056726	2.965071908783993
2.5345920000056728	2.9650536305238773
2.534593000005673	2.965035352494852
2.534594000005673	2.965017074697053
2.534595000005673	2.964998797130597
2.5345960000056733	2.964980519795596
2.5345970000056735	2.964962242692162
2.5345980000056736	2.964943965820402
2.5345990000056737	2.9649256891804234
2.534600000005674	2.96490741277234
2.534601000005674	2.964889136596269
2.534602000005674	2.964870860652336
2.5346030000056743	2.9648525849406777
2.5346040000056744	2.964834309461442
2.5346050000056746	2.9648160342147873
2.5346060000056747	2.9647977592008843
2.534607000005675	2.9647794844199127
2.534608000005675	2.96476120987206
2.534609000005675	2.964742935557521
2.5346100000056753	2.9647246614764877
2.5346110000056754	2.9647063876291577
2.5346120000056755	2.9646881140157246
2.5346130000056757	2.96466984063638
2.534614000005676	2.9646515674913037
2.534615000005676	2.9646332945806697
2.534616000005676	2.964615021904644
2.5346170000056762	2.9645967494633823
2.5346180000056764	2.9645784772570303
2.5346190000056765	2.9645602052857254
2.5346200000056767	2.9645419335495977
2.534621000005677	2.964523662048769
2.534622000005677	2.964505390783361
2.534623000005677	2.9644871197534894
2.5346240000056772	2.964468848959266
2.5346250000056774	2.9644505784008075
2.5346260000056775	2.964432308078234
2.5346270000056776	2.9644140379916704
2.534628000005678	2.9643957681412405
2.534629000005678	2.964377498527084
2.534630000005678	2.964359229149337
2.534631000005678	2.9643409600081476
2.5346320000056783	2.96432269110367
2.5346330000056785	2.9643044224360624
2.5346340000056786	2.964286154005487
2.5346350000056788	2.9642678858121054
2.534636000005679	2.964249617856081
2.534637000005679	2.964231350137576
2.534638000005679	2.964213082656753
2.5346390000056793	2.9641948154137627
2.5346400000056795	2.9641765484087568
2.5346410000056796	2.9641582816418732
2.5346420000056797	2.9641400151132533
2.53464300000568	2.964121748823028
2.53464400000568	2.96410348277133
2.53464500000568	2.964085216958282
2.5346460000056803	2.964066951384013
2.5346470000056804	2.9640486860486552
2.5346480000056806	2.9640304209523407
2.5346490000056807	2.9640121560952073
2.534650000005681	2.9639938914773984
2.534651000005681	2.963975627099068
2.534652000005681	2.963957362960372
2.5346530000056813	2.9639390990614736
2.5346540000056814	2.963920835402534
2.5346550000056816	2.9639025719837226
2.5346560000056817	2.9638843088052007
2.534657000005682	2.96386604586713
2.534658000005682	2.9638477831696646
2.534659000005682	2.9638295207129537
2.5346600000056823	2.963811258497138
2.5346610000056824	2.963792996522354
2.5346620000056825	2.963774734788729
2.5346630000056827	2.963756473296387
2.534664000005683	2.963738212045453
2.534665000005683	2.9637199510360506
2.534666000005683	2.9637016902683064
2.5346670000056832	2.963683429742349
2.5346680000056834	2.9636651694583236
2.5346690000056835	2.9636469094163806
2.5346700000056837	2.963628649616677
2.534671000005684	2.963610390059378
2.534672000005684	2.9635921307446536
2.534673000005684	2.9635738716726756
2.534674000005684	2.9635556128436176
2.5346750000056844	2.9635373542576495
2.5346760000056845	2.9635190959149322
2.5346770000056846	2.963500837815625
2.5346780000056848	2.9634825799598707
2.534679000005685	2.9634643223478054
2.534680000005685	2.963446064979558
2.534681000005685	2.9634278078552447
2.5346820000056853	2.9634095509749794
2.5346830000056855	2.963391294338875
2.5346840000056856	2.9633730379470444
2.5346850000056858	2.9633547817996084
2.534686000005686	2.963336525896692
2.534687000005686	2.963318270238431
2.534688000005686	2.963300014824977
2.5346890000056863	2.9632817596564833
2.5346900000056864	2.963263504733123
2.5346910000056866	2.9632452500550683
2.5346920000056867	2.9632269956225006
2.534693000005687	2.963208741435597
2.534694000005687	2.963190487494537
2.534695000005687	2.963172233799484
2.5346960000056873	2.9631539803505906
2.5346970000056874	2.9631357271480003
2.5346980000056876	2.9631174741918374
2.5346990000056877	2.9630992214822176
2.534700000005688	2.9630809690192437
2.534701000005688	2.9630627168029973
2.534702000005688	2.963044464833565
2.5347030000056883	2.963026213111033
2.5347040000056884	2.9630079616354883
2.5347050000056885	2.9629897104070295
2.5347060000056887	2.9629714594257734
2.534707000005689	2.9629532086918426
2.534708000005689	2.962934958205381
2.534709000005689	2.9629167079665493
2.5347100000056892	2.962898457975523
2.5347110000056894	2.962880208232484
2.5347120000056895	2.9628619587376277
2.5347130000056897	2.962843709491153
2.53471400000569	2.962825460493253
2.53471500000569	2.9628072117441224
2.53471600000569	2.9627889632439435
2.5347170000056902	2.9627707149928852
2.5347180000056904	2.962752466991106
2.5347190000056905	2.962734219238753
2.5347200000056906	2.9627159717359612
2.534721000005691	2.9626977244828576
2.534722000005691	2.9626794774795515
2.534723000005691	2.9626612307261735
2.534724000005691	2.9626429842228403
2.5347250000056913	2.9626247379696773
2.5347260000056915	2.962606491966817
2.5347270000056916	2.9625882462143975
2.5347280000056918	2.962570000712568
2.534729000005692	2.9625517554614857
2.534730000005692	2.96253351046131
2.534731000005692	2.9625152657122067
2.5347320000056923	2.9624970212143498
2.5347330000056925	2.962478776967901
2.5347340000056926	2.9624605329730107
2.5347350000056927	2.9624422892298297
2.534736000005693	2.9624240457385
2.534737000005693	2.962405802499153
2.534738000005693	2.96238755951191
2.5347390000056933	2.9623693167768845
2.5347400000056934	2.962351074294182
2.5347410000056936	2.9623328320639106
2.5347420000056937	2.962314590086174
2.534743000005694	2.9622963483610794
2.534744000005694	2.9622781068887445
2.534745000005694	2.962259865669294
2.5347460000056943	2.962241624702861
2.5347470000056944	2.9622233839895924
2.5347480000056946	2.9622051435296517
2.5347490000056947	2.962186903323204
2.534750000005695	2.9621686633704245
2.534751000005695	2.962150423671495
2.534752000005695	2.9621321842265944
2.5347530000056953	2.9621139450359055
2.5347540000056954	2.9620957060996003
2.5347550000056955	2.9620774674178456
2.5347560000056957	2.9620592289908023
2.534757000005696	2.9620409908186107
2.534758000005696	2.9620227529014103
2.534759000005696	2.9620045152393275
2.5347600000056962	2.961986277832477
2.5347610000056964	2.9619680406809685
2.5347620000056965	2.961949803784908
2.5347630000056967	2.961931567144398
2.534764000005697	2.9619133307595455
2.534765000005697	2.9618950946304556
2.534766000005697	2.961876858757243
2.534767000005697	2.9618586231400332
2.5347680000056974	2.961840387778957
2.5347690000056975	2.9618221526741535
2.5347700000056976	2.961803917825772
2.5347710000056978	2.9617856832339617
2.534772000005698	2.9617674488988937
2.534773000005698	2.961749214820733
2.534774000005698	2.961730980999648
2.5347750000056983	2.9617127474358105
2.5347760000056985	2.961694514129384
2.5347770000056986	2.96167628108053
2.5347780000056988	2.961658048289403
2.534779000005699	2.9616398157561505
2.534780000005699	2.9616215834809165
2.534781000005699	2.961603351463839
2.5347820000056993	2.9615851197050365
2.5347830000056994	2.961566888204634
2.5347840000056996	2.9615486569627554
2.5347850000056997	2.961530425979522
2.5347860000057	2.9615121952550574
2.5347870000057	2.9614939647894976
2.5347880000057	2.961475734582978
2.5347890000057003	2.961457504635639
2.5347900000057004	2.96143927494764
2.5347910000057006	2.961421045519138
2.5347920000057007	2.9614028163503
2.534793000005701	2.961384587441294
2.534794000005701	2.9613663587922905
2.534795000005701	2.9613481304034583
2.5347960000057013	2.9613299022749593
2.5347970000057014	2.9613116744069523
2.5347980000057015	2.961293446799586
2.5347990000057017	2.961275219452995
2.534800000005702	2.961256992367307
2.534801000005702	2.9612387655426415
2.534802000005702	2.961220538979108
2.5348030000057022	2.96120231267681
2.5348040000057024	2.9611840866358508
2.5348050000057025	2.9611658608563323
2.5348060000057027	2.9611476353383677
2.534807000005703	2.9611294100820715
2.534808000005703	2.961111185087566
2.534809000005703	2.9610929603549896
2.5348100000057032	2.9610747358844796
2.5348110000057034	2.9610565116761896
2.5348120000057035	2.96103828773027
2.5348130000057036	2.9610200640468816
2.534814000005704	2.9610018406261727
2.534815000005704	2.9609836174682944
2.534816000005704	2.9609653945733876
2.534817000005704	2.960947171941586
2.5348180000057043	2.9609289495730082
2.5348190000057045	2.960910727467767
2.5348200000057046	2.9608925056259676
2.5348210000057048	2.9608742840477102
2.534822000005705	2.960856062733095
2.534823000005705	2.9608378416822245
2.534824000005705	2.9608196208952062
2.5348250000057053	2.9608014003721674
2.5348260000057055	2.9607831801132405
2.5348270000057056	2.9607649601185737
2.5348280000057057	2.9607467403883287
2.534829000005706	2.9607285209226837
2.534830000005706	2.960710301721822
2.534831000005706	2.9606920827859344
2.5348320000057063	2.9606738641152117
2.5348330000057064	2.96065564570983
2.5348340000057066	2.96063742756997
2.5348350000057067	2.9606192096957806
2.534836000005707	2.960600992087417
2.534837000005707	2.9605827747450055
2.534838000005707	2.9605645576686617
2.5348390000057073	2.960546340858488
2.5348400000057074	2.9605281243087966
2.5348410000057076	2.960509908024932
2.5348420000057077	2.960491692008481
2.534843000005708	2.9604734762595566
2.534844000005708	2.960455260778259
2.534845000005708	2.9604370455646913
2.5348460000057083	2.960418830618953
2.5348470000057084	2.960400615941151
2.5348480000057085	2.960382401531393
2.5348490000057087	2.960364187389805
2.534850000005709	2.9603459735165085
2.534851000005709	2.9603277599116473
2.534852000005709	2.9603095465753597
2.5348530000057092	2.9602913335077936
2.5348540000057094	2.9602731207090955
2.5348550000057095	2.960254908179406
2.5348560000057097	2.9602366959188613
2.53485700000571	2.960218483927586
2.53485800000571	2.9602002722056913
2.53485900000571	2.96018206075328
2.53486000000571	2.9601638495704417
2.5348610000057104	2.960145638657258
2.5348620000057105	2.9601274280138052
2.5348630000057106	2.960109217642659
2.5348640000057108	2.960091007541619
2.534865000005711	2.9600727977104326
2.534866000005711	2.9600545881492026
2.534867000005711	2.9600363788580593
2.5348680000057113	2.9600181698371584
2.5348690000057115	2.9599999610866776
2.5348700000057116	2.9599817526068124
2.5348710000057117	2.9599635443977723
2.534872000005712	2.9599453364597723
2.534873000005712	2.959927128793015
2.534874000005712	2.9599089213976892
2.5348750000057123	2.959890714273958
2.5348760000057124	2.959872507421953
2.5348770000057126	2.9598543008417746
2.5348780000057127	2.9598360945334847
2.534879000005713	2.959817888497111
2.534880000005713	2.9597996827326636
2.534881000005713	2.9597814772401354
2.5348820000057133	2.9597632720171614
2.5348830000057134	2.95974506706819
2.5348840000057136	2.9597268623891844
2.5348850000057137	2.9597086579842715
2.534886000005714	2.959690453849484
2.534887000005714	2.959672249986672
2.534888000005714	2.9596540463964094
2.5348890000057143	2.9596358430789285
2.5348900000057144	2.9596176400344945
2.5348910000057145	2.9595994372633916
2.5348920000057147	2.9595812347659116
2.534893000005715	2.9595630325423437
2.534894000005715	2.9595448305929515
2.534895000005715	2.9595266289179727
2.5348960000057152	2.9595084275175996
2.5348970000057154	2.9594902263919822
2.5348980000057155	2.959472025541222
2.5348990000057157	2.9594538249653763
2.534900000005716	2.959435624667014
2.534901000005716	2.959417424643835
2.534902000005716	2.9593992248954133
2.5349030000057162	2.9593810254217168
2.5349040000057164	2.959362826222732
2.5349050000057165	2.9593446272984703
2.5349060000057166	2.95932642864898
2.534907000005717	2.9593082302743476
2.534908000005717	2.9592900321746987
2.534909000005717	2.959271834350197
2.534910000005717	2.959253636801024
2.5349110000057173	2.959235439527389
2.5349120000057175	2.959217242529502
2.5349130000057176	2.95919904580757
2.5349140000057178	2.9591808493617906
2.534915000005718	2.9591626531923363
2.534916000005718	2.959144457299356
2.534917000005718	2.9591262616829797
2.5349180000057183	2.959108066343306
2.5349190000057185	2.959089871280415
2.5349200000057186	2.959071676494372
2.5349210000057187	2.959053481985239
2.534922000005719	2.959035287753086
2.534923000005719	2.9590170937979834
2.534924000005719	2.958998900120026
2.5349250000057193	2.9589807067195033
2.5349260000057194	2.9589625135962865
2.5349270000057196	2.958944320750586
2.5349280000057197	2.9589261281825645
2.53492900000572	2.958907935892399
2.53493000000572	2.95888974388027
2.53493100000572	2.958871552146362
2.5349320000057203	2.9588533606908496
2.5349330000057204	2.958835169513902
2.5349340000057206	2.9588169786156744
2.5349350000057207	2.958798787996311
2.534936000005721	2.958780597655943
2.534937000005721	2.9587624075946914
2.534938000005721	2.9587442178126717
2.5349390000057213	2.958726028309996
2.5349400000057214	2.9587078390867667
2.5349410000057215	2.958689650143084
2.5349420000057217	2.9586714614790783
2.534943000005722	2.958653273094863
2.534944000005722	2.958635084990555
2.534945000005722	2.95861689716627
2.5349460000057222	2.9585987096221196
2.5349470000057224	2.9585805223582122
2.5349480000057225	2.958562335374768
2.5349490000057227	2.9585441486717157
2.534950000005723	2.9585259622491824
2.534951000005723	2.958507776107259
2.534952000005723	2.9584895902460313
2.534953000005723	2.958471404665595
2.5349540000057234	2.9584532193660515
2.5349550000057235	2.9584350343475183
2.5349560000057236	2.958416849610127
2.5349570000057238	2.9583986651540255
2.534958000005724	2.9583804809793857
2.534959000005724	2.9583622970863934
2.534960000005724	2.958344113475244
2.5349610000057243	2.9583259301461426
2.5349620000057245	2.958307747099294
2.5349630000057246	2.958289564334899
2.5349640000057247	2.9582713818531445
2.534965000005725	2.958253199654202
2.534966000005725	2.958235017738226
2.534967000005725	2.958216836105341
2.5349680000057253	2.9581986547556585
2.5349690000057254	2.958180473689263
2.5349700000057256	2.958162292906223
2.5349710000057257	2.9581441124065986
2.534972000005726	2.9581259321904407
2.534973000005726	2.9581077522578063
2.534974000005726	2.9580895726087455
2.5349750000057263	2.958071393243318
2.5349760000057264	2.958053214161594
2.5349770000057266	2.9580350353636526
2.5349780000057267	2.958016856849585
2.534979000005727	2.957998678619493
2.534980000005727	2.9579805006734845
2.534981000005727	2.9579623230116736
2.5349820000057273	2.9579441456341797
2.5349830000057274	2.9579259685411268
2.5349840000057275	2.9579077917326417
2.5349850000057277	2.9578896152088556
2.534986000005728	2.957871438969903
2.534987000005728	2.957853263015928
2.534988000005728	2.95783508734708
2.5349890000057282	2.9578169119635134
2.5349900000057284	2.9577987368655445
2.5349910000057285	2.9577805620531095
2.5349920000057287	2.9577623875264374
2.534993000005729	2.957744213285695
2.534994000005729	2.957726039331038
2.534995000005729	2.957707865662618
2.534996000005729	2.9576896922805718
2.5349970000057294	2.9576715191850247
2.5349980000057295	2.957653346376083
2.5349990000057296	2.9576351738538382
2.53500000000573	2.9576170016183734
2.53500100000573	2.9575988296697635
2.53500200000573	2.9575806580080823
2.53500300000573	2.957562486633403
2.5350040000057303	2.9575443155458143
2.5350050000057305	2.9575261447454206
2.5350060000057306	2.957507974232334
2.5350070000057308	2.957489804006651
2.535008000005731	2.9574716340685563
2.535009000005731	2.95745346441821
2.535010000005731	2.957435295055776
2.5350110000057313	2.9574171259814124
2.5350120000057315	2.9573989571952666
2.5350130000057316	2.9573807886974683
2.5350140000057317	2.957362620488132
2.535015000005732	2.9573444525673453
2.535016000005732	2.957326284935175
2.535017000005732	2.95730811759167
2.5350180000057323	2.9572899505368677
2.5350190000057324	2.957271783770807
2.5350200000057326	2.957253617293535
2.5350210000057327	2.9572354511051193
2.535022000005733	2.95721728520565
2.535023000005733	2.957199119595257
2.535024000005733	2.9571809542740977
2.5350250000057333	2.9571627892423735
2.5350260000057334	2.957144624500308
2.5350270000057336	2.957126460048143
2.5350280000057337	2.9571082958861337
2.535029000005734	2.957090132014524
2.535030000005734	2.957071968433549
2.535031000005734	2.957053805143408
2.5350320000057343	2.9570356421442665
2.5350330000057344	2.957017479436252
2.5350340000057345	2.956999317019444
2.5350350000057347	2.956981154893888
2.535036000005735	2.956962993059607
2.535037000005735	2.956944831516605
2.535038000005735	2.9569266702648793
2.5350390000057352	2.9569085093044363
2.5350400000057354	2.9568903486353033
2.5350410000057355	2.956872188257541
2.5350420000057357	2.956854028171233
2.535043000005736	2.9568358683765092
2.535044000005736	2.9568177088735252
2.535045000005736	2.9567995496624673
2.535046000005736	2.956781390743528
2.5350470000057364	2.956763232116904
2.5350480000057365	2.956745073782784
2.5350490000057366	2.956726915741493
2.5350500000057368	2.9567087579929576
2.535051000005737	2.956690600537351
2.535052000005737	2.956672443374767
2.535053000005737	2.9566542865052723
2.5350540000057373	2.956636129928924
2.5350550000057375	2.95661797364577
2.5350560000057376	2.9565998176558614
2.5350570000057377	2.9565816619592744
2.535058000005738	2.9565635065561007
2.535059000005738	2.9565453514464664
2.535060000005738	2.9565271966305224
2.5350610000057383	2.9565090421084554
2.5350620000057384	2.95649088788047
2.5350630000057386	2.956472733946789
2.5350640000057387	2.9564545803076387
2.535065000005739	2.95643642696324
2.535066000005739	2.956418273913792
2.535067000005739	2.9564001211594735
2.5350680000057393	2.9563819687004314
2.5350690000057394	2.956363816536778
2.5350700000057396	2.956345664668598
2.5350710000057397	2.9563275130959528
2.53507200000574	2.956309361818878
2.53507300000574	2.956291210837414
2.53507400000574	2.956273060151594
2.5350750000057403	2.9562549097614643
2.5350760000057404	2.956236759667095
2.5350770000057405	2.956218609868569
2.5350780000057407	2.9562004603660026
2.535079000005741	2.9561823111595285
2.535080000005741	2.956164162249297
2.535081000005741	2.956146013635471
2.5350820000057412	2.956127865318216
2.5350830000057414	2.956109717297691
2.5350840000057415	2.9560915695740415
2.5350850000057417	2.9560734221475324
2.535086000005742	2.9560552750180733
2.535087000005742	2.956037128185813
2.535088000005742	2.956018981650821
2.535089000005742	2.9560008354131635
2.5350900000057424	2.9559826894728958
2.5350910000057425	2.955964543830078
2.5350920000057426	2.9559463984847785
2.535093000005743	2.9559282534370825
2.535094000005743	2.955910108687086
2.535095000005743	2.955891964234914
2.535096000005743	2.955873820080704
2.5350970000057433	2.955855676224609
2.5350980000057435	2.9558375326667936
2.5350990000057436	2.9558193894074307
2.5351000000057438	2.9558012464466903
2.535101000005744	2.9557831037847353
2.535102000005744	2.955764961421723
2.535103000005744	2.955746819357795
2.5351040000057443	2.955728677593081
2.5351050000057445	2.9557105361276927
2.5351060000057446	2.955692394961734
2.5351070000057447	2.9556742540952965
2.535108000005745	2.955656113528466
2.535109000005745	2.955637973261329
2.535110000005745	2.9556198332939707
2.5351110000057453	2.955601693626475
2.5351120000057454	2.9555835542589364
2.5351130000057456	2.9555654151914523
2.5351140000057457	2.9555472764241233
2.535115000005746	2.9555291379570523
2.535116000005746	2.955510999790356
2.535117000005746	2.9554928619241427
2.5351180000057463	2.955474724359388
2.5351190000057464	2.9554565870949876
2.5351200000057466	2.9554384501313575
2.5351210000057467	2.955420313468615
2.535122000005747	2.9554021771068872
2.535123000005747	2.9553840410463166
2.535124000005747	2.9553659052870507
2.5351250000057473	2.95534776982924
2.5351260000057474	2.95532963467305
2.5351270000057475	2.955311499818635
2.5351280000057477	2.9552933652661535
2.535129000005748	2.9552752310157597
2.535130000005748	2.9552570970675975
2.535131000005748	2.9552389634217957
2.5351320000057482	2.955220830078474
2.5351330000057484	2.9552026970377314
2.5351340000057485	2.955184564299659
2.5351350000057487	2.9551664318643325
2.535136000005749	2.955148299731822
2.535137000005749	2.9551301679021975
2.535138000005749	2.9551120363755254
2.535139000005749	2.955093905151885
2.5351400000057494	2.955075774231368
2.5351410000057495	2.955057643614074
2.5351420000057496	2.9550395133001226
2.5351430000057498	2.955021383289643
2.53514400000575	2.955003253582777
2.53514500000575	2.9549851241796747
2.53514600000575	2.954966995080484
2.5351470000057503	2.954948866285346
2.5351480000057505	2.9549307377943954
2.5351490000057506	2.9549126096077476
2.5351500000057507	2.954894481725538
2.535151000005751	2.9548763541479364
2.535152000005751	2.9548582268748156
2.535153000005751	2.954840099906293
2.5351540000057513	2.95482197324242
2.5351550000057514	2.954803846883247
2.5351560000057516	2.954785720828843
2.5351570000057517	2.9547675950792827
2.535158000005752	2.9547494696346703
2.535159000005752	2.95473134449513
2.535160000005752	2.954713219660809
2.5351610000057523	2.9546950951318807
2.5351620000057524	2.9546769709085354
2.5351630000057526	2.9546588469909665
2.5351640000057527	2.9546407233793777
2.535165000005753	2.9546226000739613
2.535166000005753	2.9546044770748945
2.535167000005753	2.9545863543823354
2.5351680000057533	2.9545682319964186
2.5351690000057534	2.9545501099172458
2.5351700000057535	2.954531988144897
2.5351710000057537	2.9545138666794255
2.535172000005754	2.954495745520869
2.535173000005754	2.954477624669254
2.535174000005754	2.9544595041246065
2.5351750000057542	2.95444138388696
2.5351760000057544	2.954423263956366
2.5351770000057545	2.954405144332889
2.5351780000057547	2.9543870250166173
2.535179000005755	2.9543689060076663
2.535180000005755	2.954350787306175
2.535181000005755	2.9543326689122993
2.535182000005755	2.9543145508262114
2.5351830000057554	2.954296433048088
2.5351840000057555	2.9542783155781005
2.5351850000057556	2.9542601984164234
2.535186000005756	2.9542420815632133
2.535187000005756	2.954223965018616
2.535188000005756	2.9542058487827516
2.535189000005756	2.954187732855727
2.5351900000057563	2.9541696172376315
2.5351910000057565	2.954151501928636
2.5351920000057566	2.9541333869286697
2.5351930000057568	2.9541152722378348
2.535194000005757	2.9540971578561956
2.535195000005757	2.954079043783823
2.535196000005757	2.9540609300207974
2.5351970000057573	2.954042816567209
2.5351980000057575	2.95402470342316
2.5351990000057576	2.954006590588764
2.5352000000057577	2.953988478064145
2.535201000005758	2.9539703658494347
2.535202000005758	2.953952253944769
2.535203000005758	2.953934142350282
2.5352040000057583	2.953916031066112
2.5352050000057584	2.953897920092387
2.5352060000057586	2.953879809429229
2.5352070000057587	2.9538616990767563
2.535208000005759	2.953843589035075
2.535209000005759	2.9538254793042835
2.535210000005759	2.9538073698844753
2.5352110000057593	2.9537892607757343
2.5352120000057594	2.9537711519781413
2.5352130000057596	2.953753043491776
2.5352140000057597	2.9537349353167146
2.53521500000576	2.953716827453039
2.53521600000576	2.953698719900834
2.53521700000576	2.9536806126601864
2.5352180000057603	2.953662505731191
2.5352190000057604	2.953644399113948
2.5352200000057605	2.9536262928085657
2.5352210000057607	2.9536081868151114
2.535222000005761	2.9535900811337727
2.535223000005761	2.9535719757646572
2.535224000005761	2.953553870707894
2.5352250000057612	2.9535357659636183
2.5352260000057614	2.953517661531958
2.5352270000057615	2.9534995574130445
2.5352280000057617	2.9534814536070098
2.535229000005762	2.9534633501139806
2.535230000005762	2.953445246934077
2.535231000005762	2.9534271440674194
2.535232000005762	2.9534090415141208
2.5352330000057623	2.953390939274293
2.5352340000057625	2.9533728373480437
2.5352350000057626	2.953354735735474
2.5352360000057628	2.953336634436691
2.535237000005763	2.953318533451792
2.535238000005763	2.9533004327808805
2.535239000005763	2.9532823324240556
2.5352400000057633	2.9532642323814167
2.5352410000057635	2.9532461326530477
2.5352420000057636	2.9532280332390637
2.5352430000057637	2.9532099341395557
2.535244000005764	2.9531918353546125
2.535245000005764	2.9531737368843243
2.535246000005764	2.9531556387287705
2.5352470000057643	2.953137540888038
2.5352480000057644	2.9531194433622066
2.5352490000057646	2.9531013461513598
2.5352500000057647	2.9530832492555796
2.535251000005765	2.953065152674956
2.535252000005765	2.953047056409585
2.535253000005765	2.953028960459569
2.5352540000057653	2.953010864825022
2.5352550000057654	2.952992769506066
2.5352560000057656	2.952974674502828
2.5352570000057657	2.952956579815451
2.535258000005766	2.952938485444079
2.535259000005766	2.9529203913888518
2.535260000005766	2.9529022976499153
2.5352610000057663	2.9528842042274066
2.5352620000057664	2.952866111121458
2.5352630000057665	2.952848018332327
2.5352640000057667	2.9528299258599082
2.535265000005767	2.952811833704362
2.535266000005767	2.952793741865773
2.535267000005767	2.9527756503442184
2.5352680000057672	2.952757559139767
2.5352690000057674	2.952739468252488
2.5352700000057675	2.952721377682446
2.5352710000057677	2.9527032874297126
2.535272000005768	2.9526851974943624
2.535273000005768	2.952667107876481
2.535274000005768	2.952649018576161
2.535275000005768	2.952630929593507
2.5352760000057684	2.952612840928626
2.5352770000057685	2.952594752581639
2.5352780000057686	2.952576664552665
2.535279000005769	2.9525585768418248
2.535280000005769	2.952540489449239
2.535281000005769	2.9525224023750214
2.535282000005769	2.952504315619281
2.5352830000057693	2.9524862291821212
2.5352840000057695	2.9524681430636326
2.5352850000057696	2.9524500572639023
2.5352860000057698	2.9524319717830094
2.53528700000577	2.952413886621033
2.53528800000577	2.952395801778056
2.53528900000577	2.952377717254144
2.5352900000057703	2.9523596330493844
2.5352910000057705	2.9523415491638643
2.5352920000057706	2.9523234655976793
2.5352930000057707	2.9523053823509344
2.535294000005771	2.952287299423747
2.535295000005771	2.952269216816236
2.535296000005771	2.9522511345285296
2.5352970000057713	2.9522330525607683
2.5352980000057714	2.9522149709130847
2.5352990000057716	2.952196889585621
2.5353000000057717	2.9521788085785112
2.535301000005772	2.9521607278918887
2.535302000005772	2.9521426475258807
2.535303000005772	2.952124567480607
2.5353040000057723	2.9521064877561782
2.5353050000057724	2.9520884083526915
2.5353060000057726	2.9520703292702386
2.5353070000057727	2.9520522505089004
2.535308000005773	2.952034172068747
2.535309000005773	2.9520160939498417
2.535310000005773	2.9519980161522446
2.5353110000057733	2.9519799386760095
2.5353120000057734	2.951961861521186
2.5353130000057735	2.951943784687834
2.5353140000057737	2.951925708176008
2.535315000005774	2.9519076319857778
2.535316000005774	2.951889556117213
2.535317000005774	2.951871480570401
2.5353180000057742	2.951853405345436
2.5353190000057744	2.951835330442424
2.5353200000057745	2.95181725586148
2.5353210000057746	2.9517991816027367
2.535322000005775	2.9517811076662306
2.535323000005775	2.951763034052255
2.535324000005775	2.95174496076089
2.535325000005775	2.9517268877922778
2.5353260000057753	2.9517088151465485
2.5353270000057755	2.9516907428238235
2.5353280000057756	2.951672670824215
2.5353290000057758	2.9516545991478282
2.535330000005776	2.9516365277947547
2.535331000005776	2.9516184567650825
2.535332000005776	2.9516003860588875
2.5353330000057763	2.951582315676245
2.5353340000057765	2.9515642456172304
2.5353350000057766	2.9515461758819144
2.5353360000057767	2.9515281064703727
2.535337000005777	2.951510037382683
2.535338000005777	2.951491968618923
2.535339000005777	2.9514739001791854
2.5353400000057773	2.9514558320635556
2.5353410000057774	2.9514377642721232
2.5353420000057776	2.9514196968049813
2.5353430000057777	2.951401629662224
2.535344000005778	2.951383562843946
2.535345000005778	2.95136549635024
2.535346000005778	2.9513474301812
2.5353470000057783	2.9513293643369187
2.5353480000057784	2.951311298817496
2.5353490000057786	2.951293233623031
2.5353500000057787	2.9512751687536283
2.535351000005779	2.9512571042093962
2.535352000005779	2.9512390399904502
2.535353000005779	2.9512209760969084
2.5353540000057793	2.951202912528885
2.5353550000057794	2.9511848492865065
2.5353560000057795	2.9511667863698956
2.5353570000057797	2.9511487237791663
2.53535800000578	2.9511306615144215
2.53535900000578	2.9511125995757594
2.53536000000578	2.9510945379632623
2.5353610000057802	2.951076476677005
2.5353620000057804	2.951058415717046
2.5353630000057805	2.9510403550834363
2.5353640000057807	2.9510222947762226
2.535365000005781	2.9510042347954486
2.535366000005781	2.9509861751411615
2.535367000005781	2.9509681158134176
2.535368000005781	2.950950056812281
2.5353690000057814	2.950931998137831
2.5353700000057815	2.9509139397901634
2.5353710000057816	2.9508958817693896
2.535372000005782	2.9508778240756355
2.535373000005782	2.950859766709037
2.535374000005782	2.950841709669731
2.535375000005782	2.950823652957868
2.5353760000057823	2.950805596573582
2.5353770000057825	2.9507875405169983
2.5353780000057826	2.950769484788236
2.5353790000057828	2.9507514293873967
2.535380000005783	2.9507333743145674
2.535381000005783	2.950715319569819
2.535382000005783	2.9506972651532117
2.5353830000057833	2.9506792110648017
2.5353840000057835	2.9506611573046366
2.5353850000057836	2.950643103872334
2.5353860000057837	2.950625050768604
2.535387000005784	2.9506069979933307
2.535388000005784	2.950588945546599
2.535389000005784	2.950570893428495
2.5353900000057843	2.950552841639127
2.5353910000057844	2.9505347901786028
2.5353920000057846	2.950516739047045
2.5353930000057847	2.9504986882445774
2.535394000005785	2.950480637771326
2.535395000005785	2.950462587627415
2.535396000005785	2.950444537812965
2.5353970000057853	2.950426488328085
2.5353980000057854	2.9504084391728767
2.5353990000057856	2.9503903903474384
2.5354000000057857	2.950372341851853
2.535401000005786	2.95035429368619
2.535402000005786	2.950336245850524
2.535403000005786	2.9503181983450255
2.5354040000057863	2.9503001511695732
2.5354050000057864	2.950282104324281
2.5354060000057865	2.9502640578092043
2.5354070000057867	2.950246011624402
2.535408000005787	2.950227965769934
2.535409000005787	2.950209920245866
2.535410000005787	2.9501918750522655
2.5354110000057872	2.9501738301892058
2.5354120000057874	2.9501557856567615
2.5354130000057875	2.950137741455014
2.5354140000057876	2.950119697584058
2.535415000005788	2.9501016540439924
2.535416000005788	2.950083610834918
2.535417000005788	2.95006556795695
2.535418000005788	2.950047525410206
2.5354190000057883	2.950029483194806
2.5354200000057885	2.950011441310872
2.5354210000057886	2.949993399758524
2.5354220000057888	2.9499753585378867
2.535423000005789	2.9499573176490763
2.535424000005789	2.9499392770922026
2.535425000005789	2.949921236867358
2.5354260000057893	2.949903196974634
2.5354270000057895	2.949885157414103
2.5354280000057896	2.9498671181858325
2.5354290000057897	2.9498490792898777
2.53543000000579	2.949831040726294
2.53543100000579	2.949813002495137
2.53543200000579	2.9497949645964687
2.5354330000057903	2.949776927030352
2.5354340000057904	2.949758889796866
2.5354350000057906	2.9497408528961033
2.5354360000057907	2.949722816328173
2.535437000005791	2.9497047800931893
2.535438000005791	2.9496867441912817
2.535439000005791	2.94966870862258
2.5354400000057913	2.9496506733872168
2.5354410000057914	2.9496326384853164
2.5354420000057916	2.9496146039169906
2.5354430000057917	2.949596569682343
2.535444000005792	2.9495785357814537
2.535445000005792	2.9495605022143874
2.535446000005792	2.9495424689811935
2.5354470000057923	2.949524436081906
2.5354480000057924	2.9495064035165517
2.5354490000057925	2.9494883712851596
2.5354500000057927	2.949470339387759
2.535451000005793	2.9494523078243877
2.535452000005793	2.9494342765951
2.535453000005793	2.9494162456999664
2.5354540000057932	2.9493982151390776
2.5354550000057934	2.949380184912537
2.5354560000057935	2.9493621550204607
2.5354570000057937	2.9493441254629804
2.535458000005794	2.94932609624022
2.535459000005794	2.9493080673523147
2.535460000005794	2.9492900387993735
2.535461000005794	2.9492720105815056
2.5354620000057944	2.9492539826987954
2.5354630000057945	2.9492359551513205
2.5354640000057946	2.949217927939143
2.5354650000057948	2.949199901062315
2.535466000005795	2.949181874520886
2.535467000005795	2.949163848314909
2.535468000005795	2.9491458224444407
2.5354690000057953	2.9491277969095524
2.5354700000057955	2.9491097717103267
2.5354710000057956	2.9490917468468676
2.5354720000057958	2.9490737223192873
2.535473000005796	2.949055698127719
2.535474000005796	2.949037674272293
2.535475000005796	2.9490196507531428
2.5354760000057963	2.9490016275704
2.5354770000057965	2.9489836047241793
2.5354780000057966	2.948965582214585
2.5354790000057967	2.9489475600416974
2.535480000005797	2.9489295382055807
2.535481000005797	2.9489115167062834
2.535482000005797	2.9488934955438415
2.5354830000057973	2.9488754747182813
2.5354840000057974	2.9488574542296337
2.5354850000057976	2.9488394340779345
2.5354860000057977	2.9488214142632354
2.535487000005798	2.9488033947856063
2.535488000005798	2.948785375645142
2.535489000005798	2.9487673568419512
2.5354900000057983	2.948749338376163
2.5354910000057984	2.948731320247914
2.5354920000057986	2.948713302457358
2.5354930000057987	2.9486952850046446
2.535494000005799	2.9486772678899125
2.535495000005799	2.948659251113286
2.535496000005799	2.948641234674853
2.5354970000057993	2.948623218574713
2.5354980000057994	2.948605202812912
2.5354990000057995	2.948587187389481
2.5355000000057997	2.94856917230443
2.5355010000058	2.948551157557759
2.5355020000058	2.948533143149464
2.5355030000058	2.948515129079542
2.5355040000058002	2.9484971153480006
2.5355050000058004	2.948479101954871
2.5355060000058005	2.948461088900198
2.5355070000058006	2.948443076184052
2.535508000005801	2.9484250638065324
2.535509000005801	2.948407051767752
2.535510000005801	2.948389040067842
2.535511000005801	2.9483710287069482
2.5355120000058013	2.948353017685216
2.5355130000058015	2.948335007002795
2.5355140000058016	2.9483169966598246
2.5355150000058018	2.948298986656433
2.535516000005802	2.948280976992741
2.535517000005802	2.94826296766884
2.535518000005802	2.948244958684831
2.5355190000058023	2.948226950040791
2.5355200000058025	2.9482089417367856
2.5355210000058026	2.948190933772875
2.5355220000058027	2.9481729261491174
2.535523000005803	2.9481549188655674
2.535524000005803	2.948136911922286
2.535525000005803	2.9481189053193293
2.5355260000058033	2.948100899056764
2.5355270000058034	2.948082893134653
2.5355280000058036	2.948064887553061
2.5355290000058037	2.9480468823120596
2.535530000005804	2.9480288774117174
2.535531000005804	2.948010872852109
2.535532000005804	2.9479928686333072
2.5355330000058043	2.9479748647553885
2.5355340000058044	2.9479568612184326
2.5355350000058046	2.9479388580225248
2.5355360000058047	2.9479208551677463
2.535537000005805	2.947902852654191
2.535538000005805	2.9478848504819504
2.535539000005805	2.947866848651123
2.5355400000058053	2.9478488471618034
2.5355410000058054	2.947830846014091
2.5355420000058055	2.9478128452080727
2.5355430000058057	2.947794844743839
2.535544000005806	2.9477768446214685
2.535545000005806	2.9477588448410277
2.535546000005806	2.947740845402577
2.5355470000058062	2.9477228463061707
2.5355480000058064	2.94770484755185
2.5355490000058065	2.947686849139659
2.5355500000058067	2.9476688510696345
2.535551000005807	2.947650853341821
2.535552000005807	2.9476328559562646
2.535553000005807	2.947614858913026
2.535554000005807	2.947596862212175
2.5355550000058074	2.947578865853793
2.5355560000058075	2.947560869837978
2.5355570000058076	2.9475428741648324
2.5355580000058078	2.9475248788344595
2.535559000005808	2.947506883846971
2.535560000005808	2.9474888892024795
2.535561000005808	2.9474708949010915
2.5355620000058083	2.947452900942903
2.5355630000058085	2.9474349073280552
2.5355640000058086	2.947416914056546
2.5355650000058088	2.9473989211284644
2.535566000005809	2.947380928543865
2.535567000005809	2.9473629363027998
2.535568000005809	2.9473449444053217
2.5355690000058093	2.947326952851476
2.5355700000058095	2.947308961641321
2.5355710000058096	2.947290970774918
2.5355720000058097	2.9472729802523485
2.53557300000581	2.9472549900736844
2.53557400000581	2.9472370002390167
2.53557500000581	2.947219010748441
2.5355760000058103	2.947201021602053
2.5355770000058104	2.9471830327999515
2.5355780000058106	2.947165044342226
2.5355790000058107	2.9471470562289657
2.535580000005811	2.9471290684602454
2.535581000005811	2.9471110810361334
2.535582000005811	2.9470930939566884
2.5355830000058113	2.947075107221963
2.5355840000058114	2.947057120832171
2.5355850000058116	2.947039134787086
2.5355860000058117	2.9470211490868405
2.535587000005812	2.9470031637314817
2.535588000005812	2.9469851787210724
2.535589000005812	2.9469671940556816
2.5355900000058123	2.946949209735385
2.5355910000058124	2.946931225760276
2.5355920000058125	2.946913242130448
2.5355930000058127	2.9468952588459945
2.535594000005813	2.9468772759069695
2.535595000005813	2.946859293313531
2.535596000005813	2.946841311065726
2.5355970000058132	2.9468233291636303
2.5355980000058134	2.946805347607302
2.5355990000058135	2.9467873663967956
2.5356000000058136	2.946769385532141
2.535601000005814	2.9467514050133756
2.535602000005814	2.9467334248405708
2.535603000005814	2.9467154450137722
2.535604000005814	2.9466974655330334
2.5356050000058143	2.9466794863984203
2.5356060000058145	2.946661507610008
2.5356070000058146	2.94664352916789
2.5356080000058148	2.946625551072165
2.535609000005815	2.946607573322946
2.535610000005815	2.9465895959203476
2.535611000005815	2.946571618864484
2.5356120000058153	2.9465536421554677
2.5356130000058155	2.946535665793391
2.5356140000058156	2.9465176897783536
2.5356150000058157	2.94649971411043
2.535616000005816	2.9464817387896844
2.535617000005816	2.946463763816165
2.535618000005816	2.9464457891899207
2.5356190000058163	2.946427814910979
2.5356200000058164	2.946409840979366
2.5356210000058166	2.9463918673951217
2.5356220000058167	2.9463738941582824
2.535623000005817	2.946355921268903
2.535624000005817	2.9463379487270442
2.535625000005817	2.946319976532781
2.5356260000058173	2.946302004686199
2.5356270000058174	2.946284033187396
2.5356280000058176	2.9462660620364667
2.5356290000058177	2.946248091233515
2.535630000005818	2.9462301207786368
2.535631000005818	2.946212150671922
2.535632000005818	2.946194180913453
2.5356330000058183	2.9461762115033006
2.5356340000058184	2.9461582424415194
2.5356350000058185	2.9461402737281546
2.5356360000058187	2.94612230536325
2.535637000005819	2.946104337346835
2.535638000005819	2.9460863696789445
2.535639000005819	2.946068402359609
2.5356400000058192	2.9460504353888735
2.5356410000058194	2.9460324687667856
2.5356420000058195	2.9460145024934046
2.5356430000058197	2.945996536568799
2.53564400000582	2.945978570993053
2.53564500000582	2.9459606057662557
2.53564600000582	2.9459426408885028
2.53564700000582	2.9459246763599
2.5356480000058204	2.9459067121805425
2.5356490000058205	2.9458887483505283
2.5356500000058206	2.9458707848699497
2.5356510000058208	2.9458528217388964
2.535652000005821	2.9458348589574483
2.535653000005821	2.9458168965256823
2.535654000005821	2.945798934443664
2.5356550000058213	2.9457809727114608
2.5356560000058215	2.945763011329135
2.5356570000058216	2.9457450502967437
2.5356580000058218	2.945727089614349
2.535659000005822	2.9457091292820126
2.535660000005822	2.9456911692997934
2.535661000005822	2.9456732096677567
2.5356620000058223	2.945655250385963
2.5356630000058225	2.9456372914544793
2.5356640000058226	2.945619332873367
2.5356650000058227	2.9456013746426923
2.535666000005823	2.945583416762512
2.535667000005823	2.9455654592328853
2.535668000005823	2.9455475020538637
2.5356690000058233	2.945529545225503
2.5356700000058234	2.9455115887478613
2.5356710000058236	2.945493632620993
2.5356720000058237	2.9454756768449535
2.535673000005824	2.945457721419808
2.535674000005824	2.945439766345622
2.535675000005824	2.9454218116224653
2.5356760000058243	2.945403857250413
2.5356770000058244	2.9453859032295435
2.5356780000058246	2.9453679495599374
2.5356790000058247	2.945349996241681
2.535680000005825	2.9453320432748544
2.535681000005825	2.945314090659539
2.535682000005825	2.9452961383958143
2.5356830000058252	2.9452781864837516
2.5356840000058254	2.945260234923422
2.5356850000058255	2.9452422837148884
2.5356860000058257	2.9452243328582166
2.535687000005826	2.9452063823534633
2.535688000005826	2.945188432200682
2.535689000005826	2.9451704823999307
2.5356900000058262	2.94515253295126
2.5356910000058264	2.945134583854723
2.5356920000058265	2.9451166351103737
2.5356930000058266	2.9450986867182714
2.535694000005827	2.9450807386784676
2.535695000005827	2.945062790991026
2.535696000005827	2.9450448436560053
2.535697000005827	2.94502689667347
2.5356980000058273	2.9450089500434813
2.5356990000058275	2.9449910037661047
2.5357000000058276	2.9449730578414104
2.5357010000058278	2.9449551122694633
2.535702000005828	2.944937167050339
2.535703000005828	2.9449192221841125
2.535704000005828	2.9449012776708625
2.5357050000058283	2.944883333510671
2.5357060000058285	2.9448653897036015
2.5357070000058286	2.9448474462497813
2.5357080000058287	2.944829503149281
2.535709000005829	2.9448115604021883
2.535710000005829	2.9447936180085814
2.535711000005829	2.944775675968537
2.5357120000058293	2.9447577342821236
2.5357130000058294	2.9447397929494055
2.5357140000058296	2.944721851970432
2.5357150000058297	2.944703911345248
2.53571600000583	2.944685971073885
2.53571700000583	2.9446680311563873
2.53571800000583	2.9446500915927736
2.5357190000058303	2.944632152383083
2.5357200000058304	2.9446142135273554
2.5357210000058306	2.944596275025637
2.5357220000058307	2.944578336877979
2.535723000005831	2.944560399084444
2.535724000005831	2.944542461645107
2.535725000005831	2.94452452456005
2.5357260000058313	2.944506587829361
2.5357270000058314	2.9444886514531365
2.5357280000058315	2.944470715431469
2.5357290000058317	2.9444527797644517
2.535730000005832	2.944434844452167
2.535731000005832	2.944416909494693
2.535732000005832	2.9443989748920916
2.5357330000058322	2.94438104064442
2.5357340000058324	2.9443631067517217
2.5357350000058325	2.9443451732140278
2.5357360000058327	2.9443272400313685
2.535737000005833	2.9443093072037683
2.535738000005833	2.944291374731259
2.535739000005833	2.944273442613875
2.535740000005833	2.94425551085166
2.5357410000058334	2.9442375794446716
2.5357420000058335	2.944219648392978
2.5357430000058336	2.9442017176966604
2.5357440000058338	2.944183787355808
2.535745000005834	2.944165857370518
2.535746000005834	2.9441479277408913
2.535747000005834	2.94412999846703
2.5357480000058343	2.9441120695490235
2.5357490000058345	2.9440941409869628
2.5357500000058346	2.944076212780918
2.5357510000058348	2.944058284930951
2.535752000005835	2.9440403574371112
2.535753000005835	2.944022430299437
2.535754000005835	2.94400450351796
2.5357550000058353	2.9439865770926996
2.5357560000058355	2.9439686510236855
2.5357570000058356	2.943950725310944
2.5357580000058357	2.943932799954512
2.535759000005836	2.9439148749544373
2.535760000005836	2.9438969503107675
2.535761000005836	2.9438790260235788
2.5357620000058363	2.9438611020929497
2.5357630000058364	2.943843178518964
2.5357640000058366	2.9438252553017112
2.5357650000058367	2.943807332441282
2.535766000005837	2.943789409937765
2.535767000005837	2.9437714877912393
2.535768000005837	2.943753566001774
2.5357690000058373	2.94373564456943
2.5357700000058374	2.9437177234942555
2.5357710000058375	2.9436998027762895
2.5357720000058377	2.9436818824155653
2.535773000005838	2.9436639624121077
2.535774000005838	2.9436460427659457
2.535775000005838	2.943628123477103
2.5357760000058382	2.9436102045456196
2.5357770000058384	2.943592285971535
2.5357780000058385	2.9435743677549038
2.5357790000058387	2.9435564498957896
2.535780000005839	2.9435385323942644
2.535781000005839	2.943520615250411
2.535782000005839	2.943502698464314
2.5357830000058392	2.943484782036063
2.5357840000058394	2.9434668659657444
2.5357850000058395	2.943448950253444
2.5357860000058396	2.9434310348992385
2.53578700000584	2.9434131199031968
2.53578800000584	2.9433952052653782
2.53578900000584	2.943377290985836
2.53579000000584	2.9433593770646147
2.5357910000058403	2.943341463501754
2.5357920000058405	2.943323550297289
2.5357930000058406	2.943305637451254
2.5357940000058408	2.9432877249636813
2.535795000005841	2.9432698128346124
2.535796000005841	2.943251901064085
2.535797000005841	2.9432339896521507
2.5357980000058413	2.9432160785988595
2.5357990000058415	2.9431981679042667
2.5358000000058416	2.9431802575684367
2.5358010000058417	2.9431623475914273
2.535802000005842	2.9431444379733116
2.535803000005842	2.9431265287141515
2.535804000005842	2.9431086198140117
2.5358050000058423	2.943090711272957
2.5358060000058424	2.9430728030910487
2.5358070000058426	2.9430548952683426
2.5358080000058427	2.943036987804898
2.535809000005843	2.943019080700769
2.535810000005843	2.943001173956007
2.535811000005843	2.9429832675706664
2.5358120000058433	2.942965361544799
2.5358130000058434	2.942947455878454
2.5358140000058436	2.942929550571683
2.5358150000058437	2.9429116456245374
2.535816000005844	2.9428937410370692
2.535817000005844	2.94287583680933
2.535818000005844	2.9428579329413735
2.5358190000058443	2.9428400294332495
2.5358200000058444	2.9428221262850127
2.5358210000058445	2.9428042234967156
2.5358220000058447	2.942786321068415
2.535823000005845	2.9427684190001675
2.535824000005845	2.942750517292028
2.535825000005845	2.9427326159440597
2.5358260000058452	2.9427147149563204
2.5358270000058454	2.942696814328889
2.5358280000058455	2.942678914061793
2.5358290000058457	2.942661014155108
2.535830000005846	2.942643114608888
2.535831000005846	2.942625215423188
2.535832000005846	2.942607316598063
2.535833000005846	2.942589418133559
2.5358340000058464	2.9425715200297247
2.5358350000058465	2.942553622286601
2.5358360000058466	2.94253572490423
2.5358370000058468	2.942517827882657
2.535838000005847	2.9424999312219198
2.535839000005847	2.9424820349220675
2.535840000005847	2.9424641389831487
2.5358410000058473	2.942446243405219
2.5358420000058475	2.9424283481883404
2.5358430000058476	2.942410453332575
2.5358440000058478	2.942392558837995
2.535845000005848	2.94237466470467
2.535846000005848	2.942356770932673
2.535847000005848	2.9423388775220753
2.5358480000058483	2.9423209844729437
2.5358490000058485	2.9423030917853357
2.5358500000058486	2.9422851994593078
2.5358510000058487	2.942267307494902
2.535852000005849	2.9422494158921575
2.535853000005849	2.942231524651104
2.535854000005849	2.9422136337717637
2.5358550000058493	2.9421957432541617
2.5358560000058494	2.9421778530983187
2.5358570000058496	2.942159963304259
2.5358580000058497	2.942142073872017
2.53585900000585	2.942124184801629
2.53586000000585	2.9421062960931414
2.53586100000585	2.942088407746608
2.5358620000058503	2.9420705197621
2.5358630000058504	2.942052632139691
2.5358640000058505	2.9420347448794573
2.5358650000058507	2.9420168579814767
2.535866000005851	2.941998971445826
2.535867000005851	2.94198108527258
2.535868000005851	2.941963199461802
2.5358690000058512	2.9419453140135547
2.5358700000058514	2.9419274289278863
2.5358710000058515	2.941909544204839
2.5358720000058517	2.94189165984445
2.535873000005852	2.9418737758467524
2.535874000005852	2.94185589221178
2.535875000005852	2.941838008939568
2.5358760000058522	2.9418201260301555
2.5358770000058524	2.94180224348359
2.5358780000058525	2.941784361299926
2.5358790000058526	2.9417664794792273
2.535880000005853	2.941748598021568
2.535881000005853	2.941730716927019
2.535882000005853	2.941712836195659
2.535883000005853	2.9416949558275607
2.5358840000058533	2.941677075822796
2.5358850000058535	2.941659196181427
2.5358860000058536	2.9416413169035063
2.5358870000058538	2.9416234379890773
2.535888000005854	2.9416055594381705
2.535889000005854	2.9415876812508106
2.535890000005854	2.941569803427013
2.5358910000058543	2.941551925966787
2.5358920000058545	2.941534048870146
2.5358930000058546	2.94151617213711
2.5358940000058547	2.9414982957677007
2.535895000005855	2.941480419761955
2.535896000005855	2.9414625441199216
2.535897000005855	2.9414446688416604
2.5358980000058553	2.9414267939272416
2.5358990000058554	2.9414089193767445
2.5359000000058556	2.9413910451902545
2.5359010000058557	2.9413731713678626
2.535902000005856	2.9413552979096536
2.535903000005856	2.9413374248157003
2.535904000005856	2.94131955208608
2.5359050000058563	2.941301679720853
2.5359060000058564	2.941283807720063
2.5359070000058566	2.9412659360837488
2.5359080000058567	2.9412480648119352
2.535909000005857	2.941230193904643
2.535910000005857	2.9412123233618894
2.535911000005857	2.9411944531836904
2.5359120000058573	2.9411765833700643
2.5359130000058574	2.9411587139210384
2.5359140000058575	2.9411408448366485
2.5359150000058577	2.9411229761169415
2.535916000005858	2.9411051077619703
2.535917000005858	2.9410872397718038
2.535918000005858	2.941069372146514
2.5359190000058582	2.9410515048861745
2.5359200000058584	2.9410336379908637
2.5359210000058585	2.9410157714606586
2.5359220000058587	2.9409979052956334
2.535923000005859	2.9409800394958503
2.535924000005859	2.9409621740613705
2.535925000005859	2.9409443089922407
2.535926000005859	2.9409264442885044
2.5359270000058594	2.9409085799501993
2.5359280000058595	2.9408907159773516
2.5359290000058596	2.9408728523699925
2.5359300000058598	2.9408549891281432
2.53593100000586	2.9408371262518336
2.53593200000586	2.940819263741096
2.53593300000586	2.9408014015959623
2.5359340000058603	2.9407835398164703
2.5359350000058605	2.9407656784026597
2.5359360000058606	2.940747817354579
2.5359370000058608	2.9407299566724463
2.535938000005861	2.9407120963561644
2.535939000005861	2.940694236405775
2.535940000005861	2.940676376821327
2.5359410000058613	2.9406585176028717
2.5359420000058615	2.940640658750465
2.5359430000058616	2.940622800264152
2.5359440000058617	2.9406049421439833
2.535945000005862	2.940587084390009
2.535946000005862	2.9405692270022765
2.535947000005862	2.9405513699808394
2.5359480000058623	2.940533513325745
2.5359490000058624	2.9405156570370314
2.5359500000058626	2.940497801114766
2.5359510000058627	2.9404799455590047
2.535952000005863	2.940462090369754
2.535953000005863	2.9404442355471283
2.535954000005863	2.940426381091151
2.5359550000058633	2.9404085270018663
2.5359560000058634	2.940390673279313
2.5359570000058635	2.9403728199235264
2.5359580000058637	2.940354966934537
2.535959000005864	2.9403371143123804
2.535960000005864	2.94031926205708
2.535961000005864	2.9403014101686726
2.5359620000058642	2.9402835586471894
2.5359630000058644	2.940265707492672
2.5359640000058645	2.940247856705158
2.5359650000058647	2.9402300062846987
2.535966000005865	2.940212156231345
2.535967000005865	2.9401943065451497
2.535968000005865	2.9401764572261753
2.5359690000058652	2.9401586082744795
2.5359700000058654	2.9401407596901263
2.5359710000058655	2.940122911473175
2.5359720000058656	2.940105063623685
2.535973000005866	2.9400872161417118
2.535974000005866	2.9400693690273054
2.535975000005866	2.940051522280513
2.535976000005866	2.9400336759013785
2.5359770000058663	2.940015829889943
2.5359780000058665	2.9399979842462427
2.5359790000058666	2.9399801389703124
2.5359800000058668	2.9399622940621883
2.535981000005867	2.9399444495219016
2.535982000005867	2.9399266053494912
2.535983000005867	2.939908761544984
2.5359840000058673	2.9398909181084223
2.5359850000058675	2.9398730750398374
2.5359860000058676	2.939855232339264
2.5359870000058677	2.9398373900067356
2.535988000005868	2.9398195480422906
2.535989000005868	2.93980170644596
2.535990000005868	2.93978386521778
2.5359910000058683	2.9397660243577857
2.5359920000058684	2.9397481838660147
2.5359930000058686	2.9397303437426276
2.5359940000058687	2.9397125039874714
2.535995000005869	2.939694664600653
2.535996000005869	2.9396768255822234
2.535997000005869	2.939658986932238
2.5359980000058693	2.939641148650751
2.5359990000058694	2.9396233107378276
2.5360000000058696	2.939605473193528
2.5360010000058697	2.9395876360179116
2.53600200000587	2.939569799211037
2.53600300000587	2.939551962772958
2.53600400000587	2.9395341267037147
2.5360050000058703	2.939516291003335
2.5360060000058704	2.9394984556718677
2.5360070000058705	2.9394806207093422
2.5360080000058707	2.9394627861157767
2.536009000005871	2.9394449518911947
2.536010000005871	2.939427118035614
2.536011000005871	2.93940928454906
2.5360120000058712	2.939391451431559
2.5360130000058714	2.939373618683147
2.5360140000058715	2.939355786303868
2.5360150000058717	2.93933795429377
2.536016000005872	2.9393201226529104
2.536017000005872	2.9393022913813533
2.536018000005872	2.939284460479163
2.536019000005872	2.93926662994641
2.5360200000058724	2.9392487997831576
2.5360210000058725	2.9392309699894623
2.5360220000058726	2.939213140565374
2.5360230000058728	2.939195311510935
2.536024000005873	2.9391774828261723
2.536025000005873	2.9391596545111076
2.536026000005873	2.9391418265657503
2.5360270000058733	2.9391239989901075
2.5360280000058735	2.939106171784182
2.5360290000058736	2.939088344947978
2.5360300000058738	2.9390705184815027
2.536031000005874	2.939052692384771
2.536032000005874	2.9390348666578126
2.536033000005874	2.939017041300662
2.5360340000058743	2.9389992163133662
2.5360350000058745	2.938981391695986
2.5360360000058746	2.938963567448588
2.5360370000058747	2.938945743571247
2.536038000005875	2.9389279200640366
2.536039000005875	2.938910096927031
2.536040000005875	2.9388922741603003
2.5360410000058753	2.9388744517639087
2.5360420000058754	2.9388566297379106
2.5360430000058756	2.938838808082349
2.5360440000058757	2.9388209867972583
2.536045000005876	2.9388031658826677
2.536046000005876	2.938785345338594
2.536047000005876	2.938767525165054
2.5360480000058763	2.9387497053620617
2.5360490000058764	2.9387318859296356
2.5360500000058765	2.9387140668677905
2.5360510000058767	2.9386962481765564
2.536052000005877	2.9386784298559587
2.536053000005877	2.9386606119060352
2.536054000005877	2.938642794326825
2.5360550000058772	2.938624977118373
2.5360560000058774	2.9386071602807275
2.5360570000058775	2.938589343813936
2.5360580000058777	2.9385715277180418
2.536059000005878	2.938553711993092
2.536060000005878	2.938535896639127
2.536061000005878	2.938518081656184
2.5360620000058782	2.9385002670443
2.5360630000058784	2.938482452803509
2.5360640000058785	2.938464638933841
2.5360650000058786	2.9384468254353355
2.536066000005879	2.9384290123080232
2.536067000005879	2.938411199551947
2.536068000005879	2.938393387167148
2.536069000005879	2.9383755751536733
2.5360700000058793	2.9383577635115694
2.5360710000058795	2.938339952240888
2.5360720000058796	2.9383221413416747
2.5360730000058798	2.93830433081398
2.53607400000588	2.9382865206578455
2.53607500000588	2.9382687108733125
2.53607600000588	2.938250901460411
2.5360770000058803	2.9382330924191677
2.5360780000058805	2.9382152837496065
2.5360790000058806	2.938197475451742
2.5360800000058807	2.9381796675255893
2.536081000005881	2.938161859971165
2.536082000005881	2.9381440527884832
2.536083000005881	2.9381262459770876
2.5360840000058813	2.938108439537217
2.5360850000058814	2.9380906334691628
2.5360860000058816	2.938072827772966
2.5360870000058817	2.938055022448671
2.536088000005882	2.9380372174963285
2.536089000005882	2.938019412916
2.536090000005882	2.9380016087077436
2.5360910000058823	2.9379838048716245
2.5360920000058824	2.937966001407702
2.5360930000058826	2.9379481983160347
2.5360940000058827	2.937930395596674
2.536095000005883	2.9379125932496617
2.536096000005883	2.937894791275036
2.536097000005883	2.937876989672823
2.5360980000058833	2.937859188443044
2.5360990000058834	2.937841387585709
2.5361000000058835	2.9378235871008305
2.5361010000058837	2.9378057869884087
2.536102000005884	2.9377879872484547
2.536103000005884	2.9377701878809837
2.536104000005884	2.9377523888859973
2.5361050000058842	2.937734590263523
2.5361060000058844	2.9377167920135863
2.5361070000058845	2.937698994136224
2.5361080000058847	2.9376811966314786
2.536109000005885	2.9376633994993924
2.536110000005885	2.9376456027400333
2.536111000005885	2.9376278063534675
2.536112000005885	2.937610010339757
2.5361130000058854	2.937592214698963
2.5361140000058855	2.9375744194311557
2.5361150000058856	2.9375566245363944
2.5361160000058858	2.9375388300147285
2.536117000005886	2.9375210358662067
2.536118000005886	2.9375032420908647
2.536119000005886	2.937485448688732
2.5361200000058863	2.937467655659826
2.5361210000058865	2.937449863004162
2.5361220000058866	2.9374320707217425
2.5361230000058868	2.9374142788125677
2.536124000005887	2.937396487276636
2.536125000005887	2.9373786961139468
2.536126000005887	2.937360905324765
2.5361270000058873	2.9373431149086833
2.5361280000058875	2.9373253248658293
2.5361290000058876	2.937307535196225
2.5361300000058877	2.93728974589991
2.536131000005888	2.9372719569769385
2.536132000005888	2.9372541684273705
2.536133000005888	2.9372363802512815
2.5361340000058883	2.9372185924487484
2.5361350000058884	2.937200805019848
2.5361360000058886	2.9371830179647396
2.5361370000058887	2.937165231283377
2.536138000005889	2.9371474449758614
2.536139000005889	2.9371296590422467
2.536140000005889	2.9371118734825745
2.5361410000058893	2.9370940882968792
2.5361420000058894	2.9370763034851786
2.5361430000058895	2.937058519047479
2.5361440000058897	2.937040734983782
2.53614500000589	2.9370229512940784
2.53614600000589	2.9370051679783593
2.53614700000589	2.93698738503662
2.5361480000058902	2.936969602468857
2.5361490000058904	2.9369518202750786
2.5361500000058905	2.9369340384552993
2.5361510000058907	2.936916257009548
2.536152000005891	2.936898475937866
2.536153000005891	2.9368806952402986
2.536154000005891	2.936862914916905
2.5361550000058912	2.9368451349677436
2.5361560000058914	2.936827355392885
2.5361570000058915	2.9368095761923816
2.5361580000058916	2.936791797366295
2.536159000005892	2.9367740189146745
2.536160000005892	2.9367562408375574
2.536161000005892	2.93673846313498
2.536162000005892	2.936720685806962
2.5361630000058923	2.9367029088535213
2.5361640000058925	2.9366851322746688
2.5361650000058926	2.9366673560704126
2.5361660000058928	2.936649580240763
2.536167000005893	2.936631804785735
2.536168000005893	2.9366140297053467
2.536169000005893	2.9365962549996234
2.5361700000058933	2.936578480668601
2.5361710000058935	2.9365607067123163
2.5361720000058936	2.9365429331308177
2.5361730000058937	2.9365251599241557
2.536174000005894	2.9365073870923806
2.536175000005894	2.9364896146355455
2.536176000005894	2.9364718425536966
2.5361770000058943	2.9364540708468736
2.5361780000058944	2.936436299515114
2.5361790000058946	2.9364185285584448
2.5361800000058947	2.9364007579768883
2.536181000005895	2.9363829877704637
2.536182000005895	2.936365217939186
2.536183000005895	2.9363474484830694
2.5361840000058953	2.936329679402126
2.5361850000058954	2.936311910696382
2.5361860000058956	2.936294142365859
2.5361870000058957	2.9362763744105895
2.536188000005896	2.936258606830613
2.536189000005896	2.936240839625973
2.536190000005896	2.936223072796717
2.5361910000058963	2.936205306342896
2.5361920000058964	2.9361875402645596
2.5361930000058965	2.936169774561749
2.5361940000058967	2.936152009234507
2.536195000005897	2.936134244282864
2.536196000005897	2.9361164797068455
2.536197000005897	2.9360987155064695
2.5361980000058972	2.9360809516817445
2.5361990000058974	2.936063188232677
2.5362000000058975	2.9360454251592683
2.5362010000058977	2.9360276624615214
2.536202000005898	2.936009900139444
2.536203000005898	2.935992138193048
2.536204000005898	2.9359743766223523
2.536205000005898	2.935956615427385
2.5362060000058984	2.935938854608182
2.5362070000058985	2.9359210941642226
2.5362080000058986	2.9359033340965093
2.5362090000058988	2.9358855744048062
2.536210000005899	2.9358678150891713
2.536211000005899	2.9358500561496506
2.536212000005899	2.9358322975862836
2.5362130000058993	2.9358145393991038
2.5362140000058995	2.9357967815881367
2.5362150000058996	2.9357790241534016
2.5362160000058998	2.9357612670949087
2.5362170000059	2.9357435104141536
2.5362180000059	2.9357257541092525
2.5362190000059	2.935707998180501
2.5362200000059003	2.9356902426279006
2.5362210000059004	2.935672487451493
2.5362220000059006	2.9356547326513063
2.5362230000059007	2.935636978227398
2.536224000005901	2.935619224180049
2.536225000005901	2.935601470508942
2.536226000005901	2.935583717214248
2.5362270000059013	2.9355659642960172
2.5362280000059014	2.9355482117543006
2.5362290000059016	2.935530459589139
2.5362300000059017	2.9355127078005703
2.536231000005902	2.935494956388624
2.536232000005902	2.9354772053533225
2.536233000005902	2.935459454694682
2.5362340000059023	2.9354417044127166
2.5362350000059024	2.9354239545074363
2.5362360000059025	2.93540620497885
2.5362370000059027	2.9353884558269745
2.536238000005903	2.935370707051821
2.536239000005903	2.93535295865341
2.536240000005903	2.9353352106317674
2.5362410000059032	2.9353174629869203
2.5362420000059034	2.935299715718896
2.5362430000059035	2.9352819688277307
2.5362440000059037	2.9352642223134593
2.536245000005904	2.935246476176119
2.536246000005904	2.9352287304157376
2.536247000005904	2.935210985032352
2.5362480000059042	2.93519324002599
2.5362490000059044	2.935175495396687
2.5362500000059045	2.9351577511444686
2.5362510000059046	2.9351400072693634
2.536252000005905	2.9351222637714014
2.536253000005905	2.9351045206506146
2.536254000005905	2.935086777907036
2.536255000005905	2.9350690355406974
2.5362560000059053	2.9350512935516417
2.5362570000059055	2.9350335519399025
2.5362580000059056	2.935015810705522
2.5362590000059058	2.9349980698485365
2.536260000005906	2.9349803293689813
2.536261000005906	2.934962589266886
2.536262000005906	2.9349448495422794
2.5362630000059063	2.934927110195178
2.5362640000059065	2.934909371225594
2.5362650000059066	2.9348916326335313
2.5362660000059067	2.934873894418988
2.536267000005907	2.9348561565819558
2.536268000005907	2.9348384191224226
2.536269000005907	2.9348206820403795
2.5362700000059073	2.9348029453358175
2.5362710000059074	2.934785209008734
2.5362720000059076	2.934767473059134
2.5362730000059077	2.934749737487032
2.536274000005908	2.9347320022924563
2.536275000005908	2.934714267475444
2.536276000005908	2.9346965330360515
2.5362770000059083	2.9346787989743355
2.5362780000059084	2.934661065290369
2.5362790000059086	2.934643331984225
2.5362800000059087	2.9346255990559813
2.536281000005909	2.93460786650571
2.536282000005909	2.9345901343334773
2.536283000005909	2.934572402539341
2.5362840000059093	2.9345546711233474
2.5362850000059094	2.9345369400855237
2.5362860000059095	2.9345192094258854
2.5362870000059097	2.934501479144437
2.53628800000591	2.934483749241166
2.53628900000591	2.9344660197160555
2.53629000000591	2.934448290569079
2.5362910000059102	2.934430561800211
2.5362920000059104	2.9344128334094277
2.5362930000059105	2.934395105396715
2.5362940000059107	2.9343773777620634
2.536295000005911	2.934359650505483
2.536296000005911	2.9343419236269885
2.536297000005911	2.9343241971266205
2.536298000005911	2.9343064710044193
2.5362990000059114	2.9342887452604436
2.5363000000059115	2.9342710198947595
2.5363010000059116	2.934253294907438
2.5363020000059118	2.934235570298546
2.536303000005912	2.9342178460681514
2.536304000005912	2.9342001222163114
2.536305000005912	2.9341823987430793
2.5363060000059123	2.934164675648494
2.5363070000059125	2.934146952932582
2.5363080000059126	2.9341292305953584
2.5363090000059128	2.934111508636829
2.536310000005913	2.934093787056994
2.536311000005913	2.9340760658558436
2.536312000005913	2.934058345033368
2.5363130000059133	2.934040624589555
2.5363140000059134	2.9340229045243973
2.5363150000059136	2.9340051848378894
2.5363160000059137	2.933987465530037
2.536317000005914	2.933969746600849
2.536318000005914	2.9339520280503453
2.536319000005914	2.9339343098785484
2.5363200000059143	2.9339165920854904
2.5363210000059144	2.9338988746712023
2.5363220000059146	2.933881157635726
2.5363230000059147	2.9338634409790942
2.536324000005915	2.933845724701347
2.536325000005915	2.933828008802518
2.536326000005915	2.9338102932826384
2.5363270000059153	2.933792578141735
2.5363280000059154	2.9337748633798335
2.5363290000059155	2.933757148996957
2.5363300000059157	2.9337394349931287
2.536331000005916	2.933721721368359
2.536332000005916	2.933704008122673
2.536333000005916	2.933686295256084
2.5363340000059162	2.9336685827686138
2.5363350000059164	2.933650870660285
2.5363360000059165	2.9336331589311224
2.5363370000059167	2.9336154475811522
2.536338000005917	2.9335977366104036
2.536339000005917	2.9335800260189058
2.536340000005917	2.9335623158066886
2.5363410000059172	2.9335446059737844
2.5363420000059174	2.933526896520306
2.5363430000059175	2.9335091874461656
2.5363440000059176	2.933491478751412
2.536345000005918	2.9334737704360685
2.536346000005918	2.933456062500159
2.536347000005918	2.9334383549436986
2.536348000005918	2.9334206477667033
2.5363490000059183	2.933402940969189
2.5363500000059185	2.933385234551166
2.5363510000059186	2.933367528512644
2.5363520000059188	2.9333498228536343
2.536353000005919	2.9333321175741456
2.536354000005919	2.933314412674188
2.536355000005919	2.9332967081537746
2.5363560000059193	2.9332790040129155
2.5363570000059195	2.9332613002516323
2.5363580000059196	2.9332435968699406
2.5363590000059197	2.933225893867865
2.53636000000592	2.9332081912454266
2.53636100000592	2.9331904890026523
2.53636200000592	2.9331727871395725
2.5363630000059203	2.9331550856562134
2.5363640000059204	2.9331373845526074
2.5363650000059206	2.9331196838287807
2.5363660000059207	2.933101983484762
2.536367000005921	2.933084283520571
2.536368000005921	2.9330665839362355
2.536369000005921	2.9330488847317704
2.5363700000059213	2.933031185907193
2.5363710000059214	2.933013487462515
2.5363720000059216	2.9329957893977507
2.5363730000059217	2.9329780917129096
2.536374000005922	2.932960394408003
2.536375000005922	2.9329426974830453
2.536376000005922	2.932925000938048
2.5363770000059223	2.9329073047730256
2.5363780000059224	2.932889608987999
2.5363790000059225	2.9328719135829906
2.5363800000059227	2.932854218558024
2.536381000005923	2.9328365239131244
2.536382000005923	2.9328188296483204
2.536383000005923	2.9328011357636408
2.5363840000059232	2.93278344225911
2.5363850000059234	2.932765749134753
2.5363860000059235	2.9327480563905897
2.5363870000059237	2.9327303640266367
2.536388000005924	2.932712672042908
2.536389000005924	2.9326949804394133
2.536390000005924	2.932677289216159
2.536391000005924	2.9326595983731476
2.5363920000059244	2.9326419079103845
2.5363930000059245	2.932624217827873
2.5363940000059246	2.932606528125623
2.5363950000059248	2.9325888388036443
2.536396000005925	2.9325711498619516
2.536397000005925	2.932553461300569
2.536398000005925	2.9325357731195254
2.5363990000059253	2.9325180853188537
2.5364000000059255	2.932500397898597
2.5364010000059256	2.932482710858796
2.5364020000059257	2.93246502419943
2.536403000005926	2.9324473379206446
2.536404000005926	2.932429652022452
2.536405000005926	2.932411966504889
2.5364060000059263	2.9323942813679897
2.5364070000059264	2.9323765966117756
2.5364080000059266	2.9323589122362597
2.5364090000059267	2.9323412282414565
2.536410000005927	2.932323544627366
2.536411000005927	2.932305861393989
2.536412000005927	2.9322881785413193
2.5364130000059273	2.9322704960693526
2.5364140000059274	2.9322528139780863
2.5364150000059276	2.9322351322675186
2.5364160000059277	2.9322174509376535
2.536417000005928	2.9321997699875384
2.536418000005928	2.932182089411994
2.536419000005928	2.9321644092295687
2.5364200000059283	2.9321467294166177
2.5364210000059284	2.932129049996618
2.5364220000059285	2.93211137094591
2.5364230000059287	2.932093692287897
2.536424000005929	2.932076013998942
2.536425000005929	2.9320583361024553
2.536426000005929	2.932040658574841
2.5364270000059292	2.9320229814395633
2.5364280000059294	2.9320053046730865
2.5364290000059295	2.9319876282989394
2.5364300000059297	2.9319699522936427
2.53643100000593	2.931952276680776
2.53643200000593	2.9319346014368977
2.53643300000593	2.9319169265856213
2.5364340000059302	2.931899252103458
2.5364350000059304	2.9318815780140737
2.5364360000059305	2.93186390429393
2.5364370000059306	2.9318462309666535
2.536438000005931	2.93182855800868
2.536439000005931	2.931810885443589
2.536440000005931	2.931793213247783
2.536441000005931	2.9317755414448152
2.5364420000059313	2.9317578700110585
2.5364430000059315	2.931740198970054
2.5364440000059316	2.9317225282981645
2.5364450000059318	2.9317048580184437
2.536446000005932	2.931687188115654
2.536447000005932	2.9316695186002732
2.536448000005932	2.931651849458942
2.5364490000059323	2.931634180705167
2.5364500000059325	2.931616512325447
2.5364510000059326	2.9315988443334775
2.5364520000059327	2.931581176715696
2.536453000005933	2.9315635094858705
2.536454000005933	2.9315458426304426
2.536455000005933	2.931528176163175
2.5364560000059333	2.931510510070533
2.5364570000059334	2.931492844366226
2.5364580000059336	2.931475179036751
2.5364590000059337	2.931457514095749
2.536460000005934	2.9314398495297116
2.536461000005934	2.9314221853522393
2.536462000005934	2.931404521549786
2.5364630000059343	2.9313868581359226
2.5364640000059344	2.931369195097077
2.5364650000059346	2.9313515324467976
2.5364660000059347	2.9313338701715126
2.536467000005935	2.9313162082847817
2.536468000005935	2.931298546773014
2.536469000005935	2.9312808856497967
2.5364700000059353	2.9312632249015445
2.5364710000059354	2.9312455645418676
2.5364720000059355	2.9312279045571916
2.5364730000059357	2.9312102449611332
2.536474000005936	2.93119258574013
2.536475000005936	2.9311749269077887
2.536476000005936	2.931157268450524
2.5364770000059362	2.931139610381899
2.5364780000059364	2.9311219526883088
2.5364790000059365	2.9311042953832733
2.5364800000059367	2.9310866384531464
2.536481000005937	2.9310689819114133
2.536482000005937	2.9310513257444075
2.536483000005937	2.9310336699656045
2.536484000005937	2.93101601456135
2.5364850000059374	2.9309983595451463
2.5364860000059375	2.9309807049033885
2.5364870000059376	2.930963050649646
2.5364880000059378	2.9309453967703893
2.536489000005938	2.9309277432792684
2.536490000005938	2.9309100901628353
2.536491000005938	2.9308924374347973
2.5364920000059383	2.9308747850817762
2.5364930000059385	2.9308571331174296
2.5364940000059386	2.9308394815284644
2.5364950000059387	2.9308218303284663
2.536496000005939	2.930804179504088
2.536497000005939	2.930786529068829
2.536498000005939	2.9307688790092548
2.5364990000059393	2.9307512293387736
2.5365000000059394	2.9307335800438654
2.5365010000059396	2.9307159311378643
2.5365020000059397	2.930698282607212
2.53650300000594	2.930680634465216
2.53650400000594	2.93066298669834
2.53650500000594	2.9306453393199297
2.5365060000059403	2.930627692316523
2.5365070000059404	2.930610045701548
2.5365080000059406	2.930592399461627
2.5365090000059407	2.9305747536102857
2.536510000005941	2.930557108134214
2.536511000005941	2.930539463046976
2.536512000005941	2.9305218183352935
2.5365130000059413	2.9305041740127025
2.5365140000059414	2.9304865300658935
2.5365150000059415	2.9304688865083315
2.5365160000059417	2.9304512433266225
2.536517000005942	2.930433600534143
2.536518000005942	2.9304159581174214
2.536519000005942	2.9303983160897586
2.5365200000059422	2.9303806744376426
2.5365210000059424	2.930363033174356
2.5365220000059425	2.930345392286412
2.5365230000059427	2.9303277517871367
2.536524000005943	2.930310111663118
2.536525000005943	2.9302924719277645
2.536526000005943	2.9302748325677657
2.5365270000059432	2.9302571935966073
2.5365280000059434	2.93023955500105
2.5365290000059435	2.9302219167946246
2.5365300000059436	2.9302042789641014
2.536531000005944	2.9301866415229787
2.536532000005944	2.930169004457978
2.536533000005944	2.930151367782507
2.536534000005944	2.9301337314831977
2.5365350000059443	2.930116095573354
2.5365360000059445	2.9300984600395084
2.5365370000059446	2.9300808248948855
2.5365380000059448	2.9300631901259764
2.536539000005945	2.9300455557459855
2.536540000005945	2.9300279217414316
2.536541000005945	2.9300102881255694
2.5365420000059453	2.929992654885006
2.5365430000059455	2.929975022033095
2.5365440000059456	2.9299573895565594
2.5365450000059457	2.9299397574688526
2.536546000005946	2.9299221257567925
2.536547000005946	2.9299044944338983
2.536548000005946	2.9298868634847954
2.5365490000059463	2.9298692329183313
2.5365500000059464	2.929851602735017
2.5365510000059466	2.9298339729349587
2.5365520000059467	2.9298163435182305
2.536553000005947	2.9297987144848654
2.536554000005947	2.9297810858348674
2.536555000005947	2.929763457568189
2.5365560000059473	2.929745829684757
2.5365570000059474	2.9297282021844824
2.5365580000059476	2.929710575067274
2.5365590000059477	2.9296929483330456
2.536560000005948	2.929675321981725
2.536561000005948	2.929657696013263
2.536562000005948	2.9296400704276433
2.5365630000059483	2.929622445224871
2.5365640000059484	2.9296048204049767
2.5365650000059485	2.9295871959680073
2.5365660000059487	2.9295695719140187
2.536567000005949	2.9295519482430685
2.536568000005949	2.929534324955209
2.536569000005949	2.929516702050474
2.5365700000059492	2.9294990795288878
2.5365710000059494	2.9294814573904513
2.5365720000059495	2.9294638356351546
2.5365730000059497	2.929446214262972
2.53657400000595	2.9294285932738706
2.53657500000595	2.9294109726678204
2.53657600000595	2.9293933524447913
2.53657700000595	2.9293757326047585
2.5365780000059504	2.9293581131477078
2.5365790000059505	2.9293404940736383
2.5365800000059506	2.9293228753825553
2.5365810000059508	2.9293052570744718
2.536582000005951	2.9292876391494054
2.536583000005951	2.9292700216073815
2.536584000005951	2.9292524044484236
2.5365850000059513	2.929234787672552
2.5365860000059515	2.9292171712797948
2.5365870000059516	2.929199555270174
2.5365880000059517	2.929181939643719
2.536589000005952	2.9291643244004613
2.536590000005952	2.929146709540441
2.536591000005952	2.9291290950637072
2.5365920000059523	2.92911148097032
2.5365930000059524	2.9290938672603364
2.5365940000059526	2.9290762539338258
2.5365950000059527	2.9290586409908483
2.536596000005953	2.9290410284314627
2.536597000005953	2.929023416255709
2.536598000005953	2.9290058044636083
2.5365990000059533	2.928988193055162
2.5366000000059534	2.9289705820303467
2.5366010000059536	2.9289529713891165
2.5366020000059537	2.9289353611314133
2.536603000005954	2.928917751257166
2.536604000005954	2.928900141766304
2.536605000005954	2.928882532658765
2.5366060000059543	2.9288649239345057
2.5366070000059544	2.9288473155935093
2.5366080000059545	2.928829707635785
2.5366090000059547	2.928812100061379
2.536610000005955	2.9287944928703595
2.536611000005955	2.928776886062822
2.536612000005955	2.9287592796388755
2.5366130000059552	2.9287416735986254
2.5366140000059554	2.928724067942165
2.5366150000059555	2.928706462669568
2.5366160000059557	2.928688857780871
2.536617000005956	2.9286712532760713
2.536618000005956	2.9286536491551303
2.536619000005956	2.9286360454179676
2.536620000005956	2.9286184420644803
2.5366210000059564	2.9286008390945524
2.5366220000059565	2.9285832365080604
2.5366230000059566	2.928565634304901
2.536624000005957	2.9285480324850006
2.536625000005957	2.9285304310483267
2.536626000005957	2.9285128299948915
2.536627000005957	2.928495229324755
2.5366280000059573	2.9284776290380248
2.5366290000059575	2.928460029134844
2.5366300000059576	2.9284424296153695
2.5366310000059578	2.9284248304797713
2.536632000005958	2.9284072317281993
2.536633000005958	2.9283896333607724
2.536634000005958	2.928372035377567
2.5366350000059583	2.9283544377786095
2.5366360000059585	2.9283368405638757
2.5366370000059586	2.9283192437332883
2.5366380000059587	2.9283016472867334
2.536639000005959	2.928284051224079
2.536640000005959	2.928266455545175
2.536641000005959	2.928248860249889
2.5366420000059593	2.9282312653381166
2.5366430000059594	2.928213670809789
2.5366440000059596	2.928196076664886
2.5366450000059597	2.9281784829034376
2.53664600000596	2.928160889525521
2.53664700000596	2.9281432965312417
2.53664800000596	2.9281257039207325
2.5366490000059603	2.9281081116941303
2.5366500000059604	2.928090519851557
2.5366510000059606	2.928072928393111
2.5366520000059607	2.928055337318849
2.536653000005961	2.9280377466287812
2.536654000005961	2.9280201563228743
2.536655000005961	2.928002566401055
2.5366560000059613	2.9279849768632187
2.5366570000059614	2.92796738770925
2.5366580000059615	2.927949798939026
2.5366590000059617	2.9279322105524526
2.536660000005962	2.9279146225494572
2.536661000005962	2.9278970349300173
2.536662000005962	2.9278794476941545
2.5366630000059622	2.927861860841943
2.5366640000059624	2.9278442743734843
2.5366650000059625	2.92782668828891
2.5366660000059627	2.9278091025883657
2.536667000005963	2.9277915172719964
2.536668000005963	2.927773932339927
2.536669000005963	2.92775634779225
2.536670000005963	2.92773876362901
2.5366710000059634	2.927721179850213
2.5366720000059635	2.9277035964558102
2.5366730000059636	2.9276860134457148
2.5366740000059638	2.9276684308198146
2.536675000005964	2.9276508485779846
2.536676000005964	2.927633266720093
2.536677000005964	2.927615685246034
2.5366780000059643	2.927598104155728
2.5366790000059645	2.927580523449133
2.5366800000059646	2.9275629431262504
2.5366810000059647	2.927545363187122
2.536682000005965	2.9275277836318265
2.536683000005965	2.927510204460468
2.536684000005965	2.927492625673164
2.5366850000059653	2.927475047270031
2.5366860000059654	2.927457469251175
2.5366870000059656	2.9274398916166757
2.5366880000059657	2.9274223143665843
2.536689000005966	2.927404737500917
2.536690000005966	2.9273871610196553
2.536691000005966	2.9273695849227526
2.5366920000059663	2.9273520092101433
2.5366930000059664	2.9273344338817457
2.5366940000059666	2.927316858937481
2.5366950000059667	2.927299284377277
2.536696000005967	2.927281710201082
2.536697000005967	2.9272641364088576
2.536698000005967	2.9272465630005953
2.5366990000059673	2.927228989976307
2.5367000000059674	2.927211417336015
2.5367010000059675	2.9271938450797568
2.5367020000059677	2.9271762732075755
2.536703000005968	2.9271587017195033
2.536704000005968	2.9271411306155684
2.536705000005968	2.9271235598957834
2.5367060000059682	2.927105989560147
2.5367070000059684	2.927088419608642
2.5367080000059685	2.927070850041242
2.5367090000059687	2.927053280857917
2.536710000005969	2.9270357120586334
2.536711000005969	2.92701814364337
2.536712000005969	2.9270005756121145
2.536713000005969	2.926983007964874
2.5367140000059694	2.92696544070167
2.5367150000059695	2.9269478738225434
2.5367160000059696	2.926930307327551
2.53671700000597	2.9269127412167553
2.53671800000597	2.926895175490218
2.53671900000597	2.926877610148007
2.53672000000597	2.926860045190172
2.5367210000059703	2.9268424806167577
2.5367220000059705	2.9268249164277846
2.5367230000059706	2.9268073526232614
2.5367240000059708	2.926789789203178
2.536725000005971	2.9267722261675178
2.536726000005971	2.926754663516258
2.536727000005971	2.9267371012493615
2.5367280000059713	2.9267195393668
2.5367290000059715	2.926701977868551
2.5367300000059716	2.9266844167546022
2.5367310000059717	2.9266668560249656
2.536732000005972	2.9266492956796384
2.536733000005972	2.926631735718638
2.536734000005972	2.9266141761419835
2.5367350000059723	2.9265966169496997
2.5367360000059724	2.926579058141804
2.5367370000059726	2.9265614997183187
2.5367380000059727	2.926543941679254
2.536739000005973	2.9265263840246134
2.536740000005973	2.9265088267544006
2.536741000005973	2.9264912698686083
2.5367420000059733	2.9264737133672387
2.5367430000059734	2.9264561572502905
2.5367440000059736	2.926438601517772
2.5367450000059737	2.9264210461697004
2.536746000005974	2.9264034912061008
2.536747000005974	2.926385936627005
2.536748000005974	2.9263683824324573
2.5367490000059743	2.926350828622502
2.5367500000059744	2.92633327519718
2.5367510000059745	2.926315722156527
2.5367520000059747	2.9262981695005674
2.536753000005975	2.926280617229316
2.536754000005975	2.9262630653427757
2.536755000005975	2.926245513840931
2.5367560000059752	2.9262279627237557
2.5367570000059754	2.9262104119912173
2.5367580000059755	2.926192861643281
2.5367590000059757	2.926175311679914
2.536760000005976	2.926157762101093
2.536761000005976	2.926140212906814
2.536762000005976	2.9261226640970914
2.536763000005976	2.92610511567196
2.5367640000059763	2.926087567631469
2.5367650000059765	2.9260700199756897
2.5367660000059766	2.9260524727046993
2.5367670000059768	2.926034925818579
2.536768000005977	2.926017379317406
2.536769000005977	2.925999833201243
2.536770000005977	2.9259822874701373
2.5367710000059773	2.9259647421241106
2.5367720000059775	2.9259471971631625
2.5367730000059776	2.9259296525872633
2.5367740000059777	2.9259121083963757
2.536775000005978	2.925894564590436
2.536776000005978	2.9258770211693763
2.536777000005978	2.925859478133133
2.5367780000059783	2.9258419354816474
2.5367790000059784	2.9258243932148766
2.5367800000059786	2.9258068513328026
2.5367810000059787	2.925789309835425
2.536782000005979	2.9257717687227682
2.536783000005979	2.925754227994874
2.536784000005979	2.9257366876517996
2.5367850000059793	2.925719147693613
2.5367860000059794	2.925701608120378
2.5367870000059796	2.925684068932155
2.5367880000059797	2.9256665301289875
2.53678900000598	2.925648991710906
2.53679000000598	2.9256314536779153
2.53679100000598	2.9256139160300063
2.5367920000059803	2.9255963787671506
2.5367930000059804	2.925578841889309
2.5367940000059805	2.9255613053964353
2.5367950000059807	2.925543769288483
2.536796000005981	2.9255262335654177
2.536797000005981	2.9255086982272145
2.536798000005981	2.9254911632738674
2.5367990000059812	2.9254736287053866
2.5368000000059814	2.9254560945218038
2.5368010000059815	2.925438560723175
2.5368020000059817	2.925421027309552
2.536803000005982	2.925403494280986
2.536804000005982	2.925385961637534
2.536805000005982	2.9253684293792475
2.536806000005982	2.925350897506162
2.5368070000059824	2.925333366018295
2.5368080000059825	2.925315834915649
2.5368090000059826	2.925298304198206
2.536810000005983	2.925280773865934
2.536811000005983	2.925263243918793
2.536812000005983	2.925245714356737
2.536813000005983	2.9252281851797215
2.5368140000059833	2.9252106563877107
2.5368150000059835	2.9251931279806818
2.5368160000059836	2.925175599958627
2.5368170000059838	2.9251580723215604
2.536818000005984	2.9251405450695125
2.536819000005984	2.9251230182025307
2.536820000005984	2.9251054917206707
2.5368210000059843	2.9250879656239963
2.5368220000059845	2.925070439912573
2.5368230000059846	2.92505291458646
2.5368240000059847	2.9250353896457018
2.536825000005985	2.9250178650903282
2.536826000005985	2.9250003409203487
2.536827000005985	2.9249828171357577
2.5368280000059853	2.9249652937365296
2.5368290000059854	2.924947770722621
2.5368300000059856	2.9249302480939776
2.5368310000059857	2.9249127258505405
2.536832000005986	2.924895203992253
2.536833000005986	2.9248776825190594
2.536834000005986	2.9248601614309186
2.5368350000059863	2.924842640727804
2.5368360000059864	2.924825120409701
2.5368370000059866	2.9248076004766115
2.5368380000059867	2.9247900809285587
2.536839000005987	2.924772561765574
2.536840000005987	2.9247550429877003
2.536841000005987	2.924737524594982
2.5368420000059873	2.9247200065874654
2.5368430000059874	2.9247024889651945
2.5368440000059875	2.924684971728199
2.5368450000059877	2.924667454876496
2.536846000005988	2.924649938410094
2.536847000005988	2.92463242232899
2.536848000005988	2.9246149066331606
2.5368490000059882	2.92459739132258
2.5368500000059884	2.9245798763972113
2.5368510000059885	2.9245623618570185
2.5368520000059886	2.9245448477019664
2.536853000005989	2.924527333932025
2.536854000005989	2.9245098205471756
2.536855000005989	2.924492307547411
2.536856000005989	2.9244747949327303
2.5368570000059893	2.924457282703153
2.5368580000059895	2.924439770858705
2.5368590000059896	2.9244222593994196
2.5368600000059898	2.924404748325332
2.53686100000599	2.9243872376364815
2.53686200000599	2.924369727332902
2.53686300000599	2.924352217414616
2.5368640000059903	2.924334707881641
2.5368650000059905	2.9243171987339722
2.5368660000059906	2.9242996899716016
2.5368670000059907	2.9242821815945
2.536868000005991	2.924264673602627
2.536869000005991	2.92424716599594
2.536870000005991	2.924229658774387
2.5368710000059913	2.9242121519379234
2.5368720000059914	2.9241946454865144
2.5368730000059916	2.9241771394187137
2.5368740000059917	2.9241596337390465
2.536875000005992	2.924142128444385
2.536876000005992	2.92412462353481
2.536877000005992	2.9241071190103645
2.5368780000059923	2.9240896148710993
2.5368790000059924	2.9240721111170713
2.5368800000059926	2.9240546077483387
2.5368810000059927	2.924037104764955
2.536882000005993	2.9240196021669687
2.536883000005993	2.9240020999544183
2.536884000005993	2.9239845981273285
2.5368850000059933	2.9239670966857094
2.5368860000059934	2.9239495956295545
2.5368870000059935	2.9239320949588357
2.5368880000059937	2.92391459467351
2.536889000005994	2.9238970947735274
2.536890000005994	2.9238795952588164
2.536891000005994	2.9238620961293016
2.5368920000059942	2.9238445973849103
2.5368930000059944	2.9238270990255724
2.5368940000059945	2.9238096010512287
2.5368950000059947	2.9237921034618384
2.536896000005995	2.9237746062573766
2.536897000005995	2.9237571094379025
2.536898000005995	2.9237396130033786
2.536899000005995	2.9237221169538476
2.5369000000059954	2.9237046212893696
2.5369010000059955	2.9236871260100155
2.5369020000059956	2.923669631115865
2.536903000005996	2.9236521366070005
2.536904000005996	2.9236346424834987
2.536905000005996	2.923617148745428
2.536906000005996	2.9235996553928376
2.5369070000059963	2.9235821624257694
2.5369080000059965	2.9235646698442372
2.5369090000059966	2.92354717764824
2.5369100000059968	2.9235296858377597
2.536911000005997	2.9235121944127656
2.536912000005997	2.9234947033732213
2.536913000005997	2.923477212719081
2.5369140000059973	2.9234597224503127
2.5369150000059975	2.9234422325668827
2.5369160000059976	2.9234247430687716
2.5369170000059977	2.9234072539559692
2.536918000005998	2.9233897652284804
2.536919000005998	2.9233722768863224
2.536920000005998	2.9233547889295175
2.5369210000059983	2.9233373013580954
2.5369220000059984	2.9233198141720833
2.5369230000059986	2.9233023273715046
2.5369240000059987	2.923284840956374
2.536925000005999	2.9232673549266894
2.536926000005999	2.9232498692824374
2.536927000005999	2.923232384023588
2.5369280000059993	2.9232148991501004
2.5369290000059994	2.9231974146619204
2.5369300000059996	2.923179930558991
2.5369310000059997	2.923162446841255
2.536932000006	2.9231449635086624
2.536933000006	2.9231274805611718
2.536934000006	2.9231099979987603
2.5369350000060003	2.923092515821426
2.5369360000060004	2.9230750340291864
2.5369370000060005	2.923057552622081
2.5369380000060007	2.923040071600171
2.536939000006001	2.923022590963526
2.536940000006001	2.9230051107122335
2.536941000006001	2.9229876308463716
2.5369420000060012	2.9229701513660373
2.5369430000060014	2.9229526722712746
2.5369440000060015	2.922935193562136
2.5369450000060016	2.9229177152386563
2.536946000006002	2.922900237300854
2.536947000006002	2.9228827597487284
2.536948000006002	2.9228652825822583
2.536949000006002	2.9228478058014122
2.5369500000060023	2.9228303294061484
2.5369510000060025	2.922812853396424
2.5369520000060026	2.9227953777721973
2.5369530000060028	2.9227779025334333
2.536954000006003	2.9227604276801067
2.536955000006003	2.9227429532122104
2.536956000006003	2.922725479129744
2.5369570000060033	2.9227080054327153
2.5369580000060035	2.92269053212115
2.5369590000060036	2.92267305919507
2.5369600000060037	2.9226555866545016
2.536961000006004	2.9226381144994646
2.536962000006004	2.922620642729972
2.536963000006004	2.9226031713460245
2.5369640000060043	2.922585700347614
2.5369650000060044	2.9225682297347144
2.5369660000060046	2.9225507595072897
2.5369670000060047	2.9225332896652954
2.536968000006005	2.922515820208684
2.536969000006005	2.9224983511374067
2.536970000006005	2.9224808824514175
2.5369710000060053	2.9224634141506747
2.5369720000060054	2.9224459462351553
2.5369730000060056	2.9224284787048456
2.5369740000060057	2.9224110115597517
2.536975000006006	2.9223935447998817
2.536976000006006	2.922376078425263
2.536977000006006	2.9223586124359326
2.5369780000060063	2.922341146831928
2.5369790000060064	2.922323681613294
2.5369800000060065	2.922306216780083
2.5369810000060067	2.9222887523323378
2.536982000006007	2.922271288270093
2.536983000006007	2.9222538245933714
2.536984000006007	2.922236361302192
2.5369850000060072	2.9222188983965705
2.5369860000060074	2.9222014358765116
2.5369870000060075	2.9221839737420074
2.5369880000060077	2.922166511993051
2.536989000006008	2.922149050629629
2.536990000006008	2.922131589651726
2.536991000006008	2.922114129059324
2.536992000006008	2.9220966688524106
2.5369930000060084	2.9220792090309695
2.5369940000060085	2.922061749594988
2.5369950000060086	2.922044290544457
2.5369960000060088	2.922026831879365
2.536997000006009	2.922009373599709
2.536998000006009	2.921991915705485
2.536999000006009	2.921974458196693
2.5370000000060093	2.921957001073333
2.5370010000060095	2.921939544335413
2.5370020000060096	2.921922087982946
2.5370030000060098	2.9219046320159405
2.53700400000601	2.9218871764344136
2.53700500000601	2.9218697212383846
2.53700600000601	2.9218522664278734
2.5370070000060103	2.921834812002897
2.5370080000060105	2.9218173579634756
2.5370090000060106	2.9217999043096237
2.5370100000060107	2.9217824510413504
2.537011000006011	2.9217649981586638
2.537012000006011	2.9217475456615665
2.537013000006011	2.92173009355005
2.5370140000060113	2.9217126418241084
2.5370150000060114	2.9216951904837227
2.5370160000060116	2.9216777395288807
2.5370170000060117	2.921660288959557
2.537018000006012	2.9216428387757367
2.537019000006012	2.9216253889773935
2.537020000006012	2.9216079395645096
2.5370210000060123	2.9215904905370618
2.5370220000060124	2.921573041895027
2.5370230000060126	2.9215555936383857
2.5370240000060127	2.9215381457671104
2.537025000006013	2.9215206982811757
2.537026000006013	2.9215032511805488
2.537027000006013	2.9214858044651986
2.5370280000060133	2.9214683581350833
2.5370290000060134	2.9214509121901675
2.5370300000060135	2.921433466630414
2.5370310000060137	2.921416021455787
2.537032000006014	2.9213985766662605
2.537033000006014	2.9213811322618226
2.537034000006014	2.921363688242471
2.5370350000060142	2.921346244608215
2.5370360000060144	2.9213288013590817
2.5370370000060145	2.921311358495116
2.5370380000060146	2.921293916016372
2.537039000006015	2.921276473922907
2.537040000006015	2.921259032214793
2.537041000006015	2.9212415908920955
2.537042000006015	2.9212241499548703
2.5370430000060153	2.9212067094031657
2.5370440000060155	2.9211892692370123
2.5370450000060156	2.9211718294564197
2.5370460000060158	2.9211543900613806
2.537047000006016	2.921136951051867
2.537048000006016	2.921119512427838
2.537049000006016	2.9211020741892364
2.5370500000060163	2.9210846363360035
2.5370510000060165	2.9210671988680748
2.5370520000060166	2.921049761785394
2.5370530000060167	2.9210323250879098
2.537054000006017	2.921014888775595
2.537055000006017	2.9209974528484293
2.537056000006017	2.9209800173064076
2.5370570000060173	2.9209625821495373
2.5370580000060174	2.920945147377838
2.5370590000060176	2.92092771299133
2.5370600000060177	2.9209102789900316
2.537061000006018	2.9208928453739604
2.537062000006018	2.9208754121431175
2.537063000006018	2.920857979297499
2.5370640000060183	2.920840546837082
2.5370650000060184	2.9208231147618364
2.5370660000060186	2.9208056830717264
2.5370670000060187	2.9207882517667034
2.537068000006019	2.9207708208467293
2.537069000006019	2.9207533903117513
2.537070000006019	2.920735960161727
2.5370710000060193	2.9207185303966874
2.5370720000060194	2.9207011010166433
2.5370730000060195	2.9206836720216205
2.5370740000060197	2.9206662434116586
2.53707500000602	2.920648815186825
2.53707600000602	2.9206313873471914
2.53707700000602	2.920613959892766
2.5370780000060202	2.9205965328235854
2.5370790000060204	2.9205791061397073
2.5370800000060205	2.9205616798411533
2.5370810000060207	2.920544253927918
2.537082000006021	2.9205268283999826
2.537083000006021	2.9205094032573093
2.537084000006021	2.9204919784998475
2.537085000006021	2.92047455412754
2.5370860000060214	2.9204571301403273
2.5370870000060215	2.9204397065381538
2.5370880000060216	2.9204222833209768
2.5370890000060218	2.9204048604887656
2.537090000006022	2.920387438041504
2.537091000006022	2.9203700159791848
2.537092000006022	2.920352594301835
2.5370930000060223	2.9203351730094784
2.5370940000060225	2.920317752102144
2.5370950000060226	2.920300331579861
2.5370960000060228	2.920282911442651
2.537097000006023	2.920265491690526
2.537098000006023	2.9202480723234867
2.537099000006023	2.920230653341517
2.5371000000060233	2.9202132347445904
2.5371010000060235	2.920195816532671
2.5371020000060236	2.9201783987057146
2.5371030000060237	2.920160981263681
2.537104000006024	2.9201435642065325
2.537105000006024	2.920126147534245
2.537106000006024	2.9201087312468066
2.5371070000060243	2.9200913153442216
2.5371080000060244	2.92007389982651
2.5371090000060246	2.920056484693706
2.5371100000060247	2.9200390699458585
2.537111000006025	2.9200216555830174
2.537112000006025	2.920004241605237
2.537113000006025	2.919986828012564
2.5371140000060253	2.9199694148050357
2.5371150000060254	2.91995200198268
2.5371160000060256	2.919934589545507
2.5371170000060257	2.919917177493514
2.537118000006026	2.9198997658266848
2.537119000006026	2.9198823545449932
2.537120000006026	2.9198649436484105
2.5371210000060263	2.919847533136902
2.5371220000060264	2.919830123010439
2.5371230000060265	2.9198127132689993
2.5371240000060267	2.919795303912568
2.537125000006027	2.9197778949411433
2.537126000006027	2.9197604863547264
2.537127000006027	2.919743078153327
2.5371280000060272	2.9197256703369554
2.5371290000060274	2.919708262905621
2.5371300000060275	2.919690855859328
2.5371310000060276	2.9196734491980685
2.537132000006028	2.919656042921827
2.537133000006028	2.9196386370305807
2.537134000006028	2.919621231524288
2.537135000006028	2.91960382640291
2.5371360000060283	2.919586421666401
2.5371370000060285	2.9195690173147195
2.5371380000060286	2.9195516133478336
2.5371390000060288	2.919534209765721
2.537140000006029	2.919516806568379
2.537141000006029	2.919499403755818
2.537142000006029	2.9194820013280696
2.5371430000060293	2.9194645992851793
2.5371440000060295	2.9194471976272074
2.5371450000060296	2.9194297963542164
2.5371460000060297	2.9194123954662756
2.53714700000603	2.9193949949634463
2.53714800000603	2.9193775948457796
2.53714900000603	2.9193601951133115
2.5371500000060303	2.9193427957660614
2.5371510000060304	2.9193253968040316
2.5371520000060306	2.919307998227203
2.5371530000060307	2.919290600035543
2.537154000006031	2.9192732022290078
2.537155000006031	2.919255804807549
2.537156000006031	2.919238407771112
2.5371570000060313	2.9192210111196415
2.5371580000060314	2.919203614853092
2.5371590000060316	2.919186218971426
2.5371600000060317	2.919168823474617
2.537161000006032	2.919151428362651
2.537162000006032	2.9191340336355207
2.537163000006032	2.9191166392932266
2.5371640000060323	2.9190992453357816
2.5371650000060324	2.9190818517631976
2.5371660000060325	2.9190644585754897
2.5371670000060327	2.919047065772679
2.537168000006033	2.9190296733547787
2.537169000006033	2.9190122813218125
2.537170000006033	2.9189948896738014
2.5371710000060332	2.918977498410769
2.5371720000060334	2.918960107532742
2.5371730000060335	2.918942717039747
2.5371740000060337	2.9189253269318156
2.537175000006034	2.9189079372089806
2.537176000006034	2.9188905478712734
2.537177000006034	2.91887315891872
2.537178000006034	2.9188557703513403
2.5371790000060344	2.9188383821691497
2.5371800000060345	2.918820994372141
2.5371810000060346	2.9188036069603034
2.5371820000060348	2.9187862199336077
2.537183000006035	2.9187688332920136
2.537184000006035	2.9187514470354667
2.537185000006035	2.9187340611639114
2.5371860000060353	2.9187166756772918
2.5371870000060355	2.9186992905755464
2.5371880000060356	2.9186819058586315
2.5371890000060358	2.9186645215265075
2.537190000006036	2.918647137579155
2.537191000006036	2.9186297540165698
2.537192000006036	2.918612370838765
2.5371930000060363	2.9185949880457644
2.5371940000060365	2.9185776056376027
2.5371950000060366	2.9185602236143193
2.5371960000060367	2.918542841975956
2.537197000006037	2.9185254607225453
2.537198000006037	2.918508079854109
2.537199000006037	2.9184906993706563
2.5372000000060373	2.9184733192721843
2.5372010000060374	2.9184559395586707
2.5372020000060376	2.9184385602300855
2.5372030000060377	2.9184211812863894
2.537204000006038	2.918403802727542
2.537205000006038	2.918386424553505
2.537206000006038	2.9183690467642487
2.5372070000060383	2.9183516693597586
2.5372080000060384	2.9183342923400306
2.5372090000060386	2.9183169157050832
2.5372100000060387	2.9182995394549476
2.537211000006039	2.918282163589668
2.537212000006039	2.9182647881092967
2.537213000006039	2.9182474130138836
2.5372140000060392	2.9182300383034776
2.5372150000060394	2.9182126639781183
2.5372160000060395	2.91819529003783
2.5372170000060397	2.918177916482615
2.53721800000604	2.9181605433124638
2.53721900000604	2.9181431705273453
2.53722000000604	2.9181257981272175
2.5372210000060402	2.9181084261120294
2.5372220000060404	2.918091054481725
2.5372230000060405	2.91807368323625
2.5372240000060406	2.9180563123755636
2.537225000006041	2.918038941899635
2.537226000006041	2.918021571808445
2.537227000006041	2.918004202101996
2.537228000006041	2.917986832780306
2.5372290000060413	2.9179694638434
2.5372300000060415	2.9179520952913127
2.5372310000060416	2.917934727124075
2.5372320000060418	2.9179173593417156
2.537233000006042	2.917899991944254
2.537234000006042	2.9178826249316985
2.537235000006042	2.9178652583040394
2.5372360000060423	2.917847892061252
2.5372370000060425	2.917830526203295
2.5372380000060426	2.917813160730125
2.5372390000060427	2.917795795641686
2.537240000006043	2.9177784309379278
2.537241000006043	2.9177610666188043
2.537242000006043	2.9177437026842865
2.5372430000060433	2.9177263391343558
2.5372440000060434	2.917708975969016
2.5372450000060436	2.9176916131882824
2.5372460000060437	2.9176742507921913
2.537247000006044	2.917656888780784
2.537248000006044	2.917639527154113
2.537249000006044	2.9176221659122294
2.5372500000060443	2.917604805055179
2.5372510000060444	2.9175874445829995
2.5372520000060446	2.917570084495712
2.5372530000060447	2.917552724793323
2.537254000006045	2.9175353654758194
2.537255000006045	2.9175180065431734
2.537256000006045	2.917500647995346
2.5372570000060453	2.917483289832286
2.5372580000060454	2.9174659320539433
2.5372590000060455	2.9174485746602636
2.5372600000060457	2.9174312176511985
2.537261000006046	2.917413861026708
2.537262000006046	2.917396504786762
2.537263000006046	2.917379148931344
2.5372640000060462	2.917361793460448
2.5372650000060464	2.9173444383740703
2.5372660000060465	2.9173270836722205
2.5372670000060467	2.9173097293549093
2.537268000006047	2.9172923754221465
2.537269000006047	2.9172750218739405
2.537270000006047	2.917257668710295
2.537271000006047	2.9172403159312066
2.5372720000060474	2.9172229635366724
2.5372730000060475	2.9172056115266742
2.5372740000060476	2.9171882599011973
2.5372750000060478	2.917170908660223
2.537276000006048	2.9171535578037355
2.537277000006048	2.917136207331719
2.537278000006048	2.917118857244162
2.5372790000060483	2.9171015075410587
2.5372800000060485	2.917084158222411
2.5372810000060486	2.917066809288223
2.5372820000060488	2.9170494607385025
2.537283000006049	2.9170321125732643
2.537284000006049	2.9170147647925218
2.537285000006049	2.9169974173962916
2.5372860000060493	2.916980070384586
2.5372870000060495	2.916962723757417
2.5372880000060496	2.9169453775147907
2.5372890000060497	2.9169280316567114
2.53729000000605	2.9169106861831797
2.53729100000605	2.9168933410941875
2.53729200000605	2.91687599638972
2.5372930000060503	2.916858652069763
2.5372940000060504	2.9168413081343045
2.5372950000060506	2.916823964583328
2.5372960000060507	2.916806621416807
2.537297000006051	2.9167892786347145
2.537298000006051	2.916771936237023
2.537299000006051	2.916754594223701
2.5373000000060513	2.916737252594718
2.5373010000060514	2.916719911350048
2.5373020000060515	2.916702570489665
2.5373030000060517	2.916685230013553
2.537304000006052	2.9166678899216985
2.537305000006052	2.9166505502141
2.537306000006052	2.9166332108907613
2.5373070000060522	2.9166158719517035
2.5373080000060524	2.9165985333969537
2.5373090000060525	2.9165811952265477
2.5373100000060527	2.9165638574405244
2.537311000006053	2.9165465200389273
2.537312000006053	2.916529183021801
2.537313000006053	2.9165118463891795
2.5373140000060532	2.91649451014109
2.5373150000060534	2.916477174277545
2.5373160000060535	2.9164598387985405
2.5373170000060536	2.916442503704061
2.537318000006054	2.916425168994074
2.537319000006054	2.916407834668536
2.537320000006054	2.9163905007273954
2.537321000006054	2.9163731671706006
2.5373220000060543	2.9163558339980935
2.5373230000060545	2.9163385012098226
2.5373240000060546	2.916321168805751
2.5373250000060548	2.9163038367858576
2.537326000006055	2.916286505150132
2.537327000006055	2.9162691738985873
2.537328000006055	2.916251843031241
2.5373290000060553	2.916234512548128
2.5373300000060555	2.9162171824492895
2.5373310000060556	2.9161998527347643
2.5373320000060557	2.916182523404592
2.537333000006056	2.9161651944587965
2.537334000006056	2.9161478658973947
2.537335000006056	2.9161305377203948
2.5373360000060563	2.9161132099277793
2.5373370000060564	2.916095882519525
2.5373380000060566	2.9160785554955946
2.5373390000060567	2.9160612288559506
2.537340000006057	2.9160439026005562
2.537341000006057	2.916026576729379
2.537342000006057	2.9160092512423943
2.5373430000060573	2.9159919261395904
2.5373440000060574	2.915974601420973
2.5373450000060576	2.91595727708656
2.5373460000060577	2.915939953136377
2.537347000006058	2.9159226295704626
2.537348000006058	2.9159053063888583
2.537349000006058	2.915887983591599
2.5373500000060583	2.9158706611787175
2.5373510000060584	2.9158533391502344
2.5373520000060585	2.915836017506153
2.5373530000060587	2.9158186962464643
2.537354000006059	2.9158013753711445
2.537355000006059	2.9157840548801586
2.537356000006059	2.915766734773457
2.5373570000060592	2.915749415050998
2.5373580000060594	2.91573209571273
2.5373590000060595	2.915714776758621
2.5373600000060597	2.9156974581886415
2.53736100000606	2.9156801400027805
2.53736200000606	2.915662822201039
2.53736300000606	2.915645504783433
2.53736400000606	2.9156281877499945
2.5373650000060604	2.9156108711007582
2.5373660000060605	2.9155935548357634
2.5373670000060606	2.915576238955042
2.5373680000060608	2.915558923458622
2.537369000006061	2.9155416083465173
2.537370000006061	2.915524293618729
2.537371000006061	2.9155069792752424
2.5373720000060613	2.915489665316023
2.5373730000060615	2.9154723517410326
2.5373740000060616	2.915455038550223
2.5373750000060618	2.915437725743545
2.537376000006062	2.915420413320955
2.537377000006062	2.915403101282417
2.537378000006062	2.9153857896279076
2.5373790000060623	2.9153684783574225
2.5373800000060625	2.9153511674709676
2.5373810000060626	2.9153338569685667
2.5373820000060627	2.9153165468502555
2.537383000006063	2.9152992371160753
2.537384000006063	2.9152819277660753
2.537385000006063	2.9152646188002964
2.5373860000060633	2.9152473102187764
2.5373870000060634	2.915230002021539
2.5373880000060636	2.9152126942086016
2.5373890000060637	2.9151953867799585
2.537390000006064	2.9151780797355946
2.537391000006064	2.9151607730754825
2.537392000006064	2.9151434667995915
2.5373930000060643	2.9151261609078816
2.5373940000060644	2.9151088554003155
2.5373950000060645	2.9150915502768635
2.5373960000060647	2.915074245537496
2.537397000006065	2.915056941182197
2.537398000006065	2.9150396372109575
2.537399000006065	2.915022333623781
2.5374000000060652	2.915005030420675
2.5374010000060654	2.914987727601653
2.5374020000060655	2.914970425166732
2.5374030000060657	2.9149531231159216
2.537404000006066	2.914935821449231
2.537405000006066	2.914918520166664
2.537406000006066	2.914901219268221
2.5374070000060662	2.9148839187538935
2.5374080000060664	2.9148666186236647
2.5374090000060665	2.9148493188775233
2.5374100000060666	2.9148320195154516
2.537411000006067	2.914814720537431
2.537412000006067	2.9147974219434483
2.537413000006067	2.9147801237335025
2.537414000006067	2.91476282590759
2.5374150000060673	2.914745528465718
2.5374160000060675	2.9147282314078975
2.5374170000060676	2.9147109347341438
2.5374180000060678	2.9146936384444735
2.537419000006068	2.914676342538904
2.537420000006068	2.914659047017443
2.537421000006068	2.914641751880104
2.5374220000060683	2.9146244571268864
2.5374230000060685	2.914607162757784
2.5374240000060686	2.9145898687727887
2.5374250000060687	2.9145725751718814
2.537426000006069	2.91455528195504
2.537427000006069	2.914537989122239
2.537428000006069	2.91452069667345
2.5374290000060693	2.914503404608646
2.5374300000060694	2.914486112927802
2.5374310000060696	2.9144688216308965
2.5374320000060697	2.914451530717913
2.53743300000607	2.914434240188834
2.53743400000607	2.914416950043648
2.53743500000607	2.914399660282347
2.5374360000060703	2.9143823709049266
2.5374370000060704	2.9143650819113813
2.5374380000060706	2.914347793301709
2.5374390000060707	2.914330505075911
2.537440000006071	2.914313217233986
2.537441000006071	2.914295929775939
2.537442000006071	2.9142786427017744
2.5374430000060713	2.914261356011499
2.5374440000060714	2.914244069705118
2.5374450000060715	2.914226783782646
2.5374460000060717	2.9142094982440914
2.537447000006072	2.9141922130894637
2.537448000006072	2.914174928318766
2.537449000006072	2.9141576439320054
2.5374500000060722	2.9141403599291786
2.5374510000060724	2.9141230763102803
2.5374520000060725	2.9141057930752945
2.5374530000060727	2.9140885102242007
2.537454000006073	2.9140712277569754
2.537455000006073	2.9140539456735866
2.537456000006073	2.914036663974005
2.537457000006073	2.9140193826581955
2.5374580000060734	2.9140021017261355
2.5374590000060735	2.9139848211778
2.5374600000060736	2.9139675410131765
2.5374610000060738	2.9139502612322525
2.537462000006074	2.9139329818350332
2.537463000006074	2.9139157028215283
2.537464000006074	2.913898424192196
2.5374650000060743	2.9138811459501834
2.5374660000060745	2.913863868088249
2.5374670000060746	2.913846590613679
2.5374680000060748	2.9138293135192086
2.537469000006075	2.913812036812527
2.537470000006075	2.9137947604894032
2.537471000006075	2.9137774845499447
2.5374720000060753	2.913760208994131
2.5374730000060755	2.913742933821944
2.5374740000060756	2.913725659033357
2.5374750000060757	2.913708384628361
2.537476000006076	2.91369111060694
2.537477000006076	2.913673836969097
2.537478000006076	2.913656563714839
2.5374790000060763	2.91363929084417
2.5374800000060764	2.913622018357127
2.5374810000060766	2.9136047462537515
2.5374820000060767	2.913587474534076
2.537483000006077	2.9135702031981365
2.537484000006077	2.913552932245959
2.537485000006077	2.913535661677566
2.5374860000060773	2.913518391492943
2.5374870000060774	2.9135011216920854
2.5374880000060775	2.913483852274957
2.5374890000060777	2.913466583241504
2.537490000006078	2.913449314591667
2.537491000006078	2.9134320463253713
2.537492000006078	2.9134147784425455
2.5374930000060782	2.9133975109431196
2.5374940000060784	2.9133802438270306
2.5374950000060785	2.9133629770942373
2.5374960000060787	2.9133457107447214
2.537497000006079	2.9133284447784678
2.537498000006079	2.913311179195491
2.537499000006079	2.9132939139958203
2.5375000000060792	2.913276649179504
2.5375010000060794	2.913259384746603
2.5375020000060795	2.9132421206971775
2.5375030000060796	2.9132248570312833
2.53750400000608	2.913207593748974
2.53750500000608	2.913190330850292
2.53750600000608	2.9131730683352606
2.53750700000608	2.9131558062038105
2.5375080000060803	2.913138544455967
2.5375090000060805	2.9131212830917503
2.5375100000060806	2.9131040221111193
2.5375110000060808	2.9130867615140357
2.537512000006081	2.913069501300453
2.537513000006081	2.913052241470325
2.537514000006081	2.9130349820236168
2.5375150000060813	2.913017722960295
2.5375160000060815	2.913000464280338
2.5375170000060816	2.9129832059837395
2.5375180000060817	2.9129659480705015
2.537519000006082	2.912948690540628
2.537520000006082	2.9129314333941316
2.537521000006082	2.9129141766310247
2.5375220000060823	2.9128969202513133
2.5375230000060824	2.9128796642550014
2.5375240000060826	2.912862408642085
2.5375250000060827	2.912845153412546
2.537526000006083	2.9128278985663703
2.537527000006083	2.912810644103526
2.537528000006083	2.912793390023978
2.5375290000060833	2.9127761363276914
2.5375300000060834	2.912758883014634
2.5375310000060836	2.9127416300847804
2.5375320000060837	2.9127243775381206
2.537533000006084	2.912707125374646
2.537534000006084	2.9126898735943647
2.537535000006084	2.9126726221973027
2.5375360000060843	2.912655371183493
2.5375370000060844	2.91263812055297
2.5375380000060845	2.9126208703057768
2.5375390000060847	2.91260362044225
2.537540000006085	2.912586370962571
2.537541000006085	2.9125691218663534
2.537542000006085	2.9125518731536326
2.5375430000060852	2.9125346248244037
2.5375440000060854	2.912517376878655
2.5375450000060855	2.912500129316354
2.5375460000060857	2.912482882137464
2.537547000006086	2.912465635341939
2.537548000006086	2.912448388929731
2.537549000006086	2.912431142900796
2.537550000006086	2.9124138972550853
2.5375510000060864	2.9123966519925757
2.5375520000060865	2.9123794071132467
2.5375530000060866	2.9123621626170952
2.5375540000060868	2.912344918504129
2.537555000006087	2.912327674774373
2.537556000006087	2.9123104314278594
2.537557000006087	2.912293188464624
2.5375580000060873	2.9122759458847085
2.5375590000060875	2.9122587036881504
2.5375600000060876	2.912241461874978
2.5375610000060878	2.912224220445212
2.537562000006088	2.9122069793988583
2.537563000006088	2.912189738735906
2.537564000006088	2.9121724984563335
2.5375650000060883	2.912155258560101
2.5375660000060885	2.91213801904716
2.5375670000060886	2.9121207799174553
2.5375680000060887	2.9121035411709277
2.537569000006089	2.9120863028075217
2.537570000006089	2.9120690648271834
2.537571000006089	2.9120518272298734
2.5375720000060893	2.912034590015561
2.5375730000060894	2.9120173531842326
2.5375740000060896	2.912000116735882
2.5375750000060897	2.911982880670521
2.53757600000609	2.911965644988172
2.53757700000609	2.9119484096888644
2.53757800000609	2.911931174772633
2.5375790000060903	2.91191394023951
2.5375800000060904	2.9118967060895273
2.5375810000060905	2.911879472322703
2.5375820000060907	2.911862238939049
2.537583000006091	2.9118450059385497
2.537584000006091	2.9118277733212006
2.537585000006091	2.9118105410869797
2.5375860000060912	2.911793309235859
2.5375870000060914	2.911776077767797
2.5375880000060915	2.911758846682744
2.5375890000060917	2.91174161598066
2.537590000006092	2.911724385661504
2.537591000006092	2.9117071557252454
2.537592000006092	2.911689926171868
2.5375930000060922	2.91167269700136
2.5375940000060924	2.9116554682137252
2.5375950000060925	2.9116382398089824
2.5375960000060926	2.9116210117871546
2.537597000006093	2.9116037841482725
2.537598000006093	2.9115865568923702
2.537599000006093	2.9115693300194847
2.537600000006093	2.9115521035296488
2.5376010000060933	2.9115348774228873
2.5376020000060935	2.911517651699214
2.5376030000060936	2.9115004263586415
2.5376040000060938	2.911483201401161
2.537605000006094	2.9114659768267086
2.537606000006094	2.9114487526353527
2.537607000006094	2.9114315288270296
2.5376080000060943	2.911414305401708
2.5376090000060945	2.911397082359358
2.5376100000060946	2.911379859699952
2.5376110000060947	2.9113626374234696
2.537612000006095	2.91134541552989
2.537613000006095	2.9113281940192066
2.537614000006095	2.911310972891417
2.5376150000060953	2.911293752146527
2.5376160000060954	2.9112765317845426
2.5376170000060956	2.9112593118054697
2.5376180000060957	2.9112420922093483
2.537619000006096	2.911224872996157
2.537620000006096	2.911207654165896
2.537621000006096	2.9111904357185567
2.5376220000060963	2.911173217654111
2.5376230000060964	2.911155999972535
2.5376240000060966	2.9111387826738007
2.5376250000060967	2.911121565757864
2.537626000006097	2.911104349224684
2.537627000006097	2.911087133074211
2.537628000006097	2.9110699173064036
2.5376290000060973	2.911052701921228
2.5376300000060974	2.911035486918655
2.5376310000060975	2.9110182722986737
2.5376320000060977	2.911001058061274
2.537633000006098	2.9109838442064717
2.537634000006098	2.910966630734283
2.537635000006098	2.910949417644738
2.5376360000060982	2.910932204937875
2.5376370000060984	2.910914992613729
2.5376380000060985	2.910897780672337
2.5376390000060987	2.9108805691137314
2.537640000006099	2.9108633579379295
2.537641000006099	2.9108461471449423
2.537642000006099	2.9108289367347657
2.537643000006099	2.9108117267073688
2.5376440000060994	2.9107945170627443
2.5376450000060995	2.9107773078008408
2.5376460000060996	2.910760098921605
2.5376470000060998	2.910742890424988
2.5376480000061	2.9107256823109364
2.5376490000061	2.9107084745794047
2.5376500000061	2.910691267230356
2.5376510000061003	2.9106740602637666
2.5376520000061005	2.910656853679624
2.5376530000061006	2.9106396474779297
2.5376540000061008	2.910622441658702
2.537655000006101	2.910605236221967
2.537656000006101	2.9105880311677574
2.537657000006101	2.9105708264961128
2.5376580000061013	2.91055362220707
2.5376590000061015	2.9105364183006546
2.5376600000061016	2.9105192147768872
2.5376610000061017	2.910502011635776
2.537662000006102	2.910484808877309
2.537663000006102	2.9104676065014687
2.537664000006102	2.910450404508215
2.5376650000061023	2.9104332028975044
2.5376660000061024	2.9104160016692817
2.5376670000061026	2.910398800823493
2.5376680000061027	2.910381600360085
2.537669000006103	2.9103644002790117
2.537670000006103	2.9103472005802398
2.537671000006103	2.9103300012637514
2.5376720000061033	2.910312802329541
2.5376730000061034	2.910295603777618
2.5376740000061035	2.9102784056080013
2.5376750000061037	2.9102612078207257
2.537676000006104	2.910244010415828
2.537677000006104	2.9102268133933435
2.537678000006104	2.9102096167533067
2.5376790000061042	2.9101924204957434
2.5376800000061044	2.9101752246206636
2.5376810000061045	2.910158029128068
2.5376820000061047	2.910140834017942
2.537683000006105	2.9101236392902554
2.537684000006105	2.9101064449449656
2.537685000006105	2.910089250982027
2.5376860000061052	2.9100720574013845
2.5376870000061054	2.910054864202991
2.5376880000061055	2.9100376713867995
2.5376890000061056	2.9100204789527733
2.537690000006106	2.9100032869008885
2.537691000006106	2.909986095231132
2.537692000006106	2.9099689039435037
2.537693000006106	2.9099517130380192
2.5376940000061063	2.909934522514698
2.5376950000061065	2.909917332373565
2.5376960000061066	2.9099001426146445
2.5376970000061068	2.909882953237962
2.537698000006107	2.9098657642435337
2.537699000006107	2.909848575631367
2.537700000006107	2.9098313874014545
2.5377010000061073	2.909814199553779
2.5377020000061075	2.9097970120883145
2.5377030000061076	2.9097798250050206
2.5377040000061077	2.9097626383038584
2.537705000006108	2.909745451984781
2.537706000006108	2.909728266047743
2.537707000006108	2.9097110804927113
2.5377080000061083	2.9096938953196583
2.5377090000061084	2.9096767105285677
2.5377100000061086	2.909659526119436
2.5377110000061087	2.90964234209227
2.537712000006109	2.9096251584470907
2.537713000006109	2.9096079751839237
2.537714000006109	2.909590792302802
2.5377150000061093	2.9095736098037626
2.5377160000061094	2.9095564276868386
2.5377170000061096	2.90953924595206
2.5377180000061097	2.909522064599449
2.53771900000611	2.909504883629019
2.53772000000611	2.9094877030407784
2.53772100000611	2.909470522834721
2.5377220000061103	2.9094533430108296
2.5377230000061104	2.909436163569086
2.5377240000061105	2.909418984509461
2.5377250000061107	2.909401805831928
2.537726000006111	2.9093846275364563
2.537727000006111	2.909367449623015
2.537728000006111	2.9093502720915794
2.5377290000061112	2.909333094942129
2.5377300000061114	2.909315918174646
2.5377310000061115	2.909298741789123
2.5377320000061117	2.909281565785551
2.537733000006112	2.909264390163928
2.537734000006112	2.909247214924252
2.537735000006112	2.909230040066526
2.537736000006112	2.909212865590752
2.5377370000061124	2.9091956914969312
2.5377380000061125	2.909178517785065
2.5377390000061126	2.9091613444551516
2.5377400000061128	2.9091441715071875
2.537741000006113	2.9091269989411703
2.537742000006113	2.909109826757095
2.537743000006113	2.909092654954955
2.5377440000061133	2.909075483534746
2.5377450000061135	2.90905831249646
2.5377460000061136	2.9090411418400937
2.5377470000061138	2.909023971565644
2.537748000006114	2.9090068016731068
2.537749000006114	2.908989632162481
2.537750000006114	2.9089724630337654
2.5377510000061143	2.9089552942869576
2.5377520000061145	2.908938125922059
2.5377530000061146	2.908920957939065
2.5377540000061147	2.908903790337974
2.537755000006115	2.90888662311878
2.537756000006115	2.9088694562814745
2.537757000006115	2.9088522898260467
2.5377580000061153	2.9088351237524805
2.5377590000061154	2.9088179580607645
2.5377600000061156	2.908800792750877
2.5377610000061157	2.908783627822805
2.537762000006116	2.908766463276527
2.537763000006116	2.9087492991120216
2.537764000006116	2.9087321353292754
2.5377650000061163	2.9087149719282746
2.5377660000061164	2.9086978089090096
2.5377670000061165	2.9086806462714767
2.5377680000061167	2.9086634840156713
2.537769000006117	2.908646322141597
2.537770000006117	2.9086291606492636
2.537771000006117	2.9086119995386808
2.5377720000061172	2.90859483880986
2.5377730000061174	2.90857767846282
2.5377740000061175	2.9085605184975694
2.5377750000061177	2.908543358914121
2.537776000006118	2.9085261997124814
2.537777000006118	2.9085090408926537
2.537778000006118	2.90849188245463
2.5377790000061182	2.9084747243984035
2.5377800000061184	2.908457566723956
2.5377810000061185	2.9084404094312712
2.5377820000061186	2.9084232525203237
2.537783000006119	2.908406095991089
2.537784000006119	2.9083889398435447
2.537785000006119	2.908371784077669
2.537786000006119	2.908354628693449
2.5377870000061193	2.908337473690872
2.5377880000061195	2.908320319069935
2.5377890000061196	2.908303164830643
2.5377900000061198	2.908286010973004
2.53779100000612	2.908268857497028
2.53779200000612	2.9082517044027365
2.53779300000612	2.9082345516901387
2.5377940000061203	2.9082173993592444
2.5377950000061205	2.908200247410062
2.5377960000061206	2.9081830958425874
2.5377970000061207	2.908165944656815
2.537798000006121	2.908148793852726
2.537799000006121	2.908131643430294
2.537800000006121	2.908114493389488
2.5378010000061213	2.9080973437302684
2.5378020000061214	2.9080801944525967
2.5378030000061216	2.90806304555644
2.5378040000061217	2.9080458970417657
2.537805000006122	2.908028748908546
2.537806000006122	2.9080116011567663
2.537807000006122	2.907994453786416
2.5378080000061223	2.907977306797498
2.5378090000061224	2.9079601601900245
2.5378100000061226	2.9079430139640077
2.5378110000061227	2.907925868119471
2.537812000006123	2.907908722656436
2.537813000006123	2.90789157757492
2.537814000006123	2.907874432874938
2.5378150000061233	2.9078572885564977
2.5378160000061234	2.9078401446195956
2.5378170000061235	2.907823001064226
2.5378180000061237	2.9078058578903687
2.537819000006124	2.907788715098
2.537820000006124	2.907771572687093
2.537821000006124	2.9077544306576195
2.5378220000061242	2.907737289009551
2.5378230000061244	2.907720147742867
2.5378240000061245	2.9077030068575525
2.5378250000061247	2.9076858663535976
2.537826000006125	2.907668726231005
2.537827000006125	2.907651586489784
2.537828000006125	2.907634447129943
2.537829000006125	2.9076173081515067
2.5378300000061254	2.9076001695544904
2.5378310000061255	2.9075830313389117
2.5378320000061256	2.907565893504776
2.5378330000061258	2.90754875605208
2.537834000006126	2.907531618980861
2.537835000006126	2.9075144822910666
2.537836000006126	2.9074973459826667
2.5378370000061263	2.907480210055622
2.5378380000061265	2.9074630745098897
2.5378390000061266	2.9074459393454166
2.5378400000061268	2.907428804562155
2.537841000006127	2.907411670160064
2.537842000006127	2.9073945361391025
2.537843000006127	2.9073774024992463
2.5378440000061273	2.9073602692404807
2.5378450000061274	2.907343136362805
2.5378460000061276	2.9073260038662276
2.5378470000061277	2.907308871750775
2.537848000006128	2.907291740016478
2.537849000006128	2.9072746086633727
2.537850000006128	2.9072574776914952
2.5378510000061283	2.907240347100884
2.5378520000061284	2.907223216891569
2.5378530000061286	2.907206087063572
2.5378540000061287	2.9071889576169077
2.537855000006129	2.907171828551575
2.537856000006129	2.907154699867562
2.537857000006129	2.907137571564848
2.5378580000061293	2.907120443643402
2.5378590000061294	2.9071033161031856
2.5378600000061295	2.907086188944158
2.5378610000061297	2.907069062166281
2.53786200000613	2.9070519357695126
2.53786300000613	2.9070348097538172
2.53786400000613	2.9070176841191673
2.5378650000061302	2.9070005588655414
2.5378660000061304	2.9069834339929272
2.5378670000061305	2.906966309501316
2.5378680000061307	2.9069491853907126
2.537869000006131	2.9069320616611183
2.537870000006131	2.906914938312537
2.537871000006131	2.9068978153449803
2.5378720000061312	2.906880692758449
2.5378730000061314	2.906863570552946
2.5378740000061315	2.9068464487284693
2.5378750000061316	2.9068293272850125
2.537876000006132	2.9068122062225625
2.537877000006132	2.9067950855411038
2.537878000006132	2.9067779652406127
2.537879000006132	2.906760845321071
2.5378800000061323	2.906743725782454
2.5378810000061325	2.906726606624744
2.5378820000061326	2.9067094878479236
2.5378830000061328	2.9066923694519837
2.537884000006133	2.906675251436916
2.537885000006133	2.906658133802723
2.537886000006133	2.9066410165494094
2.5378870000061333	2.9066238996769918
2.5378880000061335	2.9066067831854823
2.5378890000061336	2.9065896670748974
2.5378900000061337	2.906572551345252
2.537891000006134	2.906555435996561
2.537892000006134	2.906538321028831
2.537893000006134	2.906521206442064
2.5378940000061343	2.9065040922362493
2.5378950000061344	2.9064869784113734
2.5378960000061346	2.906469864967412
2.5378970000061347	2.906452751904335
2.537898000006135	2.906435639222103
2.537899000006135	2.9064185269206746
2.537900000006135	2.9064014150000137
2.5379010000061353	2.9063843034600825
2.5379020000061354	2.9063671923008485
2.5379030000061356	2.9063500815261674
2.5379040000061357	2.90633297113141
2.537905000006136	2.906315861117316
2.537906000006136	2.906298751484044
2.537907000006136	2.906281642231634
2.5379080000061363	2.9062645333601456
2.5379090000061364	2.9062474248696426
2.5379100000061365	2.906230316760177
2.5379110000061367	2.9062132090318022
2.537912000006137	2.906196101684562
2.537913000006137	2.9061789947184824
2.537914000006137	2.906161888133564
2.5379150000061372	2.9061447819297928
2.5379160000061374	2.906127676107136
2.5379170000061375	2.9061105706655446
2.5379180000061377	2.9060934656049597
2.537919000006138	2.906076360925319
2.537920000006138	2.9060592566265613
2.537921000006138	2.90604215270864
2.537922000006138	2.9060250491715256
2.5379230000061384	2.9060079460152077
2.5379240000061385	2.905990843239699
2.5379250000061386	2.9059737408450417
2.5379260000061388	2.905956638831301
2.537927000006139	2.9059395371985586
2.537928000006139	2.90592243594688
2.537929000006139	2.9059053350763873
2.5379300000061393	2.9058882345871964
2.5379310000061395	2.905871134479397
2.5379320000061396	2.9058540347530646
2.5379330000061397	2.9058369354082547
2.53793400000614	2.9058198364449943
2.53793500000614	2.905802737863284
2.53793600000614	2.9057856396630903
2.5379370000061403	2.905768541844353
2.5379380000061404	2.905751444406986
2.5379390000061406	2.905734347350886
2.5379400000061407	2.905717250675935
2.537941000006141	2.9057001543820054
2.537942000006141	2.9056830584689783
2.537943000006141	2.9056659629367343
2.5379440000061413	2.905648867785178
2.5379450000061414	2.9056317730142287
2.5379460000061416	2.9056146786238313
2.5379470000061417	2.9055975846139597
2.537948000006142	2.9055804909846086
2.537949000006142	2.9055633977358024
2.537950000006142	2.9055463048675825
2.5379510000061423	2.905529212380001
2.5379520000061424	2.905512120273125
2.5379530000061425	2.905495028547022
2.5379540000061427	2.905477937201748
2.537955000006143	2.905460846237361
2.537956000006143	2.9054437556539003
2.537957000006143	2.905426665451392
2.5379580000061432	2.9054095756298537
2.5379590000061434	2.905392486189282
2.5379600000061435	2.9053753971296707
2.5379610000061437	2.905358308451011
2.537962000006144	2.905341220153291
2.537963000006144	2.9053241322365078
2.537964000006144	2.9053070447006606
2.5379650000061442	2.9052899575457602
2.5379660000061444	2.9052728707718303
2.5379670000061445	2.90525578437889
2.5379680000061446	2.905238698366986
2.537969000006145	2.9052216127361445
2.537970000006145	2.9052045274863936
2.537971000006145	2.905187442617749
2.537972000006145	2.9051703581302077
2.5379730000061453	2.905153274023751
2.5379740000061455	2.905136190298338
2.5379750000061456	2.905119106953908
2.5379760000061458	2.905102023990384
2.537977000006146	2.905084941407682
2.537978000006146	2.9050678592057135
2.537979000006146	2.9050507773843943
2.5379800000061463	2.9050336959436516
2.5379810000061465	2.905016614883436
2.5379820000061466	2.9049995342037183
2.5379830000061467	2.904982453904497
2.537984000006147	2.9049653739857986
2.537985000006147	2.904948294447671
2.537986000006147	2.90493121529018
2.5379870000061473	2.9049141365133986
2.5379880000061474	2.904897058117399
2.5379890000061476	2.904879980102251
2.5379900000061477	2.9048629024679973
2.537991000006148	2.9048458252146614
2.537992000006148	2.9048287483422386
2.537993000006148	2.904811671850697
2.5379940000061483	2.9047945957399754
2.5379950000061484	2.904777520009995
2.5379960000061486	2.9047604446606665
2.5379970000061487	2.904743369691899
2.537998000006149	2.904726295103609
2.537999000006149	2.904709220895731
2.538000000006149	2.9046921470682276
2.5380010000061493	2.904675073621088
2.5380020000061494	2.9046580005543365
2.5380030000061495	2.9046409278680256
2.5380040000061497	2.9046238555622352
2.53800500000615	2.90460678363706
2.53800600000615	2.9045897120926005
2.53800700000615	2.9045726409289503
2.5380080000061502	2.904555570146189
2.5380090000061504	2.9045384997443717
2.5380100000061505	2.9045214297235233
2.5380110000061507	2.9045043600836324
2.538012000006151	2.904487290824659
2.538013000006151	2.90447022194653
2.538014000006151	2.904453153449154
2.538015000006151	2.904436085332432
2.5380160000061514	2.9044190175962625
2.5380170000061515	2.9044019502405583
2.5380180000061516	2.904384883265255
2.5380190000061518	2.9043678166703155
2.538020000006152	2.904350750455734
2.538021000006152	2.9043336846215477
2.538022000006152	2.904316619167819
2.5380230000061523	2.9042995540946337
2.5380240000061525	2.904282489402096
2.5380250000061526	2.904265425090313
2.5380260000061527	2.904248361159385
2.538027000006153	2.9042312976093916
2.538028000006153	2.904214234440388
2.538029000006153	2.904197171652398
2.5380300000061533	2.9041801092454094
2.5380310000061534	2.9041630472193734
2.5380320000061536	2.904145985574206
2.5380330000061537	2.904128924309804
2.538034000006154	2.9041118634260394
2.538035000006154	2.904094802922786
2.538036000006154	2.9040777427999136
2.5380370000061543	2.9040606830573075
2.5380380000061544	2.904043623694875
2.5380390000061546	2.9040265647125447
2.5380400000061547	2.904009506113203
2.538041000006155	2.903992447903545
2.538042000006155	2.9039753900748173
2.538043000006155	2.9039583326269445
2.5380440000061553	2.9039412755599376
2.5380450000061554	2.9039242188737866
2.5380460000061555	2.9039071625684665
2.5380470000061557	2.9038901066439444
2.538048000006156	2.9038730511001756
2.538049000006156	2.903855995937118
2.538050000006156	2.9038389411547354
2.5380510000061562	2.903821886752999
2.5380520000061564	2.903804832731898
2.5380530000061565	2.9037877790914313
2.5380540000061567	2.9037707258316185
2.538055000006157	2.903753672952484
2.538056000006157	2.9037366204540596
2.538057000006157	2.9037195683363777
2.5380580000061572	2.9037025165994605
2.5380590000061574	2.9036854652433153
2.5380600000061575	2.903668414267933
2.5380610000061576	2.903651363673285
2.538062000006158	2.9036343134593143
2.538063000006158	2.9036172636259443
2.538064000006158	2.903600214173081
2.538065000006158	2.9035831651006254
2.5380660000061583	2.9035661164084634
2.5380670000061585	2.90354906809649
2.5380680000061586	2.9035320201646044
2.5380690000061588	2.903514972612721
2.538070000006159	2.903497925440774
2.538071000006159	2.903480878648718
2.538072000006159	2.903463832236525
2.5380730000061593	2.9034467862041815
2.5380740000061595	2.903429740551691
2.5380750000061596	2.9034126952790658
2.5380760000061597	2.9033956503863134
2.53807700000616	2.9033786058734457
2.53807800000616	2.9033615617404687
2.53807900000616	2.903344517987381
2.5380800000061603	2.9033274746141737
2.5380810000061604	2.9033104316208327
2.5380820000061606	2.9032933890073434
2.5380830000061607	2.9032763467736973
2.538084000006161	2.903259304919891
2.538085000006161	2.903242263445935
2.538086000006161	2.903225222351854
2.5380870000061613	2.9032081816376905
2.5380880000061614	2.9031911413035023
2.5380890000061616	2.903174101349353
2.5380900000061617	2.9031570617753157
2.538091000006162	2.9031400225814608
2.538092000006162	2.9031229837678487
2.538093000006162	2.903105945334519
2.5380940000061623	2.903088907281487
2.5380950000061624	2.903071869608738
2.5380960000061625	2.903054832316222
2.5380970000061627	2.9030377954038604
2.538098000006163	2.9030207588715387
2.538099000006163	2.903003722719126
2.538100000006163	2.9029866869464724
2.5381010000061632	2.9029696515534242
2.5381020000061634	2.9029526165398374
2.5381030000061635	2.902935581905577
2.5381040000061637	2.9029185476505446
2.538105000006164	2.902901513774661
2.538106000006164	2.902884480277889
2.538107000006164	2.902867447160217
2.538108000006164	2.902850414421673
2.5381090000061644	2.9028333820623033
2.5381100000061645	2.9028163500821726
2.5381110000061646	2.9027993184813474
2.5381120000061648	2.9027822872599023
2.538113000006165	2.9027652564178927
2.538114000006165	2.9027482259553583
2.538115000006165	2.902731195872314
2.5381160000061653	2.902714166168748
2.5381170000061655	2.902697136844626
2.5381180000061656	2.9026801078998954
2.5381190000061657	2.9026630793344825
2.538120000006166	2.902646051148314
2.538121000006166	2.90262902334131
2.538122000006166	2.9026119959134036
2.5381230000061663	2.902594968864542
2.5381240000061664	2.9025779421946867
2.5381250000061666	2.9025609159038264
2.5381260000061667	2.9025438899919687
2.538127000006167	2.9025268644591433
2.538128000006167	2.902509839305399
2.538129000006167	2.9024928145307984
2.5381300000061673	2.902475790135407
2.5381310000061674	2.90245876611929
2.5381320000061676	2.902441742482508
2.5381330000061677	2.9024247192251083
2.538134000006168	2.902407696347126
2.538135000006168	2.9023906738485743
2.538136000006168	2.902373651729447
2.5381370000061683	2.902356629989718
2.5381380000061684	2.9023396086293465
2.5381390000061685	2.902322587648273
2.5381400000061687	2.9023055670464295
2.538141000006169	2.9022885468237374
2.538142000006169	2.9022715269801167
2.538143000006169	2.9022545075154875
2.5381440000061692	2.9022374884297664
2.5381450000061694	2.9022204697228853
2.5381460000061695	2.902203451394782
2.5381470000061697	2.9021864334454026
2.53814800000617	2.902169415874708
2.53814900000617	2.9021523986826674
2.53815000000617	2.9021353818692655
2.53815100000617	2.902118365434496
2.5381520000061704	2.9021013493783685
2.5381530000061705	2.9020843337008926
2.5381540000061706	2.9020673184020906
2.538155000006171	2.902050303481983
2.538156000006171	2.902033288940589
2.538157000006171	2.902016274777927
2.538158000006171	2.9019992609940033
2.5381590000061713	2.9019822475888186
2.5381600000061715	2.901965234562366
2.5381610000061716	2.901948221914623
2.5381620000061718	2.901931209645559
2.538163000006172	2.9019141977551315
2.538164000006172	2.901897186243296
2.538165000006172	2.901880175110006
2.5381660000061723	2.901863164355216
2.5381670000061725	2.9018461539788913
2.5381680000061726	2.901829143981004
2.5381690000061727	2.901812134361545
2.538170000006173	2.901795125120513
2.538171000006173	2.9017781162579306
2.538172000006173	2.901761107773829
2.5381730000061733	2.901744099668251
2.5381740000061734	2.9017270919412397
2.5381750000061736	2.9017100845928465
2.5381760000061737	2.9016930776231113
2.538177000006174	2.9016760710320684
2.538178000006174	2.9016590648197322
2.538179000006174	2.9016420589861065
2.5381800000061743	2.9016250535311805
2.5381810000061744	2.9016080484549267
2.5381820000061746	2.901591043757311
2.5381830000061747	2.9015740394382923
2.538184000006175	2.90155703549784
2.538185000006175	2.901540031935927
2.538186000006175	2.9015230287525466
2.5381870000061753	2.9015060259477097
2.5381880000061754	2.9014890235214534
2.5381890000061755	2.90147202147383
2.5381900000061757	2.901455019804919
2.538191000006176	2.9014380185148014
2.538192000006176	2.9014210176035697
2.538193000006176	2.9014040170713074
2.5381940000061762	2.90138701691808
2.5381950000061764	2.901370017143935
2.5381960000061765	2.9013530177488964
2.5381970000061767	2.9013360187329384
2.538198000006177	2.9013190200959915
2.538199000006177	2.9013020218388155
2.538200000006177	2.9012850239602064
2.538201000006177	2.901268026460798
2.5382020000061774	2.9012510293396705
2.5382030000061775	2.9012340325974733
2.5382040000061776	2.9012170362341583
2.5382050000061778	2.901200040249322
2.538206000006178	2.9011830446428974
2.538207000006178	2.9011660494148583
2.538208000006178	2.9011490545652223
2.5382090000061783	2.901132060094028
2.5382100000061785	2.901115066001345
2.5382110000061786	2.90109807228726
2.5382120000061787	2.9010810789518637
2.538213000006179	2.901064085995238
2.538214000006179	2.901047093417458
2.538215000006179	2.90103010121857
2.5382160000061793	2.9010131093985962
2.5382170000061794	2.9009961179575283
2.5382180000061796	2.900979126895338
2.5382190000061797	2.9009621362119686
2.53822000000618	2.900945145907351
2.53822100000618	2.900928155981413
2.53822200000618	2.900911166434082
2.5382230000061803	2.900894177265301
2.5382240000061804	2.900877188475032
2.5382250000061806	2.9008602000632666
2.5382260000061807	2.90084321203001
2.538227000006181	2.900826224375295
2.538228000006181	2.900809237099174
2.538229000006181	2.900792250201712
2.5382300000061813	2.9007752636829784
2.5382310000061814	2.9007582775430416
2.5382320000061815	2.9007412917819586
2.5382330000061817	2.9007243063997667
2.538234000006182	2.9007073213964794
2.538235000006182	2.9006903367720906
2.538236000006182	2.900673352526565
2.5382370000061822	2.900656368659852
2.5382380000061824	2.9006393851718797
2.5382390000061825	2.9006224020625715
2.5382400000061827	2.9006054193262294
2.538241000006183	2.9005884369682393
2.538242000006183	2.900571454989101
2.538243000006183	2.9005544733881354
2.538244000006183	2.9005374921659532
2.5382450000061834	2.9005205113218886
2.5382460000061835	2.900503530856594
2.5382470000061836	2.9004865507693767
2.538248000006184	2.9004695710610218
2.538249000006184	2.9004525917308928
2.538250000006184	2.900435612779701
2.538251000006184	2.9004186342068037
2.5382520000061843	2.900401656012881
2.5382530000061845	2.9003846781973253
2.5382540000061846	2.9003677007607647
2.5382550000061848	2.900350723702571
2.538256000006185	2.9003337470233417
2.538257000006185	2.9003167707224367
2.538258000006185	2.9002997948004228
2.5382590000061853	2.900282819256654
2.5382600000061855	2.900265844091689
2.5382610000061856	2.900248869304878
2.5382620000061857	2.9002318948967654
2.538263000006186	2.9002149208666848
2.538264000006186	2.9001979472151915
2.538265000006186	2.9001809739416955
2.5382660000061863	2.900164001046647
2.5382670000061864	2.9001470285294184
2.5382680000061866	2.900130056390534
2.5382690000061867	2.900113084629375
2.538270000006187	2.9000961132464753
2.538271000006187	2.9000791422412355
2.538272000006187	2.900062171614216
2.5382730000061873	2.9000452013648372
2.5382740000061874	2.900028231493683
2.5382750000061876	2.9000112620002088
2.5382760000061877	2.8999942928850175
2.538277000006188	2.8999773241475864
2.538278000006188	2.899960355788523
2.538279000006188	2.899943387807312
2.5382800000061883	2.8999264202045545
2.5382810000061884	2.89990945297973
2.5382820000061885	2.8998924861334228
2.5382830000061887	2.8998755196650894
2.538284000006189	2.8998585535752945
2.538285000006189	2.899841587863478
2.538286000006189	2.899824622530182
2.5382870000061892	2.899807657574838
2.5382880000061894	2.899790692998014
2.5382890000061895	2.899773728799041
2.5382900000061897	2.89975676497858
2.53829100000619	2.899739801536058
2.53829200000619	2.899722838472086
2.53829300000619	2.899705875786122
2.53829400000619	2.8996889134787964
2.5382950000061903	2.8996719515495823
2.5382960000061905	2.89965498999912
2.5382970000061906	2.8996380288269648
2.5382980000061908	2.8996210680336114
2.538299000006191	2.899604107618557
2.538300000006191	2.8995871475823223
2.538301000006191	2.8995701879243594
2.5383020000061913	2.8995532286451424
2.5383030000061915	2.899536269744074
2.5383040000061916	2.8995193112215865
2.5383050000061917	2.89950235307694
2.538306000006192	2.899485395310918
2.538307000006192	2.8994684379223923
2.538308000006192	2.8994514809122647
2.5383090000061923	2.8994345242794597
2.5383100000061924	2.8994175680244005
2.5383110000061926	2.89940061214875
2.5383120000061927	2.8993836566489124
2.538313000006193	2.899366701528466
2.538314000006193	2.8993497467838525
2.538315000006193	2.8993327924188113
2.5383160000061933	2.899315838429576
2.5383170000061934	2.8992988848200247
2.5383180000061936	2.899281931586386
2.5383190000061937	2.8992649787325377
2.538320000006194	2.899248026254689
2.538321000006194	2.8992310741566905
2.538322000006194	2.899214122434732
2.5383230000061943	2.899197171092637
2.5383240000061944	2.899180220126569
2.5383250000061945	2.8991632695403284
2.5383260000061947	2.899146319330068
2.538327000006195	2.8991293694995814
2.538328000006195	2.8991124200450136
2.538329000006195	2.899095470970165
2.5383300000061952	2.899078522271743
2.5383310000061954	2.8990615739507533
2.5383320000061955	2.899044626007966
2.5383330000061957	2.8990276784427
2.538334000006196	2.899010731255636
2.538335000006196	2.8989937844460982
2.538336000006196	2.8989768380147725
2.538337000006196	2.898959891961066
2.5383380000061964	2.8989429462855387
2.5383390000061965	2.89892600098756
2.5383400000061966	2.898909056067738
2.538341000006197	2.898892111525423
2.538342000006197	2.8988751673612136
2.538343000006197	2.898858223574466
2.538344000006197	2.898841280165746
2.5383450000061973	2.898824337134411
2.5383460000061975	2.8988073944810386
2.5383470000061976	2.8987904522049925
2.5383480000061978	2.8987735103063863
2.538349000006198	2.8987565687872423
2.538350000006198	2.8987396276436685
2.538351000006198	2.8987226868794966
2.5383520000061983	2.898705746491452
2.5383530000061985	2.8986888064807435
2.5383540000061986	2.89867186684809
2.5383550000061987	2.89865492759286
2.538356000006199	2.8986379887152998
2.538357000006199	2.8986210502174004
2.538358000006199	2.8986041120953883
2.5383590000061993	2.8985871743530986
2.5383600000061994	2.8985702369867496
2.5383610000061996	2.8985533000002337
2.5383620000061997	2.8985363633896313
2.5383630000062	2.898519427158778
2.5383640000062	2.8985024913037876
2.5383650000062	2.8984855558284743
2.5383660000062003	2.898468620728932
2.5383670000062004	2.8984516860089675
2.5383680000062006	2.89843475166466
2.5383690000062007	2.8984178176998148
2.538370000006201	2.8984008841105227
2.538371000006201	2.898383950900596
2.538372000006201	2.8983670180661423
2.5383730000062013	2.898350085610993
2.5383740000062014	2.898333153531278
2.5383750000062015	2.898316221830852
2.5383760000062017	2.8982992905058658
2.538377000006202	2.8982823595601976
2.538378000006202	2.8982654289900176
2.538379000006202	2.898248498799221
2.5383800000062022	2.898231568983987
2.5383810000062024	2.898214639548218
2.5383820000062025	2.898197710488104
2.5383830000062026	2.898180781807545
2.538384000006203	2.898163853502727
2.538385000006203	2.8981469255775463
2.538386000006203	2.898129998028177
2.538387000006203	2.898113070858509
2.5383880000062033	2.898096144064705
2.5383890000062035	2.898079217650643
2.5383900000062036	2.8980622916124767
2.5383910000062038	2.8980453659540673
2.538392000006204	2.8980284406715566
2.538393000006204	2.898011515768803
2.538394000006204	2.89799459124193
2.5383950000062043	2.8979776670947817
2.5383960000062045	2.8979607433234786
2.5383970000062046	2.8979438199318635
2.5383980000062047	2.8979268969160494
2.538399000006205	2.8979099742798775
2.538400000006205	2.8978930520194637
2.538401000006205	2.897876130138651
2.5384020000062053	2.897859208633559
2.5384030000062054	2.897842287508042
2.5384040000062056	2.8978253667582266
2.5384050000062057	2.8978084463817053
2.538406000006206	2.89779152638278
2.538407000006206	2.8977746067614865
2.538408000006206	2.8977576875178173
2.5384090000062063	2.897740768651771
2.5384100000062064	2.897723850163339
2.5384110000062066	2.8977069320525177
2.5384120000062067	2.897690014319301
2.538413000006207	2.8976730969636715
2.538414000006207	2.8976561799856118
2.538415000006207	2.897639263385097
2.5384160000062073	2.8976223471621045
2.5384170000062074	2.8976054313166073
2.5384180000062075	2.8975885158485806
2.5384190000062077	2.8975716007580012
2.538420000006208	2.897554686044856
2.538421000006208	2.8975377717091324
2.538422000006208	2.8975208577508296
2.5384230000062082	2.897503944169952
2.5384240000062084	2.8974870309665155
2.5384250000062085	2.897470118140536
2.5384260000062087	2.8974532056920363
2.538427000006209	2.897436293621044
2.538428000006209	2.8974193819275804
2.538429000006209	2.8974024706116674
2.538430000006209	2.8973855596733182
2.5384310000062094	2.8973686491125368
2.5384320000062095	2.897351738929321
2.5384330000062096	2.897334829123656
2.53843400000621	2.8973179196955154
2.53843500000621	2.8973010106448718
2.53843600000621	2.8972841019716884
2.53843700000621	2.897267193675924
2.5384380000062103	2.897250285757545
2.5384390000062105	2.8972333782165176
2.5384400000062106	2.897216471052821
2.5384410000062108	2.897199564266443
2.538442000006211	2.8971826578573894
2.538443000006211	2.8971657518256757
2.538444000006211	2.89714884617134
2.5384450000062113	2.8971319408944347
2.5384460000062115	2.8971150359950197
2.5384470000062116	2.8970981314731667
2.5384480000062117	2.897081227328951
2.538449000006212	2.8970643235624505
2.538450000006212	2.8970474201737355
2.538451000006212	2.8970305171628707
2.5384520000062123	2.897013614529915
2.5384530000062124	2.8969967122749005
2.5384540000062126	2.896979810397859
2.5384550000062127	2.896962908898801
2.538456000006213	2.896946007777724
2.538457000006213	2.8969291070346173
2.538458000006213	2.8969122066694584
2.5384590000062133	2.896895306682223
2.5384600000062134	2.8968784070728852
2.5384610000062136	2.896861507841416
2.5384620000062137	2.8968446089877964
2.538463000006214	2.8968277105120013
2.538464000006214	2.896810812414016
2.538465000006214	2.896793914693827
2.5384660000062143	2.8967770173514187
2.5384670000062144	2.896760120386776
2.5384680000062145	2.8967432237998785
2.5384690000062147	2.896726327590695
2.538470000006215	2.896709431759186
2.538471000006215	2.8966925363052978
2.538472000006215	2.8966756412289767
2.5384730000062152	2.896658746530148
2.5384740000062154	2.896641852208732
2.5384750000062155	2.8966249582646526
2.5384760000062156	2.896608064697831
2.538477000006216	2.8965911715081973
2.538478000006216	2.8965742786956987
2.538479000006216	2.8965573862602985
2.538480000006216	2.89654049420199
2.5384810000062163	2.8965236025207806
2.5384820000062165	2.8965067112167158
2.5384830000062166	2.896489820289862
2.5384840000062168	2.8964729297403022
2.538485000006217	2.8964560395681396
2.538486000006217	2.896439149773491
2.538487000006217	2.896422260356476
2.5384880000062173	2.896405371317191
2.5384890000062175	2.8963884826557296
2.5384900000062176	2.8963715943721633
2.5384910000062177	2.896354706466533
2.538492000006218	2.8963378189388616
2.538493000006218	2.896320931789144
2.538494000006218	2.89630404501735
2.5384950000062183	2.8962871586234304
2.5384960000062184	2.8962702726073197
2.5384970000062186	2.8962533869689473
2.5384980000062187	2.8962365017082448
2.538499000006219	2.8962196168251477
2.538500000006219	2.896202732319602
2.538501000006219	2.8961858481915748
2.5385020000062193	2.896168964441043
2.5385030000062194	2.896152081068002
2.5385040000062196	2.8961351980724626
2.5385050000062197	2.8961183154544363
2.53850600000622	2.896101433213944
2.53850700000622	2.8960845513510063
2.53850800000622	2.8960676698656305
2.5385090000062203	2.896050788757818
2.5385100000062204	2.896033908027556
2.5385110000062205	2.8960170276748194
2.5385120000062207	2.896000147699568
2.538513000006221	2.8959832681017548
2.538514000006221	2.895966388881326
2.538515000006221	2.8959495100382266
2.5385160000062212	2.895932631572412
2.5385170000062214	2.895915753483841
2.5385180000062215	2.895898875772489
2.5385190000062217	2.895881998438346
2.538520000006222	2.8958651214814197
2.538521000006222	2.895848244901729
2.538522000006222	2.8958313686993047
2.538523000006222	2.8958144928741842
2.5385240000062224	2.895797617426409
2.5385250000062225	2.8957807423560156
2.5385260000062226	2.895763867663033
2.538527000006223	2.8957469933474798
2.538528000006223	2.895730119409359
2.538529000006223	2.8957132458486625
2.538530000006223	2.895696372665364
2.5385310000062233	2.895679499859431
2.5385320000062235	2.895662627430817
2.5385330000062236	2.8956457553794763
2.5385340000062238	2.895628883705364
2.538535000006224	2.8956120124084346
2.538536000006224	2.895595141488654
2.538537000006224	2.895578270945999
2.5385380000062243	2.8955614007804553
2.5385390000062245	2.895544530992021
2.5385400000062246	2.8955276615807004
2.5385410000062247	2.895510792546508
2.538542000006225	2.8954939238894633
2.538543000006225	2.8954770556095877
2.538544000006225	2.8954601877069086
2.5385450000062253	2.895443320181444
2.5385460000062254	2.895426453033217
2.5385470000062256	2.895409586262245
2.5385480000062257	2.8953927198685454
2.538549000006226	2.8953758538521326
2.538550000006226	2.895358988213021
2.538551000006226	2.8953421229512237
2.5385520000062263	2.8953252580667566
2.5385530000062264	2.895308393559628
2.5385540000062266	2.8952915294298553
2.5385550000062267	2.8952746656774435
2.538556000006227	2.895257802302405
2.538557000006227	2.8952409393047374
2.538558000006227	2.8952240766844324
2.5385590000062273	2.8952072144414753
2.5385600000062274	2.8951903525758445
2.5385610000062275	2.8951734910875087
2.5385620000062277	2.895156629976429
2.538563000006228	2.8951397692425624
2.538564000006228	2.8951229088858654
2.538565000006228	2.8951060489062934
2.5385660000062282	2.8950891893038344
2.5385670000062284	2.895072330078382
2.5385680000062285	2.895055471229954
2.5385690000062286	2.895038612758535
2.538570000006229	2.8950217546641173
2.538571000006229	2.895004896946704
2.538572000006229	2.8949880396063086
2.538573000006229	2.8949711826429443
2.5385740000062293	2.894954326056628
2.5385750000062295	2.894937469847381
2.5385760000062296	2.894920614015208
2.5385770000062298	2.8949037585601274
2.53857800000623	2.894886903482145
2.53857900000623	2.8948700487812653
2.53858000000623	2.894853194457484
2.5385810000062303	2.8948363405107957
2.5385820000062305	2.8948194869411967
2.5385830000062306	2.89480263374868
2.5385840000062307	2.894785780933242
2.538585000006231	2.894768928494882
2.538586000006231	2.8947520764336008
2.538587000006231	2.8947352247494016
2.5385880000062313	2.8947183734422834
2.5385890000062314	2.894701522512244
2.5385900000062316	2.8946846719592796
2.5385910000062317	2.894667821783382
2.538592000006232	2.8946509719845332
2.538593000006232	2.894634122562714
2.538594000006232	2.8946172735179
2.5385950000062323	2.8946004248500636
2.5385960000062324	2.8945835765591768
2.5385970000062326	2.8945667286452195
2.5385980000062327	2.8945498811081722
2.538599000006233	2.8945330339480266
2.538600000006233	2.894516187164789
2.538601000006233	2.8944993407584696
2.5386020000062333	2.894482494729091
2.5386030000062334	2.8944656490766834
2.5386040000062335	2.8944488038012786
2.5386050000062337	2.8944319589029077
2.538606000006234	2.894415114381593
2.538607000006234	2.89439827023735
2.538608000006234	2.89438142647018
2.5386090000062342	2.8943645830800695
2.5386100000062344	2.8943477400669844
2.5386110000062345	2.8943308974308835
2.5386120000062347	2.894314055171712
2.538613000006235	2.8942972132894202
2.538614000006235	2.894280371783953
2.538615000006235	2.894263530655263
2.538616000006235	2.8942466899033237
2.5386170000062354	2.8942298495281222
2.5386180000062355	2.8942130095296643
2.5386190000062356	2.894196169907984
2.5386200000062358	2.8941793306631296
2.538621000006236	2.894162491795163
2.538622000006236	2.894145653304152
2.538623000006236	2.894128815190168
2.5386240000062363	2.894111977453271
2.5386250000062365	2.8940951400935058
2.5386260000062366	2.8940783031108968
2.5386270000062368	2.8940614665054474
2.538628000006237	2.8940446302771297
2.538629000006237	2.8940277944259014
2.538630000006237	2.8940109589516956
2.5386310000062373	2.893994123854438
2.5386320000062375	2.8939772891340483
2.5386330000062376	2.8939604547904523
2.5386340000062377	2.893943620823588
2.538635000006238	2.8939267872334162
2.538636000006238	2.8939099540199185
2.538637000006238	2.893893121183102
2.5386380000062383	2.8938762887229945
2.5386390000062384	2.893859456639644
2.5386400000062386	2.893842624933113
2.5386410000062387	2.893825793603469
2.538642000006239	2.8938089626507746
2.538643000006239	2.8937921320750846
2.538644000006239	2.8937753018764343
2.5386450000062393	2.8937584720548335
2.5386460000062394	2.8937416426102778
2.5386470000062396	2.893724813542729
2.5386480000062397	2.8937079848521363
2.53864900000624	2.8936911565384347
2.53865000000624	2.8936743286015507
2.53865100000624	2.893657501041411
2.5386520000062403	2.8936406738579468
2.5386530000062404	2.893623847051107
2.5386540000062405	2.8936070206208595
2.5386550000062407	2.8935901945671905
2.538656000006241	2.8935733688901113
2.538657000006241	2.8935565435896455
2.538658000006241	2.893539718665842
2.5386590000062412	2.8935228941187567
2.5386600000062414	2.8935060699484514
2.5386610000062415	2.8934892461549877
2.5386620000062416	2.8934724227384168
2.538663000006242	2.8934555996987816
2.538664000006242	2.8934387770420993
2.538665000006242	2.893421954760713
2.538666000006242	2.8934051328561345
2.5386670000062423	2.893388311333502
2.5386680000062425	2.893371490187415
2.5386690000062426	2.8933546694179517
2.5386700000062428	2.8933378490250914
2.538671000006243	2.893321029008817
2.538672000006243	2.893304209369111
2.538673000006243	2.8932873901059826
2.5386740000062433	2.8932705712194395
2.5386750000062435	2.8932537527095104
2.5386760000062436	2.893236934576221
2.5386770000062437	2.893220116819622
2.538678000006244	2.89320329943976
2.538679000006244	2.893186482436684
2.538680000006244	2.893169665810455
2.5386810000062443	2.893152849561117
2.5386820000062444	2.8931360336887035
2.5386830000062446	2.893119218193253
2.5386840000062447	2.893102403074806
2.538685000006245	2.8930855883333937
2.538686000006245	2.893068773969046
2.538687000006245	2.8930519599817894
2.5386880000062453	2.8930351463716386
2.5386890000062454	2.8930183331386043
2.5386900000062456	2.8930015202826884
2.5386910000062457	2.8929847078038695
2.538692000006246	2.8929678957021308
2.538693000006246	2.892951083977456
2.538694000006246	2.8929342726298106
2.5386950000062463	2.8929174616591524
2.5386960000062464	2.8929006510654367
2.5386970000062465	2.892883840848619
2.5386980000062467	2.892867031008663
2.538699000006247	2.892850221545534
2.538700000006247	2.8928334124592245
2.538701000006247	2.892816603749722
2.5387020000062472	2.8927997954170173
2.5387030000062474	2.892782987461125
2.5387040000062475	2.892766179882066
2.5387050000062477	2.8927493726798703
2.538706000006248	2.892732565854566
2.538707000006248	2.892715759406176
2.538708000006248	2.8926989533347203
2.538709000006248	2.892682147640203
2.5387100000062484	2.8926653423226183
2.5387110000062485	2.892648537381947
2.5387120000062486	2.892631732818153
2.5387130000062488	2.8926149286311964
2.538714000006249	2.8925981248210286
2.538715000006249	2.8925813213875973
2.538716000006249	2.8925645183308557
2.5387170000062493	2.892547715650766
2.5387180000062495	2.8925309133473034
2.5387190000062496	2.892514111420454
2.5387200000062498	2.892497309870228
2.53872100000625	2.892480508696645
2.53872200000625	2.8924637079004536
2.53872300000625	2.892446907480808
2.5387240000062503	2.8924301074384284
2.5387250000062505	2.8924133077734
2.5387260000062506	2.892396508485558
2.5387270000062507	2.8923797095749313
2.538728000006251	2.892362911041553
2.538729000006251	2.8923461128854324
2.538730000006251	2.892329315106557
2.5387310000062513	2.8923125177049154
2.5387320000062514	2.8922957206804747
2.5387330000062516	2.8922789240332007
2.5387340000062517	2.8922621277630647
2.538735000006252	2.8922453318700416
2.538736000006252	2.8922285363541187
2.538737000006252	2.892211741215289
2.5387380000062523	2.8921949464535626
2.5387390000062524	2.892178152068963
2.5387400000062526	2.8921613580615175
2.5387410000062527	2.8921445644312596
2.538742000006253	2.89212777117822
2.538743000006253	2.892110978302416
2.538744000006253	2.892094185803857
2.5387450000062532	2.892077393682533
2.5387460000062534	2.892060601938414
2.5387470000062535	2.892043810571455
2.5387480000062537	2.8920270195815894
2.538749000006254	2.8920102289687435
2.538750000006254	2.8919934387328308
2.538751000006254	2.891976648873768
2.5387520000062542	2.891959859391477
2.5387530000062544	2.8919430702858886
2.5387540000062545	2.8919262815569637
2.5387550000062546	2.891909493204672
2.538756000006255	2.891892705228991
2.538757000006255	2.8918759176299313
2.538758000006255	2.891859130407519
2.538759000006255	2.8918423435618004
2.5387600000062553	2.8918255570928264
2.5387610000062555	2.8918087710006555
2.5387620000062556	2.8917919852853418
2.5387630000062558	2.8917751999411117
2.538764000006256	2.8917584149737428
2.538765000006256	2.8917416303837022
2.538766000006256	2.8917248461705074
2.5387670000062563	2.891708062334651
2.5387680000062565	2.89169127887565
2.5387690000062566	2.8916744957939664
2.5387700000062567	2.8916577130891152
2.538771000006257	2.8916409307615334
2.538772000006257	2.8916241488107333
2.538773000006257	2.8916073672371296
2.5387740000062573	2.8915905860402344
2.5387750000062574	2.8915738052204416
2.5387760000062576	2.8915570247772693
2.5387770000062577	2.891540244711094
2.538778000006258	2.891523465021441
2.538779000006258	2.891506685708668
2.538780000006258	2.8914899067723123
2.5387810000062583	2.891473128212733
2.5387820000062584	2.891456350029474
2.5387830000062586	2.891439572222909
2.5387840000062587	2.8914227947926006
2.538785000006259	2.8914060177389462
2.538786000006259	2.8913892410615305
2.538787000006259	2.8913724647607904
2.5387880000062593	2.891355688836318
2.5387890000062594	2.891338913288597
2.5387900000062595	2.8913221381172125
2.5387910000062597	2.8913053633226626
2.53879200000626	2.8912885889045246
2.53879300000626	2.8912718148632917
2.53879400000626	2.8912550411985136
2.5387950000062602	2.8912382679101944
2.5387960000062604	2.891221495000559
2.5387970000062605	2.8912047224653663
2.5387980000062607	2.891187950308767
2.538799000006261	2.8911711785265
2.538800000006261	2.8911544071227024
2.538801000006261	2.8911376360931116
2.538802000006261	2.89112086544187
2.5388030000062614	2.8911040951647315
2.5388040000062615	2.891087325265876
2.5388050000062616	2.891070555741097
2.5388060000062618	2.8910537865946133
2.538807000006262	2.8910370178222586
2.538808000006262	2.89102024942829
2.538809000006262	2.8910034814090113
2.5388100000062623	2.8909867137665026
2.5388110000062625	2.8909699465002796
2.5388120000062626	2.8909531796049355
2.5388130000062628	2.8909364130863193
2.538814000006263	2.8909196469444605
2.538815000006263	2.890902881179343
2.538816000006263	2.89088611579093
2.5388170000062633	2.8908693507791656
2.5388180000062635	2.8908525861439793
2.5388190000062636	2.890835821885282
2.5388200000062637	2.8908190580029802
2.538821000006264	2.8908022944969733
2.538822000006264	2.890785531367168
2.538823000006264	2.8907687686134746
2.5388240000062643	2.8907520062358234
2.5388250000062644	2.890735244234144
2.5388260000062646	2.89071848260839
2.5388270000062647	2.8907017213585244
2.538828000006265	2.8906849604845273
2.538829000006265	2.8906681999863895
2.538830000006265	2.890651439864103
2.5388310000062653	2.8906346801176683
2.5388320000062654	2.8906179207470863
2.5388330000062656	2.8906011617523615
2.5388340000062657	2.8905844031334977
2.538835000006266	2.8905676448904876
2.538836000006266	2.890550887023331
2.538837000006266	2.8905341295320275
2.5388380000062662	2.8905173724165727
2.5388390000062664	2.890500615676968
2.5388400000062665	2.890483859313213
2.5388410000062667	2.8904671033253084
2.538842000006267	2.890450347713259
2.538843000006267	2.890433592477067
2.538844000006267	2.890416837616735
2.5388450000062672	2.890400083132266
2.5388460000062674	2.8903833290236554
2.5388470000062675	2.890366575290898
2.5388480000062676	2.890349821933985
2.538849000006268	2.890333068952901
2.538850000006268	2.8903163163476377
2.538851000006268	2.8902995641181817
2.538852000006268	2.8902828122645117
2.5388530000062683	2.890266060786613
2.5388540000062685	2.8902493096844744
2.5388550000062686	2.8902325589580893
2.5388560000062688	2.890215808607447
2.538857000006269	2.8901990586325415
2.538858000006269	2.8901823090333667
2.538859000006269	2.890165559809915
2.5388600000062693	2.8901488109621774
2.5388610000062695	2.890132062490142
2.5388620000062696	2.8901153143937854
2.5388630000062697	2.890098566673083
2.53886400000627	2.8900818193280076
2.53886500000627	2.8900650723585226
2.53886600000627	2.8900483257645972
2.5388670000062703	2.8900315795462004
2.5388680000062704	2.8900148337033067
2.5388690000062706	2.8899980882358958
2.5388700000062707	2.8899813431439627
2.538871000006271	2.8899645984275084
2.538872000006271	2.889947854086543
2.538873000006271	2.889931110121085
2.5388740000062713	2.8899143665311597
2.5388750000062714	2.8898976233167892
2.5388760000062716	2.8898808804779894
2.5388770000062717	2.889864138014766
2.538878000006272	2.889847395927107
2.538879000006272	2.8898306542149883
2.538880000006272	2.8898139128783606
2.5388810000062723	2.8897971719171562
2.5388820000062724	2.88978043133129
2.5388830000062725	2.8897636911206557
2.5388840000062727	2.889746951285149
2.538885000006273	2.889730211824663
2.538886000006273	2.8897134727391007
2.538887000006273	2.8896967340283743
2.5388880000062732	2.889679995692431
2.5388890000062734	2.889663257731237
2.5388900000062735	2.8896465201447907
2.5388910000062737	2.889629782933122
2.538892000006274	2.889613046096286
2.538893000006274	2.889596309634361
2.538894000006274	2.8895795735474374
2.538895000006274	2.889562837835611
2.5388960000062744	2.8895461024989726
2.5388970000062745	2.8895293675376106
2.5388980000062746	2.8895126329515857
2.5388990000062748	2.889495898740943
2.538900000006275	2.889479164905704
2.538901000006275	2.8894624314458577
2.538902000006275	2.8894456983613863
2.5389030000062753	2.8894289656522507
2.5389040000062755	2.8894122333184082
2.5389050000062756	2.889395501359812
2.5389060000062758	2.889378769776421
2.538907000006276	2.8893620385682124
2.538908000006276	2.8893453077351707
2.538909000006276	2.889328577277296
2.5389100000062763	2.8893118471946018
2.5389110000062765	2.8892951174871166
2.5389120000062766	2.889278388154872
2.5389130000062767	2.889261659197898
2.538914000006277	2.8892449306162145
2.538915000006277	2.8892282024098312
2.538916000006277	2.8892114745787407
2.5389170000062773	2.889194747122912
2.5389180000062774	2.889178020042294
2.5389190000062776	2.8891612933368234
2.5389200000062777	2.8891445670064217
2.538921000006278	2.8891278410510046
2.538922000006278	2.8891111154704903
2.538923000006278	2.88909439026481
2.5389240000062783	2.8890776654339065
2.5389250000062784	2.8890609409777523
2.5389260000062785	2.8890442168963473
2.5389270000062787	2.8890274931897086
2.538928000006279	2.8890107698578893
2.538929000006279	2.8889940469009603
2.538930000006279	2.888977324319009
2.5389310000062792	2.888960602112131
2.5389320000062794	2.888943880280423
2.5389330000062795	2.8889271588239716
2.5389340000062797	2.8889104377428523
2.53893500000628	2.888893717037118
2.53893600000628	2.8888769967068075
2.53893700000628	2.888860276751927
2.5389380000062802	2.8888435571724673
2.5389390000062804	2.888826837968405
2.5389400000062805	2.8888101191396984
2.5389410000062806	2.8887934006863007
2.538942000006281	2.8887766826081633
2.538943000006281	2.8887599649052444
2.538944000006281	2.888743247577507
2.538945000006281	2.8887265306249224
2.5389460000062813	2.8887098140474823
2.5389470000062815	2.8886930978451852
2.5389480000062816	2.888676382018039
2.5389490000062818	2.888659666566063
2.538950000006282	2.8886429514892815
2.538951000006282	2.888626236787719
2.538952000006282	2.8886095224614006
2.5389530000062823	2.8885928085103503
2.5389540000062825	2.8885760949345847
2.5389550000062826	2.8885593817341193
2.5389560000062827	2.8885426689089644
2.538957000006283	2.888525956459127
2.538958000006283	2.8885092443846117
2.538959000006283	2.888492532685423
2.5389600000062833	2.888475821361567
2.5389610000062834	2.8884591104130477
2.5389620000062836	2.888442399839877
2.5389630000062837	2.8884256896420624
2.538964000006284	2.8884089798196233
2.538965000006284	2.888392270372571
2.538966000006284	2.8883755613009265
2.5389670000062843	2.8883588526047066
2.5389680000062844	2.8883421442839237
2.5389690000062846	2.8883254363386026
2.5389700000062847	2.888308728768758
2.538971000006285	2.888292021574406
2.538972000006285	2.888275314755567
2.538973000006285	2.88825860831226
2.5389740000062853	2.888241902244502
2.5389750000062854	2.8882251965523125
2.5389760000062855	2.888208491235712
2.5389770000062857	2.8881917862947213
2.538978000006286	2.8881750817293543
2.538979000006286	2.8881583775396225
2.538980000006286	2.8881416737255368
2.5389810000062862	2.8881249702870955
2.5389820000062864	2.888108267224295
2.5389830000062865	2.8880915645371803
2.5389840000062867	2.8880748622256793
2.538985000006287	2.8880581602897637
2.538986000006287	2.888041458729409
2.538987000006287	2.888024757544589
2.538988000006287	2.888008056735279
2.5389890000062874	2.8879913563014585
2.5389900000062875	2.8879746562431214
2.5389910000062876	2.887957956560257
2.5389920000062878	2.887941257252876
2.538993000006288	2.8879245583209876
2.538994000006288	2.8879078597646206
2.538995000006288	2.8878911615837985
2.5389960000062883	2.8878744637785507
2.5389970000062885	2.887857766348911
2.5389980000062886	2.8878410692949052
2.5389990000062888	2.8878243726165547
2.539000000006289	2.8878076763138774
2.539001000006289	2.887790980386883
2.539002000006289	2.887774284835572
2.5390030000062893	2.8877575896599454
2.5390040000062895	2.8877408948599985
2.5390050000062896	2.887724200435725
2.5390060000062897	2.8877075063871214
2.53900700000629	2.887690812714189
2.53900800000629	2.8876741194169315
2.53900900000629	2.887657426495364
2.5390100000062903	2.8876407339494974
2.5390110000062904	2.8876240417793504
2.5390120000062906	2.8876073499849415
2.5390130000062907	2.8875906585662854
2.539014000006291	2.887573967523391
2.539015000006291	2.88755727685626
2.539016000006291	2.8875405865648816
2.5390170000062913	2.8875238966492325
2.5390180000062914	2.8875072071092815
2.5390190000062915	2.887490517944984
2.5390200000062917	2.8874738291562987
2.539021000006292	2.887457140743175
2.539022000006292	2.887440452705569
2.539023000006292	2.8874237650434496
2.5390240000062922	2.8874070777567873
2.5390250000062924	2.887390390845571
2.5390260000062925	2.887373704309808
2.5390270000062927	2.887357018149523
2.539028000006293	2.8873403323647504
2.539029000006293	2.8873236469555383
2.539030000006293	2.8873069619219422
2.5390310000062932	2.8872902772640194
2.5390320000062934	2.887273592981826
2.5390330000062935	2.8872569090754063
2.5390340000062936	2.887240225544791
2.539035000006294	2.8872235423900046
2.539036000006294	2.8872068596110747
2.539037000006294	2.8871901772079647
2.539038000006294	2.8871734951806545
2.5390390000062943	2.887156813529114
2.5390400000062945	2.88714013225331
2.5390410000062946	2.8871234513532062
2.5390420000062948	2.8871067708287694
2.539043000006295	2.8870900906799704
2.539044000006295	2.8870734109067913
2.539045000006295	2.8870567315092157
2.5390460000062953	2.8870400524872384
2.5390470000062955	2.887023373840861
2.5390480000062956	2.887006695570078
2.5390490000062957	2.886990017674887
2.539050000006296	2.8869733401552806
2.539051000006296	2.8869566630112415
2.539052000006296	2.8869399862427434
2.5390530000062963	2.886923309849757
2.5390540000062964	2.8869066338322376
2.5390550000062966	2.8868899581901477
2.5390560000062967	2.8868732829234425
2.539057000006297	2.886856608032077
2.539058000006297	2.8868399335160175
2.539059000006297	2.88682325937524
2.5390600000062973	2.8868065856097345
2.5390610000062974	2.8867899122195055
2.5390620000062976	2.88677323920457
2.5390630000062977	2.8867565665649613
2.539064000006298	2.8867398943007196
2.539065000006298	2.8867232224118933
2.539066000006298	2.8867065508985323
2.5390670000062983	2.886689879760687
2.5390680000062984	2.886673208998399
2.5390690000062985	2.8866565386117022
2.5390700000062987	2.8866398686006187
2.539071000006299	2.8866231989651605
2.539072000006299	2.8866065297053227
2.539073000006299	2.8865898608210943
2.5390740000062992	2.886573192312452
2.5390750000062994	2.886556524179365
2.5390760000062995	2.8865398564212263
2.5390770000062997	2.886523189040146
2.5390780000063	2.8865065220343733
2.5390790000063	2.8864898554038882
2.5390800000063	2.8864731891486737
2.5390810000063	2.8864565232687167
2.5390820000063004	2.8864398577640067
2.5390830000063005	2.8864231926345325
2.5390840000063006	2.8864065278802893
2.5390850000063008	2.8863898635012704
2.539086000006301	2.886373199497477
2.539087000006301	2.8863565358689
2.539088000006301	2.886339872615542
2.5390890000063013	2.8863232097374034
2.5390900000063015	2.8863065472344887
2.5390910000063016	2.886289885106802
2.5390920000063018	2.886273223354355
2.539093000006302	2.8862565619771545
2.539094000006302	2.8862399009752147
2.539095000006302	2.8862232403485524
2.5390960000063023	2.8862065800971815
2.5390970000063025	2.8861899202211148
2.5390980000063026	2.8861732607203714
2.5390990000063027	2.8861566015949567
2.539100000006303	2.8861399428448746
2.539101000006303	2.886123284470121
2.539102000006303	2.886106626470688
2.5391030000063033	2.886089968846561
2.5391040000063034	2.886073311597716
2.5391050000063036	2.886056654724147
2.5391060000063037	2.8860399982257716
2.539107000006304	2.8860233421026105
2.539108000006304	2.8860066863546465
2.539109000006304	2.88599003098187
2.5391100000063043	2.885973375984284
2.5391110000063044	2.8859567213618984
2.5391120000063045	2.885940067114733
2.5391130000063047	2.885923413242821
2.539114000006305	2.8859067597461987
2.539115000006305	2.885890106624908
2.539116000006305	2.885873453878988
2.5391170000063052	2.885856801508475
2.5391180000063054	2.8858401495133963
2.5391190000063055	2.885823497893765
2.5391200000063057	2.8858068466495848
2.539121000006306	2.8857901957808445
2.539122000006306	2.885773545287518
2.539123000006306	2.885756895169567
2.5391240000063062	2.885740245426949
2.5391250000063064	2.8857235960596115
2.5391260000063065	2.885706947067497
2.5391270000063066	2.885690298450566
2.539128000006307	2.885673650208778
2.539129000006307	2.8856570023421066
2.539130000006307	2.885640354850532
2.539131000006307	2.8856237077340543
2.5391320000063073	2.885607060992681
2.5391330000063075	2.8855904146264355
2.5391340000063076	2.8855737686353438
2.5391350000063078	2.8855571230194457
2.539136000006308	2.885540477778802
2.539137000006308	2.8855238329133868
2.539138000006308	2.8855071884232864
2.5391390000063083	2.885490544308538
2.5391400000063085	2.8854739005691763
2.5391410000063086	2.885457257205231
2.5391420000063087	2.8854406142167233
2.539143000006309	2.8854239716036796
2.539144000006309	2.885407329366118
2.539145000006309	2.885390687504059
2.5391460000063093	2.8853740460175143
2.5391470000063094	2.8853574049065016
2.5391480000063096	2.8853407641710405
2.5391490000063097	2.8853241238111464
2.53915000000631	2.8853074838268333
2.53915100000631	2.8852908442181104
2.53915200000631	2.8852742049849818
2.5391530000063103	2.885257566127448
2.5391540000063104	2.885240927645506
2.5391550000063106	2.885224289539141
2.5391560000063107	2.8852076518083254
2.539157000006311	2.8851910144530373
2.539158000006311	2.8851743774732665
2.539159000006311	2.8851577408689852
2.5391600000063113	2.885141104640173
2.5391610000063114	2.8851244687868136
2.5391620000063115	2.885107833308895
2.5391630000063117	2.8850911982064154
2.539164000006312	2.88507456347938
2.539165000006312	2.8850579291277993
2.539166000006312	2.885041295151698
2.5391670000063122	2.8850246615511006
2.5391680000063124	2.8850080283262503
2.5391690000063125	2.8849913954767885
2.5391700000063127	2.884974763002923
2.539171000006313	2.8849581309046672
2.539172000006313	2.8849414991820446
2.539173000006313	2.8849248678350716
2.539174000006313	2.8849082368637577
2.5391750000063134	2.884891606268114
2.5391760000063135	2.884874976048145
2.5391770000063136	2.884858346203855
2.5391780000063138	2.8848417167352474
2.539179000006314	2.884825087642325
2.539180000006314	2.884808458925094
2.539181000006314	2.884791830583564
2.5391820000063143	2.8847752026177425
2.5391830000063145	2.8847585750276465
2.5391840000063146	2.884741947813283
2.5391850000063148	2.884725320974666
2.539186000006315	2.8847086945117995
2.539187000006315	2.8846920684246897
2.539188000006315	2.8846754427133297
2.5391890000063153	2.884658817377709
2.5391900000063155	2.8846421924178083
2.5391910000063156	2.8846255678336092
2.5391920000063157	2.8846089436250892
2.539193000006316	2.8845923197922203
2.539194000006316	2.8845756963349816
2.539195000006316	2.8845590732532465
2.5391960000063163	2.884542450547233
2.5391970000063164	2.884525828216842
2.5391980000063166	2.8845092062620936
2.5391990000063167	2.8844925846830245
2.539200000006317	2.8844759634796766
2.539201000006317	2.8844593426521055
2.539202000006317	2.8844427222003657
2.5392030000063173	2.8844261021245163
2.5392040000063174	2.884409482424611
2.5392050000063175	2.8843928631006928
2.5392060000063177	2.8843762441527927
2.539207000006318	2.8843596255809287
2.539208000006318	2.884343007385101
2.539209000006318	2.884326389565291
2.5392100000063182	2.8843097721214632
2.5392110000063184	2.8842931550535784
2.5392120000063185	2.884276538361588
2.5392130000063187	2.884259922045445
2.539214000006319	2.8842433061051
2.539215000006319	2.8842266905405167
2.539216000006319	2.8842100753516773
2.5392170000063192	2.884193460538564
2.5392180000063194	2.884176846101188
2.5392190000063195	2.8841602320395685
2.5392200000063196	2.8841436183537366
2.53922100000632	2.8841270050437307
2.53922200000632	2.8841103921095965
2.53922300000632	2.8840937795513755
2.53922400000632	2.884077167369102
2.5392250000063203	2.884060555562796
2.5392260000063205	2.884043944132471
2.5392270000063206	2.8840273330781216
2.5392280000063208	2.884010722399729
2.539229000006321	2.8839941120972576
2.539230000006321	2.8839775021706693
2.539231000006321	2.883960892619915
2.5392320000063213	2.8839442834449467
2.5392330000063215	2.883927674645712
2.5392340000063216	2.883911066222179
2.5392350000063217	2.8838944581743258
2.539236000006322	2.8838778505021385
2.539237000006322	2.8838612432056157
2.539238000006322	2.8838446362847647
2.5392390000063223	2.883828029739606
2.5392400000063224	2.8838114235701626
2.5392410000063226	2.883794817776463
2.5392420000063227	2.883778212358529
2.539243000006323	2.8837616073163814
2.539244000006323	2.883745002650029
2.539245000006323	2.8837283983594757
2.5392460000063233	2.883711794444717
2.5392470000063234	2.883695190905739
2.5392480000063236	2.8836785877425273
2.5392490000063237	2.8836619849550584
2.539250000006324	2.8836453825433086
2.539251000006324	2.8836287805072622
2.539252000006324	2.8836121788469002
2.5392530000063243	2.883595577562213
2.5392540000063244	2.8835789766531947
2.5392550000063245	2.8835623761198437
2.5392560000063247	2.8835457759621637
2.539257000006325	2.883529176180158
2.539258000006325	2.8835125767738274
2.539259000006325	2.88349597774317
2.5392600000063252	2.8834793790881807
2.5392610000063254	2.883462780808846
2.5392620000063255	2.8834461829051485
2.5392630000063257	2.8834295853770646
2.539264000006326	2.883412988224565
2.539265000006326	2.883396391447619
2.539266000006326	2.883379795046196
2.539267000006326	2.883363199020271
2.5392680000063264	2.883346603369824
2.5392690000063265	2.8833300080948367
2.5392700000063266	2.883313413195303
2.5392710000063268	2.8832968186712273
2.539272000006327	2.8832802245226175
2.539273000006327	2.883263630749488
2.539274000006327	2.8832470373518597
2.5392750000063273	2.883230444329748
2.5392760000063275	2.883213851683176
2.5392770000063276	2.8831972594121553
2.5392780000063278	2.883180667516696
2.539279000006328	2.883164075996803
2.539280000006328	2.8831474848524667
2.539281000006328	2.883130894083681
2.5392820000063283	2.8831143036904257
2.5392830000063285	2.883097713672676
2.5392840000063286	2.883081124030414
2.5392850000063287	2.883064534763609
2.539286000006329	2.8830479458722422
2.539287000006329	2.8830313573562782
2.539288000006329	2.8830147692156975
2.5392890000063293	2.8829981814504726
2.5392900000063294	2.882981594060575
2.5392910000063296	2.8829650070459887
2.5392920000063297	2.882948420406683
2.53929300000633	2.8829318341426386
2.53929400000633	2.882915248253831
2.53929500000633	2.882898662740239
2.5392960000063303	2.882882077601847
2.5392970000063304	2.882865492838635
2.5392980000063305	2.8828489084505953
2.5392990000063307	2.882832324437724
2.539300000006331	2.882815740800021
2.539301000006331	2.8827991575374927
2.539302000006331	2.8827825746501534
2.5393030000063312	2.8827659921380175
2.5393040000063314	2.8827494100011046
2.5393050000063315	2.88273282823943
2.5393060000063317	2.8827162468530085
2.539307000006332	2.8826996658418462
2.539308000006332	2.8826830852059406
2.539309000006332	2.8826665049452806
2.5393100000063322	2.8826499250598445
2.5393110000063324	2.8826333455496047
2.5393120000063325	2.882616766414524
2.5393130000063326	2.8826001876545626
2.539314000006333	2.882583609269678
2.539315000006333	2.882567031259836
2.539316000006333	2.8825504536250084
2.539317000006333	2.8825338763651738
2.5393180000063333	2.882517299480328
2.5393190000063335	2.882500722970477
2.5393200000063336	2.8824841468356386
2.5393210000063338	2.8824675710758485
2.539322000006334	2.882450995691136
2.539323000006334	2.882434420681547
2.539324000006334	2.882417846047113
2.5393250000063343	2.8824012717878684
2.5393260000063345	2.882384697903831
2.5393270000063346	2.882368124395007
2.5393280000063347	2.8823515512613915
2.539329000006335	2.8823349785029677
2.539330000006335	2.8823184061197056
2.539331000006335	2.882301834111566
2.5393320000063353	2.882285262478506
2.5393330000063354	2.8822686912204896
2.5393340000063356	2.8822521203374807
2.5393350000063357	2.8822355498294554
2.539336000006336	2.882218979696401
2.539337000006336	2.8822024099383152
2.539338000006336	2.8821858405552083
2.5393390000063363	2.8821692715471046
2.5393400000063364	2.882152702914027
2.5393410000063366	2.882136134656005
2.5393420000063367	2.882119566773063
2.539343000006337	2.882102999265216
2.539344000006337	2.882086432132469
2.539345000006337	2.8820698653748127
2.5393460000063373	2.8820532989922216
2.5393470000063374	2.8820367329846572
2.5393480000063375	2.8820201673520702
2.5393490000063377	2.8820036020944078
2.539350000006338	2.88198703721161
2.539351000006338	2.8819704727036237
2.539352000006338	2.8819539085704022
2.5393530000063382	2.881937344811915
2.5393540000063384	2.8819207814281476
2.5393550000063385	2.8819042184191
2.5393560000063387	2.8818876557847943
2.539357000006339	2.881871093525264
2.539358000006339	2.881854531640559
2.539359000006339	2.881837970130731
2.539360000006339	2.8818214089958434
2.5393610000063394	2.8818048482359475
2.5393620000063395	2.8817882878510965
2.5393630000063396	2.8817717278413255
2.5393640000063398	2.8817551682066647
2.53936500000634	2.881738608947129
2.53936600000634	2.881722050062715
2.53936700000634	2.8817054915534146
2.5393680000063403	2.881688933419204
2.5393690000063405	2.8816723756600733
2.5393700000063406	2.8816558182759566
2.5393710000063408	2.8816392612668493
2.539372000006341	2.8816227046327256
2.539373000006341	2.881606148373568
2.539374000006341	2.881589592489361
2.5393750000063413	2.881573036980099
2.5393760000063414	2.8815564818457853
2.5393770000063416	2.881539927086427
2.5393780000063417	2.881523372702033
2.539379000006342	2.881506818692623
2.539380000006342	2.8814902650582126
2.539381000006342	2.881473711798822
2.5393820000063423	2.8814571589144693
2.5393830000063424	2.8814406064051714
2.5393840000063426	2.8814240542709464
2.5393850000063427	2.8814075025118058
2.539386000006343	2.8813909511277656
2.539387000006343	2.8813744001188355
2.539388000006343	2.881357849485022
2.5393890000063433	2.881341299226331
2.5393900000063434	2.881324749342761
2.5393910000063435	2.881308199834304
2.5393920000063437	2.8812916507009514
2.539393000006344	2.881275101942682
2.539394000006344	2.881258553559474
2.539395000006344	2.8812420055513
2.5393960000063442	2.881225457918131
2.5393970000063444	2.8812089106599363
2.5393980000063445	2.881192363776687
2.5393990000063447	2.881175817268359
2.539400000006345	2.8811592711349356
2.539401000006345	2.881142725376413
2.539402000006345	2.881126179992792
2.5394030000063452	2.8811096349840897
2.5394040000063454	2.881093090350328
2.5394050000063455	2.8810765460915424
2.5394060000063456	2.881060002207776
2.539407000006346	2.8810434586990703
2.539408000006346	2.8810269155654673
2.539409000006346	2.8810103728070096
2.539410000006346	2.880993830423725
2.5394110000063463	2.880977288415633
2.5394120000063465	2.8809607467827467
2.5394130000063466	2.8809442055250623
2.5394140000063468	2.880927664642564
2.539415000006347	2.880911124135226
2.539416000006347	2.880894584003019
2.539417000006347	2.8808780442459065
2.5394180000063473	2.880861504863855
2.5394190000063475	2.8808449658568334
2.5394200000063476	2.8808284272248184
2.5394210000063477	2.880811888967793
2.539422000006348	2.8807953510857507
2.539423000006348	2.880778813578693
2.539424000006348	2.880762276446632
2.5394250000063483	2.8807457396895875
2.5394260000063484	2.8807292033075793
2.5394270000063486	2.880712667300629
2.5394280000063487	2.8806961316687594
2.539429000006349	2.880679596411985
2.539430000006349	2.880663061530319
2.539431000006349	2.8806465270237696
2.5394320000063493	2.880629992892336
2.5394330000063494	2.880613459136015
2.5394340000063496	2.8805969257547974
2.5394350000063497	2.8805803927486715
2.53943600000635	2.8805638601176247
2.53943700000635	2.8805473278616454
2.53943800000635	2.880530795986957
2.5394390000063503	2.880514264485894
2.5394400000063504	2.880497733353208
2.5394410000063505	2.8804812025975486
2.5394420000063507	2.880464672216948
2.539443000006351	2.880448142211412
2.539444000006351	2.880431612587184
2.539445000006351	2.880415083336604
2.5394460000063512	2.8803985544544157
2.5394470000063514	2.880382025949275
2.5394480000063515	2.88036549782544
2.5394490000063517	2.880348970075237
2.539450000006352	2.8803324426996353
2.539451000006352	2.8803159156996476
2.539452000006352	2.880299389067996
2.539453000006352	2.88028286281337
2.5394540000063524	2.8802663369400254
2.5394550000063525	2.8802498114403203
2.5394560000063526	2.88023328630977
2.5394570000063528	2.880216761554437
2.539458000006353	2.8802002371743494
2.539459000006353	2.880183713166846
2.539460000006353	2.880167189533788
2.5394610000063533	2.8801506662783103
2.5394620000063535	2.8801341434071905
2.5394630000063536	2.8801176209110917
2.5394640000063537	2.880101098789951
2.539465000006354	2.8800845770438164
2.539466000006354	2.8800680556727243
2.539467000006354	2.880051534676702
2.5394680000063543	2.880035014055765
2.5394690000063544	2.8800184938099185
2.5394700000063546	2.8800019739391622
2.5394710000063547	2.8799854544434953
2.539472000006355	2.8799689353229194
2.539473000006355	2.8799524165774364
2.539474000006355	2.8799358982070595
2.5394750000063553	2.8799193802118106
2.5394760000063554	2.8799028625917247
2.5394770000063556	2.8798863453468453
2.5394780000063557	2.8798698284772266
2.539479000006356	2.879853311982931
2.539480000006356	2.87983679586402
2.539481000006356	2.8798202801205557
2.5394820000063563	2.879803764752589
2.5394830000063564	2.8797872497601626
2.5394840000063565	2.879770735143299
2.5394850000063567	2.879754220901999
2.539486000006357	2.8797377070362495
2.539487000006357	2.8797211935460134
2.539488000006357	2.879704680431241
2.5394890000063572	2.879688167691867
2.5394900000063574	2.879671655327823
2.5394910000063575	2.8796551433390376
2.5394920000063577	2.879638631725446
2.539493000006358	2.879622120486996
2.539494000006358	2.8796056096236455
2.539495000006358	2.8795890991353796
2.5394960000063582	2.879572589022192
2.5394970000063584	2.879556079284104
2.5394980000063585	2.879539569921147
2.5394990000063586	2.8795230609333635
2.539500000006359	2.879506552320802
2.539501000006359	2.87949004408351
2.539502000006359	2.879473536221529
2.539503000006359	2.8794570287348877
2.5395040000063593	2.8794405216235965
2.5395050000063595	2.8794240148876558
2.5395060000063596	2.8794075085270405
2.5395070000063598	2.8793910025417118
2.53950800000636	2.8793744969316197
2.53950900000636	2.8793579916967067
2.53951000000636	2.87934148683691
2.5395110000063603	2.8793249823521747
2.5395120000063605	2.879308478242451
2.5395130000063606	2.8792919745077046
2.5395140000063607	2.8792754711479214
2.539515000006361	2.8792589681631022
2.539516000006361	2.879242465553269
2.539517000006361	2.879225963318463
2.5395180000063613	2.8792094614587316
2.5395190000063614	2.8791929599741315
2.5395200000063616	2.879176458864726
2.5395210000063617	2.879159958130566
2.539522000006362	2.879143457771699
2.539523000006362	2.879126957788157
2.539524000006362	2.8791104581799583
2.5395250000063623	2.8790939589471
2.5395260000063624	2.8790774600895674
2.5395270000063626	2.879060961607335
2.5395280000063627	2.8790444635003665
2.539529000006363	2.8790279657686257
2.539530000006363	2.8790114684120787
2.539531000006363	2.8789949714307017
2.5395320000063633	2.878978474824483
2.5395330000063634	2.8789619785934244
2.5395340000063635	2.878945482737542
2.5395350000063637	2.8789289872568675
2.539536000006364	2.8789124921514473
2.539537000006364	2.878895997421328
2.539538000006364	2.8788795030587297
2.5395390000063642	2.8788630090688803
2.5395400000063644	2.878846515455848
2.5395410000063645	2.8788300222120276
2.5395420000063647	2.878813529338619
2.539543000006365	2.878797036843953
2.539544000006365	2.8787805447195978
2.539545000006365	2.878764052977719
2.539546000006365	2.8787475616137144
2.5395470000063654	2.878731070623461
2.5395480000063655	2.8787145800083462
2.5395490000063656	2.8786980897644927
2.5395500000063658	2.878681599891052
2.539551000006366	2.8786651103960983
2.539552000006366	2.878648621271038
2.539553000006366	2.8786321325242676
2.5395540000063663	2.8786156441473034
2.5395550000063665	2.8785991561523465
2.5395560000063666	2.8785826685347744
2.5395570000063667	2.8785661812906005
2.539558000006367	2.8785496944213196
2.539559000006367	2.878533207923184
2.539560000006367	2.87851672179547
2.5395610000063673	2.878500236046424
2.5395620000063674	2.8784837506675687
2.5395630000063676	2.878467265667422
2.5395640000063677	2.878450781037577
2.539565000006368	2.878434296790272
2.539566000006368	2.878417812920898
2.539567000006368	2.8784013294254374
2.5395680000063683	2.8783848463053237
2.5395690000063684	2.87836836355672
2.5395700000063686	2.8783518811787925
2.5395710000063687	2.8783353991796643
2.539572000006369	2.878318917550759
2.539573000006369	2.8783024363042475
2.539574000006369	2.8782859554344284
2.5395750000063693	2.8782694749373525
2.5395760000063694	2.878252994817136
2.5395770000063695	2.878236515069729
2.5395780000063697	2.878220035699257
2.53957900000637	2.878203556697932
2.53958000000637	2.878187078067104
2.53958100000637	2.8781705998188656
2.5395820000063702	2.8781541219476057
2.5395830000063704	2.8781376444493825
2.5395840000063705	2.8781211673283225
2.5395850000063707	2.8781046905803236
2.539586000006371	2.8780882142094497
2.539587000006371	2.8780717382115615
2.539588000006371	2.8780552625906823
2.5395890000063712	2.8780387873426485
2.5395900000063714	2.878022312471479
2.5395910000063715	2.8780058379730273
2.5395920000063716	2.87798936385134
2.539593000006372	2.877972890102317
2.539594000006372	2.877956416730066
2.539595000006372	2.877939943730548
2.539596000006372	2.8779234711079282
2.5395970000063723	2.8779069988582155
2.5395980000063725	2.877890526985617
2.5395990000063726	2.87787405548615
2.5396000000063728	2.8778575843640146
2.539601000006373	2.8778411136151996
2.539602000006373	2.8778246432438492
2.539603000006373	2.8778081732458842
2.5396040000063733	2.8777917036253737
2.5396050000063735	2.8777752343781544
2.5396060000063736	2.877758765508224
2.5396070000063737	2.877742297011355
2.539608000006374	2.877725828891499
2.539609000006374	2.8777093611444244
2.539610000006374	2.877692893774094
2.5396110000063743	2.8776764267763197
2.5396120000063744	2.87765996015513
2.5396130000063746	2.877643493906418
2.5396140000063747	2.877627028034307
2.539615000006375	2.8776105625347794
2.539616000006375	2.8775940974120435
2.539617000006375	2.877577632662144
2.5396180000063753	2.8775611682893314
2.5396190000063754	2.877544704289657
2.5396200000063756	2.8775282406673517
2.5396210000063757	2.877511777418416
2.539622000006376	2.8774953145470086
2.539623000006376	2.877478852049046
2.539624000006376	2.877462389928594
2.5396250000063763	2.8774459281814746
2.5396260000063764	2.877429466811686
2.5396270000063765	2.8774130058149914
2.5396280000063767	2.8773965451953614
2.539629000006377	2.8773800849485642
2.539630000006377	2.8773636250786017
2.539631000006377	2.877347165581294
2.5396320000063772	2.8773307064607208
2.5396330000063774	2.877314247712783
2.5396340000063775	2.8772977893416476
2.5396350000063777	2.877281331343286
2.539636000006378	2.8772648737219253
2.539637000006378	2.877248416473571
2.539638000006378	2.8772319596024527
2.539639000006378	2.87721550310456
2.5396400000063784	2.8771990469840865
2.5396410000063785	2.877182591236952
2.5396420000063786	2.8771661358672795
2.5396430000063788	2.8771496808709163
2.539644000006379	2.877133226251916
2.539645000006379	2.8771167720060675
2.539646000006379	2.8771003181373946
2.5396470000063793	2.877083864641667
2.5396480000063795	2.877067411522918
2.5396490000063796	2.8770509587769464
2.5396500000063797	2.8770345064078304
2.53965100000638	2.877018054411424
2.53965200000638	2.8770016027918675
2.53965300000638	2.8769851515450555
2.5396540000063803	2.876968700675198
2.5396550000063804	2.8769522501782046
2.5396560000063806	2.876935800058298
2.5396570000063807	2.8769193503113777
2.539658000006381	2.876902900941646
2.539659000006381	2.8768864519449595
2.539660000006381	2.8768700033254726
2.5396610000063813	2.876853555078991
2.5396620000063814	2.876837107209618
2.5396630000063816	2.876820659713122
2.5396640000063817	2.8768042125935804
2.539665000006382	2.8767877658467453
2.539666000006382	2.8767713194767075
2.539667000006382	2.8767548734792334
2.5396680000063823	2.8767384278584496
2.5396690000063824	2.876721982610169
2.5396700000063825	2.8767055377385646
2.5396710000063827	2.8766890932394915
2.539672000006383	2.876672649117174
2.539673000006383	2.8766562053674996
2.539674000006383	2.8766397619947157
2.5396750000063832	2.8766233189947217
2.5396760000063834	2.876606876371768
2.5396770000063835	2.8765904341217348
2.5396780000063837	2.876573992248849
2.539679000006384	2.8765575507489594
2.539680000006384	2.876541109626258
2.539681000006384	2.8765246688765513
2.539682000006384	2.8765082285039907
2.5396830000063844	2.8764917885043557
2.5396840000063845	2.8764753488817703
2.5396850000063846	2.876458909631986
2.539686000006385	2.876442470759121
2.539687000006385	2.876426032258925
2.539688000006385	2.876409594135525
2.539689000006385	2.876393156384684
2.5396900000063853	2.8763767190105574
2.5396910000063855	2.876360282008939
2.5396920000063856	2.8763438453840235
2.5396930000063858	2.876327409131633
2.539694000006386	2.876310973256005
2.539695000006386	2.8762945377529947
2.539696000006386	2.8762781026268636
2.5396970000063863	2.8762616678734774
2.5396980000063865	2.8762452334971136
2.5396990000063866	2.876228799493626
2.5397000000063867	2.8762123658672714
2.539701000006387	2.876195932613876
2.539702000006387	2.8761794997376566
2.539703000006387	2.8761630672343954
2.5397040000063873	2.8761466351082703
2.5397050000063874	2.876130203355018
2.5397060000063876	2.876113771978783
2.5397070000063877	2.8760973409752784
2.539708000006388	2.8760809103486538
2.539709000006388	2.876064480094627
2.539710000006388	2.8760480502173746
2.5397110000063883	2.8760316207126593
2.5397120000063884	2.8760151915847083
2.5397130000063886	2.8759987628293247
2.5397140000063887	2.875982334450801
2.539715000006389	2.875965906444976
2.539716000006389	2.8759494788161737
2.539717000006389	2.8759330515602373
2.5397180000063893	2.875916624681476
2.5397190000063894	2.875900198175707
2.5397200000063895	2.8758837720471813
2.5397210000063897	2.8758673462916517
2.53972200000639	2.8758509209133023
2.53972300000639	2.8758344959078146
2.53972400000639	2.875818071279313
2.5397250000063902	2.8758016470234304
2.5397260000063904	2.8757852231442804
2.5397270000063905	2.8757687996374974
2.5397280000063907	2.875752376507234
2.539729000006391	2.875735953749186
2.539730000006391	2.875719531367581
2.539731000006391	2.8757031093581986
2.539732000006391	2.8756866877233165
2.5397330000063914	2.875670266452026
2.5397340000063915	2.875653845554957
2.5397350000063916	2.8756374250323433
2.5397360000063918	2.8756210048842976
2.539737000006392	2.875604585110977
2.539738000006392	2.8755881657125033
2.539739000006392	2.875571746688965
2.5397400000063923	2.875555328040401
2.5397410000063925	2.875538909766797
2.5397420000063926	2.8755224918680833
2.5397430000063927	2.8755060743441527
2.539744000006393	2.8754896571948576
2.539745000006393	2.875473240420033
2.539746000006393	2.8754568240195146
2.5397470000063933	2.875440407993149
2.5397480000063934	2.875423992340819
2.5397490000063936	2.875407577062441
2.5397500000063937	2.8753911621579897
2.539751000006394	2.875374747627484
2.539752000006394	2.875358333470989
2.539753000006394	2.8753419196886107
2.5397540000063943	2.8753255062804803
2.5397550000063944	2.8753090932467447
2.5397560000063946	2.8752926805875427
2.5397570000063947	2.8752762683030046
2.539758000006395	2.8752598563932343
2.539759000006395	2.8752434448583006
2.539760000006395	2.8752270336982346
2.5397610000063953	2.8752106229130394
2.5397620000063954	2.8751942125026817
2.5397630000063955	2.875177802467109
2.5397640000063957	2.8751613928062554
2.539765000006396	2.875144983520047
2.539766000006396	2.875128574608421
2.539767000006396	2.875112166071325
2.5397680000063962	2.8750957579087233
2.5397690000063964	2.8750793501206027
2.5397700000063965	2.875062942706966
2.5397710000063967	2.8750465356678294
2.539772000006397	2.875030129003224
2.539773000006397	2.875013722713175
2.539774000006397	2.87499731679771
2.539775000006397	2.874980911256855
2.5397760000063974	2.874964506090613
2.5397770000063975	2.874948101298973
2.5397780000063976	2.87493169688191
2.539779000006398	2.8749152928393804
2.539780000006398	2.8748988891713294
2.539781000006398	2.8748824858777007
2.539782000006398	2.8748660829584343
2.5397830000063983	2.8748496804134747
2.5397840000063985	2.874833278242779
2.5397850000063986	2.8748168764463116
2.5397860000063988	2.874800475024058
2.539787000006399	2.874784073976014
2.539788000006399	2.8747676733021947
2.539789000006399	2.8747512730026243
2.5397900000063993	2.87473487307734
2.5397910000063995	2.874718473526379
2.5397920000063996	2.874702074349794
2.5397930000063997	2.8746856755476204
2.5397940000064	2.8746692771199007
2.5397950000064	2.874652879066667
2.5397960000064	2.8746364813879492
2.5397970000064003	2.87462008408376
2.5397980000064004	2.874603687157272
2.5397990000064006	2.874587290612564
2.5398000000064007	2.8745708944391244
2.539801000006401	2.8745544986482963
2.539802000006401	2.874538103233594
2.539803000006401	2.87452170819486
2.5398040000064013	2.874505313531964
2.5398050000064014	2.874488919244753
2.5398060000064016	2.874472525333056
2.5398070000064017	2.8744561317967077
2.539808000006402	2.874439738635546
2.539809000006402	2.874423345849449
2.539810000006402	2.8744069534383265
2.5398110000064023	2.874390561402138
2.5398120000064024	2.874374169740883
2.5398130000064025	2.874357778454601
2.5398140000064027	2.8743413875433665
2.539815000006403	2.874324997007267
2.539816000006403	2.874308606846392
2.539817000006403	2.8742922170608174
2.5398180000064032	2.874275827650587
2.5398190000064034	2.8742594386157045
2.5398200000064035	2.874243049956121
2.5398210000064037	2.8742266616717433
2.539822000006404	2.874210273762422
2.539823000006404	2.8741938862279777
2.539824000006404	2.8741774990682067
2.539825000006404	2.874161112282898
2.5398260000064043	2.8741447258718584
2.5398270000064045	2.874128339834923
2.5398280000064046	2.8741119541724673
2.5398290000064048	2.8740955688799095
2.539830000006405	2.8740791839583695
2.539831000006405	2.874062799416163
2.539832000006405	2.874046415248704
2.5398330000064053	2.874030031451542
2.5398340000064055	2.874013648026016
2.5398350000064056	2.873997264980593
2.5398360000064057	2.873980882310738
2.539837000006406	2.873964500011967
2.539838000006406	2.873948118085517
2.539839000006406	2.8739317365396713
2.5398400000064063	2.873915355369672
2.5398410000064064	2.873898974570803
2.5398420000064066	2.873882594144075
2.5398430000064067	2.8738662140975784
2.539844000006407	2.8738498344264327
2.539845000006407	2.8738334551258746
2.539846000006407	2.8738170761969415
2.5398470000064073	2.873800697647843
2.5398480000064074	2.873784319473867
2.5398490000064076	2.8737679416704744
2.5398500000064077	2.873751564238939
2.539851000006408	2.873735187187696
2.539852000006408	2.8737188105117415
2.539853000006408	2.87370243421165
2.5398540000064083	2.8736860582830586
2.5398550000064084	2.87366968272721
2.5398560000064085	2.873653307552391
2.5398570000064087	2.8736369327533593
2.539858000006409	2.87362055833036
2.539859000006409	2.8736041842786713
2.539860000006409	2.873587810599158
2.5398610000064092	2.8735714372997707
2.5398620000064094	2.8735550643749805
2.5398630000064095	2.8735386918243933
2.5398640000064097	2.87352231964775
2.53986500000641	2.8735059478453193
2.53986600000641	2.8734895764124357
2.53986700000641	2.873473205350181
2.53986800000641	2.8734568346668414
2.5398690000064104	2.8734404643573295
2.5398700000064105	2.8734240944217317
2.5398710000064106	2.8734077248602805
2.539872000006411	2.8733913556732094
2.539873000006411	2.8733749868607292
2.539874000006411	2.873358618422999
2.539875000006411	2.8733422503601123
2.5398760000064113	2.8733258826720847
2.5398770000064115	2.873309515358849
2.5398780000064116	2.8732931484202586
2.5398790000064118	2.8732767818561076
2.539880000006412	2.873260415666144
2.539881000006412	2.873244049850098
2.539882000006412	2.8732276844077065
2.5398830000064123	2.8732113193387376
2.5398840000064125	2.8731949546430133
2.5398850000064126	2.8731785903204234
2.5398860000064127	2.873162226370947
2.539887000006413	2.873145862794637
2.539888000006413	2.873129499591623
2.539889000006413	2.8731131367621
2.5398900000064133	2.873096774306309
2.5398910000064134	2.873080412224506
2.5398920000064136	2.8730640505169514
2.5398930000064137	2.873047689183873
2.539894000006414	2.87303132822546
2.539895000006414	2.873014967641837
2.539896000006414	2.872998607433051
2.5398970000064143	2.8729822475990803
2.5398980000064144	2.872965888139827
2.5398990000064146	2.872949529055134
2.5399000000064147	2.872933170344793
2.539901000006415	2.8729168120085697
2.539902000006415	2.8729004540462153
2.539903000006415	2.872884096457504
2.5399040000064153	2.872867739242232
2.5399050000064154	2.872851382400244
2.5399060000064155	2.8728350259314435
2.5399070000064157	2.8728186698358007
2.539908000006416	2.872802314113344
2.539909000006416	2.872785958764171
2.539910000006416	2.872769603788421
2.5399110000064162	2.8727532491862706
2.5399120000064164	2.872736894957916
2.5399130000064165	2.8727205411035492
2.5399140000064167	2.8727041876233463
2.539915000006417	2.872687834517448
2.539916000006417	2.872671481785951
2.539917000006417	2.872655129428898
2.539918000006417	2.8726387774462703
2.5399190000064173	2.872622425838001
2.5399200000064175	2.87260607460397
2.5399210000064176	2.872589723744027
2.5399220000064178	2.872573373258002
2.539923000006418	2.8725570231457236
2.539924000006418	2.8725406734070424
2.539925000006418	2.8725243240418354
2.5399260000064183	2.872507975050032
2.5399270000064185	2.8724916264316147
2.5399280000064186	2.872475278186625
2.5399290000064187	2.8724589303151555
2.539930000006419	2.872442582817352
2.539931000006419	2.8724262356933856
2.539932000006419	2.8724098889434506
2.5399330000064193	2.872393542567731
2.5399340000064194	2.872377196566394
2.5399350000064196	2.8723608509395606
2.5399360000064197	2.872344505687302
2.53993700000642	2.872328160809622
2.53993800000642	2.87231181630647
2.53993900000642	2.872295472177728
2.5399400000064203	2.872279128423234
2.5399410000064204	2.872262785042797
2.5399420000064206	2.87224644203621
2.5399430000064207	2.872230099403279
2.539944000006421	2.87221375714384
2.539945000006421	2.8721974152577747
2.539946000006421	2.8721810737450246
2.5399470000064213	2.8721647326055977
2.5399480000064214	2.8721483918395636
2.5399490000064215	2.8721320514470436
2.5399500000064217	2.8721157114282043
2.539951000006422	2.872099371783231
2.539952000006422	2.8720830325123052
2.539953000006422	2.8720666936155883
2.5399540000064222	2.872050355093194
2.5399550000064224	2.872034016945188
2.5399560000064225	2.872017679171564
2.5399570000064227	2.872001341772248
2.539958000006423	2.871985004747109
2.539959000006423	2.871968668095965
2.539960000006423	2.8719523318186133
2.539961000006423	2.8719359959148365
2.5399620000064234	2.8719196603844424
2.5399630000064235	2.871903325227271
2.5399640000064236	2.871886990443224
2.539965000006424	2.8718706560322675
2.539966000006424	2.871854321994438
2.539967000006424	2.8718379883298413
2.539968000006424	2.871821655038637
2.5399690000064243	2.8718053221210216
2.5399700000064245	2.871788989577212
2.5399710000064246	2.8717726574074156
2.5399720000064248	2.871756325611816
2.539973000006425	2.871739994190548
2.539974000006425	2.871723663143688
2.539975000006425	2.871707332471247
2.5399760000064253	2.87169100217317
2.5399770000064255	2.871674672249348
2.5399780000064256	2.8716583426996336
2.5399790000064257	2.871642013523857
2.539980000006426	2.871625684721844
2.539981000006426	2.8716093562934444
2.539982000006426	2.8715930282385465
2.5399830000064263	2.871576700557091
2.5399840000064264	2.871560373249076
2.5399850000064266	2.871544046314561
2.5399860000064267	2.8715277197536584
2.539987000006427	2.8715113935665233
2.539988000006427	2.8714950677533286
2.539989000006427	2.8714787423142614
2.5399900000064273	2.871462417249485
2.5399910000064274	2.8714460925591347
2.5399920000064276	2.8714297682433
2.5399930000064277	2.871413444302009
2.539994000006428	2.871397120735239
2.539995000006428	2.8713807975429173
2.539996000006428	2.8713644747249236
2.5399970000064283	2.8713481522811097
2.5399980000064284	2.871331830211322
2.5399990000064285	2.8713155085154045
2.5400000000064287	2.871299187193229
2.540001000006429	2.8712828662447007
2.540002000006429	2.871266545669779
2.540003000006429	2.8712502254684598
2.5400040000064292	2.8712339056407954
2.5400050000064294	2.871217586186871
2.5400060000064295	2.8712012671068132
2.5400070000064296	2.8711849484007557
2.54000800000643	2.871168630068835
2.54000900000643	2.8711523121111853
2.54001000000643	2.871135994527909
2.54001100000643	2.871119677319081
2.5400120000064303	2.871103360484733
2.5400130000064305	2.8710870440248653
2.5400140000064306	2.871070727939441
2.5400150000064308	2.871054412228394
2.540016000006431	2.8710380968916427
2.540017000006431	2.871021781929094
2.540018000006431	2.8710054673406606
2.5400190000064313	2.87098915312626
2.5400200000064315	2.8709728392858356
2.5400210000064316	2.870956525819349
2.5400220000064317	2.8709402127267865
2.540023000006432	2.8709239000081612
2.540024000006432	2.8709075876635035
2.540025000006432	2.8708912756928533
2.5400260000064323	2.870874964096261
2.5400270000064324	2.870858652873773
2.5400280000064326	2.8708423420254316
2.5400290000064327	2.870826031551262
2.540030000006433	2.8708097214512796
2.540031000006433	2.870793411725475
2.540032000006433	2.8707771023738275
2.5400330000064333	2.8707607933963035
2.5400340000064334	2.8707444847928554
2.5400350000064336	2.8707281765634347
2.5400360000064337	2.8707118687079975
2.540037000006434	2.870695561226505
2.540038000006434	2.870679254118926
2.540039000006434	2.870662947385252
2.5400400000064343	2.8706466410254863
2.5400410000064344	2.8706303350396545
2.5400420000064345	2.870614029427795
2.5400430000064347	2.870597724189962
2.540044000006435	2.8705814193262147
2.540045000006435	2.8705651148366194
2.540046000006435	2.870548810721238
2.5400470000064352	2.870532506980127
2.5400480000064354	2.8705162036133314
2.5400490000064355	2.870499900620879
2.5400500000064357	2.8704835980027776
2.540051000006436	2.870467295759021
2.540052000006436	2.8704509938895764
2.540053000006436	2.870434692394399
2.540054000006436	2.8704183912734282
2.5400550000064364	2.870402090526598
2.5400560000064365	2.870385790153841
2.5400570000064366	2.8703694901550936
2.540058000006437	2.870353190530303
2.540059000006437	2.8703368912794383
2.540060000006437	2.8703205924024884
2.540061000006437	2.8703042938994634
2.5400620000064373	2.8702879957704064
2.5400630000064375	2.8702716980153773
2.5400640000064376	2.870255400634459
2.5400650000064378	2.8702391036277493
2.540066000006438	2.8702228069953497
2.540067000006438	2.8702065107373573
2.540068000006438	2.8701902148538556
2.5400690000064383	2.870173919344913
2.5400700000064385	2.8701576242105626
2.5400710000064386	2.8701413294508122
2.5400720000064387	2.870125035065628
2.540073000006439	2.8701087410549495
2.540074000006439	2.870092447418686
2.540075000006439	2.8700761541567306
2.5400760000064393	2.8700598612689503
2.5400770000064394	2.870043568755219
2.5400780000064396	2.8700272766154216
2.5400790000064397	2.8700109848494644
2.54008000000644	2.8699946934572798
2.54008100000644	2.869978402438841
2.54008200000644	2.8699621117941554
2.5400830000064403	2.869945821523262
2.5400840000064404	2.869929531626235
2.5400850000064406	2.869913242103167
2.5400860000064407	2.8698969529541603
2.540087000006441	2.8698806641793158
2.540088000006441	2.8698643757787217
2.540089000006441	2.869848087752438
2.5400900000064413	2.8698318001004908
2.5400910000064414	2.8698155128228664
2.5400920000064415	2.8697992259195146
2.5400930000064417	2.869782939390343
2.540094000006442	2.8697666532352355
2.540095000006442	2.869750367454055
2.540096000006442	2.8697340820466595
2.5400970000064422	2.8697177970129157
2.5400980000064424	2.8697015123527123
2.5400990000064425	2.8696852280659693
2.5401000000064426	2.869668944152652
2.540101000006443	2.869652660612769
2.540102000006443	2.869636377446375
