2.530103999998383	5.966737116195114
2.530105999998383	5.9666317291235345
2.530107999998383	5.9665267608780015
2.5301099999983827	5.966422211706075
2.5301119999983825	5.966318081844705
2.5301139999983824	5.966214371520151
2.530115999998382	5.966111080948029
2.530117999998382	5.966008210333183
2.530119999998382	5.965905759869677
2.5301219999983817	5.9658037297406965
2.5301239999983816	5.965702120132653
2.5301259999983814	5.965600931198149
2.5301279999983812	5.965500163081752
2.530129999998381	5.965399815922484
2.530131999998381	5.965299889848151
2.5301339999983807	5.96520038497527
2.5301359999983806	5.9651013013947365
2.5301379999983804	5.965002639209069
2.5301399999983802	5.964904398506337
2.53014199999838	5.964806579357376
2.53014399999838	5.964709181836002
2.5301459999983797	5.9646122059813385
2.5301479999983796	5.964515651823754
2.5301499999983794	5.964419519387729
2.5301519999983793	5.964323808685996
2.530153999998379	5.964228519719526
2.530155999998379	5.964133652477458
2.5301579999983788	5.964039206937118
2.5301599999983786	5.963945183063925
2.5301619999983784	5.963851580811383
2.5301639999983783	5.963758400109015
2.530165999998378	5.963665640899768
2.530167999998378	5.963573303100213
2.5301699999983778	5.96348138661591
2.5301719999983776	5.963389891340395
2.5301739999983774	5.963298817155168
2.5301759999983773	5.963208163929641
2.530177999998377	5.963117931521138
2.530179999998377	5.963028119774867
2.530181999998377	5.962938728523921
2.5301839999983766	5.962849757589263
2.5301859999983765	5.962761206779696
2.5301879999983763	5.962673075891913
2.530189999998376	5.962585364710491
2.530191999998376	5.9624980730078265
2.530193999998376	5.962411200544181
2.5301959999983756	5.9623247470678935
2.5301979999983755	5.962238712314779
2.5301999999983753	5.962153096008638
2.530201999998375	5.962067897861221
2.530203999998375	5.961983117572154
2.530205999998375	5.961898754828969
2.5302079999983746	5.961814809307103
2.5302099999983745	5.961731280669945
2.5302119999983743	5.961648168568835
2.530213999998374	5.961565472643065
2.530215999998374	5.96148319251991
2.530217999998374	5.961401327814654
2.5302199999983737	5.961319878123821
2.5302219999983735	5.961238843041568
2.5302239999983733	5.961158222151304
2.530225999998373	5.96107801502056
2.530227999998373	5.960998221204995
2.530229999998373	5.960918840248451
2.5302319999983727	5.9608398716829205
2.5302339999983725	5.9607613150286225
2.5302359999983723	5.960683169794021
2.530237999998372	5.960605435475873
2.530239999998372	5.960528111559238
2.530241999998372	5.960451197517524
2.5302439999983717	5.960374692812521
2.5302459999983715	5.9602985968944315
2.5302479999983714	5.960222909201928
2.530249999998371	5.960147629162142
2.530251999998371	5.960072756190735
2.530253999998371	5.959998289691927
2.5302559999983707	5.95992422905854
2.5302579999983705	5.9598505736720275
2.5302599999983704	5.959777322902527
2.53026199999837	5.959704476108869
2.53026399999837	5.959632032638644
2.53026599999837	5.959559991828218
2.5302679999983697	5.959488353002789
2.5302699999983695	5.95941711547645
2.5302719999983694	5.959346278552221
2.530273999998369	5.959275841519196
2.530275999998369	5.959205803650615
2.530277999998369	5.959136164226842
2.5302799999983687	5.959066922506808
2.5302819999983686	5.958998077738573
2.5302839999983684	5.958929629159343
2.5302859999983682	5.958861575995502
2.530287999998368	5.958793917462656
2.530289999998368	5.958726652765667
2.5302919999983677	5.958659781098707
2.5302939999983676	5.958593301645229
2.5302959999983674	5.958527213578125
2.5302979999983672	5.958461516059738
2.530299999998367	5.958396208241824
2.530301999998367	5.9583312892656615
2.5303039999983667	5.958266758262062
2.5303059999983666	5.9582026143514195
2.5303079999983664	5.958138856643774
2.5303099999983663	5.958075484238828
2.530311999998366	5.958012496226007
2.530313999998366	5.957949891684535
2.5303159999983658	5.957887669683401
2.5303179999983656	5.957825829281449
2.5303199999983654	5.957764369527457
2.5303219999983653	5.957703289460151
2.530323999998365	5.957642588108272
2.530325999998365	5.9575822644906165
2.5303279999983648	5.957522317616095
2.5303299999983646	5.95746274648379
2.5303319999983644	5.95740355008301
2.5303339999983643	5.957344727393308
2.530335999998364	5.957286277390629
2.530337999998364	5.957228199034525
2.530339999998364	5.9571704912703405
2.5303419999983636	5.957113153039468
2.5303439999983635	5.957056183273872
2.5303459999983633	5.9569995808961655
2.530347999998363	5.956943344819701
2.530349999998363	5.956887473948628
2.530351999998363	5.9568319671780365
2.5303539999983626	5.956776823393926
2.5303559999983625	5.956722041473292
2.5303579999983623	5.956667620284269
2.530359999998362	5.9566135586861995
2.530361999998362	5.956559855529673
2.530363999998362	5.956506509656657
2.5303659999983616	5.9564535199005535
2.5303679999983615	5.956400885086286
2.5303699999983613	5.95634860403041
2.530371999998361	5.956296675541129
2.530373999998361	5.956245098418509
2.530375999998361	5.9561938714545075
2.5303779999983607	5.956142993433024
2.5303799999983605	5.956092463130033
2.5303819999983603	5.956042279313674
2.53038399999836	5.955992440744326
2.53038599999836	5.955942946174729
2.53038799999836	5.95589379435006
2.5303899999983597	5.955844984008023
2.5303919999983595	5.955796513878966
2.5303939999983593	5.955748382685951
2.530395999998359	5.955700589144826
2.530397999998359	5.955653131964369
2.530399999998359	5.95560600984633
2.5304019999983587	5.9555592214855695
2.5304039999983585	5.9555127655700995
2.5304059999983584	5.955466640781207
2.530407999998358	5.955420845793507
2.530409999998358	5.955375379275057
2.530411999998358	5.955330239887418
2.5304139999983577	5.955285426285747
2.5304159999983575	5.95524093711886
2.5304179999983574	5.95519677102933
2.530419999998357	5.955152926653541
2.530421999998357	5.9551094026217735
2.530423999998357	5.955066197558266
2.5304259999983567	5.955023310081277
2.5304279999983565	5.9549807388031715
2.5304299999983564	5.954938482330459
2.530431999998356	5.954896539263813
2.530433999998356	5.954854908198241
2.530435999998356	5.954813587723054
2.5304379999983557	5.954772576421928
2.5304399999983556	5.954731872872975
2.5304419999983554	5.954691475648725
2.5304439999983552	5.954651383316247
2.530445999998355	5.954611594437149
2.530447999998355	5.9545721075676274
2.5304499999983547	5.954532921258499
2.5304519999983546	5.954494034055223
2.5304539999983544	5.954455444497951
2.5304559999983542	5.95441715112156
2.530457999998354	5.954379152455652
2.530459999998354	5.9543414470245954
2.5304619999983538	5.954304033347551
2.5304639999983536	5.954266909938475
2.5304659999983534	5.954230075306168
2.5304679999983533	5.954193527954235
2.530469999998353	5.954157266381218
2.530471999998353	5.954121289080505
2.5304739999983528	5.95408559454038
2.5304759999983526	5.954050181244048
2.5304779999983524	5.954015047669641
2.5304799999983523	5.9539801922902615
2.530481999998352	5.953945613573956
2.530483999998352	5.953911309983698
2.5304859999983518	5.953877279977491
2.5304879999983516	5.953843522008342
2.5304899999983514	5.953810034524267
2.5304919999983513	5.953776815968373
2.530493999998351	5.9537438647788035
2.530495999998351	5.953711179388795
2.530497999998351	5.9536787582266815
2.5304999999983506	5.953646599713793
2.5305019999983505	5.953614702271938
2.5305039999983503	5.953583064314005
2.53050599999835	5.953551684249019
2.53050799999835	5.953520560481267
2.53050999999835	5.95348969141033
2.5305119999983496	5.953459075431112
2.5305139999983495	5.9534287109338875
2.5305159999983493	5.953398596304353
2.530517999998349	5.953368729923637
2.530519999998349	5.9533391101685735
2.530521999998349	5.953309735411266
2.5305239999983486	5.9532806040232575
2.5305259999983485	5.953251714363838
2.5305279999983483	5.953223064792745
2.530529999998348	5.953194653665108
2.530531999998348	5.953166479331927
2.530533999998348	5.953138540140187
2.5305359999983477	5.953110834432903
2.5305379999983475	5.95308336054922
2.5305399999983473	5.953056116824493
2.530541999998347	5.953029101590381
2.530543999998347	5.953002313174947
2.530545999998347	5.9529757499027225
2.5305479999983467	5.952949410094862
2.5305499999983465	5.952923292069195
2.5305519999983463	5.95289739414037
2.530553999998346	5.952871714619941
2.530555999998346	5.952846251816499
2.530557999998346	5.952821004035781
2.5305599999983457	5.952795969580782
2.5305619999983455	5.952771146751902
2.5305639999983454	5.952746533847043
2.530565999998345	5.95272212916176
2.530567999998345	5.952697930989371
2.530569999998345	5.952673937621127
2.5305719999983447	5.952650147346324
2.5305739999983445	5.95262655845243
2.5305759999983444	5.952603169225251
2.530577999998344	5.952579977949058
2.530579999998344	5.9525569829067155
2.530581999998344	5.952534182379862
2.5305839999983437	5.952511574649042
2.5305859999983435	5.952489157993848
2.5305879999983434	5.952466930693082
2.530589999998343	5.952444891024894
2.530591999998343	5.952423037266935
2.530593999998343	5.95240136769653
2.5305959999983427	5.9523798805907875
2.5305979999983426	5.952358574226799
2.5305999999983424	5.9523374468817485
2.5306019999983422	5.952316496833103
2.530603999998342	5.952295722358736
2.530605999998342	5.952275121737086
2.5306079999983417	5.9522546932473235
2.5306099999983416	5.952234435164993
2.5306119999983414	5.952214345773162
2.5306139999983412	5.952194423356521
2.530615999998341	5.952174666198595
2.530617999998341	5.952155072584369
2.5306199999983408	5.952135640800421
2.5306219999983406	5.952116369135076
2.5306239999983404	5.952097255878544
2.5306259999983403	5.952078299323056
2.53062799999834	5.952059497762992
2.53062999999834	5.9520408494950265
2.5306319999983398	5.952022352818246
2.5306339999983396	5.95200400603429
2.5306359999983394	5.951985807447476
2.5306379999983393	5.951967755364905
2.530639999998339	5.951949848096612
2.530641999998339	5.951932083955646
2.5306439999983388	5.951914461258228
2.5306459999983386	5.951896978323818
2.5306479999983384	5.951879633475247
2.5306499999983383	5.95186242503883
2.530651999998338	5.9518453513444465
2.530653999998338	5.9518284107256445
2.530655999998338	5.951811601519743
2.5306579999983376	5.951794922067917
2.5306599999983375	5.951778370715281
2.5306619999983373	5.951761945810984
2.530663999998337	5.951745645708279
2.530665999998337	5.951729468764614
2.530667999998337	5.951713413341695
2.5306699999983366	5.9516974778055465
2.5306719999983365	5.951681660526581
2.5306739999983363	5.951665959879667
2.530675999998336	5.951650374244192
2.530677999998336	5.951634902004117
2.530679999998336	5.95161954154802
2.5306819999983357	5.951604291269139
2.5306839999983355	5.951589149565444
2.5306859999983353	5.951574114839643
2.530687999998335	5.951559185499192
2.530689999998335	5.951544359956404
2.530691999998335	5.951529636628432
2.5306939999983347	5.95151501394188
2.5306959999983345	5.951500490314574
2.5306979999983343	5.951486064182919
2.530699999998334	5.951471733983639
2.530701999998334	5.951457498158429
2.530703999998334	5.951443355153947
2.5307059999983337	5.951429303421797
2.5307079999983335	5.951415341418542
2.5307099999983333	5.9514014676057005
2.530711999998333	5.951387680449771
2.530713999998333	5.951373978422173
2.530715999998333	5.951360359999286
2.5307179999983327	5.9513468236624085
2.5307199999983325	5.95133336789775
2.5307219999983324	5.951319991196419
2.530723999998332	5.951306692054387
2.530725999998332	5.9512934689724935
2.530727999998332	5.951280320456403
2.5307299999983317	5.951267245016584
2.5307319999983315	5.951254241168269
2.5307339999983314	5.951241307431442
2.530735999998331	5.951228442330784
2.530737999998331	5.951215644395638
2.530739999998331	5.951202912159994
2.5307419999983307	5.951190244162438
2.5307439999983306	5.951177638946105
2.5307459999983304	5.951165095058652
2.5307479999983302	5.951152611052204
2.53074999999833	5.951140185483307
2.53075199999833	5.951127816912895
2.5307539999983297	5.951115503906235
2.5307559999983296	5.951103245032877
2.5307579999983294	5.951091038866619
2.5307599999983292	5.951078883985447
2.530761999998329	5.951066778971479
2.530763999998329	5.951054722410937
2.5307659999983287	5.951042712894078
2.5307679999983286	5.951030749015154
2.5307699999983284	5.951018829372356
2.5307719999983282	5.951006952567762
2.530773999998328	5.950995117207283
2.530775999998328	5.950983321900653
2.5307779999983278	5.950971565261329
2.5307799999983276	5.950959845906458
2.5307819999983274	5.950948162456836
2.5307839999983273	5.950936513536853
2.530785999998327	5.95092489777445
2.530787999998327	5.950913313801073
2.5307899999983268	5.950901760251628
2.5307919999983266	5.950890235764438
2.5307939999983264	5.950878738981193
2.5307959999983263	5.9508672685469195
2.530797999998326	5.950855823109917
2.530799999998326	5.950844401321799
2.530801999998326	5.950833001837352
2.5308039999983256	5.950821623314577
2.5308059999983255	5.950810264414596
2.5308079999983253	5.950798923801656
2.530809999998325	5.950787600143105
2.530811999998325	5.95077629210935
2.530813999998325	5.9507649983738435
2.5308159999983246	5.950753717613068
2.5308179999983245	5.9507424485064915
2.5308199999983243	5.950731189736575
2.530821999998324	5.950719939988715
2.530823999998324	5.950708697951302
2.530825999998324	5.950697462315676
2.5308279999983236	5.95068623177608
2.5308299999983235	5.950675005029702
2.5308319999983233	5.95066378077666
2.530833999998323	5.950652557719994
2.530835999998323	5.950641334565689
2.530837999998323	5.950630110022675
2.5308399999983227	5.95061888280283
2.5308419999983225	5.950607651621006
2.5308439999983223	5.950596415195018
2.530845999998322	5.950585172245662
2.530847999998322	5.950573921496766
2.530849999998322	5.950562661675193
2.5308519999983217	5.950551391510879
2.5308539999983215	5.95054010973687
2.5308559999983213	5.95052881508934
2.530857999998321	5.9505175063076186
2.530859999998321	5.950506182134259
2.530861999998321	5.95049484131505
2.5308639999983207	5.950483482599102
2.5308659999983205	5.950472104738842
2.5308679999983204	5.950460706490091
2.53086999999832	5.950449286612132
2.53087199999832	5.950437843867752
2.53087399999832	5.950426377023299
2.5308759999983197	5.950414884848752
2.5308779999983195	5.950403366117799
2.5308799999983194	5.950391819607895
2.530881999998319	5.950380244100326
2.530883999998319	5.950368638380287
2.530885999998319	5.950357001236966
2.5308879999983187	5.950345331463636
2.5308899999983185	5.950333627857704
2.5308919999983184	5.950321889220835
2.530893999998318	5.950310114359016
2.530895999998318	5.950298302082652
2.530897999998318	5.9502864512066775
2.5308999999983177	5.950274560550627
2.5309019999983176	5.950262628938728
2.5309039999983174	5.95025065519253
2.5309059999983172	5.950238638161518
2.530907999998317	5.950226576676789
2.530909999998317	5.950214469582483
2.5309119999983167	5.950202315727962
2.5309139999983166	5.950190113967931
2.5309159999983164	5.950177863162557
2.5309179999983162	5.95016556218307
2.530919999998316	5.950153209898408
2.530921999998316	5.950140805183011
2.5309239999983157	5.9501283469200335
2.5309259999983156	5.950115833998667
2.5309279999983154	5.950103265314317
2.5309299999983152	5.9500906397686695
2.530931999998315	5.9500779562698565
2.530933999998315	5.950065213732556
2.5309359999983148	5.9500524110781345
2.5309379999983146	5.950039547234774
2.5309399999983144	5.950026621137606
2.5309419999983143	5.950013631734062
2.530943999998314	5.950000577964798
2.530945999998314	5.949987458790151
2.5309479999983138	5.949974273174284
2.5309499999983136	5.94996102008899
2.5309519999983134	5.949947698513812
2.5309539999983133	5.9499343074361715
2.530955999998313	5.949920845851491
2.530957999998313	5.949907312763317
2.530959999998313	5.949893707183487
2.5309619999983126	5.94988002813223
2.5309639999983125	5.949866274638304
2.5309659999983123	5.949852445739131
2.530967999998312	5.949838540480918
2.530969999998312	5.9498245579188
2.530971999998312	5.949810497116939
2.5309739999983116	5.9497963571486885
2.5309759999983115	5.9497821370966495
2.5309779999983113	5.949767836052912
2.530979999998311	5.949753453119029
2.530981999998311	5.949738987406245
2.530983999998311	5.949724438035614
2.5309859999983106	5.949709804138035
2.5309879999983105	5.9496950848544
2.5309899999983103	5.949680279335718
2.53099199999831	5.949665386743204
2.53099399999831	5.949650406248388
2.53099599999831	5.949635337033221
2.5309979999983097	5.94962017829016
2.5309999999983095	5.949604929222271
2.5310019999983093	5.94958958904331
2.531003999998309	5.949574156977835
2.531005999998309	5.949558632261256
2.531007999998309	5.949543014139916
2.5310099999983087	5.94952730187118
2.5310119999983085	5.949511494707183
2.5310139999983083	5.9494955919525925
2.531015999998308	5.949479592880666
2.531017999998308	5.949463496810912
2.531019999998308	5.949447303039419
2.5310219999983077	5.949431010908261
2.5310239999983075	5.94941461974803
2.5310259999983074	5.949398128902592
2.531027999998307	5.949381537732026
2.531029999998307	5.949364845606996
2.531031999998307	5.949348051909685
2.5310339999983067	5.949331156033834
2.5310359999983065	5.949314157384716
2.5310379999983064	5.949297055379184
2.531039999998306	5.949279849445725
2.531041999998306	5.949262539024334
2.531043999998306	5.949245123566397
2.5310459999983057	5.9492276025349415
2.5310479999983055	5.949209975404485
2.5310499999983054	5.949192241661009
2.531051999998305	5.949174400801915
2.531053999998305	5.949156452336011
2.531055999998305	5.949138395783445
2.5310579999983047	5.949120230675638
2.5310599999983046	5.949101956555244
2.5310619999983044	5.949083572976074
2.5310639999983042	5.9490650795030495
2.531065999998304	5.9490464757120485
2.531067999998304	5.949027761189799
2.5310699999983037	5.949008935533926
2.5310719999983036	5.948989998352863
2.5310739999983034	5.948970949265647
2.5310759999983032	5.9489517879018186
2.531077999998303	5.94893251390134
2.531079999998303	5.94891312691445
2.5310819999983027	5.948893626601569
2.5310839999983026	5.948874012633153
2.5310859999983024	5.948854284689567
2.5310879999983023	5.94883444246094
2.531089999998302	5.948814485647039
2.531091999998302	5.948794413957095
2.5310939999983018	5.948774227109665
2.5310959999983016	5.948753924832414
2.5310979999983014	5.948733506875228
2.5310999999983013	5.948712972975893
2.531101999998301	5.948692322883185
2.531103999998301	5.94867155635978
2.5311059999983008	5.948650673176639
2.5311079999983006	5.948629673112848
2.5311099999983004	5.948608555955427
2.5311119999983003	5.948587321499148
2.5311139999983	5.9485659695463315
2.5311159999983	5.948544499905668
2.5311179999983	5.948522912394332
2.5311199999982996	5.948501206836842
2.5311219999982995	5.948479383063765
2.5311239999982993	5.948457440912232
2.531125999998299	5.948435380225707
2.531127999998299	5.948413200853815
2.531129999998299	5.948390902652127
2.5311319999982986	5.948368485481933
2.5311339999982985	5.948345949210037
2.5311359999982983	5.948323293708569
2.531137999998298	5.948300518854742
2.531139999998298	5.948277624530661
2.531141999998298	5.948254610623111
2.5311439999982976	5.948231477023373
2.5311459999982975	5.94820822362694
2.5311479999982973	5.948184850333375
2.531149999998297	5.948161357046089
2.531151999998297	5.948137743672134
2.531153999998297	5.948114010121986
2.5311559999982967	5.948090156309368
2.5311579999982965	5.948066182151031
2.5311599999982963	5.948042087566581
2.531161999998296	5.948017872478232
2.531163999998296	5.94799353681066
2.531165999998296	5.947969080490733
2.5311679999982957	5.947944503447306
2.5311699999982955	5.947919805611462
2.5311719999982953	5.9478949869157836
2.531173999998295	5.947870047294606
2.531175999998295	5.94784498668324
2.531177999998295	5.947819805018382
2.5311799999982947	5.9477945022377465
2.5311819999982945	5.947769078279939
2.5311839999982944	5.9477435330842665
2.531185999998294	5.947717866590572
2.531187999998294	5.947692078739184
2.531189999998294	5.947666169470715
2.5311919999982937	5.9476401387259
2.5311939999982935	5.94761398644551
2.5311959999982934	5.9475877125702095
2.531197999998293	5.9475613170404475
2.531199999998293	5.947534799796343
2.531201999998293	5.947508160777576
2.5312039999982927	5.9474813999233
2.5312059999982925	5.947454517171787
2.5312079999982924	5.947427512460952
2.531209999998292	5.947400385727968
2.531211999998292	5.947373136908963
2.531213999998292	5.947345765939134
2.5312159999982917	5.947318272752675
2.5312179999982916	5.947290657282711
2.5312199999982914	5.94726291946127
2.5312219999982912	5.947235059219247
2.531223999998291	5.947207076486323
2.531225999998291	5.947178971190926
2.5312279999982907	5.947150743260288
2.5312299999982906	5.947122392620349
2.5312319999982904	5.947093919195808
2.5312339999982902	5.9470653229100945
2.53123599999829	5.9470366036853815
2.53123799999829	5.947007761442517
2.5312399999982897	5.946978796101122
2.5312419999982896	5.946949707579591
2.5312439999982894	5.946920495795125
2.5312459999982893	5.946891160663756
2.531247999998289	5.946861702100385
2.531249999998289	5.946832120018844
2.5312519999982888	5.946802414303447
2.5312539999982886	5.946772584876778
2.5312559999982884	5.946742631666757
2.5312579999982883	5.946712554583467
2.531259999998288	5.946682353537806
2.531261999998288	5.946652028437394
2.5312639999982878	5.946621579189652
2.5312659999982876	5.946591005702075
2.5312679999982874	5.946560307881711
2.5312699999982873	5.946529485635271
2.531271999998287	5.94649853886924
2.531273999998287	5.9464674674900015
2.531275999998287	5.94643627140391
2.5312779999982866	5.9464049505174374
2.5312799999982865	5.946373504737301
2.5312819999982863	5.9463419339705474
2.531283999998286	5.9463102381246475
2.531285999998286	5.946278417107732
2.531287999998286	5.946246470828643
2.5312899999982856	5.946214399197102
2.5312919999982855	5.94618220212383
2.5312939999982853	5.9461498795207035
2.531295999998285	5.9461174313008724
2.531297999998285	5.946084857377544
2.531299999998285	5.9460521576694125
2.5313019999982846	5.946019332093881
2.5313039999982845	5.945986380570114
2.5313059999982843	5.945953303019913
2.531307999998284	5.945920099367269
2.531309999998284	5.945886769538485
2.531311999998284	5.945853313462365
2.5313139999982837	5.945819731070297
2.5313159999982835	5.9457860222965015
2.5313179999982833	5.945752187078126
2.531319999998283	5.945718225355402
2.531321999998283	5.945684137071792
2.531323999998283	5.945649922174147
2.5313259999982827	5.9456155806128645
2.5313279999982825	5.9455811123420155
2.5313299999982823	5.945546517319504
2.531331999998282	5.945511795507203
2.531333999998282	5.945476946871115
2.531335999998282	5.94544197138144
2.5313379999982817	5.945406869012861
2.5313399999982815	5.945371639744553
2.5313419999982814	5.945336283560225
2.531343999998281	5.945300800448568
2.531345999998281	5.945265190403151
2.531347999998281	5.94522945342255
2.5313499999982807	5.945193589510499
2.5313519999982805	5.945157598675996
2.5313539999982804	5.945121480932237
2.53135599999828	5.945085236301118
2.53135799999828	5.945048864807261
2.53135999999828	5.945012366481836
2.5313619999982797	5.944975741361808
2.5313639999982795	5.944938989490052
2.5313659999982794	5.944902110915379
2.531367999998279	5.944865105692659
2.531369999998279	5.944827973882894
2.531371999998279	5.944790715553279
2.5313739999982787	5.944753330773784
2.5313759999982786	5.944715819628117
2.5313779999982784	5.944678182213472
2.5313799999982782	5.944640418623687
2.531381999998278	5.944602528944787
2.531383999998278	5.944564513282549
2.5313859999982777	5.944526371749159
2.5313879999982776	5.944488104463391
2.5313899999982774	5.94444971155057
2.5313919999982772	5.9444111931426855
2.531393999998277	5.944372549378417
2.531395999998277	5.944333780408175
2.5313979999982767	5.944294886368467
2.5313999999982766	5.944255867433431
2.5314019999982764	5.9442167237659325
2.5314039999982763	5.944177455538135
2.531405999998276	5.9441380629190865
2.531407999998276	5.944098546100169
2.5314099999982758	5.944058905272855
2.5314119999982756	5.94401914063516
2.5314139999982754	5.94397925239156
2.5314159999982753	5.943939240752971
2.531417999998275	5.9438991059367
2.531419999998275	5.943858848166345
2.5314219999982748	5.943818467671766
2.5314239999982746	5.943777964689024
2.5314259999982744	5.943737339460301
2.5314279999982743	5.943696592233814
2.531429999998274	5.9436557232637535
2.531431999998274	5.943614732810194
2.531433999998274	5.943573621138991
2.5314359999982736	5.9435323885217235
2.5314379999982735	5.943491035235559
2.5314399999982733	5.943449561563179
2.531441999998273	5.943407967792664
2.531443999998273	5.943366254217386
2.531445999998273	5.943324421135903
2.5314479999982726	5.943282468851853
2.5314499999982725	5.943240397673813
2.5314519999982723	5.943198207915188
2.531453999998272	5.943155899894111
2.531455999998272	5.943113473933285
2.531457999998272	5.943070930359859
2.5314599999982716	5.94302826950532
2.5314619999982715	5.942985491705343
2.5314639999982713	5.942942597299645
2.531465999998271	5.942899586631861
2.531467999998271	5.942856460049405
2.531469999998271	5.942813217903327
2.5314719999982707	5.942769860548158
2.5314739999982705	5.942726388341774
2.5314759999982703	5.942682801645249
2.53147799999827	5.942639100822706
2.53147999999827	5.942595286241173
2.53148199999827	5.942551358270423
2.5314839999982697	5.942507317282818
2.5314859999982695	5.9424631636531755
2.5314879999982693	5.942418897758599
2.531489999998269	5.942374519978331
2.531491999998269	5.9423300306935865
2.531493999998269	5.942285430287423
2.5314959999982687	5.942240719144584
2.5314979999982685	5.942195897651296
2.5314999999982684	5.942150966195145
2.531501999998268	5.942105925164922
2.531503999998268	5.942060774950465
2.531505999998268	5.942015515942386
2.5315079999982677	5.941970148532277
2.5315099999982675	5.941924673112143
2.5315119999982674	5.9418790900744245
2.531513999998267	5.941833399811784
2.531515999998267	5.941787602716729
2.531517999998267	5.941741699182408
2.5315199999982667	5.941695689601346
2.5315219999982665	5.941649574365673
2.5315239999982664	5.941603353867031
2.531525999998266	5.94155702849635
2.531527999998266	5.941510598643708
2.531529999998266	5.9414640646982
2.5315319999982657	5.9414174270477575
2.5315339999982656	5.941370686079026
2.5315359999982654	5.941323842177164
2.5315379999982652	5.941276895725714
2.531539999998265	5.941229847106448
2.531541999998265	5.941182696699214
2.5315439999982647	5.941135444881774
2.5315459999982646	5.941088092029654
2.5315479999982644	5.941040638516007
2.5315499999982642	5.940993084711415
2.531551999998264	5.940945430983789
2.531553999998264	5.940897677698184
2.5315559999982638	5.940849825216655
2.5315579999982636	5.940801873898111
2.5315599999982634	5.9407538240981514
2.5315619999982633	5.940705676168951
2.531563999998263	5.940657430459062
2.531565999998263	5.940609087313289
2.5315679999982628	5.940560647072536
2.5315699999982626	5.940512110073658
2.5315719999982624	5.940463476649311
2.5315739999982623	5.940414747127808
2.531575999998262	5.940365921832974
2.531577999998262	5.940317001083998
2.5315799999982618	5.94026798519524
2.5315819999982616	5.940218874476204
2.5315839999982614	5.940169669231294
2.5315859999982613	5.940120369759699
2.531587999998261	5.94007097635524
2.531589999998261	5.940021489306257
2.531591999998261	5.939971908895446
2.5315939999982606	5.93992223539973
2.5315959999982605	5.93987246909013
2.5315979999982603	5.939822610231598
2.53159999999826	5.939772659082925
2.53160199999826	5.939722615896585
2.53160399999826	5.9396724809186034
2.5316059999982596	5.939622254388479
2.5316079999982595	5.93957193653902
2.5316099999982593	5.9395215275960815
2.531611999998259	5.9394710277786515
2.531613999998259	5.939420437298667
2.531615999998259	5.939369756360871
2.5316179999982587	5.939318985162717
2.5316199999982585	5.939268123894257
2.5316219999982583	5.939217172738025
2.531623999998258	5.939166131868921
2.531625999998258	5.939115001454143
2.531627999998258	5.939063781653054
2.5316299999982577	5.939012472617087
2.5316319999982575	5.93896107448969
2.5316339999982573	5.93890958740617
2.531635999998257	5.938858011493638
2.531637999998257	5.938806346871084
2.531639999998257	5.938754593649064
2.5316419999982567	5.938702751929742
2.5316439999982565	5.938650821806778
2.5316459999982563	5.938598803365307
2.531647999998256	5.93854669668187
2.531649999998256	5.938494501824355
2.531651999998256	5.938442218855539
2.5316539999982557	5.938389847818996
2.5316559999982555	5.938337388759552
2.5316579999982554	5.938284841710059
2.531659999998255	5.938232206694546
2.531661999998255	5.938179483728172
2.531663999998255	5.938126672817216
2.5316659999982547	5.938073773959057
2.5316679999982545	5.938020787142189
2.5316699999982544	5.937967712346192
2.531671999998254	5.937914549541768
2.531673999998254	5.93786129869071
2.531675999998254	5.937807959745958
2.5316779999982537	5.9377545326516215
2.5316799999982535	5.937701017342977
2.5316819999982534	5.9376474137465385
2.531683999998253	5.937593721780068
2.531685999998253	5.9375399413526235
2.531687999998253	5.937486072364633
2.5316899999982527	5.93743211470785
2.5316919999982526	5.937378068265605
2.5316939999982524	5.937323932912808
2.5316959999982522	5.93726970851594
2.531697999998252	5.937215394933156
2.531699999998252	5.937160992014401
2.5317019999982517	5.937106499601513
2.5317039999982516	5.9370519175282785
2.5317059999982514	5.936997245620558
2.5317079999982512	5.936942483696401
2.531709999998251	5.93688763156611
2.531711999998251	5.936832689032424
2.5317139999982508	5.936777655890614
2.5317159999982506	5.936722531928609
2.5317179999982504	5.936667316927099
2.5317199999982503	5.936612010659716
2.53172199999825	5.936556612893163
2.53172399999825	5.936501123387352
2.5317259999982498	5.936445541895553
2.5317279999982496	5.936389868164567
2.5317299999982494	5.936334101934871
2.5317319999982493	5.936278242940783
2.531733999998249	5.9362222909106315
2.531735999998249	5.936166245566938
2.531737999998249	5.936110106626585
2.5317399999982486	5.936053873800997
2.5317419999982484	5.9359975467963375
2.5317439999982483	5.935941125313702
2.531745999998248	5.935884609049309
2.531747999998248	5.935827997694643
2.531749999998248	5.935771290936735
2.5317519999982476	5.935714488458312
2.5317539999982475	5.935657589938036
2.5317559999982473	5.935600595050706
2.531757999998247	5.935543503467471
2.531759999998247	5.935486314856053
2.531761999998247	5.935429028880968
2.5317639999982466	5.9353716452037535
2.5317659999982465	5.935314163483192
2.5317679999982463	5.93525658337555
2.531769999998246	5.9351989045348175
2.531771999998246	5.935141126612938
2.531773999998246	5.935083249260073
2.5317759999982457	5.935025272124806
2.5317779999982455	5.934967194854417
2.5317799999982453	5.934909017095116
2.531781999998245	5.934850738492329
2.531783999998245	5.93479235869094
2.531785999998245	5.934733877335535
2.5317879999982447	5.9346752940706935
2.5317899999982445	5.934616608541257
2.5317919999982443	5.934557820392583
2.531793999998244	5.934498929270824
2.531795999998244	5.934439934823204
2.531797999998244	5.93438083669828
2.5317999999982437	5.934321634547315
2.5318019999982435	5.934262328021523
2.5318039999982433	5.934202916775056
2.531805999998243	5.934143400464674
2.531807999998243	5.934083778749905
2.531809999998243	5.93402405129333
2.5318119999982427	5.933964217760878
2.5318139999982425	5.9339042778221325
2.5318159999982424	5.933844231154758
2.531817999998242	5.933784077436555
2.531819999998242	5.933723816345375
2.531821999998242	5.933663447568301
2.5318239999982417	5.93360297079754
2.5318259999982415	5.933542385730751
2.5318279999982414	5.9334816920713225
2.531829999998241	5.933420889528637
2.531831999998241	5.933359977818405
2.531833999998241	5.933298956662957
2.5318359999982407	5.933237825791522
2.5318379999982406	5.9331765849405675
2.5318399999982404	5.9331152338540125
2.5318419999982402	5.933053772283568
2.53184399999824	5.932992199989017
2.53184599999824	5.932930516738499
2.5318479999982397	5.932868722308784
2.5318499999982396	5.93280681648555
2.5318519999982394	5.932744799063665
2.5318539999982392	5.932682669847374
2.531855999998239	5.932620428650726
2.531857999998239	5.932558075297802
2.5318599999982387	5.9324956096227
2.5318619999982386	5.93243303147009
2.5318639999982384	5.932370340695405
2.5318659999982382	5.932307537164924
2.531867999998238	5.932244620756058
2.531869999998238	5.932181591357618
2.5318719999982378	5.932118448869986
2.5318739999982376	5.932055193205312
2.5318759999982374	5.931991824287707
2.5318779999982373	5.931928342053424
2.531879999998237	5.931864746450982
2.531881999998237	5.931801037441391
2.5318839999982368	5.931737214998267
2.5318859999982366	5.931673279107941
2.5318879999982364	5.9316092297696335
2.5318899999982363	5.931545066995523
2.531891999998236	5.9314807908108484
2.531893999998236	5.931416401254245
2.531895999998236	5.931351898377306
2.5318979999982356	5.931287282244829
2.5318999999982355	5.931222552935099
2.5319019999982353	5.931157710539764
2.531903999998235	5.931092755163887
2.531905999998235	5.931027686925915
2.531907999998235	5.930962505957664
2.5319099999982346	5.930897212404351
2.5319119999982345	5.930831806424503
2.5319139999982343	5.930766288189934
2.531915999998234	5.930700657885678
2.531917999998234	5.930634915709902
2.531919999998234	5.930569061873816
2.5319219999982336	5.930503096601509
2.5319239999982335	5.930437020129982
2.5319259999982333	5.930370832708932
2.531927999998233	5.930304534600532
2.531929999998233	5.930238126079336
2.531931999998233	5.930171607432101
2.5319339999982327	5.930104978957599
2.5319359999982325	5.930038240966387
2.5319379999982323	5.929971393780626
2.531939999998232	5.92990443773356
2.531941999998232	5.929837373171276
2.531943999998232	5.929770200448155
2.5319459999982317	5.929702919930433
2.5319479999982315	5.929635531994615
2.5319499999982313	5.929568037027253
2.531951999998231	5.929500435421103
2.531953999998231	5.9294327275816645
2.531955999998231	5.929364913928134
2.5319579999982307	5.92929699488446
2.5319599999982305	5.929228970883151
2.5319619999982304	5.929160842364934
2.53196399999823	5.929092609778412
2.53196599999823	5.929024273579736
2.53196799999823	5.928955834232269
2.5319699999982297	5.9288872922062135
2.5319719999982295	5.928818647978277
2.5319739999982294	5.928749902031302
2.531975999998229	5.928681054853921
2.531977999998229	5.928612106940136
2.531979999998229	5.928543058789017
2.5319819999982287	5.928473910904382
2.5319839999982285	5.928404663794313
2.5319859999982284	5.928335317970869
2.531987999998228	5.92826587394957
2.531989999998228	5.928196332249337
2.531991999998228	5.928126693391937
2.5319939999982277	5.928056957901629
2.5319959999982276	5.927987126304743
2.5319979999982274	5.927917199129428
2.5319999999982272	5.927847176905281
2.532001999998227	5.927777060162981
2.532003999998227	5.92770684943394
2.5320059999982267	5.927636545249986
2.5320079999982266	5.927566148146614
2.5320099999982264	5.9274956586542045
2.5320119999982262	5.927425077301472
2.532013999998226	5.9273544046186055
2.532015999998226	5.927283641134592
2.5320179999982257	5.927212787376909
2.5320199999982256	5.927141843871236
2.5320219999982254	5.927070811141139
2.5320239999982252	5.926999689707836
2.532025999998225	5.926928480089861
2.532027999998225	5.926857182802826
2.5320299999982248	5.926785798359155
2.5320319999982246	5.926714327267796
2.5320339999982244	5.926642770024599
2.5320359999982243	5.926571127130599
2.532037999998224	5.9264993990931725
2.532039999998224	5.926427586404945
2.5320419999982238	5.9263556895540646
2.5320439999982236	5.9262837090238385
2.5320459999982234	5.926211645292527
2.5320479999982233	5.92613949883431
2.532049999998223	5.926067270117865
2.532051999998223	5.92599495960295
2.532053999998223	5.92592256774568
2.5320559999982226	5.925850094996172
2.5320579999982225	5.925777541798382
2.5320599999982223	5.925704908589905
2.532061999998222	5.925632195801828
2.532063999998222	5.925559403858553
2.532065999998222	5.92548653317765
2.5320679999982216	5.925413584169687
2.5320699999982215	5.925340557238102
2.5320719999982213	5.925267452779035
2.532073999998221	5.925194271181183
2.532075999998221	5.925121012825641
2.532077999998221	5.925047678085766
2.5320799999982206	5.924974267327085
2.5320819999982205	5.924900780907086
2.5320839999982203	5.92482721917509
2.53208599999822	5.924753582472129
2.53208799999822	5.924679871130785
2.53208999999822	5.924606085475046
2.5320919999982197	5.924532225820203
2.5320939999982195	5.924458292472679
2.5320959999982193	5.92438428572989
2.532097999998219	5.924310205880104
2.532099999998219	5.9242360532022955
2.532101999998219	5.924161827966005
2.5321039999982187	5.924087530431191
2.5321059999982185	5.924013160848077
2.5321079999982183	5.923938719457018
2.532109999998218	5.923864206488324
2.532111999998218	5.923789622162101
2.532113999998218	5.923714966688102
2.5321159999982177	5.923640240265605
2.5321179999982175	5.923565443083216
2.5321199999982174	5.923490575318725
2.532121999998217	5.92341563713894
2.532123999998217	5.923340628699517
2.532125999998217	5.923265550144793
2.5321279999982167	5.923190401607628
2.5321299999982165	5.923115183209243
2.5321319999982164	5.923039895059034
2.532133999998216	5.922964537254402
2.532135999998216	5.922889109880612
2.532137999998216	5.9228136130105895
2.5321399999982157	5.922738046704763
2.5321419999982155	5.9226624110109
2.5321439999982154	5.922586705963937
2.532145999998215	5.922510931585798
2.532147999998215	5.92243508788523
2.532149999998215	5.9223591748576485
2.5321519999982147	5.922283192484989
2.5321539999982146	5.922207140735519
2.5321559999982144	5.922131019563685
2.5321579999982142	5.922054828909968
2.532159999998214	5.92197856870073
2.532161999998214	5.921902238848065
2.5321639999982137	5.921825839249659
2.5321659999982136	5.921749369789232
2.5321679999982134	5.921672830335436
2.5321699999982132	5.921596220739136
2.532171999998213	5.9215195408408725
2.532173999998213	5.921442790465511
2.5321759999982127	5.921365969420653
2.5321779999982126	5.921289077499608
2.5321799999982124	5.921212114480367
2.5321819999982123	5.92113508012549
2.532183999998212	5.9210579741820535
2.532185999998212	5.920980796381578
2.5321879999982118	5.920903546439972
2.5321899999982116	5.920826224057493
2.5321919999982114	5.9207488289187
2.5321939999982113	5.920671360692414
2.532195999998211	5.920593819034109
2.532197999998211	5.9205162035793055
2.5321999999982108	5.92043851394879
2.5322019999982106	5.92036074974846
2.5322039999982104	5.920282910568522
2.5322059999982103	5.920204995983529
2.53220799999821	5.920127005552435
2.53220999999821	5.920048938818668
2.53221199999821	5.919970795310188
2.5322139999982096	5.919892574539577
2.5322159999982095	5.91981427600415
2.5322179999982093	5.919735899186059
2.532219999998209	5.919657443552424
2.532221999998209	5.919578908553587
2.532223999998209	5.919500293627315
2.5322259999982086	5.9194215981979585
2.5322279999982085	5.919342821673958
2.5322299999982083	5.919263963449515
2.532231999998208	5.919185022904803
2.532233999998208	5.919105999406145
2.532235999998208	5.919026892306291
2.5322379999982076	5.918947700944475
2.5322399999982075	5.918868424646821
2.5322419999982073	5.918789062726519
2.532243999998207	5.918709614484247
2.532245999998207	5.918630079208223
2.532247999998207	5.918550456174572
2.5322499999982067	5.918470744647605
2.5322519999982065	5.9183909438801985
2.5322539999982063	5.9183110531138805
2.532255999998206	5.918231071579337
2.532257999998206	5.91815099849664
2.532259999998206	5.91807083307576
2.5322619999982057	5.917990574516674
2.5322639999982055	5.917910222009787
2.5322659999982053	5.917829774736278
2.532267999998205	5.9177492318684575
2.532269999998205	5.917668592569312
2.532271999998205	5.917587855995446
2.5322739999982047	5.9175070212944965
2.5322759999982045	5.917426087606866
2.5322779999982044	5.917345054065897
2.532279999998204	5.917263919798253
2.532281999998204	5.917182683924267
2.532283999998204	5.917101345558331
2.5322859999982037	5.917019903809279
2.5322879999982035	5.916938357780721
2.5322899999982034	5.9168567065714575
2.532291999998203	5.9167749492758475
2.532293999998203	5.916693084983766
2.532295999998203	5.916611112782203
2.5322979999982027	5.916529031754278
2.5322999999982025	5.916446840980197
2.5323019999982024	5.916364539537529
2.532303999998202	5.916282126501572
2.532305999998202	5.916199600945683
2.532307999998202	5.916116961941655
2.5323099999982017	5.916034208560028
2.5323119999982016	5.915951339870422
2.5323139999982014	5.915868354941847
2.5323159999982012	5.915785252843107
2.532317999998201	5.915702032643052
2.532319999998201	5.9156186934108765
2.5323219999982007	5.9155352342164305
2.5323239999982006	5.915451654130499
2.5323259999982004	5.915367952225074
2.5323279999982002	5.915284127573721
2.5323299999982	5.9152001792517614
2.5323319999982	5.91511610633652
2.5323339999981997	5.915031907907618
2.5323359999981996	5.9149475830471925
2.5323379999981994	5.91486313084015
2.5323399999981993	5.914778550374365
2.532341999998199	5.914693840746851
2.532343999998199	5.914609001055444
2.5323459999981988	5.914524030388872
2.5323479999981986	5.914438927848976
2.5323499999981984	5.914353692541531
2.5323519999981983	5.914268323576406
2.532353999998198	5.914182820067763
2.532355999998198	5.914097181134164
2.5323579999981978	5.914011405898704
2.5323599999981976	5.913925493489182
2.5323619999981974	5.913839443038219
2.5323639999981973	5.91375325368332
2.532365999998197	5.9136669245669955
2.532367999998197	5.913580454836867
2.532369999998197	5.913493843645782
2.5323719999981966	5.913407090151853
2.5323739999981965	5.9133201935185395
2.5323759999981963	5.913233152914692
2.532377999998196	5.913145967514612
2.532379999998196	5.913058636498126
2.532381999998196	5.9129711590506036
2.5323839999981956	5.912883534362999
2.5323859999981955	5.912795761631812
2.5323879999981953	5.912707840059224
2.532389999998195	5.912619768853039
2.532391999998195	5.91253154722669
2.532393999998195	5.912443174399255
2.5323959999981946	5.912354649595471
2.5323979999981945	5.912265972045657
2.5323999999981943	5.912177140985749
2.532401999998194	5.912088155657321
2.532403999998194	5.911999015305081
2.532405999998194	5.911909719182725
2.5324079999981937	5.911820266549899
2.5324099999981935	5.911730656670223
2.5324119999981933	5.9116408888127685
2.532413999998193	5.911550962251997
2.532415999998193	5.911460876267705
2.532417999998193	5.911370630145015
2.5324199999981927	5.911280223174305
2.5324219999981925	5.911189654651132
2.5324239999981923	5.9110989238761755
2.532425999998192	5.911008030155215
2.532427999998192	5.910916972799109
2.532429999998192	5.9108257511225215
2.5324319999981917	5.9107343644477215
2.5324339999981915	5.910642812099737
2.5324359999981914	5.910551093408897
2.532437999998191	5.9104592077102485
2.532439999998191	5.910367154343481
2.532441999998191	5.910274932652814
2.5324439999981907	5.910182541987074
2.5324459999981905	5.910089981699533
2.5324479999981904	5.909997251147868
2.53244999999819	5.909904349694049
2.53245199999819	5.909811276702115
2.53245399999819	5.909718031547387
2.5324559999981897	5.909624613601631
2.5324579999981895	5.909531022242691
2.5324599999981894	5.909437256852784
2.532461999998189	5.909343316819869
2.532463999998189	5.909249201534376
2.532465999998189	5.909154910390576
2.5324679999981887	5.909060442786517
2.5324699999981886	5.908965798123932
2.5324719999981884	5.908870975808207
2.5324739999981882	5.90877597524829
2.532475999998188	5.9086807958567835
2.532477999998188	5.908585437049541
2.5324799999981877	5.908489898246019
2.5324819999981876	5.9083941788689005
2.5324839999981874	5.908298278344368
2.5324859999981872	5.908202196101807
2.532487999998187	5.908105931573825
2.532489999998187	5.908009484196217
2.5324919999981867	5.907912853407936
2.5324939999981866	5.9078160386509655
2.5324959999981864	5.907719039370036
2.5324979999981863	5.907621855013708
2.532499999998186	5.9075244850329405
2.532501999998186	5.907426928881749
2.5325039999981858	5.907329186017031
2.5325059999981856	5.9072312558985605
2.5325079999981854	5.907133137984274
2.5325099999981853	5.907034831740615
2.532511999998185	5.906936336640096
2.532513999998185	5.9068376521546
2.5325159999981848	5.90673877775623
2.5325179999981846	5.90663971292079
2.5325199999981844	5.906540457126466
2.5325219999981843	5.906441009856512
2.532523999998184	5.9063413705950865
2.532525999998184	5.906241538829131
2.532527999998184	5.9061415140481515
2.5325299999981836	5.906041295744225
2.5325319999981835	5.905940883412007
2.5325339999981833	5.9058402765487195
2.532535999998183	5.905739474653967
2.532537999998183	5.905638477230048
2.532539999998183	5.905537283781697
2.5325419999981826	5.905435893816035
2.5325439999981825	5.905334306842962
2.5325459999981823	5.905232522374593
2.532547999998182	5.905130539925574
2.532549999998182	5.905028359013026
2.532551999998182	5.9049259791565465
2.5325539999981816	5.904823399878104
2.5325559999981815	5.904720620702146
2.5325579999981813	5.904617641155585
2.532559999998181	5.904514460767794
2.532561999998181	5.904411079070474
2.532563999998181	5.904307495597731
2.5325659999981807	5.904203709886375
2.5325679999981805	5.9040997214754745
2.5325699999981803	5.903995529906484
2.53257199999818	5.903891134723295
2.53257399999818	5.903786535472332
2.53257599999818	5.903681731710876
2.5325779999981797	5.903576722986885
2.5325799999981795	5.903471508848505
2.5325819999981793	5.903366088851801
2.532583999998179	5.903260462555274
2.532585999998179	5.9031546295198245
2.532587999998179	5.903048589308776
2.5325899999981787	5.902942341487871
2.5325919999981785	5.90283588562525
2.5325939999981784	5.9027292212915805
2.532595999998178	5.902622348059964
2.532597999998178	5.9025152655058974
2.532599999998178	5.90240797320746
2.5326019999981777	5.902300470745039
2.5326039999981775	5.902192757701293
2.5326059999981774	5.902084833661441
2.532607999998177	5.901976698192825
2.532609999998177	5.9018683508894005
2.532611999998177	5.901759791360497
2.5326139999981767	5.901651019201014
2.5326159999981765	5.9015420340090365
2.5326179999981764	5.901432835383639
2.532619999998176	5.901323422927398
2.532621999998176	5.901213796245222
2.532623999998176	5.90110395494444
2.5326259999981757	5.900993898634876
2.5326279999981756	5.900883626928759
2.5326299999981754	5.900773139440989
2.5326319999981752	5.900662435788642
2.532633999998175	5.9005515155914
2.532635999998175	5.900440378471453
2.5326379999981747	5.9003290240534945
2.5326399999981746	5.900217451964689
2.5326419999981744	5.900105661834372
2.5326439999981742	5.8999936532949295
2.532645999998174	5.899881425981207
2.532647999998174	5.899768979530451
2.5326499999981738	5.899656313582466
2.5326519999981736	5.899543427779591
2.5326539999981734	5.899430321766716
2.5326559999981733	5.899316995191305
2.532657999998173	5.899203447703409
2.532659999998173	5.899089678955654
2.5326619999981728	5.898975688603315
2.5326639999981726	5.8988614763042655
2.5326659999981724	5.898747041719018
2.5326679999981723	5.8986323845108
2.532669999998172	5.898517504345453
2.532671999998172	5.898402400891527
2.5326739999981718	5.8982870738204625
2.5326759999981716	5.898171522806151
2.5326779999981714	5.898055747525262
2.5326799999981713	5.897939747657309
2.532681999998171	5.897823522884605
2.532683999998171	5.897707072892285
2.532685999998171	5.8975903973685355
2.5326879999981706	5.897473496004068
2.5326899999981705	5.8973563684925665
2.5326919999981703	5.897239014530705
2.53269399999817	5.897121433818087
2.53269599999817	5.897003626057307
2.53269799999817	5.896885590953981
2.5326999999981696	5.896767328216748
2.5327019999981695	5.896648837557328
2.5327039999981693	5.8965301186907855
2.532705999998169	5.896411171340212
2.532707999998169	5.896291995222935
2.532709999998169	5.89617259006167
2.5327119999981687	5.896052955584007
2.5327139999981685	5.895933091520782
2.5327159999981683	5.895812997606156
2.532717999998168	5.895692673577632
2.532719999998168	5.8955721191761175
2.532721999998168	5.895451334145943
2.5327239999981677	5.8953303182349135
2.5327259999981675	5.895209071194342
2.5327279999981673	5.8950875927790936
2.532729999998167	5.894965882747642
2.532731999998167	5.894843940862093
2.532733999998167	5.89472176688828
2.5327359999981667	5.894599360595739
2.5327379999981665	5.8944767217577745
2.5327399999981663	5.89435385015154
2.532741999998166	5.894230745558065
2.532743999998166	5.894107407762346
2.532745999998166	5.893983836553342
2.5327479999981657	5.89386003172402
2.5327499999981655	5.89373599307144
2.5327519999981654	5.893611720396828
2.532753999998165	5.893487213505618
2.532755999998165	5.893362472207445
2.532757999998165	5.893237496319799
2.5327599999981647	5.893112285659672
2.5327619999981645	5.8929868400477465
2.5327639999981644	5.892861159311335
2.532765999998164	5.892735243282303
2.532767999998164	5.8926090917971345
2.532769999998164	5.892482704697007
2.5327719999981637	5.8923560818278515
2.5327739999981635	5.892229223040356
2.5327759999981634	5.892102128190161
2.532777999998163	5.891974797137913
2.532779999998163	5.891847229749245
2.532781999998163	5.891719425894865
2.5327839999981627	5.891591385450658
2.5327859999981626	5.891463108297769
2.5327879999981624	5.891334594322638
2.5327899999981622	5.891205843417129
2.532791999998162	5.891076855478519
2.532793999998162	5.890947630409672
2.5327959999981617	5.89081816811907
2.5327979999981616	5.890688468520912
2.5327999999981614	5.8905585315351425
2.5328019999981612	5.890428357087557
2.532803999998161	5.890297945108508
2.532805999998161	5.890167295535769
2.5328079999981608	5.890036408314555
2.5328099999981606	5.889905283394889
2.5328119999981604	5.889773920740837
2.5328139999981603	5.889642320315642
2.53281599999816	5.8895104820797055
2.53281799999816	5.889378406007873
2.5328199999981598	5.889246092082565
2.5328219999981596	5.889113540293056
2.5328239999981594	5.888980750634897
2.5328259999981593	5.888847723110445
2.532827999998159	5.888714457728982
2.532829999998159	5.88858095450677
2.532831999998159	5.888447213467142
2.5328339999981586	5.888313234642627
2.5328359999981584	5.888179018069878
2.5328379999981583	5.888044563792977
2.532839999998158	5.887909871864277
2.532841999998158	5.887774942343612
2.532843999998158	5.887639775298348
2.5328459999981576	5.887504370803466
2.5328479999981575	5.887368728941622
2.5328499999981573	5.8872328498032385
2.532851999998157	5.887096733478188
2.532853999998157	5.886960380076141
2.532855999998157	5.8868237897163604
2.5328579999981566	5.886686962520985
2.5328599999981565	5.886549898620293
2.5328619999981563	5.886412598152741
2.532863999998156	5.886275061265019
2.532865999998156	5.886137288112143
2.532867999998156	5.8859992788575015
2.5328699999981557	5.8858610336729145
2.5328719999981555	5.885722552738688
2.5328739999981553	5.885583836243686
2.532875999998155	5.885444884385412
2.532877999998155	5.885305697370104
2.532879999998155	5.885166275412645
2.5328819999981547	5.885026618736631
2.5328839999981545	5.884886727574578
2.5328859999981543	5.884746602167884
2.532887999998154	5.884606242766916
2.532889999998154	5.884465649631013
2.532891999998154	5.884324823028565
2.5328939999981537	5.884183763237054
2.5328959999981535	5.884042470543095
2.5328979999981533	5.88390094524249
2.532899999998153	5.8837591876402655
2.532901999998153	5.883617198050722
2.532903999998153	5.8834749767974825
2.5329059999981527	5.883332524213511
2.5329079999981525	5.88318984064118
2.5329099999981524	5.8830469264322955
2.532911999998152	5.882903781948138
2.532913999998152	5.882760407558304
2.532915999998152	5.882616803644207
2.5329179999981517	5.882472970595932
2.5329199999981515	5.882328908813043
2.5329219999981514	5.8821846187058995
2.532923999998151	5.882040100691139
2.532925999998151	5.881895355198368
2.532927999998151	5.881750382666066
2.5329299999981507	5.8816051835423915
2.5329319999981506	5.881459758285308
2.5329339999981504	5.881314107394516
2.5329359999981502	5.881168231301026
2.53293799999815	5.881022130521801
2.53293999999815	5.880875805556161
2.5329419999981497	5.880729256895128
2.5329439999981496	5.880582485022584
2.5329459999981494	5.880435490514677
2.5329479999981492	5.880288273878109
2.532949999998149	5.8801408356914955
2.532951999998149	5.879993176481247
2.5329539999981487	5.879845296812602
2.5329559999981486	5.8796971972815815
2.5329579999981484	5.879548878476169
2.5329599999981482	5.879400340994526
2.532961999998148	5.879251585444987
2.532963999998148	5.879102612446096
2.5329659999981478	5.878953422626629
2.5329679999981476	5.878804016625592
2.5329699999981474	5.878654395092257
2.5329719999981473	5.8785045586861635
2.532973999998147	5.878354508077147
2.532975999998147	5.878204243945352
2.5329779999981468	5.878053766981236
2.5329799999981466	5.877903077885589
2.5329819999981464	5.877752177369556
2.5329839999981463	5.877601066154634
2.532985999998146	5.877449744984113
2.532987999998146	5.87729821460272
2.532989999998146	5.877146475748877
2.5329919999981456	5.8769945291857
2.5329939999981455	5.876842375686638
2.5329959999981453	5.876690016035574
2.532997999998145	5.8765374510267945
2.532999999998145	5.87638468146502
2.533001999998145	5.876231708165399
2.5330039999981446	5.876078531953511
2.5330059999981445	5.8759251536653805
2.5330079999981443	5.875771574147455
2.533009999998144	5.875617794256634
2.533011999998144	5.8754638148602645
2.533013999998144	5.87530963683611
2.5330159999981436	5.875155261074459
2.5330179999981435	5.875000688471176
2.5330199999981433	5.8748459199361385
2.533021999998143	5.874690956388829
2.533023999998143	5.874535798759734
2.533025999998143	5.874380447987439
2.5330279999981427	5.874224905023872
2.5330299999981425	5.874069170830157
2.5330319999981423	5.873913246377784
2.533033999998142	5.873757132648092
2.533035999998142	5.8736008306353735
2.533037999998142	5.873444341340646
2.5330399999981417	5.873287665776796
2.5330419999981415	5.8731308049670075
2.5330439999981413	5.8729737599447525
2.533045999998141	5.872816531753754
2.533047999998141	5.872659121447988
2.533049999998141	5.872501530091636
2.5330519999981407	5.872343758759079
2.5330539999981405	5.87218580853485
2.5330559999981404	5.872027680513617
2.53305799999814	5.871869375800144
2.53305999999814	5.871710895509268
2.53306199999814	5.871552240765868
2.5330639999981397	5.871393412704801
2.5330659999981395	5.871234412471353
2.5330679999981394	5.871075241218437
2.533069999998139	5.870915900112078
2.533071999998139	5.87075639032672
2.533073999998139	5.870596713046598
2.5330759999981387	5.870436869465699
2.5330779999981385	5.870276860787721
2.5330799999981384	5.870116688225981
2.533081999998138	5.8699563530033965
2.533083999998138	5.869795856352404
2.533085999998138	5.869635199514934
2.5330879999981377	5.869474383742322
2.5330899999981376	5.869313410295269
2.5330919999981374	5.869152280443781
2.5330939999981372	5.868990995467092
2.533095999998137	5.868829556653602
2.533097999998137	5.868667965300822
2.5330999999981367	5.8685062227152835
2.5331019999981366	5.868344330212485
2.5331039999981364	5.868182289116655
2.5331059999981362	5.8680201007612585
2.533107999998136	5.867857766488179
2.533109999998136	5.867695287648041
2.5331119999981357	5.86753266560006
2.5331139999981356	5.867369901711971
2.5331159999981354	5.8672069973599354
2.5331179999981353	5.867043953928453
2.533119999998135	5.866880772810306
2.533121999998135	5.866717455406472
2.5331239999981348	5.866554003126015
2.5331259999981346	5.8663904173860155
2.5331279999981344	5.866226699614148
2.5331299999981343	5.866062851240033
2.533131999998134	5.865898873704861
2.533133999998134	5.86573476845685
2.5331359999981338	5.86557053695185
2.5331379999981336	5.865406180653178
2.5331399999981334	5.8652417010315565
2.5331419999981333	5.865077099565048
2.533143999998133	5.86491237773891
2.533145999998133	5.864747537037064
2.533147999998133	5.864582578951339
2.5331499999981326	5.864417505004752
2.5331519999981325	5.864252316710497
2.5331539999981323	5.864087015588538
2.533155999998132	5.863921603165494
2.533157999998132	5.8637560809745715
2.533159999998132	5.863590450555467
2.5331619999981316	5.863424713454234
2.5331639999981315	5.863258871223263
2.5331659999981313	5.863092925421132
2.533167999998131	5.862926877612545
2.533169999998131	5.86276072936826
2.533171999998131	5.862594482264958
2.5331739999981306	5.862428137885189
2.5331759999981305	5.862261697817264
2.5331779999981303	5.862095163655173
2.53317999999813	5.861928536998491
2.53318199999813	5.8617618194523065
2.53318399999813	5.861595012627128
2.5331859999981297	5.8614281181388055
2.5331879999981295	5.861261137608436
2.5331899999981293	5.8610940726623
2.533191999998129	5.860926924931765
2.533193999998129	5.860759696053216
2.533195999998129	5.860592387667969
2.5331979999981287	5.860425001422206
2.5331999999981285	5.860257538966858
2.5332019999981283	5.860090001957591
2.533203999998128	5.8599223920546955
2.533205999998128	5.859754710922992
2.533207999998128	5.859586960231818
2.5332099999981277	5.859419141654931
2.5332119999981275	5.859251256870423
2.5332139999981274	5.859083307560668
2.533215999998127	5.858915295412252
2.533217999998127	5.85874722211591
2.533219999998127	5.858579089366445
2.5332219999981267	5.858410898862741
2.5332239999981265	5.858242652307602
2.5332259999981264	5.8580743514077085
2.533227999998126	5.857905997873606
2.533229999998126	5.857737593419612
2.533231999998126	5.857569139763804
2.5332339999981257	5.857400638627897
2.5332359999981255	5.8572320917372656
2.5332379999981254	5.857063500820846
2.533239999998125	5.856894867611084
2.533241999998125	5.856726193843908
2.533243999998125	5.856557481258633
2.5332459999981247	5.856388731597971
2.5332479999981246	5.8562199466079585
2.5332499999981244	5.856051128037914
2.5332519999981242	5.855882277640336
2.533253999998124	5.8557133971709785
2.533255999998124	5.8555444883887215
2.5332579999981237	5.85537555305553
2.5332599999981236	5.855206592936422
2.5332619999981234	5.855037609799433
2.5332639999981232	5.854868605415564
2.533265999998123	5.854699581558752
2.533267999998123	5.854530540005864
2.5332699999981227	5.8543614825365
2.5332719999981226	5.854192410933121
2.5332739999981224	5.8540233269809665
2.5332759999981223	5.8538542324679605
2.533277999998122	5.853685129184687
2.533279999998122	5.853516018924369
2.5332819999981218	5.85334690348282
2.5332839999981216	5.853177784658394
2.5332859999981214	5.853008664251945
2.5332879999981213	5.852839544066734
2.533289999998121	5.85267042590844
2.533291999998121	5.852501311585082
2.5332939999981208	5.852332202906962
2.5332959999981206	5.852163101686648
2.5332979999981204	5.851994009738923
2.5332999999981203	5.851824928871599
2.53330199999812	5.851655860916477
2.53330399999812	5.8514868076901605
2.53330599999812	5.851317771015886
2.5333079999981196	5.851148752718533
2.5333099999981195	5.850979754624831
2.5333119999981193	5.85081077856326
2.533313999998119	5.850641826364007
2.533315999998119	5.850472899858887
2.533317999998119	5.850304000881253
2.5333199999981186	5.850135131265962
2.5333219999981185	5.849966292849274
2.5333239999981183	5.849797487468772
2.533325999998118	5.849628716963262
2.533327999998118	5.849459983172716
2.533329999998118	5.849291287938182
2.5333319999981176	5.849122633101683
2.5333339999981175	5.848954020506128
2.5333359999981173	5.8487854519952185
2.533337999998117	5.848616929413338
2.533339999998117	5.848448454605467
2.533341999998117	5.848280029417072
2.5333439999981167	5.848111655694006
2.5333459999981165	5.847943335282382
2.5333479999981163	5.8477750700284865
2.533349999998116	5.847606861778658
2.533351999998116	5.847438712379155
2.533353999998116	5.847270623676058
2.5333559999981157	5.847102597515054
2.5333579999981155	5.846934635741389
2.5333599999981153	5.846766740200014
2.533361999998115	5.846598912734999
2.533363999998115	5.846431155189813
2.533365999998115	5.846263469406894
2.5333679999981147	5.846095857227167
2.5333699999981145	5.8459283204906365
2.5333719999981144	5.845760861035958
2.533373999998114	5.845593480700266
2.533375999998114	5.84542618131904
2.533377999998114	5.84525896472599
2.5333799999981137	5.8450918327528925
2.5333819999981135	5.84492478722942
2.5333839999981134	5.84475782998301
2.533385999998113	5.844590962843137
2.533387999998113	5.844424187639394
2.533389999998113	5.84425750619292
2.5333919999981127	5.844090920307874
2.5333939999981125	5.843924431798198
2.5333959999981124	5.843758042476385
2.533397999998112	5.843591754146619
2.533399999998112	5.843425568614519
2.533401999998112	5.843259487680438
2.5334039999981117	5.843093513140935
2.5334059999981116	5.842927646788619
2.5334079999981114	5.8427618904119765
2.5334099999981112	5.842596245795238
2.533411999998111	5.842430714718189
2.533413999998111	5.842265298956037
2.5334159999981107	5.842100000279229
2.5334179999981106	5.841934820453316
2.5334199999981104	5.841769761238765
2.5334219999981102	5.8416048243908145
2.53342399999811	5.841440011659304
2.53342599999811	5.8412753247886275
2.5334279999981097	5.8411107655174295
2.5334299999981096	5.840946335578524
2.5334319999981094	5.840782036698722
2.5334339999981093	5.840617870598649
2.533435999998109	5.840453838992664
2.533437999998109	5.840289943588679
2.5334399999981088	5.84012618608801
2.5334419999981086	5.839962568185246
2.5334439999981084	5.839799091566272
2.5334459999981083	5.839635757914081
2.533447999998108	5.839472568901731
2.533449999998108	5.8393095261954135
2.5334519999981078	5.839146631453973
2.5334539999981076	5.838983886328714
2.5334559999981074	5.838821292463166
2.5334579999981073	5.838658851493082
2.533459999998107	5.838496565046345
2.533461999998107	5.8383344347427855
2.533463999998107	5.838172462194036
2.5334659999981066	5.838010649003389
2.5334679999981065	5.837848996765801
2.5334699999981063	5.8376875070677245
2.533471999998106	5.837526181487019
2.533473999998106	5.837365021592851
2.533475999998106	5.8372040289455605
2.5334779999981056	5.837043205096613
2.5334799999981055	5.8368825515885066
2.5334819999981053	5.836722069954657
2.533483999998105	5.836561761719325
2.533485999998105	5.836401628397532
2.533487999998105	5.836241671495008
2.5334899999981046	5.836081892508081
2.5334919999981045	5.83592229292363
2.5334939999981043	5.835762874219018
2.533495999998104	5.835603637862019
2.533497999998104	5.8354445853107935
2.533499999998104	5.83528571801376
2.5335019999981037	5.835127037409593
2.5335039999981035	5.834968544927162
2.5335059999981033	5.834810241985499
2.533507999998103	5.8346521299937315
2.533509999998103	5.83449421035106
2.533511999998103	5.834336484446702
2.5335139999981027	5.834178953659873
2.5335159999981025	5.83402161935974
2.5335179999981023	5.833864482897642
2.533519999998102	5.833707545628081
2.533521999998102	5.833550808892416
2.533523999998102	5.833394274019335
2.5335259999981017	5.833237942327414
2.5335279999981015	5.8330818151250385
2.5335299999981014	5.8329258937103985
2.533531999998101	5.832770179371443
2.533533999998101	5.832614673385917
2.533535999998101	5.832459377021306
2.5335379999981007	5.832304291534852
2.5335399999981005	5.832149418173534
2.5335419999981004	5.831994758174065
2.5335439999981	5.831840312762884
2.5335459999981	5.831686083156113
2.5335479999981	5.831532070559659
2.5335499999980997	5.831378276169129
2.5335519999980995	5.831224701189663
2.5335539999980994	5.831071346782264
2.533555999998099	5.830918214105597
2.533557999998099	5.830765304314103
2.533559999998099	5.830612618551922
2.5335619999980987	5.830460157952891
2.5335639999980986	5.8303079236405555
2.5335659999980984	5.8301559167076675
2.5335679999980982	5.830004138268494
2.533569999998098	5.8298525894249025
2.533571999998098	5.829701271259281
2.5335739999980977	5.8295501848437
2.5335759999980976	5.829399331239936
2.5335779999980974	5.829248711499475
2.5335799999980972	5.829098326663458
2.533581999998097	5.828948177762751
2.533583999998097	5.828798265817902
2.5335859999980967	5.828648591839153
2.5335879999980966	5.828499156826415
2.5335899999980964	5.828349961769279
2.5335919999980963	5.828201007647004
2.533593999998096	5.8280522954285185
2.533595999998096	5.827903826072456
2.5335979999980958	5.827755600527048
2.5335999999980956	5.82760761973013
2.5336019999980954	5.827459884609204
2.5336039999980953	5.827312396081367
2.533605999998095	5.827165155053377
2.533607999998095	5.827018162421607
2.5336099999980948	5.826871419072004
2.5336119999980946	5.826724925880082
2.5336139999980944	5.826578683710921
2.5336159999980943	5.826432693419149
2.533617999998094	5.8262869558489445
2.533619999998094	5.826141471833937
2.533621999998094	5.825996242197345
2.5336239999980936	5.825851267751838
2.5336259999980935	5.825706549299533
2.5336279999980933	5.825562087632009
2.533629999998093	5.8254178835302675
2.533631999998093	5.825273937764736
2.533633999998093	5.8251302510952385
2.5336359999980926	5.8249868242709075
2.5336379999980925	5.824843658030197
2.5336399999980923	5.824700753101655
2.533641999998092	5.824558110202415
2.533643999998092	5.824415730037937
2.533645999998092	5.824273613303796
2.5336479999980916	5.824131760684759
2.5336499999980915	5.823990172854769
2.5336519999980913	5.823848850476904
2.533653999998091	5.823707794203349
2.533655999998091	5.823567004675365
2.533657999998091	5.823426482523243
2.5336599999980907	5.823286228366298
2.5336619999980905	5.823146242812818
2.5336639999980903	5.823006526460018
2.53366599999809	5.822867079893991
2.53366799999809	5.822727903689703
2.53366999999809	5.822588998410923
2.5336719999980897	5.822450364610207
2.5336739999980895	5.822312002828831
2.5336759999980893	5.822173913596768
2.533677999998089	5.822036097432634
2.533679999998089	5.8218985548436475
2.533681999998089	5.821761286325585
2.5336839999980887	5.821624292362721
2.5336859999980885	5.821487573427815
2.5336879999980884	5.82135112998201
2.533689999998088	5.821214962474842
2.533691999998088	5.821079071344174
2.533693999998088	5.8209434570161305
2.5336959999980877	5.820808119905057
2.5336979999980875	5.8206730604134815
2.5336999999980874	5.8205382789320605
2.533701999998087	5.82040377583952
2.533703999998087	5.820269551502618
2.533705999998087	5.820135606276086
2.5337079999980867	5.8200019405026095
2.5337099999980865	5.81986855451274
2.5337119999980864	5.819735448624875
2.533713999998086	5.819602623145182
2.533715999998086	5.8194700783675914
2.533717999998086	5.819337814573827
2.5337199999980857	5.8192058320331235
2.5337219999980856	5.819074131002365
2.5337239999980854	5.818942711726028
2.5337259999980852	5.818811574436096
2.533727999998085	5.81868071935207
2.533729999998085	5.818550146680921
2.5337319999980847	5.818419856617018
2.5337339999980846	5.8182898493420865
2.5337359999980844	5.81816012502525
2.5337379999980842	5.818030683822932
2.533739999998084	5.817901525878849
2.533741999998084	5.817772651324002
2.5337439999980838	5.817644060276602
2.5337459999980836	5.8175157528420804
2.5337479999980834	5.817387729113069
2.5337499999980833	5.817259989169359
2.533751999998083	5.817132533077924
2.533753999998083	5.817005360892873
2.5337559999980828	5.816878472655446
2.5337579999980826	5.816751868394013
2.5337599999980824	5.816625548124112
2.5337619999980823	5.816499511848307
2.533763999998082	5.816373759556276
2.533765999998082	5.816248291224869
2.5337679999980818	5.816123106818021
2.5337699999980816	5.815998206286807
2.5337719999980814	5.815873589569432
2.5337739999980813	5.815749256591215
2.533775999998081	5.815625207264678
2.533777999998081	5.8155014414895225
2.533779999998081	5.815377959152643
2.5337819999980806	5.81525476012816
2.5337839999980805	5.815131844277426
2.5337859999980803	5.815009211449087
2.53378799999808	5.81488686147908
2.53378999999808	5.814764794190704
2.53379199999808	5.814643009394624
2.5337939999980796	5.814521506888934
2.5337959999980795	5.814400286459186
2.5337979999980793	5.814279347878448
2.533799999998079	5.814158690907336
2.533801999998079	5.814038315294083
2.533803999998079	5.8139182207745845
2.5338059999980787	5.81379840707245
2.5338079999980785	5.813678873899074
2.5338099999980783	5.813559620953701
2.533811999998078	5.813440647923463
2.533813999998078	5.813321954483485
2.533815999998078	5.813203540296918
2.5338179999980777	5.813085405015013
2.5338199999980775	5.812967548277247
2.5338219999980773	5.812849969711372
2.533823999998077	5.812732668933469
2.533825999998077	5.8126156455480515
2.533827999998077	5.812498899148155
2.5338299999980767	5.812382429315403
2.5338319999980765	5.812266235620135
2.5338339999980763	5.812150317621462
2.533835999998076	5.812034674867384
2.533837999998076	5.811919306894867
2.533839999998076	5.811804213229925
2.5338419999980757	5.811689393387796
2.5338439999980755	5.81157484687299
2.5338459999980754	5.811460573179375
2.533847999998075	5.8113465717903185
2.533849999998075	5.811232842178627
2.533851999998075	5.811119383806976
2.5338539999980747	5.811006196127992
2.5338559999980745	5.810893278584088
2.5338579999980744	5.810780630607726
2.533859999998074	5.810668251621507
2.533861999998074	5.8105561410383375
2.533863999998074	5.8104442982615385
2.5338659999980737	5.810332722684932
2.5338679999980736	5.810221413692979
2.5338699999980734	5.810110370665651
2.533871999998073	5.809999592967166
2.533873999998073	5.809889079952072
2.533875999998073	5.8097788309686225
2.5338779999980727	5.8096688453563345
2.5338799999980726	5.809559122446148
2.5338819999980724	5.809449661560502
2.5338839999980722	5.809340462013509
2.533885999998072	5.809231523110822
2.533887999998072	5.809122844150324
2.5338899999980717	5.8090144244220445
2.5338919999980716	5.808906263208013
2.5338939999980714	5.8087983597825605
2.5338959999980712	5.808690713412455
2.533897999998071	5.808583323357024
2.533899999998071	5.808476188868298
2.5339019999980708	5.808369309191122
2.5339039999980706	5.8082626835632984
2.5339059999980704	5.808156311215724
2.5339079999980703	5.8080501913725096
2.53390999999807	5.80794432325526
2.53391199999807	5.8078387060723795
2.5339139999980698	5.807733339026732
2.5339159999980696	5.8076282213165324
2.5339179999980694	5.807523352133842
2.5339199999980693	5.807418730664683
2.533921999998069	5.807314356089196
2.533923999998069	5.807210227581715
2.533925999998069	5.807106344310871
2.5339279999980686	5.807002705439775
2.5339299999980684	5.806899310126086
2.5339319999980683	5.806796157522158
2.533933999998068	5.806693246775131
2.533935999998068	5.806590577027053
2.533937999998068	5.806488147414988
2.5339399999980676	5.8063859570711385
2.5339419999980675	5.80628400512292
2.5339439999980673	5.806182290693105
2.533945999998067	5.806080812899907
2.533947999998067	5.805979570857073
2.533949999998067	5.8058785636740255
2.5339519999980666	5.805777790458888
2.5339539999980665	5.80567725031019
2.5339559999980663	5.80557694232413
2.533957999998066	5.8054768655938345
2.533959999998066	5.805377019208456
2.533961999998066	5.805277402253381
2.5339639999980657	5.80517801381032
2.5339659999980655	5.80507885295378
2.5339679999980653	5.804979918757626
2.533969999998065	5.804881210297728
2.533971999998065	5.804782726641995
2.533973999998065	5.80468446685514
2.5339759999980647	5.804586429998773
2.5339779999980645	5.8044886151314055
2.5339799999980643	5.8043910213086285
2.533981999998064	5.804293647583162
2.533983999998064	5.804196493004956
2.533985999998064	5.804099556621276
2.5339879999980637	5.804002837476797
2.5339899999980635	5.803906334613651
2.5339919999980633	5.8038100470715746
2.533993999998063	5.803713973887961
2.533995999998063	5.803618114097988
2.533997999998063	5.8035224667346785
2.5339999999980627	5.803427030828991
2.5340019999980625	5.803331805409939
2.5340039999980624	5.80323678950467
2.534005999998062	5.803141982138571
2.534007999998062	5.8030473823353645
2.534009999998062	5.802952989117226
2.5340119999980617	5.8028588015048745
2.5340139999980615	5.802764818517674
2.5340159999980614	5.802671039173738
2.534017999998061	5.802577462490045
2.534019999998061	5.802484087482558
2.534021999998061	5.802390913166347
2.5340239999980607	5.802297938555674
2.5340259999980606	5.802205162664143
2.5340279999980604	5.802112584504808
2.5340299999980602	5.802020203090312
2.53403199999806	5.801928017432991
2.53403399999806	5.801836026545011
2.5340359999980597	5.801744229438527
2.5340379999980596	5.801652625125801
2.5340399999980594	5.801561212612837
2.5340419999980592	5.801469990918248
2.534043999998059	5.801378959056339
2.534045999998059	5.801288116041234
2.5340479999980587	5.801197460887895
2.5340499999980586	5.8011069926123175
2.5340519999980584	5.801016710231586
2.5340539999980582	5.800926612764073
2.534055999998058	5.800836699229652
2.534057999998058	5.80074696864982
2.5340599999980578	5.800657420047881
2.5340619999980576	5.800568052449105
2.5340639999980574	5.800478864880904
2.5340659999980573	5.800389856372999
2.534067999998057	5.800301025957596
2.534069999998057	5.800212372669574
2.5340719999980568	5.800123895546673
2.5340739999980566	5.800035593629649
2.5340759999980564	5.799947465962463
2.5340779999980563	5.799859511592476
2.534079999998056	5.799771729570636
2.534081999998056	5.799684118951633
2.534083999998056	5.7995966787941216
2.5340859999980556	5.799509408160885
2.5340879999980555	5.79942230611904
2.5340899999980553	5.799335371740201
2.534091999998055	5.799248604100701
2.534093999998055	5.7991620022817365
2.534095999998055	5.799075565369582
2.5340979999980546	5.798989292455771
2.5340999999980545	5.798903182637272
2.5341019999980543	5.79881723501668
2.534103999998054	5.798731448702403
2.534105999998054	5.798645822808846
2.534107999998054	5.798560356456572
2.5341099999980536	5.798475048772478
2.5341119999980535	5.798389898889981
2.5341139999980533	5.798304905949196
2.534115999998053	5.798220069097119
2.534117999998053	5.798135387487774
2.534119999998053	5.79805086028237
2.5341219999980527	5.79796648664948
2.5341239999980525	5.797882265765172
2.5341259999980523	5.797798196813205
2.534127999998052	5.797714278985149
2.534129999998052	5.797630511480539
2.534131999998052	5.797546893507028
2.5341339999980517	5.797463424280521
2.5341359999980515	5.7973801030253105
2.5341379999980513	5.797296928974203
2.534139999998051	5.79721390136864
2.534141999998051	5.797131019455673
2.534143999998051	5.797048282496524
2.5341459999980507	5.796965689760234
2.5341479999980505	5.7968832405240205
2.5341499999980504	5.796800934074281
2.53415199999805	5.796718769706727
2.53415399999805	5.796636746726449
2.53415599999805	5.796554864448017
2.5341579999980497	5.796473122195562
2.5341599999980495	5.796391519302852
2.5341619999980494	5.796310055113355
2.534163999998049	5.796228728980317
2.534165999998049	5.7961475402668095
2.534167999998049	5.796066488345786
2.5341699999980487	5.795985572600122
2.5341719999980485	5.795904792422685
2.5341739999980484	5.795824147216365
2.534175999998048	5.795743636394073
2.534177999998048	5.795663259378787
2.534179999998048	5.795583015603582
2.5341819999980477	5.795502904511627
2.5341839999980476	5.795422925556202
2.5341859999980474	5.795343078200705
2.5341879999980472	5.795263361918639
2.534189999998047	5.795183776193596
2.534191999998047	5.795104320519252
2.5341939999980467	5.795024994399358
2.5341959999980466	5.794945797347693
2.5341979999980464	5.79486672888804
2.5341999999980462	5.794787788554164
2.534201999998046	5.794708975889732
2.534203999998046	5.794630290448279
2.5342059999980457	5.794551731793164
2.5342079999980456	5.794473299497492
2.5342099999980454	5.7943949931440315
2.5342119999980453	5.794316812325191
2.534213999998045	5.794238756642954
2.534215999998045	5.794160825708703
2.5342179999980448	5.794083019143188
2.5342199999980446	5.794005336576419
2.5342219999980444	5.793927777647558
2.5342239999980443	5.793850342004818
2.534225999998044	5.79377302930538
2.534227999998044	5.79369583921515
2.5342299999980438	5.793618771408806
2.5342319999980436	5.79354182556955
2.5342339999980434	5.793465001388975
2.5342359999980433	5.793388298567016
2.534237999998043	5.793311716811707
2.534239999998043	5.79323525583902
2.534241999998043	5.7931589153727785
2.5342439999980426	5.793082695144458
2.5342459999980425	5.7930065948929945
2.5342479999980423	5.7929306143646375
2.534249999998042	5.792854753312754
2.534251999998042	5.792779011497656
2.534253999998042	5.792703388686398
2.5342559999980416	5.7926278846525925
2.5342579999980415	5.792552499176206
2.5342599999980413	5.792477232043363
2.534261999998041	5.792402083046129
2.534263999998041	5.792327051982302
2.534265999998041	5.792252138655203
2.5342679999980406	5.792177342873455
2.5342699999980405	5.792102664450779
2.5342719999980403	5.792028103205747
2.53427399999804	5.7919536589615666
2.53427599999804	5.791879331545847
2.53427799999804	5.79180512079038
2.5342799999980397	5.791731026530897
2.5342819999980395	5.791657048606839
2.5342839999980393	5.79158318686114
2.534285999998039	5.791509441139952
2.534287999998039	5.7914358112924385
2.534289999998039	5.791362297170541
2.5342919999980387	5.79128889862874
2.5342939999980385	5.791215615523786
2.5342959999980383	5.791142447714519
2.534297999998038	5.791069395061601
2.534299999998038	5.790996457429996
2.534301999998038	5.7909236346813895
2.5343039999980377	5.790850926679734
2.5343059999980375	5.790778333290719
2.5343079999980374	5.79070585438073
2.534309999998037	5.7906334898166065
2.534311999998037	5.790561239465449
2.534313999998037	5.790489103194392
2.5343159999980367	5.790417080870406
2.5343179999980365	5.790345172360069
2.5343199999980364	5.790273377529363
2.534321999998036	5.790201696243499
2.534323999998036	5.790130128366712
2.534325999998036	5.790058673762066
2.5343279999980357	5.789987332291276
2.5343299999980355	5.789916103814526
2.5343319999980354	5.789844988190294
2.534333999998035	5.789773985275184
2.534335999998035	5.789703094923747
2.534337999998035	5.789632316988335
2.5343399999980347	5.789561651318954
2.5343419999980346	5.789491097763126
2.5343439999980344	5.789420656165714
2.5343459999980342	5.789350326368814
2.534347999998034	5.7892801082116145
2.534349999998034	5.789210001530288
2.5343519999980337	5.789140006162034
2.5343539999980336	5.789070121935583
2.5343559999980334	5.789000348674269
2.5343579999980332	5.7889306862010255
2.534359999998033	5.788861134335204
2.534361999998033	5.788791692892528
2.5343639999980327	5.788722361685011
2.5343659999980326	5.788653140520881
2.5343679999980324	5.788584029204505
2.5343699999980323	5.788515027536328
2.534371999998032	5.788446135312823
2.534373999998032	5.788377352326415
2.5343759999980318	5.788308678365495
2.5343779999980316	5.78824011321433
2.5343799999980314	5.788171656653054
2.5343819999980313	5.788103308457636
2.534383999998031	5.788035068399859
2.534385999998031	5.787966936247343
2.5343879999980308	5.787898911763194
2.5343899999980306	5.787830994704652
2.5343919999980304	5.787763184829
2.5343939999980303	5.787695481887065
2.53439599999803	5.7876278856254935
2.53439799999803	5.787560395786798
2.53439999999803	5.787493012109379
2.5344019999980296	5.78742573432755
2.5344039999980295	5.787358562171585
2.5344059999980293	5.787291495367763
2.534407999998029	5.787224533638408
2.534409999998029	5.787157676701955
2.534411999998029	5.7870909242730075
2.5344139999980286	5.787024276062406
2.5344159999980285	5.786957731777291
2.5344179999980283	5.786891291121219
2.534419999998028	5.7868249537941505
2.534421999998028	5.7867587194926005
2.534423999998028	5.786692587909731
2.5344259999980276	5.786626558735433
2.5344279999980275	5.786560631656429
2.5344299999980273	5.786494806356363
2.534431999998027	5.786429082515926
2.534433999998027	5.78636345981295
2.534435999998027	5.786297937922534
2.5344379999980267	5.786232516517164
2.5344399999980265	5.78616719526682
2.5344419999980263	5.7861019738391235
2.534443999998026	5.786036851899446
2.534445999998026	5.785971829111055
2.534447999998026	5.785906905135245
2.5344499999980257	5.785842079631486
2.5344519999980255	5.785777352257551
2.5344539999980253	5.7857127226696425
2.534455999998025	5.7856481905225765
2.534457999998025	5.785583755469912
2.534459999998025	5.785519417164103
2.5344619999980247	5.785455175256654
2.5344639999980245	5.785391029398278
2.5344659999980244	5.785326979239035
2.534467999998024	5.785263024428494
2.534469999998024	5.785199164615907
2.534471999998024	5.785135399450356
2.5344739999980237	5.785071728580905
2.5344759999980235	5.785008151656771
2.5344779999980234	5.78494466832748
2.534479999998023	5.784881278243039
2.534481999998023	5.7848179810540685
2.534483999998023	5.784754776411996
2.5344859999980227	5.784691663969182
2.5344879999980225	5.784628643379109
2.5344899999980224	5.784565714296522
2.534491999998022	5.7845028763775925
2.534493999998022	5.784440129280061
2.534495999998022	5.78437747266339
2.5344979999980217	5.784314906188918
2.5344999999980216	5.784252429520007
2.5345019999980214	5.784190042322146
2.5345039999980212	5.78412774426324
2.534505999998021	5.784065535013594
2.534507999998021	5.784003414246096
2.5345099999980207	5.78394138163636
2.5345119999980206	5.783879436862838
2.5345139999980204	5.783817579606969
2.5345159999980202	5.783755809553267
2.53451799999802	5.783694126389471
2.53451999999802	5.783632529806625
2.5345219999980197	5.783571019499206
2.5345239999980196	5.783509595165204
2.5345259999980194	5.783448256506247
2.5345279999980193	5.7833870032276495
2.534529999998019	5.783325835038498
2.534531999998019	5.783264751651764
2.5345339999980188	5.783203752784335
2.5345359999980186	5.783142838152281
2.5345379999980184	5.783082007483073
2.5345399999980183	5.783021260507904
2.534541999998018	5.782960596960002
2.534543999998018	5.782900016576724
2.5345459999980178	5.78283951909961
2.5345479999980176	5.782779104274411
2.5345499999980174	5.782718771851108
2.5345519999980173	5.782658521583912
2.534553999998017	5.782598353231251
2.534555999998017	5.782538266555742
2.534557999998017	5.782478261324183
2.5345599999980166	5.782418337307552
2.5345619999980165	5.78235849428091
2.5345639999980163	5.782298732023358
2.534565999998016	5.782239050318031
2.534567999998016	5.7821794489519505
2.534569999998016	5.7821199277160265
2.5345719999980156	5.78206048640493
2.5345739999980155	5.782001124817008
2.5345759999980153	5.781941842754202
2.534577999998015	5.7818826400219185
2.534579999998015	5.78182351642891
2.534581999998015	5.7817644717871755
2.5345839999980146	5.781705505911796
2.5345859999980145	5.781646618620801
2.5345879999980143	5.781587809735031
2.534589999998014	5.7815290790779725
2.534591999998014	5.781470426475604
2.534593999998014	5.781411851756219
2.5345959999980137	5.781353354750259
2.5345979999980135	5.78129493529011
2.5345999999980133	5.781236593209945
2.534601999998013	5.781178328345502
2.534603999998013	5.781120140533943
2.534605999998013	5.7810620296135555
2.5346079999980127	5.781003995423966
2.5346099999980125	5.780946037804781
2.5346119999980123	5.780888156596544
2.534613999998012	5.780830351640112
2.534615999998012	5.780772622774056
2.534617999998012	5.7807149698402505
2.5346199999980117	5.780657392680667
2.5346219999980115	5.780599891135085
2.5346239999980114	5.780542465042489
2.534625999998011	5.780485114240789
2.534627999998011	5.780427838566605
2.534629999998011	5.780370637855013
2.5346319999980107	5.780313511939305
2.5346339999980105	5.780256460650765
2.5346359999980104	5.780199483818421
2.53463799999801	5.780142581268814
2.53463999999801	5.780085752825747
2.53464199999801	5.780028998310067
2.5346439999980097	5.77997231753943
2.5346459999980095	5.77991571032817
2.5346479999980094	5.779859176486701
2.534649999998009	5.779802715821667
2.534651999998009	5.779746328135606
2.534653999998009	5.779690013226714
2.5346559999980087	5.779633770888603
2.5346579999980086	5.779577600910066
2.5346599999980084	5.779521503074917
2.5346619999980082	5.779465477161716
2.534663999998008	5.779409522943615
2.534665999998008	5.779353640188102
2.5346679999980077	5.779297828656822
2.5346699999980076	5.779242088105359
2.5346719999980074	5.779186418283062
2.5346739999980072	5.779130818932813
2.534675999998007	5.7790752897908435
2.534677999998007	5.779019830586582
2.5346799999980067	5.778964441042442
2.5346819999980066	5.778909120873669
2.5346839999980064	5.778853869788146
2.5346859999980063	5.778798687486223
2.534687999998006	5.778743573660572
2.534689999998006	5.7786885279969615
2.5346919999980058	5.778633550172413
2.5346939999980056	5.778578639854259
2.5346959999980054	5.778523796702979
2.5346979999980053	5.778469020370608
2.534699999998005	5.778414310500627
2.534701999998005	5.778359666727868
2.5347039999980048	5.778305088678373
2.5347059999980046	5.778250575969302
2.5347079999980044	5.778196128208837
2.5347099999980043	5.7781417449957075
2.534711999998004	5.778087425918561
2.534713999998004	5.778033170559746
2.534715999998004	5.777978978491757
2.5347179999980036	5.777924849275022
2.5347199999980035	5.777870782462844
2.5347219999980033	5.7778167775983285
2.534723999998003	5.777762834215145
2.534725999998003	5.777708951837494
2.534727999998003	5.777655129980026
2.5347299999980026	5.777601368147845
2.5347319999980025	5.777547665836537
2.5347339999980023	5.777494022532169
2.534735999998002	5.777440437711306
2.534737999998002	5.777386910841053
2.534739999998002	5.777333441379134
2.5347419999980016	5.777280028773876
2.5347439999980015	5.77722667246423
2.5347459999980013	5.77717337187993
2.534747999998001	5.777120126441604
2.534749999998001	5.777066935560662
2.534751999998001	5.777013798639586
2.5347539999980007	5.776960715071898
2.5347559999980005	5.776907684242352
2.5347579999980003	5.776854705527005
2.534759999998	5.776801778293305
2.534761999998	5.7767489019002465
2.534763999998	5.77669607569851
2.5347659999979997	5.776643299030526
2.5347679999979995	5.776590571230661
2.5347699999979993	5.776537891625323
2.534771999997999	5.77648525953311
2.534773999997999	5.776432674264931
2.534775999997999	5.776380135124143
2.5347779999979987	5.776327641406727
2.5347799999979985	5.776275192401358
2.5347819999979984	5.776222787389503
2.534783999997998	5.7761704256457005
2.534785999997998	5.77611810643766
2.534787999997998	5.776065829026258
2.5347899999979977	5.776013592669626
2.5347919999979975	5.7759613966125505
2.5347939999979974	5.775909240095183
2.534795999997997	5.775857122352447
2.534797999997997	5.775805042613027
2.534799999997997	5.775753000099443
2.5348019999979967	5.775700994028113
2.5348039999979965	5.7756490236094375
2.5348059999979964	5.775597088048762
2.534807999997996	5.775545186543867
2.534809999997996	5.775493318287143
2.534811999997996	5.775441482465313
2.5348139999979957	5.77538967825923
2.5348159999979956	5.775337904849899
2.5348179999979954	5.775286161404522
2.5348199999979952	5.775234447082003
2.534821999997995	5.775182761039745
2.534823999997995	5.775131102429127
2.5348259999979947	5.775079470395504
2.5348279999979946	5.775027864078173
2.5348299999979944	5.774976282610259
2.5348319999979942	5.774924725118685
2.534833999997994	5.774873190724003
2.534835999997994	5.774821678540314
2.5348379999979938	5.774770187675219
2.5348399999979936	5.774718717229709
2.5348419999979934	5.7746672662979215
2.5348439999979933	5.774615833967106
2.534845999997993	5.774564419317523
2.534847999997993	5.774513021414624
2.5348499999979928	5.774461639329529
2.5348519999979926	5.7744102721229496
2.5348539999979924	5.774358918845495
2.5348559999979923	5.774307578540127
2.534857999997992	5.7742562502419394
2.534859999997992	5.774204932977976
2.5348619999979918	5.774153625767153
2.5348639999979916	5.774102327620075
2.5348659999979914	5.774051037538931
2.5348679999979913	5.773999754517422
2.534869999997991	5.7739484775405225
2.534871999997991	5.773897205584474
2.534873999997991	5.773845937616681
2.5348759999979906	5.773794672595603
2.5348779999979905	5.773743409470726
2.5348799999979903	5.773692147184714
2.53488199999799	5.773640884667314
2.53488399999799	5.773589620840095
2.53488599999799	5.773538354616085
2.5348879999979896	5.773487084899138
2.5348899999979895	5.773435810584027
2.5348919999979893	5.773384530556456
2.534893999997989	5.773333243693044
2.534895999997989	5.773281948861511
2.534897999997989	5.773230644920776
2.5348999999979887	5.7731793307210015
2.5349019999979885	5.773128005103776
2.5349039999979883	5.773076666902265
2.534905999997988	5.773025314941417
2.534907999997988	5.772973948038191
2.534909999997988	5.772922565001736
2.5349119999979877	5.772871164635306
2.5349139999979875	5.772819745732409
2.5349159999979873	5.772768307079506
2.534917999997987	5.7727168474573025
2.534919999997987	5.772665365640191
2.534921999997987	5.772613860396639
2.5349239999979867	5.772562330489526
2.5349259999979865	5.772510774676555
2.5349279999979863	5.772459191710676
2.534929999997986	5.772407580340523
2.534931999997986	5.772355939310871
2.534933999997986	5.7723042673631095
2.5349359999979857	5.7722525632357184
2.5349379999979855	5.772200825664783
2.5349399999979854	5.772149053384517
2.534941999997985	5.772097245127791
2.534943999997985	5.772045399626664
2.534945999997985	5.7719935156129605
2.5349479999979847	5.77194159181878
2.5349499999979845	5.771889626977518
2.5349519999979844	5.771837619820755
2.534953999997984	5.771785569087287
2.534955999997984	5.771733473516258
2.534957999997984	5.771681331849974
2.5349599999979837	5.771629142834541
2.5349619999979836	5.771576905220453
2.5349639999979834	5.7715246177631565
2.534965999997983	5.771472279223685
2.534967999997983	5.771419888369252
2.534969999997983	5.771367443973741
2.5349719999979827	5.7713149448183065
2.5349739999979826	5.771262389692008
2.5349759999979824	5.7712097773923015
2.5349779999979822	5.771157106725607
2.534979999997982	5.771104376507842
2.534981999997982	5.771051585571025
2.5349839999979817	5.770998732743307
2.5349859999979816	5.770945816874571
2.5349879999979814	5.770892836823787
2.5349899999979812	5.770839791461917
2.534991999997981	5.770786679651867
2.534993999997981	5.7707335003009765
2.5349959999979808	5.770680252328568
2.5349979999979806	5.770626934657805
2.5349999999979804	5.7705735462260055
2.5350019999979803	5.7705200859849395
2.53500399999798	5.7704665529011105
2.53500599999798	5.770412945956149
2.5350079999979798	5.770359264147082
2.5350099999979796	5.770305506486637
2.5350119999979794	5.770251672003475
2.5350139999979793	5.770197759742496
2.535015999997979	5.770143768765036
2.535017999997979	5.770089698149074
2.535019999997979	5.770035546989435
2.5350219999979786	5.76998131439793
2.5350239999979784	5.769926999503522
2.5350259999979783	5.769872601452474
2.535027999997978	5.769818119408432
2.535029999997978	5.769763552552531
2.535031999997978	5.76970890008349
2.5350339999979776	5.7696541612176375
2.5350359999979775	5.7695993351889765
2.5350379999979773	5.769544421267949
2.535039999997977	5.769489418712244
2.535041999997977	5.7694343268020765
2.535043999997977	5.769379144842262
2.5350459999979766	5.769323872155279
2.5350479999979765	5.769268508078773
2.5350499999979763	5.769213051979869
2.535051999997976	5.769157503227106
2.535053999997976	5.769101861212458
2.535055999997976	5.769046125345578
2.5350579999979757	5.768990295053527
2.5350599999979755	5.768934369780585
2.5350619999979753	5.768878348988031
2.535063999997975	5.768822232154063
2.535065999997975	5.768766018773645
2.535067999997975	5.768709708358445
2.5350699999979747	5.768653300436749
2.5350719999979745	5.768596794553042
2.5350739999979743	5.7685401902680855
2.535075999997974	5.768483487158855
2.535077999997974	5.768426684818321
2.535079999997974	5.768369782855322
2.5350819999979737	5.768312780894435
2.5350839999979735	5.768255678575841
2.5350859999979733	5.7681984755552005
2.535087999997973	5.768141171503531
2.535089999997973	5.7680837661070825
2.535091999997973	5.76802625906723
2.5350939999979727	5.767968650100392
2.5350959999979725	5.767910938937738
2.5350979999979724	5.767853125325478
2.535099999997972	5.767795209024532
2.535101999997972	5.767737189810433
2.535103999997972	5.767679067473294
2.5351059999979717	5.7676208418177515
2.5351079999979715	5.767562512662916
2.5351099999979714	5.7675040798422845
2.535111999997971	5.767445543203839
2.535113999997971	5.767386902609829
2.535115999997971	5.767328157936964
2.5351179999979707	5.767269309076133
2.5351199999979706	5.767210355932552
2.5351219999979704	5.767151298425824
2.5351239999979702	5.7670921364899135
2.53512599999797	5.767032870073159
2.53512799999797	5.76697349913831
2.5351299999979697	5.766914023662548
2.5351319999979696	5.766854443637581
2.5351339999979694	5.7667947590697
2.5351359999979692	5.766734969979786
2.535137999997969	5.766675076403413
2.535139999997969	5.766615078390919
2.5351419999979687	5.7665549760074875
2.5351439999979686	5.766494769333215
2.5351459999979684	5.76643445846324
2.5351479999979682	5.766374043507778
2.535149999997968	5.766313524592234
2.535151999997968	5.766252901857342
2.5351539999979678	5.766192175459183
2.5351559999979676	5.766131345569349
2.5351579999979674	5.766070412375007
2.5351599999979673	5.766009376078994
2.535161999997967	5.765948236899699
2.535163999997967	5.765886995072074
2.5351659999979668	5.76582565084624
2.5351679999979666	5.765764204488664
2.5351699999979664	5.765702656281872
2.5351719999979663	5.765641006524502
2.535173999997966	5.765579255531475
2.535175999997966	5.765517403634007
2.535177999997966	5.765455451180153
2.5351799999979656	5.765393398533976
2.5351819999979655	5.765331246075118
2.5351839999979653	5.765268994200324
2.535185999997965	5.765206643322387
2.535187999997965	5.765144193871022
2.535189999997965	5.76508164629252
2.5351919999979646	5.765019001049276
2.5351939999979645	5.764956258620008
2.5351959999979643	5.764893419499712
2.535197999997964	5.764830484199627
2.535199999997964	5.764767453247111
2.535201999997964	5.764704327185592
2.5352039999979636	5.7646411065744205
2.5352059999979635	5.764577791988762
2.5352079999979633	5.764514384019451
2.535209999997963	5.7644508832728585
2.535211999997963	5.764387290370694
2.535213999997963	5.764323605949822
2.5352159999979627	5.764259830662045
2.5352179999979625	5.764195965173969
2.5352199999979623	5.764132010166721
2.535221999997962	5.764067966335655
2.535223999997962	5.764003834390162
2.535225999997962	5.76393961505338
2.5352279999979617	5.763875309061867
2.5352299999979615	5.76381091716533
2.5352319999979613	5.763746440126324
2.535233999997961	5.763681878719877
2.535235999997961	5.763617233733162
2.535237999997961	5.763552505965164
2.5352399999979607	5.763487696226268
2.5352419999979605	5.763422805337906
2.5352439999979604	5.7633578341321705
2.53524599999796	5.763292783451355
2.53524799999796	5.7632276541476015
2.53524999999796	5.7631624470824425
2.5352519999979597	5.763097163126395
2.5352539999979595	5.7630318031584995
2.5352559999979594	5.7629663680658405
2.535257999997959	5.762900858743109
2.535259999997959	5.7628352760922
2.535261999997959	5.762769621021702
2.5352639999979587	5.762703894446373
2.5352659999979585	5.76263809728675
2.5352679999979584	5.762572230468608
2.535269999997958	5.762506294911476
2.535271999997958	5.762440291554013
2.535273999997958	5.762374221341584
2.5352759999979577	5.762308085215983
2.5352779999979576	5.7622418841219725
2.5352799999979574	5.762175619006671
2.5352819999979572	5.76210929081901
2.535283999997957	5.762042900509307
2.535285999997957	5.76197644902881
2.5352879999979567	5.761909937329283
2.5352899999979566	5.761843366362389
2.5352919999979564	5.761776737079304
2.5352939999979562	5.761710050430328
2.535295999997956	5.761643307364418
2.535297999997956	5.761576508828774
2.5352999999979557	5.761509655767128
2.5353019999979556	5.761442749122245
2.5353039999979554	5.761375789834698
2.5353059999979553	5.761308778840498
2.535307999997955	5.761241717071782
2.535309999997955	5.761174605460344
2.5353119999979548	5.761107444927575
2.5353139999979546	5.761040236390504
2.5353159999979544	5.760972980762628
2.5353179999979543	5.760905678952045
2.535319999997954	5.760838331861203
2.535321999997954	5.7607709403866005
2.5353239999979538	5.760703505418465
2.5353259999979536	5.760636027840491
2.5353279999979534	5.760568508529726
2.5353299999979533	5.76050094835637
2.535331999997953	5.760433348183557
2.535333999997953	5.760365708860641
2.535335999997953	5.760298031238515
2.5353379999979526	5.760230316163432
2.5353399999979525	5.760162564468622
2.5353419999979523	5.760094776979984
2.535343999997952	5.760026954515279
2.535345999997952	5.759959097884326
2.535347999997952	5.759891207888949
2.5353499999979516	5.759823285322917
2.5353519999979515	5.759755330971956
2.5353539999979513	5.759687345616016
2.535355999997951	5.759619330023508
2.535357999997951	5.759551284954664
2.535359999997951	5.759483211163062
2.5353619999979506	5.759415109394245
2.5353639999979505	5.759346980385796
2.5353659999979503	5.759278824867461
2.53536799999795	5.759210643561099
2.53536999999795	5.759142437180804
2.53537199999795	5.759074206432763
2.5353739999979497	5.7590059520161905
2.5353759999979495	5.758937674622445
2.5353779999979493	5.758869374935499
2.535379999997949	5.758801053632027
2.535381999997949	5.758732711387527
2.535383999997949	5.75866434886644
2.5353859999979487	5.758595966717674
2.5353879999979485	5.758527565588136
2.5353899999979483	5.758459146119754
2.535391999997948	5.758390708947882
2.535393999997948	5.758322254701392
2.535395999997948	5.758253784002784
2.5353979999979477	5.758185297468317
2.5353999999979475	5.758116795708118
2.5354019999979474	5.75804827932627
2.535403999997947	5.75797974892093
2.535405999997947	5.757911205084421
2.535407999997947	5.757842648403324
2.5354099999979467	5.757774079458557
2.5354119999979465	5.757705498825432
2.5354139999979464	5.757636907073783
2.535415999997946	5.757568304767995
2.535417999997946	5.757499692467054
2.535419999997946	5.757431070724617
2.5354219999979457	5.757362440093227
2.5354239999979455	5.757293801112375
2.5354259999979454	5.7572251543191655
2.535427999997945	5.757156500246125
2.535429999997945	5.757087839420479
2.535431999997945	5.757019172364158
2.5354339999979447	5.756950499593785
2.5354359999979446	5.756881821620639
2.5354379999979444	5.756813138950606
2.5354399999979442	5.756744452084122
2.535441999997944	5.756675761516112
2.535443999997944	5.756607067735871
2.5354459999979437	5.756538371227011
2.5354479999979436	5.756469672467356
2.5354499999979434	5.756400971928774
2.5354519999979432	5.756332270077109
2.535453999997943	5.756263567372164
2.535455999997943	5.75619486426738
2.5354579999979427	5.756126161209741
2.5354599999979426	5.75605745863961
2.5354619999979424	5.755988756990554
2.5354639999979423	5.755920056689212
2.535465999997942	5.755851358155065
2.535467999997942	5.755782661800243
2.5354699999979418	5.755713968029353
2.5354719999979416	5.755645277239267
2.5354739999979414	5.755576589818878
2.5354759999979413	5.755507906148907
2.535477999997941	5.75543922660169
2.535479999997941	5.755370551540925
2.5354819999979408	5.7553018813214605
2.5354839999979406	5.755233216289029
2.5354859999979404	5.75516455678005
2.5354879999979403	5.755095903121361
2.53548999999794	5.7550272556299635
2.53549199999794	5.754958614617779
2.53549399999794	5.754889980380325
2.5354959999979396	5.7548213531999695
2.5354979999979395	5.754752733352015
2.5354999999979393	5.754684121100709
2.535501999997939	5.754615516699004
2.535503999997939	5.754546920388322
2.535505999997939	5.754478332398306
2.5355079999979386	5.754409752946579
2.5355099999979385	5.754341182238523
2.5355119999979383	5.754272620467048
2.535513999997938	5.7542040678123465
2.535515999997938	5.754135524441703
2.535517999997938	5.754066990509242
2.5355199999979376	5.753998466155748
2.5355219999979375	5.753929951508439
2.5355239999979373	5.75386144668078
2.535525999997937	5.753792951772312
2.535527999997937	5.75372446686842
2.535529999997937	5.753655992040194
2.5355319999979367	5.753587527344239
2.5355339999979365	5.7535190728225
2.5355359999979363	5.753450628502121
2.535537999997936	5.753382194395314
2.535539999997936	5.753313770499204
2.535541999997936	5.753245356795704
2.5355439999979357	5.753176953251382
2.5355459999979355	5.753108559817359
2.5355479999979353	5.753040176429213
2.535549999997935	5.752971803006857
2.535551999997935	5.752903439454476
2.535553999997935	5.752835085660445
2.5355559999979347	5.752766741497248
2.5355579999979345	5.752698406821435
2.5355599999979344	5.752630081473555
2.535561999997934	5.752561765278124
2.535563999997934	5.752493458043571
2.535565999997934	5.75242515956225
2.5355679999979337	5.752356869610388
2.5355699999979335	5.752288587948082
2.5355719999979334	5.75222031431932
2.535573999997933	5.752152048451955
2.535575999997933	5.752083790057723
2.535577999997933	5.752015538832287
2.5355799999979327	5.751947294455251
2.5355819999979325	5.751879056590179
2.5355839999979324	5.751810824884687
2.535585999997932	5.751742598970468
2.535587999997932	5.75167437846333
2.535589999997932	5.751606162963263
2.5355919999979317	5.751537952054525
2.5355939999979316	5.751469745305711
2.5355959999979314	5.751401542269818
2.5355979999979312	5.75133334248435
2.535599999997931	5.75126514547134
2.535601999997931	5.751196950737587
2.5356039999979307	5.751128757774696
2.5356059999979306	5.751060566059134
2.5356079999979304	5.750992375052335
2.5356099999979302	5.750924184200866
2.53561199999793	5.750855992936522
2.53561399999793	5.75078780067648
2.5356159999979297	5.75071960682621
2.5356179999979296	5.750651410774357
2.5356199999979294	5.750583211892114
2.5356219999979293	5.750515009539448
2.535623999997929	5.7504468030623315
2.535625999997929	5.750378591792911
2.5356279999979288	5.75031037504966
2.5356299999979286	5.7502421521288225
2.5356319999979284	5.750173922321897
2.5356339999979283	5.7501056849157015
2.535635999997928	5.750037439175612
2.535637999997928	5.749969184354132
2.5356399999979278	5.749900919691049
2.5356419999979276	5.74983264441365
2.5356439999979274	5.749764357749326
2.5356459999979273	5.74969605889558
2.535647999997927	5.749627747036073
2.535649999997927	5.749559421349753
2.535651999997927	5.749491080995193
2.5356539999979266	5.7494227251298256
2.5356559999979265	5.74935435290413
2.5356579999979263	5.749285963453416
2.535659999997926	5.749217555900681
2.535661999997926	5.749149129358293
2.535663999997926	5.749080682928476
2.5356659999979256	5.749012215702441
2.5356679999979255	5.748943726762624
2.5356699999979253	5.748875215181252
2.535671999997925	5.7488066800210875
2.535673999997925	5.748738120335617
2.535675999997925	5.748669535169351
2.5356779999979246	5.748600923558069
2.5356799999979245	5.748532284528983
2.5356819999979243	5.7484636171010575
2.535683999997924	5.7483949202852855
2.535685999997924	5.748326193084877
2.535687999997924	5.748257434495537
2.5356899999979237	5.748188643505753
2.5356919999979235	5.748119819097045
2.5356939999979233	5.748050960244238
2.535695999997923	5.747982065915754
2.535697999997923	5.7479131350738815
2.535699999997923	5.747844166675054
2.5357019999979227	5.74777515967013
2.5357039999979225	5.747706113004676
2.5357059999979223	5.747637025619244
2.535707999997922	5.7475678964497
2.535709999997922	5.747498724427531
2.535711999997922	5.747429508480081
2.5357139999979217	5.7473602475308825
2.5357159999979215	5.7472909404999415
2.5357179999979214	5.747221586304069
2.535719999997921	5.747152183857133
2.535721999997921	5.747082732070402
2.535723999997921	5.747013229852837
2.5357259999979207	5.746943676111381
2.5357279999979205	5.746874069751259
2.5357299999979204	5.746804409675677
2.53573199999792	5.7467346947883104
2.53573399999792	5.7466649239990675
2.53573599999792	5.746595096202382
2.5357379999979197	5.746525210298603
2.5357399999979195	5.74645526518898
2.5357419999979194	5.746385259775199
2.535743999997919	5.746315192959605
2.535745999997919	5.746245063645552
2.535747999997919	5.74617487073764
2.5357499999979187	5.7461046131420135
2.5357519999979186	5.746034289766642
2.5357539999979184	5.7459638995215805
2.5357559999979182	5.745893441319273
2.535757999997918	5.7458229140748065
2.535759999997918	5.7457523167062154
2.5357619999979177	5.745681648134645
2.5357639999979176	5.745610907284628
2.5357659999979174	5.745540093084414
2.5357679999979172	5.74546920446623
2.535769999997917	5.745398240366462
2.535771999997917	5.745327199725866
2.5357739999979168	5.745256081489816
2.5357759999979166	5.745184884608559
2.5357779999979164	5.74511360803737
2.5357799999979163	5.745042250736817
2.535781999997916	5.7449708116729665
2.535783999997916	5.744899289817614
2.5357859999979158	5.744827684148322
2.5357879999979156	5.744755993648718
2.5357899999979154	5.7446842173086665
2.5357919999979153	5.744612354124422
2.535793999997915	5.744540403098815
2.535795999997915	5.744468363241398
2.5357979999979148	5.744396233568587
2.5357999999979146	5.744324013103753
2.5358019999979144	5.744251700877392
2.5358039999979143	5.744179295927273
2.535805999997914	5.7441067972985005
2.535807999997914	5.744034204043678
2.535809999997914	5.743961515222961
2.5358119999979136	5.7438887299041514
2.5358139999979135	5.743815847162837
2.5358159999979133	5.743742866082409
2.535817999997913	5.743669785754117
2.535819999997913	5.743596605277144
2.535821999997913	5.7435233237499626
2.5358239999979126	5.743449940292778
2.5358259999979125	5.743376454032313
2.5358279999979123	5.743302864100034
2.535829999997912	5.74322916963542
2.535831999997912	5.743155369783398
2.535833999997912	5.743081463701924
2.5358359999979116	5.743007450555349
2.5358379999979115	5.742933329515536
2.5358399999979113	5.742859099762453
2.535841999997911	5.742784760484115
2.535843999997911	5.742710310876487
2.535845999997911	5.742635750143568
2.5358479999979107	5.742561077497296
2.5358499999979105	5.742486292157394
2.5358519999979103	5.742411393351333
2.53585399999791	5.742336380314372
2.53585599999791	5.742261252289436
2.53585799999791	5.742186008526982
2.5358599999979097	5.742110648284936
2.5358619999979095	5.742035170827189
2.5358639999979093	5.741959575423732
2.535865999997909	5.741883861358623
2.535867999997909	5.74180802791865
2.535869999997909	5.741732074397614
2.5358719999979087	5.741656000096183
2.5358739999979085	5.741579804321776
2.5358759999979084	5.741503486388408
2.535877999997908	5.741427045616577
2.535879999997908	5.741350481333176
2.535881999997908	5.741273792871265
2.5358839999979077	5.741196979569998
2.5358859999979075	5.741120040774666
2.5358879999979074	5.7410429758363035
2.535889999997907	5.740965784111705
2.535891999997907	5.740888464963248
2.535893999997907	5.740811017758785
2.5358959999979067	5.740733441871539
2.5358979999979065	5.74065573667993
2.5358999999979064	5.740577901567492
2.535901999997906	5.7404999359227205
2.535903999997906	5.740421839138994
2.535905999997906	5.740343610614381
2.5359079999979057	5.740265249751643
2.5359099999979056	5.74018675595808
2.5359119999979054	5.74010812864541
2.5359139999979052	5.740029367229691
2.535915999997905	5.73995047113119
2.535917999997905	5.739871439774382
2.5359199999979047	5.73979227258781
2.5359219999979046	5.739712969004004
2.5359239999979044	5.739633528459412
2.5359259999979042	5.739553950394367
2.535927999997904	5.739474234252993
2.535929999997904	5.7393943794832305
2.5359319999979038	5.739314385536783
2.5359339999979036	5.739234251869003
2.5359359999979034	5.739153977938897
2.5359379999979033	5.739073563209133
2.535939999997903	5.738993007145976
2.535941999997903	5.738912309219379
2.5359439999979028	5.738831468902956
2.5359459999979026	5.7387504856739024
2.5359479999979024	5.738669359013119
2.5359499999979023	5.738588088405174
2.535951999997902	5.738506673338307
2.535953999997902	5.738425113304583
2.5359559999979018	5.738343407799958
2.5359579999979016	5.738261556324213
2.5359599999979014	5.738179558382094
2.5359619999979013	5.738097413484305
2.535963999997901	5.7380151211383765
2.535965999997901	5.737932680860378
2.535967999997901	5.737850092170438
2.5359699999979006	5.737767354593162
2.5359719999979005	5.737684467657594
2.5359739999979003	5.737601430897313
2.5359759999979	5.737518243850586
2.5359779999979	5.737434906060474
2.5359799999979	5.737351417074961
2.5359819999978996	5.737267776447066
2.5359839999978995	5.737183983734988
2.5359859999978993	5.737100038502225
2.535987999997899	5.737015940317693
2.535989999997899	5.736931688755936
2.535991999997899	5.736847283399874
2.5359939999978987	5.73676272383254
2.5359959999978985	5.736678009646429
2.5359979999978983	5.736593140439841
2.535999999997898	5.736508115817337
2.536001999997898	5.736422935389946
2.536003999997898	5.736337598775272
2.5360059999978977	5.736252105597671
2.5360079999978975	5.736166455488424
2.5360099999978973	5.7360806480857995
2.536011999997897	5.735994683035181
2.536013999997897	5.735908559988008
2.536015999997897	5.73582227860424
2.5360179999978967	5.735735838553669
2.5360199999978965	5.735649239511706
2.5360219999978963	5.735562481161619
2.536023999997896	5.735475563194616
2.536025999997896	5.735388485309968
2.536027999997896	5.735301247215103
2.5360299999978957	5.735213848625735
2.5360319999978955	5.73512628926592
2.5360339999978954	5.735038568868178
2.536035999997895	5.734950687173476
2.536037999997895	5.7348626439164825
2.536039999997895	5.73477443886489
2.5360419999978947	5.734686071792924
2.5360439999978945	5.734597542474793
2.5360459999978944	5.734508850695283
2.536047999997894	5.7344199962481115
2.536049999997894	5.73433097893599
2.536051999997894	5.734241798570523
2.5360539999978937	5.7341524549723815
2.5360559999978936	5.734062947969935
2.5360579999978934	5.733973277401399
2.536059999997893	5.733883443116183
2.536061999997893	5.733793444970962
2.536063999997893	5.733703282831375
2.5360659999978927	5.7336129565720375
2.5360679999978926	5.7335224660765025
2.5360699999978924	5.733431811237224
2.5360719999978922	5.7333409919555205
2.536073999997892	5.733250008141516
2.536075999997892	5.7331588597140515
2.5360779999978917	5.733067546600744
2.5360799999978916	5.73297606873788
2.5360819999978914	5.732884426070286
2.5360839999978912	5.732792618551297
2.536085999997891	5.7327006461427255
2.536087999997891	5.732608508814697
2.5360899999978908	5.7325162065456015
2.5360919999978906	5.73242373932206
2.5360939999978904	5.732331107138805
2.5360959999978903	5.732238309998596
2.53609799999789	5.7321453479121365
2.53609999999789	5.732052220897977
2.5361019999978898	5.731958928982443
2.5361039999978896	5.731865472199529
2.5361059999978894	5.731771850590819
2.5361079999978893	5.73167806420539
2.536109999997889	5.731584113099666
2.536111999997889	5.731489997337463
2.536113999997889	5.731395716989851
2.5361159999978886	5.731301272134994
2.5361179999978885	5.731206662858123
2.5361199999978883	5.73111188925145
2.536121999997888	5.731016951414077
2.536123999997888	5.730921849451912
2.536125999997888	5.7308265834776195
2.5361279999978876	5.730731153610507
2.5361299999978875	5.730635559976442
2.5361319999978873	5.730539802707825
2.536133999997887	5.730443881943503
2.536135999997887	5.73034779782867
2.536137999997887	5.73025155051489
2.5361399999978866	5.730155140159954
2.5361419999978865	5.730058566927799
2.5361439999978863	5.729961830988494
2.536145999997886	5.729864932518188
2.536147999997886	5.729767871699026
2.536149999997886	5.7296706487191065
2.5361519999978857	5.729573263772423
2.5361539999978855	5.729475717058754
2.5361559999978853	5.729378008783869
2.536157999997885	5.729280139159112
2.536159999997885	5.729182108401422
2.536161999997885	5.7290839167334715
2.5361639999978847	5.7289855643835255
2.5361659999978845	5.728887051585373
2.5361679999978843	5.728788378578182
2.536169999997884	5.728689545606648
2.536171999997884	5.728590552920845
2.536173999997884	5.728491400776115
2.5361759999978837	5.728392089433064
2.5361779999978835	5.7282926191575365
2.5361799999978833	5.728192990220478
2.536181999997883	5.728093202897806
2.536183999997883	5.727993257470584
2.536185999997883	5.727893154224789
2.5361879999978827	5.727792893451284
2.5361899999978825	5.727692475445753
2.5361919999978824	5.7275919005086
2.536193999997882	5.727491168944914
2.536195999997882	5.7273902810643635
2.536197999997882	5.727289237179675
2.5361999999978817	5.727188037610963
2.5362019999978815	5.727086682681357
2.5362039999978814	5.726985172718157
2.536205999997881	5.72688350805286
2.536207999997881	5.726781689021097
2.536209999997881	5.726679715962531
2.5362119999978807	5.726577589220739
2.5362139999978806	5.726475309143146
2.5362159999978804	5.726372876085785
2.5362179999978802	5.726270290398067
2.53621999999788	5.726167552439039
2.53622199999788	5.726064662570693
2.5362239999978797	5.725961621158331
2.5362259999978796	5.7258584285705565
2.5362279999978794	5.725755085179182
2.5362299999978792	5.725651591359138
2.536231999997879	5.725547947488379
2.536233999997879	5.725444153947811
2.5362359999978787	5.725340211119702
2.5362379999978786	5.725236119391107
2.5362399999978784	5.725131879152154
2.5362419999978782	5.725027490794661
2.536243999997878	5.724922954713015
2.536245999997878	5.724818271304073
2.5362479999978778	5.724713440967097
2.5362499999978776	5.724608464103682
2.5362519999978774	5.724503341117726
2.5362539999978773	5.72439807241531
2.536255999997877	5.72429265840477
2.536257999997877	5.724187099498057
2.5362599999978768	5.724081396108676
2.5362619999978766	5.7239755486490775
2.5362639999978764	5.723869557535975
2.5362659999978763	5.723763423188047
2.536267999997876	5.72365714602659
2.536269999997876	5.723550726473826
2.536271999997876	5.723444164954398
2.5362739999978756	5.723337461895053
2.5362759999978755	5.723230617724507
2.5362779999978753	5.723123632873527
2.536279999997875	5.723016507774954
2.536281999997875	5.722909242863686
2.536283999997875	5.722801838576714
2.5362859999978746	5.72269429535317
2.5362879999978745	5.722586613634357
2.5362899999978743	5.722478793863804
2.536291999997874	5.72237083648729
2.536293999997874	5.722262741952907
2.536295999997874	5.722154510711125
2.5362979999978736	5.722046143214819
2.5362999999978735	5.721937639919348
2.5363019999978733	5.7218290012826
2.536303999997873	5.721720227765042
2.536305999997873	5.721611319829806
2.536307999997873	5.721502277942314
2.5363099999978727	5.721393102571684
2.5363119999978725	5.72128379418917
2.5363139999978723	5.721174353269066
2.536315999997872	5.721064780288576
2.536317999997872	5.720955075727845
2.536319999997872	5.720845240070061
2.5363219999978717	5.720735273801472
2.5363239999978715	5.720625177411386
2.5363259999978713	5.720514951392226
2.536327999997871	5.720404596239536
2.536329999997871	5.720294112451995
2.536331999997871	5.720183500531434
2.5363339999978707	5.7200727609827915
2.5363359999978705	5.719961894314173
2.5363379999978704	5.719850901036817
2.53633999999787	5.719739781665043
2.53634199999787	5.719628536716219
2.53634399999787	5.7195171667106255
2.5363459999978697	5.719405672171552
2.5363479999978695	5.719294053625278
2.5363499999978694	5.7191823116008
2.536351999997869	5.7190704466298525
2.536353999997869	5.718958459243576
2.536355999997869	5.7188463499834645
2.5363579999978687	5.718734119387282
2.5363599999978685	5.718621767996507
2.5363619999978684	5.718509296354707
2.536363999997868	5.718396705007471
2.536365999997868	5.71828399450222
2.536367999997868	5.7181711653879805
2.5363699999978677	5.718058218215247
2.5363719999978676	5.7179451535358
2.5363739999978674	5.7178319719024975
2.5363759999978672	5.717718673868826
2.536377999997867	5.717605259991731
2.536379999997867	5.717491730823744
2.5363819999978667	5.717378086919941
2.5363839999978666	5.717264328835397
2.5363859999978664	5.7171504571249425
2.5363879999978662	5.717036472341953
2.536389999997866	5.71692237504085
2.536391999997866	5.716808165774496
2.5363939999978657	5.716693845094302
2.5363959999978656	5.7165794135509564
2.5363979999978654	5.716464871693847
2.5363999999978653	5.716350220067243
2.536401999997865	5.716235459215115
2.536403999997865	5.71612058967891
2.5364059999978648	5.716005611997351
2.5364079999978646	5.7158905267061355
2.5364099999978644	5.715775334336695
2.5364119999978643	5.715660035425493
2.536413999997864	5.715544630493318
2.536415999997864	5.715429120050876
2.5364179999978638	5.715313504625523
2.5364199999978636	5.715197784727741
2.5364219999978634	5.715081960865397
2.5364239999978633	5.714966033541501
2.536425999997863	5.714850003253974
2.536427999997863	5.71473387049547
2.536429999997863	5.714617635753151
2.5364319999978626	5.714501299508516
2.5364339999978625	5.71438486223723
2.5364359999978623	5.714268324408943
2.536437999997862	5.714151686487115
2.536439999997862	5.714034948928917
2.536441999997862	5.713918112185057
2.5364439999978616	5.713801176699663
2.5364459999978615	5.7136841429101555
2.5364479999978613	5.713567011247104
2.536449999997861	5.713449782134378
2.536451999997861	5.713332455988426
2.536453999997861	5.713215033219933
2.5364559999978606	5.71309751423532
2.5364579999978605	5.712979899422927
2.5364599999978603	5.712862189172269
2.53646199999786	5.712744383863737
2.53646399999786	5.712626483870338
2.53646599999786	5.712508489557638
2.5364679999978597	5.712390401283724
2.5364699999978595	5.712272219399192
2.5364719999978593	5.7121539442471425
2.536473999997859	5.712035576163136
2.536475999997859	5.71191711547522
2.536477999997859	5.711798562503904
2.5364799999978587	5.711679917562172
2.5364819999978585	5.71156118095552
2.5364839999978583	5.711442352981931
2.536485999997858	5.711323433931881
2.536487999997858	5.71120442408839
2.536489999997858	5.711085323726987
2.5364919999978577	5.7109661331157975
2.5364939999978575	5.7108468525155205
2.5364959999978574	5.710727482179377
2.536497999997857	5.7106080223533136
2.536499999997857	5.71048847327588
2.536501999997857	5.7103688351782695
2.5365039999978567	5.710249108284336
2.5365059999978565	5.710129292810605
2.5365079999978564	5.710009388966279
2.536509999997856	5.709889396953247
2.536511999997856	5.70976931696608
2.536513999997856	5.70964914919204
2.5365159999978557	5.709528893811083
2.5365179999978555	5.709408550995799
2.5365199999978554	5.709288120907611
2.536521999997855	5.709167603709511
2.536523999997855	5.709046999550528
2.536525999997855	5.708926308573684
2.5365279999978547	5.70880553092251
2.5365299999978546	5.708684666718072
2.5365319999978544	5.708563716079811
2.5365339999978542	5.708442679120574
2.536535999997854	5.708321555945514
2.536537999997854	5.708200346652046
2.5365399999978537	5.708079051329749
2.5365419999978536	5.707957670060309
2.5365439999978534	5.707836202917415
2.5365459999978532	5.707714649966699
2.536547999997853	5.707593011265631
2.536549999997853	5.707471286863427
2.5365519999978527	5.7073494768009345
2.5365539999978526	5.707227581110567
2.5365559999978524	5.7071055998161375
2.5365579999978523	5.706983532932808
2.536559999997852	5.706861380466972
2.536561999997852	5.70673914241612
2.5365639999978518	5.706616818768725
2.5365659999978516	5.706494409504138
2.5365679999978514	5.7063719145924745
2.5365699999978513	5.706249333994487
2.536571999997851	5.706126667661417
2.536573999997851	5.706003915534989
2.5365759999978508	5.705881077547332
2.5365779999978506	5.705758153620561
2.5365799999978504	5.7056351436668695
2.5365819999978503	5.705512047588556
2.53658399999785	5.70538886527778
2.53658599999785	5.705265596616455
2.53658799999785	5.705142241476183
2.5365899999978496	5.705018799718167
2.5365919999978495	5.70489527119312
2.5365939999978493	5.704771655741201
2.536595999997849	5.7046479531919285
2.536597999997849	5.704524163364121
2.536599999997849	5.704400286065817
2.5366019999978486	5.704276321094292
2.5366039999978485	5.704152268235955
2.5366059999978483	5.704028127266331
2.536607999997848	5.703903897950013
2.536609999997848	5.703779580040673
2.536611999997848	5.703655173281019
2.5366139999978476	5.703530677402823
2.5366159999978475	5.703406092126899
2.5366179999978473	5.703281417163128
2.536619999997847	5.70315665221049
2.536621999997847	5.703031796957068
2.536623999997847	5.7029068510801135
2.5366259999978467	5.702781814246088
2.5366279999978465	5.702656686110736
2.5366299999978463	5.702531466319067
2.536631999997846	5.702406154505536
2.536633999997846	5.702280750294064
2.536635999997846	5.702155253298147
2.5366379999978457	5.70202966312095
2.5366399999978455	5.701903979355389
2.5366419999978453	5.701778201584291
2.536643999997845	5.701652329380472
2.536645999997845	5.701526362306867
2.536647999997845	5.701400299916669
2.5366499999978447	5.701274141753463
2.5366519999978445	5.701147887351367
2.5366539999978444	5.701021536235183
2.536655999997844	5.700895087920561
2.536657999997844	5.700768541914119
2.536659999997844	5.70064189771361
2.5366619999978437	5.7005151548081185
2.5366639999978435	5.700388312678221
2.5366659999978434	5.700261370796136
2.536667999997843	5.7001343286259
2.536669999997843	5.700007185623552
2.536671999997843	5.699879941237289
2.5366739999978427	5.699752594907662
2.5366759999978425	5.699625146067741
2.5366779999978424	5.699497594143288
2.536679999997842	5.699369938552945
2.536681999997842	5.699242178708387
2.536683999997842	5.699114314014527
2.5366859999978417	5.69898634386965
2.5366879999978416	5.6988582676656145
2.5366899999978414	5.698730084787997
2.5366919999978412	5.698601794609182
2.536693999997841	5.698473396504161
2.536695999997841	5.698344889846257
2.5366979999978407	5.698216273997579
2.5366999999978406	5.698087548314757
2.5367019999978404	5.697958712149099
2.5367039999978402	5.697829764846703
2.53670599999784	5.697700705748622
2.53670799999784	5.697571534190973
2.5367099999978397	5.697442249505073
2.5367119999978396	5.697312851017591
2.5367139999978394	5.697183338050626
2.5367159999978393	5.697053709921849
2.536717999997839	5.6969239659500515
2.536719999997839	5.696794105443252
2.5367219999978388	5.696664127702144
2.5367239999978386	5.696534032027665
2.5367259999978384	5.696403817709169
2.5367279999978383	5.696273484053186
2.536729999997838	5.696143030347242
2.536731999997838	5.696012455873062
2.5367339999978378	5.6958817599126625
2.5367359999978376	5.695750941744512
2.5367379999978374	5.6956200006435695
2.5367399999978373	5.695488935881364
2.536741999997837	5.695357746726047
2.536743999997837	5.695226432442449
2.536745999997837	5.695094992294222
2.5367479999978366	5.694963425535799
2.5367499999978365	5.694831731424303
2.5367519999978363	5.6946999092117645
2.536753999997836	5.694567958147137
2.536755999997836	5.694435877476325
2.536757999997836	5.6943036664422575
2.5367599999978356	5.6941713242849
2.5367619999978355	5.694038850241315
2.5367639999978353	5.693906243545701
2.536765999997835	5.69377350342945
2.536767999997835	5.693640629121167
2.536769999997835	5.693507619846754
2.5367719999978346	5.69337447482945
2.5367739999978345	5.693241193289867
2.5367759999978343	5.693107774446064
2.536777999997834	5.6929742175136155
2.536779999997834	5.692840521705652
2.536781999997834	5.692706686232963
2.5367839999978337	5.692572710304023
2.5367859999978335	5.692438593125119
2.5367879999978333	5.692304333900402
2.536789999997833	5.692169931831988
2.536791999997833	5.69203538612005
2.536793999997833	5.691900695962921
2.5367959999978327	5.691765860557192
2.5367979999978325	5.69163087909784
2.5367999999978323	5.6914957507783415
2.536801999997832	5.691360474790783
2.536803999997832	5.691225050326021
2.536805999997832	5.691089476573813
2.5368079999978317	5.6909537527229705
2.5368099999978315	5.690817877961505
2.5368119999978314	5.690681851476816
2.536813999997831	5.690545672455851
2.536815999997831	5.690409340085256
2.536817999997831	5.690272853551582
2.5368199999978307	5.690136212041486
2.5368219999978305	5.689999414741935
2.5368239999978304	5.689862460840406
2.53682599999783	5.689725349525107
2.53682799999783	5.689588079985217
2.53682999999783	5.6894506514111
2.5368319999978297	5.68931306299453
2.5368339999978295	5.689175313928947
2.5368359999978294	5.6890374034097295
2.536837999997829	5.688899330634427
2.536839999997829	5.688761094803045
2.536841999997829	5.688622695118301
2.5368439999978287	5.688484130785904
2.5368459999978286	5.688345401014823
2.5368479999978284	5.688206505018591
2.5368499999978282	5.68806744201202
2.536851999997828	5.687928211216198
2.536853999997828	5.687788811856081
2.5368559999978277	5.687649243161363
2.5368579999978276	5.687509504366784
2.5368599999978274	5.687369594712418
2.5368619999978272	5.6872295134440165
2.536863999997827	5.6870892598132725
2.536865999997827	5.686948833078174
2.5368679999978268	5.6868082325032825
2.5368699999978266	5.686667457360081
2.5368719999978264	5.68652650692723
2.5368739999978263	5.686385380490902
2.536875999997826	5.6862440773451075
2.536877999997826	5.686102596791993
2.5368799999978258	5.685960938142127
2.5368819999978256	5.685819100714827
2.5368839999978254	5.685677083838449
2.5368859999978253	5.685534886850682
2.536887999997825	5.685392509098831
2.536889999997825	5.685249949940107
2.5368919999978248	5.685107208741923
2.5368939999978246	5.684964284882152
2.5368959999978244	5.68482117774945
2.5368979999978243	5.684677886743425
2.536899999997824	5.684534411274945
2.536901999997824	5.6843907507664015
2.536903999997824	5.684246904651968
2.5369059999978236	5.684102872377833
2.5369079999978235	5.6839586534024145
2.5369099999978233	5.683814247196593
2.536911999997823	5.683669653243923
2.536913999997823	5.683524871040857
2.536915999997823	5.683379900096938
2.5369179999978226	5.683234739935001
2.5369199999978225	5.683089390091346
2.5369219999978223	5.6829438501159295
2.536923999997822	5.6827981195725235
2.536925999997822	5.682652198038895
2.536927999997822	5.682506085106933
2.5369299999978216	5.682359780382791
2.5369319999978215	5.682213283487078
2.5369339999978213	5.682066594054938
2.536935999997821	5.681919711736186
2.536937999997821	5.681772636195411
2.536939999997821	5.681625367112092
2.5369419999978207	5.681477904180699
2.5369439999978205	5.6813302471107665
2.5369459999978203	5.6811823956269984
2.53694799999782	5.6810343494693205
2.53694999999782	5.680886108392974
2.53695199999782	5.6807376721685525
2.5369539999978197	5.680589040582087
2.5369559999978195	5.680440213435063
2.5369579999978193	5.680291190544481
2.536959999997819	5.6801419717429065
2.536961999997819	5.679992556878458
2.536963999997819	5.679842945814898
2.5369659999978187	5.679693138431601
2.5369679999978185	5.679543134623591
2.5369699999978184	5.679392934301533
2.536971999997818	5.679242537391795
2.536973999997818	5.67909194383638
2.536975999997818	5.67894115359191
2.5369779999978177	5.67879016663304
2.5369799999978175	5.678638982948537
2.5369819999978174	5.67848760254304
2.536983999997817	5.6783360254368125
2.536985999997817	5.678184251665712
2.536987999997817	5.678032281281208
2.5369899999978167	5.677880114350366
2.5369919999978165	5.67772775095577
2.5369939999978164	5.677575191196234
2.536995999997816	5.67742243518509
2.536997999997816	5.6772694830513455
2.536999999997816	5.677116334939502
2.5370019999978157	5.676962991009446
2.5370039999978156	5.676809451436477
2.5370059999978154	5.676655716411212
2.5370079999978152	5.676501786139574
2.537009999997815	5.676347660842739
2.537011999997815	5.676193340757129
2.5370139999978147	5.676038826134352
2.5370159999978146	5.675884117241179
2.5370179999978144	5.675729214359533
2.5370199999978142	5.675574117786403
2.537021999997814	5.675418827833818
2.537023999997814	5.675263344828833
2.5370259999978138	5.675107669113506
2.5370279999978136	5.674951801044812
2.5370299999978134	5.674795740994611
2.5370319999978133	5.674639489349673
2.537033999997813	5.674483046511563
2.537035999997813	5.674326412896651
2.5370379999978128	5.674169588936109
2.5370399999978126	5.674012575075777
2.5370419999978124	5.673855371776176
2.5370439999978123	5.673697979512489
2.537045999997812	5.67354039877453
2.537047999997812	5.673382630066678
2.5370499999978118	5.673224673907841
2.5370519999978116	5.673066530831445
2.5370539999978114	5.672908201385373
2.5370559999978113	5.672749686131932
2.537057999997811	5.672590985647812
2.537059999997811	5.672432100524056
2.537061999997811	5.6722730313660366
2.5370639999978106	5.672113778793373
2.5370659999978105	5.671954343439916
2.5370679999978103	5.671794725953694
2.53706999999781	5.671634926996872
2.53707199999781	5.671474947245703
2.53707399999781	5.671314787390499
2.5370759999978096	5.671154448135572
2.5370779999978095	5.670993930198396
2.5370799999978093	5.670833234311322
2.537081999997809	5.670672361220915
2.537083999997809	5.670511311686943
2.537085999997809	5.670350086482889
2.5370879999978087	5.6701886863958935
2.5370899999978085	5.6700271122266965
2.5370919999978083	5.669865364789592
2.537093999997808	5.669703444912318
2.537095999997808	5.669541353436
2.537097999997808	5.669379091215093
2.5370999999978077	5.66921665911726
2.5371019999978075	5.669054058023324
2.5371039999978073	5.668891288827183
2.537105999997807	5.668728352435704
2.537107999997807	5.668565249768663
2.537109999997807	5.668401981758709
2.5371119999978067	5.6682385493510905
2.5371139999978065	5.668074953503534
2.5371159999978063	5.667911195176216
2.537117999997806	5.667747275360162
2.537119999997806	5.667583195052066
2.537121999997806	5.6674189552558065
2.5371239999978057	5.667254556992201
2.5371259999978055	5.667090001293683
2.5371279999978054	5.666925289203035
2.537129999997805	5.666760421774656
2.537131999997805	5.666595400074446
2.537133999997805	5.666430225179679
2.5371359999978047	5.666264898178838
2.5371379999978045	5.666099420171461
2.5371399999978044	5.665933792268016
2.537141999997804	5.665768015589741
2.537143999997804	5.66560209126848
2.537145999997804	5.6654360204465215
2.5371479999978037	5.665269804276468
2.5371499999978036	5.665103443921053
2.5371519999978034	5.664936940552981
2.537153999997803	5.664770295354746
2.537155999997803	5.664603509518471
2.537157999997803	5.664436584245745
2.5371599999978027	5.664269520747448
2.5371619999978026	5.664102320243564
2.5371639999978024	5.663934983963013
2.5371659999978022	5.663767513143462
2.537167999997802	5.663599909031179
2.537169999997802	5.663432172880804
2.5371719999978017	5.663264305955213
2.5371739999978016	5.663096309525316
2.5371759999978014	5.662928184869889
2.5371779999978012	5.6627599332753755
2.537179999997801	5.662591556035728
2.537181999997801	5.662423054452215
2.5371839999978008	5.662254429833215
2.5371859999978006	5.662085683494056
2.5371879999978004	5.661916816756866
2.5371899999978003	5.661747830950349
2.5371919999978	5.661578727409625
2.5371939999978	5.661409507476047
2.5371959999977998	5.661240172497029
2.5371979999977996	5.661070723825874
2.5371999999977994	5.660901162821579
2.5372019999977993	5.660731490848681
2.537203999997799	5.660561709277056
2.537205999997799	5.660391819481778
2.537207999997799	5.660221822842933
2.5372099999977986	5.6600517207454475
2.5372119999977985	5.659881514578933
2.5372139999977983	5.659711205737499
2.537215999997798	5.659540795619609
2.537217999997798	5.659370285627891
2.537219999997798	5.659199677169003
2.5372219999977976	5.659028971653438
2.5372239999977975	5.658858170495407
2.5372259999977973	5.6586872751126345
2.537227999997797	5.658516286926215
2.537229999997797	5.658345207360475
2.537231999997797	5.658174037842825
2.5372339999977966	5.658002779803568
2.5372359999977965	5.657831434675775
2.5372379999977963	5.657660003895115
2.537239999997796	5.657488488899715
2.537241999997796	5.657316891130011
2.537243999997796	5.6571452120286025
2.5372459999977957	5.656973453049718
2.5372479999977955	5.656801615629736
2.5372499999977953	5.656629701218245
2.537251999997795	5.656457711263868
2.537253999997795	5.656285647217865
2.537255999997795	5.656113510532771
2.5372579999977947	5.655941302662273
2.5372599999977945	5.65576902506108
2.5372619999977943	5.655596679184779
2.537263999997794	5.655424266489714
2.537265999997794	5.655251788432832
2.537267999997794	5.655079246471562
2.5372699999977937	5.654906642063678
2.5372719999977935	5.654733976667169
2.5372739999977934	5.654561251740102
2.537275999997793	5.654388468740503
2.537277999997793	5.654215629126217
2.537279999997793	5.654042734354794
2.5372819999977927	5.653869785883357
2.5372839999977925	5.6536967851684645
2.5372859999977924	5.653523733666014
2.537287999997792	5.653350632831111
2.537289999997792	5.653177484117955
2.537291999997792	5.653004288979714
2.5372939999977917	5.6528310488684
2.5372959999977915	5.652657765234774
2.5372979999977914	5.652484439528216
2.537299999997791	5.65231107319658
2.537301999997791	5.652137667686194
2.537303999997791	5.651964224441686
2.5373059999977907	5.651790744905882
2.5373079999977906	5.651617230519667
2.5373099999977904	5.651443682721927
2.5373119999977902	5.651270102949431
2.53731399999779	5.651096492636749
2.53731599999779	5.650922853216176
2.5373179999977897	5.650749186117632
2.5373199999977896	5.650575492768558
2.5373219999977894	5.650401774593823
2.5373239999977892	5.6502280330156625
2.537325999997789	5.650054269453579
2.537327999997789	5.649880485324284
2.5373299999977887	5.649706682041594
2.5373319999977886	5.649532861016398
2.5373339999977884	5.6493590236565705
2.5373359999977882	5.649185171365639
2.537337999997788	5.649011305545994
2.537339999997788	5.648837427596554
2.5373419999977878	5.64866353891249
2.5373439999977876	5.6484896408856695
2.5373459999977874	5.648315734904574
2.5373479999977873	5.6481418223542805
2.537349999997787	5.647967904616403
2.537351999997787	5.647793983069046
2.5373539999977868	5.647620059086791
2.5373559999977866	5.647446134040646
2.5373579999977864	5.647272209298013
2.5373599999977863	5.647098286222671
2.537361999997786	5.646924366174739
2.537363999997786	5.646750450510669
2.537365999997786	5.646576540583231
2.5373679999977856	5.646402637741479
2.5373699999977855	5.646228743331848
2.5373719999977853	5.6460548586944785
2.537373999997785	5.645880985167659
2.537375999997785	5.645707124085542
2.537377999997785	5.645533276778553
2.5373799999977846	5.645359444573409
2.5373819999977845	5.645185628793103
2.5373839999977843	5.645011830756924
2.537385999997784	5.644838051780494
2.537387999997784	5.644664293175758
2.537389999997784	5.644490556251013
2.5373919999977836	5.644316842310947
2.5373939999977835	5.644143152656646
2.5373959999977833	5.643969488585635
2.537397999997783	5.6437958513919
2.537399999997783	5.643622242365942
2.537401999997783	5.643448662794812
2.5374039999977827	5.643275113962261
2.5374059999977825	5.643101597148422
2.5374079999977823	5.642928113630213
2.537409999997782	5.642754664681314
2.537411999997782	5.642581251572143
2.537413999997782	5.642407875569981
2.5374159999977817	5.642234537938972
2.5374179999977815	5.642061239940214
2.5374199999977813	5.6418879828318085
2.537421999997781	5.641714767868922
2.537423999997781	5.6415415963038775
2.537425999997781	5.641368469386183
2.5374279999977807	5.641195388362635
2.5374299999977805	5.641022354477351
2.5374319999977804	5.640849368971863
2.53743399999778	5.6406764330852095
2.53743599999778	5.640503548053974
2.53743799999778	5.640330715112391
2.5374399999977797	5.640157935492412
2.5374419999977795	5.639985210423788
2.5374439999977794	5.639812541134155
2.537445999997779	5.639639928849092
2.537447999997779	5.639467374792242
2.537449999997779	5.639294880185386
2.5374519999977787	5.6391224462484955
2.5374539999977785	5.638950074199859
2.5374559999977784	5.638777765256161
2.537457999997778	5.638605520632522
2.537459999997778	5.638433341542648
2.537461999997778	5.638261229198886
2.5374639999977777	5.638089184812309
2.5374659999977776	5.6379172095928185
2.5374679999977774	5.637745304749234
2.5374699999977772	5.637573471489363
2.537471999997777	5.637401711020101
2.537473999997777	5.637230024548393
2.5374759999977767	5.637058413278606
2.5374779999977766	5.636886878415439
2.5374799999977764	5.636715421162994
2.5374819999977762	5.636544042724888
2.537483999997776	5.636372744304303
2.537485999997776	5.636201527104153
2.5374879999977757	5.636030392327139
2.5374899999977756	5.6358593411758005
2.5374919999977754	5.635688374852649
2.5374939999977753	5.635517494560129
2.537495999997775	5.6353467015007785
2.537497999997775	5.6351759968773445
2.5374999999977748	5.635005381892807
2.5375019999977746	5.63483485775043
2.5375039999977744	5.634664425654327
2.5375059999977743	5.6344940868090205
2.537507999997774	5.6343238424185795
2.537509999997774	5.634153693688384
2.5375119999977738	5.633983641825932
2.5375139999977736	5.633813688038274
2.5375159999977734	5.63364383353177
2.5375179999977733	5.633474079514952
2.537519999997773	5.633304427197326
2.537521999997773	5.633134877789434
2.537523999997773	5.63296543250291
2.5375259999977726	5.632796092550556
2.5375279999977725	5.632626859146392
2.5375299999977723	5.632457733505705
2.537531999997772	5.632288716845112
2.537533999997772	5.63211981038261
2.537535999997772	5.631951015337649
2.5375379999977716	5.63178233293118
2.5375399999977715	5.631613764385668
2.5375419999977713	5.631445310925204
2.537543999997771	5.631276973775519
2.537545999997771	5.631108754164031
2.537547999997771	5.630940653319863
2.5375499999977706	5.6307726724739355
2.5375519999977705	5.630604812858975
2.5375539999977703	5.630437075709561
2.53755599999777	5.630269462262127
2.53755799999777	5.63010197375503
2.53755999999777	5.629934611428557
2.5375619999977697	5.629767376524961
2.5375639999977695	5.629600270288447
2.5375659999977693	5.629433293965241
2.537567999997769	5.629266448803614
2.537569999997769	5.62909973605383
2.537571999997769	5.628933156968143
2.5375739999977687	5.628766712800861
2.5375759999977685	5.628600404799252
2.5375779999977683	5.6284342342302995
2.537579999997768	5.628268202354296
2.537581999997768	5.6281023104478445
2.537583999997768	5.6279365597635325
2.5375859999977677	5.627770951565308
2.5375879999977675	5.6276054871211265
2.5375899999977674	5.627440167700785
2.537591999997767	5.627274994569938
2.537593999997767	5.627109969001831
2.537595999997767	5.6269450922778015
2.5375979999977667	5.626780365673749
2.5375999999977665	5.626615790467243
2.5376019999977664	5.6264513679376424
2.537603999997766	5.626287099365605
2.537605999997766	5.6261229860329935
2.537607999997766	5.62595902922275
2.5376099999977657	5.625795230204628
2.5376119999977655	5.625631590277985
2.5376139999977654	5.625468110727925
2.537615999997765	5.625304792854215
2.537617999997765	5.625141637930071
2.537619999997765	5.6249786472419965
2.5376219999977647	5.624815822076608
2.5376239999977646	5.6246531637204
2.5376259999977644	5.624490673459556
2.5376279999977642	5.624328352573902
2.537629999997764	5.624166202353123
2.537631999997764	5.624004224082064
2.5376339999977637	5.623842419043749
2.5376359999977636	5.623680788519848
2.5376379999977634	5.623519333790469
2.5376399999977632	5.623358056133889
2.537641999997763	5.623196956826339
2.537643999997763	5.623036037141768
2.5376459999977627	5.622875298351557
2.5376479999977626	5.622714741724292
2.5376499999977624	5.622554368525506
2.5376519999977623	5.62239418001742
2.537653999997762	5.622234177458655
2.537655999997762	5.622074362103986
2.5376579999977618	5.621914735204056
2.5376599999977616	5.621755298005117
2.5376619999977614	5.621596051748733
2.5376639999977613	5.621436997671537
2.537665999997761	5.62127813700495
2.537667999997761	5.621119470974877
2.5376699999977608	5.620961000790562
2.5376719999977606	5.620802727676466
2.5376739999977604	5.620644652841396
2.5376759999977603	5.620486777486562
2.53767799999776	5.620329102808388
2.53767999999776	5.62017162999371
2.53768199999776	5.620014360220684
2.5376839999977596	5.619857294661675
2.5376859999977595	5.61970043448115
2.5376879999977593	5.619543780835487
2.537689999997759	5.619387334872724
2.537691999997759	5.619231097732309
2.537693999997759	5.619075070544885
2.5376959999977586	5.618919254432046
2.5376979999977585	5.618763650506167
2.5376999999977583	5.618608259870136
2.537701999997758	5.6184530836171795
2.537703999997758	5.618298122830666
2.537705999997758	5.618143378583891
2.5377079999977576	5.617988851939919
2.5377099999977575	5.617834543951378
2.5377119999977573	5.617680455660335
2.537713999997757	5.617526588098074
2.537715999997757	5.6173729422850185
2.537717999997757	5.617219519230405
2.5377199999977567	5.6170663199322926
2.5377219999977565	5.6169133453774265
2.5377239999977563	5.616760596541012
2.537725999997756	5.616608074386555
2.537727999997756	5.616455779866
2.537729999997756	5.616303713919292
2.5377319999977557	5.616151877474425
2.5377339999977555	5.616000271447321
2.5377359999977553	5.615848896741771
2.537737999997755	5.615697754249135
2.537739999997755	5.6155468448484545
2.537741999997755	5.615396169406331
2.5377439999977547	5.6152457287767845
2.5377459999977545	5.615095523801199
2.5377479999977544	5.614945555308253
2.537749999997754	5.614795824113845
2.537751999997754	5.6146463310210315
2.537753999997754	5.6144970768199265
2.5377559999977537	5.6143480622876565
2.5377579999977535	5.614199288188311
2.5377599999977534	5.614050755272903
2.537761999997753	5.613902464279252
2.537763999997753	5.613754415931976
2.537765999997753	5.613606610942459
2.5377679999977527	5.613459050008768
2.5377699999977525	5.613311733827679
2.5377719999977524	5.613164663058051
2.537773999997752	5.613017838357834
2.537775999997752	5.612871260371492
2.537777999997752	5.612724929730014
2.5377799999977517	5.612578847050893
2.5377819999977516	5.612433012938078
2.5377839999977514	5.612287427981989
2.5377859999977512	5.612142092759456
2.537787999997751	5.611997007833743
2.537789999997751	5.611852173754544
2.5377919999977507	5.611707591057946
2.5377939999977506	5.611563260266455
2.5377959999977504	5.611419181889017
2.5377979999977502	5.611275356420984
2.53779999999775	5.611131784344171
2.53780199999775	5.610988466126847
2.5378039999977497	5.610845402223778
2.5378059999977496	5.610702593076244
2.5378079999977494	5.610560039112089
2.5378099999977493	5.610417740745746
2.537811999997749	5.610275698378285
2.537813999997749	5.610133912397471
2.5378159999977488	5.60999238317783
2.5378179999977486	5.609851111080687
2.5378199999977484	5.609710096454218
2.5378219999977483	5.6095693396335555
2.537823999997748	5.609428840940861
2.537825999997748	5.609288600685386
2.5378279999977478	5.609148619163577
2.5378299999977476	5.609008896659152
2.5378319999977474	5.608869433443187
2.5378339999977473	5.608730229774223
2.537835999997747	5.6085912858983615
2.537837999997747	5.608452602049359
2.537839999997747	5.608314178448753
2.5378419999977466	5.608176015305937
2.5378439999977465	5.608038112818293
2.5378459999977463	5.607900471171285
2.537847999997746	5.607763090538566
2.537849999997746	5.607625971082103
2.537851999997746	5.607489112952278
2.5378539999977456	5.607352516287991
2.5378559999977455	5.607216181216777
2.5378579999977453	5.6070801078549
2.537859999997745	5.606944296307475
2.537861999997745	5.606808746668535
2.537863999997745	5.606673459021153
2.5378659999977446	5.606538433437522
2.5378679999977445	5.606403669979043
2.5378699999977443	5.606269168696429
2.537871999997744	5.606134929629759
2.537873999997744	5.606000952808575
2.537875999997744	5.605867238251945
2.5378779999977437	5.6057337859684955
2.5378799999977435	5.605600595956493
2.5378819999977433	5.605467668203902
2.537883999997743	5.605335002688436
2.537885999997743	5.605202599377572
2.537887999997743	5.605070458228602
2.5378899999977427	5.604938579188656
2.5378919999977425	5.604806962194727
2.5378939999977423	5.604675607173685
2.537895999997742	5.604544514042268
2.537897999997742	5.6044136827071265
2.537899999997742	5.604283113064805
2.5379019999977417	5.6041528050017275
2.5379039999977415	5.604022758394204
2.5379059999977414	5.603892973108412
2.537907999997741	5.603763449000393
2.537909999997741	5.603634185916014
2.537911999997741	5.603505183690964
2.5379139999977407	5.603376442150737
2.5379159999977405	5.603247961110607
2.5379179999977404	5.60311974037559
2.53791999999774	5.60299177974045
2.53792199999774	5.602864078989649
2.53792399999774	5.6027366378973555
2.5379259999977397	5.602609456227405
2.5379279999977395	5.602482533733311
2.5379299999977394	5.602355870158218
2.537931999997739	5.602229465234925
2.537933999997739	5.602103318685868
2.537935999997739	5.601977430223148
2.5379379999977387	5.601851799548498
2.5379399999977386	5.601726426353322
2.5379419999977384	5.601601310318709
2.5379439999977382	5.601476451115759
2.537945999997738	5.601351848405328
2.537947999997738	5.601227501837144
2.5379499999977377	5.601103411051371
2.5379519999977376	5.600979575678043
2.5379539999977374	5.600855995337161
2.5379559999977372	5.600732669638736
2.537957999997737	5.600609598182878
2.537959999997737	5.6004867805598675
2.5379619999977368	5.600364216350275
2.5379639999977366	5.600241905125047
2.5379659999977364	5.600119846445601
2.5379679999977363	5.5999980398639515
2.537969999997736	5.599876484922816
2.537971999997736	5.59975518115575
2.5379739999977358	5.599634128087285
2.5379759999977356	5.599513325233034
2.5379779999977354	5.5993927720998755
2.5379799999977353	5.599272468191734
2.537981999997735	5.5991524129922166
2.537983999997735	5.599032605983134
2.5379859999977348	5.598913046637842
2.5379879999977346	5.598793734421688
2.5379899999977344	5.598674668792166
2.5379919999977343	5.598555849199098
2.537993999997734	5.5984372750847795
2.537995999997734	5.598318945884136
2.537997999997734	5.598200861024903
2.5379999999977336	5.598083019927774
2.5380019999977335	5.597965422006551
2.5380039999977333	5.597848066668309
2.538005999997733	5.597730953313551
2.538007999997733	5.5976140813363715
2.538009999997733	5.597497450124598
2.5380119999977326	5.597381059059934
2.5380139999977325	5.597264907518124
2.5380159999977323	5.597148994869077
2.538017999997732	5.597033320477019
2.538019999997732	5.596917883700626
2.538021999997732	5.596802683893158
2.5380239999977317	5.596687720402595
2.5380259999977315	5.59657299257175
2.5380279999977313	5.596458499738418
2.538029999997731	5.596344241235491
2.538031999997731	5.596230216391068
2.538033999997731	5.596116424528588
2.5380359999977307	5.596002864966947
2.5380379999977305	5.595889537020585
2.5380399999977303	5.595776439999637
2.53804199999773	5.595663573210037
2.53804399999773	5.595550935953611
2.53804599999773	5.595438527523131
2.5380479999977297	5.595326347222393
2.5380499999977295	5.595214394337342
2.5380519999977293	5.5951026681545555
2.538053999997729	5.5949911679570725
2.538055999997729	5.59487989302451
2.538057999997729	5.594768842633183
2.5380599999977287	5.594658016056232
2.5380619999977285	5.594547412563724
2.5380639999977284	5.594437031422776
2.538065999997728	5.594326871897685
2.538067999997728	5.594216933250058
2.538069999997728	5.594107214738936
2.5380719999977277	5.593997715620906
2.5380739999977275	5.593888435150244
2.5380759999977274	5.593779372579069
2.538077999997727	5.593670527157463
2.538079999997727	5.5935618981336015
2.538081999997727	5.5934534847539235
2.5380839999977267	5.593345286263238
2.5380859999977265	5.593237301904909
2.5380879999977264	5.593129530922661
2.538089999997726	5.593021972556128
2.538091999997726	5.592914626044637
2.538093999997726	5.592807490627121
2.5380959999977257	5.592700565541802
2.5380979999977256	5.592593850026317
2.5380999999977254	5.592487343317872
2.5381019999977252	5.592381044653381
2.538103999997725	5.592274953269589
2.538105999997725	5.59216906840324
2.5381079999977247	5.592063389291206
2.5381099999977246	5.591957915170603
2.5381119999977244	5.591852645278997
2.5381139999977242	5.591747578854435
2.538115999997724	5.591642715135632
2.538117999997724	5.591538053362051
2.5381199999977238	5.5914335927740275
2.5381219999977236	5.591329332612888
2.5381239999977234	5.591225272121049
2.5381259999977233	5.591121410542114
2.538127999997723	5.5910177471209455
2.538129999997723	5.590914281103763
2.5381319999977228	5.590811011738228
2.5381339999977226	5.59070793827349
2.5381359999977224	5.590605059960265
2.5381379999977223	5.590502376050885
2.538139999997722	5.590399885799347
2.538141999997722	5.590297588461339
2.538143999997722	5.5901954832943
2.5381459999977216	5.590093569557428
2.5381479999977214	5.589991846511715
2.5381499999977213	5.589890313419954
2.538151999997721	5.589788969546718
2.538153999997721	5.589687814158424
2.538155999997721	5.589586846523291
2.5381579999977206	5.589486065911324
2.5381599999977205	5.589385471594295
2.5381619999977203	5.589285062845744
2.53816399999772	5.589184838940937
2.53816599999772	5.58908479915686
2.53816799999772	5.5889849427721625
2.5381699999977196	5.588885269067137
2.5381719999977195	5.588785777323675
2.5381739999977193	5.588686466825238
2.538175999997719	5.588587336856809
2.538177999997719	5.588488386704826
2.538179999997719	5.588389615657185
2.5381819999977187	5.588291023003158
2.5381839999977185	5.588192608033379
2.5381859999977183	5.588094370039778
2.538187999997718	5.5879963083155575
2.538189999997718	5.587898422155142
2.538191999997718	5.58780071085414
2.5381939999977177	5.58770317370931
2.5381959999977175	5.587605810018533
2.5381979999977173	5.587508619080786
2.538199999997717	5.5874116001960985
2.538201999997717	5.58731475266556
2.538203999997717	5.587218075791265
2.5382059999977167	5.5871215688763325
2.5382079999977165	5.587025231224907
2.5382099999977163	5.58692906214212
2.538211999997716	5.586833060934089
2.538213999997716	5.586737226907965
2.538215999997716	5.5866415593719
2.5382179999977157	5.586546057635122
2.5382199999977155	5.586450721007914
2.5382219999977154	5.586355548801668
2.538223999997715	5.586260540328907
2.538225999997715	5.586165694903347
2.538227999997715	5.586071011839925
2.5382299999977147	5.58597649045486
2.5382319999977145	5.5858821300657455
2.5382339999977144	5.585787929991566
2.538235999997714	5.585693889552803
2.538237999997714	5.585600008071498
2.538239999997714	5.585506284871347
2.5382419999977137	5.585412719277781
2.5382439999977136	5.585319310618072
2.5382459999977134	5.585226058221421
2.5382479999977132	5.585132961419068
2.538249999997713	5.585040019544384
2.538251999997713	5.584947231933026
2.5382539999977127	5.584854597924558
2.5382559999977126	5.584762116854452
2.5382579999977124	5.584669788069398
2.5382599999977122	5.584577610915257
2.538261999997712	5.584485584740788
2.538263999997712	5.584393708897764
2.5382659999977117	5.584301982741145
2.5382679999977116	5.584210405629148
2.5382699999977114	5.58411897692336
2.5382719999977112	5.584027695988982
2.538273999997711	5.583936562194908
2.538275999997711	5.583845574913877
2.5382779999977108	5.583754733522633
2.5382799999977106	5.583664037402015
2.5382819999977104	5.583573485937126
2.5382839999977103	5.583483078517466
2.53828599999771	5.5833928145370715
2.53828799999771	5.583302693394658
2.5382899999977098	5.583212714493738
2.5382919999977096	5.5831228772427615
2.5382939999977094	5.583033181055239
2.5382959999977093	5.582943625349851
2.538297999997709	5.5828542095506055
2.538299999997709	5.582764933086904
2.538301999997709	5.582675795393709
2.5383039999977086	5.582586795911617
2.5383059999977085	5.582497934086984
2.5383079999977083	5.582409209372002
2.538309999997708	5.582320621224816
2.538311999997708	5.582232169109635
2.538313999997708	5.582143852496719
2.5383159999977076	5.582055670862661
2.5383179999977075	5.581967623690746
2.5383199999977073	5.581879710469691
2.538321999997707	5.581791930695249
2.538323999997707	5.581704283869532
2.538325999997707	5.581616769501222
2.5383279999977066	5.581529387105593
2.5383299999977065	5.581442136204592
2.5383319999977063	5.581355016326861
2.538333999997706	5.581268027007789
2.538335999997706	5.5811811677895475
2.538337999997706	5.5810944382211165
2.5383399999977057	5.581007837858262
2.5383419999977055	5.58092136626368
2.5383439999977053	5.5808350230070065
2.538345999997705	5.580748807664714
2.538347999997705	5.58066271982021
2.538349999997705	5.580576759063832
2.5383519999977047	5.5804909249928505
2.5383539999977045	5.580405217211485
2.5383559999977043	5.5803196353309135
2.538357999997704	5.580234178969257
2.538359999997704	5.5801488477516115
2.538361999997704	5.580063641310012
2.5383639999977037	5.579978559283438
2.5383659999977035	5.57989360131783
2.5383679999977034	5.579808767066079
2.538369999997703	5.579724056188003
2.538371999997703	5.579639468350365
2.538373999997703	5.579555003226808
2.5383759999977027	5.579470660497878
2.5383779999977025	5.579386439851017
2.5383799999977024	5.57930234098056
2.538381999997702	5.579218363587706
2.538383999997702	5.579134507380478
2.538385999997702	5.579050772073749
2.5383879999977017	5.578967157389192
2.5383899999977015	5.578883663055256
2.5383919999977014	5.578800288807156
2.538393999997701	5.578717034386842
2.538395999997701	5.578633899543021
2.538397999997701	5.578550884031021
2.5383999999977007	5.578467987612729
2.5384019999977006	5.578385210056673
2.5384039999977004	5.578302551137929
2.5384059999977002	5.578220010637788
2.5384079999977	5.578137588345248
2.5384099999977	5.578055284053798
2.5384119999976997	5.577973097564139
2.5384139999976996	5.577891028683191
2.5384159999976994	5.577809077224021
2.5384179999976992	5.577727243005773
2.538419999997699	5.57764552585353
2.538421999997699	5.577563925598267
2.5384239999976987	5.577482442076722
2.5384259999976986	5.5774010751312595
2.5384279999976984	5.577319824609752
2.5384299999976982	5.577238690365446
2.538431999997698	5.57715767225684
2.538433999997698	5.577076770147503
2.5384359999976978	5.576995983905935
2.5384379999976976	5.576915313405369
2.5384399999976974	5.576834758523613
2.5384419999976973	5.576754319142851
2.538443999997697	5.576673995149463
2.538445999997697	5.576593786433802
2.5384479999976968	5.576513692890004
2.5384499999976966	5.576433714415744
2.5384519999976964	5.576353850912032
2.5384539999976963	5.576274102282972
2.538455999997696	5.5761944684378655
2.538457999997696	5.576114949285014
2.538459999997696	5.576035544735055
2.5384619999976956	5.575956254702003
2.5384639999976955	5.575877079101707
2.5384659999976953	5.575798017851593
2.538467999997695	5.575719070870402
2.538469999997695	5.575640238077926
2.538471999997695	5.575561519394761
2.5384739999976946	5.575482914741846
2.5384759999976945	5.5754044240399665
2.5384779999976943	5.575326047211268
2.538479999997694	5.575247784176871
2.538481999997694	5.575169634857377
2.538483999997694	5.57509159917266
2.5384859999976936	5.5750136770415635
2.5384879999976935	5.574935868381726
2.5384899999976933	5.574858173109309
2.538491999997693	5.574780591138816
2.538493999997693	5.574703122382844
2.538495999997693	5.574625766751868
2.5384979999976927	5.574548524154135
2.5384999999976925	5.574471394495466
2.5385019999976923	5.57439437767902
2.538503999997692	5.574317473605196
2.538505999997692	5.5742406821714825
2.538507999997692	5.57416400327233
2.5385099999976917	5.574087436799045
2.5385119999976915	5.5740109826397015
2.5385139999976913	5.57393464067902
2.538515999997691	5.5738584107983575
2.538517999997691	5.573782292875605
2.538519999997691	5.573706286785181
2.5385219999976907	5.5736303923980035
2.5385239999976905	5.573554609581468
2.5385259999976904	5.573478938199473
2.53852799999769	5.57340337811243
2.53852999999769	5.573327929177313
2.53853199999769	5.573252591247714
2.5385339999976897	5.573177364173886
2.5385359999976895	5.573102247802851
2.5385379999976894	5.573027241978458
2.538539999997689	5.572952346541524
2.538541999997689	5.57287756132994
2.538543999997689	5.572802886178799
2.5385459999976887	5.572728320920492
2.5385479999976885	5.572653865384932
2.5385499999976884	5.572579519399676
2.538551999997688	5.572505282790086
2.538553999997688	5.572431155379542
2.538555999997688	5.572357136989621
2.5385579999976877	5.572283227440276
2.5385599999976876	5.5722094265500415
2.5385619999976874	5.572135734136238
2.5385639999976872	5.572062150015203
2.538565999997687	5.571988674006558
2.538567999997687	5.571915305924321
2.5385699999976867	5.571842045580315
2.5385719999976866	5.571768892789072
2.5385739999976864	5.571695847362461
2.5385759999976862	5.571622909116222
2.538577999997686	5.571550077868111
2.538579999997686	5.57147735343472
2.5385819999976857	5.57140473563364
2.5385839999976856	5.57133222428384
2.5385859999976854	5.5712598192058875
2.5385879999976853	5.571187520222167
2.538589999997685	5.571115327157098
2.538591999997685	5.57104323983743
2.5385939999976848	5.570971258092426
2.5385959999976846	5.570899381754167
2.5385979999976844	5.570827610657715
2.5385999999976843	5.570755944641408
2.538601999997684	5.5706843835470625
2.538603999997684	5.570612927220225
2.5386059999976838	5.570541575510394
2.5386079999976836	5.570470328271251
2.5386099999976834	5.5703991853608885
2.5386119999976833	5.570328146642032
2.538613999997683	5.57025721198226
2.538615999997683	5.57018638125424
2.538617999997683	5.5701156543359165
2.5386199999976826	5.570045031110744
2.5386219999976825	5.569974511467905
2.5386239999976823	5.569904095302505
2.538625999997682	5.5698337825157855
2.538627999997682	5.56976357301531
2.538629999997682	5.56969346671518
2.5386319999976816	5.569623463536177
2.5386339999976815	5.569553563406029
2.5386359999976813	5.569483766259648
2.538637999997681	5.569414072039134
2.538639999997681	5.569344480694071
2.538641999997681	5.569274992181671
2.5386439999976806	5.56920560646694
2.5386459999976805	5.569136323522461
2.5386479999976803	5.5690671433300825
2.53864999999768	5.568998065878321
2.53865199999768	5.568929091164933
2.53865399999768	5.5688602191961785
2.5386559999976797	5.56879144998696
2.5386579999976795	5.568722783560968
2.5386599999976793	5.568654219950744
2.538661999997679	5.568585759197814
2.538663999997679	5.5685174013527625
2.538665999997679	5.568449146475306
2.5386679999976787	5.568380994634372
2.5386699999976785	5.568312945908143
2.5386719999976783	5.568245000384127
2.538673999997678	5.568177158159144
2.538675999997678	5.568109419334393
2.538677999997678	5.568041784028139
2.5386799999976777	5.567974252367318
2.5386819999976775	5.567906824486118
2.5386839999976774	5.567839500527983
2.538685999997677	5.567772280645595
2.538687999997677	5.567705165000748
2.538689999997677	5.567638153764294
2.5386919999976767	5.5675712471180505
2.5386939999976765	5.56750444524952
2.5386959999976764	5.567437748355639
2.538697999997676	5.567371156642147
2.538699999997676	5.567304670323182
2.538701999997676	5.567238289620988
2.5387039999976757	5.567172014765755
2.5387059999976755	5.567105845995388
2.5387079999976754	5.567039783555231
2.538709999997675	5.566973827697824
2.538711999997675	5.566907978682602
2.538713999997675	5.566842236775573
2.5387159999976747	5.5667766022490115
2.5387179999976746	5.566711075381128
2.5387199999976744	5.566645656455679
2.5387219999976742	5.566580345761632
2.538723999997674	5.566515143592762
2.538725999997674	5.566450050247259
2.5387279999976737	5.5663850660272844
2.5387299999976736	5.566320191238566
2.5387319999976734	5.56625542619236
2.5387339999976732	5.56619077120204
2.538735999997673	5.566126226576792
2.538737999997673	5.566061792632034
2.5387399999976727	5.565997469684387
2.5387419999976726	5.56593325805119
2.5387439999976724	5.565869158049979
2.5387459999976723	5.5658051699954205
2.538747999997672	5.565741294204827
2.538749999997672	5.565677530995119
2.5387519999976718	5.565613880679409
2.5387539999976716	5.565550343567573
2.5387559999976714	5.565486919968848
2.5387579999976713	5.565423610187917
2.538759999997671	5.56536041452556
2.538761999997671	5.5652973332781555
2.5387639999976708	5.565234366737204
2.5387659999976706	5.565171515188789
2.5387679999976704	5.56510877891312
2.5387699999976703	5.5650461581840815
2.53877199999767	5.564983653268728
2.53877399999767	5.564921264426876
2.53877599999767	5.564858991910657
2.5387779999976696	5.564796835964112
2.5387799999976695	5.564734796822794
2.5387819999976693	5.564672874713327
2.538783999997669	5.5646110698531706
2.538785999997669	5.564549382450228
2.538787999997669	5.564487812702487
2.5387899999976686	5.5644263607977535
2.5387919999976685	5.564365026913396
2.5387939999976683	5.564303811216065
2.538795999997668	5.5642427138614865
2.538797999997668	5.5641817349942855
2.538799999997668	5.5641208747477995
2.5388019999976676	5.564060133243939
2.5388039999976675	5.5639995105930655
2.5388059999976673	5.563939006893913
2.538807999997667	5.5638786222335135
2.538809999997667	5.563818356687172
2.538811999997667	5.563758210318464
2.5388139999976667	5.563698183179199
2.5388159999976665	5.563638275309567
2.5388179999976663	5.563578486735999
2.538819999997666	5.563518817473378
2.538821999997666	5.56345926753139
2.538823999997666	5.56339983690455
2.5388259999976657	5.563340525576319
2.5388279999976655	5.563281333519307
2.5388299999976653	5.563222260695497
2.538831999997665	5.563163307056474
2.538833999997665	5.563104472543714
2.538835999997665	5.5630457570888545
2.5388379999976647	5.562987160614008
2.5388399999976645	5.562928683031986
2.5388419999976644	5.562870324246735
2.538843999997664	5.5628120841536335
2.538845999997664	5.562753962639863
2.538847999997664	5.562695959584759
2.5388499999976637	5.562638074860183
2.5388519999976635	5.562580308330921
2.5388539999976634	5.562522659855045
2.538855999997663	5.562465129284334
2.538857999997663	5.562407716464631
2.538859999997663	5.562350421236315
2.5388619999976627	5.562293243434546
2.5388639999976625	5.562236182889775
2.5388659999976624	5.562179239428083
2.538867999997662	5.562122412871592
2.538869999997662	5.5620657030388
2.538871999997662	5.562009109744958
2.5388739999976617	5.561952632802416
2.5388759999976616	5.561896272020971
2.5388779999976614	5.561840027208176
2.5388799999976612	5.561783898169662
2.538881999997661	5.561727884709436
2.538883999997661	5.561671986630198
2.5388859999976607	5.561616203733499
2.5388879999976606	5.561560535819982
2.5388899999976604	5.561504982689719
2.5388919999976602	5.561449544142337
2.53889399999766	5.5613942199772195
2.53889599999766	5.561339009993654
2.5388979999976597	5.56128391399096
2.5388999999976596	5.561228931767554
2.5389019999976594	5.561174063125076
2.5389039999976593	5.561119307861864
2.538905999997659	5.561064665778934
2.538907999997659	5.561010136677294
2.5389099999976588	5.560955720358107
2.5389119999976586	5.560901416622889
2.5389139999976584	5.560847225273491
2.5389159999976583	5.560793146112031
2.538917999997658	5.560739178940816
2.538919999997658	5.560685323562255
2.5389219999976578	5.5606315797787085
2.5389239999976576	5.560577947392392
2.5389259999976574	5.560524426205227
2.5389279999976573	5.560471016018664
2.538929999997657	5.560417716633529
2.538931999997657	5.56036452784982
2.538933999997657	5.560311449466527
2.5389359999976566	5.5602584812814255
2.5389379999976565	5.560205623090864
2.5389399999976563	5.56015287468955
2.538941999997656	5.560100235870329
2.538943999997656	5.56004770643285
2.538945999997656	5.559995286166326
2.5389479999976556	5.559942974847569
2.5389499999976555	5.5598907722597515
2.5389519999976553	5.559838678183135
2.538953999997655	5.559786692394812
2.538955999997655	5.559734814668483
2.538957999997655	5.559683044774278
2.5389599999976546	5.5596313824786625
2.5389619999976545	5.559579827544174
2.5389639999976543	5.559528379729293
2.538965999997654	5.559477038788188
2.538967999997654	5.559425804470785
2.538969999997654	5.55937467652258
2.5389719999976537	5.5593236546844835
2.5389739999976535	5.5592727386927985
2.5389759999976533	5.55922192827915
2.538977999997653	5.559171223170447
2.538979999997653	5.559120623088806
2.538981999997653	5.5590701277517045
2.5389839999976527	5.5590197368718846
2.5389859999976525	5.558969450157376
2.5389879999976523	5.558919267311621
2.538989999997652	5.558869188033576
2.538991999997652	5.5588192120177995
2.538993999997652	5.558769338954582
2.5389959999976517	5.558719568530079
2.5389979999976515	5.558669900426524
2.5389999999976514	5.55862033432237
2.539001999997651	5.558570869892555
2.539003999997651	5.558521506808674
2.539005999997651	5.558472244739294
2.5390079999976507	5.558423083350181
2.5390099999976505	5.558374022304627
2.5390119999976504	5.558325061263733
2.53901399999765	5.558276199886676
2.53901599999765	5.558227437831109
2.53901799999765	5.558178774753398
2.5390199999976497	5.558130210309042
2.5390219999976495	5.558081744153168
2.5390239999976494	5.558033375940638
2.539025999997649	5.557985105326544
2.539027999997649	5.557936931966593
2.539029999997649	5.557888855517569
2.5390319999976487	5.557840875637664
2.5390339999976486	5.557792991986854
2.5390359999976484	5.55774520422729
2.5390379999976482	5.557697512023734
2.539039999997648	5.5576499150432905
2.539041999997648	5.557602412957178
2.5390439999976477	5.557555005440718
2.5390459999976476	5.557507692172883
2.5390479999976474	5.557460472837262
2.5390499999976472	5.557413347122138
2.539051999997647	5.557366314721058
2.539053999997647	5.557319375333146
2.5390559999976468	5.557272528663427
2.5390579999976466	5.557225774423109
2.5390599999976464	5.557179112329959
2.5390619999976463	5.557132542108559
2.539063999997646	5.557086063490557
2.539065999997646	5.557039676214912
2.5390679999976458	5.556993380028195
2.5390699999976456	5.556947174684807
2.5390719999976454	5.556901059947186
2.5390739999976453	5.5568550355859685
2.539075999997645	5.556809101380119
2.539077999997645	5.556763257117135
2.5390799999976448	5.556717502593177
2.5390819999976446	5.556671837613136
2.5390839999976444	5.5566262619907105
2.5390859999976443	5.556580775548531
2.539087999997644	5.5565353781181495
2.539089999997644	5.556490069540097
2.539091999997644	5.556444849663673
2.5390939999976436	5.556399718347347
2.5390959999976435	5.556354675458371
2.5390979999976433	5.556309720872763
2.539099999997643	5.556264854475268
2.539101999997643	5.556220076159198
2.539103999997643	5.556175385826362
2.5391059999976426	5.556130783365913
2.5391079999976425	5.5560862687103
2.5391099999976423	5.5560418417925375
2.539111999997642	5.555997502559307
2.539113999997642	5.55595325094053
2.539115999997642	5.555909086882471
2.5391179999976417	5.555865010340616
2.5391199999976415	5.555821021277103
2.5391219999976413	5.555777119660461
2.539123999997641	5.555733305465217
2.539125999997641	5.555689578671617
2.539127999997641	5.555645939265291
2.5391299999976407	5.555602387236878
2.5391319999976405	5.555558922581713
2.5391339999976403	5.555515545299446
2.53913599999764	5.555472255393637
2.53913799999764	5.55542905287142
2.53913999999764	5.555385937743155
2.5391419999976397	5.555342910021973
2.5391439999976395	5.555299969723483
2.5391459999976393	5.55525711686534
2.539147999997639	5.5552143514669305
2.539149999997639	5.555171673549001
2.539151999997639	5.555129083133303
2.5391539999976387	5.555086580242278
2.5391559999976385	5.555044164898713
2.5391579999976384	5.55500183712544
2.539159999997638	5.554959596945017
2.539161999997638	5.554917444379513
2.539163999997638	5.55487537945015
2.5391659999976377	5.554833402177063
2.5391679999976375	5.554791512579321
2.5391699999976374	5.554749710673849
2.539171999997637	5.5547079964767905
2.539173999997637	5.554666370002116
2.539175999997637	5.554624831261828
2.5391779999976367	5.554583380265897
2.5391799999976365	5.554542017022109
2.5391819999976364	5.5545007415359695
2.539183999997636	5.554459553810686
2.539185999997636	5.554418453847164
2.539187999997636	5.554377441643977
2.5391899999976357	5.55433651719729
2.5391919999976356	5.554295680500969
2.5391939999976354	5.554254931546547
2.5391959999976352	5.554214270323296
2.539197999997635	5.5541736968182445
2.539199999997635	5.554133211016274
2.5392019999976347	5.554092812900145
2.5392039999976346	5.554052502458973
2.5392059999976344	5.554012279665336
2.5392079999976342	5.553972144494284
2.539209999997634	5.553932096920484
2.539211999997634	5.5538921369175975
2.5392139999976338	5.553852264456785
2.5392159999976336	5.553812479507642
2.5392179999976334	5.553772782038021
2.5392199999976333	5.553733172014
2.539221999997633	5.553693649399913
2.539223999997633	5.55365421415825
2.5392259999976328	5.553614866249623
2.5392279999976326	5.553575605632663
2.5392299999976324	5.5535364322639005
2.5392319999976323	5.553497346097609
2.539233999997632	5.553458347086318
2.539235999997632	5.553419435178579
2.539237999997632	5.553380610320839
2.5392399999976316	5.55334187245649
2.5392419999976314	5.553303221525597
2.5392439999976313	5.55326465746461
2.539245999997631	5.553226180206079
2.539247999997631	5.553187789678342
2.539249999997631	5.553149485805139
2.5392519999976306	5.553111268505178
2.5392539999976305	5.553073137691999
2.5392559999976303	5.553035093273529
2.53925799999763	5.552997135151659
2.53925999999763	5.552959263221905
2.53926199999763	5.552921477373042
2.5392639999976296	5.55288377748777
2.5392659999976295	5.552846163434448
2.5392679999976293	5.552808635080436
2.539269999997629	5.55277119228822
2.539271999997629	5.552733834908215
2.539273999997629	5.552696562782376
2.5392759999976287	5.552659375744024
2.5392779999976285	5.552622273617677
2.5392799999976283	5.552585256218965
2.539281999997628	5.5525483233545865
2.539283999997628	5.552511474822295
2.539285999997628	5.552474710410967
2.5392879999976277	5.552438029900677
2.5392899999976275	5.5524014330629
2.5392919999976273	5.552364919660721
2.539293999997627	5.552328489449122
2.539295999997627	5.55229214217522
2.539297999997627	5.552255877578984
2.5392999999976267	5.552219695393365
2.5393019999976265	5.552183595344919
2.5393039999976263	5.552147577154413
2.539305999997626	5.552111640537421
2.539307999997626	5.552075785205011
2.539309999997626	5.552040010864396
2.5393119999976257	5.552004317219746
2.5393139999976255	5.551968703972967
2.5393159999976254	5.551933170824527
2.539317999997625	5.551897717474278
2.539319999997625	5.551862343622288
2.539321999997625	5.551827048969769
2.5393239999976247	5.551791833219898
2.5393259999976245	5.551756696074223
2.5393279999976244	5.551721637243883
2.539329999997624	5.551686656446434
2.539331999997624	5.551651753401576
2.539333999997624	5.551616927835196
2.5393359999976237	5.55158217948011
2.5393379999976236	5.55154750807677
2.5393399999976234	5.551512913373951
2.5393419999976232	5.551478395129346
2.539343999997623	5.551443953110118
2.539345999997623	5.5514095870933815
2.5393479999976227	5.551375296866626
2.5393499999976226	5.5513410822280465
2.5393519999976224	5.551306942986823
2.5393539999976222	5.551272878963303
2.539355999997622	5.551238889989104
2.539357999997622	5.55120497590714
2.5393599999976217	5.551171136571569
2.5393619999976216	5.551137371847646
2.5393639999976214	5.551103681611499
2.5393659999976212	5.551070065749826
2.539367999997621	5.551036524159523
2.539369999997621	5.551003056750535
2.5393719999976208	5.550969663435157
2.5393739999976206	5.550936344138336
2.5393759999976204	5.550903098795152
2.5393779999976203	5.550869927342016
2.53937999999762	5.550836829724956
2.53938199999762	5.550803805895603
2.5393839999976198	5.550770855810335
2.5393859999976196	5.550737979429381
2.5393879999976194	5.5507051767158755
2.5393899999976193	5.550672447634948
2.539391999997619	5.550639792152734
2.539393999997619	5.550607210235433
2.539395999997619	5.550574701848319
2.5393979999976186	5.5505422669548095
2.5393999999976185	5.550509905515546
2.5394019999976183	5.550477617487447
2.539403999997618	5.550445402822836
2.539405999997618	5.550413261468615
2.539407999997618	5.55038119336547
2.5394099999976176	5.550349198447117
2.5394119999976175	5.550317276639625
2.5394139999976173	5.550285427860818
2.539415999997617	5.55025365201963
2.539417999997617	5.550221949015649
2.539419999997617	5.550190318738751
2.5394219999976166	5.550158761068706
2.5394239999976165	5.5501272758749485
2.5394259999976163	5.550095863016363
2.539427999997616	5.550064522341188
2.539429999997616	5.5500332536869905
2.539431999997616	5.550002056880712
2.5394339999976157	5.549970931738798
2.5394359999976155	5.54993987806742
2.5394379999976153	5.549908895662705
2.539439999997615	5.549877984311086
2.539441999997615	5.549847143789739
2.539443999997615	5.549816373866996
2.5394459999976147	5.54978567430287
2.5394479999976145	5.549755044849623
2.5394499999976143	5.549724485252331
2.539451999997614	5.54969399524952
2.539453999997614	5.5496635745739
2.539455999997614	5.549633222952804
2.5394579999976137	5.549602940109129
2.5394599999976135	5.549572725761886
2.5394619999976134	5.549542579626898
2.539463999997613	5.549512501417461
2.539465999997613	5.549482490844974
2.539467999997613	5.549452547617759
2.5394699999976127	5.549422671445393
2.5394719999976125	5.549392862038651
2.5394739999976124	5.549363119107115
2.539475999997612	5.549333442361087
2.539477999997612	5.549303831511998
2.539479999997612	5.549274286272077
2.5394819999976117	5.549244806355984
2.5394839999976115	5.549215391480335
2.5394859999976114	5.549186041363223
2.539487999997611	5.5491567557245975
2.539489999997611	5.549127534286142
2.539491999997611	5.549098376771108
2.5394939999976107	5.549069282904042
2.5394959999976106	5.549040252410439
2.5394979999976104	5.549011285016296
2.5394999999976102	5.54898238044758
2.53950199999761	5.548953538429627
2.53950399999761	5.548924758686454
2.5395059999976097	5.548896040939991
2.5395079999976096	5.548867384909249
2.5395099999976094	5.548838790309406
2.5395119999976092	5.548810256850844
2.539513999997609	5.5487817842381135
2.539515999997609	5.548753372168862
2.5395179999976087	5.548725020332721
2.5395199999976086	5.548696728410124
2.5395219999976084	5.548668496071124
2.5395239999976083	5.548640322974176
2.539525999997608	5.5486122087648955
2.539527999997608	5.548584153074831
2.5395299999976078	5.548556155520205
2.5395319999976076	5.548528215700776
2.5395339999976074	5.548500333198223
2.5395359999976073	5.548472507575608
2.539537999997607	5.548444738375757
2.539539999997607	5.548417025120218
2.5395419999976068	5.54838936730818
2.5395439999976066	5.548361764415459
2.5395459999976064	5.5483342158935285
2.5395479999976063	5.548306721168624
2.539549999997606	5.548279279640876
2.539551999997606	5.5482518906836065
2.539553999997606	5.548224553642621
2.5395559999976056	5.548197267835646
2.5395579999976055	5.548170032551819
2.5395599999976053	5.548142847051303
2.539561999997605	5.548115710565002
2.539563999997605	5.548088622294339
2.539565999997605	5.548061581411202
2.5395679999976046	5.548034587057941
2.5395699999976045	5.548007638347497
2.5395719999976043	5.547980734363633
2.539573999997604	5.547953874161267
2.539575999997604	5.547927056766929
2.539577999997604	5.5479002811793094
2.5395799999976036	5.547873546369932
2.5395819999976035	5.547846851283885
2.5395839999976033	5.547820194840717
2.539585999997603	5.547793575935356
2.539587999997603	5.547766993439203
2.539589999997603	5.5477404462012325
2.5395919999976027	5.547713933049258
2.5395939999976025	5.547687452791217
2.5395959999976023	5.547661004216559
2.539597999997602	5.547634586097715
2.539599999997602	5.54760819719161
2.539601999997602	5.547581836241242
2.5396039999976017	5.547555501977324
2.5396059999976015	5.547529193119986
2.5396079999976013	5.5475029083804674
2.539609999997601	5.547476646462919
2.539611999997601	5.547450406066178
2.539613999997601	5.547424185885587
2.5396159999976007	5.547397984614841
2.5396179999976005	5.5473718009478326
2.5396199999976004	5.547345633580493
2.5396219999976	5.547319481212666
2.5396239999976	5.547293342549947
2.5396259999976	5.547267216305591
2.5396279999975997	5.5472411012021245
2.5396299999975995	5.547214995973293
2.5396319999975994	5.547188899365841
2.539633999997599	5.5471628101412165
2.539635999997599	5.547136727077263
2.539637999997599	5.5471106489699
2.5396399999975987	5.547084574634704
2.5396419999975985	5.547058502908469
2.5396439999975984	5.547032432650743
2.539645999997598	5.547006362745267
2.539647999997598	5.546980292101374
2.539649999997598	5.546954219655319
2.5396519999975977	5.546928144371547
2.5396539999975976	5.546902065243907
2.5396559999975974	5.546875981296812
2.5396579999975972	5.546849891586272
2.539659999997597	5.54682379520092
2.539661999997597	5.546797691262937
2.5396639999975967	5.5467715789289205
2.5396659999975966	5.546745457390673
2.5396679999975964	5.546719325875926
2.5396699999975962	5.5466931836490065
2.539671999997596	5.546667030011397
2.539673999997596	5.546640864302239
2.5396759999975957	5.546614685898807
2.5396779999975956	5.546588494216872
2.5396799999975954	5.5465622887110095
2.5396819999975953	5.546536068874842
2.539683999997595	5.5465098342412364
2.539685999997595	5.54648358438239
2.5396879999975948	5.546457318909908
2.5396899999975946	5.546431037474777
2.5396919999975944	5.546404739767366
2.5396939999975943	5.546378425517238
2.539695999997594	5.546352094493016
2.539697999997594	5.546325746502098
2.5396999999975938	5.546299381390442
2.5397019999975936	5.5462729990422055
2.5397039999975934	5.54624659937938
2.5397059999975933	5.546220182361353
2.539707999997593	5.54619374798443
2.539709999997593	5.546167296281326
2.539711999997593	5.54614082732059
2.5397139999975926	5.546114341206025
2.5397159999975925	5.546087838076021
2.5397179999975923	5.546061318102885
2.539719999997592	5.54603478149212
2.539721999997592	5.546008228481643
2.539723999997592	5.54598165934102
2.5397259999975916	5.545955074370644
2.5397279999975915	5.545928473900842
2.5397299999975913	5.545901858291021
2.539731999997591	5.545875227928643
2.539733999997591	5.545848583228389
2.539735999997591	5.5458219246311
2.5397379999975906	5.5457952526027805
2.5397399999975905	5.545768567633552
2.5397419999975903	5.545741870236574
2.53974399999759	5.5457151609469415
2.53974599999759	5.5456884403205855
2.53974799999759	5.54566170893311
2.5397499999975897	5.545634967378627
2.5397519999975895	5.545608216268564
2.5397539999975893	5.545581456230444
2.539755999997589	5.545554687906673
2.539757999997589	5.5455279119532666
2.539759999997589	5.54550112903861
2.5397619999975887	5.54547433984214
2.5397639999975885	5.545447545053079
2.5397659999975883	5.545420745369081
2.539767999997588	5.545393941494982
2.539769999997588	5.545367134141409
2.539771999997588	5.545340324023457
2.5397739999975877	5.545313511859336
2.5397759999975875	5.54528669836898
2.5397779999975874	5.545259884272784
2.539779999997587	5.54523307029014
2.539781999997587	5.545206257138131
2.539783999997587	5.545179445530159
2.5397859999975867	5.54515263617534
2.5397879999975865	5.545125829775517
2.5397899999975864	5.545099027024365
2.539791999997586	5.545072228607074
2.539793999997586	5.545045435198449
2.539795999997586	5.545018647461675
2.5397979999975857	5.544991866046815
2.5397999999975855	5.544965091589691
2.5398019999975854	5.544938324710622
2.539803999997585	5.544911566013178
2.539805999997585	5.5448848160829485
2.539807999997585	5.544858075486385
2.5398099999975847	5.544831344769621
2.5398119999975846	5.544804624457365
2.5398139999975844	5.544777915051786
2.5398159999975842	5.544751217031448
2.539817999997584	5.544724530850319
2.539819999997584	5.544697856936777
2.5398219999975837	5.544671195692667
2.5398239999975836	5.544644547492407
2.5398259999975834	5.544617912682129
2.5398279999975832	5.544591291598213
2.539829999997583	5.544564684520268
2.539831999997583	5.544538091692546
2.5398339999975827	5.544511513340536
2.5398359999975826	5.544484949657836
2.5398379999975824	5.544458400805696
2.5398399999975823	5.544431866912491
2.539841999997582	5.544405348073299
2.539843999997582	5.544378844349526
2.5398459999975818	5.54435235576857
2.5398479999975816	5.544325882323581
2.5398499999975814	5.544299423973252
2.5398519999975813	5.544272980641693
2.539853999997581	5.54424655221835
2.539855999997581	5.544220138557991
2.5398579999975808	5.544193739480752
2.5398599999975806	5.544167354772252
2.5398619999975804	5.544140984183762
2.5398639999975803	5.544114627432437
2.53986599999758	5.544088284201613
2.53986799999758	5.544061954141155
2.53986999999758	5.544035636867871
2.5398719999975796	5.544009331965959
2.5398739999975795	5.543983038987589
2.5398759999975793	5.54395675745345
2.539877999997579	5.543930486853378
2.539879999997579	5.543904226647057
2.539881999997579	5.543877976264736
2.5398839999975786	5.543851735108043
2.5398859999975785	5.543825502550014
2.5398879999975783	5.543799277937921
2.539889999997578	5.5437730605931055
2.539891999997578	5.543746849811427
2.539893999997578	5.543720644864651
2.5398959999975776	5.543694445001515
2.5398979999975775	5.54366824944878
2.5398999999975773	5.543642057412314
2.539901999997577	5.543615868078189
2.539903999997577	5.543589680613827
2.539905999997577	5.543563494169142
2.5399079999975767	5.543537307877693
2.5399099999975765	5.543511120857868
2.5399119999975763	5.543484932214068
2.539913999997576	5.543458741037893
2.539915999997576	5.5434325464093215
2.539917999997576	5.543406347397918
2.5399199999975757	5.543380143063992
2.5399219999975755	5.543353932459786
2.5399239999975753	5.54332771463062
2.539925999997575	5.54330148861607
2.539927999997575	5.543275253451068
2.539929999997575	5.543249008167033
2.5399319999975747	5.5432227517929995
2.5399339999975745	5.5431964833565495
2.5399359999975744	5.543170201884886
2.539937999997574	5.543143906405925
2.539939999997574	5.543117595949156
2.539941999997574	5.543091269546583
2.5399439999975737	5.543064926233656
2.5399459999975735	5.543038565050085
2.5399479999975734	5.543012185040721
2.539949999997573	5.542985785256148
2.539951999997573	5.542959364753491
2.539953999997573	5.542932922597106
2.5399559999975727	5.542906457859212
2.5399579999975725	5.542879969620409
2.5399599999975724	5.542853456970202
2.539961999997572	5.542826919007528
2.539963999997572	5.542800354841135
2.539965999997572	5.54277376358996
2.5399679999975717	5.542747144383465
2.5399699999975716	5.5427204963618975
2.5399719999975714	5.54269381867656
2.5399739999975712	5.542667110489896
2.539975999997571	5.542640370975635
2.539977999997571	5.542613599318947
2.5399799999975707	5.542586794716447
2.5399819999975706	5.542559956376152
2.5399839999975704	5.542533083517455
2.5399859999975702	5.542506175371021
2.53998799999757	5.5424792311786355
2.53998999999757	5.542452250193039
2.5399919999975697	5.542425231677714
2.5399939999975696	5.542398174906564
2.5399959999975694	5.542371079163806
2.5399979999975693	5.542343943743493
2.539999999997569	5.5423167679491785
2.540001999997569	5.542289551093589
2.5400039999975688	5.542262292498171
2.5400059999975686	5.542234991492715
2.5400079999975684	5.542207647414844
2.5400099999975683	5.542180259609467
2.540011999997568	5.54215282742842
2.540013999997568	5.542125350229891
2.5400159999975678	5.542097827377878
2.5400179999975676	5.542070258241657
2.5400199999975674	5.542042642195194
2.5400219999975673	5.542014978616614
2.540023999997567	5.541987266887569
2.540025999997567	5.541959506392702
2.540027999997567	5.5419316965190015
2.5400299999975666	5.541903836655223
2.5400319999975665	5.541875926191309
2.5400339999975663	5.54184796451778
2.540035999997566	5.541819951025124
2.540037999997566	5.541791885103201
2.540039999997566	5.541763766140651
2.5400419999975656	5.541735593524319
2.5400439999975655	5.541707366638661
2.5400459999975653	5.541679084865171
2.540047999997565	5.541650747581825
2.540049999997565	5.541622354162516
2.540051999997565	5.541593903976526
2.5400539999975646	5.541565396387996
2.5400559999975645	5.541536830755406
2.5400579999975643	5.541508206431104
2.540059999997564	5.541479522762971
2.540061999997564	5.541450779088763
2.540063999997564	5.541421974738152
2.5400659999975637	5.541393109034201
2.5400679999975635	5.541364181291574
2.5400699999975633	5.541335190816166
2.540071999997563	5.541306136904722
2.540073999997563	5.541277018844485
2.540075999997563	5.541247835912863
2.5400779999975627	5.541218587377136
2.5400799999975625	5.541189272494161
2.5400819999975623	5.541159890510127
2.540083999997562	5.541130440660269
2.540085999997562	5.541100922168716
2.540087999997562	5.541071334248252
2.5400899999975617	5.541041676100143
2.5400919999975615	5.541011946913983
2.5400939999975614	5.540982145867571
2.540095999997561	5.5409522721268
2.540097999997561	5.540922324845566
2.540099999997561	5.5408923031656885
2.5401019999975607	5.540862206216886
2.5401039999975605	5.540832033116724
2.5401059999975604	5.540801782970621
2.54010799999756	5.540771454871857
2.54010999999756	5.5407410479016
2.54011199999756	5.5407105611289404
2.5401139999975597	5.540679993610974
2.5401159999975595	5.540649344392867
2.5401179999975594	5.540618612507967
2.540119999997559	5.54058779697789
2.540121999997559	5.540556896812666
2.540123999997559	5.54052591101088
2.5401259999975587	5.540494838559804
2.5401279999975586	5.540463678435582
2.5401299999975584	5.540432429603423
2.5401319999975582	5.540401091017746
2.540133999997558	5.540369661622413
2.540135999997558	5.540338140350931
2.5401379999975577	5.5403065261266775
2.5401399999975576	5.540274817863115
2.5401419999975574	5.540243014464047
2.5401439999975572	5.540211114823851
2.540145999997557	5.540179117827741
2.540147999997557	5.540147022352019
2.5401499999975568	5.540114827264353
2.5401519999975566	5.540082531424017
2.5401539999975564	5.540050133682206
2.5401559999975563	5.540017632882281
2.540157999997556	5.539985027860107
2.540159999997556	5.539952317444308
2.5401619999975558	5.539919500456557
2.5401639999975556	5.539886575711938
2.5401659999975554	5.539853542019095
2.5401679999975553	5.539820398180606
2.540169999997555	5.539787142993371
2.540171999997555	5.539753775248849
2.5401739999975548	5.539720293733354
2.5401759999975546	5.5396866972283565
2.5401779999975544	5.539652984510786
2.5401799999975543	5.539619154352986
2.540181999997554	5.539585205524012
2.540183999997554	5.539551136789196
2.540185999997554	5.539516946910421
2.5401879999975536	5.539482634646538
2.5401899999975535	5.539448198753697
2.5401919999975533	5.539413637985625
2.540193999997553	5.539378951093928
2.540195999997553	5.539344136828358
2.540197999997553	5.53930919393711
2.5401999999975526	5.539274121167118
2.5402019999975525	5.539238917264323
2.5402039999975523	5.539203580973954
2.540205999997552	5.539168111040768
2.540207999997552	5.539132506209385
2.540209999997552	5.539096765224506
2.5402119999975517	5.539060886831146
2.5402139999975515	5.539024869774904
2.5402159999975513	5.538988712802216
2.540217999997551	5.538952414663125
2.540219999997551	5.538915974103045
2.540221999997551	5.538879389873424
2.5402239999975507	5.538842660726369
2.5402259999975505	5.538805785416001
2.5402279999975503	5.538768762698627
2.54022999999755	5.538731591332966
2.54023199999755	5.538694270080342
2.54023399999755	5.538656797704888
2.5402359999975497	5.538619172973751
2.5402379999975495	5.538581394657257
2.5402399999975493	5.538543461529087
2.540241999997549	5.538505372366573
2.540243999997549	5.538467125950672
2.540245999997549	5.53842872106615
2.5402479999975487	5.538390156501914
2.5402499999975485	5.5383514310511
2.5402519999975484	5.538312543509456
2.540253999997548	5.538273492679897
2.540255999997548	5.538234277370029
2.540257999997548	5.538194896391445
2.5402599999975477	5.538155348560641
2.5402619999975475	5.53811563269922
2.5402639999975474	5.538075747634098
2.540265999997547	5.538035692197602
2.540267999997547	5.537995465227596
2.540269999997547	5.537955065567647
2.5402719999975467	5.537914492067098
2.5402739999975466	5.5378737435813035
2.5402759999975464	5.537832818971826
2.540277999997546	5.537791717106403
2.540279999997546	5.537750436859184
2.540281999997546	5.537708977110851
2.5402839999975457	5.53766733674878
2.5402859999975456	5.537625514667202
2.5402879999975454	5.5375835097673205
2.5402899999975452	5.537541320957441
2.540291999997545	5.5374989471531935
2.540293999997545	5.537456387277657
2.5402959999975447	5.53741364026151
2.5402979999975446	5.537370705043208
2.5402999999975444	5.537327580569158
2.5403019999975442	5.53728426579387
2.540303999997544	5.537240759680129
2.540305999997544	5.537197061199191
2.5403079999975438	5.537153169330945
2.5403099999975436	5.537109083064097
2.5403119999975434	5.537064801396387
2.5403139999975433	5.53702032333474
2.540315999997543	5.53697564789546
2.540317999997543	5.536930774104448
2.5403199999975428	5.536885700997399
2.5403219999975426	5.53684042761994
2.5403239999975424	5.536794953027931
2.5403259999975423	5.53674927628771
2.540327999997542	5.536703396476181
2.540329999997542	5.536657312681095
2.540331999997542	5.536611024001229
2.5403339999975416	5.536564529546609
2.5403359999975414	5.536517828438727
2.5403379999975413	5.536470919810724
2.540339999997541	5.536423802807685
2.540341999997541	5.536376476586829
2.540343999997541	5.536328940317697
2.5403459999975406	5.536281193182399
2.5403479999975405	5.536233234375803
2.5403499999975403	5.536185063105786
2.54035199999754	5.5361366785933885
2.54035399999754	5.536088080073048
2.54035599999754	5.536039266792831
2.5403579999975396	5.5359902380146
2.5403599999975395	5.535940993014226
2.5403619999975393	5.53589153108178
2.540363999997539	5.535841851521733
2.540365999997539	5.535791953653158
2.540367999997539	5.535741836809845
2.5403699999975387	5.535691500340473
2.5403719999975385	5.5356409436088425
2.5403739999975383	5.535590165994009
2.540375999997538	5.535539166890428
2.540377999997538	5.535487945708089
2.540379999997538	5.535436501872676
2.5403819999975377	5.535384834825701
2.5403839999975375	5.5353329440245815
2.5403859999975373	5.535280828942731
2.540387999997537	5.53522848906974
2.540389999997537	5.535175923911388
2.540391999997537	5.535123132989786
2.5403939999975367	5.535070115843476
2.5403959999975365	5.535016872027404
2.5403979999975363	5.534963401112989
2.540399999997536	5.534909702688195
2.540401999997536	5.534855776357534
2.540403999997536	5.534801621742092
2.5404059999975357	5.53474723847951
2.5404079999975355	5.5346926262240155
2.5404099999975354	5.534637784646381
2.540411999997535	5.5345827134339025
2.540413999997535	5.5345274122903705
2.540415999997535	5.534471880935994
2.5404179999975347	5.53441611910732
2.5404199999975345	5.5343601265572175
2.5404219999975344	5.534303903054781
2.540423999997534	5.534247448385183
2.540425999997534	5.534190762349595
2.540427999997534	5.534133844765066
2.5404299999975337	5.534076695464385
2.5404319999975336	5.534019314295958
2.5404339999975334	5.533961701123632
2.5404359999975332	5.533903855826547
2.540437999997533	5.533845778298911
2.540439999997533	5.533787468450008
2.5404419999975327	5.533728926203787
2.5404439999975326	5.533670151498776
2.5404459999975324	5.533611144287857
2.5404479999975322	5.5335519045380375
2.540449999997532	5.5334924322302514
2.540451999997532	5.533432727359114
2.5404539999975317	5.5333727899326846
2.5404559999975316	5.533312619972258
2.5404579999975314	5.533252217512111
2.5404599999975312	5.5331915825992315
2.540461999997531	5.53313071529308
2.540463999997531	5.533069615665272
2.5404659999975308	5.533008283799444
2.5404679999975306	5.532946719790962
2.5404699999975304	5.53288492374656
2.5404719999975303	5.532822895784142
2.54047399999753	5.532760636034237
2.54047599999753	5.532698144635568
2.5404779999975298	5.532635421736817
2.5404799999975296	5.5325724674978565
2.5404819999975294	5.532509282088371
2.5404839999975293	5.5324458656875874
2.540485999997529	5.532382218484048
2.540487999997529	5.5323183406753405
2.540489999997529	5.532254232467831
2.5404919999975286	5.532189894076428
2.5404939999975285	5.532125325724318
2.5404959999975283	5.532060527642745
2.540497999997528	5.531995500070738
2.540499999997528	5.531930243254905
2.540501999997528	5.531864757449263
2.5405039999975276	5.531799042914912
2.5405059999975275	5.5317330999198955
2.5405079999975273	5.531666928739027
2.540509999997527	5.531600529653615
2.540511999997527	5.531533902951286
2.540513999997527	5.531467048925833
2.5405159999975266	5.531399967877052
2.5405179999975265	5.531332660110568
2.5405199999975263	5.531265125937699
2.540521999997526	5.5311973656752516
2.540523999997526	5.531129379645386
2.540525999997526	5.531061168175565
2.5405279999975257	5.530992731598391
2.5405299999975255	5.5309240702514915
2.5405319999975253	5.530855184477448
2.540533999997525	5.530786074623723
2.540535999997525	5.530716741042514
2.540537999997525	5.530647184090738
2.5405399999975247	5.53057740412995
2.5405419999975245	5.530507401526304
2.5405439999975243	5.530437176650509
2.540545999997524	5.530366729877788
2.540547999997524	5.530296061587907
2.540549999997524	5.53022517216512
2.5405519999975237	5.5301540619981795
2.5405539999975235	5.530082731480349
2.5405559999975234	5.530011181009422
2.540557999997523	5.529939410987744
2.540559999997523	5.529867421822221
2.540561999997523	5.529795213924466
2.5405639999975227	5.529722787710771
2.5405659999975225	5.529650143602172
2.5405679999975224	5.529577282024543
2.540569999997522	5.529504203408663
2.540571999997522	5.529430908190319
2.540573999997522	5.529357396810375
2.5405759999975217	5.529283669711951
2.5405779999975215	5.529209727347332
2.5405799999975214	5.529135570175356
2.540581999997521	5.529061198658396
2.540583999997521	5.528986613264502
2.540585999997521	5.528911814467551
2.5405879999975207	5.528836802747396
2.5405899999975206	5.52876157859
2.5405919999975204	5.528686142487603
2.5405939999975202	5.5286104949388655
2.54059599999752	5.528534636449014
2.54059799999752	5.528458567530088
2.5405999999975197	5.528382288701108
2.5406019999975196	5.528305800488165
2.5406039999975194	5.528229103424667
2.5406059999975192	5.528152198051434
2.540607999997519	5.5280750849170115
2.540609999997519	5.527997764577792
2.5406119999975187	5.527920237598213
2.5406139999975186	5.527842504550944
2.5406159999975184	5.527764566017093
2.5406179999975183	5.5276864225863775
2.540619999997518	5.527608074857337
2.540621999997518	5.5275295234375
2.5406239999975178	5.527450768943603
2.5406259999975176	5.527371812001764
2.5406279999975174	5.527292653247685
2.5406299999975173	5.527213293326826
2.540631999997517	5.527133732894596
2.540633999997517	5.527053972616507
2.5406359999975168	5.5269740131684
2.5406379999975166	5.526893855236616
2.5406399999975164	5.526813499518117
2.5406419999975163	5.52673294672068
2.540643999997516	5.52665219756305
2.540645999997516	5.526571252775098
2.540647999997516	5.526490113097936
2.5406499999975156	5.526408779284087
2.5406519999975155	5.526327252097656
2.5406539999975153	5.526245532314355
2.540655999997515	5.5261636207216736
2.540657999997515	5.526081518118989
2.540659999997515	5.525999225317648
2.5406619999975146	5.525916743141066
2.5406639999975145	5.525834072424794
2.5406659999975143	5.525751214016591
2.540667999997514	5.5256681687764715
2.540669999997514	5.525584937576757
2.540671999997514	5.525501521302114
2.5406739999975136	5.525417920849554
2.5406759999975135	5.525334137128464
2.5406779999975133	5.525250171060598
2.540679999997513	5.525166023580061
2.540681999997513	5.525081695633273
2.540683999997513	5.524997188178931
2.5406859999975127	5.524912502187978
2.5406879999975125	5.524827638643509
2.5406899999975123	5.524742598540677
2.540691999997512	5.52465738288667
2.540693999997512	5.524571992700564
2.540695999997512	5.524486429013198
2.5406979999975117	5.524400692867065
2.5406999999975115	5.524314785316148
2.5407019999975113	5.52422870742579
2.540703999997511	5.524142460250401
2.540705999997511	5.52405604489157
2.540707999997511	5.523969462455663
2.5407099999975107	5.523882714051735
2.5407119999975105	5.523795800799266
2.5407139999975104	5.5237087238279585
2.54071599999751	5.52362148427751
2.54071799999751	5.5235340832974
2.54071999999751	5.523446522046634
2.5407219999975097	5.523358801693572
2.5407239999975095	5.523270923415498
2.5407259999975094	5.523182888398508
2.540727999997509	5.52309469783724
2.540729999997509	5.523006352934587
2.540731999997509	5.522917854901443
2.5407339999975087	5.522829204956382
2.5407359999975085	5.522740404325445
2.5407379999975084	5.522651454241843
2.540739999997508	5.522562355945679
2.540741999997508	5.522473110683668
2.540743999997508	5.522383719708876
2.5407459999975077	5.522294184280455
2.5407479999975076	5.522204505663352
2.5407499999975074	5.5221146851280665
2.5407519999975072	5.522024723950374
2.540753999997507	5.521934623411083
2.540755999997507	5.521844384795775
2.5407579999975067	5.521754009394555
2.5407599999975066	5.521663498501843
2.5407619999975064	5.521572853416104
2.5407639999975062	5.521482075439649
2.540765999997506	5.521391165878427
2.540767999997506	5.521300126041796
2.5407699999975057	5.521208957242353
2.5407719999975056	5.521117660795735
2.5407739999975054	5.521026238020442
2.5407759999975053	5.520934690237681
2.540777999997505	5.520843018771204
2.540779999997505	5.520751224947169
2.5407819999975048	5.520659310094008
2.5407839999975046	5.5205672755433035
2.5407859999975044	5.5204751226291595
2.5407879999975043	5.5203828526966445
2.540789999997504	5.520290467074648
2.540791999997504	5.520197967095985
2.5407939999975038	5.520105354100533
2.5407959999975036	5.52001262942983
2.5407979999975034	5.519919794427038
2.5407999999975033	5.519826850436882
2.540801999997503	5.519733798805658
2.540803999997503	5.5196406408811844
2.540805999997503	5.5195473780128115
2.5408079999975026	5.5194540115514155
2.5408099999975025	5.519360542849413
2.5408119999975023	5.519266973260765
2.540813999997502	5.519173304141008
2.540815999997502	5.519079536847259
2.540817999997502	5.518985672738284
2.5408199999975016	5.518891713174503
2.5408219999975015	5.518797659518028
2.5408239999975013	5.518703513132729
2.540825999997501	5.5186092753842475
2.540827999997501	5.518514947640063
2.540829999997501	5.518420531269528
2.5408319999975006	5.5183260276439166
2.5408339999975005	5.518231438136456
2.5408359999975003	5.5181367641223975
2.5408379999975	5.518042006979014
2.5408399999975	5.517947168085668
2.5408419999975	5.517852248823897
2.5408439999974997	5.517757250577212
2.5408459999974995	5.517662174731399
2.5408479999974993	5.517567022674401
2.540849999997499	5.517471795796347
2.540851999997499	5.517376495489558
2.540853999997499	5.517281123148534
2.5408559999974987	5.517185680169962
2.5408579999974985	5.517090167952675
2.5408599999974983	5.51699458789764
2.540861999997498	5.516898941407942
2.540863999997498	5.516803229888691
2.540865999997498	5.516707454746972
2.5408679999974977	5.516611617391851
2.5408699999974975	5.516515719234252
2.5408719999974974	5.516419761686879
2.540873999997497	5.516323746164175
2.540875999997497	5.516227674082199
2.540877999997497	5.51613154685851
2.5408799999974967	5.5160353659120975
2.5408819999974965	5.515939132663224
2.5408839999974964	5.515842848533338
2.540885999997496	5.515746514944922
2.540887999997496	5.515650133321388
2.540889999997496	5.515553705086918
2.5408919999974957	5.5154572316663435
2.5408939999974955	5.515360714484983
2.5408959999974954	5.515264154968483
2.540897999997495	5.515167554542683
2.540899999997495	5.515070914633501
2.540901999997495	5.514974236666729
2.5409039999974947	5.514877522067927
2.5409059999974946	5.514780772262251
2.5409079999974944	5.514683988674315
2.5409099999974942	5.5145871727280635
2.540911999997494	5.514490325846612
2.540913999997494	5.514393449452132
2.5409159999974937	5.514296544965723
2.5409179999974936	5.514199613807323
2.5409199999974934	5.514102657395546
2.5409219999974932	5.514005677147632
2.540923999997493	5.513908674479346
2.540925999997493	5.513811650804896
2.5409279999974927	5.513714607536894
2.5409299999974926	5.5136175460862695
2.5409319999974924	5.513520467862262
2.5409339999974923	5.513423374272402
2.540935999997492	5.5133262667224665
2.540937999997492	5.513229146616512
2.5409399999974918	5.513132015356887
2.5409419999974916	5.513034874344333
2.5409439999974914	5.512937724977966
2.5409459999974913	5.512840568655365
2.540947999997491	5.5127434067726995
2.540949999997491	5.512646240724815
2.5409519999974908	5.512549071905366
2.5409539999974906	5.512451901706957
2.5409559999974904	5.512354731521299
2.5409579999974903	5.512257562739392
2.54095999999749	5.512160396751756
2.54096199999749	5.5120632349485446
2.54096399999749	5.511966078719772
2.5409659999974896	5.511868929455665
2.5409679999974895	5.51177178854681
2.5409699999974893	5.511674657384447
2.540971999997489	5.511577537360697
2.540973999997489	5.511480429868835
2.540975999997489	5.5113833363036235
2.5409779999974886	5.511286258061558
2.5409799999974885	5.511189196541163
2.5409819999974883	5.511092153126047
2.540983999997488	5.510995129227758
2.540985999997488	5.510898126261871
2.540987999997488	5.510801145637974
2.5409899999974876	5.510704188769085
2.5409919999974875	5.510607257071963
2.5409939999974873	5.510510351967363
2.540995999997487	5.51041347488029
2.540997999997487	5.510316627240246
2.540999999997487	5.510219810481427
2.5410019999974867	5.510123026042971
2.5410039999974865	5.510026275369132
2.5410059999974863	5.50992955990946
2.541007999997486	5.509832881118936
2.541009999997486	5.50973624045812
2.541011999997486	5.509639639393264
2.5410139999974857	5.509543079396407
2.5410159999974855	5.509446561945455
2.5410179999974853	5.509350088524174
2.541019999997485	5.509253660622216
2.541021999997485	5.509157279735163
2.541023999997485	5.509060947364485
2.5410259999974847	5.508964665016364
2.5410279999974845	5.508868434204852
2.5410299999974844	5.508772256448718
2.541031999997484	5.508676133272183
2.541033999997484	5.50858006620493
2.541035999997484	5.508484056781917
2.5410379999974837	5.508388106543186
2.5410399999974835	5.508292217033747
2.5410419999974834	5.508196389803374
2.541043999997483	5.508100626406393
2.541045999997483	5.508004928401516
2.541047999997483	5.507909297351612
2.5410499999974827	5.507813734823511
2.5410519999974825	5.507718242387814
2.5410539999974824	5.507622821618709
2.541055999997482	5.507527474093762
2.541057999997482	5.507432201393773
2.541059999997482	5.507337005102605
2.5410619999974817	5.507241886807031
2.5410639999974816	5.50714684809664
2.5410659999974814	5.507051890563725
2.5410679999974812	5.506957015803206
2.541069999997481	5.506862225412615
2.541071999997481	5.506767520992044
2.5410739999974807	5.506672904144189
2.5410759999974806	5.506578376474399
2.5410779999974804	5.506483939590772
2.5410799999974802	5.506389595104301
2.54108199999748	5.506295344629026
2.54108399999748	5.5062011897821455
2.5410859999974797	5.506107132184391
2.5410879999974796	5.50601317346026
2.5410899999974794	5.505919315238346
2.5410919999974793	5.505825559151686
2.541093999997479	5.505731906838147
2.541095999997479	5.505638359940886
2.5410979999974788	5.505544920108799
2.5410999999974786	5.505451588996997
2.5411019999974784	5.505358368267379
2.5411039999974783	5.505265259589144
2.541105999997478	5.505172264639395
2.541107999997478	5.50507938510371
2.5411099999974778	5.504986622676739
2.5411119999974776	5.504893979075293
2.5411139999974774	5.504801456005441
2.5411159999974773	5.504709055188869
2.541117999997477	5.504616778362841
2.541119999997477	5.50452462727688
2.541121999997477	5.504432603693306
2.5411239999974766	5.504340709387851
2.5411259999974765	5.504248946150277
2.5411279999974763	5.504157315784892
2.541129999997476	5.504065820111082
2.541131999997476	5.503974460963783
2.541133999997476	5.5038832401939315
2.5411359999974756	5.503792159668826
2.5411379999974755	5.5037012212725305
2.5411399999974753	5.503610426906134
2.541141999997475	5.5035197784880046
2.541143999997475	5.503429277953961
2.541145999997475	5.5033389272574045
2.5411479999974746	5.503248728371385
2.5411499999974745	5.503158683284199
2.5411519999974743	5.503068794000448
2.541153999997474	5.502979062543697
2.541155999997474	5.502889490954685
2.541157999997474	5.502800081291063
2.5411599999974737	5.502710835626947
2.5411619999974735	5.502621756052499
2.5411639999974733	5.502532844673517
2.541165999997473	5.5024441036108165
2.541167999997473	5.502355534999587
2.541169999997473	5.5022671409887
2.5411719999974727	5.502178923739961
2.5411739999974725	5.5020908854272905
2.5411759999974723	5.502003028235869
2.541177999997472	5.5019153543612145
2.541179999997472	5.5018278660082105
2.541181999997472	5.501740565390129
2.5411839999974717	5.501653454727562
2.5411859999974715	5.501566536247406
2.5411879999974714	5.5014798121817385
2.541189999997471	5.501393284757889
2.541191999997471	5.501306956222463
2.541193999997471	5.50122082881795
2.5411959999974707	5.501134904785887
2.5411979999974705	5.501049186367366
2.5411999999974704	5.500963675801897
2.54120199999747	5.500878375326281
2.54120399999747	5.500793287177112
2.54120599999747	5.500708413581351
2.5412079999974697	5.5006237567591025
2.5412099999974695	5.500539318925671
2.5412119999974694	5.5004551022884804
2.541213999997469	5.500371109046205
2.541215999997469	5.500287341387839
2.541217999997469	5.500203801491895
2.5412199999974687	5.50012049152563
2.5412219999974686	5.500037413644339
2.5412239999974684	5.499954569990699
2.5412259999974682	5.49987196269419
2.541227999997468	5.499789593870571
2.541229999997468	5.499707465621429
2.5412319999974677	5.499625580033784
2.5412339999974676	5.4995439391793015
2.5412359999974674	5.499462545115408
2.5412379999974672	5.499381399883755
2.541239999997467	5.499300505510544
2.541241999997467	5.499219864006443
2.5412439999974668	5.499139477366582
2.5412459999974666	5.499059347570629
2.5412479999974664	5.498979476582886
2.5412499999974663	5.498899866352433
2.541251999997466	5.498820518813331
2.541253999997466	5.49874143588492
2.5412559999974658	5.498662619472038
2.5412579999974656	5.498584071465383
2.5412599999974654	5.498505793741839
2.5412619999974653	5.498427788164865
2.541263999997465	5.498350056584863
2.541265999997465	5.4982726008396
2.5412679999974648	5.498195422754584
2.5412699999974646	5.498118524143505
2.5412719999974644	5.498041906808625
2.5412739999974643	5.497965572541179
2.541275999997464	5.497889523121753
2.541277999997464	5.4978137603206525
2.541279999997464	5.497738285898233
2.5412819999974636	5.497663101605239
2.5412839999974635	5.497588209183063
2.5412859999974633	5.497513610364491
2.541287999997463	5.497439306872487
2.541289999997463	5.497365300421758
2.541291999997463	5.497291592724926
2.5412939999974626	5.497218185472406
2.5412959999974625	5.497145080353639
2.5412979999974623	5.497072279049446
2.541299999997462	5.496999783232095
2.541301999997462	5.4969275945653235
2.541303999997462	5.496855714704149
2.5413059999974617	5.496784145294687
2.5413079999974615	5.4967128879739775
2.5413099999974613	5.496641944369694
2.541311999997461	5.496571316099875
2.541313999997461	5.496501004772605
2.541315999997461	5.496431011985692
2.5413179999974607	5.4963613393262465
2.5413199999974605	5.496291988370306
2.5413219999974603	5.496222960682406
2.54132399999746	5.496154257815164
2.54132599999746	5.4960858813088125
2.54132799999746	5.496017832690743
2.5413299999974597	5.4959501134750655
2.5413319999974595	5.495882725162137
2.5413339999974593	5.495815669238073
2.541335999997459	5.4957489471743814
2.541337999997459	5.495682560427517
2.541339999997459	5.495616510438341
2.5413419999974587	5.495550798631807
2.5413439999974585	5.49548542641654
2.5413459999974584	5.49542039518444
2.541347999997458	5.495355706310391
2.541349999997458	5.4952913611518435
2.541351999997458	5.495227361048547
2.5413539999974577	5.495163707322297
2.5413559999974575	5.4951004012766695
2.5413579999974574	5.4950374441968055
2.541359999997457	5.494974837349223
2.541361999997457	5.494912581981636
2.541363999997457	5.4948506793228375
2.5413659999974567	5.494789130582575
2.5413679999974566	5.494727936951477
2.5413699999974564	5.494667099600997
2.541371999997456	5.494606619683388
2.541373999997456	5.4945464983316965
2.541375999997456	5.494486736659754
2.5413779999974557	5.494427335762233
2.5413799999974556	5.494368296714699
2.5413819999974554	5.494309620573687
2.5413839999974552	5.494251308376773
2.541385999997455	5.494193361142658
2.541387999997455	5.4941357798713115
2.5413899999974547	5.494078565543088
2.5413919999974546	5.494021719118861
2.5413939999974544	5.493965241545947
2.5413959999974542	5.493909133748953
2.541397999997454	5.493853396638024
2.541399999997454	5.49379803110285
2.5414019999974538	5.49374303801567
2.5414039999974536	5.493688418231001
2.5414059999974534	5.493634172585752
2.5414079999974533	5.493580301899319
2.541409999997453	5.49352680697367
2.541411999997453	5.49347368859346
2.5414139999974528	5.493420947526097
2.5414159999974526	5.493368584521794
2.5414179999974524	5.493316600313626
2.5414199999974523	5.49326499561761
2.541421999997452	5.493213771133101
2.541423999997452	5.493162927541411
2.541425999997452	5.493112465507275
2.5414279999974516	5.493062385678164
2.5414299999974514	5.493012688684482
2.5414319999974513	5.492963375139387
2.541433999997451	5.492914445638738
2.541435999997451	5.492865900760999
2.541437999997451	5.492817741067145
2.5414399999974506	5.492769967100552
2.5414419999974505	5.492722579386848
2.5414439999974503	5.492675578433804
2.54144599999745	5.4926289647312
2.54144799999745	5.492582738750641
2.54144999999745	5.492536900945426
2.5414519999974496	5.492491451750392
2.5414539999974495	5.492446391581748
2.5414559999974493	5.492401720836918
2.541457999997449	5.492357439894388
2.541459999997449	5.49231354911353
2.541461999997449	5.492270048834429
2.5414639999974487	5.492226939377793
2.5414659999974485	5.492184221044846
2.5414679999974483	5.492141894117189
2.541469999997448	5.4920999588566355
2.541471999997448	5.49205841550514
2.541473999997448	5.492017264284674
2.5414759999974477	5.4919765053972665
2.5414779999974475	5.491936139024966
2.5414799999974473	5.491896165329675
2.541481999997447	5.491856584453274
2.541483999997447	5.4918173965175905
2.541485999997447	5.491778601624435
2.5414879999974467	5.491740199855703
2.5414899999974465	5.491702191273452
2.5414919999974463	5.491664575920027
2.541493999997446	5.491627353818192
2.541495999997446	5.491590524971308
2.541497999997446	5.4915540893667565
2.5414999999974457	5.491518046968872
2.5415019999974455	5.491482397721779
2.5415039999974454	5.49144714155348
2.541505999997445	5.491412278373819
2.541507999997445	5.491377808074804
2.541509999997445	5.491343730530969
2.5415119999974447	5.4913100455997546
2.5415139999974445	5.4912767531218885
2.5415159999974444	5.491243852921802
2.541517999997444	5.491211344808091
2.541519999997444	5.491179228573978
2.541521999997444	5.491147503997747
2.5415239999974437	5.491116170843272
2.5415259999974436	5.4910852288605145
2.5415279999974434	5.491054677786044
2.5415299999974432	5.491024517343556
2.541531999997443	5.490994747244395
2.541533999997443	5.49096536718817
2.5415359999974427	5.490936376863264
2.5415379999974426	5.4909077759473695
2.5415399999974424	5.490879564108084
2.5415419999974422	5.490851741003469
2.541543999997442	5.490824306282581
2.541545999997442	5.490797259586046
2.5415479999974417	5.490770600546588
2.5415499999974416	5.490744328789581
2.5415519999974414	5.49071844393354
2.5415539999974412	5.490692945590678
2.541555999997441	5.490667833367356
2.541557999997441	5.490643106864581
2.5415599999974408	5.490618765678432
2.5415619999974406	5.490594809400576
2.5415639999974404	5.490571237618653
2.5415659999974403	5.4905480499165895
2.54156799999744	5.4905252458749985
2.54156999999744	5.490502825071534
2.5415719999974398	5.490480787081181
2.5415739999974396	5.490459131476529
2.5415759999974394	5.490437857827999
2.5415779999974393	5.490416965704056
2.541579999997439	5.490396454671387
2.541581999997439	5.490376324295021
2.541583999997439	5.490356574134907
2.5415859999974386	5.490337203755654
2.5415879999974385	5.490318212718642
2.5415899999974383	5.490299600583007
2.541591999997438	5.490281366906358
2.541593999997438	5.490263511244772
2.541595999997438	5.490246033152647
2.5415979999974376	5.4902289321825855
2.5415999999974375	5.490212207885224
2.5416019999974373	5.490195859809037
2.541603999997437	5.490179887500123
2.541605999997437	5.490164290501936
2.541607999997437	5.490149068355046
2.5416099999974366	5.490134220596052
2.5416119999974365	5.490119746759356
2.5416139999974363	5.490105646375216
2.541615999997436	5.490091918969503
2.541617999997436	5.490078564063575
2.541619999997436	5.490065581173926
2.5416219999974357	5.490052969811795
2.5416239999974355	5.490040729482818
2.5416259999974353	5.490028859686679
2.541627999997435	5.490017359925572
2.541629999997435	5.490006229681163
2.541631999997435	5.489995468429364
2.5416339999974347	5.489985075642475
2.5416359999974345	5.489975050785177
2.5416379999974343	5.489965393314118
2.541639999997434	5.489956102677718
2.541641999997434	5.489947178315939
2.541643999997434	5.489938619660032
2.5416459999974337	5.489930426132339
2.5416479999974335	5.489922597146124
2.5416499999974334	5.489915132105436
2.541651999997433	5.489908030405012
2.541653999997433	5.4899012914302
2.541655999997433	5.489894914556924
2.5416579999974327	5.489888899151697
2.5416599999974325	5.489883244571636
2.5416619999974324	5.489877950164561
2.541663999997432	5.489873015269094
2.541665999997432	5.4898684392148125
2.541667999997432	5.48986422132243
2.5416699999974317	5.489860360904013
2.5416719999974315	5.4898568572632644
2.5416739999974314	5.489853709695804
2.541675999997431	5.489850917489474
2.541677999997431	5.489848479924668
2.541679999997431	5.489846396274781
2.5416819999974307	5.489844665801105
2.5416839999974306	5.489843287766453
2.5416859999974304	5.489842261429061
2.5416879999974302	5.48984158603858
2.54168999999743	5.489841260839917
2.54169199999743	5.489841285073804
2.5416939999974297	5.489841657977283
2.5416959999974296	5.4898423787842505
2.5416979999974294	5.489843446726045
2.5416999999974292	5.489844861031989
2.541701999997429	5.489846620929929
2.541703999997429	5.489848725646814
2.5417059999974287	5.4898511744092655
2.5417079999974286	5.489853966444545
2.5417099999974284	5.4898571009811885
2.5417119999974283	5.489860577247015
2.541713999997428	5.489864394472818
2.541715999997428	5.489868551891749
2.5417179999974278	5.489873048739812
2.5417199999974276	5.489877884256305
2.5417219999974274	5.48988305768435
2.5417239999974273	5.48988856827129
2.541725999997427	5.489894415269109
2.541727999997427	5.489900597934814
2.5417299999974268	5.48990711553441
2.5417319999974266	5.489913967333388
2.5417339999974264	5.489921152604543
2.5417359999974263	5.489928670628314
2.541737999997426	5.489936520691654
2.541739999997426	5.489944702088245
2.541741999997426	5.489953214118716
2.5417439999974256	5.489962056090766
2.5417459999974255	5.489971227319289
2.5417479999974253	5.489980727126477
2.541749999997425	5.489990554841869
2.541751999997425	5.49000070980239
2.541753999997425	5.490011191352351
2.5417559999974246	5.490021998843425
2.5417579999974245	5.490033131634593
2.5417599999974243	5.490044589092079
2.541761999997424	5.490056370589242
2.541763999997424	5.490068475506461
2.541765999997424	5.490080903231001
2.5417679999974236	5.490093653156842
2.5417699999974235	5.490106724684524
2.5417719999974233	5.490120117220926
2.541773999997423	5.490133830179106
2.541775999997423	5.490147862978043
2.541777999997423	5.490162215042471
2.5417799999974227	5.490176885802591
2.5417819999974225	5.490191874693876
2.5417839999974223	5.490207181157711
2.541785999997422	5.490222804637655
2.541787999997422	5.490238744584566
2.541789999997422	5.490255000452674
2.5417919999974217	5.490271571700202
2.5417939999974215	5.490288457789318
2.5417959999974213	5.490305658185866
2.541797999997421	5.490323172359172
2.541799999997421	5.490340999781857
2.541801999997421	5.490359139929625
2.5418039999974207	5.490377592281186
2.5418059999974205	5.490396356318118
2.5418079999974204	5.490415431524645
2.54180999999742	5.490434817387602
2.54181199999742	5.490454513396331
2.54181399999742	5.490474519042609
2.5418159999974197	5.490494833822317
2.5418179999974195	5.490515457231089
2.5418199999974194	5.490536388767056
2.541821999997419	5.490557627931513
2.541823999997419	5.4905791742282
2.541825999997419	5.490601027163318
2.5418279999974187	5.49062318624563
2.5418299999974185	5.490645650986563
2.5418319999974184	5.490668420900333
2.541833999997418	5.490691495504017
2.541835999997418	5.490714874317803
2.541837999997418	5.490738556865154
2.5418399999974177	5.490762542672725
2.5418419999974176	5.490786831271077
2.5418439999974174	5.490811422194694
2.5418459999974172	5.490836314981992
2.541847999997417	5.49086150917567
2.541849999997417	5.490887004323023
2.5418519999974167	5.490912799976147
2.5418539999974166	5.490938895692206
2.5418559999974164	5.490965291033689
2.5418579999974162	5.490991985568696
2.541859999997416	5.491018978871183
2.541861999997416	5.4910462705116485
2.5418639999974157	5.4910738600834055
2.5418659999974156	5.491101747182046
2.5418679999974154	5.491129931407632
2.5418699999974153	5.491158412367356
2.541871999997415	5.491187189675796
2.541873999997415	5.491216262955122
2.5418759999974148	5.4912456318353
2.5418779999974146	5.491275295954307
2.5418799999974144	5.491305254958395
2.5418819999974143	5.491335508502126
2.541883999997414	5.491366056248566
2.541885999997414	5.491396897869433
2.5418879999974138	5.491428033045189
2.5418899999974136	5.49145946146518
2.5418919999974134	5.491491182827631
2.5418939999974133	5.4915231968400615
2.541895999997413	5.491555503218628
2.541897999997413	5.491588101688391
2.541899999997413	5.491620991983638
2.5419019999974126	5.4916541738476115
2.5419039999974125	5.4916876470325064
2.5419059999974123	5.491721411299395
2.541907999997412	5.491755466415964
2.541909999997412	5.491789812160598
2.541911999997412	5.491824448322512
2.5419139999974116	5.491859374697073
2.5419159999974115	5.491894591087892
2.5419179999974113	5.491930097306581
2.541919999997411	5.491965893172585
2.541921999997411	5.492001978512983
2.541923999997411	5.492038353162244
2.5419259999974106	5.4920750169620165
2.5419279999974105	5.492111969760855
2.5419299999974103	5.492149211413992
2.54193199999741	5.492186741783175
2.54193399999741	5.492224560736138
2.54193599999741	5.492262668146483
2.5419379999974097	5.492301063893461
2.5419399999974095	5.49233974786141
2.5419419999974093	5.492378719940052
2.541943999997409	5.492417980023937
2.541945999997409	5.492457528008212
2.541947999997409	5.492497363801853
2.5419499999974087	5.492537487310036
2.5419519999974085	5.492577898443653
2.5419539999974083	5.492618597117103
2.541955999997408	5.492659583247973
2.541957999997408	5.492700856756907
2.541959999997408	5.492742417567338
2.5419619999974077	5.492784265605292
2.5419639999974075	5.492826400799194
2.5419659999974074	5.492868823079699
2.541967999997407	5.492911532379512
2.541969999997407	5.492954528633244
2.541971999997407	5.492997811777244
2.5419739999974067	5.493041381749521
2.5419759999974065	5.493085238489585
2.5419779999974064	5.493129381938383
2.541979999997406	5.493173812038184
2.541981999997406	5.4932185287325375
2.541983999997406	5.493263531966199
2.5419859999974057	5.493308821685086
2.5419879999974055	5.493354397836246
2.5419899999974054	5.493400260367845
2.541991999997405	5.49344640922915
2.541993999997405	5.493492844370545
2.541995999997405	5.493539565743516
2.5419979999974047	5.4935865733007025
2.5419999999974046	5.493633866995931
2.5420019999974044	5.493681446784244
2.5420039999974042	5.49372931262192
2.542005999997404	5.493777464466555
2.542007999997404	5.493825902277121
2.5420099999974037	5.493874626014135
2.5420119999974036	5.493923635639376
2.5420139999974034	5.493972931116371
2.5420159999974032	5.494022512410248
2.542017999997403	5.494072379487875
2.542019999997403	5.494122532317925
2.5420219999974027	5.494172970870954
2.5420239999974026	5.4942236951194765
2.5420259999974024	5.4942747050380465
2.5420279999974023	5.494326000603336
2.542029999997402	5.4943775817942155
2.542031999997402	5.494429448591854
2.5420339999974018	5.494481600979726
2.5420359999974016	5.494534038943743
2.5420379999974014	5.494586762472278
2.5420399999974013	5.494639771556271
2.542041999997401	5.4946930661892655
2.542043999997401	5.494746646367479
2.5420459999974008	5.494800512089936
2.5420479999974006	5.4948546633583275
2.5420499999974004	5.4949091001771935
2.5420519999974003	5.494963822553983
2.5420539999974	5.4950188304990775
2.5420559999974	5.495074124025814
2.5420579999974	5.495129703150558
2.5420599999973996	5.495185567892732
2.5420619999973995	5.495241718274837
2.5420639999973993	5.495298154322497
2.542065999997399	5.495354876064463
2.542067999997399	5.495411883532744
2.542069999997399	5.495469176762507
2.5420719999973986	5.4955267557921745
2.5420739999973985	5.495584620663445
2.5420759999973983	5.495642771421331
2.542077999997398	5.495701208114174
2.542079999997398	5.4957599307945895
2.542081999997398	5.495818939513544
2.5420839999973976	5.495878234333198
2.5420859999973975	5.495937815315459
2.5420879999973973	5.49599768252578
2.542089999997397	5.4960578360331285
2.542091999997397	5.496118275910024
2.542093999997397	5.496179002232613
2.5420959999973967	5.496240015080655
2.5420979999973965	5.496301314537593
2.5420999999973963	5.496362900690585
2.542101999997396	5.4964247736305545
2.542103999997396	5.4964869334522355
2.542105999997396	5.496549380254217
2.5421079999973957	5.496612114139002
2.5421099999973955	5.496675135213054
2.5421119999973953	5.496738443586864
2.542113999997395	5.496802039374992
2.542115999997395	5.49686592269614
2.542117999997395	5.496930093673212
2.5421199999973947	5.49699455243337
2.5421219999973945	5.497059299114802
2.5421239999973944	5.497124333847469
2.542125999997394	5.497189656770502
2.542127999997394	5.497255268028871
2.542129999997394	5.497321167772022
2.5421319999973937	5.49738735615416
2.5421339999973935	5.497453833334269
2.5421359999973934	5.497520599477939
2.542137999997393	5.497587654752423
2.542139999997393	5.497654999331135
2.542141999997393	5.497722633392901
2.5421439999973927	5.497790557121717
2.5421459999973925	5.497858770706827
2.5421479999973924	5.497927274342831
2.542149999997392	5.497996068229737
2.542151999997392	5.4980651525730675
2.542153999997392	5.498134527583936
2.5421559999973917	5.498204193477627
2.5421579999973916	5.498274150478304
2.5421599999973914	5.4983443988143845
2.5421619999973912	5.498414938721893
2.542163999997391	5.4984857704396655
2.542165999997391	5.498556894214206
2.5421679999973907	5.498628310298272
2.5421699999973906	5.498700018948563
2.5421719999973904	5.498772020436624
2.5421739999973902	5.498844315030603
2.54217599999739	5.498916903009741
2.54217799999739	5.498989784654754
2.5421799999973897	5.499062960260618
2.5421819999973896	5.499136430130502
2.5421839999973894	5.499210194566071
2.5421859999973893	5.499284253879891
2.542187999997389	5.499358608391573
2.542189999997389	5.4994332584278505
2.5421919999973888	5.499508204322666
2.5421939999973886	5.499583446417224
2.5421959999973884	5.4996589850600905
2.5421979999973883	5.499734820607242
2.542199999997388	5.49981095342213
2.542201999997388	5.499887383875766
2.5422039999973878	5.499964112346758
2.5422059999973876	5.500041139221385
2.5422079999973874	5.500118464893646
2.5422099999973873	5.5001960897652955
2.542211999997387	5.500274014245927
2.542213999997387	5.5003522387529165
2.542215999997387	5.500430763711652
2.5422179999973866	5.500509589555518
2.5422199999973865	5.500588716725749
2.5422219999973863	5.500668145671475
2.542223999997386	5.50074787685005
2.542225999997386	5.5008279107267635
2.542227999997386	5.50090824777058
2.5422299999973856	5.5009888884673614
2.5422319999973855	5.501069833306477
2.5422339999973853	5.501151082785342
2.542235999997385	5.501232637409419
2.542237999997385	5.501314497692166
2.542239999997385	5.501396664155044
2.5422419999973846	5.501479137327457
2.5422439999973845	5.501561917746729
2.5422459999973843	5.501645005958059
2.542247999997384	5.501728402516144
2.542249999997384	5.501812107980132
2.542251999997384	5.501896122918482
2.5422539999973837	5.501980447907782
2.5422559999973835	5.502065083531451
2.5422579999973833	5.502150030380433
2.542259999997383	5.502235289053266
2.542261999997383	5.502320860155655
2.542263999997383	5.502406744300703
2.5422659999973827	5.502492942108476
2.5422679999973825	5.502579454205994
2.5422699999973823	5.502666281227096
2.542271999997382	5.502753423812345
2.542273999997382	5.502840882608861
2.542275999997382	5.502928658270161
2.5422779999973817	5.503016751456065
2.5422799999973815	5.503105162832544
2.5422819999973814	5.503193893071521
2.542283999997381	5.503282942850728
2.542285999997381	5.50337231285353
2.542287999997381	5.50346200376878
2.5422899999973807	5.50355201629061
2.5422919999973805	5.503642351118263
2.5422939999973804	5.503733008955938
2.54229599999738	5.503823990512586
2.54229799999738	5.5039152965017015
2.54229999999738	5.504006927641151
2.5423019999973797	5.504098884653329
2.5423039999973795	5.504191168264511
2.5423059999973794	5.504283779203812
2.542307999997379	5.504376718204606
2.542309999997379	5.504469986003653
2.542311999997379	5.504563583340883
2.5423139999973787	5.504657510959207
2.5423159999973786	5.504751769604319
2.5423179999973784	5.504846360026952
2.5423199999973782	5.504941282976355
2.542321999997378	5.505036539204224
2.542323999997378	5.505132129465355
2.5423259999973777	5.50522805451633
2.5423279999973776	5.505324315112909
2.5423299999973774	5.50542091201845
2.5423319999973772	5.505517845993471
2.542333999997377	5.505615117798687
2.542335999997377	5.505712728196757
2.5423379999973768	5.5058106779510005
2.5423399999973766	5.50590896782525
2.5423419999973764	5.506007598583645
2.5423439999973763	5.506106570990486
2.542345999997376	5.506205885810074
2.542347999997376	5.506305543806547
2.5423499999973758	5.50640554574374
2.5423519999973756	5.506505892385025
2.5423539999973754	5.506606584490801
2.5423559999973753	5.506707622824383
2.542357999997375	5.506809008148161
2.542359999997375	5.506910741222365
2.5423619999973748	5.5070128228061375
2.5423639999973746	5.507115253655523
2.5423659999973744	5.507218034529203
2.5423679999973743	5.507321166182364
2.542369999997374	5.507424649368791
2.542371999997374	5.507528484840722
2.542373999997374	5.507632673348761
2.5423759999973736	5.507737215641808
2.5423779999973735	5.507842112467018
2.5423799999973733	5.507947364569736
2.542381999997373	5.508052972693469
2.542383999997373	5.508158937579821
2.542385999997373	5.5082652599684865
2.5423879999973726	5.508371940597217
2.5423899999973725	5.5084789802018355
2.5423919999973723	5.5085863795161645
2.542393999997372	5.508694139272086
2.542395999997372	5.5088022601995315
2.542397999997372	5.508910743026482
2.5423999999973717	5.509019588479005
2.5424019999973715	5.5091287972812655
2.5424039999973713	5.509238370155568
2.542405999997371	5.509348307822371
2.542407999997371	5.509458610998509
2.542409999997371	5.509569280402503
2.5424119999973707	5.5096803167501465
2.5424139999973705	5.509791720755087
2.5424159999973703	5.50990349312943
2.54241799999737	5.510015634583812
2.54241999999737	5.510128145827451
2.54242199999737	5.510241027568244
2.5424239999973697	5.510354280512827
2.5424259999973695	5.51046790536666
2.5424279999973693	5.510581902834136
2.542429999997369	5.510696273618644
2.542431999997369	5.510811018422672
2.542433999997369	5.510926137947903
2.5424359999973687	5.5110416328953
2.5424379999973685	5.511157503965192
2.5424399999973684	5.511273751856974
2.542441999997368	5.5113903772776975
2.542443999997368	5.51150738091876
2.542445999997368	5.5116247634789675
2.5424479999973677	5.511742525656941
2.5424499999973675	5.511860668151408
2.5424519999973674	5.511979191660808
2.542453999997367	5.512098096883042
2.542455999997367	5.51221738451705
2.542457999997367	5.5123370552621385
2.5424599999973667	5.512457109817547
2.5424619999973666	5.512577548883034
2.5424639999973664	5.51269837315853
2.542465999997366	5.512819583344387
2.542467999997366	5.512941180141585
2.542469999997366	5.513063164251647
2.5424719999973657	5.513185536376663
2.5424739999973656	5.513308297219335
2.5424759999973654	5.51343144748298
2.5424779999973652	5.513554987871554
2.542479999997365	5.513678919089649
2.542481999997365	5.513803241842478
2.5424839999973647	5.513927956835882
2.5424859999973646	5.514053064776255
2.5424879999973644	5.514178566370614
2.5424899999973642	5.514304462326471
2.542491999997364	5.514430753351825
2.542493999997364	5.514557440155107
2.5424959999973638	5.514684523445081
2.5424979999973636	5.514812003930769
2.5424999999973634	5.514939882321383
2.5425019999973633	5.51506815932625
2.542503999997363	5.515196835654675
2.542505999997363	5.515325912015847
2.5425079999973628	5.515455389118692
2.5425099999973626	5.515585267671774
2.5425119999973624	5.515715548383137
2.5425139999973623	5.5158462319601576
2.542515999997362	5.51597731910939
2.542517999997362	5.516108810536398
2.542519999997362	5.516240706945568
2.5425219999973616	5.516373009039949
2.5425239999973615	5.516505717521038
2.5425259999973613	5.516638833088571
2.542527999997361	5.516772356440238
2.542529999997361	5.516906288283139
2.542531999997361	5.517040629302168
2.5425339999973606	5.5171753801849786
2.5425359999973605	5.517310541619256
2.5425379999973603	5.517446114289517
2.54253999999736	5.51758209887691
2.54254199999736	5.517718496058955
2.54254399999736	5.517855306509277
2.5425459999973596	5.51799253089727
2.5425479999973595	5.518130169887781
2.5425499999973593	5.518268224140997
2.542551999997359	5.518406694312031
2.542553999997359	5.518545581050603
2.542555999997359	5.518684885000749
2.5425579999973587	5.518824606800529
2.5425599999973585	5.51896474708264
2.5425619999973583	5.519105306472043
2.542563999997358	5.519246285585944
2.542565999997358	5.519387685035151
2.542567999997358	5.519529505422826
2.5425699999973577	5.519671747344148
2.5425719999973575	5.519814411385981
2.5425739999973573	5.519957498126503
2.542575999997357	5.52010100813485
2.542577999997357	5.520244941975132
2.542579999997357	5.520389300193834
2.5425819999973567	5.5205340833278225
2.5425839999973565	5.520679291906662
2.5425859999973563	5.520824926451283
2.542587999997356	5.520970987469231
2.542589999997356	5.521117475456582
2.542591999997356	5.521264390897537
2.5425939999973557	5.521411734264107
2.5425959999973555	5.521559506015766
2.5425979999973554	5.521707706599163
2.542599999997355	5.521856336447717
2.542601999997355	5.52200539598133
2.542603999997355	5.5221548856060725
2.5426059999973547	5.522304805713896
2.5426079999973545	5.522455156682288
2.5426099999973544	5.522605938874023
2.542611999997354	5.5227571526368715
2.542613999997354	5.5229087983033285
2.542615999997354	5.523060876190372
2.5426179999973537	5.523213386599209
2.5426199999973536	5.523366329815062
2.5426219999973534	5.5235197061069465
2.5426239999973532	5.523673515727493
2.542625999997353	5.523827758912738
2.542627999997353	5.523982435881982
2.5426299999973527	5.524137546837644
2.5426319999973526	5.524293091965125
2.5426339999973524	5.524449071432713
2.5426359999973522	5.524605485391467
2.542637999997352	5.52476233397514
2.542639999997352	5.5249196173001565
2.5426419999973517	5.525077335465562
2.5426439999973516	5.525235488553053
2.5426459999973514	5.5253940766257115
2.5426479999973512	5.525553099730511
2.542649999997351	5.525712557898001
2.542651999997351	5.52587245114044
2.5426539999973508	5.526032779452829
2.5426559999973506	5.526193542813099
2.5426579999973504	5.5263547411821685
2.5426599999973503	5.52651637450407
2.54266199999735	5.526678442706073
2.54266399999735	5.52684094569886
2.5426659999973498	5.527003883376682
2.5426679999973496	5.52716725561753
2.5426699999973494	5.527331062283331
2.5426719999973493	5.527495303220145
2.542673999997349	5.527659978258353
2.542675999997349	5.527825087212895
2.542677999997349	5.527990629883477
2.5426799999973486	5.5281566060264575
2.5426819999973485	5.528323015423222
2.5426839999973483	5.528489857848619
2.542685999997348	5.528657133046923
2.542687999997348	5.528824840739089
2.542689999997348	5.528992980638241
2.5426919999973476	5.52916155244391
2.5426939999973475	5.529330555842153
2.5426959999973473	5.529499990505917
2.542697999997347	5.529669856095097
2.542699999997347	5.529840152256859
2.542701999997347	5.5300108786257915
2.5427039999973466	5.530182034824096
2.5427059999973465	5.5303536204617885
2.5427079999973463	5.530525635136812
2.542709999997346	5.530698078435266
2.542711999997346	5.530870949931506
2.542713999997346	5.531044249188297
2.5427159999973457	5.531217975756929
2.5427179999973455	5.53139212917734
2.5427199999973453	5.531566708978207
2.542721999997345	5.531741714677033
2.542723999997345	5.531917145780224
2.542725999997345	5.53209300178314
2.5427279999973447	5.532269282170158
2.5427299999973445	5.532445986414714
2.5427319999973443	5.532623113979351
2.542733999997344	5.532800664326849
2.542735999997344	5.532978636888278
2.542737999997344	5.533157031091722
2.5427399999973437	5.533335846356136
2.5427419999973435	5.5335150820895445
2.5427439999973434	5.533694737689048
2.542745999997343	5.533874812540804
2.542747999997343	5.534055306019969
2.542749999997343	5.534236217490684
2.5427519999973427	5.534417546306021
2.5427539999973425	5.534599291807947
2.5427559999973424	5.5347814533272555
2.542757999997342	5.534964030183599
2.542759999997342	5.535147021685382
2.542761999997342	5.535330427129755
2.5427639999973417	5.535514245802557
2.5427659999973415	5.535698476978296
2.5427679999973414	5.535883119920123
2.542769999997341	5.536068173879807
2.542771999997341	5.536253638097716
2.542773999997341	5.536439511802809
2.5427759999973407	5.5366257942126085
2.5427779999973406	5.536812484533258
2.5427799999973404	5.5369995819594955
2.5427819999973402	5.537187085674704
2.54278399999734	5.537374994850912
2.54278599999734	5.537563308648842
2.5427879999973397	5.537752026217916
2.5427899999973396	5.537941146696445
2.5427919999973394	5.538130669211664
2.5427939999973392	5.538320592879675
2.542795999997339	5.538510916805651
2.542797999997339	5.538701640083932
2.5427999999973387	5.5388927617980785
2.5428019999973386	5.539084281021031
2.5428039999973384	5.539276196815216
2.5428059999973383	5.53946850823271
2.542807999997338	5.539661214316939
2.542809999997338	5.5398543140990375
2.5428119999973378	5.54004780659994
2.5428139999973376	5.54024169083175
2.5428159999973374	5.54043596579698
2.5428179999973373	5.540630630488749
2.542819999997337	5.540825683890956
2.542821999997337	5.541021124978519
2.5428239999973368	5.541216952717477
2.5428259999973366	5.541413166065234
2.5428279999973364	5.541609763970774
2.5428299999973363	5.54180674537487
2.542831999997336	5.542004109210278
2.542833999997336	5.5422018544019584
2.542835999997336	5.5423999798672865
2.5428379999973356	5.542598484516271
2.5428399999973355	5.542797367250443
2.5428419999973353	5.542996626966269
2.542843999997335	5.543196262553754
2.542845999997335	5.54339627289569
2.542847999997335	5.543596656868552
2.5428499999973346	5.543797413342872
2.5428519999973345	5.54399854118339
2.5428539999973343	5.544200039249317
2.542855999997334	5.544401906396071
2.542857999997334	5.544604141471841
2.542859999997334	5.544806743319608
2.5428619999973336	5.54500971077869
2.5428639999973335	5.545213042684091
2.5428659999973333	5.545416737866705
2.542867999997333	5.54562079515357
2.542869999997333	5.5458252133683095
2.542871999997333	5.546029991331129
2.5428739999973327	5.546235127858833
2.5428759999973325	5.546440621765702
2.5428779999973323	5.546646471863534
2.542879999997332	5.546852676961804
2.542881999997332	5.547059235868006
2.542883999997332	5.547266147388939
2.5428859999973317	5.547473410328529
2.5428879999973315	5.547681023490011
2.5428899999973313	5.54788898567656
2.542891999997331	5.5480972956895505
2.542893999997331	5.548305952332132
2.542895999997331	5.548514954406113
2.5428979999973307	5.548724300714351
2.5428999999973305	5.548933990060579
2.5429019999973304	5.549144021249725
2.54290399999733	5.549354393088261
2.54290599999733	5.549565104384541
2.54290799999733	5.549776153949169
2.5429099999973297	5.549987540595321
2.5429119999973295	5.550199263139104
2.5429139999973294	5.550411320399873
2.542915999997329	5.550623711200641
2.542917999997329	5.550836434368375
2.542919999997329	5.551049488734338
2.5429219999973287	5.551262873134448
2.5429239999973285	5.5514765864102324
2.5429259999973284	5.551690627407696
2.542927999997328	5.551904994978162
2.542929999997328	5.55211968797933
2.542931999997328	5.552334705275128
2.5429339999973277	5.55255004573599
2.5429359999973276	5.552765708239136
2.5429379999973274	5.552981691668813
2.5429399999973272	5.553197994916572
2.542941999997327	5.553414616881487
2.542943999997327	5.553631556470376
2.5429459999973267	5.553848812597976
2.5429479999973266	5.554066384187157
2.5429499999973264	5.554284270169083
2.5429519999973262	5.554502469483326
2.542953999997326	5.5547209810780025
2.542955999997326	5.554939803909895
2.5429579999973257	5.555158936944499
2.5429599999973256	5.555378379156102
2.5429619999973254	5.555598129527825
2.5429639999973253	5.555818187051617
2.542965999997325	5.5560385507282595
2.542967999997325	5.556259219567324
2.5429699999973248	5.556480192587126
2.5429719999973246	5.5567014688146115
2.5429739999973244	5.556923047285279
2.5429759999973243	5.557144927043067
2.542977999997324	5.557367107140228
2.542979999997324	5.55758958663705
2.5429819999973238	5.557812364601748
2.5429839999973236	5.558035440110262
2.5429859999973234	5.5582588122458985
2.5429879999973233	5.558482480099204
2.542989999997323	5.558706442767596
2.542991999997323	5.558930699355097
2.542993999997323	5.559155248971992
2.5429959999973226	5.559380090734485
2.5429979999973225	5.559605223764349
2.5429999999973223	5.55983064718853
2.543001999997322	5.560056360138809
2.543003999997322	5.560282361751344
2.543005999997322	5.560508651166268
2.5430079999973216	5.560735227526949
2.5430099999973215	5.560962089980584
2.5430119999973213	5.561189237676655
2.543013999997321	5.561416669766866
2.543015999997321	5.561644385404712
2.543017999997321	5.561872383745
2.5430199999973206	5.562100663943415
2.5430219999973205	5.562329225156062
2.5430239999973203	5.56255806653901
2.54302599999732	5.562787187247904
2.54302799999732	5.563016586437486
2.54302999999732	5.563246263261212
2.5430319999973197	5.5634762168708685
2.5430339999973195	5.563706446416177
2.5430359999973193	5.563936951044466
2.543037999997319	5.564167729900306
2.543039999997319	5.564398782125223
2.543041999997319	5.564630106857416
2.5430439999973187	5.56486170323153
2.5430459999973185	5.565093570378429
2.5430479999973183	5.5653257074250195
2.543049999997318	5.565558113490763
2.543051999997318	5.565790787696489
2.543053999997318	5.566023729158526
2.5430559999973177	5.5662569369876564
2.5430579999973175	5.5664904102884885
2.5430599999973174	5.566724148162551
2.543061999997317	5.566958149707596
2.543063999997317	5.567192414016995
2.543065999997317	5.5674269401802485
2.5430679999973167	5.567661727283523
2.5430699999973165	5.567896774409713
2.5430719999973164	5.5681320806387475
2.543073999997316	5.56836764504794
2.543075999997316	5.568603466712244
2.543077999997316	5.568839544705048
2.5430799999973157	5.56907587809832
2.5430819999973155	5.5693124659631135
2.5430839999973154	5.569549307370125
2.543085999997315	5.569786401390229
2.543087999997315	5.570023747094837
2.543089999997315	5.570261343556953
2.5430919999973147	5.5704991898515255
2.5430939999973146	5.5707372850558725
2.5430959999973144	5.5709756282504195
2.5430979999973142	5.571214218519368
2.543099999997314	5.571453054951256
2.543101999997314	5.571692136639606
2.5431039999973137	5.571931462683542
2.5431059999973136	5.572171032188379
2.5431079999973134	5.572410844266235
2.5431099999973132	5.572650898036661
2.543111999997313	5.5728911926271465
2.543113999997313	5.573131727173685
2.5431159999973127	5.573372500821359
2.5431179999973126	5.573613512726305
2.5431199999973124	5.573854762051573
2.5431219999973123	5.574096247972657
2.543123999997312	5.574337969675826
2.543125999997312	5.574579926358815
2.5431279999973118	5.574822117231095
2.5431299999973116	5.575064541514319
2.5431319999973114	5.575307198442698
2.5431339999973113	5.575550087263275
2.543135999997311	5.575793207236241
2.543137999997311	5.576036557635163
2.5431399999973108	5.576280137747255
2.5431419999973106	5.576523946873555
2.5431439999973104	5.576767984329206
2.5431459999973103	5.577012249443562
2.54314799999731	5.577256741560346
2.54314999999731	5.577501460037847
2.54315199999731	5.5777464042488925
2.5431539999973096	5.577991573580988
2.5431559999973095	5.578236967436484
2.5431579999973093	5.5784825852325906
2.543159999997309	5.578728426401421
2.543161999997309	5.578974490390025
2.543163999997309	5.579220776660413
2.5431659999973086	5.579467284689579
2.5431679999973085	5.579714013969494
2.5431699999973083	5.579960964007073
2.543171999997308	5.5802081343241685
2.543173999997308	5.580455524457547
2.543175999997308	5.5807031339587905
2.5431779999973076	5.580950962394289
2.5431799999973075	5.581199009342863
2.5431819999973073	5.581447274400764
2.543183999997307	5.581695757179964
2.543185999997307	5.581944457307914
2.543187999997307	5.58219337442432
2.5431899999973067	5.582442508179039
2.5431919999973065	5.582691858239646
2.5431939999973063	5.582941424287187
2.543195999997306	5.583191206016355
2.543197999997306	5.583441203135495
2.543199999997306	5.583691415366237
2.5432019999973057	5.583941842443257
2.5432039999973055	5.584192484114011
2.5432059999973053	5.584443340138484
2.543207999997305	5.584694410288888
2.543209999997305	5.58494569434935
2.543211999997305	5.585197192115592
2.5432139999973047	5.585448903394574
2.5432159999973045	5.585700828004135
2.5432179999973044	5.5859529657725995
2.543219999997304	5.586205316538363
2.543221999997304	5.586457880149487
2.543223999997304	5.586710656463251
2.5432259999973037	5.586963645345692
2.5432279999973035	5.587216846671157
2.5432299999973034	5.587470260321784
2.543231999997303	5.587723886187057
2.543233999997303	5.587977724163267
2.543235999997303	5.588231774153007
2.5432379999973027	5.5884860360649915
2.5432399999973025	5.588740509810887
2.5432419999973024	5.588995195312156
2.543243999997302	5.589250092490347
2.543245999997302	5.589505201270019
2.543247999997302	5.589760521582042
2.5432499999973017	5.5900160533585765
2.5432519999973016	5.590271796533956
2.5432539999973014	5.5905277510440685
2.5432559999973012	5.590783916827762
2.543257999997301	5.59104029382175
2.543259999997301	5.591296881962424
2.5432619999973007	5.591553681189111
2.5432639999973006	5.591810691439178
2.5432659999973004	5.592067912648984
2.5432679999973002	5.592325344753524
2.5432699999973	5.592582987686028
2.5432719999973	5.592840841377712
2.5432739999972998	5.59309890575731
2.5432759999972996	5.59335718075089
2.5432779999972994	5.593615666281597
2.5432799999972993	5.593874362269263
2.543281999997299	5.594133268630523
2.543283999997299	5.5943923852784785
2.5432859999972988	5.594651712122375
2.5432879999972986	5.594911249067591
2.5432899999972984	5.595170996015485
2.5432919999972983	5.595430952863318
2.543293999997298	5.59569111950116
2.543295999997298	5.59595149582001
2.5432979999972978	5.596212081705498
2.5432999999972976	5.5964728770380185
2.5433019999972974	5.596733881693748
2.5433039999972973	5.5969950955445915
2.543305999997297	5.597256518458316
2.543307999997297	5.597518150298568
2.543309999997297	5.597779990924948
2.5433119999972966	5.598042040193095
2.5433139999972965	5.59830429795478
2.5433159999972963	5.598566764058004
2.543317999997296	5.59882943834713
2.543319999997296	5.599092320662987
2.543321999997296	5.59935541084297
2.5433239999972956	5.5996187087211755
2.5433259999972955	5.599882214128555
2.5433279999972953	5.600145926893028
2.543329999997295	5.600409846839606
2.543331999997295	5.600673973790534
2.543333999997295	5.600938307565402
2.5433359999972946	5.6012028479812574
2.5433379999972945	5.601467594852746
2.5433399999972943	5.601732547992207
2.543341999997294	5.601997707209768
2.543343999997294	5.602263072313462
2.543345999997294	5.602528643109302
2.5433479999972937	5.6027944194013735
2.5433499999972935	5.603060400991884
2.5433519999972933	5.6033265876812575
2.543353999997293	5.603592979268171
2.543355999997293	5.603859575549593
2.543357999997293	5.60412637632084
2.5433599999972927	5.6043933813755915
2.5433619999972925	5.604660590505912
2.5433639999972923	5.604928003502248
2.543365999997292	5.6051956201534665
2.543367999997292	5.6054634402468135
2.543369999997292	5.605731463567939
2.5433719999972917	5.605999689900858
2.5433739999972915	5.606268119028523
2.5433759999972914	5.606536750731207
2.543377999997291	5.606805584792828
2.543379999997291	5.607074620987756
2.543381999997291	5.607343859089629
2.5433839999972907	5.607613298872309
2.5433859999972905	5.607882940107913
2.5433879999972904	5.608152782566797
2.54338999999729	5.608422826017542
2.54339199999729	5.608693070226963
2.54339399999729	5.608963514960105
2.5433959999972897	5.609234159980272
2.5433979999972895	5.609505005049061
2.5433999999972894	5.60977604992635
2.543401999997289	5.6100472943704265
2.543403999997289	5.610318738138046
2.543405999997289	5.610590380984433
2.5434079999972887	5.610862222663416
2.5434099999972886	5.61113426292751
2.5434119999972884	5.611406501528055
2.5434139999972882	5.61167893821532
2.543415999997288	5.611951572738651
2.543417999997288	5.6122244048466206
2.5434199999972877	5.612497434287214
2.5434219999972876	5.612770660807969
2.5434239999972874	5.613044084156193
2.5434259999972872	5.613317704079154
2.543427999997287	5.613591520324286
2.543429999997287	5.613865532639397
2.5434319999972868	5.614139740772911
2.5434339999972866	5.61441414447407
2.5434359999972864	5.614688743493193
2.5434379999972863	5.614963537581888
2.543439999997286	5.615238526493299
2.543441999997286	5.6155137099823556
2.5434439999972858	5.615789087806033
2.5434459999972856	5.616064659723396
2.5434479999972854	5.61634042549615
2.5434499999972853	5.616616384888639
2.543451999997285	5.616892537668117
2.543453999997285	5.617168883604938
2.5434559999972848	5.617445422472794
2.5434579999972846	5.617722154048881
2.5434599999972844	5.617999078114055
2.5434619999972843	5.618276194453002
2.543463999997284	5.61855350285439
2.543465999997284	5.618831003111003
2.543467999997284	5.619108695019844
2.5434699999972836	5.619386578382235
2.5434719999972835	5.619664653003883
2.5434739999972833	5.619942918694973
2.543475999997283	5.62022137527019
2.543477999997283	5.620500022548767
2.543479999997283	5.620778860349761
2.5434819999972826	5.621057888504723
2.5434839999972825	5.621337106847889
2.5434859999972823	5.621616515216592
2.543487999997282	5.621896113452569
2.543489999997282	5.622175901401923
2.543491999997282	5.622455878915029
2.5434939999972817	5.622736045846432
2.5434959999972815	5.623016402054766
2.5434979999972813	5.623296947402618
2.543499999997281	5.623577681756418
2.543501999997281	5.623858604986284
2.543503999997281	5.624139716965904
2.5435059999972807	5.624421017572368
2.5435079999972805	5.624702506686017
2.5435099999972803	5.62498418419029
2.54351199999728	5.625266049971545
2.54351399999728	5.6255481039188995
2.54351599999728	5.625830345924041
2.5435179999972797	5.626112775881066
2.5435199999972795	5.626395393686272
2.5435219999972793	5.626678199237988
2.543523999997279	5.626961192436363
2.543525999997279	5.627244373183173
2.543527999997279	5.627527741381633
2.5435299999972787	5.627811296936147
2.5435319999972785	5.628095039752117
2.5435339999972784	5.628378969735697
2.543535999997278	5.62866308679356
2.543537999997278	5.628947390832673
2.543539999997278	5.629231881760002
2.5435419999972777	5.6295165594822665
2.5435439999972775	5.629801423905658
2.5435459999972774	5.630086474935531
2.543547999997277	5.630371712476121
2.543549999997277	5.63065713643021
2.543551999997277	5.630942746698862
2.5435539999972767	5.631228543181072
2.5435559999972766	5.631514525769427
2.5435579999972764	5.631800694359007
2.543559999997276	5.632087048842378
2.543561999997276	5.632373589106324
2.543563999997276	5.63266031503363
2.5435659999972757	5.6329472265026945
2.5435679999972756	5.633234323387135
2.5435699999972754	5.63352160555536
2.5435719999972752	5.63380907287018
2.543573999997275	5.634096725188399
2.543575999997275	5.63438456236041
2.5435779999972747	5.634672584229793
2.5435799999972746	5.63496079063296
2.5435819999972744	5.635249181398752
2.5435839999972742	5.635537756348078
2.543585999997274	5.635826515293587
2.543587999997274	5.636115458039331
2.5435899999972738	5.636404584380462
2.5435919999972736	5.636693894102951
2.5435939999972734	5.6369833869833235
2.5435959999972733	5.637273062788431
2.543597999997273	5.6375629212752765
2.543599999997273	5.637852962190795
2.5436019999972728	5.638143185271728
2.5436039999972726	5.638433590244502
2.5436059999972724	5.638724176825162
2.5436079999972723	5.639014944719307
2.543609999997272	5.639305893622052
2.543611999997272	5.639597023218039
2.543613999997272	5.63988833318147
2.5436159999972716	5.6401798231761555
2.5436179999972715	5.640471492855599
2.5436199999972713	5.640763341863103
2.543621999997271	5.641055369831871
2.543623999997271	5.641347576385149
2.543625999997271	5.641639961136393
2.5436279999972706	5.641932523689413
2.5436299999972705	5.64222526363854
2.5436319999972703	5.642518180568798
2.54363399999727	5.642811274056086
2.54363599999727	5.643104543667329
2.54363799999727	5.643397988960645
2.5436399999972696	5.643691609485518
2.5436419999972695	5.643985404782909
2.5436439999972693	5.644279374385283
2.543645999997269	5.64457351781693
2.543647999997269	5.644867834594075
2.543649999997269	5.645162324224666
2.5436519999972687	5.645456986208564
2.5436539999972685	5.645751820037619
2.5436559999972683	5.6460468251954
2.543657999997268	5.646342001157365
2.543659999997268	5.646637347390726
2.543661999997268	5.646932863354344
2.5436639999972677	5.647228548498554
2.5436659999972675	5.6475244022650095
2.5436679999972673	5.647820424089813
2.543669999997267	5.648116613393662
2.543671999997267	5.648412969590371
2.543673999997267	5.648709492084504
2.5436759999972667	5.649006180270639
2.5436779999972665	5.649303033533034
2.5436799999972663	5.649600051245289
2.543681999997266	5.649897232769968
2.543683999997266	5.650194577458234
2.543685999997266	5.650492084649454
2.5436879999972657	5.650789753670809
2.5436899999972655	5.6510875838369135
2.5436919999972654	5.651385574449398
2.543693999997265	5.651683724796542
2.543695999997265	5.651982034152904
2.543697999997265	5.652280501778894
2.5436999999972647	5.652579126920457
2.5437019999972645	5.652877908808738
2.5437039999972644	5.6531768466597505
2.543705999997264	5.653475939674074
2.543707999997264	5.653775187036585
2.543709999997264	5.654074587916192
2.5437119999972637	5.654374141465646
2.5437139999972636	5.65467384682128
2.5437159999972634	5.654973703102866
2.5437179999972632	5.655273709413515
2.543719999997263	5.655573864839532
2.543721999997263	5.655874168450351
2.5437239999972627	5.656174619298488
2.5437259999972626	5.656475216419504
2.5437279999972624	5.656775958832037
2.5437299999972622	5.657076845537837
2.543731999997262	5.657377875521814
2.543733999997262	5.657679047752134
2.5437359999972617	5.657980361180346
2.5437379999972616	5.658281814741499
2.5437399999972614	5.658583407354309
2.5437419999972612	5.658885137921341
2.543743999997261	5.659187005329181
2.543745999997261	5.6594890084486735
2.5437479999972608	5.659791146135132
2.5437499999972606	5.660093417228585
2.5437519999972604	5.660395820554011
2.5437539999972603	5.660698354921667
2.54375599999726	5.661001019127256
2.54375799999726	5.661303811952209
2.5437599999972598	5.661606732164048
2.5437619999972596	5.6619097785166606
2.5437639999972594	5.6622129497506
2.5437659999972593	5.662516244593358
2.543767999997259	5.662819661759705
2.543769999997259	5.663123199951997
2.543771999997259	5.663426857860494
2.5437739999972586	5.66373063416369
2.5437759999972585	5.664034527528645
2.5437779999972583	5.66433853661131
2.543779999997258	5.664642660056883
2.543781999997258	5.664946896493875
2.543783999997258	5.665251244557833
2.5437859999972576	5.6655557028622905
2.5437879999972575	5.665860270009835
2.5437899999972573	5.66616494459719
2.543791999997257	5.666469725205969
2.543793999997257	5.6667746104195045
2.543795999997257	5.667079598813051
2.5437979999972566	5.6673846889512225
2.5437999999972565	5.667689879391644
2.5438019999972563	5.66799516868529
2.543803999997256	5.66830055537693
2.543805999997256	5.668606038005528
2.543807999997256	5.6689116151048955
2.5438099999972557	5.669217285203567
2.5438119999972555	5.669523046825477
2.5438139999972553	5.669828898490597
2.543815999997255	5.670134838715215
2.543817999997255	5.670440866012312
2.543819999997255	5.670746978892057
2.5438219999972547	5.671053175862199
2.5438239999972545	5.671359455428414
2.5438259999972543	5.671665816094762
2.543827999997254	5.67197225636404
2.543829999997254	5.672278774738178
2.543831999997254	5.672585369718582
2.5438339999972537	5.672892039806463
2.5438359999972535	5.673198783507285
2.5438379999972534	5.673505599319961
2.543839999997253	5.673812485745908
2.543841999997253	5.674119441288747
2.543843999997253	5.6744264644533375
2.5438459999972527	5.674733553745985
2.5438479999972525	5.67504070767468
2.5438499999972524	5.6753479247492145
2.543851999997252	5.675655203481309
2.543853999997252	5.675962542384733
2.543855999997252	5.676269939974779
2.5438579999972517	5.676577394770393
2.5438599999972515	5.67688490529146
2.5438619999972514	5.677192470060319
2.543863999997251	5.677500087601419
2.543865999997251	5.67780775644117
2.543867999997251	5.678115475107942
2.5438699999972507	5.678423242131947
2.5438719999972506	5.678731056044986
2.5438739999972504	5.679038915380319
2.5438759999972502	5.679346818672464
2.54387799999725	5.6796547644569895
2.54387999999725	5.679962751270278
2.5438819999972497	5.680270777649274
2.5438839999972496	5.680578842131239
2.5438859999972494	5.68088694325347
2.5438879999972492	5.681195079553024
2.543889999997249	5.681503249566446
2.543891999997249	5.681811451829492
2.5438939999972487	5.682119684876845
2.5438959999972486	5.682427947241821
2.5438979999972484	5.682736237456168
2.5438999999972483	5.683044554049734
2.543901999997248	5.683352895550265
2.543903999997248	5.683661260483155
2.5439059999972478	5.6839696473712396
2.5439079999972476	5.684278054734595
2.5439099999972474	5.684586481090355
2.5439119999972473	5.684894924952566
2.543913999997247	5.685203384832017
2.543915999997247	5.685511859236222
2.5439179999972468	5.685820346669234
2.5439199999972466	5.686128845631604
2.5439219999972464	5.686437354620365
2.5439239999972463	5.686745872129032
2.543925999997246	5.687054396647577
2.543927999997246	5.6873629266624866
2.543929999997246	5.687671460656839
2.5439319999972456	5.687979997110365
2.5439339999972455	5.688288534499548
2.5439359999972453	5.688597071297755
2.543937999997245	5.68890560597538
2.543939999997245	5.689214137000014
2.543941999997245	5.6895226628366045
2.5439439999972446	5.689831181947657
2.5439459999972445	5.69013969279342
2.5439479999972443	5.690448193832102
2.543949999997244	5.690756683520115
2.543951999997244	5.6910651603122595
2.543953999997244	5.691373622661967
2.5439559999972436	5.69168206902153
2.5439579999972435	5.691990497842322
2.5439599999972433	5.692298907575035
2.543961999997243	5.692607296669902
2.543963999997243	5.692915663573838
2.543965999997243	5.693224006737557
2.5439679999972427	5.693532324613653
2.5439699999972425	5.693840615652598
2.5439719999972423	5.6941488783054535
2.543973999997242	5.694457111024014
2.543975999997242	5.694765312260982
2.543977999997242	5.695073480470115
2.5439799999972417	5.695381614106388
2.5439819999972415	5.695689711626121
2.5439839999972413	5.695997771487082
2.543985999997241	5.696305792148658
2.543987999997241	5.696613772071908
2.543989999997241	5.696921709722863
2.5439919999972407	5.69722960356535
2.5439939999972405	5.697537452063645
2.5439959999972404	5.697845253686491
2.54399799999724	5.698153006904738
2.54399999999724	5.698460710191408
2.54400199999724	5.698768362021781
2.5440039999972397	5.69907596087345
2.5440059999972395	5.699383505226376
2.5440079999972394	5.6996909935629825
2.544009999997239	5.699998424368195
2.544011999997239	5.700305796129514
2.544013999997239	5.700613107337127
2.5440159999972387	5.70092035648401
2.5440179999972385	5.701227542065884
2.5440199999972384	5.7015346625813175
2.544021999997238	5.701841716531938
2.544023999997238	5.702148702422486
2.544025999997238	5.702455618760901
2.5440279999972377	5.702762464058863
2.5440299999972376	5.703069236830968
2.5440319999972374	5.703375935595177
2.5440339999972372	5.703682558872914
2.544035999997237	5.703989105190077
2.544037999997237	5.704295573076758
2.5440399999972367	5.704601961066772
2.5440419999972366	5.704908267698164
2.5440439999972364	5.705214491513343
2.5440459999972362	5.705520631059247
2.544047999997236	5.705826684887444
2.544049999997236	5.7061326515543165
2.5440519999972357	5.7064385296211455
2.5440539999972356	5.70674431765427
2.5440559999972354	5.707050014225215
2.5440579999972353	5.707355617910783
2.544059999997235	5.7076611272931865
2.544061999997235	5.707966540960142
2.5440639999972348	5.7082718575049585
2.5440659999972346	5.708577075526636
2.5440679999972344	5.708882193629926
2.5440699999972343	5.709187210425406
2.544071999997234	5.709492124529518
2.544073999997234	5.709796934564625
2.5440759999972338	5.710101639159028
2.5440779999972336	5.710406236947019
2.5440799999972334	5.710710726568798
2.5440819999972333	5.711015106670561
2.544083999997233	5.711319375904633
2.544085999997233	5.711623532929193
2.544087999997233	5.711927576408341
2.5440899999972326	5.712231505012079
2.5440919999972325	5.712535317416271
2.5440939999972323	5.7128390123062776
2.544095999997232	5.713142588366579
2.544097999997232	5.713446044289535
2.544099999997232	5.71374937877393
2.5441019999972316	5.714052590524115
2.5441039999972315	5.7143556782500635
2.5441059999972313	5.714658640667038
2.544107999997231	5.714961476495644
2.544109999997231	5.715264184461864
2.544111999997231	5.7155667632969
2.5441139999972306	5.715869211737114
2.5441159999972305	5.71617152852395
2.5441179999972303	5.71647371240386
2.54411999999723	5.716775762128227
2.54412199999723	5.717077676453298
2.54412399999723	5.717379454140095
2.5441259999972297	5.717681093954811
2.5441279999972295	5.717982594667645
2.5441299999972293	5.718283955053159
2.544131999997229	5.718585173890678
2.544133999997229	5.718886249963889
2.544135999997229	5.71918718206071
2.5441379999972287	5.719487968973193
2.5441399999972285	5.719788609497408
2.5441419999972283	5.72008910243333
2.544143999997228	5.720389446584677
2.544145999997228	5.720689640758752
2.544147999997228	5.720989683766265
2.5441499999972277	5.721289574421191
2.5441519999972275	5.721589311540561
2.5441539999972274	5.721888893944223
2.544155999997227	5.722188320454649
2.544157999997227	5.722487589896653
2.544159999997227	5.722786701097148
2.5441619999972267	5.723085652884855
2.5441639999972265	5.723384444089982
2.5441659999972264	5.723683073543947
2.544167999997226	5.723981540079005
2.544169999997226	5.724279842527895
2.544171999997226	5.724577979723458
2.5441739999972257	5.7248759504931375
2.5441759999972255	5.725173753671603
2.5441779999972254	5.725471388093034
2.544179999997225	5.725768852585629
2.544181999997225	5.726066145976639
2.544183999997225	5.726363267090878
2.5441859999972247	5.726660214750279
2.5441879999972246	5.726956987773411
2.5441899999972244	5.727253584975019
2.5441919999972242	5.727550005165571
2.544193999997224	5.72784624715076
2.544195999997224	5.7281423097310356
2.5441979999972237	5.728438191701201
2.5441999999972236	5.728733891849928
2.5442019999972234	5.729029408959324
2.5442039999972232	5.729324741804517
2.544205999997223	5.7296198891532395
2.544207999997223	5.72991484976333
2.5442099999972227	5.730209622388654
2.5442119999972226	5.730504205772609
2.5442139999972224	5.730798598649728
2.5442159999972223	5.731092799745441
2.544217999997222	5.731386807775795
2.544219999997222	5.731680621447266
2.5442219999972218	5.731974239456483
2.5442239999972216	5.732267660490107
2.5442259999972214	5.73256088322468
2.5442279999972213	5.732853906326507
2.544229999997221	5.733146728451595
2.544231999997221	5.733439348245612
2.5442339999972208	5.733731764343894
2.5442359999972206	5.734023975371462
2.5442379999972204	5.73431597994311
2.5442399999972203	5.734607776663916
2.54424199999722	5.734899364127328
2.54424399999722	5.735190740919053
2.54424599999722	5.735481905614312
2.5442479999972196	5.735772856778981
2.5442499999972195	5.736063592969834
2.5442519999972193	5.736354112734838
2.544253999997219	5.736644414613508
2.544255999997219	5.736934497137242
2.544257999997219	5.7372243588297165
2.5442599999972186	5.737513998207303
2.5442619999972185	5.737803413779498
2.5442639999972183	5.738092604049366
2.544265999997218	5.738381567514068
2.544267999997218	5.738670302665258
2.544269999997218	5.738958807989694
2.5442719999972176	5.739247081969713
2.5442739999972175	5.739535123083793
2.5442759999972173	5.739822929807093
2.544277999997217	5.740110500612019
2.544279999997217	5.7403978339688075
2.544281999997217	5.740684928346085
2.5442839999972167	5.740971782211462
2.5442859999972165	5.74125839403211
2.5442879999972163	5.741544762275361
2.544289999997216	5.741830885409278
2.544291999997216	5.742116761903244
2.544293999997216	5.742402390228552
2.5442959999972157	5.742687768858969
2.5442979999972155	5.742972896271348
2.5442999999972153	5.743257770946111
2.544301999997215	5.743542391367851
2.544303999997215	5.74382675602588
2.544305999997215	5.744110863414761
2.5443079999972147	5.744394712035039
2.5443099999972145	5.7446783003929855
2.5443119999972144	5.744961627002066
2.544313999997214	5.745244690382875
2.544315999997214	5.745527489063759
2.544317999997214	5.745810021581113
2.5443199999972137	5.746092286483882
2.5443219999972135	5.746374282323388
2.5443239999972134	5.746656007661667
2.544325999997213	5.746937461071964
2.544327999997213	5.747218641137685
2.544329999997213	5.747499546452726
2.5443319999972127	5.747780175621832
2.5443339999972125	5.748060527260918
2.5443359999972124	5.748340599997337
2.544337999997212	5.748620392470257
2.544339999997212	5.748899903330913
2.544341999997212	5.749179131242435
2.5443439999972117	5.74945807488081
2.5443459999972116	5.7497367329343145
2.5443479999972114	5.750015104106194
2.5443499999972112	5.750293187111772
2.544351999997211	5.750570980680002
2.544353999997211	5.750848483553506
2.5443559999972107	5.751125694488897
2.5443579999972106	5.751402612256998
2.5443599999972104	5.751679235643034
2.5443619999972102	5.751955563446942
2.54436399999721	5.752231594483537
2.54436599999721	5.75250732758285
2.5443679999972098	5.752782761590064
2.5443699999972096	5.753057895365904
2.5443719999972094	5.753332727787015
2.5443739999972093	5.753607257746119
2.544375999997209	5.753881484152359
2.544377999997209	5.7541554059313595
2.5443799999972088	5.7544290220256995
2.5443819999972086	5.754702331395138
2.5443839999972084	5.7549753330167075
2.5443859999972083	5.755248025885526
2.544387999997208	5.75552040901489
2.544389999997208	5.7557924814359
2.5443919999972078	5.756064242199223
2.5443939999972076	5.756335690374868
2.5443959999972074	5.756606825051935
2.5443979999972073	5.756877645339347
2.544399999997207	5.757148150366387
2.544401999997207	5.757418339282977
2.544403999997207	5.757688211260301
2.5444059999972066	5.757957765490428
2.5444079999972065	5.75822700118751
2.5444099999972063	5.758495917587715
2.544411999997206	5.758764513950101
2.544413999997206	5.759032789556797
2.544415999997206	5.759300743712983
2.5444179999972056	5.7595683757479454
2.5444199999972055	5.759835685015095
2.5444219999972053	5.760102670890461
2.544423999997205	5.760369332777908
2.544425999997205	5.760635670106124
2.544427999997205	5.760901682328767
2.5444299999972046	5.761167368925458
2.5444319999972045	5.7614327294020615
2.5444339999972043	5.761697763291024
2.544435999997204	5.76196247015164
2.544437999997204	5.7622268495704025
2.544439999997204	5.762490901161075
2.5444419999972037	5.762754624565076
2.5444439999972035	5.763018019451676
2.5444459999972033	5.763281085518116
2.544447999997203	5.763543822489917
2.544449999997203	5.763806230121023
2.544451999997203	5.764068308193812
2.5444539999972027	5.76433005651954
2.5444559999972025	5.764591474937901
2.5444579999972023	5.7648525633171195
2.544459999997202	5.765113321554498
2.544461999997202	5.765373749576194
2.544463999997202	5.765633847337226
2.5444659999972017	5.765893614821453
2.5444679999972015	5.766153052041539
2.5444699999972014	5.766412159045627
2.544471999997201	5.76667093590236
2.544473999997201	5.766929382705043
2.544475999997201	5.767187499582433
2.5444779999972007	5.767445286688631
2.5444799999972005	5.767702744206941
2.5444819999972004	5.767959872348972
2.5444839999972	5.768216671354139
2.5444859999972	5.768473141489462
2.5444879999972	5.768729283049334
2.5444899999971997	5.768985096355293
2.5444919999971995	5.76924058175575
2.5444939999971994	5.769495739625739
2.544495999997199	5.769750570366599
2.544497999997199	5.770005074405698
2.544499999997199	5.770259252196135
2.5445019999971987	5.770513104216216
2.5445039999971986	5.77076663096965
2.5445059999971984	5.771019832984658
2.5445079999971982	5.771272710813803
2.544509999997198	5.771525265033588
2.544511999997198	5.771777496244096
2.5445139999971977	5.772029405068627
2.5445159999971976	5.772280992153238
2.5445179999971974	5.7725322581663505
2.5445199999971972	5.772783203798306
2.544521999997197	5.773033829761016
2.544523999997197	5.773284136787445
2.5445259999971968	5.773534125631185
2.5445279999971966	5.7737837970648895
2.5445299999971964	5.7740331518843835
2.5445319999971963	5.774282190901219
2.544533999997196	5.774530914946965
2.544535999997196	5.774779324871511
2.5445379999971958	5.77502742154253
2.5445399999971956	5.775275205845156
2.5445419999971954	5.775522678681368
2.5445439999971953	5.775769840969532
2.544545999997195	5.776016693643902
2.544547999997195	5.776263237654161
2.544549999997195	5.776509473964901
2.5445519999971946	5.776755403555148
2.5445539999971944	5.777001027417856
2.5445559999971943	5.777246346559426
2.544557999997194	5.777491361999187
2.544559999997194	5.7777360747689235
2.544561999997194	5.777980485912095
2.5445639999971936	5.778224596484527
2.5445659999971935	5.778468407551976
2.5445679999971933	5.7787119201911645
2.544569999997193	5.778955135488854
2.544571999997193	5.779198054541266
2.544573999997193	5.77944067845368
2.5445759999971926	5.779683008339963
2.5445779999971925	5.779925045322084
2.5445799999971923	5.7801667905296705
2.544581999997192	5.780408245099548
2.544583999997192	5.780649410175283
2.544585999997192	5.780890286906755
2.5445879999971917	5.78113087644971
2.5445899999971915	5.781371179965334
2.5445919999971913	5.781611198619833
2.544593999997191	5.781850933584011
2.544595999997191	5.7820903860328965
2.544597999997191	5.782329557145351
2.5445999999971907	5.7825684481036514
2.5446019999971905	5.782807060093133
2.5446039999971903	5.783045394301838
2.54460599999719	5.783283451920161
2.54460799999719	5.783521234140539
2.54460999999719	5.783758742157036
2.5446119999971897	5.783995977165039
2.5446139999971895	5.784232940361019
2.5446159999971893	5.784469632941961
2.544617999997189	5.784706056105602
2.544619999997189	5.784942211049974
2.544621999997189	5.785178098972829
2.5446239999971887	5.785413721071568
2.5446259999971885	5.785649078542933
2.5446279999971884	5.785884172582882
2.544629999997188	5.7861190043862205
2.544631999997188	5.7863535751464354
2.544633999997188	5.786587886055439
2.5446359999971877	5.786821938303354
2.5446379999971875	5.7870557330782795
2.5446399999971874	5.787289271566091
2.544641999997187	5.787522554950205
2.544643999997187	5.7877555844113795
2.544645999997187	5.787988361127484
2.5446479999971867	5.788220886273291
2.5446499999971866	5.788453161020268
2.5446519999971864	5.788685186536343
2.5446539999971862	5.788916963985719
2.544655999997186	5.789148494528618
2.544657999997186	5.789379779321081
2.5446599999971857	5.789610819514755
2.5446619999971856	5.78984161625666
2.5446639999971854	5.7900721706889735
2.5446659999971852	5.790302483948801
2.544667999997185	5.79053255716825
2.544669999997185	5.790762391473573
2.5446719999971847	5.790991987985108
2.5446739999971846	5.791221347817492
2.5446759999971844	5.791450472079213
2.5446779999971842	5.791679361872389
2.544679999997184	5.791908018294738
2.544681999997184	5.792136442439505
2.5446839999971838	5.7923646353818
2.5446859999971836	5.792592598196381
2.5446879999971834	5.792820331950659
2.5446899999971833	5.793047837704581
2.544691999997183	5.793275116510461
2.544693999997183	5.79350216941287
2.5446959999971828	5.793728997448492
2.5446979999971826	5.793955601645959
2.5446999999971824	5.794181983025856
2.5447019999971823	5.7944081426005445
2.544703999997182	5.794634081374085
2.544705999997182	5.79485980034218
2.544707999997182	5.795085300492077
2.5447099999971816	5.7953105828025695
2.5447119999971815	5.795535648243892
2.5447139999971813	5.795760497777723
2.544715999997181	5.795985132357118
2.544717999997181	5.796209552926498
2.544719999997181	5.796433760421631
2.5447219999971806	5.796657755769554
2.5447239999971805	5.796881539888601
2.5447259999971803	5.797105113688346
2.54472799999718	5.797328478069586
2.54472999999718	5.797551633924296
2.54473199999718	5.797774582135581
2.5447339999971796	5.797997323577655
2.5447359999971795	5.798219859115768
2.5447379999971793	5.798442189606183
2.544739999997179	5.798664315896003
2.544741999997179	5.798886238823195
2.544743999997179	5.7991079592164825
2.5447459999971787	5.799329477895254
2.5447479999971785	5.7995507956773205
2.5447499999971783	5.799771913355365
2.544751999997178	5.799992831720115
2.544753999997178	5.800213551552872
2.544755999997178	5.800434073624845
2.5447579999971777	5.800654398697255
2.5447599999971775	5.800874527521258
2.5447619999971773	5.801094460838312
2.544763999997177	5.801314199379175
2.544765999997177	5.801533743863894
2.544767999997177	5.801753095002552
2.5447699999971767	5.801972253494803
2.5447719999971765	5.802191220029819
2.5447739999971764	5.802409995286264
2.544775999997176	5.802628579932401
2.544777999997176	5.802846974626007
2.544779999997176	5.803065180014448
2.5447819999971757	5.803283196732223
2.5447839999971755	5.803501025406156
2.5447859999971754	5.803718666655056
2.544787999997175	5.803936121085739
2.544789999997175	5.804153389295189
2.544791999997175	5.804370471870843
2.5447939999971747	5.804587369390738
2.5447959999971745	5.804804082423801
2.5447979999971744	5.805020611530068
2.544799999997174	5.805236957260829
2.544801999997174	5.805453120159182
2.544803999997174	5.805669100760262
2.5448059999971737	5.805884899591319
2.5448079999971736	5.806100517172195
2.5448099999971734	5.806315954015405
2.5448119999971732	5.806531210625934
2.544813999997173	5.806746287503251
2.544815999997173	5.8069611851398735
2.5448179999971727	5.807175904022138
2.5448199999971726	5.807390444630409
2.5448219999971724	5.80760480743915
2.5448239999971722	5.807818992912923
2.544825999997172	5.808033001514105
2.544827999997172	5.8082468337062965
2.5448299999971717	5.808460489941898
2.5448319999971716	5.808673970667564
2.5448339999971714	5.808887276318704
2.5448359999971712	5.809100407336104
2.544837999997171	5.80931336415118
2.544839999997171	5.809526147188431
2.5448419999971708	5.809738756866335
2.5448439999971706	5.809951193597189
2.5448459999971704	5.810163457786763
2.5448479999971703	5.810375549834032
2.54484999999717	5.8105874701309235
2.54485199999717	5.810799219062113
2.5448539999971698	5.81101079700447
2.5448559999971696	5.8112222043262705
2.5448579999971694	5.811433441390444
2.5448599999971693	5.811644508552068
2.544861999997169	5.811855406148548
2.544863999997169	5.812066134509716
2.544865999997169	5.812276693957799
2.5448679999971686	5.812487084804612
2.5448699999971685	5.812697307351275
2.5448719999971683	5.812907361887936
2.544873999997168	5.813117248693507
2.544875999997168	5.813326968035425
2.544877999997168	5.813536520166652
2.5448799999971676	5.813745905327113
2.5448819999971675	5.813955123755764
2.5448839999971673	5.8141641756727935
2.544885999997167	5.814373061286496
2.544887999997167	5.8145817807933255
2.544889999997167	5.814790334377803
2.5448919999971666	5.814998722213077
2.5448939999971665	5.815206944461608
2.5448959999971663	5.815415001281497
2.544897999997166	5.815622892810914
2.544899999997166	5.815830619174355
2.544901999997166	5.816038180491989
2.5449039999971657	5.816245576874652
2.5449059999971655	5.816452808424362
2.5449079999971653	5.816659875234899
2.544909999997165	5.816866777392411
2.544911999997165	5.817073514976063
2.544913999997165	5.81728008805859
2.5449159999971647	5.817486496707028
2.5449179999971645	5.817692740972798
2.5449199999971643	5.817898820922537
2.544921999997164	5.818104736611722
2.544923999997164	5.818310488091256
2.544925999997164	5.8185160754096765
2.5449279999971637	5.81872149861375
2.5449299999971635	5.818926757749203
2.5449319999971634	5.819131852860419
2.544933999997163	5.819336784003829
2.544935999997163	5.81954155120334
2.544937999997163	5.819746154513671
2.5449399999971627	5.819950593983223
2.5449419999971625	5.820154869660654
2.5449439999971624	5.820358981596363
2.544945999997162	5.820562929842712
2.544947999997162	5.820766714454161
2.544949999997162	5.820970335487343
2.5449519999971617	5.821173793001107
2.5449539999971615	5.821377087056466
2.5449559999971614	5.821580217716502
2.544957999997161	5.82178318504621
2.544959999997161	5.821985989112308
2.544961999997161	5.8221886299829935
2.5449639999971607	5.822391107727567
2.5449659999971606	5.822593422416147
2.5449679999971604	5.822795574119279
2.5449699999971602	5.822997562907542
2.54497199999716	5.823199388851103
2.54497399999716	5.8234010520192685
2.5449759999971597	5.823602552480024
2.5449779999971596	5.823803890299629
2.5449799999971594	5.824005065541102
2.5449819999971592	5.824206078267282
2.544983999997159	5.824406928535934
2.544985999997159	5.824607616401845
2.5449879999971587	5.824808141915941
2.5449899999971586	5.825008505124967
2.5449919999971584	5.825208706071212
2.5449939999971583	5.825408744792282
2.544995999997158	5.825608621320917
2.544997999997158	5.825808335684864
2.5449999999971578	5.826007887906873
2.5450019999971576	5.826207278004693
2.5450039999971574	5.826406505991385
2.5450059999971573	5.826605571874875
2.545007999997157	5.826804475658759
2.545009999997157	5.8270032173424475
2.5450119999971568	5.82720179692162
2.5450139999971566	5.827400214388586
2.5450159999971564	5.827598469732926
2.5450179999971563	5.827796562942098
2.545019999997156	5.827994494002096
2.545021999997156	5.828192262898177
2.545023999997156	5.828389869615665
2.5450259999971556	5.828587314137203
2.5450279999971555	5.8287845964586715
2.5450299999971553	5.8289817165669655
2.545031999997155	5.829178674456995
2.545033999997155	5.8293754701285145
2.545035999997155	5.829572103587206
2.5450379999971546	5.82976857484578
2.5450399999971545	5.829964883925016
2.5450419999971543	5.83016103085494
2.545043999997154	5.830357015675882
2.545045999997154	5.830552838439524
2.545047999997154	5.830748499209938
2.5450499999971536	5.830943998064861
2.5450519999971535	5.831139335096779
2.5450539999971533	5.831334510411613
2.545055999997153	5.831529524134642
2.545057999997153	5.831724376407203
2.545059999997153	5.831919067388779
2.5450619999971527	5.8321135972577975
2.5450639999971525	5.832307966212327
2.5450659999971523	5.8325021744707595
2.545067999997152	5.83269622227237
2.545069999997152	5.832890109877897
2.545071999997152	5.833083837569948
2.5450739999971517	5.8332774056533365
2.5450759999971515	5.833470814455477
2.5450779999971513	5.8336640643265865
2.545079999997151	5.833857155639839
2.545081999997151	5.834050088791468
2.545083999997151	5.834242864200782
2.5450859999971507	5.834435482310133
2.5450879999971505	5.834627943584766
2.5450899999971504	5.834820248513466
2.54509199999715	5.835012397606438
2.54509399999715	5.835204391396076
2.54509599999715	5.835396230437097
2.5450979999971497	5.835587915305742
2.5450999999971495	5.835779446599362
2.5451019999971494	5.835970824935939
2.545103999997149	5.8361620509536145
2.545105999997149	5.836353125310126
2.545107999997149	5.836544048682315
2.5451099999971487	5.836734821765571
2.5451119999971485	5.836925445273461
2.5451139999971484	5.837115919936186
2.545115999997148	5.837306246501317
2.545117999997148	5.837496425727154
2.545119999997148	5.837686458397587
2.5451219999971477	5.837876345308539
2.5451239999971476	5.838066087267436
2.5451259999971474	5.838255685096793
2.5451279999971472	5.838445139632442
2.545129999997147	5.838634451725354
2.545131999997147	5.838823622236004
2.5451339999971467	5.839012652035592
2.5451359999971466	5.839201542008645
2.5451379999971464	5.83939029305073
2.5451399999971462	5.83957890606815
2.545141999997146	5.83976738197752
2.545143999997146	5.839955721705832
2.5451459999971457	5.840143926189629
2.5451479999971456	5.840331996375168
2.5451499999971454	5.840519933218122
2.5451519999971453	5.840707737683395
2.545153999997145	5.840895410745003
2.545155999997145	5.841082953385963
2.5451579999971448	5.841270366598189
2.5451599999971446	5.8414576513824406
2.5451619999971444	5.841644808748312
2.5451639999971443	5.841831839714197
2.545165999997144	5.842018745307295
2.545167999997144	5.842205526574563
2.5451699999971438	5.842392184547325
2.5451719999971436	5.842578720282
2.5451739999971434	5.842765134841444
2.5451759999971433	5.842951429298112
2.545177999997143	5.843137604732633
2.545179999997143	5.843323662242404
2.545181999997143	5.843509602924838
2.5451839999971426	5.843695427881675
2.5451859999971425	5.843881138230268
2.5451879999971423	5.844066735097216
2.545189999997142	5.844252219618408
2.545191999997142	5.844437592930346
2.545193999997142	5.8446228561921165
2.5451959999971416	5.844808010571277
2.5451979999971415	5.844993057240733
2.5451999999971413	5.84517799738256
2.545201999997141	5.845362832187932
2.545203999997141	5.8455475628570595
2.545205999997141	5.845732190599017
2.5452079999971406	5.845916716631754
2.5452099999971405	5.84610114218189
2.5452119999971403	5.846285468484603
2.54521399999714	5.84646969678349
2.54521599999714	5.846653828329575
2.54521799999714	5.846837864383475
2.5452199999971397	5.847021806212954
2.5452219999971395	5.8472056550934965
2.5452239999971393	5.847389412308058
2.545225999997139	5.8475730791469624
2.545227999997139	5.8477566569076656
2.545229999997139	5.847940146894593
2.5452319999971387	5.848123550418922
2.5452339999971385	5.848306868798402
2.5452359999971383	5.84849010335717
2.545237999997138	5.848673255425613
2.545239999997138	5.848856326340181
2.545241999997138	5.849039317443251
2.5452439999971377	5.849222230082995
2.5452459999971375	5.849405065613244
2.5452479999971374	5.849587825394381
2.545249999997137	5.849770510790848
2.545251999997137	5.849953123172216
2.545253999997137	5.850135663913957
2.5452559999971367	5.850318134396852
2.5452579999971365	5.85050053600691
2.5452599999971364	5.850682870135353
2.545261999997136	5.850865138178637
2.545263999997136	5.851047341538455
2.545265999997136	5.851229481621852
2.5452679999971357	5.851411559841112
2.5452699999971355	5.851593577614035
2.5452719999971354	5.8517755363639
2.545273999997135	5.851957437519567
2.545275999997135	5.852139282515464
2.545277999997135	5.8523210727921
2.5452799999971347	5.852502809795919
2.5452819999971346	5.852684494979433
2.5452839999971344	5.852866129801447
2.5452859999971342	5.853047715727203
2.545287999997134	5.853229254228545
2.545289999997134	5.853410746784109
2.5452919999971337	5.853592194879487
2.5452939999971336	5.853773600007386
2.5452959999971334	5.8539549636678085
2.5452979999971332	5.854136287368317
2.545299999997133	5.854317572624044
2.545301999997133	5.8544988209579865
2.5453039999971327	5.854680033901124
2.5453059999971326	5.854861212992605
2.5453079999971324	5.855042359779885
2.5453099999971323	5.855223475818877
2.545311999997132	5.855404562674087
2.545313999997132	5.855585621916579
2.5453159999971318	5.855766655127873
2.5453179999971316	5.855947663901752
2.5453199999971314	5.8561286498383165
2.5453219999971313	5.856309614549018
2.545323999997131	5.8564905596519585
2.545325999997131	5.856671486772897
2.5453279999971308	5.856852397548879
2.5453299999971306	5.8570332936263245
2.5453319999971304	5.857214176661045
2.5453339999971303	5.857395048318283
2.54533599999713	5.857575910272699
2.54533799999713	5.85775676420841
2.54533999999713	5.8579376118189534
2.5453419999971296	5.8581184548072684
2.5453439999971295	5.858299294885684
2.5453459999971293	5.858480133775853
2.545347999997129	5.858660973208756
2.545349999997129	5.8588418149246175
2.545351999997129	5.85902266067289
2.5453539999971286	5.859203512212167
2.5453559999971285	5.859384371310109
2.5453579999971283	5.859565239743435
2.545359999997128	5.859746119297818
2.545361999997128	5.859927011767824
2.545363999997128	5.860107918956851
2.5453659999971276	5.860288842677062
2.5453679999971275	5.860469784749342
2.5453699999971273	5.860650747003145
2.545371999997127	5.860831731276543
2.545373999997127	5.861012739416113
2.545375999997127	5.861193773276879
2.5453779999971267	5.86137483472228
2.5453799999971265	5.861555925624102
2.5453819999971263	5.861737047862439
2.545383999997126	5.861918203325656
2.545385999997126	5.862099393910369
2.545387999997126	5.862280621521345
2.5453899999971257	5.8624618880715715
2.5453919999971255	5.8626431954822005
2.5453939999971253	5.862824545682495
2.545395999997125	5.863005940608898
2.545397999997125	5.863187382206962
2.545399999997125	5.863368872431193
2.5454019999971247	5.863550413243281
2.5454039999971245	5.863732006613019
2.5454059999971244	5.86391365451828
2.545407999997124	5.8640953589450335
2.545409999997124	5.8642771218873495
2.545411999997124	5.86445894534738
2.5454139999971237	5.864640831335388
2.5454159999971235	5.8648227818697665
2.5454179999971234	5.86500479897695
2.545419999997123	5.865186884691471
2.545421999997123	5.865369041055924
2.545423999997123	5.86555127012096
2.5454259999971227	5.865733573945251
2.5454279999971225	5.865915954595442
2.5454299999971224	5.8660984141461725
2.545431999997122	5.866280954680014
2.545433999997122	5.86646357828737
2.545435999997122	5.866646287066452
2.5454379999971217	5.866829083123165
2.5454399999971216	5.867011968571019
2.5454419999971214	5.867194945531063
2.5454439999971212	5.8673780161317515
2.545445999997121	5.8675611825088065
2.545447999997121	5.8677444468051
2.5454499999971207	5.867927811170463
2.5454519999971206	5.8681112777615185
2.5454539999971204	5.868294848741491
2.5454559999971202	5.868478526280012
2.54545799999712	5.868662312552878
2.54545999999712	5.868846209741826
2.5454619999971198	5.869030220034212
2.5454639999971196	5.869214345622817
2.5454659999971194	5.869398588705501
2.5454679999971193	5.869582951484901
2.545469999997119	5.869767436168089
2.545471999997119	5.869952044964939
2.5454739999971188	5.870136780092979
2.5454759999971186	5.870321643769005
2.5454779999971184	5.870506638214175
2.5454799999971183	5.870691765652156
2.545481999997118	5.870877028308704
2.545483999997118	5.871062428411195
2.5454859999971178	5.871247968188168
2.5454879999971176	5.871433649868852
2.5454899999971174	5.8716194756825795
2.5454919999971173	5.871805447858447
2.545493999997117	5.871991568624753
2.545495999997117	5.872177840208356
2.545497999997117	5.872364264834213
2.5454999999971166	5.872550844724677
2.5455019999971165	5.872737582099198
2.5455039999971163	5.872924479173757
2.545505999997116	5.873111538160041
2.545507999997116	5.873298761264981
2.545509999997116	5.8734861506901925
2.5455119999971156	5.873673708631367
2.5455139999971155	5.87386143727768
2.5455159999971153	5.874049338811232
2.545517999997115	5.8742374154064505
2.545519999997115	5.874425669229496
2.545521999997115	5.8746141024376985
2.5455239999971147	5.874802717178959
2.5455259999971145	5.874991515591208
2.5455279999971143	5.875180499801822
2.545529999997114	5.87536967192708
2.545531999997114	5.875559034071632
2.545533999997114	5.875748588327902
2.5455359999971137	5.875938336775624
2.5455379999971135	5.876128281481333
2.5455399999971133	5.876318424497854
2.545541999997113	5.876508767863817
2.545543999997113	5.87669931360318
2.545545999997113	5.8768900637247885
2.5455479999971127	5.877081020221952
2.5455499999971125	5.877272185072025
2.5455519999971123	5.877463560235999
2.545553999997112	5.877655147658124
2.545555999997112	5.87784694926559
2.545557999997112	5.878038966968132
2.5455599999971117	5.878231202657714
2.5455619999971115	5.878423658208263
2.5455639999971114	5.878616335475377
2.545565999997111	5.878809236296059
2.545567999997111	5.879002362488471
2.545569999997111	5.879195715851737
2.5455719999971107	5.879389298165738
2.5455739999971105	5.879583111190914
2.5455759999971104	5.8797771566681165
2.54557799999711	5.879971436318463
2.54557999999711	5.880165951843223
2.54558199999711	5.880360704923702
2.5455839999971097	5.880555697221161
2.5455859999971095	5.88075093037674
2.5455879999971094	5.880946406011386
2.545589999997109	5.8811421257258525
2.545591999997109	5.88133809110064
2.545593999997109	5.881534303695968
2.5455959999971087	5.881730765051793
2.5455979999971086	5.881927476689192
2.5455999999971084	5.882124440106609
2.5456019999971082	5.882321656782935
2.545603999997108	5.882519128177231
2.545605999997108	5.882716855728428
2.5456079999971077	5.882914840855358
2.5456099999971076	5.88311308495681
2.5456119999971074	5.883311589411623
2.5456139999971072	5.883510355578729
2.545615999997107	5.883709384797202
2.545617999997107	5.883908678386365
2.5456199999971068	5.884108237645849
2.5456219999971066	5.884308063855665
2.5456239999971064	5.884508158276272
2.5456259999971063	5.884708522148666
2.545627999997106	5.884909156694453
2.545629999997106	5.885110063115923
2.5456319999971058	5.885311242596118
2.5456339999971056	5.8855126962989255
2.5456359999971054	5.885714425369133
2.5456379999971053	5.885916430932516
2.545639999997105	5.88611871409591
2.545641999997105	5.886321275947274
2.545643999997105	5.886524117555777
2.5456459999971046	5.886727239971858
2.5456479999971044	5.886930644227314
2.5456499999971043	5.887134331335355
2.545651999997104	5.8873383022907
2.545653999997104	5.887542558069643
2.545655999997104	5.887747099630133
2.5456579999971036	5.887951927911847
2.5456599999971035	5.8881570438363
2.5456619999971033	5.8883624483069
2.545663999997103	5.888568142209058
2.545665999997103	5.888774126410284
2.545667999997103	5.888980401760274
2.5456699999971026	5.889186969091036
2.5456719999971025	5.88939382921698
2.5456739999971023	5.889600982940479
2.545675999997102	5.889808431037512
2.545677999997102	5.890016174268714
2.545679999997102	5.890224213379371
2.5456819999971017	5.890432549097821
2.5456839999971015	5.890641182135587
2.5456859999971013	5.8908501131875255
2.545687999997101	5.891059342932008
2.545689999997101	5.891268872031065
2.545691999997101	5.89147870113055
2.5456939999971007	5.891688830860323
2.5456959999971005	5.891899261834409
2.5456979999971003	5.892109994651177
2.5456999999971	5.892321029893535
2.5457019999971	5.892532368129072
2.5457039999971	5.892744009910281
2.5457059999970997	5.8929559557747115
2.5457079999970995	5.893168206245137
2.5457099999970993	5.893380761829741
2.545711999997099	5.893593623022293
2.545713999997099	5.89380679030228
2.545715999997099	5.894020264135076
2.5457179999970987	5.894234044972091
2.5457199999970985	5.894448133250893
2.5457219999970984	5.894662529395304
2.545723999997098	5.894877233815551
2.545725999997098	5.8950922469083595
2.545727999997098	5.895307569056992
2.5457299999970977	5.895523200631377
2.5457319999970975	5.89573914198807
2.5457339999970974	5.895955393470335
2.545735999997097	5.896171955408158
2.545737999997097	5.896388828118179
2.545739999997097	5.896606011903679
2.5457419999970967	5.896823507054524
2.5457439999970966	5.897041313847056
2.5457459999970964	5.897259432543986
2.5457479999970962	5.897477863394317
2.545749999997096	5.897696606633073
2.545751999997096	5.8979156624811715
2.5457539999970957	5.898135031145218
2.5457559999970956	5.898354712817255
2.5457579999970954	5.898574707674508
2.5457599999970952	5.898795015879084
2.545761999997095	5.899015637577659
2.545763999997095	5.899236572901139
2.5457659999970947	5.8994578219643055
2.5457679999970946	5.899679384865432
2.5457699999970944	5.899901261685863
2.5457719999970942	5.900123452489608
2.545773999997094	5.900345957322883
2.545775999997094	5.900568776213642
2.5457779999970938	5.9007919091710965
2.5457799999970936	5.901015356185253
2.5457819999970934	5.901239117233471
2.5457839999970933	5.901463192262778
2.545785999997093	5.901687581198227
2.545787999997093	5.901912283947683
2.5457899999970928	5.9021373003970945
2.5457919999970926	5.902362630409991
2.5457939999970924	5.902588273826878
2.5457959999970923	5.90281423046471
2.545797999997092	5.90304050011631
2.545799999997092	5.903267082549835
2.545801999997092	5.903493977508205
2.5458039999970916	5.903721184708547
2.5458059999970915	5.903948703841646
2.5458079999970913	5.904176534571429
2.545809999997091	5.90440467653444
2.545811999997091	5.904633129339312
2.545813999997091	5.904861892566278
2.5458159999970906	5.905090965766678
2.5458179999970905	5.905320348462484
2.5458199999970903	5.905550040145862
2.54582199999709	5.905780040278717
2.54582399999709	5.906010348292295
2.54582599999709	5.906240963586754
2.5458279999970896	5.906471885530813
2.5458299999970895	5.906703113461499
2.5458319999970893	5.906934646683608
2.545833999997089	5.9071664844695
2.545835999997089	5.907398626058839
2.545837999997089	5.907631070658306
2.5458399999970887	5.907863817441364
2.5458419999970885	5.9080968655480675
2.5458439999970883	5.9083302140848355
2.545845999997088	5.9085638621242635
2.545847999997088	5.908797808706658
2.545849999997088	5.909032052837229
2.5458519999970877	5.909266593484291
2.5458539999970875	5.909501429584149
2.5458559999970873	5.9097365600389065
2.545857999997087	5.909971983716401
2.545859999997087	5.910207699450204
2.545861999997087	5.910443706039658
2.5458639999970867	5.910680002249915
2.5458659999970865	5.910916586812006
2.5458679999970864	5.911153458422939
2.545869999997086	5.911390615745792
2.545871999997086	5.9116280574098585
2.545873999997086	5.91186578201079
2.5458759999970857	5.912103788110756
2.5458779999970855	5.912342074238639
2.5458799999970854	5.912580638890208
2.545881999997085	5.912819480528376
2.545883999997085	5.913058597583441
2.545885999997085	5.913297988453288
2.5458879999970847	5.913537651503683
2.5458899999970845	5.9137775850685275
2.5458919999970844	5.914017787450169
2.545893999997084	5.914258256919706
2.545895999997084	5.914498991717281
2.545897999997084	5.914739990052431
2.5458999999970837	5.914981250104437
2.5459019999970836	5.915222770022638
2.5459039999970834	5.91546454792681
2.5459059999970832	5.915706581907541
2.545907999997083	5.9159488700265905
2.545909999997083	5.9161914103173165
2.5459119999970827	5.916434200785028
2.5459139999970826	5.916677239407379
2.5459159999970824	5.916920524134834
2.5459179999970822	5.91716405289107
2.545919999997082	5.917407823573388
2.545921999997082	5.917651834053164
2.5459239999970817	5.917896082176244
2.5459259999970816	5.918140565762332
2.5459279999970814	5.918385282606862
2.5459299999970813	5.918630230484141
2.545931999997081	5.918875407142672
2.545933999997081	5.919120810307782
2.5459359999970808	5.919366437682097
2.5459379999970806	5.919612286946049
2.5459399999970804	5.919858355758357
2.5459419999970803	5.920104641756532
2.54594399999708	5.920351142557383
2.54594599999708	5.9205978557575225
2.5459479999970798	5.920844778933891
2.5459499999970796	5.921091909644282
2.5459519999970794	5.921339245427854
2.5459539999970793	5.92158678380569
2.545955999997079	5.921834522281336
2.545957999997079	5.922082458341307
2.545959999997079	5.922330589455647
2.5459619999970786	5.92257891307853
2.5459639999970785	5.922827426648772
2.5459659999970783	5.923076127590409
2.545967999997078	5.923325013313287
2.545969999997078	5.923574081213594
2.545971999997078	5.923823328674458
2.5459739999970776	5.924072753066514
2.5459759999970775	5.92432235174849
2.5459779999970773	5.924572122067787
2.545979999997077	5.924822061361065
2.545981999997077	5.925072166954828
2.545983999997077	5.9253224361660015
2.5459859999970766	5.925572866302537
2.5459879999970765	5.925823454663983
2.5459899999970763	5.926074198542058
2.545991999997076	5.926325095221276
2.545993999997076	5.926576141979499
2.545995999997076	5.926827336088514
2.5459979999970757	5.927078674814636
2.5459999999970755	5.927330155419248
2.5460019999970753	5.927581775159406
2.546003999997075	5.927833531288331
2.546005999997075	5.928085421056198
2.546007999997075	5.928337441710412
2.5460099999970747	5.928589590496331
2.5460119999970745	5.928841864657802
2.5460139999970743	5.929094261437674
2.546015999997074	5.9293467780783935
2.546017999997074	5.929599411822559
2.546019999997074	5.92985215991344
2.5460219999970737	5.930105019595511
2.5460239999970735	5.9303579881150315
2.5460259999970734	5.930611062720612
2.546027999997073	5.930864240663699
2.546029999997073	5.9311175191992005
2.546031999997073	5.931370895585941
2.5460339999970727	5.931624367087299
2.5460359999970725	5.93187793097177
2.5460379999970724	5.932131584513504
2.546039999997072	5.932385324992878
2.546041999997072	5.932639149697085
2.546043999997072	5.932893055920716
2.5460459999970717	5.933147040966363
2.5460479999970715	5.9334011021452016
2.5460499999970714	5.933655236777621
2.546051999997071	5.9339094421938245
2.546053999997071	5.934163715710443
2.546055999997071	5.934418054695339
2.5460579999970707	5.9346724565195785
2.5460599999970706	5.934926918558918
2.5460619999970704	5.935181438202068
2.5460639999970702	5.9354360128513255
2.54606599999707	5.935690639923229
2.54606799999707	5.93594531684917
2.5460699999970697	5.936200041076016
2.5460719999970696	5.936454810066727
2.5460739999970694	5.936709621300939
2.5460759999970692	5.936964472275536
2.546077999997069	5.937219360505239
2.546079999997069	5.937474283523179
2.5460819999970687	5.937729238881321
2.5460839999970686	5.937984224150934
2.5460859999970684	5.938239236923126
2.5460879999970683	5.938494274809216
2.546089999997068	5.938749335441075
2.546091999997068	5.939004416471472
2.5460939999970678	5.939259515574344
2.5460959999970676	5.939514630445033
2.5460979999970674	5.939769758800484
2.5460999999970673	5.940024898379363
2.546101999997067	5.9402800469421395
2.546103999997067	5.940535202271114
2.5461059999970668	5.940790362170399
2.5461079999970666	5.941045524465844
2.5461099999970664	5.9413006870048894
2.5461119999970663	5.941555847656422
2.546113999997066	5.941811004310533
2.546115999997066	5.942066154878257
2.546117999997066	5.942321297291288
2.5461199999970656	5.942576429501577
2.5461219999970655	5.942831549481032
2.5461239999970653	5.9430866552210535
2.546125999997065	5.943341744732176
2.546127999997065	5.943596816043589
2.546129999997065	5.9438518672162015
2.5461319999970646	5.94410689630412
2.5461339999970645	5.944361901387918
2.5461359999970643	5.944616880566985
2.546137999997064	5.9448718319571965
2.546139999997064	5.945126753690541
2.546141999997064	5.945381643914825
2.5461439999970636	5.945636500793166
2.5461459999970635	5.945891322503743
2.5461479999970633	5.946146107239639
2.546149999997063	5.9464008532086154
2.546151999997063	5.9466555586329415
2.546153999997063	5.946910221749321
2.5461559999970627	5.947164840808868
2.5461579999970625	5.947419414077135
2.5461599999970623	5.9476739398341705
2.546161999997062	5.94792841637477
2.546163999997062	5.948182842008573
2.546165999997062	5.948437215060269
2.5461679999970617	5.948691533870065
2.5461699999970615	5.948945796794102
2.5461719999970613	5.949200002204716
2.546173999997061	5.949454148490987
2.546175999997061	5.949708234059253
2.546177999997061	5.94996225733356
2.5461799999970607	5.950216216756261
2.5461819999970605	5.950470110790637
2.5461839999970604	5.950723937913506
2.54618599999706	5.950977696627335
2.54618799999706	5.951231385453461
2.54618999999706	5.951485002934362
2.5461919999970597	5.951738547634251
2.5461939999970595	5.9519920181395625
2.5461959999970594	5.9522454130594395
2.546197999997059	5.952498731026199
2.546199999997059	5.952751970697136
2.546201999997059	5.953005130749583
2.5462039999970587	5.953258209888964
2.5462059999970585	5.953511206843975
2.5462079999970584	5.9537641203680405
2.546209999997058	5.954016949239519
2.546211999997058	5.95426969226176
2.546213999997058	5.954522348263258
2.5462159999970577	5.954774916097636
2.5462179999970576	5.955027394643565
2.5462199999970574	5.955279782804558
2.5462219999970572	5.955532079509283
2.546223999997057	5.955784283704428
2.546225999997057	5.956036394376821
2.5462279999970567	5.956288410526176
2.5462299999970566	5.956540331178768
2.5462319999970564	5.95679215538472
2.5462339999970562	5.957043882217834
2.546235999997056	5.957295510775224
2.546237999997056	5.957547040177197
2.5462399999970557	5.95779846956697
2.5462419999970556	5.958049798110455
2.5462439999970554	5.958301024996034
2.5462459999970553	5.958552149434411
2.546247999997055	5.95880317065841
2.546249999997055	5.959054087922862
2.5462519999970548	5.95930490050445
2.5462539999970546	5.959555607701579
2.5462559999970544	5.9598062088343635
2.5462579999970543	5.960056703244547
2.546259999997054	5.960307090295413
2.546261999997054	5.960557369371756
2.5462639999970538	5.960807539879816
2.5462659999970536	5.961057601247301
2.5462679999970534	5.961307552923301
2.5462699999970533	5.961557394378226
2.546271999997053	5.96180712510374
2.546273999997053	5.96205674461267
2.546275999997053	5.962306252438864
2.5462779999970526	5.9625556481370365
2.5462799999970525	5.962804931282555
2.5462819999970523	5.963054101471175
2.546283999997052	5.963303158318743
2.546285999997052	5.963552101460828
2.546287999997052	5.963800930552309
2.5462899999970516	5.96404964526687
2.5462919999970515	5.96429824529649
2.5462939999970513	5.964546730351645
2.546295999997051	5.9647951001434665
2.546297999997051	5.96504335441707
2.546299999997051	5.965291492943297
2.5463019999970506	5.96553951549538
2.5463039999970505	5.9657874218604166
2.5463059999970503	5.966035211838505
2.54630799999705	5.9662828852418395
2.54630999999705	5.966530441893791
2.54631199999705	5.966777881628009
2.5463139999970497	5.967025204287511
2.5463159999970495	5.967272409723823
2.5463179999970493	5.967519497796135
2.546319999997049	5.967766468370486
2.546321999997049	5.968013321319035
2.546323999997049	5.968260056519432
2.5463259999970487	5.968506673854202
2.5463279999970485	5.968753173210293
2.5463299999970483	5.968999554478675
2.546331999997048	5.969245817554109
2.546333999997048	5.969491962334982
2.546335999997048	5.969737988723322
2.5463379999970477	5.969983896624884
2.5463399999970475	5.970229685949438
2.5463419999970474	5.970475356611067
2.546343999997047	5.970720908528929
2.546345999997047	5.970966341627756
2.546347999997047	5.971211655838776
2.5463499999970467	5.971456851100287
2.5463519999970465	5.971701927358856
2.5463539999970464	5.971946884570539
2.546355999997046	5.972191722702164
2.546357999997046	5.972436441732537
2.546359999997046	5.9726810416537734
2.5463619999970457	5.97292552247265
2.5463639999970455	5.973169884212316
2.5463659999970454	5.973414126913627
2.546367999997045	5.973658250636545
2.546369999997045	5.9739022554616845
2.546371999997045	5.974146141491697
2.5463739999970447	5.974389908852689
2.5463759999970446	5.974633557695546
2.5463779999970444	5.974877088197116
2.5463799999970442	5.975120500558545
2.546381999997044	5.975363795012922
2.546383999997044	5.975606971823661
2.5463859999970437	5.975850031281995
2.5463879999970436	5.976092973709676
2.5463899999970434	5.97633579945958
2.5463919999970432	5.976578508916044
2.546393999997043	5.976821102495117
2.546395999997043	5.977063580644681
2.5463979999970427	5.977305943844322
2.5463999999970426	5.97754819260516
2.5464019999970424	5.977790327469493
2.5464039999970423	5.97803234901035
2.546405999997042	5.978274257830907
2.546407999997042	5.978516054563761
2.5464099999970418	5.978757739870132
2.5464119999970416	5.978999314438993
2.5464139999970414	5.979240778986212
2.5464159999970413	5.979482134253273
2.546417999997041	5.979723381005562
2.546419999997041	5.979964520037581
2.5464219999970408	5.980205552162
2.5464239999970406	5.980446478206318
2.5464259999970404	5.98068729902364
2.5464279999970403	5.980928015486058
2.54642999999704	5.981168628483521
2.54643199999704	5.981409138922848
2.54643399999704	5.981649547726416
2.5464359999970396	5.981889855831076
2.5464379999970395	5.982130064187525
2.5464399999970393	5.982370173759511
2.546441999997039	5.982610185523166
2.546443999997039	5.982850100465984
2.546445999997039	5.9830899195867415
2.5464479999970386	5.983329643890547
2.5464499999970385	5.9835692743987465
2.5464519999970383	5.983808812138723
2.546453999997038	5.984048258146812
2.546455999997038	5.984287613467905
2.546457999997038	5.984526879155141
2.5464599999970376	5.984766056269744
2.5464619999970375	5.985005145880754
2.5464639999970373	5.98524414906483
2.546465999997037	5.985483066906114
2.546467999997037	5.985721900496092
2.546469999997037	5.985960650933378
2.5464719999970367	5.986199319323634
2.5464739999970365	5.986437906779377
2.5464759999970363	5.986676414419755
2.546477999997036	5.986914843370389
2.546479999997036	5.98715319476312
2.546481999997036	5.9873914697357415
2.5464839999970357	5.987629669431844
2.5464859999970355	5.987867795000488
2.5464879999970353	5.988105847595814
2.546489999997035	5.988343828376761
2.546491999997035	5.988581738506749
2.546493999997035	5.988819579153247
2.5464959999970347	5.989057351487519
2.5464979999970345	5.989295056684291
2.5464999999970344	5.989532695921356
2.546501999997034	5.989770270379311
2.546503999997034	5.990007781241277
2.546505999997034	5.990245229692636
2.5465079999970337	5.990482616920912
2.5465099999970335	5.990719944115611
2.5465119999970334	5.990957212468163
2.546513999997033	5.991194423171957
2.546515999997033	5.991431577422378
2.546517999997033	5.991668676416988
2.5465199999970327	5.991905721355794
2.5465219999970325	5.992142713441555
2.5465239999970324	5.992379653880218
2.546525999997032	5.992616543881395
2.546527999997032	5.992853384658931
2.546529999997032	5.9930901774315615
2.5465319999970317	5.993326923423614
2.5465339999970316	5.993563623865781
2.5465359999970314	5.993800279995942
2.5465379999970312	5.994036893059981
2.546539999997031	5.994273464312694
2.546541999997031	5.994509995018667
2.5465439999970307	5.9947464864531605
2.5465459999970306	5.994982939902973
2.5465479999970304	5.995219356667284
2.5465499999970302	5.9954557380584035
2.54655199999703	5.995692085402563
2.54655399999703	5.995928400040544
2.5465559999970298	5.996164683328233
2.5465579999970296	5.996400936637064
2.5465599999970294	5.996637161354438
2.5465619999970293	5.996873358883951
2.546563999997029	5.997109530645502
2.546565999997029	5.997345678075282
2.5465679999970288	5.99758180262562
2.5465699999970286	5.997817905764691
2.5465719999970284	5.998053988976124
2.5465739999970283	5.998290053758379
2.546575999997028	5.998526101624076
2.546577999997028	5.998762134099218
2.5465799999970278	5.998998152722232
2.5465819999970276	5.9992341590429
2.5465839999970274	5.99947015462127
2.5465859999970273	5.999706141026404
2.546587999997027	5.999942119835097
2.546589999997027	6.00017809263054
2.546591999997027	6.000414061000951
2.5465939999970266	6.000650026538119
2.5465959999970265	6.0008859908360295
2.5465979999970263	6.001121955489463
2.546599999997026	6.0013579220926845
2.546601999997026	6.001593892238029
2.546603999997026	6.001829867514652
2.5466059999970256	6.002065849507365
2.5466079999970255	6.002301839795543
2.5466099999970253	6.002537839951969
2.546611999997025	6.002773851541955
2.546613999997025	6.003009876122606
2.546615999997025	6.00324591524207
2.5466179999970247	6.003481970438989
2.5466199999970245	6.003718043242
2.5466219999970243	6.003954135169405
2.546623999997024	6.004190247728936
2.546625999997024	6.00442638241764
2.546627999997024	6.004662540721861
2.5466299999970237	6.004898724117337
2.5466319999970235	6.00513493406936
2.5466339999970233	6.005371172033051
2.546635999997023	6.005607439453655
2.546637999997023	6.005843737766971
2.546639999997023	6.006080068399748
2.5466419999970227	6.006316432770143
2.5466439999970225	6.006552832288201
2.5466459999970223	6.006789268356361
2.546647999997022	6.007025742369931
2.546649999997022	6.0072622557175555
2.546651999997022	6.007498809781698
2.5466539999970217	6.007735405939112
2.5466559999970215	6.007972045561143
2.5466579999970214	6.008208730014136
2.546659999997021	6.008445460659695
2.546661999997021	6.008682238854964
2.546663999997021	6.0089190659527905
2.5466659999970207	6.009155943301934
2.5466679999970205	6.009392872247155
2.5466699999970204	6.0096298541292095
2.54667199999702	6.009866890284906
2.54667399999702	6.0101039820470135
2.54667599999702	6.010341130744295
2.5466779999970197	6.010578337701305
2.5466799999970196	6.010815604238346
2.5466819999970194	6.01105293167134
2.546683999997019	6.011290321311665
2.546685999997019	6.0115277744660105
2.546687999997019	6.01176529243629
2.5466899999970187	6.012002876519515
2.5466919999970186	6.012240528007704
2.5466939999970184	6.012478248187825
2.5466959999970182	6.012716038341755
2.546697999997018	6.012953899746269
2.546699999997018	6.013191833676503
2.5467019999970177	6.013429841399312
2.5467039999970176	6.013667924173013
2.5467059999970174	6.013906083254701
2.5467079999970172	6.014144319896873
2.546709999997017	6.01438263534763
2.546711999997017	6.014621030850884
2.5467139999970168	6.014859507646603
2.5467159999970166	6.015098066971051
2.5467179999970164	6.015336710057013
2.5467199999970163	6.015575438134039
2.546721999997016	6.01581425242871
2.546723999997016	6.016053154164796
2.5467259999970158	6.016292144563487
2.5467279999970156	6.016531224843536
2.5467299999970154	6.016770396221364
2.5467319999970153	6.017009659911136
2.546733999997015	6.017249017124789
2.546735999997015	6.017488469072001
2.546737999997015	6.0177280169596346
2.5467399999970146	6.017967661993723
2.5467419999970144	6.018207405375678
2.5467439999970143	6.018447248304723
2.546745999997014	6.018687191976843
2.546747999997014	6.018927237584442
2.546749999997014	6.019167386315937
2.5467519999970136	6.0194076393637745
2.5467539999970135	6.019647997907103
2.5467559999970133	6.019888463107877
2.546757999997013	6.02012903613631
2.546759999997013	6.020369718153833
2.546761999997013	6.02061051031484
2.5467639999970126	6.020851413766265
2.5467659999970125	6.021092429647075
2.5467679999970123	6.0213335590878225
2.546769999997012	6.021574803210244
2.546771999997012	6.021816163126833
2.546773999997012	6.022057639940501
2.5467759999970117	6.022299234744316
2.5467779999970115	6.0225409486212955
2.5467799999970113	6.022782782644263
2.546781999997011	6.023024737875584
2.546783999997011	6.023266815367335
2.546785999997011	6.023509016161252
2.5467879999970107	6.023751341288933
2.5467899999970105	6.023993791771882
2.5467919999970103	6.024236368621781
2.54679399999701	6.024479072839512
2.54679599999701	6.0247219054188905
2.54679799999701	6.024964867344227
2.5467999999970097	6.025207959591118
2.5468019999970095	6.025451183127097
2.5468039999970093	6.025694538911883
2.546805999997009	6.0259380278981585
2.546807999997009	6.0261816510318935
2.546809999997009	6.026425409252777
2.5468119999970087	6.026669303494648
2.5468139999970085	6.0269133346859425
2.5468159999970084	6.027157503750051
2.546817999997008	6.027401811605688
2.546819999997008	6.027646259167212
2.546821999997008	6.027890847344923
2.5468239999970077	6.028135577045301
2.5468259999970075	6.028380449171222
2.5468279999970074	6.028625464622117
2.546829999997007	6.028870624294116
2.546831999997007	6.02911592908012
2.546833999997007	6.029361379869887
2.5468359999970067	6.029606977549993
2.5468379999970066	6.029852723003941
2.5468399999970064	6.030098617112075
2.5468419999970062	6.0303446607515845
2.546843999997006	6.030590854796402
2.546845999997006	6.0308372001172526
2.5468479999970057	6.031083697581553
2.5468499999970056	6.031330348053414
2.5468519999970054	6.0315771523936235
2.5468539999970052	6.031824111459741
2.546855999997005	6.032071226108839
2.546857999997005	6.032318497188928
2.5468599999970047	6.03256592554805
2.5468619999970046	6.03281351203117
2.5468639999970044	6.033061257480482
2.5468659999970042	6.033309162745785
2.546867999997004	6.03355722865852
2.546869999997004	6.033805456049427
2.5468719999970038	6.034053845751949
2.5468739999970036	6.034302398598154
2.5468759999970034	6.034551115419
2.5468779999970033	6.034799997044748
2.546879999997003	6.0350490443053015
2.546881999997003	6.035298258027399
2.5468839999970028	6.035547639042984
2.5468859999970026	6.035797188184858
2.5468879999970024	6.0360469062851845
2.5468899999970023	6.036296794177606
2.546891999997002	6.036546852697481
2.546893999997002	6.036797082682129
2.546895999997002	6.037047484971025
2.5468979999970016	6.03729806040601
2.5468999999970015	6.037548809831375
2.5469019999970013	6.037799734093956
2.546903999997001	6.038050834043122
2.546905999997001	6.038302110530751
2.546907999997001	6.038553564411122
2.5469099999970006	6.0388051965408005
2.5469119999970005	6.039057007778395
2.5469139999970003	6.039308998984373
2.546915999997	6.039561171020716
2.546917999997	6.039813524750633
2.546919999997	6.040066061034766
2.5469219999969996	6.040318780739139
2.5469239999969995	6.040571684730222
2.5469259999969993	6.040824773872234
2.546927999996999	6.041078049028548
2.546929999996999	6.04133151106125
2.546931999996999	6.041585160850916
2.5469339999969987	6.041838999246671
2.5469359999969985	6.04209302709306
2.5469379999969983	6.042347245242611
2.546939999996998	6.042601654544418
2.546941999996998	6.042856255843707
2.546943999996998	6.043111049981518
2.5469459999969977	6.04336603779429
2.5469479999969975	6.043621220113635
2.5469499999969973	6.043876597765958
2.546951999996997	6.0441321715721985
2.546953999996997	6.044387942347587
2.546955999996997	6.0446439109014145
2.5469579999969967	6.044900078022996
2.5469599999969965	6.045156444522623
2.5469619999969964	6.045413011191206
2.546963999996996	6.045669778812519
2.546965999996996	6.045926748163621
2.546967999996996	6.046183920014942
2.5469699999969957	6.046441295129374
2.5469719999969955	6.046698874263075
2.5469739999969954	6.046956658165078
2.546975999996995	6.047214647577162
2.546977999996995	6.047472843233818
2.546979999996995	6.047731245862182
2.5469819999969947	6.047989856182028
2.5469839999969945	6.048248674905669
2.5469859999969944	6.048507702737942
2.546987999996994	6.048766940376209
2.546989999996994	6.0490263885103035
2.546991999996994	6.049286047822563
2.5469939999969937	6.049545918987821
2.5469959999969936	6.04980600267345
2.5469979999969934	6.050066299539374
2.5469999999969932	6.050326810237535
2.547001999996993	6.050587535413687
2.547003999996993	6.050848475706065
2.5470059999969927	6.051109631745972
2.5470079999969926	6.051371004154981
2.5470099999969924	6.0516325935519095
2.5470119999969922	6.051894400548121
2.547013999996992	6.0521564257478975
2.547015999996992	6.052418669769837
2.5470179999969917	6.052681133191201
2.5470199999969916	6.052943816592602
2.5470219999969914	6.053206720554854
2.5470239999969913	6.053469845653494
2.547025999996991	6.053733192458939
2.547027999996991	6.053996761536729
2.5470299999969908	6.0542605534477305
2.5470319999969906	6.054524568748431
2.5470339999969904	6.0547888079911285
2.5470359999969903	6.055053271724023
2.54703799999699	6.0553179604922045
2.54703999999699	6.055582874835153
2.5470419999969898	6.055848015289168
2.5470439999969896	6.056113382386913
2.5470459999969894	6.056378976657223
2.5470479999969893	6.056644798624947
2.547049999996989	6.056910848810846
2.547051999996989	6.057177127731418
2.547053999996989	6.057443635898659
2.5470559999969886	6.05771037381976
2.5470579999969885	6.05797734199676
2.5470599999969883	6.058244540926178
2.547061999996988	6.0585119710985795
2.547063999996988	6.058779632998082
2.547065999996988	6.05904752710188
2.5470679999969876	6.059315653879655
2.5470699999969875	6.059584013793033
2.5470719999969873	6.059852607294956
2.547073999996987	6.060121434829079
2.547075999996987	6.060390496829096
2.547077999996987	6.060659793718107
2.5470799999969866	6.0609293259079795
2.5470819999969865	6.061199093798662
2.5470839999969863	6.061469097777564
2.547085999996986	6.061739338218906
2.547087999996986	6.062009815483108
2.547089999996986	6.062280529913578
2.5470919999969857	6.0625514818417825
2.5470939999969855	6.062822671585321
2.5470959999969853	6.063094099443478
2.547097999996985	6.0633657656989985
2.547099999996985	6.063637670617503
2.547101999996985	6.063909814447156
2.5471039999969847	6.064182197418113
2.5471059999969845	6.064454819742237
2.5471079999969843	6.064727681612716
2.547109999996984	6.065000783203769
2.547111999996984	6.065274124670368
2.547113999996984	6.065547706148037
2.5471159999969837	6.065821527752343
2.5471179999969835	6.066095589579067
2.5471199999969834	6.066369891703903
2.547121999996983	6.0666444341822885
2.547123999996983	6.066919217049354
2.547125999996983	6.067194240323812
2.5471279999969827	6.0674695039997655
2.5471299999969825	6.067745008045915
2.5471319999969824	6.068020752416959
2.547133999996982	6.068296737044757
2.547135999996982	6.068572961842706
2.547137999996982	6.068849426703176
2.5471399999969817	6.069126131498352
2.5471419999969815	6.0694030760804605
2.5471439999969814	6.0696802602819755
2.547145999996981	6.069957683915834
2.547147999996981	6.070235346775643
2.547149999996981	6.070513248636058
2.5471519999969807	6.070791389253062
2.5471539999969806	6.071069768364321
2.5471559999969804	6.071348385689575
2.5471579999969802	6.071627240931037
2.54715999999698	6.071906333773846
2.54716199999698	6.072185663886528
2.5471639999969797	6.072465230921484
2.5471659999969796	6.072745034515471
2.5471679999969794	6.073025074290139
2.5471699999969792	6.0733053498525695
2.547171999996979	6.073585860795782
2.547173999996979	6.07386660669929
2.5471759999969787	6.0741475871296355
2.5471779999969786	6.07442880164092
2.5471799999969784	6.074710249775314
2.5471819999969783	6.074991931063534
2.547183999996978	6.07527384502535
2.547185999996978	6.07555599117002
2.5471879999969778	6.075838368996708
2.5471899999969776	6.07612097799486
2.5471919999969774	6.076403817644552
2.5471939999969773	6.076686887416802
2.547195999996977	6.076970186773814
2.547197999996977	6.077253715169162
2.5471999999969768	6.077537472047995
2.5472019999969766	6.077821456834713
2.5472039999969764	6.078105668968267
2.5472059999969763	6.0783901078714155
2.547207999996976	6.07867477295612
2.547209999996976	6.078959663625986
2.547211999996976	6.0792447792761255
2.5472139999969756	6.079530119298018
2.5472159999969755	6.079815683066123
2.5472179999969753	6.080101469947068
2.547219999996975	6.0803874792999935
2.547221999996975	6.0806737104743895
2.547223999996975	6.080960162809735
2.5472259999969746	6.081246835635235
2.5472279999969745	6.081533728269495
2.5472299999969743	6.08182084002005
2.547231999996974	6.082108170183176
2.547233999996974	6.082395718040787
2.547235999996974	6.082683482865514
2.5472379999969736	6.08297146392237
2.5472399999969735	6.083259660454466
2.5472419999969733	6.08354807169851
2.547243999996973	6.083836696875625
2.547245999996973	6.084125535193318
2.547247999996973	6.084414585851315
2.5472499999969727	6.084703848026487
2.5472519999969725	6.084993320880761
2.5472539999969723	6.085283003564941
2.547255999996972	6.085572895215191
2.547257999996972	6.085862994952889
2.547259999996972	6.086153301884467
2.5472619999969717	6.086443815101358
2.5472639999969715	6.086734533679844
2.5472659999969713	6.087025456681076
2.547267999996971	6.087316583150995
2.547269999996971	6.087607912098443
2.547271999996971	6.087899442546815
2.5472739999969707	6.08819117351052
2.5472759999969705	6.0884831039747125
2.5472779999969704	6.088775232909529
2.54727999999697	6.0890675592700765
2.54728199999697	6.089360081996565
2.54728399999697	6.089652800014408
2.5472859999969697	6.089945712234365
2.5472879999969695	6.090238817552707
2.5472899999969694	6.090532114851384
2.547291999996969	6.090825602998267
2.547293999996969	6.091119280847331
2.547295999996969	6.091413147238924
2.5472979999969687	6.0917072010000055
2.5472999999969685	6.092001440944495
2.5473019999969684	6.092295865873532
2.547303999996968	6.092590474575772
2.547305999996968	6.092885265827916
2.547307999996968	6.093180238395028
2.5473099999969677	6.093475391030858
2.5473119999969676	6.093770722478328
2.5473139999969674	6.094066231469927
2.5473159999969672	6.094361916726955
2.547317999996967	6.094657776965097
2.547319999996967	6.094953810887259
2.5473219999969667	6.095250017189153
2.5473239999969666	6.095546394558502
2.5473259999969664	6.095842941675533
2.5473279999969662	6.096139657213461
2.547329999996966	6.096436539839045
2.547331999996966	6.096733588212993
2.5473339999969657	6.0970308009905
2.5473359999969656	6.097328176821648
2.5473379999969654	6.0976257143518335
2.5473399999969653	6.097923412222212
2.547341999996965	6.098221269070081
2.547343999996965	6.098519283529193
2.5473459999969648	6.098817454230078
2.5473479999969646	6.099115779800355
2.5473499999969644	6.09941425886495
2.5473519999969643	6.099712890046306
2.547353999996964	6.100011671964567
2.547355999996964	6.100310603237723
2.5473579999969638	6.100609682481652
2.5473599999969636	6.100908908310202
2.5473619999969634	6.101208279335189
2.5473639999969633	6.101507794166387
2.547365999996963	6.101807451411437
2.547367999996963	6.102107249675783
2.547369999996963	6.102407187562527
2.5473719999969626	6.102707263672304
2.5473739999969625	6.103007476603021
2.5473759999969623	6.10330782494972
2.547377999996962	6.103608307304335
2.547379999996962	6.103908922255457
2.547381999996962	6.104209668388068
2.5473839999969616	6.104510544283279
2.5473859999969615	6.104811548518101
2.5473879999969613	6.105112679665025
2.547389999996961	6.1054139362919235
2.547391999996961	6.105715316961686
2.547393999996961	6.106016820231968
2.5473959999969606	6.106318444654936
2.5473979999969605	6.106620188776997
2.5473999999969603	6.106922051138587
2.54740199999696	6.107224030273934
2.54740399999696	6.107526124710857
2.54740599999696	6.107828332970571
2.5474079999969597	6.108130653567521
2.5474099999969595	6.1084330850092226
2.5474119999969593	6.108735625796127
2.547413999996959	6.109038274421509
2.547415999996959	6.109341029371375
2.547417999996959	6.1096438891244125
2.5474199999969587	6.1099468521518965
2.5474219999969585	6.110249916917672
2.5474239999969583	6.110553081878202
2.547425999996958	6.110856345482472
2.547427999996958	6.111159706172058
2.547429999996958	6.111463162381225
2.5474319999969577	6.111766712536956
2.5474339999969575	6.112070355059021
2.5474359999969574	6.112374088360085
2.547437999996957	6.112677910845782
2.547439999996957	6.112981820914945
2.547441999996957	6.1132858169598485
2.5474439999969567	6.113589897366116
2.5474459999969565	6.113894060521121
2.5474479999969564	6.114198304796028
2.547449999996956	6.1145026285518425
2.547451999996956	6.114807030150108
2.547453999996956	6.115111507946876
2.5474559999969557	6.115416060293034
2.5474579999969555	6.115720685534494
2.5474599999969554	6.116025382012523
2.547461999996955	6.11633014806401
2.547463999996955	6.116634982021736
2.547465999996955	6.116939882214714
2.5474679999969547	6.117244846968505
2.5474699999969546	6.117549874605537
2.5474719999969544	6.11785496344541
2.5474739999969542	6.118160111805266
2.547475999996954	6.118465318000091
2.547477999996954	6.118770580343013
2.5474799999969537	6.119075897145726
2.5474819999969536	6.119381266718767
2.5474839999969534	6.119686687371845
2.5474859999969532	6.119992157414196
2.547487999996953	6.120297675154834
2.547489999996953	6.120603238902957
2.5474919999969527	6.12090884696821
2.5474939999969526	6.121214497660895
2.5474959999969524	6.121520189292356
2.5474979999969523	6.12182592017526
2.547499999996952	6.122131688623711
2.547501999996952	6.122437492953555
2.5475039999969518	6.122743331482588
2.5475059999969516	6.12304920253069
2.5475079999969514	6.123355104420584
2.5475099999969513	6.1236610354760375
2.547511999996951	6.12396699402453
2.547513999996951	6.1242729783959495
2.5475159999969508	6.1245789869229155
2.5475179999969506	6.124885017940892
2.5475199999969504	6.1251910697881025
2.5475219999969503	6.125497140805613
2.54752399999695	6.125803229337375
2.54752599999695	6.126109333730128
2.54752799999695	6.126415452333353
2.5475299999969496	6.126721583499219
2.5475319999969495	6.127027725582536
2.5475339999969493	6.12733387694042
2.547535999996949	6.127640035932587
2.547537999996949	6.127946200920881
2.547539999996949	6.128252370269233
2.5475419999969486	6.128558542343461
2.5475439999969485	6.128864715511139
2.5475459999969483	6.129170888141395
2.547547999996948	6.129477058604728
2.547549999996948	6.129783225272807
2.547551999996948	6.130089386518297
2.5475539999969476	6.130395540714622
2.5475559999969475	6.130701686235775
2.5475579999969473	6.131007821456126
2.547559999996947	6.131313944750192
2.547561999996947	6.131620054492465
2.547563999996947	6.131926149057175
2.5475659999969467	6.132232226818148
2.5475679999969465	6.132538286148592
2.5475699999969463	6.132844325420977
2.547571999996946	6.133150343006676
2.547573999996946	6.133456337275934
2.547575999996946	6.133762306597713
2.5475779999969457	6.134068249339529
2.5475799999969455	6.134374163867226
2.5475819999969453	6.134680048544933
2.547583999996945	6.134985901734997
2.547585999996945	6.135291721797743
2.547587999996945	6.135597507091362
2.5475899999969447	6.135903255971872
2.5475919999969445	6.136208966792968
2.5475939999969444	6.136514637905917
2.547595999996944	6.13682026765955
2.547597999996944	6.137125854400223
2.547599999996944	6.137431396471715
2.5476019999969437	6.137736892213335
2.5476039999969435	6.138042339963387
2.5476059999969434	6.138347738059747
2.547607999996943	6.138653084835374
2.547609999996943	6.138958378620528
2.547611999996943	6.139263617742717
2.5476139999969427	6.139568800526691
2.5476159999969425	6.139873925294468
2.5476179999969424	6.14017899036531
2.547619999996942	6.140483994055757
2.547621999996942	6.14078893467965
2.547623999996942	6.141093810548144
2.5476259999969417	6.141398619969785
2.5476279999969416	6.141703361250539
2.5476299999969414	6.142008032692441
2.5476319999969412	6.142312632596887
2.547633999996941	6.142617159263324
2.547635999996941	6.1429216109878135
2.5476379999969407	6.143225986064198
2.5476399999969406	6.1435302827841145
2.5476419999969404	6.143834499436945
2.5476439999969402	6.144138634309959
2.54764599999694	6.144442685688469
2.54764799999694	6.144746651855893
2.5476499999969398	6.145050531093773
2.5476519999969396	6.14535432168188
2.5476539999969394	6.145658021898313
2.5476559999969393	6.145961630019568
2.547657999996939	6.146265144320615
2.547659999996939	6.146568563074949
2.5476619999969388	6.146871884554702
2.5476639999969386	6.147175107030702
2.5476659999969384	6.1474782287725125
2.5476679999969383	6.147781248048524
2.547669999996938	6.148084163126008
2.547671999996938	6.148386972271122
2.5476739999969378	6.148689673748953
2.5476759999969376	6.14899226582363
2.5476779999969374	6.149294746758274
2.5476799999969373	6.149597114815013
2.547681999996937	6.149899368254987
2.547683999996937	6.1502015053383845
2.547685999996937	6.150503524324382
2.5476879999969366	6.150805423471124
2.5476899999969365	6.151107201030706
2.5476919999969363	6.1514088552608746
2.547693999996936	6.151710384419567
2.547695999996936	6.152011786760286
2.547697999996936	6.152313060535281
2.5476999999969356	6.152614203995315
2.5477019999969355	6.152915215389608
2.5477039999969353	6.153216092965708
2.547705999996935	6.153516834969363
2.547707999996935	6.153817439644374
2.547709999996935	6.1541179052324635
2.5477119999969347	6.1544182299730785
2.5477139999969345	6.154718412103247
2.5477159999969343	6.1550184498573906
2.547717999996934	6.155318341467121
2.547719999996934	6.1556180851610725
2.547721999996934	6.155917679164674
2.5477239999969337	6.156217121699975
2.5477259999969335	6.156516410985412
2.5477279999969333	6.156815545235604
2.547729999996933	6.1571145226611375
2.547731999996933	6.157413341468338
2.547733999996933	6.157711999859068
2.5477359999969327	6.158010496030501
2.5477379999969325	6.158308828174911
2.5477399999969323	6.1586069944794595
2.547741999996932	6.158904993125991
2.547743999996932	6.159202822290829
2.547745999996932	6.159500480144823
2.5477479999969317	6.1597979648523955
2.5477499999969315	6.160095274572132
2.5477519999969314	6.160392407456343
2.547753999996931	6.1606893616508875
2.547755999996931	6.160986135295012
2.547757999996931	6.161282726521223
2.5477599999969307	6.161579133455143
2.5477619999969305	6.161875354215368
2.5477639999969304	6.162171386913354
2.54776599999693	6.162467229653307
2.54776799999693	6.162762880532117
2.54776999999693	6.163058337639264
2.5477719999969297	6.163353599056711
2.5477739999969296	6.163648662858894
2.5477759999969294	6.163943527112708
2.547777999996929	6.164238189877401
2.547779999996929	6.164532649204596
2.547781999996929	6.164826903138267
2.5477839999969287	6.165120949714756
2.5477859999969286	6.165414786962796
2.5477879999969284	6.165708412903502
2.5477899999969282	6.166001825550469
2.547791999996928	6.1662950229097975
2.547793999996928	6.1665880029801405
2.5477959999969277	6.166880763752777
2.5477979999969276	6.1671733032117055
2.5477999999969274	6.167465619333711
2.5478019999969272	6.167757710088497
2.547803999996927	6.168049573438757
2.547805999996927	6.168341207340321
2.5478079999969268	6.168632609742234
2.5478099999969266	6.168923778586937
2.5478119999969264	6.169214711810383
2.5478139999969263	6.169505407342169
2.547815999996926	6.169795863105677
2.547817999996926	6.1700860770181984
2.5478199999969258	6.1703760469912
2.5478219999969256	6.170665770930443
2.5478239999969254	6.170955246736092
2.5478259999969253	6.17124447230291
2.547827999996925	6.171533445520441
2.547829999996925	6.171822164271858
2.547831999996925	6.17211062643771
2.5478339999969246	6.172398829896484
2.5478359999969244	6.172686772517623
2.5478379999969243	6.1729744521655725
2.547839999996924	6.173261866702456
2.547841999996924	6.173549013986515
2.547843999996924	6.173835891872304
2.5478459999969236	6.174122498210872
2.5478479999969235	6.174408830849959
2.5478499999969233	6.17469488763424
2.547851999996923	6.174980666405475
2.547853999996923	6.175266165002759
2.547855999996923	6.175551381262704
2.5478579999969226	6.175836313019666
2.5478599999969225	6.176120958105948
2.5478619999969223	6.176405314352018
2.547863999996922	6.1766893795866995
2.547865999996922	6.176973151637402
2.547867999996922	6.177256628330322
2.5478699999969217	6.177539807490671
2.5478719999969215	6.177822686945114
2.5478739999969213	6.178105264514859
2.547875999996921	6.178387538023613
2.547877999996921	6.178669505294702
2.547879999996921	6.178951164151489
2.5478819999969207	6.179232512417642
2.5478839999969205	6.179513547917275
2.5478859999969203	6.179794268475152
2.54788799999692	6.180074671916901
2.54788999999692	6.180354756069217
2.54789199999692	6.180634518760062
2.5478939999969197	6.180913957818874
2.5478959999969195	6.181193071076733
2.5478979999969193	6.1814718563665405
2.547899999996919	6.181750311523271
2.547901999996919	6.182028434384112
2.547903999996919	6.182306222788655
2.5479059999969187	6.182583674579091
2.5479079999969185	6.1828607876003865
2.5479099999969184	6.183137559700462
2.547911999996918	6.183413988733124
2.547913999996918	6.183690072551687
2.547915999996918	6.183965809012363
2.5479179999969177	6.1842411959767025
2.5479199999969175	6.184516231310105
2.5479219999969174	6.184790912881946
2.547923999996917	6.185065238565886
2.547925999996917	6.185339206239943
2.547927999996917	6.185612813786698
2.5479299999969167	6.185886059093496
2.5479319999969166	6.186158940052586
2.5479339999969164	6.186431454561348
2.5479359999969162	6.186703600522452
2.547937999996916	6.186975375844069
2.547939999996916	6.187246778440056
2.5479419999969157	6.187517806230161
2.5479439999969156	6.187788457140179
2.5479459999969154	6.188058729104689
2.5479479999969152	6.188328620061392
2.547949999996915	6.188598127954006
2.547951999996915	6.1888672507332885
2.5479539999969147	6.189135986358472
2.5479559999969146	6.18940433279795
2.5479579999969144	6.189672288026019
2.5479599999969142	6.18993985002483
2.547961999996914	6.190207016784591
2.547963999996914	6.190473786303782
2.5479659999969138	6.190740156589414
2.5479679999969136	6.191006125657256
2.5479699999969134	6.191271691532091
2.5479719999969133	6.191536852251239
2.547973999996913	6.191801605857032
2.547975999996913	6.19206595040047
2.5479779999969128	6.192329883944781
2.5479799999969126	6.192593404563401
2.5479819999969124	6.192856510340214
2.5479839999969123	6.193119199369803
2.547985999996912	6.193381469757685
2.547987999996912	6.1936433196205485
2.547989999996912	6.1939047470864566
2.5479919999969116	6.194165750295096
2.5479939999969115	6.194426327397986
2.5479959999969113	6.194686476558687
2.547997999996911	6.1949461959530145
2.547999999996911	6.195205483769229
2.548001999996911	6.1954643382082315
2.5480039999969106	6.195722757483744
2.5480059999969105	6.195980739822488
2.5480079999969103	6.196238283464354
2.54800999999691	6.196495386662538
2.54801199999691	6.196752047683714
2.54801399999691	6.197008264808153
2.5480159999969096	6.197264036329865
2.5480179999969095	6.197519360556693
2.5480199999969093	6.197774235810443
2.548021999996909	6.198028660426978
2.548023999996909	6.198282632756285
2.548025999996909	6.19853615116258
2.5480279999969087	6.198789214024342
2.5480299999969085	6.199041819734394
2.5480319999969083	6.199293966699936
2.548033999996908	6.199545653342598
2.548035999996908	6.1997968780984465
2.548037999996908	6.200047639418009
2.5480399999969077	6.200297935766298
2.5480419999969075	6.200547765622795
2.5480439999969073	6.2007971274814455
2.548045999996907	6.201046019850665
2.548047999996907	6.201294441253286
2.548049999996907	6.201542390226578
2.5480519999969067	6.201789865322169
2.5480539999969065	6.202036865106027
2.5480559999969064	6.202283388158412
2.548057999996906	6.202529433073822
2.548059999996906	6.202774998460948
2.548061999996906	6.203020082942576
2.5480639999969057	6.203264685155619
2.5480659999969055	6.20350880375098
2.5480679999969054	6.203752437393481
2.548069999996905	6.203995584761816
2.548071999996905	6.204238244548467
2.548073999996905	6.2044804154596465
2.5480759999969047	6.204722096217517
2.5480779999969045	6.204963285565798
2.5480799999969044	6.205203982238865
2.548081999996904	6.2054441849970585
2.548083999996904	6.205683892613995
2.548085999996904	6.205923103876498
2.5480879999969037	6.206161817584587
2.5480899999969036	6.20640003255132
2.5480919999969034	6.206637747602733
2.5480939999969032	6.206874961577798
2.548095999996903	6.207111673328196
2.548097999996903	6.2073478817183965
2.5480999999969027	6.207583585625545
2.5481019999969026	6.207818783939294
2.5481039999969024	6.20805347556172
2.5481059999969022	6.208287659407263
2.548107999996902	6.20852133440263
2.548109999996902	6.208754499486695
2.5481119999969017	6.208987153610419
2.5481139999969016	6.2092192957367365
2.5481159999969014	6.209450924840478
2.5481179999969013	6.20968203990825
2.548119999996901	6.209912639938366
2.548121999996901	6.210142723940719
2.5481239999969008	6.2103722909367045
2.5481259999969006	6.210601339959114
2.5481279999969004	6.210829870052038
2.5481299999969003	6.211057880270766
2.5481319999969	6.211285369681684
2.5481339999969	6.21151233736218
2.5481359999968998	6.211738782400528
2.5481379999968996	6.211964703895821
2.5481399999968994	6.212190100957824
2.5481419999968993	6.212414972706935
2.548143999996899	6.212639318274061
