2.5101020000022496	6.066161742872607
2.5101030000022497	6.066087767206135
2.51010400000225	6.066013825264815
2.51010500000225	6.065939916997154
2.51010600000225	6.065866042352512
2.5101070000022503	6.065792201281121
2.5101080000022504	6.0657183937340875
2.5101090000022506	6.0656446196634
2.5101100000022507	6.065570879021941
2.510111000002251	6.0654971717634885
2.510112000002251	6.06542349784273
2.510113000002251	6.065349857215257
2.5101140000022513	6.065276249837582
2.5101150000022514	6.065202675667122
2.5101160000022515	6.0651291346622225
2.5101170000022517	6.065055626782143
2.510118000002252	6.064982151987062
2.510119000002252	6.064908710238067
2.510120000002252	6.064835301497184
2.5101210000022522	6.0647619257273275
2.5101220000022524	6.0646885828923205
2.5101230000022525	6.064615272956879
2.5101240000022527	6.064541995886632
2.510125000002253	6.06446875164809
2.510126000002253	6.064395540208626
2.510127000002253	6.064322361536484
2.5101280000022532	6.064249215600765
2.5101290000022534	6.0641761023713965
2.5101300000022535	6.064103021819137
2.5101310000022536	6.0640299739155665
2.510132000002254	6.063956958633031
2.510133000002254	6.06388397594469
2.510134000002254	6.063811025824405
2.510135000002254	6.0637381082468
2.5101360000022543	6.063665223187142
2.5101370000022545	6.063592370621454
2.5101380000022546	6.063519550526471
2.5101390000022548	6.06344676287952
2.510140000002255	6.0633740076585285
2.510141000002255	6.063301284842015
2.510142000002255	6.0632285944090505
2.5101430000022553	6.063155936339223
2.5101440000022555	6.063083310612617
2.5101450000022556	6.063010717209775
2.5101460000022557	6.062938156111668
2.510147000002256	6.062865627299664
2.510148000002256	6.062793130755471
2.510149000002256	6.062720666461117
2.5101500000022563	6.062648234398911
2.5101510000022564	6.062575834551436
2.5101520000022566	6.062503466901426
2.5101530000022567	6.062431131431803
2.510154000002257	6.0623588281256025
2.510155000002257	6.062286556965938
2.510156000002257	6.062214317935959
2.5101570000022573	6.0621421110188
2.5101580000022574	6.062069936197547
2.5101590000022576	6.061997793455182
2.5101600000022577	6.061925682774542
2.510161000002258	6.061853604138378
2.510162000002258	6.061781557529259
2.510163000002258	6.061709542929035
2.5101640000022583	6.061637560319487
2.5101650000022584	6.061565609682013
2.5101660000022585	6.061493690997557
2.5101670000022587	6.061421804246599
2.510168000002259	6.061349949409086
2.510169000002259	6.061278126464376
2.510170000002259	6.061206335391194
2.5101710000022592	6.061134576167582
2.5101720000022594	6.061062848770857
2.5101730000022595	6.060991153177542
2.5101740000022597	6.060919489363333
2.51017500000226	6.060847857303044
2.51017600000226	6.060776256970547
2.51017700000226	6.0607046883387365
2.51017800000226	6.0606331513794105
2.5101790000022604	6.0605616460633644
2.5101800000022605	6.060490172360286
2.5101810000022606	6.060418730238638
2.5101820000022608	6.060347319665651
2.510183000002261	6.0602759406072835
2.510184000002261	6.060204593028168
2.510185000002261	6.060133276891558
2.5101860000022613	6.060061992159306
2.5101870000022615	6.059990738791795
2.5101880000022616	6.059919516747898
2.5101890000022617	6.059848325984941
2.510190000002262	6.059777166458662
2.510191000002262	6.059706038123159
2.510192000002262	6.0596349409308585
2.5101930000022623	6.059563874832474
2.5101940000022624	6.05949283977696
2.5101950000022626	6.059421835711475
2.5101960000022627	6.059350862581353
2.510197000002263	6.059279920330059
2.510198000002263	6.059209008899177
2.510199000002263	6.0591381282283425
2.5102000000022633	6.059067278255237
2.5102010000022634	6.058996458915551
2.5102020000022636	6.058925670142953
2.5102030000022637	6.058854911869064
2.510204000002264	6.058784184023422
2.510205000002264	6.058713486533469
2.510206000002264	6.058642819324533
2.5102070000022643	6.058572182319796
2.5102080000022644	6.058501575440275
2.5102090000022645	6.058430998604809
2.5102100000022647	6.058360451730036
2.510211000002265	6.058289934730396
2.510212000002265	6.058219447518091
2.510213000002265	6.058148990003099
2.5102140000022652	6.058078562093145
2.5102150000022654	6.058008163693707
2.5102160000022655	6.057937794708009
2.5102170000022657	6.057867455036988
2.510218000002266	6.057797144579356
2.510219000002266	6.057726863231545
2.510220000002266	6.057656610887715
2.5102210000022662	6.0575863874397875
2.5102220000022664	6.057516192777412
2.5102230000022665	6.057446026788001
2.5102240000022666	6.057375889356731
2.510225000002267	6.057305780366543
2.510226000002267	6.057235699698177
2.510227000002267	6.057165647230168
2.510228000002267	6.057095622838869
2.5102290000022673	6.0570256263984685
2.5102300000022675	6.0569556577810255
2.5102310000022676	6.056885716856463
2.5102320000022678	6.056815803492605
2.510233000002268	6.056745917555216
2.510234000002268	6.0566760589080095
2.510235000002268	6.056606227412693
2.5102360000022683	6.0565364229289855
2.5102370000022685	6.05646664531466
2.5102380000022686	6.05639689442557
2.5102390000022687	6.056327170115697
2.510240000002269	6.056257472237175
2.510241000002269	6.056187800640345
2.510242000002269	6.056118155173779
2.5102430000022693	6.056048535684346
2.5102440000022694	6.055978942017231
2.5102450000022696	6.055909374016
2.5102460000022697	6.055839831522606
2.51024700000227	6.055770314377518
2.51024800000227	6.055700822419733
2.51024900000227	6.055631355486805
2.5102500000022703	6.055561913414912
2.5102510000022704	6.055492496038906
2.5102520000022706	6.055423103192378
2.5102530000022707	6.055353734707709
2.510254000002271	6.055284390416137
2.510255000002271	6.055215070147805
2.510256000002271	6.055145773731821
2.5102570000022713	6.0550765009963285
2.5102580000022714	6.055007251768561
2.5102590000022715	6.05493802587489
2.5102600000022717	6.054868823140926
2.510261000002272	6.054799643391566
2.510262000002272	6.054730486451034
2.510263000002272	6.05466135214299
2.5102640000022722	6.054592240290561
2.5102650000022724	6.0545231507164265
2.5102660000022725	6.054454083242871
2.5102670000022727	6.05438503769187
2.510268000002273	6.05431601388512
2.510269000002273	6.054247011631875
2.510270000002273	6.054178030761501
2.510271000002273	6.054109071099956
2.5102720000022734	6.054040132468624
2.5102730000022735	6.053971214689017
2.5102740000022736	6.053902317582808
2.5102750000022738	6.053833440971888
2.510276000002274	6.053764584678463
2.510277000002274	6.053695748525103
2.510278000002274	6.0536269323348195
2.5102790000022743	6.053558135931131
2.5102800000022745	6.0534893591381325
2.5102810000022746	6.05342060178056
2.5102820000022747	6.053351863683862
2.510283000002275	6.05328314467426
2.510284000002275	6.053214444578813
2.510285000002275	6.053145763225503
2.5102860000022753	6.053077100443272
2.5102870000022754	6.0530084560621
2.5102880000022756	6.052939829913072
2.5102890000022757	6.052871221828425
2.510290000002276	6.0528026316416215
2.510291000002276	6.052734059187415
2.510292000002276	6.052665504301888
2.5102930000022763	6.052596966822533
2.5102940000022764	6.052528446588287
2.5102950000022766	6.052459943439615
2.5102960000022767	6.052391457218532
2.510297000002277	6.052322987768686
2.510298000002277	6.052254534935391
2.510299000002277	6.052186098565688
2.5103000000022773	6.052117678508384
2.5103010000022774	6.052049274614109
2.5103020000022775	6.05198088673536
2.5103030000022777	6.0519125147265385
2.510304000002278	6.051844158444004
2.510305000002278	6.051775817746102
2.510306000002278	6.05170749249322
2.5103070000022782	6.05163918254781
2.5103080000022784	6.051570887774436
2.5103090000022785	6.051502608039803
2.5103100000022787	6.051434343212796
2.510311000002279	6.051366093164502
2.510312000002279	6.05129785776823
2.510313000002279	6.051229636899573
2.5103140000022792	6.051161430436405
2.5103150000022794	6.051093238258915
2.5103160000022795	6.051025060249612
2.5103170000022796	6.050956896293369
2.51031800000228	6.050888746277426
2.51031900000228	6.050820610091411
2.51032000000228	6.050752487627343
2.51032100000228	6.050684378779684
2.5103220000022803	6.050616283445292
2.5103230000022805	6.050548201523423
2.5103240000022806	6.05048013292506
2.5103250000022808	6.050412077553598
2.510326000002281	6.050344035307266
2.510327000002281	6.0502760060951255
2.510328000002281	6.050207989828664
2.5103290000022813	6.050139986421785
2.5103300000022815	6.050071995790772
2.5103310000022816	6.050004017854379
2.5103320000022817	6.049936052533764
2.510333000002282	6.049868099752485
2.510334000002282	6.049800159436492
2.510335000002282	6.049732231514133
2.5103360000022823	6.049664315916054
2.5103370000022824	6.049596412575209
2.5103380000022826	6.0495285214268915
2.5103390000022827	6.049460642408679
2.510340000002283	6.049392775460407
2.510341000002283	6.049324920524138
2.510342000002283	6.049257077544144
2.5103430000022833	6.049189246466869
2.5103440000022834	6.0491214272408955
2.5103450000022836	6.049053619816908
2.5103460000022837	6.048985824147664
2.510347000002284	6.048918040187955
2.510348000002284	6.048850267894566
2.510349000002284	6.048782507226237
2.5103500000022843	6.048714758143625
2.5103510000022844	6.04864702060927
2.5103520000022845	6.048579294587508
2.5103530000022847	6.048511580044455
2.510354000002285	6.048443876947971
2.510355000002285	6.04837618526759
2.510356000002285	6.048308504974489
2.5103570000022852	6.048240836041428
2.5103580000022854	6.0481731784427
2.5103590000022855	6.048105532154065
2.5103600000022857	6.048037897158957
2.510361000002286	6.047970273431203
2.510362000002286	6.047902660949309
2.510363000002286	6.047835059694393
2.510364000002286	6.04776746964878
2.5103650000022864	6.04769989079593
2.5103660000022865	6.047632323120398
2.5103670000022866	6.0475647666076995
2.5103680000022868	6.047497221244369
2.510369000002287	6.047429687017858
2.510370000002287	6.047362163916443
2.510371000002287	6.047294651929186
2.5103720000022873	6.04722715104585
2.5103730000022875	6.047159661256852
2.5103740000022876	6.047092182553202
2.5103750000022877	6.047024714926435
2.510376000002288	6.046957258368543
2.510377000002288	6.0468898128719255
2.510378000002288	6.046822378429348
2.5103790000022883	6.046754955033825
2.5103800000022884	6.0466875426785816
2.5103810000022886	6.046620141357019
2.5103820000022887	6.046552751062618
2.510383000002289	6.046485371788892
2.510384000002289	6.04641800352931
2.510385000002289	6.046350646277253
2.5103860000022893	6.046283300025945
2.5103870000022894	6.0462159647684235
2.5103880000022896	6.0461486404973925
2.5103890000022897	6.046081327205249
2.51039000000229	6.046014024883994
2.51039100000229	6.045946733525184
2.51039200000229	6.045879453119869
2.5103930000022903	6.04581218365853
2.5103940000022904	6.045744925131023
2.5103950000022905	6.045677677526544
2.5103960000022907	6.0456104408335785
2.510397000002291	6.045543215039819
2.510398000002291	6.045476000132126
2.510399000002291	6.045408796096487
2.5104000000022912	6.045341602917962
2.5104010000022914	6.045274420580639
2.5104020000022915	6.045207249067585
2.5104030000022917	6.045140088360798
2.510404000002292	6.0450729384411765
2.510405000002292	6.045005799288459
2.510406000002292	6.044938670881197
2.510407000002292	6.044871553196701
2.5104080000022924	6.044804446211013
2.5104090000022925	6.0447373498989
2.5104100000022926	6.044670264233772
2.510411000002293	6.044603189187661
2.510412000002293	6.044536124731198
2.510413000002293	6.044469070833591
2.510414000002293	6.044402027462574
2.5104150000022933	6.044334994584397
2.5104160000022935	6.0442679721638015
2.5104170000022936	6.044200960163986
2.5104180000022938	6.044133958546603
2.510419000002294	6.044066967271723
2.510420000002294	6.0439999862978215
2.510421000002294	6.043933015581768
2.5104220000022943	6.043866055078809
2.5104230000022945	6.0437991047425585
2.5104240000022946	6.043732164524975
2.5104250000022947	6.0436652343763795
2.510426000002295	6.04359831424542
2.510427000002295	6.043531404079081
2.510428000002295	6.043464503822686
2.5104290000022953	6.0433976134198835
2.5104300000022954	6.043330732812655
2.5104310000022956	6.043263861941323
2.5104320000022957	6.04319700074459
2.510433000002296	6.043130149159452
2.510434000002296	6.043063307121278
2.510435000002296	6.042996474563784
2.5104360000022963	6.042929651419012
2.5104370000022964	6.042862837617457
2.5104380000022966	6.042796033088037
2.5104390000022967	6.042729237758075
2.510440000002297	6.0426624515533325
2.510441000002297	6.04259567439804
2.510442000002297	6.042528906214914
2.5104430000022973	6.042462146925181
2.5104440000022974	6.042395396448608
2.5104450000022975	6.042328654703521
2.5104460000022977	6.042261921606841
2.510447000002298	6.042195197074115
2.510448000002298	6.042128481019554
2.510449000002298	6.042061773356051
2.5104500000022982	6.041995073995529
2.5104510000022984	6.04192838284832
2.5104520000022985	6.041861699823354
2.5104530000022987	6.0417950248286605
2.510454000002299	6.041728357771155
2.510455000002299	6.041661698556674
2.510456000002299	6.041595047090026
2.510457000002299	6.041528403275031
2.5104580000022994	6.041461767014571
2.5104590000022995	6.041395138210634
2.5104600000022996	6.041328516764365
2.5104610000022998	6.04126190257611
2.5104620000023	6.041195295545479
2.5104630000023	6.0411286955713726
2.5104640000023	6.041062102552125
2.5104650000023003	6.040995516385408
2.5104660000023005	6.0409289369682915
2.5104670000023006	6.040862364197465
2.5104680000023007	6.040795797969176
2.510469000002301	6.04072923817929
2.510470000002301	6.040662684723376
2.510471000002301	6.040596137496744
2.5104720000023013	6.040529596394512
2.5104730000023014	6.040463061311643
2.5104740000023016	6.040396532143028
2.5104750000023017	6.040330008783542
2.510476000002302	6.040263491128088
2.510477000002302	6.040196979071661
2.510478000002302	6.040130472509424
2.5104790000023023	6.040063971336742
2.5104800000023024	6.039997475449261
2.5104810000023026	6.039930984742952
2.5104820000023027	6.039864499114184
2.510483000002303	6.0397980184597735
2.510484000002303	6.03973154267705
2.510485000002303	6.039665071663902
2.5104860000023033	6.039598605318855
2.5104870000023034	6.039532143541116
2.5104880000023035	6.039465686230689
2.5104890000023037	6.039399233288323
2.510490000002304	6.039332784615548
2.510491000002304	6.039266340114868
2.510492000002304	6.0391998996897565
2.5104930000023042	6.039133463244757
2.5104940000023044	6.0390670306854
2.5104950000023045	6.039000601918326
2.5104960000023047	6.0389341768514235
2.510497000002305	6.038867755393782
2.510498000002305	6.038801337452829
2.510499000002305	6.038734922945484
2.510500000002305	6.038668511780354
2.5105010000023054	6.0386021038734095
2.5105020000023055	6.038535699141316
2.5105030000023056	6.038469297501546
2.510504000002306	6.03840289887311
2.510505000002306	6.038336503176608
2.510506000002306	6.038270110334279
2.510507000002306	6.038203720270032
2.5105080000023063	6.038137332909487
2.5105090000023065	6.038070948180007
2.5105100000023066	6.038004566010723
2.5105110000023068	6.037938186332384
2.510512000002307	6.037871809077889
2.510513000002307	6.0378054341819745
2.510514000002307	6.0377390615811874
2.5105150000023073	6.037672691213991
2.5105160000023075	6.037606323020822
2.5105170000023076	6.037539956944087
2.5105180000023077	6.037473592928163
2.510519000002308	6.0374072309194355
2.510520000002308	6.037340870866308
2.510521000002308	6.037274512719231
2.5105220000023083	6.037208156430699
2.5105230000023084	6.037141801955273
2.5105240000023086	6.037075449249574
2.5105250000023087	6.037009098272309
2.510526000002309	6.0369427489842655
2.510527000002309	6.0368764013483105
2.510528000002309	6.036810055329394
2.5105290000023093	6.036743710894538
2.5105300000023094	6.0366773680128585
2.5105310000023096	6.036611026655567
2.5105320000023097	6.03654468679592
2.51053300000231	6.036478348409239
2.51053400000231	6.036412011472886
2.51053500000231	6.036345675966257
2.5105360000023103	6.03627934187077
2.5105370000023104	6.036213009169829
2.5105380000023105	6.036146677848838
2.5105390000023107	6.0360803478951475
2.510540000002311	6.036014019298037
2.510541000002311	6.035947692048707
2.510542000002311	6.0358813661402335
2.5105430000023112	6.035815041567548
2.5105440000023114	6.0357487183273975
2.5105450000023115	6.035682396418318
2.5105460000023117	6.03561607584059
2.510547000002312	6.035549756596203
2.510548000002312	6.035483438688858
2.510549000002312	6.035417122123866
2.510550000002312	6.035350806908129
2.5105510000023123	6.035284493050098
2.5105520000023125	6.035218180559722
2.5105530000023126	6.035151869448408
2.5105540000023128	6.035085559728966
2.510555000002313	6.035019251415559
2.510556000002313	6.0349529445236465
2.510557000002313	6.034886639069937
2.5105580000023133	6.0348203350723235
2.5105590000023135	6.034754032549838
2.5105600000023136	6.0346877315225855
2.5105610000023137	6.0346214320116855
2.510562000002314	6.034555134039216
2.510563000002314	6.034488837628136
2.510564000002314	6.034422542802236
2.5105650000023143	6.034356249586063
2.5105660000023144	6.034289958004873
2.5105670000023146	6.034223668084538
2.5105680000023147	6.034157379851505
2.510569000002315	6.034091093332704
2.510570000002315	6.034024808555483
2.510571000002315	6.033958525547534
2.5105720000023153	6.033892244336869
2.5105730000023154	6.033825964951686
2.5105740000023156	6.033759687420323
2.5105750000023157	6.033693411771178
2.510576000002316	6.033627138032638
2.510577000002316	6.0335608662330085
2.510578000002316	6.033494596400437
2.5105790000023163	6.033428328562835
2.5105800000023164	6.033362062747809
2.5105810000023165	6.033295798982575
2.5105820000023167	6.033229537293894
2.510583000002317	6.033163277707882
2.510584000002317	6.033097020250172
2.510585000002317	6.033030764945791
2.5105860000023172	6.032964511818914
2.5105870000023174	6.03289826089288
2.5105880000023175	6.032832012190179
2.5105890000023177	6.032765765732174
2.510590000002318	6.032699521542296
2.510591000002318	6.032633279634664
2.510592000002318	6.032567040031539
2.510593000002318	6.032500802745497
2.5105940000023184	6.032434567796166
2.5105950000023185	6.032368335196456
2.5105960000023186	6.032302104957888
2.510597000002319	6.03223587709144
2.510598000002319	6.032169651606447
2.510599000002319	6.032103428510575
2.510600000002319	6.032037207809726
2.5106010000023193	6.031970989507994
2.5106020000023195	6.031904773607549
2.5106030000023196	6.0318385601086515
2.5106040000023198	6.031772349009544
2.51060500000232	6.0317061403066585
2.51060600000232	6.031639933993462
2.51060700000232	6.031573730065229
2.5106080000023203	6.031507528508454
2.5106090000023205	6.031441329310468
2.5106100000023206	6.031375132456261
2.5106110000023207	6.031308937928422
2.510612000002321	6.031242745707101
2.510613000002321	6.03117655576995
2.510614000002321	6.031110368092093
2.5106150000023213	6.031044182646076
2.5106160000023214	6.030977999401822
2.5106170000023216	6.030911818326591
2.5106180000023217	6.030845639384955
2.510619000002322	6.030779462538748
2.510620000002322	6.030713287747039
2.510621000002322	6.0306471149661
2.5106220000023223	6.030580944149378
2.5106230000023224	6.030514775247464
2.5106240000023226	6.030448608208078
2.5106250000023227	6.030382442976035
2.510626000002323	6.0303162794932295
2.510627000002323	6.030250117698612
2.510628000002323	6.030183957528186
2.5106290000023233	6.030117798914985
2.5106300000023234	6.030051641789057
2.5106310000023235	6.029985486077468
2.5106320000023237	6.02991933170428
2.510633000002324	6.029853178590566
2.510634000002324	6.029787026654385
2.510635000002324	6.0297208758107965
2.5106360000023242	6.029654725971869
2.5106370000023244	6.029588577046666
2.5106380000023245	6.029522428941273
2.5106390000023247	6.029456281558791
2.510640000002325	6.0293901347993595
2.510641000002325	6.029323988560172
2.510642000002325	6.029257842735477
2.510643000002325	6.0291916972166195
2.5106440000023253	6.029125551892046
2.5106450000023255	6.02905940664733
2.5106460000023256	6.028993261365206
2.5106470000023258	6.028927115925589
2.510648000002326	6.0288609702056135
2.510649000002326	6.028794824079658
2.510650000002326	6.028728677419381
2.5106510000023263	6.028662530093768
2.5106520000023265	6.028596381969144
2.5106530000023266	6.028530232909248
2.5106540000023267	6.028464082775275
2.510655000002327	6.028397931425896
2.510656000002327	6.028331778717313
2.510657000002327	6.028265624503325
2.5106580000023273	6.028199468635352
2.5106590000023274	6.028133310962518
2.5106600000023276	6.028067151331681
2.5106610000023277	6.028000989587511
2.510662000002328	6.027934825572528
2.510663000002328	6.027868659127182
2.510664000002328	6.027802490089899
2.5106650000023283	6.027736318297161
2.5106660000023284	6.027670143583546
2.5106670000023286	6.027603965781827
2.5106680000023287	6.027537784723013
2.510669000002329	6.027471600236437
2.510670000002329	6.0274054121498075
2.510671000002329	6.0273392202893055
2.5106720000023293	6.027273024479643
2.5106730000023294	6.027206824544131
2.5106740000023295	6.027140620304776
2.5106750000023297	6.027074411582331
2.51067600000233	6.027008198196397
2.51067700000233	6.0269419799654935
2.51067800000233	6.026875756707133
2.5106790000023302	6.026809528237903
2.5106800000023304	6.026743294373554
2.5106810000023305	6.026677054929071
2.5106820000023307	6.026610809718767
2.510683000002331	6.026544558556364
2.510684000002331	6.026478301255062
2.510685000002331	6.026412037627643
2.510686000002331	6.026345767486544
2.5106870000023314	6.026279490643941
2.5106880000023315	6.026213206911843
2.5106890000023316	6.026146916102163
2.510690000002332	6.026080618026811
2.510691000002332	6.026014312497779
2.510692000002332	6.025947999327229
2.510693000002332	6.025881678327568
2.5106940000023323	6.025815349311533
2.5106950000023325	6.025749012092291
2.5106960000023326	6.025682666483506
2.5106970000023328	6.025616312299415
2.510698000002333	6.02554994935494
2.510699000002333	6.025483577465754
2.510700000002333	6.025417196448357
2.5107010000023333	6.025350806120159
2.5107020000023335	6.025284406299567
2.5107030000023336	6.025217996806062
2.5107040000023337	6.025151577460269
2.510705000002334	6.025085148084045
2.510706000002334	6.025018708500553
2.510707000002334	6.024952258534335
2.5107080000023343	6.024885798011389
2.5107090000023344	6.024819326759233
2.5107100000023346	6.024752844606989
2.5107110000023347	6.024686351385449
2.510712000002335	6.024619846927141
2.510713000002335	6.024553331066396
2.510714000002335	6.024486803639417
2.5107150000023353	6.02442026448435
2.5107160000023354	6.024353713441341
2.5107170000023356	6.024287150352588
2.5107180000023357	6.024220575062417
2.510719000002336	6.024153987417327
2.510720000002336	6.024087387266052
2.510721000002336	6.024020774459612
2.5107220000023363	6.023954148851374
2.5107230000023364	6.023887510297088
2.5107240000023365	6.0238208586549575
2.5107250000023367	6.023754193785654
2.510726000002337	6.023687515552388
2.510727000002337	6.023620823820946
2.510728000002337	6.023554118459727
2.5107290000023372	6.023487399339776
2.5107300000023374	6.023420666334824
2.5107310000023375	6.0233539193213375
2.5107320000023376	6.0232871581785234
2.510733000002338	6.023220382788374
2.510734000002338	6.02315359303569
2.510735000002338	6.023086788808115
2.510736000002338	6.023019969996135
2.5107370000023383	6.022953136508234
2.5107380000023385	6.022886288229303
2.5107390000023386	6.0228194250546
2.5107400000023388	6.022752546886208
2.510741000002339	6.022685653629184
2.510742000002339	6.022618745191511
2.510743000002339	6.0225518214841
2.5107440000023393	6.022484882420838
2.5107450000023395	6.022417927918567
2.5107460000023396	6.022350957897088
2.5107470000023397	6.022283972279157
2.51074800000234	6.022216970990474
2.51074900000234	6.022149953959702
2.51075000000234	6.022082921118425
2.5107510000023403	6.022015872401164
2.5107520000023404	6.021948807745328
2.5107530000023406	6.021881727091204
2.5107540000023407	6.0218146303819715
2.510755000002341	6.021747517563652
2.510756000002341	6.021680388585109
2.510757000002341	6.021613243397996
2.5107580000023413	6.021546081956754
2.5107590000023414	6.021478904218567
2.5107600000023416	6.021411710143341
2.5107610000023417	6.021344499693665
2.510762000002342	6.021277272834778
2.510763000002342	6.021210029534531
2.510764000002342	6.021142769763343
2.5107650000023423	6.021075493494178
2.5107660000023424	6.021008200702496
2.5107670000023425	6.020940891366192
2.5107680000023427	6.020873565465572
2.510769000002343	6.020806222983295
2.510770000002343	6.020738863904333
2.510771000002343	6.020671488215906
2.5107720000023432	6.020604095907451
2.5107730000023434	6.020536686970546
2.5107740000023435	6.020469261398871
2.5107750000023437	6.020401819188156
2.510776000002344	6.020334360336129
2.510777000002344	6.02026688484244
2.510778000002344	6.02019939270856
2.510779000002344	6.02013188393781
2.5107800000023444	6.020064358535259
2.5107810000023445	6.019996816507651
2.5107820000023446	6.019929257863366
2.510783000002345	6.019861682612329
2.510784000002345	6.01979409076597
2.510785000002345	6.019726482337157
2.510786000002345	6.019658857340118
2.5107870000023453	6.019591215790372
2.5107880000023455	6.019523557704713
2.5107890000023456	6.01945588310105
2.5107900000023458	6.019388191998398
2.510791000002346	6.0193204844168084
2.510792000002346	6.019252760377308
2.510793000002346	6.01918501990181
2.5107940000023463	6.019117263013068
2.5107950000023465	6.019049489734595
2.5107960000023466	6.018981700090593
2.5107970000023467	6.018913894105905
2.510798000002347	6.018846071805924
2.510799000002347	6.018778233216536
2.510800000002347	6.0187103783640685
2.5108010000023473	6.018642507275197
2.5108020000023474	6.018574619976859
2.5108030000023476	6.018506716496283
2.5108040000023477	6.018438796860878
2.510805000002348	6.0183708610981315
2.510806000002348	6.018302909235572
2.510807000002348	6.018234941300708
2.5108080000023483	6.01816695732097
2.5108090000023484	6.018098957323638
2.5108100000023486	6.018030941329715
2.5108110000023487	6.017962909370562
2.510812000002349	6.017894861474258
2.510813000002349	6.017826797666966
2.510814000002349	6.017758717974431
2.5108150000023493	6.017690622421883
2.5108160000023494	6.017622511034087
2.5108170000023495	6.017554383835191
2.5108180000023497	6.017486240848746
2.51081900000235	6.017418082097623
2.51082000000235	6.0173499076039105
2.51082100000235	6.01728171738896
2.5108220000023502	6.017213511473332
2.5108230000023504	6.017145289876732
2.5108240000023505	6.017077052617972
2.5108250000023506	6.017008799714941
2.510826000002351	6.016940531184566
2.510827000002351	6.0168722470427705
2.510828000002351	6.016803947304445
2.510829000002351	6.016735631983419
2.5108300000023513	6.016667301092422
2.5108310000023515	6.01659895464308
2.5108320000023516	6.016530592645854
2.5108330000023518	6.016462215110048
2.510834000002352	6.016393822043771
2.510835000002352	6.016325413453899
2.510836000002352	6.016256989346094
2.5108370000023523	6.016188549724792
2.5108380000023525	6.01612009459315
2.5108390000023526	6.016051623953045
2.5108400000023527	6.0159831378050725
2.510841000002353	6.015914636148535
2.510842000002353	6.015846118981432
2.510843000002353	6.015777586300449
2.5108440000023533	6.015709038100975
2.5108450000023534	6.015640474377084
2.5108460000023536	6.0155718951215515
2.5108470000023537	6.0155033003258085
2.510848000002354	6.015434689979996
2.510849000002354	6.0153660640729685
2.510850000002354	6.015297422592279
2.5108510000023543	6.015228765524206
2.5108520000023544	6.015160092853773
2.5108530000023546	6.0150914045647195
2.5108540000023547	6.015022700639528
2.510855000002355	6.0149539810594765
2.510856000002355	6.014885245804627
2.510857000002355	6.0148164948538465
2.5108580000023553	6.014747728184841
2.5108590000023554	6.014678945774165
2.5108600000023555	6.014610147597244
2.5108610000023557	6.014541333628407
2.510862000002356	6.014472503840914
2.510863000002356	6.014403658206985
2.510864000002356	6.014334796697831
2.5108650000023562	6.0142659192836385
2.5108660000023564	6.014197025933669
2.5108670000023565	6.014128116616255
2.5108680000023567	6.014059191298848
2.510869000002357	6.013990249948047
2.510870000002357	6.01392129252963
2.510871000002357	6.0138523190085955
2.510872000002357	6.0137833293492085
2.5108730000023574	6.013714323515023
2.5108740000023575	6.013645301468929
2.5108750000023576	6.013576263173193
2.5108760000023578	6.013507208589494
2.510877000002358	6.013438137678963
2.510878000002358	6.013369050402267
2.510879000002358	6.01329994671959
2.5108800000023583	6.0132308265907
2.5108810000023585	6.0131616899749964
2.5108820000023586	6.013092536831553
2.5108830000023588	6.013023367119152
2.510884000002359	6.012954180796348
2.510885000002359	6.012884977821488
2.510886000002359	6.012815758152779
2.5108870000023593	6.012746521748317
2.5108880000023595	6.012677268566126
2.5108890000023596	6.012607998564227
2.5108900000023597	6.012538711700655
2.51089100000236	6.012469407933523
2.51089200000236	6.012400087221055
2.51089300000236	6.012330749521635
2.5108940000023603	6.012261394793845
2.5108950000023604	6.012192022996498
2.5108960000023606	6.012122634088705
2.5108970000023607	6.012053228029894
2.510898000002361	6.011983804779863
2.510899000002361	6.011914364298835
2.510900000002361	6.011844906547454
2.5109010000023613	6.0117754314868685
2.5109020000023614	6.011705939078768
2.5109030000023616	6.011636429285382
2.5109040000023617	6.011566902069518
2.510905000002362	6.011497357394641
2.510906000002362	6.011427795224884
2.510907000002362	6.011358215525082
2.5109080000023623	6.011288618260811
2.5109090000023624	6.011219003398415
2.5109100000023625	6.011149370905026
2.5109110000023627	6.01107972074862
2.510912000002363	6.011010052898022
2.510913000002363	6.010940367322934
2.510914000002363	6.010870663993976
2.5109150000023632	6.0108009428827005
2.5109160000023634	6.010731203961611
2.5109170000023635	6.0106614472042
2.5109180000023636	6.010591672584951
2.510919000002364	6.010521880079374
2.510920000002364	6.010452069664013
2.510921000002364	6.010382241316474
2.510922000002364	6.010312395015422
2.5109230000023643	6.010242530740603
2.5109240000023645	6.010172648472858
2.5109250000023646	6.0101027481941465
2.5109260000023648	6.010032829887529
2.510927000002365	6.009962893537202
2.510928000002365	6.009892939128482
2.510929000002365	6.00982296664783
2.5109300000023653	6.009752976082837
2.5109310000023655	6.009682967422237
2.5109320000023656	6.0096129406559085
2.5109330000023657	6.00954289577487
2.510934000002366	6.009472832771274
2.510935000002366	6.009402751638418
2.510936000002366	6.009332652370714
2.5109370000023663	6.00926253496371
2.5109380000023664	6.009192399414068
2.5109390000023666	6.009122245719547
2.5109400000023667	6.009052073879006
2.510941000002367	6.008981883892386
2.510942000002367	6.008911675760705
2.510943000002367	6.008841449486025
2.5109440000023673	6.008771205071473
2.5109450000023674	6.008700942521213
2.5109460000023676	6.008630661840344
2.5109470000023677	6.00856036303496
2.510948000002368	6.008490046112143
2.510949000002368	6.008419711079907
2.510950000002368	6.008349357947192
2.5109510000023683	6.008278986723833
2.5109520000023684	6.00820859742053
2.5109530000023685	6.00813819004883
2.5109540000023687	6.008067764621088
2.510955000002369	6.007997321150456
2.510956000002369	6.00792685965084
2.510957000002369	6.007856380136878
2.5109580000023692	6.007785882623906
2.5109590000023694	6.007715367127928
2.5109600000023695	6.007644833665587
2.5109610000023697	6.007574282254121
2.51096200000237	6.007503712911351
2.51096300000237	6.007433125655625
2.51096400000237	6.007362520505803
2.51096500000237	6.007291897481202
2.5109660000023704	6.007221256601582
2.5109670000023705	6.007150597887093
2.5109680000023706	6.007079921358258
2.5109690000023708	6.007009227035915
2.510970000002371	6.006938514941199
2.510971000002371	6.006867785095497
2.510972000002371	6.006797037520411
2.5109730000023713	6.006726272237731
2.5109740000023715	6.006655489269391
2.5109750000023716	6.0065846886374255
2.5109760000023718	6.006513870363948
2.510977000002372	6.006443034471108
2.510978000002372	6.006372180981049
2.510979000002372	6.006301309915885
2.5109800000023723	6.006230421297658
2.5109810000023725	6.006159515148307
2.5109820000023726	6.006088591489625
2.5109830000023727	6.006017650343237
2.510984000002373	6.005946691730552
2.510985000002373	6.005875715672741
2.510986000002373	6.005804722190702
2.5109870000023733	6.005733711305029
2.5109880000023734	6.005662683035981
2.5109890000023736	6.0055916374034375
2.5109900000023737	6.005520574426894
2.510991000002374	6.0054494941254095
2.510992000002374	6.005378396517606
2.510993000002374	6.0053072816216
2.5109940000023743	6.00523614945502
2.5109950000023744	6.005165000034948
2.5109960000023746	6.005093833377925
2.5109970000023747	6.005022649499893
2.510998000002375	6.0049514484161985
2.510999000002375	6.004880230141567
2.511000000002375	6.004808994690081
2.5110010000023752	6.004737742075153
2.5110020000023754	6.004666472309517
2.5110030000023755	6.004595185405215
2.5110040000023757	6.004523881373564
2.511005000002376	6.004452560225167
2.511006000002376	6.004381221969879
2.511007000002376	6.004309866616812
2.5110080000023762	6.0042384941662075
2.5110090000023764	6.00416710462992
2.5110100000023765	6.004095698022217
2.5110110000023766	6.004024274333502
2.511012000002377	6.003952833580748
2.511013000002377	6.003881375768403
2.511014000002377	6.003809900900107
2.511015000002377	6.003738408978707
2.5110160000023773	6.0036669000062455
2.5110170000023775	6.003595373983979
2.5110180000023776	6.003523830912372
2.5110190000023778	6.00345227079111
2.511020000002378	6.003380693619085
2.511021000002378	6.003309099394426
2.511022000002378	6.003237488114492
2.5110230000023783	6.0031658597758915
2.5110240000023785	6.003094214374486
2.5110250000023786	6.0030225519054055
2.5110260000023787	6.002950872363065
2.511027000002379	6.002879175741171
2.511028000002379	6.002807462032728
2.511029000002379	6.002735731230122
2.5110300000023793	6.002663983325087
2.5110310000023794	6.002592218308666
2.5110320000023796	6.0025204361713325
2.5110330000023797	6.00244863690297
2.51103400000238	6.002376820492891
2.51103500000238	6.0023049869298815
2.51103600000238	6.0022331362022046
2.5110370000023803	6.002161268297643
2.5110380000023804	6.002089383203511
2.5110390000023806	6.002017480906687
2.5110400000023807	6.001945561393637
2.511041000002381	6.001873624650476
2.511042000002381	6.001801670663007
2.511043000002381	6.001729699416692
2.5110440000023813	6.001657710896717
2.5110450000023814	6.001585705088023
2.5110460000023815	6.00151368197534
2.5110470000023817	6.001441641543217
2.511048000002382	6.001369583776087
2.511049000002382	6.001297508658253
2.511050000002382	6.001225416173959
2.5110510000023822	6.001153306307422
2.5110520000023824	6.001081179042854
2.5110530000023825	6.001009034364513
2.5110540000023827	6.00093687225674
2.511055000002383	6.0008646927039875
2.511056000002383	6.000792495690866
2.511057000002383	6.000720281202177
2.511058000002383	6.000648049222965
2.5110590000023834	6.000575799738528
2.5110600000023835	6.000503532734489
2.5110610000023836	6.000431248196805
2.5110620000023838	6.000358946111824
2.511063000002384	6.000286626466329
2.511064000002384	6.000214289247542
2.511065000002384	6.000141934443206
2.5110660000023843	6.000069562041583
2.5110670000023845	5.99999717203152
2.5110680000023846	5.999924764402477
2.5110690000023848	5.999852339144552
2.511070000002385	5.999779896248533
2.511071000002385	5.999707435705928
2.511072000002385	5.999634957508993
2.5110730000023853	5.999562461650777
2.5110740000023855	5.99948994812515
2.5110750000023856	5.999417416926831
2.5110760000023857	5.999344868051434
2.511077000002386	5.9992723014954885
2.511078000002386	5.999199717256475
2.511079000002386	5.999127115332854
2.5110800000023863	5.999054495724092
2.5110810000023864	5.998981858430694
2.5110820000023866	5.998909203454229
2.5110830000023867	5.998836530797359
2.511084000002387	5.998763840463858
2.511085000002387	5.998691132458643
2.511086000002387	5.998618406787794
2.5110870000023873	5.998545663458575
2.5110880000023874	5.99847290247946
2.5110890000023876	5.998400123860155
2.5110900000023877	5.998327327611594
2.511091000002388	5.998254513745992
2.511092000002388	5.998181682276844
2.511093000002388	5.998108833218921
2.5110940000023882	5.998035966588315
2.5110950000023884	5.9979630824024355
2.5110960000023885	5.997890180680045
2.5110970000023887	5.997817261441233
2.511098000002389	5.9977443247074484
2.511099000002389	5.997671370501491
2.511100000002389	5.997598398847539
2.5111010000023892	5.9975254097711375
2.5111020000023894	5.997452403299199
2.5111030000023895	5.997379379460037
2.5111040000023896	5.9973063382833205
2.51110500000239	5.997233279800112
2.51110600000239	5.997160204042842
2.51110700000239	5.997087111045334
2.51110800000239	5.997014000842768
2.5111090000023903	5.996940873471698
2.5111100000023905	5.996867728970037
2.5111110000023906	5.996794567377036
2.5111120000023908	5.996721388733317
2.511113000002391	5.99664819308082
2.511114000002391	5.996574980462824
2.511115000002391	5.996501750923897
2.5111160000023913	5.996428504509915
2.5111170000023915	5.99635524126803
2.5111180000023916	5.996281961246668
2.5111190000023917	5.996208664495498
2.511120000002392	5.996135351065416
2.511121000002392	5.996062021008542
2.511122000002392	5.9959886743781805
2.5111230000023923	5.99591531122881
2.5111240000023924	5.995841931616053
2.5111250000023926	5.995768535596666
2.5111260000023927	5.995695123228498
2.511127000002393	5.99562169457049
2.511128000002393	5.99554824968262
2.511129000002393	5.995474788625904
2.5111300000023933	5.995401311462355
2.5111310000023934	5.995327818254955
2.5111320000023936	5.995254309067635
2.5111330000023937	5.99518078396524
2.511134000002394	5.9951072430135
2.511135000002394	5.995033686279004
2.511136000002394	5.994960113829156
2.5111370000023943	5.99488652573217
2.5111380000023944	5.994812922057007
2.5111390000023945	5.9947393028733815
2.5111400000023947	5.994665668251698
2.511141000002395	5.994592018263033
2.511142000002395	5.994518352979103
2.511143000002395	5.994444672472212
2.5111440000023952	5.994370976815249
2.5111450000023954	5.9942972660816425
2.5111460000023955	5.994223540345326
2.5111470000023957	5.9941497996807
2.511148000002396	5.994076044162622
2.511149000002396	5.99400227386634
2.511150000002396	5.993928488867496
2.511151000002396	5.993854689242072
2.5111520000023964	5.993780875066364
2.5111530000023965	5.993707046416949
2.5111540000023966	5.993633203370652
2.5111550000023968	5.993559346004526
2.511156000002397	5.993485474395813
2.511157000002397	5.993411588621914
2.511158000002397	5.993337688760362
2.5111590000023973	5.9932637748887965
2.5111600000023975	5.993189847084934
2.5111610000023976	5.993115905426538
2.5111620000023978	5.99304194999139
2.511163000002398	5.992967980857261
2.511164000002398	5.9928939981019065
2.511165000002398	5.992820001803038
2.5111660000023983	5.992745992038281
2.5111670000023985	5.992671968885159
2.5111680000023986	5.9925979324210745
2.5111690000023987	5.992523882723299
2.511170000002399	5.99244981986894
2.511171000002399	5.992375743934919
2.511172000002399	5.992301654997973
2.5111730000023993	5.992227553134618
2.5111740000023994	5.992153438421146
2.5111750000023996	5.992079310933608
2.5111760000023997	5.9920051707478
2.5111770000024	5.991931017939252
2.5111780000024	5.991856852583207
2.5111790000024	5.991782674754639
2.5111800000024003	5.991708484528216
2.5111810000024004	5.991634281978303
2.5111820000024005	5.991560067178966
2.5111830000024007	5.991485840203957
2.511184000002401	5.991411601126707
2.511185000002401	5.991337350020331
2.511186000002401	5.991263086957626
2.5111870000024012	5.991188812011077
2.5111880000024014	5.99111452525285
2.5111890000024015	5.991040226754807
2.5111900000024017	5.99096591658849
2.511191000002402	5.990891594825149
2.511192000002402	5.990817261535745
2.511193000002402	5.990742916790947
2.5111940000024022	5.99066856066115
2.5111950000024024	5.990594193216491
2.5111960000024025	5.990519814526843
2.5111970000024026	5.990445424661857
2.511198000002403	5.990371023690946
2.511199000002403	5.990296611683326
2.511200000002403	5.990222188708019
2.511201000002403	5.990147754833879
2.5112020000024033	5.990073310129609
2.5112030000024035	5.989998854663782
2.5112040000024036	5.98992438850485
2.5112050000024038	5.989849911721203
2.511206000002404	5.989775424381151
2.511207000002404	5.989700926552977
2.511208000002404	5.989626418304949
2.5112090000024043	5.989551899705353
2.5112100000024045	5.9894773708225255
2.5112110000024046	5.989402831724876
2.5112120000024047	5.989328282480918
2.511213000002405	5.989253723159309
2.511214000002405	5.98917915382886
2.511215000002405	5.989104574558578
2.5112160000024053	5.989029985417716
2.5112170000024054	5.988955386475788
2.5112180000024056	5.988880777802605
2.5112190000024057	5.988806159468323
2.511220000002406	5.98873153154346
2.511221000002406	5.98865689409895
2.511222000002406	5.988582247206165
2.5112230000024063	5.988507590936966
2.5112240000024064	5.988432925363724
2.5112250000024066	5.988358250559374
2.5112260000024067	5.9882835665974445
2.511227000002407	5.9882088735520895
2.511228000002407	5.988134171498146
2.511229000002407	5.988059460511145
2.5112300000024073	5.987984740667383
2.5112310000024074	5.987910012043937
2.5112320000024075	5.987835274718714
2.5112330000024077	5.987760528770469
2.511234000002408	5.987685774278887
2.511235000002408	5.987611011324571
2.511236000002408	5.9875362399938155
2.5112370000024082	5.987461460363309
2.5112380000024084	5.987386672519391
2.5112390000024085	5.987311876544109
2.5112400000024087	5.987237072526059
2.511241000002409	5.987162260554276
2.511242000002409	5.9870874407138075
2.511243000002409	5.987012613094127
2.511244000002409	5.986937777785964
2.5112450000024094	5.986862934881385
2.5112460000024095	5.986788084473779
2.5112470000024096	5.986713226657921
2.5112480000024098	5.9866383615299865
2.51124900000241	5.986563489187566
2.51125000000241	5.986488609729735
2.51125100000241	5.986413723257051
2.5112520000024103	5.986338829871611
2.5112530000024105	5.986263929677045
2.5112540000024106	5.986189022778525
2.5112550000024108	5.986114109282851
2.511256000002411	5.986039189298432
2.511257000002411	5.985964262935334
2.511258000002411	5.985889330305281
2.5112590000024113	5.985814391521683
2.5112600000024115	5.985739446699654
2.5112610000024116	5.985664495956029
2.5112620000024117	5.985589539409381
2.511263000002412	5.985514577180042
2.511264000002412	5.985439609390095
2.511265000002412	5.985364636163411
2.5112660000024123	5.9852896576256445
2.5112670000024124	5.9852146739042515
2.5112680000024126	5.985139685128487
2.5112690000024127	5.985064691429416
2.511270000002413	5.9849896929399256
2.511271000002413	5.9849146897947145
2.511272000002413	5.984839682130301
2.5112730000024133	5.984764670085018
2.5112740000024134	5.984689653799026
2.5112750000024135	5.9846146334142905
2.5112760000024137	5.984539609074583
2.511277000002414	5.984464580925485
2.511278000002414	5.984389549114369
2.511279000002414	5.984314513790383
2.5112800000024142	5.984239475104454
2.5112810000024144	5.9841644332092665
2.5112820000024145	5.984089388259246
2.5112830000024147	5.984014340410547
2.511284000002415	5.983939289821037
2.511285000002415	5.983864236650282
2.511286000002415	5.9837891810595245
2.5112870000024152	5.9837141232116045
2.5112880000024154	5.983639063270997
2.5112890000024155	5.983564001403784
2.5112900000024156	5.983488937777614
2.511291000002416	5.983413872561676
2.511292000002416	5.983338805926663
2.511293000002416	5.983263738044744
2.511294000002416	5.983188669089534
2.5112950000024163	5.983113599236049
2.5112960000024165	5.983038528660675
2.5112970000024166	5.982963457541133
2.5112980000024168	5.98288838605643
2.511299000002417	5.982813314386842
2.511300000002417	5.982738242713849
2.511301000002417	5.982663171220096
2.5113020000024173	5.9825881000893535
2.5113030000024175	5.9825130295064675
2.5113040000024176	5.982437959657315
2.5113050000024177	5.982362890728762
2.511306000002418	5.9822878229085985
2.511307000002418	5.9822127563855085
2.511308000002418	5.982137691349008
2.5113090000024183	5.982062627989388
2.5113100000024184	5.981987566497675
2.5113110000024186	5.981912507065568
2.5113120000024187	5.981837449885384
2.511313000002419	5.981762395150009
2.511314000002419	5.9816873430528394
2.511315000002419	5.98161229378772
2.5113160000024193	5.981537247548893
2.5113170000024194	5.981462204530927
2.5113180000024196	5.981387164928689
2.5113190000024197	5.981312128937249
2.51132000000242	5.981237096751841
2.51132100000242	5.9811620685678015
2.51132200000242	5.981087044580505
2.5113230000024203	5.98101202498531
2.5113240000024204	5.980937009977484
2.5113250000024205	5.980861999752159
2.5113260000024207	5.980786994504266
2.511327000002421	5.980711994428475
2.511328000002421	5.980636999719119
2.511329000002421	5.980562010570157
2.5113300000024212	5.9804870271751
2.5113310000024214	5.980412049726942
2.5113320000024215	5.9803370784181125
2.5113330000024217	5.980262113440422
2.511334000002422	5.9801871549849785
2.511335000002422	5.980112203242157
2.511336000002422	5.980037258401518
2.511337000002422	5.979962320651755
2.5113380000024224	5.9798873901806395
2.5113390000024225	5.97981246717497
2.5113400000024226	5.979737551820503
2.5113410000024228	5.979662644301902
2.511342000002423	5.979587744802662
2.511343000002423	5.979512853505081
2.511344000002423	5.979437970590213
2.5113450000024233	5.97936309623779
2.5113460000024235	5.97928823062618
2.5113470000024236	5.979213373932333
2.5113480000024238	5.979138526331737
2.511349000002424	5.9790636879983685
2.511350000002424	5.978988859104635
2.511351000002424	5.978914039821328
2.5113520000024243	5.9788392303175995
2.5113530000024245	5.978764430760885
2.5113540000024246	5.978689641316888
2.5113550000024247	5.9786148621495165
2.511356000002425	5.978540093420852
2.511357000002425	5.978465335291113
2.511358000002425	5.978390587918612
2.5113590000024253	5.978315851459721
2.5113600000024254	5.9782411260688315
2.5113610000024256	5.97816641189833
2.5113620000024257	5.978091709098553
2.511363000002426	5.97801701781777
2.511364000002426	5.977942338202138
2.511365000002426	5.9778676703956934
2.5113660000024263	5.977793014540307
2.5113670000024264	5.977718370775678
2.5113680000024265	5.977643739239288
2.5113690000024267	5.977569120066403
2.511370000002427	5.977494513390039
2.511371000002427	5.977419919340944
2.511372000002427	5.977345338047602
2.5113730000024272	5.977270769636191
2.5113740000024274	5.977196214230575
2.5113750000024275	5.9771216719523075
2.5113760000024277	5.977047142920608
2.511377000002428	5.976972627252367
2.511378000002428	5.976898125062123
2.511379000002428	5.9768236364620755
2.5113800000024282	5.976749161562072
2.5113810000024284	5.976674700469609
2.5113820000024285	5.976600253289827
2.5113830000024286	5.976525820125529
2.511384000002429	5.976451401077173
2.511385000002429	5.976376996242874
2.511386000002429	5.976302605718406
2.511387000002429	5.976228229597235
2.5113880000024293	5.976153867970517
2.5113890000024295	5.976079520927091
2.5113900000024296	5.976005188553527
2.5113910000024298	5.975930870934133
2.51139200000243	5.975856568150952
2.51139300000243	5.975782280283764
2.51139400000243	5.975708007410149
2.5113950000024303	5.975633749605412
2.5113960000024305	5.975559506942796
2.5113970000024306	5.975485279493478
2.5113980000024307	5.9754110673264025
2.511399000002431	5.975336870508431
2.511400000002431	5.975262689104361
2.511401000002431	5.975188523176961
2.5114020000024313	5.975114372786983
2.5114030000024314	5.975040237993212
2.5114040000024316	5.974966118852494
2.5114050000024317	5.974892015419775
2.511406000002432	5.974817927748123
2.511407000002432	5.974743855888774
2.511408000002432	5.974669799891179
2.5114090000024323	5.974595759803025
2.5114100000024324	5.974521735670298
2.5114110000024326	5.974447727537299
2.5114120000024327	5.974373735446699
2.511413000002433	5.974299759439573
2.511414000002433	5.974225799551238
2.511415000002433	5.9741518558210585
2.5114160000024333	5.9740779282885
2.5114170000024334	5.974004016988758
2.5114180000024335	5.973930121955605
2.5114190000024337	5.973856243221536
2.511420000002434	5.973782380817755
2.511421000002434	5.97370853477424
2.511422000002434	5.973634705119802
2.5114230000024342	5.973560891882128
2.5114240000024344	5.973487095087809
2.5114250000024345	5.973413314762424
2.5114260000024347	5.973339550930569
2.511427000002435	5.973265803615904
2.511428000002435	5.973192072841218
2.511429000002435	5.973118358628453
2.511430000002435	5.973044660998793
2.5114310000024354	5.972970979972675
2.5114320000024355	5.972897315569862
2.5114330000024356	5.972823667809485
2.5114340000024358	5.972750036710094
2.511435000002436	5.972676422289705
2.511436000002436	5.972602824565857
2.511437000002436	5.972529243555651
2.5114380000024363	5.9724556792758055
2.5114390000024365	5.972382131742706
2.5114400000024366	5.972308600972437
2.5114410000024368	5.972235086980853
2.511442000002437	5.972161589783612
2.511443000002437	5.972088109396211
2.511444000002437	5.972014645834056
2.5114450000024373	5.9719411991124725
2.5114460000024375	5.9718677692468205
2.5114470000024376	5.9717943562524605
2.5114480000024377	5.9717209601448324
2.511449000002438	5.971647580939481
2.511450000002438	5.971574218652118
2.511451000002438	5.971500873298644
2.5114520000024383	5.9714275448951994
2.5114530000024384	5.9713542334582
2.5114540000024386	5.971280939004367
2.5114550000024387	5.971207661550778
2.511456000002439	5.9711344011148935
2.511457000002439	5.971061157714584
2.511458000002439	5.970987931368181
2.5114590000024393	5.970914722094493
2.5114600000024394	5.970841529912844
2.5114610000024395	5.9707683548431
2.5114620000024397	5.9706951969057105
2.51146300000244	5.970622056121717
2.51146400000244	5.970548932512777
2.51146500000244	5.970475826101213
2.5114660000024402	5.970402736910014
2.5114670000024404	5.970329664962873
2.5114680000024405	5.970256610284173
2.5114690000024407	5.970183572899072
2.511470000002441	5.9701105528334635
2.511471000002441	5.970037550113998
2.511472000002441	5.969964564768144
2.5114730000024412	5.9698915968241355
2.5114740000024414	5.9698186463110305
2.5114750000024415	5.969745713258705
2.5114760000024416	5.969672797697878
2.511477000002442	5.969599899660096
2.511478000002442	5.96952701917776
2.511479000002442	5.969454156284115
2.511480000002442	5.9693813110132705
2.5114810000024423	5.969308483400182
2.5114820000024425	5.96923567348067
2.5114830000024426	5.969162881291409
2.5114840000024428	5.969090106869924
2.511485000002443	5.969017350254599
2.511486000002443	5.968944611484654
2.511487000002443	5.968871890600155
2.5114880000024433	5.968799187641992
2.5114890000024435	5.968726502651883
2.5114900000024436	5.968653835672367
2.5114910000024437	5.968581186746753
2.511492000002444	5.96850855591915
2.511493000002444	5.96843594323443
2.511494000002444	5.968363348738229
2.5114950000024443	5.968290772476912
2.5114960000024444	5.968218214497562
2.5114970000024446	5.968145674847955
2.5114980000024447	5.96807315357079
2.511499000002445	5.9680006507164975
2.511500000002445	5.967928166339094
2.511501000002445	5.967855700488928
2.5115020000024453	5.967783253216909
2.5115030000024454	5.967710824574498
2.5115040000024456	5.967638414613675
2.5115050000024457	5.967566023386912
2.511506000002446	5.967493650947134
2.511507000002446	5.9674212973477
2.511508000002446	5.967348962642356
2.5115090000024463	5.967276646885215
2.5115100000024464	5.967204350130709
2.5115110000024465	5.9671320724335715
2.5115120000024467	5.967059813848768
2.511513000002447	5.966987574431502
2.511514000002447	5.966915354237151
2.511515000002447	5.966843153321215
2.5115160000024472	5.9667709717392965
2.5115170000024474	5.9666988095470606
2.5115180000024475	5.966626666800198
2.5115190000024477	5.96655454355437
2.511520000002448	5.966482439865167
2.511521000002448	5.966410355788076
2.511522000002448	5.966338291378424
2.511523000002448	5.966266246691348
2.5115240000024484	5.96619422178175
2.5115250000024485	5.966122216704241
2.5115260000024486	5.966050231513102
2.5115270000024488	5.96597826626225
2.511528000002449	5.965906321005165
2.511529000002449	5.965834395794875
2.511530000002449	5.965762490683901
2.5115310000024493	5.965690605724202
2.5115320000024495	5.965618740967133
2.5115330000024496	5.965546896463414
2.5115340000024498	5.965475072263064
2.51153500000245	5.96540326841536
2.51153600000245	5.965331484968811
2.51153700000245	5.9652597219710835
2.5115380000024503	5.965187979468978
2.5115390000024505	5.965116257508375
2.5115400000024506	5.965044556134191
2.5115410000024507	5.964972875390348
2.511542000002451	5.964901215319699
2.511543000002451	5.964829575964013
2.511544000002451	5.964757957363921
2.5115450000024513	5.964686359558878
2.5115460000024514	5.964614782587115
2.5115470000024516	5.964543226485609
2.5115480000024517	5.964471691290024
2.511549000002452	5.96440017703469
2.511550000002452	5.96432868375256
2.511551000002452	5.964257211475162
2.5115520000024523	5.964185760232563
2.5115530000024524	5.964114330053351
2.5115540000024525	5.964042920964571
2.5115550000024527	5.963971532991714
2.511556000002453	5.963900166158664
2.511557000002453	5.963828820487681
2.511558000002453	5.963757495999365
2.5115590000024532	5.963686192712623
2.5115600000024534	5.963614910644628
2.5115610000024535	5.963543649810811
2.5115620000024537	5.963472410224819
2.511563000002454	5.963401191898495
2.511564000002454	5.963329994841851
2.511565000002454	5.9632588190630385
2.5115660000024542	5.96318766456834
2.5115670000024544	5.963116531362128
2.5115680000024545	5.963045419446862
2.5115690000024546	5.962974328823072
2.511570000002455	5.962903259489312
2.511571000002455	5.962832211442184
2.511572000002455	5.962761184676292
2.511573000002455	5.9626901791842295
2.5115740000024553	5.962619194956587
2.5115750000024555	5.9625482319819385
2.5115760000024556	5.962477290246844
2.5115770000024558	5.962406369735809
2.511578000002456	5.962335470431287
2.511579000002456	5.962264592313698
2.511580000002456	5.962193735361391
2.5115810000024563	5.962122899550682
2.5115820000024565	5.962052084855815
2.5115830000024566	5.961981291248993
2.5115840000024567	5.961910518700364
2.511585000002457	5.961839767178032
2.511586000002457	5.961769036648063
2.511587000002457	5.961698327074489
2.5115880000024573	5.961627638419334
2.5115890000024574	5.961556970642605
2.5115900000024576	5.961486323702306
2.5115910000024577	5.961415697554459
2.511592000002458	5.961345092153119
2.511593000002458	5.961274507450392
2.511594000002458	5.961203943396453
2.5115950000024583	5.961133399939554
2.5115960000024584	5.961062877026052
2.5115970000024586	5.960992374600433
2.5115980000024587	5.960921892605356
2.511599000002459	5.960851430981652
2.511600000002459	5.960780989668347
2.511601000002459	5.960710568602714
2.5116020000024593	5.960640167720275
2.5116030000024594	5.960569786954872
2.5116040000024595	5.960499426238676
2.5116050000024597	5.96042908550222
2.51160600000246	5.96035876467443
2.51160700000246	5.960288463682674
2.51160800000246	5.960218182452797
2.5116090000024602	5.9601479209091455
2.5116100000024604	5.96007767897463
2.5116110000024605	5.96000745657075
2.5116120000024607	5.959937253617642
2.511613000002461	5.9598670700341305
2.511614000002461	5.959796905737757
2.511615000002461	5.959726760644795
2.511616000002461	5.959656634670356
2.5116170000024614	5.959586527728516
2.5116180000024615	5.95951643973218
2.5116190000024616	5.959446370593242
2.5116200000024618	5.959376320222597
2.511621000002462	5.959306288530203
2.511622000002462	5.959236275425145
2.511623000002462	5.959166280815669
2.5116240000024623	5.959096304614839
2.5116250000024625	5.959026346731919
2.5116260000024626	5.9589564070649255
2.5116270000024628	5.958886485519331
2.511628000002463	5.958816582000063
2.511629000002463	5.9587466964115245
2.511630000002463	5.958676828657704
2.5116310000024633	5.9586069786422104
2.5116320000024634	5.958537146268317
2.5116330000024636	5.95846733143902
2.5116340000024637	5.958397534057108
2.511635000002464	5.958327754025219
2.511636000002464	5.958257991245881
2.511637000002464	5.958188245621593
2.5116380000024643	5.958118517054894
2.5116390000024644	5.958048805448395
2.5116400000024646	5.957979110704842
2.5116410000024647	5.957909432727185
2.511642000002465	5.957839771418622
2.511643000002465	5.957770126682674
2.511644000002465	5.9577004984232556
2.5116450000024653	5.957630886544709
2.5116460000024654	5.957561290951805
2.5116470000024655	5.957491711549905
2.5116480000024657	5.957422148244965
2.511649000002466	5.957352600943602
2.511650000002466	5.957283069553147
2.511651000002466	5.957213553981706
2.5116520000024662	5.957144054138204
2.5116530000024664	5.957074569932441
2.5116540000024665	5.957005101275149
2.5116550000024667	5.956935648078042
2.511656000002467	5.956866210253877
2.511657000002467	5.956796787716487
2.511658000002467	5.956727380380846
2.5116590000024672	5.956657988163116
2.5116600000024674	5.956588610980688
2.5116610000024675	5.9565192487522385
2.5116620000024676	5.95644990139776
2.511663000002468	5.956380568838633
2.511664000002468	5.956311250997642
2.511665000002468	5.9562419477990325
2.511666000002468	5.956172659168552
2.5116670000024683	5.956103385033494
2.5116680000024685	5.9560341253225895
2.5116690000024686	5.9559648799663085
2.5116700000024688	5.95589564889695
2.511671000002469	5.955826432048341
2.511672000002469	5.955757229356041
2.511673000002469	5.955688040757366
2.5116740000024693	5.955618866191418
2.5116750000024695	5.9555497055991085
2.5116760000024696	5.955480558923211
2.5116770000024697	5.9554114261083635
2.51167800000247	5.955342307101104
2.51167900000247	5.955273201849884
2.51168000000247	5.955204110305105
2.5116810000024703	5.955135032419132
2.5116820000024704	5.9550659681463065
2.5116830000024706	5.9549969174429815
2.5116840000024707	5.954927880267515
2.511685000002471	5.9548588565803
2.511686000002471	5.954789846343766
2.511687000002471	5.954720849522397
2.5116880000024713	5.9546518660827354
2.5116890000024714	5.954582895993408
2.5116900000024716	5.954513939225096
2.5116910000024717	5.954444995750574
2.511692000002472	5.954376065544685
2.511693000002472	5.954307148584368
2.511694000002472	5.954238244848627
2.5116950000024723	5.954169354318538
2.5116960000024724	5.954100476977253
2.5116970000024725	5.954031612809993
2.5116980000024727	5.95396276180403
2.511699000002473	5.953893923948692
2.511700000002473	5.953825099235334
2.511701000002473	5.9537562876573356
2.5117020000024732	5.953687489210098
2.5117030000024734	5.953618703890985
2.5117040000024735	5.953549931699366
2.5117050000024737	5.953481172636546
2.511706000002474	5.953412426705768
2.511707000002474	5.9533436939121795
2.511708000002474	5.953274974262821
2.511709000002474	5.95320626776659
2.5117100000024744	5.953137574434211
2.5117110000024745	5.953068894278219
2.5117120000024746	5.953000227312921
2.5117130000024748	5.952931573554392
2.511714000002475	5.952862933020396
2.511715000002475	5.952794305730327
2.511716000002475	5.952725691705258
2.5117170000024753	5.9526570909678505
2.5117180000024755	5.95258850354234
2.5117190000024756	5.95251992945448
2.5117200000024758	5.952451368731505
2.511721000002476	5.952382821402095
2.511722000002476	5.952314287496315
2.511723000002476	5.952245767045597
2.5117240000024763	5.952177260082675
2.5117250000024764	5.952108766641536
2.5117260000024766	5.952040286757395
2.5117270000024767	5.9519718204666185
2.511728000002477	5.951903367806707
2.511729000002477	5.951834928816206
2.511730000002477	5.951766503534696
2.5117310000024773	5.951698092002628
2.5117320000024774	5.951629694261492
2.5117330000024776	5.951561310353643
2.5117340000024777	5.951492940322205
2.511735000002478	5.951424584211043
2.511736000002478	5.951356242064727
2.511737000002478	5.951287913928475
2.5117380000024783	5.951219599848082
2.5117390000024784	5.951151299869886
2.5117400000024785	5.951083014040696
2.5117410000024787	5.95101474240775
2.511742000002479	5.950946485018649
2.511743000002479	5.950878241921295
2.511744000002479	5.950810013163849
2.5117450000024792	5.950741798794663
2.5117460000024794	5.950673598862247
2.5117470000024795	5.950605413415169
2.5117480000024797	5.950537242502028
2.51174900000248	5.950469086171402
2.51175000000248	5.950400944471777
2.51175100000248	5.9503328174515
2.5117520000024802	5.9502647051587205
2.5117530000024804	5.950196607641342
2.5117540000024805	5.950128524946954
2.5117550000024806	5.950060457122816
2.511756000002481	5.949992404215759
2.511757000002481	5.949924366272105
2.511758000002481	5.949856343337699
2.511759000002481	5.949788335457804
2.5117600000024813	5.949720342677065
2.5117610000024815	5.949652365039464
2.5117620000024816	5.949584402588255
2.5117630000024818	5.9495164553659245
2.511764000002482	5.949448523414148
2.511765000002482	5.949380606773737
2.511766000002482	5.949312705486867
2.5117670000024823	5.949244819591121
2.5117680000024825	5.949176949123516
2.5117690000024826	5.949109094120964
2.5117700000024827	5.949041254619306
2.511771000002483	5.948973430653238
2.511772000002483	5.948905622256327
2.511773000002483	5.948837829460952
2.5117740000024833	5.9487700522982445
2.5117750000024834	5.948702290798075
2.5117760000024836	5.94863454498901
2.5117770000024837	5.94856681489829
2.511778000002484	5.948499100551783
2.511779000002484	5.948431401973976
2.511780000002484	5.9483637191879275
2.5117810000024843	5.948296052215261
2.5117820000024844	5.948228401076126
2.5117830000024846	5.948160765789174
2.5117840000024847	5.9480931463715345
2.511785000002485	5.94802554283882
2.511786000002485	5.947957955205068
2.511787000002485	5.947890383482759
2.5117880000024853	5.947822827682788
2.5117890000024854	5.947755287814446
2.5117900000024855	5.947687763885413
2.5117910000024857	5.947620255901758
2.511792000002486	5.947552763867905
2.511793000002486	5.947485287786647
2.511794000002486	5.947417827659131
2.5117950000024862	5.947350383484876
2.5117960000024864	5.947282955261715
2.5117970000024865	5.947215542985852
2.5117980000024867	5.947148146651841
2.511799000002487	5.947080766252601
2.511800000002487	5.947013401779389
2.511801000002487	5.946946053221842
2.511802000002487	5.946878720567969
2.5118030000024874	5.946811403804156
2.5118040000024875	5.946744102915188
2.5118050000024876	5.946676817884257
2.5118060000024878	5.946609548692971
2.511807000002488	5.946542295321374
2.511808000002488	5.946475057747972
2.511809000002488	5.946407835949729
2.5118100000024883	5.946340629902108
2.5118110000024885	5.946273439579091
2.5118120000024886	5.946206264953185
2.5118130000024887	5.946139105995467
2.511814000002489	5.9460719626756
2.511815000002489	5.946004834961854
2.511816000002489	5.9459377228211485
2.5118170000024893	5.945870626219073
2.5118180000024894	5.94580354511992
2.5118190000024896	5.945736479486726
2.5118200000024897	5.945669429281297
2.51182100000249	5.945602394464214
2.51182200000249	5.945535374994916
2.51182300000249	5.945468370831719
2.5118240000024903	5.945401381931838
2.5118250000024904	5.945334408251453
2.5118260000024906	5.945267449745727
2.5118270000024907	5.9452005063688595
2.511828000002491	5.945133578074118
2.511829000002491	5.945066664813882
2.511830000002491	5.944999766539692
2.5118310000024913	5.944932883202287
2.5118320000024914	5.944866014751651
2.5118330000024915	5.944799161137058
2.5118340000024917	5.944732322307103
2.511835000002492	5.944665498209782
2.511836000002492	5.944598688792497
2.511837000002492	5.94453189400211
2.5118380000024922	5.944465113785021
2.5118390000024924	5.944398348087198
2.5118400000024925	5.944331596854201
2.5118410000024927	5.944264860031261
2.511842000002493	5.9441981375633155
2.511843000002493	5.944131429395053
2.511844000002493	5.9440647354709695
2.5118450000024932	5.9439980557353955
2.5118460000024934	5.94393139013258
2.5118470000024935	5.943864738606698
2.5118480000024936	5.943798101101922
2.511849000002494	5.943731477562461
2.511850000002494	5.943664867932607
2.511851000002494	5.943598272156798
2.511852000002494	5.943531690179637
2.5118530000024943	5.943465121945932
2.5118540000024945	5.943398567400773
2.5118550000024946	5.943332026489576
2.5118560000024948	5.943265499158109
2.511857000002495	5.943198985352485
2.511858000002495	5.943132485019289
2.511859000002495	5.94306599810559
2.5118600000024953	5.942999524558972
2.5118610000024955	5.942933064327598
2.5118620000024956	5.942866617360225
2.5118630000024957	5.942800183606247
2.511864000002496	5.942733763015741
2.511865000002496	5.942667355539484
2.511866000002496	5.94260096112901
2.5118670000024963	5.942534579736633
2.5118680000024964	5.942468211315469
2.5118690000024966	5.942401855819474
2.5118700000024967	5.942335513203532
2.511871000002497	5.942269183423406
2.511872000002497	5.942202866435793
2.511873000002497	5.942136562198352
2.5118740000024973	5.942070270669575
2.5118750000024974	5.942003991809375
2.5118760000024976	5.941937725578353
2.5118770000024977	5.941871471938266
2.511878000002498	5.941805230851944
2.511879000002498	5.941739002283309
2.511880000002498	5.941672786197401
2.5118810000024983	5.9416065825603885
2.5118820000024984	5.941540391339595
2.5118830000024985	5.941474212503483
2.5118840000024987	5.9414080460216985
2.511885000002499	5.941341891865064
2.511886000002499	5.941275750005582
2.511887000002499	5.941209620416454
2.5118880000024992	5.941143503072083
2.5118890000024994	5.9410773979480656
2.5118900000024995	5.9410113050212106
2.5118910000024997	5.940945224269535
2.5118920000025	5.9408791556722536
2.5118930000025	5.94081309920979
2.5118940000025	5.940747054863762
2.5118950000025	5.940681022616996
2.5118960000025004	5.940615002453488
2.5118970000025005	5.94054899435841
2.5118980000025006	5.940482998318111
2.5118990000025008	5.940417014320081
2.511900000002501	5.9403510423529795
2.511901000002501	5.94028508240658
2.511902000002501	5.940219134471764
2.5119030000025013	5.940153198540517
2.5119040000025015	5.9400872746059
2.5119050000025016	5.940021362662026
2.5119060000025017	5.939955462704056
2.511907000002502	5.939889574728147
2.511908000002502	5.93982369873145
2.511909000002502	5.939757834712088
2.5119100000025023	5.939691982669111
2.5119110000025024	5.939626142602486
2.5119120000025026	5.939560314513099
2.5119130000025027	5.9394944984026905
2.511914000002503	5.939428694273666
2.511915000002503	5.939362902129297
2.511916000002503	5.939297121973628
2.5119170000025033	5.939231353811409
2.5119180000025034	5.939165597648079
2.5119190000025036	5.939099853489715
2.5119200000025037	5.9390341213429965
2.511921000002504	5.938968401215173
2.511922000002504	5.9389026931140245
2.511923000002504	5.938836997047819
2.5119240000025043	5.938771313025266
2.5119250000025044	5.938705641055484
2.5119260000025045	5.938639981147956
2.5119270000025047	5.938574333312484
2.511928000002505	5.938508697559149
2.511929000002505	5.938443073898256
2.511930000002505	5.938377462340303
2.5119310000025052	5.938311862895931
2.5119320000025054	5.938246275575891
2.5119330000025055	5.93818070039097
2.5119340000025057	5.938115137351963
2.511935000002506	5.938049586469636
2.511936000002506	5.937984047754651
2.511937000002506	5.937918521217562
2.511938000002506	5.93785300686875
2.5119390000025064	5.937787504718316
2.5119400000025065	5.93772201477612
2.5119410000025066	5.937656537051687
2.511942000002507	5.937591071554199
2.511943000002507	5.9375256182924065
2.511944000002507	5.9374601772746125
2.511945000002507	5.9373947485086065
2.5119460000025073	5.937329332001623
2.5119470000025075	5.9372639277602985
2.5119480000025076	5.937198535790647
2.5119490000025078	5.937133156097992
2.511950000002508	5.937067788686875
2.511951000002508	5.9370024335610925
2.511952000002508	5.9369370907236245
2.5119530000025083	5.936871760176578
2.5119540000025085	5.93680644192116
2.5119550000025086	5.936741135957629
2.5119560000025087	5.93667584228525
2.511957000002509	5.936610560902253
2.511958000002509	5.936545291805825
2.511959000002509	5.936480034992021
2.5119600000025093	5.936414790455762
2.5119610000025094	5.936349558190776
2.5119620000025096	5.936284338189585
2.5119630000025097	5.9362191304434395
2.51196400000251	5.936153934942312
2.51196500000251	5.936088751674852
2.51196600000251	5.936023580628345
2.5119670000025103	5.935958421788699
2.5119680000025104	5.9358932751404
2.5119690000025106	5.9358281406664934
2.5119700000025107	5.9357630183485455
2.511971000002511	5.9356979081666115
2.511972000002511	5.935632810099231
2.511973000002511	5.935567724123395
2.5119740000025113	5.935502650214507
2.5119750000025114	5.935437588346376
2.5119760000025115	5.935372538491192
2.5119770000025117	5.935307500619505
2.511978000002512	5.93524247470021
2.511979000002512	5.935177460700517
2.511980000002512	5.935112458585947
2.5119810000025122	5.935047468320317
2.5119820000025124	5.934982489865733
2.5119830000025125	5.934917523182551
2.5119840000025127	5.934852568229391
2.511985000002513	5.934787624963122
2.511986000002513	5.934722693338841
2.511987000002513	5.934657773309874
2.511988000002513	5.934592864827793
2.5119890000025134	5.934527967842373
2.5119900000025135	5.934463082301587
2.5119910000025136	5.934398208151634
2.5119920000025138	5.934333345336922
2.511993000002514	5.934268493800075
2.511994000002514	5.934203653481936
2.511995000002514	5.934138824321562
2.5119960000025143	5.9340740062562345
2.5119970000025145	5.934009199221441
2.5119980000025146	5.93394440315092
2.5119990000025147	5.933879617976648
2.512000000002515	5.933814843628852
2.512001000002515	5.933750080035998
2.512002000002515	5.933685327124805
2.5120030000025153	5.9336205848203125
2.5120040000025154	5.933555853045856
2.5120050000025156	5.933491131723049
2.5120060000025157	5.93342642077186
2.512007000002516	5.933361720110576
2.512008000002516	5.933297029655847
2.512009000002516	5.933232349322686
2.5120100000025163	5.93316767902447
2.5120110000025164	5.933103018673011
2.5120120000025166	5.933038368178557
2.5120130000025167	5.932973727449813
2.512014000002517	5.932909096393947
2.512015000002517	5.932844474916635
2.512016000002517	5.932779862922069
2.5120170000025173	5.932715260312988
2.5120180000025174	5.932650666990698
2.5120190000025175	5.9325860828551225
2.5120200000025177	5.932521507804783
2.512021000002518	5.932456941736866
2.512022000002518	5.932392384547228
2.512023000002518	5.93232783613043
2.5120240000025182	5.9322632963797615
2.5120250000025184	5.932198765187288
2.5120260000025185	5.932134242443852
2.5120270000025187	5.932069728039111
2.512028000002519	5.932005221861577
2.512029000002519	5.931940723798641
2.512030000002519	5.931876233736597
2.512031000002519	5.931811751560684
2.5120320000025194	5.931747277155108
2.5120330000025195	5.9316828104030845
2.5120340000025196	5.9316183511868505
2.51203500000252	5.931553899387702
2.51203600000252	5.931489454886032
2.51203700000252	5.931425017561356
2.51203800000252	5.931360587292334
2.5120390000025203	5.93129616395682
2.5120400000025205	5.931231747431891
2.5120410000025206	5.931167337593873
2.5120420000025208	5.931102934318313
2.512043000002521	5.931038537480102
2.512044000002521	5.930974146953452
2.512045000002521	5.93090976261195
2.5120460000025213	5.930845384328576
2.5120470000025215	5.930781011975725
2.5120480000025216	5.930716645425235
2.5120490000025217	5.930652284548419
2.512050000002522	5.9305879292161015
2.512051000002522	5.930523579298636
2.512052000002522	5.930459234665937
2.5120530000025223	5.930394895187495
2.5120540000025224	5.930330560732405
2.5120550000025226	5.930266231172082
2.5120560000025227	5.9302019063751255
2.512057000002523	5.930137586206728
2.512058000002523	5.930073270534682
2.512059000002523	5.930008959226483
2.5120600000025233	5.9299446521493735
2.5120610000025234	5.929880349170379
2.5120620000025236	5.929816050156299
2.5120630000025237	5.929751754973745
2.512064000002524	5.9296874634891665
2.512065000002524	5.929623175568848
2.512066000002524	5.929558891078939
2.5120670000025243	5.929494609885474
2.5120680000025244	5.929430331854381
2.5120690000025245	5.929366056851487
2.5120700000025247	5.929301784742548
2.512071000002525	5.929237515393265
2.512072000002525	5.92917324866929
2.512073000002525	5.929108984436237
2.5120740000025252	5.9290447225596825
2.5120750000025254	5.928980462905193
2.5120760000025255	5.928916205338327
2.5120770000025257	5.92885194972464
2.512078000002526	5.928787695929724
2.512079000002526	5.928723443819183
2.512080000002526	5.9286591932586195
2.512081000002526	5.928594944113681
2.5120820000025263	5.92853069625004
2.5120830000025265	5.928466449533409
2.5120840000025266	5.928402203829548
2.5120850000025268	5.928337959004256
2.512086000002527	5.928273714923382
2.512087000002527	5.928209471452825
2.512088000002527	5.928145228458526
2.5120890000025273	5.928080985806456
2.5120900000025275	5.928016743362642
2.5120910000025276	5.927952500993168
2.5120920000025277	5.927888258564141
2.512093000002528	5.9278240159417175
2.512094000002528	5.92775977299208
2.512095000002528	5.927695529581446
2.5120960000025283	5.927631285576059
2.5120970000025284	5.9275670408421774
2.5120980000025286	5.927502795246079
2.5120990000025287	5.927438548654045
2.512100000002529	5.927374300932372
2.512101000002529	5.92731005194735
2.512102000002529	5.9272458015652365
2.5121030000025293	5.927181549652282
2.5121040000025294	5.9271172960747
2.5121050000025296	5.927053040698661
2.5121060000025297	5.926988783390288
2.51210700000253	5.926924524015665
2.51210800000253	5.9268602624407905
2.51210900000253	5.926795998531587
2.5121100000025303	5.926731732153902
2.5121110000025304	5.926667463173491
2.5121120000025305	5.9266031914559685
2.5121130000025307	5.92653891686685
2.512114000002531	5.926474639271531
2.512115000002531	5.926410358535253
2.512116000002531	5.926346074523122
2.5121170000025312	5.926281787100071
2.5121180000025314	5.926217496130865
2.5121190000025315	5.926153201480089
2.5121200000025317	5.926088903012126
2.512121000002532	5.926024600591172
2.512122000002532	5.925960294081208
2.512123000002532	5.925895983345979
2.512124000002532	5.925831668248993
2.5121250000025324	5.925767348653524
2.5121260000025325	5.925703024422599
2.5121270000025326	5.925638695418977
2.512128000002533	5.92557436150513
2.512129000002533	5.92551002254327
2.512130000002533	5.925445678395328
2.512131000002533	5.925381328922928
2.5121320000025333	5.925316973987418
2.5121330000025335	5.9252526134498105
2.5121340000025336	5.925188247170791
2.5121350000025338	5.9251238750107325
2.512136000002534	5.925059496829689
2.512137000002534	5.9249951124873865
2.512138000002534	5.924930721843216
2.5121390000025343	5.924866324756226
2.5121400000025345	5.924801921085121
2.5121410000025346	5.924737510688258
2.5121420000025347	5.924673093423647
2.512143000002535	5.924608669148949
2.512144000002535	5.924544237721486
2.512145000002535	5.9244797989982265
2.5121460000025353	5.924415352835788
2.5121470000025354	5.924350899090448
2.5121480000025356	5.924286437618127
2.5121490000025357	5.9242219682744155
2.512150000002536	5.924157490914564
2.512151000002536	5.924093005393486
2.512152000002536	5.9240285115657665
2.5121530000025363	5.923964009285679
2.5121540000025364	5.9238994984071685
2.5121550000025366	5.923834978783878
2.5121560000025367	5.92377045026915
2.512157000002537	5.923705912716035
2.512158000002537	5.923641365977301
2.512159000002537	5.923576809905443
2.5121600000025373	5.923512244352698
2.5121610000025374	5.923447669171064
2.5121620000025375	5.9233830842122925
2.5121630000025377	5.923318489327915
2.512164000002538	5.923253884369258
2.512165000002538	5.923189269187451
2.512166000002538	5.923124643633454
2.5121670000025382	5.923060007558065
2.5121680000025384	5.9229953608119414
2.5121690000025385	5.922930703245607
2.5121700000025387	5.922866034709486
2.512171000002539	5.922801355053907
2.512172000002539	5.922736664129143
2.512173000002539	5.922671961785411
2.512174000002539	5.9226072478729055
2.5121750000025393	5.922542522241818
2.5121760000025395	5.922477784742353
2.5121770000025396	5.9224130352247615
2.5121780000025398	5.922348273539359
2.51217900000254	5.922283499536557
2.51218000000254	5.92221871306688
2.51218100000254	5.922153913980964
2.5121820000025403	5.92208910212963
2.5121830000025405	5.922024277363881
2.5121840000025406	5.92195943953494
2.5121850000025407	5.921894588494278
2.512186000002541	5.921829724093628
2.512187000002541	5.921764846185022
2.512188000002541	5.9216999546208156
2.5121890000025413	5.921635049253724
2.5121900000025414	5.921570129936839
2.5121910000025416	5.921505196523668
2.5121920000025417	5.92144024886814
2.512193000002542	5.921375286824668
2.512194000002542	5.921310310248152
2.512195000002542	5.921245318994018
2.5121960000025423	5.921180312918232
2.5121970000025424	5.921115291877367
2.5121980000025426	5.92105025572859
2.5121990000025427	5.920985204329723
2.512200000002543	5.920920137539264
2.512201000002543	5.920855055216398
2.512202000002543	5.920789957221047
2.5122030000025433	5.920724843413885
2.5122040000025434	5.9206597136563675
2.5122050000025435	5.920594567810773
2.5122060000025437	5.920529405740222
2.512207000002544	5.920464227308693
2.512208000002544	5.920399032381072
2.512209000002544	5.92033382082317
2.5122100000025442	5.920268592501748
2.5122110000025444	5.92020334728454
2.5122120000025445	5.920138085040289
2.5122130000025447	5.9200728056387675
2.512214000002545	5.920007508950819
2.512215000002545	5.919942194848335
2.512216000002545	5.919876863204313
2.512217000002545	5.919811513892891
2.5122180000025454	5.919746146789352
2.5122190000025455	5.919680761770155
2.5122200000025456	5.919615358712943
2.512221000002546	5.919549937496593
2.512222000002546	5.919484498001212
2.512223000002546	5.919419040108114
2.512224000002546	5.9193535636999135
2.5122250000025463	5.919288068660526
2.5122260000025465	5.919222554875162
2.5122270000025466	5.919157022230357
2.5122280000025468	5.919091470613974
2.512229000002547	5.919025899915254
2.512230000002547	5.918960310024784
2.512231000002547	5.918894700834545
2.5122320000025473	5.918829072237898
2.5122330000025475	5.918763424129617
2.5122340000025476	5.918697756405877
2.5122350000025477	5.918632068964274
2.512236000002548	5.9185663617038475
2.512237000002548	5.918500634525065
2.512238000002548	5.918434887329824
2.5122390000025483	5.918369120021483
2.5122400000025484	5.918303332504847
2.5122410000025486	5.918237524686184
2.5122420000025487	5.918171696473216
2.512243000002549	5.9181058477751245
2.512244000002549	5.918039978502554
2.512245000002549	5.917974088567595
2.5122460000025493	5.917908177883812
2.5122470000025494	5.917842246366213
2.5122480000025496	5.917776293931261
2.5122490000025497	5.91771032049686
2.51225000000255	5.91764432598236
2.51225100000255	5.917578310308547
2.51225200000255	5.917512273397604
2.5122530000025503	5.917446215173162
2.5122540000025504	5.917380135560241
2.5122550000025505	5.917314034485259
2.5122560000025507	5.9172479118760295
2.512257000002551	5.917181767661721
2.512258000002551	5.917115601772864
2.512259000002551	5.9170494141413315
2.5122600000025512	5.9169832047003466
2.5122610000025514	5.916916973384419
2.5122620000025515	5.916850720129356
2.5122630000025516	5.916784444872242
2.512264000002552	5.916718147551428
2.512265000002552	5.9166518281065
2.512266000002552	5.916585486478248
2.512267000002552	5.916519122608659
2.5122680000025523	5.916452736440902
2.5122690000025525	5.916386327919306
2.5122700000025526	5.916319896989311
2.5122710000025528	5.916253443597473
2.512272000002553	5.916186967691422
2.512273000002553	5.916120469219845
2.512274000002553	5.91605394813246
2.5122750000025533	5.915987404379981
2.5122760000025535	5.915920837914082
2.5122770000025536	5.9158542486874
2.5122780000025537	5.9157876366535
2.512279000002554	5.9157210017668245
2.512280000002554	5.915654343982678
2.512281000002554	5.915587663257204
2.5122820000025543	5.915520959547338
2.5122830000025544	5.915454232810796
2.5122840000025546	5.915387483006033
2.5122850000025547	5.915320710092217
2.512286000002555	5.9152539140292015
2.512287000002555	5.915187094777481
2.512288000002555	5.915120252298165
2.5122890000025553	5.915053386552953
2.5122900000025554	5.91498649750133
2.5122910000025556	5.914919585106141
2.5122920000025557	5.9148526493333
2.512293000002556	5.914785690146542
2.512294000002556	5.914718707510029
2.512295000002556	5.914651701388331
2.5122960000025563	5.914584671746379
2.5122970000025564	5.914517618549442
2.5122980000025565	5.9144505417630935
2.5122990000025567	5.914383441353175
2.512300000002557	5.914316317285789
2.512301000002557	5.914249169527231
2.512302000002557	5.914181998043995
2.5123030000025572	5.914114802802721
2.5123040000025574	5.914047583770172
2.5123050000025575	5.913980340913216
2.5123060000025577	5.91391307419878
2.512307000002558	5.913845783593833
2.512308000002558	5.9137784690653445
2.512309000002558	5.913711130580271
2.512310000002558	5.913643768105519
2.5123110000025584	5.91357638160798
2.5123120000025585	5.913508971054411
2.5123130000025586	5.913441536411459
2.512314000002559	5.913374077645625
2.512315000002559	5.913306594723243
2.512316000002559	5.913239087610461
2.512317000002559	5.913171556273217
2.5123180000025593	5.913104000677213
2.5123190000025595	5.913036420787904
2.5123200000025596	5.912968816570476
2.5123210000025598	5.912901187989815
2.51232200000256	5.912833535010507
2.51232300000256	5.912765857596804
2.51232400000256	5.912698155712622
2.5123250000025603	5.912630429321516
2.5123260000025605	5.912562678386671
2.5123270000025606	5.912494902870881
2.5123280000025607	5.912427102736558
2.512329000002561	5.912359277945682
2.512330000002561	5.9122914284598105
2.512331000002561	5.912223554240065
2.5123320000025613	5.912155655247141
2.5123330000025614	5.912087731441277
2.5123340000025616	5.912019782782249
2.5123350000025617	5.911951809229378
2.512336000002562	5.911883810741515
2.512337000002562	5.911815787277038
2.512338000002562	5.911747738793846
2.5123390000025623	5.911679665249356
2.5123400000025624	5.911611566600518
2.5123410000025626	5.9115434428037865
2.5123420000025627	5.911475293815136
2.512343000002563	5.9114071195901055
2.512344000002563	5.911338920083687
2.512345000002563	5.911270695250446
2.5123460000025633	5.911202445044431
2.5123470000025634	5.911134169419279
2.5123480000025635	5.911065868328172
2.5123490000025637	5.910997541723817
2.512350000002564	5.910929189558496
2.512351000002564	5.910860811784049
2.512352000002564	5.910792408351897
2.5123530000025642	5.910723979213047
2.5123540000025644	5.910655524318106
2.5123550000025645	5.9105870436173165
2.5123560000025646	5.9105185370605104
2.512357000002565	5.910450004597161
2.512358000002565	5.910381446176409
2.512359000002565	5.910312861747062
2.512360000002565	5.91024425125762
2.5123610000025653	5.910175614656273
2.5123620000025655	5.910106951890951
2.5123630000025656	5.910038262909307
2.5123640000025658	5.909969547658764
2.512365000002566	5.909900806086518
2.512366000002566	5.909832038139562
2.512367000002566	5.909763243764721
2.5123680000025663	5.909694422908649
2.5123690000025665	5.909625575517866
2.5123700000025666	5.909556701538779
2.5123710000025667	5.9094878009177085
2.512372000002567	5.909418873600899
2.512373000002567	5.9093499195345505
2.512374000002567	5.909280938664856
2.5123750000025673	5.909211930938008
2.5123760000025674	5.909142896300229
2.5123770000025676	5.909073834697794
2.5123780000025677	5.909004746077071
2.512379000002568	5.90893563038452
2.512380000002568	5.908866487566735
2.512381000002568	5.908797317570468
2.5123820000025683	5.9087281203426665
2.5123830000025684	5.9086588958304755
2.5123840000025686	5.908589643981293
2.5123850000025687	5.908520364742764
2.512386000002569	5.908451058062839
2.512387000002569	5.908381723889776
2.512388000002569	5.908312362172183
2.5123890000025693	5.908242972859035
2.5123900000025694	5.908173555899703
2.5123910000025695	5.908104111243981
2.5123920000025697	5.908034638842116
2.51239300000257	5.9079651386448155
2.51239400000257	5.9078956106032985
2.51239500000257	5.907826054669306
2.5123960000025702	5.907756470795125
2.5123970000025704	5.907686858933616
2.5123980000025705	5.907617219038244
2.5123990000025707	5.907547551063082
2.512400000002571	5.907477854962866
2.512401000002571	5.9074081306929855
2.512402000002571	5.907338378209529
2.512403000002571	5.907268597469299
2.5124040000025714	5.9071987884298265
2.5124050000025715	5.907128951049398
2.5124060000025716	5.907059085287075
2.5124070000025718	5.9069891911027135
2.512408000002572	5.9069192684569884
2.512409000002572	5.9068493173114
2.512410000002572	5.906779337628305
2.5124110000025723	5.906709329370921
2.5124120000025725	5.9066392925033515
2.5124130000025726	5.906569226990606
2.5124140000025728	5.906499132798592
2.512415000002573	5.906429009894157
2.512416000002573	5.90635885824508
2.512417000002573	5.906288677820111
2.5124180000025733	5.906218468588948
2.5124190000025735	5.906148230522275
2.5124200000025736	5.906077963591754
2.5124210000025737	5.906007667770046
2.512422000002574	5.905937343030815
2.512423000002574	5.905866989348733
2.512424000002574	5.905796606699906
2.5124250000025743	5.905726195060903
2.5124260000025744	5.905655754409198
2.5124270000025746	5.905585284723555
2.5124280000025747	5.905514785983784
2.512429000002575	5.9054442581698945
2.512430000002575	5.905373701264133
2.512431000002575	5.905303115249858
2.5124320000025753	5.905232500111009
2.5124330000025754	5.905161855832563
2.5124340000025756	5.905091182400519
2.5124350000025757	5.90502047980191
2.512436000002576	5.904949748024773
2.512437000002576	5.9048789870581775
2.512438000002576	5.904808196892187
2.5124390000025763	5.90473737751787
2.5124400000025764	5.904666528927282
2.5124410000025765	5.90459565111346
2.5124420000025767	5.904524744070412
2.512443000002577	5.904453807793103
2.512444000002577	5.904382842277445
2.512445000002577	5.9043118475202805
2.5124460000025772	5.904240823519368
2.5124470000025774	5.904169770273374
2.5124480000025775	5.904098687781868
2.5124490000025776	5.9040275760452765
2.512450000002578	5.903956435064857
2.512451000002578	5.903885264842716
2.512452000002578	5.903814065381776
2.512453000002578	5.903742836685758
2.5124540000025783	5.903671578759146
2.5124550000025785	5.903600291607183
2.5124560000025786	5.90352897523585
2.5124570000025788	5.90345762965181
2.512458000002579	5.9033862548624345
2.512459000002579	5.90331485087574
2.512460000002579	5.90324341770038
2.5124610000025793	5.903171955345613
2.5124620000025795	5.90310046382128
2.5124630000025796	5.903028943137767
2.5124640000025797	5.902957393305991
2.51246500000258	5.902885814337376
2.51246600000258	5.9028142062438285
2.51246700000258	5.902742569037719
2.5124680000025803	5.902670902731825
2.5124690000025804	5.902599207339199
2.5124700000025806	5.902527482873317
2.5124710000025807	5.902455729347981
2.512472000002581	5.902383946777287
2.512473000002581	5.902312135175585
2.512474000002581	5.902240294557446
2.5124750000025813	5.90216842493765
2.5124760000025814	5.902096526331147
2.5124770000025816	5.902024598753012
2.5124780000025817	5.901952642218427
2.512479000002582	5.901880656742647
2.512480000002582	5.901808642340961
2.512481000002582	5.901736599028622
2.5124820000025823	5.901664526820884
2.5124830000025824	5.901592425732941
2.5124840000025825	5.901520295779909
2.5124850000025827	5.901448136976755
2.512486000002583	5.9013759493382985
2.512487000002583	5.901303732879168
2.512488000002583	5.901231487613767
2.5124890000025832	5.90115921355625
2.5124900000025834	5.901086910720474
2.5124910000025835	5.901014579119994
2.5124920000025837	5.90094221876801
2.512493000002584	5.900869829677344
2.512494000002584	5.90079741186041
2.512495000002584	5.900724965329174
2.512496000002584	5.900652490095165
2.5124970000025844	5.900579986169372
2.5124980000025845	5.900507453562302
2.5124990000025846	5.900434892283892
2.5125000000025848	5.900362302343448
2.512501000002585	5.900289683749698
2.512502000002585	5.9002170365107425
2.512503000002585	5.90014436063401
2.5125040000025853	5.900071656126251
2.5125050000025855	5.899998922993498
2.5125060000025856	5.89992616124104
2.5125070000025858	5.899853370873417
2.512508000002586	5.899780551894366
2.512509000002586	5.899707704306839
2.512510000002586	5.899634828112951
2.5125110000025863	5.899561923313971
2.5125120000025865	5.899488989910319
2.5125130000025866	5.899416027901516
2.5125140000025867	5.8993430372861715
2.512515000002587	5.8992700180619755
2.512516000002587	5.899196970225641
2.512517000002587	5.899123893772959
2.5125180000025873	5.899050788698737
2.5125190000025874	5.898977654996818
2.5125200000025876	5.898904492660038
2.5125210000025877	5.898831301680217
2.512522000002588	5.898758082048162
2.512523000002588	5.898684833753638
2.512524000002588	5.898611556785385
2.5125250000025883	5.898538251131082
2.5125260000025884	5.898464916777359
2.5125270000025886	5.8983915537097715
2.5125280000025887	5.898318161912812
2.512529000002589	5.898244741369913
2.512530000002589	5.898171292063395
2.512531000002589	5.89809781397451
2.5125320000025892	5.898024307083427
2.5125330000025894	5.897950771369238
2.5125340000025895	5.897877206809945
2.5125350000025897	5.897803613382461
2.51253600000259	5.8977299910626275
2.51253700000259	5.897656339825756
2.51253800000259	5.897582659645245
2.5125390000025902	5.8975089504934575
2.5125400000025904	5.897435212341943
2.5125410000025905	5.897361445161212
2.5125420000025906	5.897287648920714
2.512543000002591	5.897213823588823
2.512544000002591	5.897139969132925
2.512545000002591	5.897066085519368
2.512546000002591	5.896992172713493
2.5125470000025913	5.896918230679643
2.5125480000025915	5.896844259381171
2.5125490000025916	5.8967702587804665
2.5125500000025918	5.896696228838951
2.512551000002592	5.896622169517117
2.512552000002592	5.896548080774523
2.512553000002592	5.896473962569824
2.5125540000025923	5.896399814860777
2.5125550000025925	5.896325637604272
2.5125560000025926	5.89625143075634
2.5125570000025927	5.896177194272192
2.512558000002593	5.896102928106209
2.512559000002593	5.8960286322119915
2.512560000002593	5.895954306542366
2.5125610000025933	5.895879951049412
2.5125620000025934	5.895805565684483
2.5125630000025936	5.895731150398238
2.5125640000025937	5.895656705140655
2.512565000002594	5.895582229861069
2.512566000002594	5.895507724508179
2.512567000002594	5.895433189030072
2.5125680000025943	5.8953586233742685
2.5125690000025944	5.895284027487755
2.5125700000025946	5.895209401316982
2.5125710000025947	5.895134744807909
2.512572000002595	5.89506005790403
2.512573000002595	5.8949853405580885
2.512574000002595	5.894910592709018
2.5125750000025953	5.894835814301083
2.5125760000025954	5.894761005278186
2.5125770000025955	5.894686165583924
2.5125780000025957	5.894611295161585
2.512579000002596	5.894536393954208
2.512580000002596	5.894461461904582
2.512581000002596	5.89438649895529
2.5125820000025962	5.894311505048789
2.5125830000025964	5.894236480127333
2.5125840000025965	5.8941614241330385
2.5125850000025967	5.894086337007967
2.512586000002597	5.894011218694122
2.512587000002597	5.893936069133476
2.512588000002597	5.893860888268012
2.512589000002597	5.893785676039733
2.5125900000025974	5.893710432390706
2.5125910000025975	5.893635157263091
2.5125920000025976	5.893559850599162
2.5125930000025978	5.893484512341347
2.512594000002598	5.893409142432242
2.512595000002598	5.893333740814648
2.512596000002598	5.89325830743162
2.5125970000025983	5.8931828422264365
2.5125980000025985	5.893107345142683
2.5125990000025986	5.8930318161242505
2.5126000000025988	5.892956255115369
2.512601000002599	5.892880662060639
2.512602000002599	5.892805036905054
2.512603000002599	5.892729379594027
2.5126040000025993	5.892653690073403
2.5126050000025995	5.892577968289504
2.5126060000025996	5.892502214189132
2.5126070000025997	5.892426427719611
2.5126080000026	5.8923506088287905
2.5126090000026	5.89227475746509
2.5126100000026	5.8921988735775015
2.5126110000026003	5.892122957115611
2.5126120000026004	5.892047008029636
2.5126130000026006	5.8919710262704275
2.5126140000026007	5.891895011789498
2.512615000002601	5.8918189645390395
2.512616000002601	5.891742884471933
2.512617000002601	5.891666771541778
2.5126180000026013	5.891590625702922
2.5126190000026014	5.891514446910408
2.5126200000026016	5.891438235118542
2.5126210000026017	5.891361990283938
2.512622000002602	5.891285712365621
2.512623000002602	5.891209401321743
2.512624000002602	5.8911330571113005
2.5126250000026022	5.891056679694109
2.5126260000026024	5.890980269030833
2.5126270000026025	5.8909038250829635
2.5126280000026027	5.890827347812851
2.512629000002603	5.890750837183697
2.512630000002603	5.890674293159581
2.512631000002603	5.8905977157054465
2.5126320000026032	5.890521104787117
2.5126330000026034	5.890444460371302
2.5126340000026035	5.890367782425597
2.5126350000026036	5.8902910709184875
2.512636000002604	5.890214325819355
2.512637000002604	5.89013754709847
2.512638000002604	5.890060734727009
2.512639000002604	5.889983888677038
2.5126400000026043	5.889907008921514
2.5126410000026045	5.889830095434299
2.5126420000026046	5.889753148190136
2.5126430000026048	5.889676167164646
2.512644000002605	5.889599152334348
2.512645000002605	5.889522103676662
2.512646000002605	5.889445021169813
2.5126470000026053	5.889367904792937
2.5126480000026055	5.889290754526098
2.5126490000026056	5.889213570350174
2.5126500000026057	5.889136352246882
2.512651000002606	5.889059100198768
2.512652000002606	5.8889818141892105
2.512653000002606	5.888904494202414
2.5126540000026063	5.888827140223384
2.5126550000026064	5.888749752237923
2.5126560000026066	5.888672330232623
2.5126570000026067	5.888594874194842
2.512658000002607	5.888517384112697
2.512659000002607	5.8884398599750565
2.512660000002607	5.8883623017715125
2.5126610000026073	5.888284709492382
2.5126620000026074	5.8882070831286635
2.5126630000026076	5.888129422672057
2.5126640000026077	5.888051728114925
2.512665000002608	5.887973999450272
2.512666000002608	5.887896236671749
2.512667000002608	5.887818439773607
2.5126680000026083	5.887740608750703
2.5126690000026084	5.887662743598472
2.5126700000026085	5.887584844312904
2.5126710000026087	5.887506910890525
2.512672000002609	5.887428943328388
2.512673000002609	5.887350941624037
2.512674000002609	5.8872729057754976
2.5126750000026092	5.887194835781257
2.5126760000026094	5.887116731640226
2.5126770000026095	5.887038593351749
2.5126780000026097	5.886960420915549
2.51267900000261	5.886882214331728
2.51268000000261	5.886803973600731
2.51268100000261	5.886725698723339
2.51268200000261	5.886647389700632
2.5126830000026104	5.8865690465339755
2.5126840000026105	5.8864906692249965
2.5126850000026106	5.886412257775563
2.5126860000026108	5.886333812187753
2.512687000002611	5.886255332463839
2.512688000002611	5.8861768186062635
2.512689000002611	5.886098270617619
2.5126900000026113	5.886019688500623
2.5126910000026115	5.885941072258088
2.5126920000026116	5.885862421892923
2.5126930000026118	5.8857837374080795
2.512694000002612	5.88570501880656
2.512695000002612	5.885626266091363
2.512696000002612	5.885547479265494
2.5126970000026123	5.885468658331917
2.5126980000026125	5.885389803293559
2.5126990000026126	5.8853109141532585
2.5127000000026127	5.885231990913768
2.512701000002613	5.885153033577725
2.512702000002613	5.885074042147635
2.512703000002613	5.884995016625844
2.5127040000026133	5.884915957014521
2.5127050000026134	5.884836863315666
2.5127060000026136	5.8847577355310365
2.5127070000026137	5.884678573662147
2.512708000002614	5.88459937771028
2.512709000002614	5.884520147676438
2.512710000002614	5.88444088356135
2.5127110000026143	5.884361585365427
2.5127120000026144	5.884282253088772
2.5127130000026145	5.88420288673114
2.5127140000026147	5.884123486295252
2.512715000002615	5.884044051773142
2.512716000002615	5.883964583170784
2.512717000002615	5.883885080482408
2.5127180000026152	5.883805543706194
2.5127190000026154	5.883725972839565
2.5127200000026155	5.8836463678795035
2.5127210000026157	5.883566728822538
2.512722000002616	5.883487055664732
2.512723000002616	5.8834073484016765
2.512724000002616	5.883327607028513
2.5127250000026162	5.883247831539932
2.5127260000026164	5.883168021929941
2.5127270000026165	5.883088178192145
2.5127280000026166	5.88300830031963
2.512729000002617	5.882928388304951
2.512730000002617	5.88284844214013
2.512731000002617	5.882768461816655
2.512732000002617	5.882688447325425
2.5127330000026173	5.882608398656867
2.5127340000026175	5.882528315800812
2.5127350000026176	5.882448198746539
2.5127360000026178	5.882368047482769
2.512737000002618	5.882287861997649
2.512738000002618	5.882207642278774
2.512739000002618	5.882127388312893
2.5127400000026183	5.882047100087031
2.5127410000026185	5.881966777586847
2.5127420000026186	5.88188642079767
2.5127430000026187	5.881806029704274
2.512744000002619	5.881725604290868
2.512745000002619	5.881645144541091
2.512746000002619	5.881564650438058
2.5127470000026193	5.881484121964327
2.5127480000026194	5.881403559101918
2.5127490000026196	5.881322961832282
2.5127500000026197	5.881242330136378
2.51275100000262	5.881161663994632
2.51275200000262	5.881080963386942
2.51275300000262	5.881000228292712
2.5127540000026203	5.880919458690843
2.5127550000026204	5.8808386545597395
2.5127560000026206	5.880757815877344
2.5127570000026207	5.880676942621117
2.512758000002621	5.880596034768073
2.512759000002621	5.880515092294772
2.512760000002621	5.88043411517736
2.5127610000026213	5.880353103391545
2.5127620000026214	5.880272056912627
2.5127630000026215	5.880190975715531
2.5127640000026217	5.880109859774817
2.512765000002622	5.880028709064672
2.512766000002622	5.87994752355895
2.512767000002622	5.8798663032311635
2.5127680000026222	5.879785048054518
2.5127690000026224	5.879703758001931
2.5127700000026225	5.879622433046046
2.5127710000026227	5.879541073159246
2.512772000002623	5.879459678313679
2.512773000002623	5.879378248481275
2.512774000002623	5.879296783633763
2.512775000002623	5.879215283742702
2.5127760000026234	5.8791337487794895
2.5127770000026235	5.879052178715383
2.5127780000026236	5.8789705735215305
2.5127790000026238	5.878888933168983
2.512780000002624	5.878807257628725
2.512781000002624	5.878725546871687
2.512782000002624	5.878643800868774
2.5127830000026243	5.878562019590897
2.5127840000026245	5.878480203008974
2.5127850000026246	5.8783983510939795
2.5127860000026248	5.878316463816941
2.512787000002625	5.878234541148995
2.512788000002625	5.878152583061383
2.512789000002625	5.878070589525488
2.5127900000026253	5.877988560512861
2.5127910000026255	5.877906495995242
2.5127920000026256	5.877824395944582
2.5127930000026257	5.877742260333079
2.512794000002626	5.87766008913319
2.512795000002626	5.877577882317635
2.512796000002626	5.877495639859526
2.5127970000026263	5.877413361732251
2.5127980000026264	5.877331047909594
2.5127990000026266	5.8772486983657135
2.5128000000026267	5.877166313075196
2.512801000002627	5.877083892013069
2.512802000002627	5.8770014351548285
2.512803000002627	5.876918942476461
2.5128040000026273	5.876836413954481
2.5128050000026274	5.876753849565938
2.5128060000026275	5.876671249288461
2.5128070000026277	5.8765886131002665
2.512808000002628	5.876505940980193
2.512809000002628	5.876423232907728
2.512810000002628	5.876340488863028
2.5128110000026282	5.87625770882696
2.5128120000026284	5.876174892781069
2.5128130000026285	5.876092040707662
2.5128140000026287	5.876009152589814
2.512815000002629	5.875926228411396
2.512816000002629	5.875843268157088
2.512817000002629	5.875760271812394
2.5128180000026292	5.875677239363704
2.5128190000026294	5.875594170798263
2.5128200000026295	5.875511066104232
2.5128210000026296	5.875427925270698
2.51282200000263	5.875344748287694
2.51282300000263	5.875261535146219
2.51282400000263	5.875178285838261
2.51282500000263	5.875095000356823
2.5128260000026303	5.8750116786959286
2.5128270000026305	5.874928320850659
2.5128280000026306	5.874844926817163
2.5128290000026308	5.874761496592664
2.512830000002631	5.8746780301755015
2.512831000002631	5.874594527565104
2.512832000002631	5.874510988762105
2.5128330000026313	5.874427413768265
2.5128340000026315	5.874343802586515
2.5128350000026316	5.874260155220978
2.5128360000026317	5.874176471676975
2.512837000002632	5.874092751961053
2.512838000002632	5.874008996080991
2.512839000002632	5.873925204045816
2.5128400000026323	5.8738413758658155
2.5128410000026324	5.873757511552552
2.5128420000026326	5.8736736111188685
2.5128430000026327	5.873589674578911
2.512844000002633	5.873505701948135
2.512845000002633	5.873421693243268
2.512846000002633	5.873337648482457
2.5128470000026333	5.8732535676851345
2.5128480000026334	5.873169450870172
2.5128490000026336	5.8730852980596415
2.5128500000026337	5.873001109279137
2.512851000002634	5.872916884553429
2.512852000002634	5.872832623908713
2.512853000002634	5.872748327372658
2.5128540000026343	5.872663994974289
2.5128550000026344	5.872579626744001
2.5128560000026345	5.872495222713591
2.5128570000026347	5.872410782916251
2.512858000002635	5.872326307386578
2.512859000002635	5.872241796160566
2.512860000002635	5.8721572492756176
2.5128610000026352	5.872072666770533
2.5128620000026354	5.871988048685526
2.5128630000026355	5.871903395062204
2.5128640000026357	5.871818705943588
2.512865000002636	5.871733981374095
2.512866000002636	5.871649221399539
2.512867000002636	5.871564426067133
2.512868000002636	5.871479595425487
2.5128690000026364	5.871394729524596
2.5128700000026365	5.871309828415831
2.5128710000026366	5.871224892151963
2.5128720000026368	5.871139920787124
2.512873000002637	5.8710549143768125
2.512874000002637	5.870969872977889
2.512875000002637	5.870884796648569
2.5128760000026373	5.870799685448412
2.5128770000026375	5.870714539438319
2.5128780000026376	5.870629358683646
2.5128790000026378	5.870544143246913
2.512880000002638	5.870458893190888
2.512881000002638	5.870373608581751
2.512882000002638	5.870288289486934
2.5128830000026383	5.870202935975157
2.5128840000026385	5.8701175481163945
2.5128850000026386	5.870032125981868
2.5128860000026387	5.869946669644052
2.512887000002639	5.869861179176629
2.512888000002639	5.869775654654499
2.512889000002639	5.869690096152251
2.5128900000026393	5.869604503748249
2.5128910000026394	5.869518877521389
2.5128920000026396	5.869433217551265
2.5128930000026397	5.869347523918612
2.51289400000264	5.8692617967052865
2.51289500000264	5.869176035994244
2.51289600000264	5.869090241869528
2.5128970000026403	5.869004414416245
2.5128980000026404	5.8689185537205555
2.5128990000026405	5.868832659869679
2.5129000000026407	5.868746732951836
2.512901000002641	5.868660773056248
2.512902000002641	5.868574780273097
2.512903000002641	5.868488754693553
2.5129040000026412	5.868402696409715
2.5129050000026414	5.868316605514616
2.5129060000026415	5.8682304821021765
2.5129070000026417	5.868144326267215
2.512908000002642	5.868058138105407
2.512909000002642	5.867971917713282
2.512910000002642	5.867885665188177
2.5129110000026422	5.867799380628236
2.5129120000026424	5.867713064132425
2.5129130000026425	5.867626715800445
2.5129140000026426	5.867540335732747
2.512915000002643	5.867453924030511
2.512916000002643	5.867367480795611
2.512917000002643	5.867281006130608
2.512918000002643	5.867194500138715
2.5129190000026433	5.867107962923822
2.5129200000026435	5.867021394590425
2.5129210000026436	5.866934795243623
2.5129220000026438	5.866848164989092
2.512923000002644	5.86676150393307
2.512924000002644	5.86667481218235
2.512925000002644	5.866588089844232
2.5129260000026443	5.866501337026531
2.5129270000026445	5.866414553837534
2.5129280000026446	5.866327740386002
2.5129290000026447	5.866240896781128
2.512930000002645	5.86615402313253
2.512931000002645	5.866067119550232
2.512932000002645	5.865980186144667
2.5129330000026453	5.865893223026622
2.5129340000026454	5.865806230307225
2.5129350000026456	5.865719208097904
2.5129360000026457	5.865632156510427
2.512937000002646	5.865545075656907
2.512938000002646	5.865457965649695
2.512939000002646	5.865370826601416
2.5129400000026463	5.865283658624936
2.5129410000026464	5.865196461833317
2.5129420000026466	5.865109236339854
2.5129430000026467	5.865021982258058
2.512944000002647	5.864934699701606
2.512945000002647	5.864847388784331
2.512946000002647	5.864760049620222
2.5129470000026473	5.864672682323397
2.5129480000026474	5.86458528700805
2.5129490000026475	5.864497863788556
2.5129500000026477	5.864410412779366
2.512951000002648	5.8643229340950045
2.512952000002648	5.86423542785005
2.512953000002648	5.864147894159142
2.5129540000026482	5.864060333136963
2.5129550000026484	5.863972744898237
2.5129560000026485	5.8638851295576755
2.5129570000026487	5.863797487230015
2.512958000002649	5.8637098180299905
2.512959000002649	5.863622122072315
2.512960000002649	5.8635343994716935
2.512961000002649	5.863446650342786
2.5129620000026494	5.863358874800216
2.5129630000026495	5.863271072958544
2.5129640000026496	5.8631832449322765
2.5129650000026498	5.863095390835884
2.51296600000265	5.863007510783736
2.51296700000265	5.862919604890127
2.51296800000265	5.862831673269261
2.5129690000026503	5.862743716035248
2.5129700000026505	5.862655733302102
2.5129710000026506	5.86256772518373
2.5129720000026508	5.862479691793933
2.512973000002651	5.862391633246384
2.512974000002651	5.862303549654647
2.512975000002651	5.8622154411321565
2.5129760000026513	5.862127307792222
2.5129770000026515	5.862039149748023
2.5129780000026516	5.861950967112599
2.5129790000026517	5.861862759998858
2.512980000002652	5.861774528519573
2.512981000002652	5.86168627278736
2.512982000002652	5.861597992914708
2.5129830000026523	5.861509689013946
2.5129840000026524	5.861421361197273
2.5129850000026526	5.861333009576727
2.5129860000026527	5.861244634264207
2.512987000002653	5.861156235371459
2.512988000002653	5.861067813010093
2.512989000002653	5.860979367291552
2.5129900000026533	5.860890898327139
2.5129910000026534	5.86080240622802
2.5129920000026535	5.860713891105206
2.5129930000026537	5.860625353069562
2.512994000002654	5.860536792231813
2.512995000002654	5.860448208702546
2.512996000002654	5.860359602592197
2.5129970000026542	5.860270974011072
2.5129980000026544	5.860182323069337
2.5129990000026545	5.860093649877023
2.5130000000026547	5.8600049545440385
2.513001000002655	5.859916237180155
2.513002000002655	5.859827497895007
2.513003000002655	5.859738736798125
2.5130040000026552	5.859649953998913
2.5130050000026554	5.859561149606645
2.5130060000026555	5.859472323730488
2.5130070000026556	5.859383476479492
2.513008000002656	5.859294607962614
2.513009000002656	5.859205718288699
2.513010000002656	5.859116807566491
2.513011000002656	5.859027875904631
2.5130120000026563	5.858938923411662
2.5130130000026565	5.858849950196046
2.5130140000026566	5.858760956366142
2.5130150000026568	5.858671942030244
2.513016000002657	5.858582907296542
2.513017000002657	5.8584938522731695
2.513018000002657	5.858404777068171
2.5130190000026573	5.858315681789531
2.5130200000026575	5.858226566545158
2.5130210000026576	5.858137431442902
2.5130220000026577	5.858048276590548
2.513023000002658	5.8579591020958315
2.513024000002658	5.857869908066437
2.513025000002658	5.857780694609975
2.5130260000026583	5.8576914618340234
2.5130270000026584	5.857602209846116
2.5130280000026586	5.857512938753756
2.5130290000026587	5.857423648664387
2.513030000002659	5.8573343396854085
2.513031000002659	5.857245011924204
2.513032000002659	5.857155665488114
2.5130330000026593	5.857066300484402
2.5130340000026594	5.8569769170203765
2.5130350000026596	5.8568875152032955
2.5130360000026597	5.85679809514042
2.51303700000266	5.8567086569389915
2.51303800000266	5.8566192007062075
2.51303900000266	5.856529726549249
2.5130400000026603	5.85644023457528
2.5130410000026604	5.856350724891442
2.5130420000026605	5.856261197604873
2.5130430000026607	5.856171652822683
2.513044000002661	5.856082090651977
2.513045000002661	5.855992511199844
2.513046000002661	5.855902914573361
2.5130470000026612	5.855813300879597
2.5130480000026614	5.855723670225592
2.5130490000026615	5.855634022721319
2.5130500000026617	5.85554435847117
2.513051000002662	5.855454677581713
2.513052000002662	5.855364980159937
2.513053000002662	5.85527526631282
2.513054000002662	5.855185536147326
2.5130550000026624	5.8550957897704
2.5130560000026625	5.8550060272889635
2.5130570000026626	5.854916248809921
2.5130580000026628	5.854826454440157
2.513059000002663	5.854736644286526
2.513060000002663	5.85464681845586
2.513061000002663	5.854556977054955
2.5130620000026633	5.854467120190574
2.5130630000026635	5.854377247969463
2.5130640000026636	5.8542873604983106
2.5130650000026638	5.854197457883781
2.513066000002664	5.854107540232487
2.513067000002664	5.8540176076509916
2.513068000002664	5.853927660245817
2.5130690000026643	5.853837698123422
2.5130700000026645	5.853747721390218
2.5130710000026646	5.853657730152548
2.5130720000026647	5.853567724516692
2.513073000002665	5.85347770458886
2.513074000002665	5.853387670475193
2.513075000002665	5.853297622281738
2.5130760000026653	5.8532075601144795
2.5130770000026654	5.853117484079315
2.5130780000026656	5.853027394282051
2.5130790000026657	5.8529372908283905
2.513080000002666	5.8528471738239345
2.513081000002666	5.852757043374194
2.513082000002666	5.852666899584551
2.5130830000026663	5.852576742560279
2.5130840000026664	5.852486572406541
2.5130850000026665	5.8523963892283595
2.5130860000026667	5.852306193130636
2.513087000002667	5.852215984218134
2.513088000002667	5.852125762595485
2.513089000002667	5.852035528367175
2.5130900000026672	5.851945281637516
2.5130910000026674	5.851855022510676
2.5130920000026675	5.851764751090667
2.5130930000026677	5.851674467481334
2.513094000002668	5.851584171785843
2.513095000002668	5.851493864108679
2.513096000002668	5.851403544552788
2.5130970000026682	5.851313213221312
2.5130980000026684	5.85122287021718
2.5130990000026685	5.85113251564313
2.5131000000026686	5.851042149601708
2.513101000002669	5.8509517721952555
2.513102000002669	5.850861383525891
2.513103000002669	5.8507709836955195
2.513104000002669	5.850680572805837
2.5131050000026693	5.85059015095824
2.5131060000026695	5.850499718254015
2.5131070000026696	5.850409274794189
2.5131080000026698	5.850318820679544
2.51310900000267	5.850228356010606
2.51311000000267	5.850137880887664
2.51311100000267	5.850047395410764
2.5131120000026703	5.849956899679705
2.5131130000026705	5.849866393794029
2.5131140000026706	5.84977587785302
2.5131150000026707	5.849685351955713
2.513116000002671	5.849594816200876
2.513117000002671	5.849504270687016
2.513118000002671	5.849413715512377
2.5131190000026713	5.849323150774932
2.5131200000026714	5.849232576572388
2.5131210000026716	5.849141993002183
2.5131220000026717	5.849051400161476
2.513123000002672	5.848960798147161
2.513124000002672	5.848870187055863
2.513125000002672	5.848779566983923
2.5131260000026723	5.8486889380274105
2.5131270000026724	5.848598300282122
2.5131280000026726	5.84850765384358
2.5131290000026727	5.848416998807035
2.513130000002673	5.848326335267461
2.513131000002673	5.848235663319557
2.513132000002673	5.848144983057753
2.5131330000026733	5.848054294576213
2.5131340000026734	5.847963597968827
2.5131350000026735	5.847872893329226
2.5131360000026737	5.847782180750764
2.513137000002674	5.8476914603265415
2.513138000002674	5.847600732149389
2.513139000002674	5.847509996311897
2.5131400000026742	5.847419252906393
2.5131410000026744	5.847328502024955
2.5131420000026745	5.847237743759415
2.5131430000026747	5.8471469782013585
2.513144000002675	5.8470562054421285
2.513145000002675	5.846965425572854
2.513146000002675	5.846874638684403
2.513147000002675	5.8467838448674385
2.5131480000026754	5.8466930442123966
2.5131490000026755	5.846602236809499
2.5131500000026756	5.846511422748756
2.5131510000026758	5.846420602119975
2.513152000002676	5.8463297750127685
2.513153000002676	5.846238941516548
2.513154000002676	5.846148101720537
2.5131550000026763	5.84605725571379
2.5131560000026765	5.845966403585187
2.5131570000026766	5.845875545423431
2.5131580000026768	5.8457846813170695
2.513159000002677	5.845693811354499
2.513160000002677	5.845602935623967
2.513161000002677	5.845512054213596
2.5131620000026773	5.845421167211354
2.5131630000026774	5.8453302747051055
2.5131640000026776	5.845239376782592
2.5131650000026777	5.845148473531454
2.513166000002678	5.845057565039227
2.513167000002678	5.8449666513933165
2.513168000002678	5.844875732681093
2.5131690000026783	5.844784808989874
2.5131700000026784	5.844693880406879
2.5131710000026786	5.844602947019272
2.5131720000026787	5.8445120089141716
2.513173000002679	5.84442106617865
2.513174000002679	5.844330118899742
2.513175000002679	5.844239167164467
2.5131760000026793	5.844148211059829
2.5131770000026794	5.844057250672824
2.5131780000026795	5.84396628609044
2.5131790000026797	5.843875317399684
2.51318000000268	5.843784344687584
2.51318100000268	5.843693368041211
2.51318200000268	5.843602387547644
2.5131830000026802	5.843511403294011
2.5131840000026804	5.843420415367493
2.5131850000026805	5.843329423855358
2.5131860000026807	5.843238428844929
2.513187000002681	5.843147430423601
2.513188000002681	5.843056428678868
2.513189000002681	5.842965423698303
2.5131900000026812	5.842874415569591
2.5131910000026814	5.842783404380524
2.5131920000026815	5.842692390219009
2.5131930000026816	5.842601373173085
2.513194000002682	5.842510353330893
2.513195000002682	5.842419330780749
2.513196000002682	5.8423283056111215
2.513197000002682	5.842237277910624
2.5131980000026823	5.842146247768028
2.5131990000026825	5.842055215272269
2.5132000000026826	5.841964180512463
2.5132010000026828	5.841873143577893
2.513202000002683	5.841782104558023
2.513203000002683	5.841691063542526
2.513204000002683	5.841600020621269
2.5132050000026833	5.841508975884316
2.5132060000026835	5.84141792942195
2.5132070000026836	5.841326881324648
2.5132080000026837	5.841235831683116
2.513209000002684	5.841144780588278
2.513210000002684	5.841053728131222
2.513211000002684	5.840962674403364
2.5132120000026843	5.840871619496334
2.5132130000026844	5.840780563501982
2.5132140000026846	5.840689506512399
2.5132150000026847	5.8405984486199065
2.513216000002685	5.840507389917088
2.513217000002685	5.840416330496771
2.513218000002685	5.840325270452019
2.5132190000026853	5.84023420987616
2.5132200000026854	5.84014314886278
2.5132210000026856	5.840052087505664
2.5132220000026857	5.839961025898922
2.513223000002686	5.839869964136899
2.513224000002686	5.839778902314193
2.513225000002686	5.839687840525645
2.5132260000026863	5.839596778866368
2.5132270000026864	5.839505717431718
2.5132280000026865	5.839414656317313
2.5132290000026867	5.839323595619031
2.513230000002687	5.839232535433003
2.513231000002687	5.839141475855608
2.513232000002687	5.839050416983451
2.5132330000026872	5.8389593589133995
2.5132340000026874	5.838868301742571
2.5132350000026875	5.8387772455683224
2.5132360000026877	5.8386861904882466
2.513237000002688	5.838595136600181
2.513238000002688	5.838504084002195
2.513239000002688	5.838413032792584
2.513240000002688	5.8383219830698705
2.5132410000026884	5.838230934932791
2.5132420000026885	5.838139888480313
2.5132430000026886	5.83804884381164
2.5132440000026888	5.837957801026146
2.513245000002689	5.8378667602234104
2.513246000002689	5.837775721503228
2.513247000002689	5.837684684965572
2.5132480000026893	5.837593650710625
2.5132490000026895	5.837502618838742
2.5132500000026896	5.837411589450454
2.5132510000026898	5.837320562646473
2.51325200000269	5.837229538527669
2.51325300000269	5.837138517195077
2.51325400000269	5.837047498749886
2.5132550000026903	5.836956483293423
2.5132560000026904	5.836865470927171
2.5132570000026906	5.836774461752727
2.5132580000026907	5.836683455871864
2.513259000002691	5.836592453386605
2.513260000002691	5.836501454398726
2.513261000002691	5.836410459010304
2.5132620000026913	5.836319467323524
2.5132630000026914	5.8362284794406705
2.5132640000026916	5.836137495464105
2.5132650000026917	5.836046515496276
2.513266000002692	5.835955539639702
2.513267000002692	5.835864567996969
2.513268000002692	5.835773600670726
2.5132690000026923	5.835682637763671
2.5132700000026924	5.835591679378541
2.5132710000026925	5.8355007256181315
2.5132720000026927	5.835409776585251
2.513273000002693	5.83531883238273
2.513274000002693	5.835227893113452
2.513275000002693	5.835136958880256
2.5132760000026932	5.835046029786025
2.5132770000026934	5.8349551059336635
2.5132780000026935	5.834864187426044
2.5132790000026937	5.834773274366025
2.513280000002694	5.834682366856444
2.513281000002694	5.834591465000126
2.513282000002694	5.834500568899856
2.5132830000026942	5.834409678658375
2.5132840000026944	5.834318794378418
2.5132850000026945	5.83422791616264
2.5132860000026946	5.834137044113667
2.513287000002695	5.834046178334042
2.513288000002695	5.833955318926283
2.513289000002695	5.833864465992826
2.513290000002695	5.833773619636025
2.5132910000026953	5.8336827799581705
2.5132920000026955	5.833591947061481
2.5132930000026956	5.833501121048087
2.5132940000026958	5.833410302020037
2.513295000002696	5.833319490079295
2.513296000002696	5.833228685327746
2.513297000002696	5.833137887867175
2.5132980000026963	5.833047097799273
2.5132990000026965	5.832956315225631
2.5133000000026966	5.832865540247745
2.5133010000026967	5.832774772967021
2.513302000002697	5.832684013468607
2.513303000002697	5.832593261862693
2.513304000002697	5.832502518257377
2.5133050000026973	5.832411782753678
2.5133060000026974	5.832321055452501
2.5133070000026976	5.832230336454626
2.5133080000026977	5.832139625860747
2.513309000002698	5.83204892377145
2.513310000002698	5.831958230287207
2.513311000002698	5.831867545508386
2.5133120000026983	5.831776869535278
2.5133130000026984	5.831686202468116
2.5133140000026986	5.831595544406999
2.5133150000026987	5.831504895451938
2.513316000002699	5.831414255702868
2.513317000002699	5.831323625259627
2.513318000002699	5.8312330042219624
2.5133190000026993	5.831142392689556
2.5133200000026994	5.831051790762019
2.5133210000026995	5.830961198538884
2.5133220000026997	5.830870616119651
2.5133230000027	5.830780043603688
2.5133240000027	5.830689481090371
2.5133250000027	5.830598928679007
2.5133260000027002	5.83050838646884
2.5133270000027004	5.830417854563819
2.5133280000027005	5.830327333059294
2.5133290000027007	5.830236822053465
2.513330000002701	5.830146321645461
2.513331000002701	5.8300558319343825
2.513332000002701	5.829965353019335
2.513333000002701	5.829874884999416
2.5133340000027014	5.82978442797372
2.5133350000027015	5.829693982041349
2.5133360000027016	5.829603547301475
2.5133370000027018	5.829513123853233
2.513338000002702	5.829422711795775
2.513339000002702	5.8293323112283355
2.513340000002702	5.8292419222501834
2.5133410000027023	5.82915154496064
2.5133420000027025	5.8290611794590905
2.5133430000027026	5.828970825844995
2.5133440000027027	5.82888048421789
2.513345000002703	5.828790154677391
2.513346000002703	5.828699837323216
2.513347000002703	5.828609532255186
2.5133480000027033	5.828519239573229
2.5133490000027034	5.8284289593720935
2.5133500000027036	5.828338691757993
2.5133510000027037	5.828248436830826
2.513352000002704	5.828158194691028
2.513353000002704	5.828067965439113
2.513354000002704	5.827977749175846
2.5133550000027043	5.827887546002159
2.5133560000027044	5.8277973560191505
2.5133570000027046	5.827707179328113
2.5133580000027047	5.827617016030519
2.513359000002705	5.827526866228055
2.513360000002705	5.82743673002256
2.513361000002705	5.827346607516149
2.5133620000027053	5.827256498811136
2.5133630000027054	5.827166404010067
2.5133640000027055	5.827076323215697
2.5133650000027057	5.826986256531041
2.513366000002706	5.826896204059345
2.513367000002706	5.8268061659041175
2.513368000002706	5.826716142169097
2.5133690000027062	5.826626132958322
2.5133700000027064	5.826536138376101
2.5133710000027065	5.8264461585269975
2.5133720000027067	5.826356193515872
2.513373000002707	5.826266243447832
2.513374000002707	5.826176308428328
2.513375000002707	5.8260863885630645
2.5133760000027072	5.825996483958057
2.5133770000027074	5.825906594719613
2.5133780000027075	5.825816720954351
2.5133790000027076	5.825726862769181
2.513380000002708	5.825637020271334
2.513381000002708	5.825547193568353
2.513382000002708	5.825457382768079
2.513383000002708	5.825367587978791
2.5133840000027083	5.825277809308931
2.5133850000027085	5.825188046867199
2.5133860000027086	5.825098300762725
2.5133870000027088	5.825008571104932
2.513388000002709	5.82491885800356
2.513389000002709	5.824829161568719
2.513390000002709	5.8247394819107345
2.5133910000027093	5.824649819140273
2.5133920000027095	5.824560173368327
2.5133930000027096	5.824470544706187
2.5133940000027097	5.824380933265452
2.51339500000271	5.824291339158033
2.51339600000271	5.824201762496124
2.51339700000271	5.8241122033922395
2.5133980000027103	5.824022661959241
2.5133990000027104	5.823933138310124
2.5134000000027106	5.823843632561344
2.5134010000027107	5.823754144825715
2.513402000002711	5.82366467521479
2.513403000002711	5.823575223842703
2.513404000002711	5.8234857908238915
2.5134050000027113	5.823396376272966
2.5134060000027114	5.823306980304814
2.5134070000027116	5.823217603034524
2.5134080000027117	5.823128244577427
2.513409000002712	5.823038905049051
2.513410000002712	5.822949584565127
2.513411000002712	5.822860283241579
2.5134120000027123	5.822771001194509
2.5134130000027124	5.822681738540193
2.5134140000027125	5.822592495395075
2.5134150000027127	5.822503271875653
2.513416000002713	5.822414068098691
2.513417000002713	5.822324884181065
2.513418000002713	5.822235720239729
2.5134190000027132	5.822146576391739
2.5134200000027134	5.822057452754235
2.5134210000027135	5.821968349444426
2.5134220000027137	5.821879266579583
2.513423000002714	5.8217902042770175
2.513424000002714	5.821701162654066
2.513425000002714	5.821612141828086
2.513426000002714	5.821523141916442
2.5134270000027144	5.821434163036476
2.5134280000027145	5.8213452053054935
2.5134290000027146	5.821256268840757
2.5134300000027148	5.821167353759477
2.513431000002715	5.821078460178774
2.513432000002715	5.820989588215686
2.513433000002715	5.820900737987142
2.5134340000027153	5.8208119096099304
2.5134350000027155	5.820723103200698
2.5134360000027156	5.820634318875919
2.5134370000027157	5.820545556751894
2.513438000002716	5.820456816944734
2.513439000002716	5.82036809957034
2.513440000002716	5.8202794047443716
2.5134410000027163	5.820190732582253
2.5134420000027164	5.820102083199133
2.5134430000027166	5.8200134567098925
2.5134440000027167	5.819924853229075
2.513445000002717	5.81983627287095
2.513446000002717	5.819747715749447
2.513447000002717	5.819659181978063
2.5134480000027173	5.819570671670034
2.5134490000027174	5.819482184938178
2.5134500000027176	5.8193937218949
2.5134510000027177	5.81930528265217
2.513452000002718	5.819216867321531
2.513453000002718	5.819128476014053
2.513454000002718	5.819040108840342
2.5134550000027183	5.818951765910506
2.5134560000027184	5.8188634473341585
2.5134570000027185	5.818775153220395
2.5134580000027187	5.818686883677758
2.513459000002719	5.818598638814208
2.513460000002719	5.818510418737156
2.513461000002719	5.818422223553436
2.5134620000027192	5.818334053369267
2.5134630000027194	5.818245908290249
2.5134640000027195	5.818157788421351
2.5134650000027197	5.818069693866888
2.51346600000272	5.817981624730537
2.51346700000272	5.817893581115256
2.51346800000272	5.817805563123354
2.51346900000272	5.817717570856394
2.5134700000027204	5.817629604415235
2.5134710000027205	5.817541663900014
2.5134720000027206	5.8174537494101335
2.513473000002721	5.817365861044232
2.513474000002721	5.817277998900187
2.513475000002721	5.8171901630750975
2.513476000002721	5.817102353665279
2.5134770000027213	5.81701457076623
2.5134780000027215	5.81692681447265
2.5134790000027216	5.816839084878446
2.5134800000027218	5.81675138207669
2.513481000002722	5.8166637061596065
2.513482000002722	5.816576057218587
2.513483000002722	5.8164884353441995
2.5134840000027223	5.816400840626107
2.5134850000027225	5.816313273153114
2.5134860000027226	5.816225733013123
2.5134870000027227	5.816138220293227
2.513488000002723	5.8160507350796555
2.513489000002723	5.815963277457693
2.513490000002723	5.815875847511761
2.5134910000027233	5.815788445325392
2.5134920000027234	5.815701070981208
2.5134930000027236	5.815613724560948
2.5134940000027237	5.815526406145439
2.513495000002724	5.815439115814603
2.513496000002724	5.815351853647459
2.513497000002724	5.815264619722121
2.5134980000027243	5.815177414115805
2.5134990000027244	5.81509023690483
2.5135000000027246	5.815003088164575
2.5135010000027247	5.814915967969553
2.513502000002725	5.814828876393376
2.513503000002725	5.814741813508771
2.513504000002725	5.814654779387573
2.5135050000027253	5.8145677741006665
2.5135060000027254	5.814480797718082
2.5135070000027255	5.814393850308885
2.5135080000027257	5.814306931941379
2.513509000002726	5.814220042683039
2.513510000002726	5.814133182600386
2.513511000002726	5.8140463517591225
2.5135120000027262	5.813959550224073
2.5135130000027264	5.813872778059195
2.5135140000027265	5.813786035327629
2.5135150000027267	5.813699322091684
2.513516000002727	5.813612638412843
2.513517000002727	5.813525984351783
2.513518000002727	5.813439359968377
2.513519000002727	5.8133527653217065
2.5135200000027274	5.8132662004700695
2.5135210000027275	5.813179665470974
2.5135220000027276	5.81309316038118
2.5135230000027278	5.813006685256681
2.513524000002728	5.812920240152747
2.513525000002728	5.812833825123912
2.513526000002728	5.812747440223988
2.5135270000027283	5.812661085506092
2.5135280000027285	5.812574761022626
2.5135290000027286	5.812488466825325
2.5135300000027287	5.812402202965297
2.513531000002729	5.812315969492961
2.513532000002729	5.812229766458113
2.513533000002729	5.812143593909945
2.5135340000027293	5.812057451896989
2.5135350000027294	5.81197134046719
2.5135360000027296	5.811885259667925
2.5135370000027297	5.811799209545998
2.51353800000273	5.811713190147664
2.51353900000273	5.81162720151864
2.51354000000273	5.8115412437041085
2.5135410000027303	5.811455316748733
2.5135420000027304	5.8113694206967335
2.5135430000027306	5.811283555591812
2.5135440000027307	5.811197721477235
2.513545000002731	5.811111918395803
2.513546000002731	5.811026146389863
2.513547000002731	5.810940405501385
2.5135480000027313	5.810854695771917
2.5135490000027314	5.810769017242621
2.5135500000027315	5.810683369954284
2.5135510000027317	5.81059775394734
2.513552000002732	5.810512169261865
2.513553000002732	5.810426615937639
2.513554000002732	5.810341094014106
2.5135550000027322	5.810255603530417
2.5135560000027324	5.810170144525434
2.5135570000027325	5.810084717037749
2.5135580000027327	5.80999932110571
2.513559000002733	5.809913956767422
2.513560000002733	5.809828624060755
2.513561000002733	5.809743323023363
2.513562000002733	5.80965805369272
2.5135630000027334	5.809572816106089
2.5135640000027335	5.809487610300549
2.5135650000027336	5.8094024363130226
2.513566000002734	5.809317294180297
2.513567000002734	5.8092321839390095
2.513568000002734	5.8091471056256765
2.513569000002734	5.809062059276659
2.5135700000027343	5.808977044928267
2.5135710000027345	5.808892062616678
2.5135720000027346	5.808807112378001
2.5135730000027348	5.808722194248298
2.513574000002735	5.808637308263533
2.513575000002735	5.808552454459626
2.513576000002735	5.8084676328724445
2.5135770000027353	5.8083828435378235
2.5135780000027355	5.8082980864915505
2.5135790000027356	5.8082133617694165
2.5135800000027357	5.808128669407173
2.513581000002736	5.808044009440579
2.513582000002736	5.807959381905383
2.513583000002736	5.807874786837334
2.5135840000027363	5.807790224272198
2.5135850000027364	5.807705694245747
2.5135860000027366	5.807621196793778
2.5135870000027367	5.807536731952104
2.513588000002737	5.807452299756567
2.513589000002737	5.8073679002430305
2.513590000002737	5.807283533447388
2.5135910000027373	5.807199199405594
2.5135920000027374	5.807114898153606
2.5135930000027376	5.807030629727414
2.5135940000027377	5.806946394163054
2.513595000002738	5.8068621914966645
2.513596000002738	5.80677802176436
2.513597000002738	5.806693885002304
2.5135980000027383	5.806609781246696
2.5135990000027384	5.806525710533768
2.5136000000027385	5.806441672899778
2.5136010000027387	5.806357668380997
2.513602000002739	5.806273697013756
2.513603000002739	5.806189758834408
2.513604000002739	5.8061058538793215
2.5136050000027392	5.806021982184868
2.5136060000027394	5.805938143787448
2.5136070000027395	5.80585433872348
2.5136080000027397	5.805770567029374
2.51360900000274	5.805686828741517
2.51361000000274	5.805603123896304
2.51361100000274	5.805519452530099
2.51361200000274	5.805435814679251
2.5136130000027403	5.805352210380051
2.5136140000027405	5.805268639668775
2.5136150000027406	5.8051851025816354
2.5136160000027408	5.805101599154796
2.513617000002741	5.80501812942436
2.513618000002741	5.804934693426324
2.513619000002741	5.804851291196585
2.5136200000027413	5.804767922770996
2.5136210000027415	5.804684588185235
2.5136220000027416	5.804601287474941
2.5136230000027417	5.804518020675594
2.513624000002742	5.804434787822486
2.513625000002742	5.8043515889508
2.513626000002742	5.804268424095578
2.5136270000027423	5.804185293291658
2.5136280000027424	5.804102196573697
2.5136290000027426	5.8040191339761344
2.5136300000027427	5.803936105533207
2.513631000002743	5.803853111278916
2.513632000002743	5.803770151247022
2.513633000002743	5.803687225471014
2.5136340000027433	5.803604333984149
2.5136350000027434	5.803521476819416
2.5136360000027436	5.8034386540094465
2.5136370000027437	5.80335586558659
2.513638000002744	5.803273111582875
2.513639000002744	5.8031903920299905
2.513640000002744	5.8031077069592705
2.5136410000027443	5.803025056401667
2.5136420000027444	5.802942440387766
2.5136430000027445	5.802859858947758
2.5136440000027447	5.802777312111425
2.513645000002745	5.802694799908139
2.513646000002745	5.8026123223668264
2.513647000002745	5.802529879515911
2.5136480000027452	5.802447471383404
2.5136490000027454	5.8023650979968355
2.5136500000027455	5.802282759383221
2.5136510000027457	5.802200455569066
2.513652000002746	5.802118186580346
2.513653000002746	5.8020359524425
2.513654000002746	5.801953753180409
2.513655000002746	5.80187158881839
2.5136560000027464	5.801789459380178
2.5136570000027465	5.801707364888908
2.5136580000027466	5.801625305367115
2.513659000002747	5.801543280836714
2.513660000002747	5.80146129131897
2.513661000002747	5.80137933683452
2.513662000002747	5.801297417403323
2.5136630000027473	5.801215533044683
2.5136640000027475	5.801133683777183
2.5136650000027476	5.80105186961874
2.5136660000027478	5.800970090586579
2.513667000002748	5.800888346697177
2.513668000002748	5.800806637966298
2.513669000002748	5.800724964408946
2.5136700000027483	5.800643326039347
2.5136710000027485	5.800561722871087
2.5136720000027486	5.800480154916792
2.5136730000027487	5.800398622188428
2.513674000002749	5.800317124697169
2.513675000002749	5.800235662453359
2.513676000002749	5.800154235466533
2.5136770000027493	5.800072843745426
2.5136780000027494	5.799991487297911
2.5136790000027496	5.79991016613104
2.5136800000027497	5.799828880251047
2.51368100000275	5.799747629663338
2.51368200000275	5.799666414372474
2.51368300000275	5.799585234382149
2.5136840000027503	5.799504089695106
2.5136850000027504	5.799422980313288
2.5136860000027506	5.799341906237752
2.5136870000027507	5.799260867468681
2.513688000002751	5.799179864005374
2.513689000002751	5.7990988958462495
2.513690000002751	5.799017962988828
2.5136910000027513	5.798937065429742
2.5136920000027514	5.798856203164732
2.5136930000027515	5.7987753761886465
2.5136940000027517	5.798694584495432
2.513695000002752	5.798613828078138
2.513696000002752	5.798533106928914
2.513697000002752	5.798452421039011
2.5136980000027522	5.798371770398783
2.5136990000027524	5.7982911549976945
2.5137000000027525	5.798210574824295
2.5137010000027527	5.798130029866256
2.513702000002753	5.798049520110347
2.513703000002753	5.797969045546653
2.513704000002753	5.797888606148725
2.513705000002753	5.797808201907875
2.5137060000027533	5.797727832807226
2.5137070000027535	5.797647498829137
2.5137080000027536	5.797567199955066
2.5137090000027538	5.797486936165619
2.513710000002754	5.797406707440339
2.513711000002754	5.797326513758093
2.513712000002754	5.797246355097082
2.5137130000027543	5.797166231434516
2.5137140000027545	5.797086142746748
2.5137150000027546	5.797006089009344
2.5137160000027547	5.796926070197042
2.513717000002755	5.7968460862837325
2.513718000002755	5.79676613724248
2.513719000002755	5.796686223045561
2.5137200000027553	5.796606343664483
2.5137210000027554	5.7965264990699765
2.5137220000027556	5.796446689231972
2.5137230000027557	5.796366914119665
2.513724000002756	5.796287173701481
2.513725000002756	5.796207467945098
2.513726000002756	5.79612779681748
2.5137270000027563	5.796048160284868
2.5137280000027564	5.7959685583127865
2.5137290000027566	5.795888990866075
2.5137300000027567	5.7958094579088675
2.513731000002757	5.795729959404629
2.513732000002757	5.795650495316163
2.513733000002757	5.795571065605623
2.5137340000027573	5.795491670234519
2.5137350000027574	5.795412309163738
2.5137360000027575	5.795332982358633
2.5137370000027577	5.795253689783099
2.513738000002758	5.795174431386763
2.513739000002758	5.795095207128181
2.513740000002758	5.795016016965295
2.5137410000027582	5.7949368608555165
2.5137420000027584	5.7948577387557245
2.5137430000027585	5.794778650622275
2.5137440000027587	5.794699596411015
2.513745000002759	5.794620576077308
2.513746000002759	5.794541589576021
2.513747000002759	5.7944626368615575
2.513748000002759	5.794383717887877
2.5137490000027594	5.7943048326084945
2.5137500000027595	5.794225980976491
2.5137510000027596	5.794147162944546
2.51375200000276	5.794068378464932
2.51375300000276	5.793989627489539
2.51375400000276	5.793910909969898
2.51375500000276	5.793832225857162
2.5137560000027603	5.793753575102257
2.5137570000027605	5.7936749576556235
2.5137580000027606	5.793596373467362
2.5137590000027608	5.793517822487442
2.513760000002761	5.793439304665386
2.513761000002761	5.793360819950448
2.513762000002761	5.793282368291661
2.5137630000027613	5.793203949637788
2.5137640000027615	5.793125563937359
2.5137650000027616	5.7930472111386875
2.5137660000027617	5.7929688911898625
2.513767000002762	5.792890604038778
2.513768000002762	5.792812349633128
2.513769000002762	5.792734127920425
2.5137700000027623	5.7926559388480765
2.5137710000027624	5.7925777823632485
2.5137720000027626	5.792499658412946
2.5137730000027627	5.792421566944077
2.513774000002763	5.792343507903396
2.513775000002763	5.79226548123757
2.513776000002763	5.792187486893179
2.5137770000027633	5.792109524816698
2.5137780000027634	5.792031594954501
2.5137790000027636	5.791953697252887
2.5137800000027637	5.791875831658094
2.513781000002764	5.791797998116295
2.513782000002764	5.791720196573611
2.513783000002764	5.791642426976119
2.5137840000027643	5.791564689269864
2.5137850000027644	5.791486983400861
2.5137860000027645	5.791409309315121
2.5137870000027647	5.79133166695862
2.513788000002765	5.791254056277333
2.513789000002765	5.791176477217242
2.513790000002765	5.7910989297243125
2.5137910000027652	5.791021413744532
2.5137920000027654	5.790943929223908
2.5137930000027655	5.7908664761084525
2.5137940000027656	5.790789054344212
2.513795000002766	5.790711663877261
2.513796000002766	5.790634304653691
2.513797000002766	5.790556976619652
2.513798000002766	5.790479679721307
2.5137990000027663	5.790402413904859
2.5138000000027665	5.790325179116561
2.5138010000027666	5.790247975302703
2.5138020000027668	5.790170802409606
2.513803000002767	5.790093660383667
2.513804000002767	5.790016549171318
2.513805000002767	5.789939468719037
2.5138060000027673	5.789862418973344
2.5138070000027675	5.789785399880807
2.5138080000027676	5.789708411388038
2.5138090000027677	5.789631453441694
2.513810000002768	5.78955452598847
2.513811000002768	5.789477628975104
2.513812000002768	5.789400762348373
2.5138130000027683	5.7893239260550855
2.5138140000027684	5.789247120042077
2.5138150000027686	5.789170344256222
2.5138160000027687	5.789093598644417
2.513817000002769	5.789016883153573
2.513818000002769	5.788940197730622
2.513819000002769	5.788863542322518
2.5138200000027693	5.788786916876207
2.5138210000027694	5.788710321338625
2.5138220000027696	5.7886337556567256
2.5138230000027697	5.788557219777432
2.51382400000277	5.7884807136476635
2.51382500000277	5.788404237214309
2.51382600000277	5.788327790424227
2.5138270000027703	5.788251373224236
2.5138280000027704	5.78817498556111
2.5138290000027705	5.788098627381567
2.5138300000027707	5.788022298632265
2.513831000002771	5.787945999259803
2.513832000002771	5.787869729210691
2.513833000002771	5.787793488431322
2.5138340000027712	5.787717276868015
2.5138350000027714	5.787641094466977
2.5138360000027715	5.7875649411743035
2.5138370000027717	5.787488816936063
2.513838000002772	5.787412721698065
2.513839000002772	5.787336655405892
2.513840000002772	5.787260618005057
2.513841000002772	5.78718460944106
2.5138420000027724	5.787108629659009
2.5138430000027725	5.787032678603805
2.5138440000027726	5.786956756220225
2.513845000002773	5.786880862452819
2.513846000002773	5.786804997245931
2.513847000002773	5.786729160543646
2.513848000002773	5.786653352289815
2.5138490000027733	5.786577572428019
2.5138500000027735	5.7865018209015675
2.5138510000027736	5.786426097653487
2.5138520000027738	5.786350402626497
2.513853000002774	5.786274735763015
2.513854000002774	5.786199097005135
2.513855000002774	5.7861234862946125
2.5138560000027743	5.786047903572851
2.5138570000027745	5.785972348780897
2.5138580000027746	5.785896821859428
2.5138590000027747	5.785821322748729
2.513860000002775	5.785745851388702
2.513861000002775	5.785670407718811
2.513862000002775	5.785594991678122
2.5138630000027753	5.785519603205254
2.5138640000027754	5.785444242238382
2.5138650000027756	5.785368908715222
2.5138660000027757	5.785293602573012
2.513867000002776	5.785218323748514
2.513868000002776	5.7851430721779815
2.513869000002776	5.785067847797171
2.5138700000027763	5.784992650541309
2.5138710000027764	5.784917480345099
2.5138720000027766	5.784842337142699
2.5138730000027767	5.784767220867708
2.513874000002777	5.784692131453159
2.513875000002777	5.78461706883152
2.513876000002777	5.784542032934649
2.5138770000027773	5.784467023693831
2.5138780000027774	5.7843920410397205
2.5138790000027775	5.784317084902362
2.5138800000027777	5.784242155211166
2.513881000002778	5.784167251894913
2.513882000002778	5.784092374881724
2.513883000002778	5.784017524099066
2.5138840000027782	5.783942699473738
2.5138850000027784	5.7838679009320755
2.5138860000027785	5.7837931283994655
2.5138870000027786	5.783718381800487
2.513888000002779	5.783643661059189
2.513889000002779	5.783568966098917
2.513890000002779	5.783494296842298
2.513891000002779	5.78341965321122
2.5138920000027793	5.78334503512686
2.5138930000027795	5.783270442509651
2.5138940000027796	5.783195875279288
2.5138950000027798	5.783121333354717
2.51389600000278	5.783046816654126
2.51389700000278	5.782972325094948
2.51389800000278	5.782897858593861
2.5138990000027803	5.782823417066763
2.5139000000027805	5.782749000428794
2.5139010000027806	5.782674608594305
2.5139020000027807	5.782600241476878
2.513903000002781	5.782525898989289
2.513904000002781	5.782451581043549
2.513905000002781	5.782377287550927
2.5139060000027813	5.782303018421868
2.5139070000027814	5.782228773566031
2.5139080000027816	5.782154552892279
2.5139090000027817	5.782080356308691
2.513910000002782	5.782006183722547
2.513911000002782	5.781932035040344
2.513912000002782	5.781857910167804
2.5139130000027823	5.781783809009845
2.5139140000027824	5.781709731470601
2.5139150000027826	5.781635677454445
2.5139160000027827	5.7815616468636355
2.513917000002783	5.781487639599138
2.513918000002783	5.781413655562031
2.513919000002783	5.781339694652577
2.5139200000027833	5.781265756770236
2.5139210000027834	5.781191841813704
2.5139220000027835	5.781117949680906
2.5139230000027837	5.781044080269024
2.513924000002784	5.780970233474481
2.513925000002784	5.78089640919295
2.513926000002784	5.7808226073193705
2.5139270000027842	5.780748827747929
2.5139280000027844	5.780675070372083
2.5139290000027845	5.780601335084538
2.5139300000027847	5.780527621777424
2.513931000002785	5.78045393034208
2.513932000002785	5.7803802606690935
2.513933000002785	5.780306612648415
2.513934000002785	5.78023298616927
2.5139350000027854	5.78015938112024
2.5139360000027855	5.780085797389238
2.5139370000027856	5.780012234863712
2.5139380000027858	5.7799386934302035
2.513939000002786	5.779865172974566
2.513940000002786	5.779791673382143
2.513941000002786	5.779718194531102
2.5139420000027863	5.7796447363052375
2.5139430000027865	5.779571298595225
2.5139440000027866	5.779497881284021
2.5139450000027868	5.779424484254089
2.513946000002787	5.779351107387202
2.513947000002787	5.7792777505645745
2.513948000002787	5.779204413666937
2.5139490000027873	5.779131096574527
2.5139500000027875	5.779057799167033
2.5139510000027876	5.778984521323661
2.5139520000027877	5.778911262923122
2.513953000002788	5.778838023843697
2.513954000002788	5.778764803963137
2.513955000002788	5.778691603158749
2.5139560000027883	5.778618421307459
2.5139570000027884	5.778545258285735
2.5139580000027886	5.778472113969646
2.5139590000027887	5.77839898824054
2.513960000002789	5.778325880974032
2.513961000002789	5.778252792039261
2.513962000002789	5.7781797213108055
2.5139630000027893	5.7781066686629075
2.5139640000027894	5.778033633969477
2.5139650000027896	5.777960617104116
2.5139660000027897	5.77788761794013
2.51396700000279	5.777814636350548
2.51396800000279	5.777741672208125
2.51396900000279	5.77766872538536
2.5139700000027903	5.777595795754535
2.5139710000027904	5.777522883187685
2.5139720000027905	5.777449987556619
2.5139730000027907	5.777377108732948
2.513974000002791	5.777304246588126
2.513975000002791	5.777231400993409
2.513976000002791	5.777158571819919
2.5139770000027912	5.7770857589386235
2.5139780000027914	5.777012962220369
2.5139790000027915	5.7769401815358705
2.5139800000027916	5.776867416755746
2.513981000002792	5.776794667750547
2.513982000002792	5.776721934390738
2.513983000002792	5.776649216546722
2.513984000002792	5.776576514088845
2.5139850000027923	5.776503826887402
2.5139860000027925	5.776431154812672
2.5139870000027926	5.7763584977340905
2.5139880000027928	5.776285855522106
2.513989000002793	5.776213228047586
2.513990000002793	5.776140615180835
2.513991000002793	5.776068016792197
2.5139920000027933	5.7759954327520635
2.5139930000027935	5.775922862930896
2.5139940000027936	5.77585030719922
2.5139950000027937	5.775777765427619
2.513996000002794	5.775705237486786
2.513997000002794	5.775632723247518
2.513998000002794	5.775560222580725
2.5139990000027943	5.775487735357362
2.5140000000027944	5.7754152614485585
2.5140010000027946	5.775342800725706
2.5140020000027947	5.775270353060266
2.514003000002795	5.7751979183238324
2.514004000002795	5.775125496388195
2.514005000002795	5.77505308712529
2.5140060000027953	5.774980690407268
2.5140070000027954	5.774908306106443
2.5140080000027956	5.774835934095345
2.5140090000027957	5.774763574246699
2.514010000002796	5.774691226433444
2.514011000002796	5.774618890528743
2.514012000002796	5.7745465664059825
2.5140130000027963	5.774474253938793
2.5140140000027964	5.774401953001024
2.5140150000027965	5.774329663466759
2.5140160000027967	5.7742573852103405
2.514017000002797	5.774185118106378
2.514018000002797	5.7741128620297095
2.514019000002797	5.77404061685546
2.5140200000027972	5.773968382458998
2.5140210000027974	5.77389615871595
2.5140220000027975	5.773823945502235
2.5140230000027977	5.77375174269405
2.514024000002798	5.773679550167878
2.514025000002798	5.773607367800442
2.514026000002798	5.773535195468759
2.514027000002798	5.773463033050147
2.5140280000027984	5.773390880422191
2.5140290000027985	5.773318737462769
2.5140300000027986	5.77324660405004
2.5140310000027988	5.773174480070918
2.514032000002799	5.7731023654004945
2.514033000002799	5.773030259912984
2.514034000002799	5.772958163487595
2.5140350000027993	5.772886076003898
2.5140360000027995	5.772813997341758
2.5140370000027996	5.772741927381324
2.5140380000027998	5.772669866003029
2.5140390000028	5.772597813087583
2.5140400000028	5.772525768515973
2.5140410000028	5.772453732169475
2.5140420000028003	5.7723817039296295
2.5140430000028005	5.77230968367826
2.5140440000028006	5.772237671297455
2.5140450000028007	5.772165666669559
2.514046000002801	5.772093669677198
2.514047000002801	5.772021680203251
2.514048000002801	5.771949698130867
2.5140490000028013	5.771877723343429
2.5140500000028014	5.771805755724584
2.5140510000028016	5.771733795158217
2.5140520000028017	5.771661841528464
2.514053000002802	5.7715898947196935
2.514054000002802	5.771517954616528
2.514055000002802	5.771446021103818
2.5140560000028023	5.77137409406661
2.5140570000028024	5.771302173390173
2.5140580000028026	5.77123025896002
2.5140590000028027	5.77115835066188
2.514060000002803	5.771086448381685
2.514061000002803	5.77101455200557
2.514062000002803	5.770942661419846
2.5140630000028032	5.77087077651104
2.5140640000028034	5.770798897165866
2.5140650000028035	5.770727023271213
2.5140660000028037	5.7706551547141585
2.514067000002804	5.7705832913819455
2.514068000002804	5.770511433161998
2.514069000002804	5.77043957994192
2.5140700000028042	5.770367731609451
2.5140710000028044	5.770295888052478
2.5140720000028045	5.7702240491590615
2.5140730000028046	5.770152214817387
2.514074000002805	5.7700803849158095
2.514075000002805	5.770008559342808
2.514076000002805	5.769936737986988
2.514077000002805	5.769864920737087
2.5140780000028053	5.769793107481974
2.5140790000028055	5.769721298110624
2.5140800000028056	5.769649492512155
2.5140810000028058	5.769577690575783
2.514082000002806	5.769505892190837
2.514083000002806	5.769434097246761
2.514084000002806	5.7693623056330905
2.5140850000028063	5.7692905172394715
2.5140860000028065	5.769218731955639
2.5140870000028066	5.769146949671442
2.5140880000028067	5.769075170270306
2.514089000002807	5.769003393657977
2.514090000002807	5.768931619715694
2.514091000002807	5.768859848335461
2.5140920000028073	5.768788079408424
2.5140930000028074	5.768716312822044
2.5140940000028076	5.768644548466734
2.5140950000028077	5.768572786233018
2.514096000002808	5.768501026011539
2.514097000002808	5.768429267692995
2.514098000002808	5.7683575111681336
2.5140990000028083	5.768285756327825
2.5141000000028084	5.768214003063006
2.5141010000028086	5.7681422512646865
2.5141020000028087	5.768070500823966
2.514103000002809	5.767998751632042
2.514104000002809	5.767927003580188
2.514105000002809	5.767855256559766
2.5141060000028093	5.7677835104622375
2.5141070000028094	5.767711765179154
2.5141080000028095	5.7676400206021725
2.5141090000028097	5.767568276623048
2.51411000000281	5.767496533133617
2.51411100000281	5.767424790025839
2.51411200000281	5.767353047191761
2.5141130000028102	5.767281304523567
2.5141140000028104	5.767209561913563
2.5141150000028105	5.767137819254171
2.5141160000028107	5.767066076437945
2.514117000002811	5.766994333357574
2.514118000002811	5.766922589905893
2.514119000002811	5.766850845975861
2.514120000002811	5.7667791014606005
2.5141210000028114	5.766707356253437
2.5141220000028115	5.766635610247817
2.5141230000028116	5.766563863337351
2.5141240000028118	5.766492115415845
2.514125000002812	5.7664203663773
2.514126000002812	5.766348616115925
2.514127000002812	5.766276864526119
2.5141280000028123	5.766205111502477
2.5141290000028125	5.766133356939829
2.5141300000028126	5.766061600733239
2.5141310000028128	5.765989842778023
2.514132000002813	5.765918082969727
2.514133000002813	5.7658463212041715
2.514134000002813	5.765774557377442
2.5141350000028133	5.765702791385902
2.5141360000028135	5.765631023126209
2.5141370000028136	5.76555925249532
2.5141380000028137	5.765487479390506
2.514139000002814	5.765415703709354
2.514140000002814	5.765343925349795
2.514141000002814	5.765272144210094
2.5141420000028143	5.7652003601888815
2.5141430000028144	5.765128573185158
2.5141440000028146	5.765056783098303
2.5141450000028147	5.7649849898280845
2.514146000002815	5.764913193274689
2.514147000002815	5.764841393338702
2.514148000002815	5.76476958992115
2.5141490000028153	5.764697782923498
2.5141500000028154	5.764625972247668
2.5141510000028156	5.76455415779606
2.5141520000028157	5.764482339471549
2.514153000002816	5.764410517177481
2.514154000002816	5.764338690817732
2.514155000002816	5.764266860296694
2.5141560000028162	5.764195025519285
2.5141570000028164	5.764123186390977
2.5141580000028165	5.764051342817797
2.5141590000028167	5.763979494706343
2.514160000002817	5.763907641963808
2.514161000002817	5.763835784497972
2.514162000002817	5.763763922217238
2.5141630000028172	5.76369205503062
2.5141640000028174	5.7636201828477835
2.5141650000028175	5.763548305579042
2.5141660000028176	5.7634764231353754
2.514167000002818	5.76340453542844
2.514168000002818	5.763332642370584
2.514169000002818	5.76326074387486
2.514170000002818	5.763188839855036
2.5141710000028183	5.7631169302256104
2.5141720000028185	5.763045014901821
2.5141730000028186	5.762973093799665
2.5141740000028188	5.762901166835904
2.514175000002819	5.762829233928082
2.514176000002819	5.762757294994533
2.514177000002819	5.762685349954402
2.5141780000028193	5.7626133987276305
2.5141790000028195	5.762541441235021
2.5141800000028196	5.7624694773981835
2.5141810000028197	5.762397507139593
2.51418200000282	5.7623255303825776
2.51418300000282	5.762253547051365
2.51418400000282	5.762181557071056
2.5141850000028203	5.762109560367639
2.5141860000028204	5.762037556868022
2.5141870000028206	5.76196554650002
2.5141880000028207	5.761893529192372
2.514189000002821	5.761821504874765
2.514190000002821	5.7617494734778285
2.514191000002821	5.761677434933146
2.5141920000028213	5.7616053891732735
2.5141930000028214	5.761533336131736
2.5141940000028216	5.761461275743048
2.5141950000028217	5.761389207942715
2.514196000002822	5.761317132667245
2.514197000002822	5.761245049854159
2.514198000002822	5.761172959441984
2.5141990000028223	5.761100861370295
2.5142000000028224	5.76102875557968
2.5142010000028225	5.760956642011781
2.5142020000028227	5.760884520609276
2.514203000002823	5.760812391315912
2.514204000002823	5.760740254076487
2.514205000002823	5.760668108836875
2.5142060000028232	5.760595955544014
2.5142070000028234	5.7605237941459135
2.5142080000028235	5.760451624591677
2.5142090000028237	5.760379446831532
2.514210000002824	5.760307260816775
2.514211000002824	5.76023506649981
2.514212000002824	5.7601628638341404
2.514213000002824	5.760090652774386
2.5142140000028244	5.760018433276274
2.5142150000028245	5.759946205296663
2.5142160000028246	5.759873968793524
2.5142170000028248	5.759801723725944
2.514218000002825	5.759729470054151
2.514219000002825	5.759657207739531
2.514220000002825	5.759584936744585
2.5142210000028253	5.759512657032954
2.5142220000028255	5.759440368569426
2.5142230000028256	5.759368071319927
2.5142240000028258	5.759295765251538
2.514225000002826	5.7592234503324855
2.514226000002826	5.75915112653214
2.514227000002826	5.759078793821035
2.5142280000028263	5.759006452170858
2.5142290000028265	5.758934101554444
2.5142300000028266	5.758861741945797
2.5142310000028267	5.758789373320083
2.514232000002827	5.758716995653618
2.514233000002827	5.758644608923871
2.514234000002827	5.758572213109484
2.5142350000028273	5.758499808190261
2.5142360000028274	5.758427394147175
2.5142370000028276	5.758354970962345
2.5142380000028277	5.7582825386190635
2.514239000002828	5.758210097101795
2.514240000002828	5.758137646396159
2.514241000002828	5.7580651864889445
2.5142420000028283	5.757992717368093
2.5142430000028284	5.757920239022721
2.5142440000028285	5.75784775144313
2.5142450000028287	5.757775254620772
2.514246000002829	5.757702748548263
2.514247000002829	5.757630233219388
2.514248000002829	5.757557708629095
2.5142490000028292	5.757485174773496
2.5142500000028294	5.757412631649872
2.5142510000028295	5.757340079256668
2.5142520000028297	5.757267517593475
2.51425300000283	5.7571949466610715
2.51425400000283	5.757122366461424
2.51425500000283	5.757049776997635
2.5142560000028302	5.756977178273982
2.5142570000028304	5.756904570295898
2.5142580000028305	5.756831953069972
2.5142590000028306	5.756759326603984
2.514260000002831	5.756686690916697
2.514261000002831	5.756614046012205
2.514262000002831	5.756541391897978
2.514263000002831	5.75646872858646
2.5142640000028313	5.756396056091264
2.5142650000028315	5.756323374427172
2.5142660000028316	5.756250683610129
2.5142670000028318	5.756177983657255
2.514268000002832	5.756105274586659
2.514269000002832	5.756032556417889
2.514270000002832	5.755959829171693
2.5142710000028323	5.7558870928698616
2.5142720000028325	5.755814347535385
2.5142730000028326	5.755741593192426
2.5142740000028327	5.755668829866325
2.514275000002833	5.755596057583599
2.514276000002833	5.7555232763719495
2.514277000002833	5.755450486260263
2.5142780000028333	5.755377687278605
2.5142790000028334	5.755304879458233
2.5142800000028336	5.755232062831592
2.5142810000028337	5.755159237432334
2.514282000002834	5.75508640329528
2.514283000002834	5.7550135604564465
2.514284000002834	5.754940708953054
2.5142850000028343	5.754867848823527
2.5142860000028344	5.754794980107486
2.5142870000028346	5.754722102845757
2.5142880000028347	5.754649217080381
2.514289000002835	5.754576322854601
2.514290000002835	5.754503420212881
2.514291000002835	5.754430509200901
2.5142920000028353	5.754357589865553
2.5142930000028354	5.754284662254956
2.5142940000028355	5.754211726418451
2.5142950000028357	5.754138782406621
2.514296000002836	5.754065830271265
2.514297000002836	5.753992870065421
2.514298000002836	5.753919901843363
2.5142990000028362	5.753846925660626
2.5143000000028364	5.7537739415739555
2.5143010000028365	5.753700949641374
2.5143020000028367	5.75362794992214
2.514303000002837	5.753554942476773
2.514304000002837	5.753481927367047
2.514305000002837	5.753408904655998
2.514306000002837	5.753335874407931
2.5143070000028374	5.7532628366884095
2.5143080000028375	5.753189791564279
2.5143090000028376	5.753116739103652
2.5143100000028378	5.753043679375923
2.514311000002838	5.752970612451745
2.514312000002838	5.752897538403081
2.514313000002838	5.752824457303178
2.5143140000028383	5.752751369226554
2.5143150000028385	5.752678274249035
2.5143160000028386	5.75260517244773
2.5143170000028388	5.752532063901055
2.514318000002839	5.75245894868871
2.514319000002839	5.752385826891707
2.514320000002839	5.752312698592356
2.5143210000028393	5.752239563874275
2.5143220000028395	5.752166422822385
2.5143230000028396	5.752093275522912
2.5143240000028397	5.75202012206341
2.51432500000284	5.751946962532723
2.51432600000284	5.751873797021005
2.51432700000284	5.751800625619737
2.5143280000028403	5.751727448421703
2.5143290000028404	5.751654265521
2.5143300000028406	5.751581077013044
2.5143310000028407	5.751507882994562
2.514332000002841	5.751434683563591
2.514333000002841	5.7513614788194865
2.514334000002841	5.7512882688629094
2.5143350000028413	5.7512150537958275
2.5143360000028414	5.75114183372153
2.5143370000028415	5.751068608744601
2.5143380000028417	5.750995378970937
2.514339000002842	5.750922144507729
2.514340000002842	5.75084890546348
2.514341000002842	5.750775661947982
2.5143420000028422	5.750702414072316
2.5143430000028424	5.750629161948868
2.5143440000028425	5.750555905691293
2.5143450000028427	5.750482645414543
2.514346000002843	5.750409381234839
2.514347000002843	5.750336113269667
2.514348000002843	5.7502628416378
2.5143490000028432	5.750189566459254
2.5143500000028434	5.750116287855308
2.5143510000028435	5.750043005948489
2.5143520000028436	5.749969720862564
2.514353000002844	5.749896432722537
2.514354000002844	5.749823141654641
2.514355000002844	5.749749847786316
2.514356000002844	5.749676551246051
2.5143570000028443	5.749603252163766
2.5143580000028445	5.749529950670633
2.5143590000028446	5.749456646898891
2.5143600000028448	5.749383340981946
2.514361000002845	5.749310033054372
2.514362000002845	5.749236723251899
2.514363000002845	5.749163411711387
2.5143640000028453	5.74909009857084
2.5143650000028455	5.749016783969369
2.5143660000028456	5.748943468047192
2.5143670000028457	5.748870150945622
2.514368000002846	5.748796832807051
2.514369000002846	5.74872351377494
2.514370000002846	5.74865019399379
2.5143710000028463	5.748576873609157
2.5143720000028464	5.74850355276761
2.5143730000028466	5.748430231616727
2.5143740000028467	5.748356910305084
2.514375000002847	5.748283588982224
2.514376000002847	5.748210267798664
2.514377000002847	5.74813694690586
2.5143780000028473	5.748063626456194
2.5143790000028474	5.747990306602963
2.5143800000028476	5.747916987500353
2.5143810000028477	5.747843669303429
2.514382000002848	5.7477703521681125
2.514383000002848	5.747697036251161
2.514384000002848	5.7476237217101565
2.5143850000028483	5.747550408703482
2.5143860000028484	5.747477097390301
2.5143870000028485	5.74740378793054
2.5143880000028487	5.747330480484868
2.514389000002849	5.747257175214672
2.514390000002849	5.747183872282035
2.514391000002849	5.74711057184975
2.5143920000028492	5.747037274081252
2.5143930000028494	5.746963979140617
2.5143940000028495	5.74689068719254
2.5143950000028497	5.746817398402317
2.51439600000285	5.746744112935811
2.51439700000285	5.746670830959447
2.51439800000285	5.746597552640183
2.51439900000285	5.746524278145479
2.5144000000028504	5.746451007643292
2.5144010000028505	5.746377741302022
2.5144020000028506	5.746304479290543
2.5144030000028508	5.746231221778142
2.514404000002851	5.746157968934506
2.514405000002851	5.746084720929695
2.514406000002851	5.746011477934119
2.5144070000028513	5.745938240118529
2.5144080000028515	5.7458650076539755
2.5144090000028516	5.745791780711803
2.5144100000028518	5.745718559463613
2.514411000002852	5.745645344081253
2.514412000002852	5.7455721347367845
2.514413000002852	5.745498931602474
2.5144140000028523	5.745425734850763
2.5144150000028525	5.745352544654239
2.5144160000028526	5.74527936118562
2.5144170000028527	5.745206184617749
2.514418000002853	5.745133015123534
2.514419000002853	5.745059852875964
2.514420000002853	5.7449866980480735
2.5144210000028533	5.7449135508129165
2.5144220000028534	5.744840411343549
2.5144230000028536	5.744767279813011
2.5144240000028537	5.7446941563943055
2.514425000002854	5.744621041260379
2.514426000002854	5.744547934584106
2.514427000002854	5.744474836538253
2.5144280000028543	5.744401747295469
2.5144290000028544	5.744328667028265
2.5144300000028545	5.744255595909033
2.5144310000028547	5.74418253410997
2.514432000002855	5.744109481803086
2.514433000002855	5.744036439160184
2.514434000002855	5.743963406352851
2.5144350000028552	5.743890383552423
2.5144360000028554	5.7438173709299924
2.5144370000028555	5.743744368656375
2.5144380000028557	5.7436713769020855
2.514439000002856	5.74359839583735
2.514440000002856	5.743525425632104
2.514441000002856	5.7434524664559286
2.5144420000028562	5.743379518478078
2.5144430000028564	5.743306581867447
2.5144440000028565	5.74323365679256
2.5144450000028566	5.74316074342156
2.514446000002857	5.7430878419222156
2.514447000002857	5.743014952461872
2.514448000002857	5.742942075207476
2.514449000002857	5.7428692103255665
2.5144500000028573	5.742796357982247
2.5144510000028575	5.7427235183431815
2.5144520000028576	5.742650691573593
2.5144530000028578	5.742577877838257
2.514454000002858	5.74250507730148
2.514455000002858	5.742432290127114
2.514456000002858	5.742359516478537
2.5144570000028583	5.742286756518652
2.5144580000028585	5.742214010409889
2.5144590000028586	5.7421412783141825
2.5144600000028587	5.742068560393135
2.514461000002859	5.741995856807689
2.514462000002859	5.741923167718222
2.514463000002859	5.741850493284733
2.5144640000028593	5.741777833666713
2.5144650000028594	5.7417051890231745
2.5144660000028596	5.741632559512649
2.5144670000028597	5.741559945276947
2.51446800000286	5.741487346481825
2.51446900000286	5.741414763292059
2.51447000000286	5.741342195864217
2.5144710000028603	5.741269644354404
2.5144720000028604	5.7411971089182385
2.5144730000028606	5.7411245897108625
2.5144740000028607	5.741052086886966
2.514475000002861	5.740979600600759
2.514476000002861	5.740907131006014
2.514477000002861	5.7408346782560455
2.5144780000028613	5.7407622425037355
2.5144790000028614	5.740689823901536
2.5144800000028615	5.740617422601412
2.5144810000028617	5.740545038754987
2.514482000002862	5.740472672513485
2.514483000002862	5.740400324027707
2.514484000002862	5.740327993448063
2.5144850000028622	5.7402556809245775
2.5144860000028624	5.740183386606918
2.5144870000028625	5.740111110643392
2.5144880000028627	5.740038853183153
2.514489000002863	5.739966614375662
2.514490000002863	5.739894394369229
2.514491000002863	5.739822193311845
2.514492000002863	5.73975001135122
2.5144930000028634	5.739677848634778
2.5144940000028635	5.739605705309664
2.5144950000028636	5.7395335815290895
2.5144960000028638	5.739461477437045
2.514497000002864	5.739389393176341
2.514498000002864	5.739317328893191
2.514499000002864	5.739245284733607
2.5145000000028643	5.73917326084342
2.5145010000028645	5.739101257368299
2.5145020000028646	5.739029274453754
2.5145030000028648	5.738957312245176
2.514504000002865	5.738885370887813
2.514505000002865	5.7388134505267825
2.514506000002865	5.738741551307124
2.5145070000028653	5.7386696733738125
2.5145080000028655	5.738597816871757
2.5145090000028656	5.738525981945774
2.5145100000028657	5.738454168740696
2.514511000002866	5.738382377401381
2.514512000002866	5.738310608072633
2.514513000002866	5.738238860899281
2.5145140000028663	5.738167136026184
2.5145150000028664	5.738095433598242
2.5145160000028666	5.738023753760418
2.5145170000028667	5.737952096657744
2.514518000002867	5.737880462435349
2.514519000002867	5.7378088512384355
2.514520000002867	5.737737263212346
2.5145210000028673	5.737665698502572
2.5145220000028674	5.737594157254731
2.5145230000028675	5.737522639614596
2.5145240000028677	5.73745114572812
2.514525000002868	5.7373796757414315
2.514526000002868	5.737308229800859
2.514527000002868	5.737236808052933
2.5145280000028682	5.737165410644408
2.5145290000028684	5.737094037722268
2.5145300000028685	5.737022689433741
2.5145310000028687	5.736951365926306
2.514532000002869	5.7368800673477125
2.514533000002869	5.73680879384597
2.514534000002869	5.736737545569377
2.5145350000028692	5.736666322666525
2.5145360000028694	5.736595125286306
2.5145370000028695	5.73652395357792
2.5145380000028696	5.7364528076908705
2.51453900000287	5.736381687774995
2.51454000000287	5.736310593980447
2.51454100000287	5.736239526457723
2.51454200000287	5.736168485357658
2.5145430000028703	5.7360974708314325
2.5145440000028705	5.736026483030574
2.5145450000028706	5.735955522106961
2.5145460000028708	5.735884588212829
2.514547000002871	5.735813681500775
2.514548000002871	5.735742802123756
2.514549000002871	5.735671950235079
2.5145500000028713	5.735601125988428
2.5145510000028715	5.73553032953784
2.5145520000028716	5.735459561037724
2.5145530000028717	5.735388820642846
2.514554000002872	5.735318108508328
2.514555000002872	5.735247424789664
2.514556000002872	5.735176769642686
2.5145570000028723	5.735106143223587
2.5145580000028724	5.735035545688916
2.5145590000028726	5.734964977195549
2.5145600000028727	5.734894437900719
2.514561000002873	5.7348239279619815
2.514562000002873	5.734753447537219
2.514563000002873	5.734682996784644
2.5145640000028733	5.734612575862757
2.5145650000028734	5.73454218493039
2.5145660000028736	5.734471824146659
2.5145670000028737	5.734401493670972
2.514568000002874	5.734331193663006
2.514569000002874	5.734260924282708
2.514570000002874	5.734190685690281
2.5145710000028743	5.734120478046166
2.5145720000028744	5.734050301511043
2.5145730000028745	5.733980156245804
2.5145740000028747	5.7339100424115514
2.514575000002875	5.733839960169587
2.514576000002875	5.733769909681373
2.514577000002875	5.733699891108551
2.5145780000028752	5.733629904612911
2.5145790000028754	5.7335599503563675
2.5145800000028755	5.733490028500953
2.5145810000028757	5.733420139208804
2.514582000002876	5.733350282642131
2.514583000002876	5.733280458963226
2.514584000002876	5.733210668334417
2.514585000002876	5.733140910917708
2.5145860000028764	5.73307118687568
2.5145870000028765	5.733001496370824
2.5145880000028766	5.732931839565465
2.5145890000028768	5.732862216621889
2.514590000002877	5.732792627702304
2.514591000002877	5.732723072968831
2.514592000002877	5.73265355258348
2.5145930000028773	5.732584066708133
2.5145940000028775	5.732514615504506
2.5145950000028776	5.732445199134159
2.5145960000028778	5.732375817758433
2.514597000002878	5.732306471538461
2.514598000002878	5.73223716063513
2.514599000002878	5.7321678852090585
2.5146000000028783	5.732098645420582
2.5146010000028785	5.732029441429721
2.5146020000028786	5.731960273396159
2.5146030000028787	5.73189114147922
2.514604000002879	5.7318220458378475
2.514605000002879	5.731752986630569
2.514606000002879	5.731683964015493
2.5146070000028793	5.731614978150265
2.5146080000028794	5.731546029192054
2.5146090000028796	5.731477117297521
2.5146100000028797	5.731408242622801
2.51461100000288	5.731339405323484
2.51461200000288	5.731270605554578
2.51461300000288	5.731201843470471
2.5146140000028803	5.731133119224938
2.5146150000028804	5.731064432971103
2.5146160000028805	5.730995784861424
2.5146170000028807	5.730927175047642
2.514618000002881	5.730858603680781
2.514619000002881	5.730790070911122
2.514620000002881	5.730721576888158
2.5146210000028812	5.73065312176061
2.5146220000028814	5.730584705676363
2.5146230000028815	5.730516328782456
2.5146240000028817	5.7304479912250645
2.514625000002882	5.730379693149475
2.514626000002882	5.730311434700056
2.514627000002882	5.730243216020236
2.5146280000028822	5.730175037252483
2.5146290000028824	5.730106898538277
2.5146300000028825	5.730038800018099
2.5146310000028826	5.729970741831402
2.514632000002883	5.7299027241165845
2.514633000002883	5.729834747010967
2.514634000002883	5.729766810650791
2.514635000002883	5.72969891517121
2.5146360000028833	5.729631060706752
2.5146370000028835	5.729563247389868
2.5146380000028836	5.729495475351965
2.5146390000028838	5.729427744723484
2.514640000002884	5.729360055633645
2.514641000002884	5.729292408210446
2.514642000002884	5.729224802580627
2.5146430000028843	5.7291572388696625
2.5146440000028845	5.7290897172017115
2.5146450000028846	5.729022237699632
2.5146460000028847	5.728954800484944
2.514647000002885	5.728887405677827
2.514648000002885	5.7288200533970945
2.514649000002885	5.728752743760193
2.5146500000028853	5.72868547688317
2.5146510000028854	5.728618252880652
2.5146520000028856	5.728551071865822
2.5146530000028857	5.728483933950447
2.514654000002886	5.728416839244835
2.514655000002886	5.728349787857813
2.514656000002886	5.728282779896727
2.5146570000028863	5.728215815467423
2.5146580000028864	5.728148894674226
2.5146590000028866	5.728082017619952
2.5146600000028867	5.728015184405874
2.514661000002887	5.727948395131716
2.514662000002887	5.727881649895646
2.514663000002887	5.727814948794259
2.5146640000028873	5.727748291922567
2.5146650000028874	5.727681679373992
2.5146660000028875	5.727615111240362
2.5146670000028877	5.727548587611886
2.514668000002888	5.727482108577158
2.514669000002888	5.727415674223149
2.514670000002888	5.727349284635188
2.5146710000028882	5.727282939896959
2.5146720000028884	5.727216640090512
2.5146730000028885	5.727150385296216
2.5146740000028887	5.7270841755928
2.514675000002889	5.727018011057305
2.514676000002889	5.726951891765108
2.514677000002889	5.726885817789908
2.514678000002889	5.726819789203714
2.5146790000028894	5.726753806076853
2.5146800000028895	5.726687868477953
2.5146810000028896	5.726621976473946
2.5146820000028898	5.72655613013008
2.51468300000289	5.726490329509879
2.51468400000289	5.726424574675159
2.51468500000289	5.72635886568603
2.5146860000028903	5.726293202600898
2.5146870000028905	5.726227585476467
2.5146880000028906	5.726162014367708
2.5146890000028908	5.726096489327901
2.514690000002891	5.726031010408597
2.514691000002891	5.725965577659641
2.514692000002891	5.725900191129167
2.5146930000028913	5.725834850863588
2.5146940000028914	5.725769556907608
2.5146950000028916	5.72570430930422
2.5146960000028917	5.725639108094706
2.514697000002892	5.725573953318641
2.514698000002892	5.725508845013893
2.514699000002892	5.725443783216625
2.5147000000028923	5.725378767961305
2.5147010000028924	5.725313799280684
2.5147020000028926	5.725248877205834
2.5147030000028927	5.725184001766128
2.514704000002893	5.725119172989248
2.514705000002893	5.725054390901187
2.514706000002893	5.724989655526263
2.5147070000028933	5.724924966887106
2.5147080000028934	5.724860325004677
2.5147090000028935	5.724795729898272
2.5147100000028937	5.724731181585515
2.514711000002894	5.724666680082367
2.514712000002894	5.7246022254023625
2.514713000002894	5.724537817560949
2.5147140000028942	5.72447345656914
2.5147150000028944	5.724409142434311
2.5147160000028945	5.724344875164201
2.5147170000028947	5.7242806547649
2.514718000002895	5.724216481240915
2.514719000002895	5.724152354595126
2.514720000002895	5.724088274828795
2.5147210000028952	5.724024241941581
2.5147220000028954	5.723960255931544
2.5147230000028955	5.72389631679515
2.5147240000028956	5.723832424527285
2.514725000002896	5.723768579121259
2.514726000002896	5.723704780568804
2.514727000002896	5.723641028860102
2.514728000002896	5.72357732398377
2.5147290000028963	5.723513665926851
2.5147300000028965	5.723450054674866
2.5147310000028966	5.723386490211795
2.5147320000028968	5.723322972520084
2.514733000002897	5.723259501580669
2.514734000002897	5.723196077372952
2.514735000002897	5.72313269987485
2.5147360000028973	5.723069369062764
2.5147370000028975	5.723006084911605
2.5147380000028976	5.722942847394788
2.5147390000028977	5.722879656484262
2.514740000002898	5.722816512150504
2.514741000002898	5.722753414362517
2.514742000002898	5.722690363087854
2.5147430000028983	5.722627358292617
2.5147440000028984	5.722564399941462
2.5147450000028986	5.722501487997616
2.5147460000028987	5.722438622422877
2.514747000002899	5.72237580317762
2.514748000002899	5.722313030220809
2.514749000002899	5.72225030351
2.5147500000028993	5.722187623001355
2.5147510000028994	5.7221249886496475
2.5147520000028996	5.722062400408262
2.5147530000028997	5.72199985821062
2.5147540000029	5.721937362015286
2.5147550000029	5.721874911782421
2.5147560000029	5.721812507459951
2.5147570000029003	5.721750148994467
2.5147580000029004	5.721687836331209
2.5147590000029005	5.7216255694140905
2.5147600000029007	5.7215633481857
2.514761000002901	5.7215011725873035
2.514762000002901	5.721439042558862
2.514763000002901	5.721376958039029
2.5147640000029012	5.721314918965109
2.5147650000029014	5.721252925273196
2.5147660000029015	5.72119097689809
2.5147670000029017	5.7211290737733025
2.514768000002902	5.721067215831072
2.514769000002902	5.721005403002368
2.514770000002902	5.72094363521691
2.514771000002902	5.720881912403171
2.5147720000029024	5.720820234488382
2.5147730000029025	5.720758601398534
2.5147740000029026	5.720697013058395
2.5147750000029028	5.720635469391528
2.514776000002903	5.720573970320249
2.514777000002903	5.720512515765682
2.514778000002903	5.7204511056477445
2.5147790000029033	5.720389739885171
2.5147800000029035	5.720328418395499
2.5147810000029036	5.720267141095093
2.5147820000029038	5.720205907899137
2.514783000002904	5.720144718721656
2.514784000002904	5.720083573475514
2.514785000002904	5.720022472072421
2.5147860000029043	5.719961414422934
2.5147870000029044	5.719900400436476
2.5147880000029046	5.719839430021317
2.5147890000029047	5.719778503084626
2.514790000002905	5.719717619532458
2.514791000002905	5.719656779269733
2.514792000002905	5.719595982200286
2.5147930000029053	5.719535228226843
2.5147940000029054	5.7194745172510295
2.5147950000029056	5.719413849173396
2.5147960000029057	5.719353223893414
2.514797000002906	5.719292641309482
2.514798000002906	5.719232101318931
2.514799000002906	5.719171603818043
2.5148000000029063	5.719111148702041
2.5148010000029064	5.7190507358651015
2.5148020000029065	5.71899036520037
2.5148030000029067	5.718930036599981
2.514804000002907	5.71886974995503
2.514805000002907	5.718809505155606
2.514806000002907	5.7187493020907825
2.5148070000029072	5.718689140648641
2.5148080000029074	5.718629020716263
2.5148090000029075	5.718568942179748
2.5148100000029077	5.718508904920201
2.514811000002908	5.718448908822738
2.514812000002908	5.7183889537736015
2.514813000002908	5.718329039655066
2.5148140000029082	5.7182691663484295
2.5148150000029084	5.718209333734072
2.5148160000029085	5.718149541691437
2.5148170000029086	5.718089790099035
2.514818000002909	5.718030078834432
2.514819000002909	5.71797040777432
2.514820000002909	5.717910776794485
2.514821000002909	5.717851185769824
2.5148220000029093	5.717791634574342
2.5148230000029095	5.7177321230811815
2.5148240000029096	5.717672651162634
2.5148250000029098	5.717613218690108
2.51482600000291	5.717553825534184
2.51482700000291	5.717494471564615
2.51482800000291	5.717435156650306
2.5148290000029103	5.717375880659348
2.5148300000029105	5.717316643459015
2.5148310000029106	5.71725744491578
2.5148320000029107	5.717198284895326
2.514833000002911	5.717139163262544
2.514834000002911	5.717080079881564
2.514835000002911	5.717021034615736
2.5148360000029113	5.716962027327662
2.5148370000029114	5.716903057879183
2.5148380000029116	5.7168441261314165
2.5148390000029117	5.716785231944783
2.514840000002912	5.716726375178967
2.514841000002912	5.7166675556929265
2.514842000002912	5.716608773344905
2.5148430000029123	5.716550027992475
2.5148440000029124	5.716491319492532
2.5148450000029126	5.716432647701319
2.5148460000029127	5.716374012474389
2.514847000002913	5.716315413666674
2.514848000002913	5.716256851132481
2.514849000002913	5.716198324725475
2.5148500000029133	5.716139834298707
2.5148510000029134	5.716081379704618
2.5148520000029135	5.716022960795059
2.5148530000029137	5.715964577421292
2.514854000002914	5.715906229434003
2.514855000002914	5.71584791668332
2.514856000002914	5.715789639018818
2.5148570000029142	5.71573139628952
2.5148580000029144	5.715673188343924
2.5148590000029145	5.715615015030012
2.5148600000029147	5.715556876195257
2.514861000002915	5.715498771686629
2.514862000002915	5.715440701350606
2.514863000002915	5.715382665033201
2.514864000002915	5.715324662579948
2.5148650000029154	5.71526669383594
2.5148660000029155	5.71520875864587
2.5148670000029156	5.71515085685391
2.5148680000029158	5.715092988303808
2.514869000002916	5.715035152838935
2.514870000002916	5.714977350302268
2.514871000002916	5.714919580536392
2.5148720000029163	5.71486184338354
2.5148730000029165	5.714804138685534
2.5148740000029166	5.7147464662838345
2.5148750000029167	5.714688826019576
2.514876000002917	5.71463121773355
2.514877000002917	5.714573641266239
2.514878000002917	5.714516096457799
2.5148790000029173	5.714458583148077
2.5148800000029174	5.714401101176637
2.5148810000029176	5.7143436503827605
2.5148820000029177	5.71428623060546
2.514883000002918	5.714228841683529
2.514884000002918	5.7141714834554715
2.514885000002918	5.714114155759462
2.5148860000029183	5.714056858433544
2.5148870000029184	5.71399959131557
2.5148880000029186	5.713942354243339
2.5148890000029187	5.713885147054241
2.514890000002919	5.713827969585298
2.514891000002919	5.7137708216735525
2.514892000002919	5.713713703155842
2.5148930000029193	5.7136566138688885
2.5148940000029194	5.713599553649278
2.5148950000029195	5.7135425223334355
2.5148960000029197	5.713485519757651
2.51489700000292	5.713428545758104
2.51489800000292	5.713371600170855
2.51489900000292	5.713314682831865
2.5149000000029202	5.713257793577016
2.5149010000029204	5.7132009322420965
2.5149020000029205	5.713144098662818
2.5149030000029207	5.71308729267484
2.514904000002921	5.713030514113751
2.514905000002921	5.712973762815109
2.514906000002921	5.712917038614422
2.5149070000029212	5.712860341347154
2.5149080000029214	5.712803670848768
2.5149090000029215	5.7127470269547205
2.5149100000029216	5.712690409500469
2.514911000002922	5.712633818321435
2.514912000002922	5.7125772532530625
2.514913000002922	5.71252071413084
2.514914000002922	5.712464200790271
2.5149150000029223	5.712407713066958
2.5149160000029225	5.71235125079644
2.5149170000029226	5.712294813814289
2.5149180000029228	5.712238401956188
2.514919000002923	5.7121820150578735
2.514920000002923	5.712125652955147
2.514921000002923	5.712069315483886
2.5149220000029233	5.712013002480045
2.5149230000029235	5.7119567137796805
2.5149240000029236	5.711900449218945
2.5149250000029237	5.711844208663829
2.514926000002924	5.711787991936828
2.514927000002924	5.711731798858218
2.514928000002924	5.711675629264577
2.5149290000029243	5.711619482992605
2.5149300000029244	5.711563359879115
2.5149310000029246	5.711507259761084
2.5149320000029247	5.711451182475605
2.514933000002925	5.711395127859929
2.514934000002925	5.711339095751454
2.514935000002925	5.711283085987732
2.5149360000029253	5.7112270984064395
2.5149370000029254	5.7111711328454735
2.5149380000029256	5.7111151891429
2.5149390000029257	5.711059267136941
2.514940000002926	5.711003366665997
2.514941000002926	5.710947487568642
2.514942000002926	5.710891629683645
2.5149430000029263	5.7108357928499505
2.5149440000029264	5.710779976906706
2.5149450000029265	5.710724181693259
2.5149460000029267	5.710668407049141
2.514947000002927	5.710612652814114
2.514948000002927	5.710556918828087
2.514949000002927	5.710501204931227
2.5149500000029272	5.710445510963903
2.5149510000029274	5.710389836766695
2.5149520000029275	5.710334182180401
2.5149530000029277	5.710278547046039
2.514954000002928	5.710222931204842
2.514955000002928	5.710167334498272
2.514956000002928	5.710111756768019
2.514957000002928	5.710056197855995
2.5149580000029284	5.710000657604342
2.5149590000029285	5.709945135855436
2.5149600000029286	5.709889632451883
2.5149610000029288	5.709834147236528
2.514962000002929	5.7097786800524375
2.514963000002929	5.709723230742924
2.514964000002929	5.709667799151554
2.5149650000029293	5.709612385122121
2.5149660000029295	5.7095569884986475
2.5149670000029296	5.709501609125418
2.5149680000029297	5.70944624684695
2.51496900000293	5.709390901507993
2.51497000000293	5.709335572953551
2.51497100000293	5.7092802610288675
2.5149720000029303	5.70922496557944
2.5149730000029304	5.709169686451004
2.5149740000029306	5.709114423489534
2.5149750000029307	5.709059176541258
2.514976000002931	5.709003945452647
2.514977000002931	5.70894873007041
2.514978000002931	5.708893530241509
2.5149790000029313	5.708838345813152
2.5149800000029314	5.708783176632793
2.5149810000029316	5.708728022548111
2.5149820000029317	5.708672883407068
2.514983000002932	5.708617759057822
2.514984000002932	5.708562649348801
2.514985000002932	5.708507554128679
2.5149860000029323	5.708452473246357
2.5149870000029324	5.708397406550994
2.5149880000029325	5.708342353891981
2.5149890000029327	5.708287315118947
2.514990000002933	5.708232290081765
2.514991000002933	5.708177278630548
2.514992000002933	5.708122280615638
2.5149930000029332	5.708067295887618
2.5149940000029334	5.708012324297307
2.5149950000029335	5.707957365695759
2.5149960000029337	5.707902419934254
2.514997000002934	5.707847486864312
2.514998000002934	5.707792566337675
2.514999000002934	5.707737658206322
2.515000000002934	5.707682762322455
2.5150010000029344	5.707627878538506
2.5150020000029345	5.707573006707131
2.5150030000029346	5.70751814668121
2.515004000002935	5.707463298313846
2.515005000002935	5.707408461458363
2.515006000002935	5.707353635968307
2.515007000002935	5.707298821697441
2.5150080000029353	5.7072440184997415
2.5150090000029355	5.707189226229403
2.5150100000029356	5.707134444740836
2.5150110000029358	5.707079673888665
2.515012000002936	5.707024913527725
2.515013000002936	5.706970163511412
2.515014000002936	5.706915423696071
2.5150150000029363	5.706860693937966
2.5150160000029365	5.70680597409275
2.5150170000029366	5.706751264016296
2.5150180000029367	5.706696563564672
2.515019000002937	5.706641872594126
2.515020000002937	5.706587190961121
2.515021000002937	5.70653251852232
2.5150220000029373	5.706477855134573
2.5150230000029374	5.706423200654936
2.5150240000029376	5.706368554940641
2.5150250000029377	5.706313917849134
2.515026000002938	5.7062592892380355
2.515027000002938	5.70620466896514
2.515028000002938	5.706150056888443
2.5150290000029383	5.706095452866127
2.5150300000029384	5.706040856756552
2.5150310000029386	5.705986268418265
2.5150320000029387	5.705931687709982
2.515033000002939	5.705877114490606
2.515034000002939	5.705822548619212
2.515035000002939	5.705767989955053
2.5150360000029393	5.705713438357556
2.5150370000029394	5.70565889368632
2.5150380000029395	5.705604355801109
2.5150390000029397	5.705549824561862
2.51504000000294	5.705495299828688
2.51504100000294	5.705440781461851
2.51504200000294	5.705386269321789
2.5150430000029402	5.705331763269106
2.5150440000029404	5.705277263164553
2.5150450000029405	5.705222768869055
2.5150460000029407	5.705168280243689
2.515047000002941	5.70511379714971
2.515048000002941	5.705059319448507
2.515049000002941	5.705004847001609
2.515050000002941	5.7049503796707075
2.5150510000029414	5.704895917317656
2.5150520000029415	5.704841459804441
2.5150530000029416	5.704787006993217
2.5150540000029418	5.70473255874627
2.515055000002942	5.7046781149260255
2.515056000002942	5.704623675395071
2.515057000002942	5.704569240016133
2.5150580000029423	5.70451480865207
2.5150590000029425	5.704460381165887
2.5150600000029426	5.704405957420714
2.5150610000029427	5.7043515372798215
2.515062000002943	5.704297120606611
2.515063000002943	5.704242707264627
2.515064000002943	5.704188297117539
2.5150650000029433	5.704133890029136
2.5150660000029434	5.704079485863343
2.5150670000029436	5.704025084484209
2.5150680000029437	5.703970685755902
2.515069000002944	5.703916289542713
2.515070000002944	5.7038618957090526
2.515071000002944	5.7038075041194505
2.5150720000029443	5.703753114638553
2.5150730000029444	5.703698727131109
2.5150740000029446	5.703644341461996
2.5150750000029447	5.703589957496183
2.515076000002945	5.70353557509876
2.515077000002945	5.703481194134919
2.515078000002945	5.7034268144699505
2.5150790000029453	5.703372435969251
2.5150800000029454	5.703318058498311
2.5150810000029455	5.703263681922718
2.5150820000029457	5.703209306108157
2.515083000002946	5.703154930920397
2.515084000002946	5.703100556225293
2.515085000002946	5.703046181888793
2.5150860000029462	5.702991807776941
2.5150870000029464	5.70293743375584
2.5150880000029465	5.702883059691685
2.5150890000029467	5.702828685450733
2.515090000002947	5.702774310899325
2.515091000002947	5.7027199359038665
2.515092000002947	5.702665560330833
2.515093000002947	5.70261118404676
2.5150940000029474	5.7025568069182455
2.5150950000029475	5.7025024288119415
2.5150960000029476	5.702448049594552
2.515097000002948	5.702393669132833
2.515098000002948	5.702339287293591
2.515099000002948	5.7022849039436645
2.515100000002948	5.702230518949944
2.5151010000029483	5.702176132179352
2.5151020000029485	5.7021217434988385
2.5151030000029486	5.702067352775385
2.5151040000029488	5.702012959875999
2.515105000002949	5.701958564667709
2.515106000002949	5.701904167017554
2.515107000002949	5.701849766789723
2.5151080000029493	5.701795363853051
2.5151090000029495	5.7017409580757965
2.5151100000029496	5.701686549325021
2.5151110000029497	5.701632137467783
2.51511200000295	5.701577722371137
2.51511300000295	5.701523303902119
2.51511400000295	5.701468881927755
2.5151150000029503	5.701414456337607
2.5151160000029504	5.701360026981577
2.5151170000029506	5.7013055937213775
2.5151180000029507	5.701251156423706
2.515119000002951	5.701196714955415
2.515120000002951	5.701142269183305
2.515121000002951	5.701087818974128
2.5151220000029513	5.701033364194588
2.5151230000029514	5.700978904711312
2.5151240000029516	5.700924440390864
2.5151250000029517	5.700869971099732
2.515126000002952	5.7008154967043385
2.515127000002952	5.70076101707101
2.515128000002952	5.700706532065986
2.5151290000029523	5.7006520415553785
2.5151300000029524	5.700597545405239
2.5151310000029525	5.700543043481565
2.5151320000029527	5.700488535650164
2.515133000002953	5.700434021776762
2.515134000002953	5.700379501726948
2.515135000002953	5.700324975366192
2.5151360000029532	5.7002704425598285
2.5151370000029534	5.700215903173062
2.5151380000029535	5.700161357070959
2.5151390000029537	5.700106804118384
2.515140000002954	5.700052244180101
2.515141000002954	5.699997677120702
2.515142000002954	5.699943102804603
2.515143000002954	5.699888521096048
2.5151440000029543	5.699833931859109
2.5151450000029545	5.69977933495768
2.5151460000029546	5.699724730255456
2.5151470000029548	5.699670117615961
2.515148000002955	5.699615496902491
2.515149000002955	5.699560867978146
2.515150000002955	5.6995062307058175
2.5151510000029553	5.699451584948553
2.5151520000029555	5.699396930568798
2.5151530000029556	5.699342267428405
2.5151540000029557	5.6992875953893725
2.515155000002956	5.699232914313468
2.515156000002956	5.699178224062221
2.515157000002956	5.6991235244968985
2.5151580000029563	5.699068815478528
2.5151590000029564	5.699014096867881
2.5151600000029566	5.698959368525463
2.5151610000029567	5.698904630311519
2.515162000002957	5.698849882086019
2.515163000002957	5.6987951237086705
2.515164000002957	5.698740355038901
2.5151650000029573	5.698685575935846
2.5151660000029574	5.698630786258358
2.5151670000029576	5.698575985865008
2.5151680000029577	5.698521174614069
2.515169000002958	5.698466352363514
2.515170000002958	5.6984115189710165
2.515171000002958	5.6983566742939535
2.5151720000029583	5.698301818189359
2.5151730000029584	5.698246950513995
2.5151740000029585	5.698192071124327
2.5151750000029587	5.69813717987917
2.515176000002959	5.698082276629719
2.515177000002959	5.698027361233242
2.515178000002959	5.697972433544922
2.5151790000029592	5.697917493419603
2.5151800000029594	5.697862540711793
2.5151810000029595	5.697807575275691
2.5151820000029597	5.697752596965154
2.51518300000296	5.697697605633713
2.51518400000296	5.697642601134566
2.51518500000296	5.6975875833205905
2.51518600000296	5.697532552044324
2.5151870000029604	5.697477507157937
2.5151880000029605	5.697422448513316
2.5151890000029606	5.697367375962043
2.515190000002961	5.697312289355326
2.515191000002961	5.697257188544044
2.515192000002961	5.697202073378751
2.515193000002961	5.697146943709677
2.5151940000029613	5.697091799386726
2.5151950000029615	5.697036640259471
2.5151960000029616	5.696981466177169
2.5151970000029618	5.696926276988752
2.515198000002962	5.696871072542832
2.515199000002962	5.696815852687703
2.515200000002962	5.696760617271358
2.5152010000029623	5.696705366141469
2.5152020000029625	5.696650099145406
2.5152030000029626	5.696594816130234
2.5152040000029627	5.696539516942727
2.515205000002963	5.6964842014293575
2.515206000002963	5.696428869436308
2.515207000002963	5.69637352080948
2.5152080000029633	5.696318155394492
2.5152090000029634	5.696262773025857
2.5152100000029636	5.696207373554356
2.5152110000029637	5.69615195683005
2.515212000002964	5.696096522697499
2.515213000002964	5.6960410710010185
2.515214000002964	5.695985601584677
2.5152150000029643	5.6959301142923024
2.5152160000029644	5.695874608967496
2.5152170000029646	5.6958190854536435
2.5152180000029647	5.695763543579553
2.515219000002965	5.695707983205808
2.515220000002965	5.695652404171577
2.515221000002965	5.695596806319399
2.5152220000029653	5.695541189491668
2.5152230000029654	5.69548555353061
2.5152240000029655	5.695429898278292
2.5152250000029657	5.695374223576609
2.515226000002966	5.695318529267333
2.515227000002966	5.6952628151921
2.515228000002966	5.695207081192412
2.5152290000029662	5.695151327109662
2.5152300000029664	5.695095552785144
2.5152310000029665	5.695039758060059
2.5152320000029667	5.694983942775527
2.515233000002967	5.694928106772592
2.515234000002967	5.694872249892254
2.515235000002967	5.694816371975459
2.515236000002967	5.694760472863112
2.5152370000029673	5.694704552396104
2.5152380000029675	5.694648610415377
2.5152390000029676	5.6945926467617864
2.5152400000029678	5.694536661276216
2.515241000002968	5.694480653799593
2.515242000002968	5.6944246241728855
2.515243000002968	5.694368572237134
2.5152440000029683	5.694312497833434
2.5152450000029685	5.69425640080296
2.5152460000029686	5.694200280986994
2.5152470000029687	5.694144138226923
2.515248000002969	5.694087972364257
2.515249000002969	5.6940317832406455
2.515250000002969	5.693975570697884
2.5152510000029693	5.693919334577947
2.5152520000029694	5.6938630747229855
2.5152530000029696	5.693806790975349
2.5152540000029697	5.693750483177592
2.51525500000297	5.693694151172497
2.51525600000297	5.69363779480309
2.51525700000297	5.693581413912659
2.5152580000029703	5.693525008344749
2.5152590000029704	5.693468577943192
2.5152600000029706	5.6934121225521235
2.5152610000029707	5.693355642015998
2.515262000002971	5.693299136179595
2.515263000002971	5.693242604888055
2.515264000002971	5.693186047986865
2.5152650000029713	5.693129465321904
2.5152660000029714	5.693072856739432
2.5152670000029715	5.693016222086127
2.5152680000029717	5.692959561209089
2.515269000002972	5.692902873955854
2.515270000002972	5.692846160174367
2.515271000002972	5.692789419713053
2.5152720000029722	5.69273265242095
2.5152730000029724	5.692675858147501
2.5152740000029725	5.692619036742678
2.5152750000029727	5.692562188056978
2.515276000002973	5.69250531194145
2.515277000002973	5.692448408247701
2.515278000002973	5.692391476827923
2.515279000002973	5.6923345175348885
2.5152800000029734	5.692277530221986
2.5152810000029735	5.692220514743228
2.5152820000029736	5.692163470953254
2.515283000002974	5.6921063987073754
2.515284000002974	5.692049297861553
2.515285000002974	5.691992168272425
2.515286000002974	5.691935009797338
2.5152870000029743	5.691877822294345
2.5152880000029745	5.691820605622233
2.5152890000029746	5.6917633596404995
2.5152900000029748	5.691706084209419
2.515291000002975	5.691648779190021
2.515292000002975	5.691591444444127
2.515293000002975	5.69153407983433
2.5152940000029753	5.6914766852240595
2.5152950000029755	5.691419260477544
2.5152960000029756	5.691361805459844
2.5152970000029757	5.691304320036881
2.515298000002976	5.691246804075419
2.515299000002976	5.691189257443111
2.515300000002976	5.691131680008472
2.5153010000029763	5.691074071640934
2.5153020000029764	5.691016432210814
2.5153030000029766	5.690958761589377
2.5153040000029767	5.690901059648799
2.515305000002977	5.690843326262192
2.515306000002977	5.690785561303638
2.515307000002977	5.6907277646481935
2.5153080000029773	5.690669936171879
2.5153090000029774	5.6906120757517025
2.5153100000029776	5.690554183265672
2.5153110000029777	5.6904962585927965
2.515312000002978	5.690438301613094
2.515313000002978	5.690380312207633
2.515314000002978	5.6903222902585
2.5153150000029783	5.690264235648777
2.5153160000029784	5.690206148262688
2.5153170000029785	5.690148027985526
2.5153180000029787	5.69008987470361
2.515319000002979	5.690031688304356
2.515320000002979	5.6899734686762775
2.515321000002979	5.689915215708974
2.5153220000029792	5.689856929293157
2.5153230000029794	5.689798609320652
2.5153240000029795	5.6897402556844066
2.5153250000029796	5.689681868278476
2.51532600000298	5.689623446998068
2.51532700000298	5.689564991739532
2.51532800000298	5.689506502400359
2.51532900000298	5.6894479788792065
2.5153300000029803	5.689389421075875
2.5153310000029805	5.689330828891341
2.5153320000029806	5.689272202227756
2.5153330000029808	5.689213540988443
2.515334000002981	5.689154845077907
2.515335000002981	5.689096114401845
2.515336000002981	5.689037348867153
2.5153370000029813	5.688978548381906
2.5153380000029815	5.688919712855389
2.5153390000029816	5.688860842198087
2.5153400000029817	5.688801936321694
2.515341000002982	5.688742995139123
2.515342000002982	5.688684018564494
2.515343000002982	5.6886250065131545
2.5153440000029823	5.688565958901671
2.5153450000029824	5.6885068756209
2.5153460000029826	5.688447756627104
2.5153470000029827	5.688388601829117
2.515348000002983	5.688329411160574
2.515349000002983	5.688270184522154
2.515350000002983	5.688210921842734
2.5153510000029833	5.688151623053719
2.5153520000029834	5.688092288081493
2.5153530000029836	5.688032916853734
2.5153540000029837	5.687973509299393
2.515355000002984	5.687914065348648
2.515356000002984	5.687854584932916
2.515357000002984	5.687795067984861
2.5153580000029843	5.687735514438392
2.5153590000029844	5.687675924228657
2.5153600000029845	5.687616297292058
2.5153610000029847	5.687556633566235
2.515362000002985	5.687496932983404
2.515363000002985	5.687437195481281
2.515364000002985	5.6873774210102885
2.5153650000029852	5.68731760951294
2.5153660000029854	5.687257760933093
2.5153670000029855	5.6871978752159125
2.5153680000029857	5.68713795230774
2.515369000002986	5.687077992156148
2.515370000002986	5.687017994709958
2.515371000002986	5.686957959919231
2.515372000002986	5.686897887735258
2.5153730000029864	5.68683777811058
2.5153740000029865	5.686777630998955
2.5153750000029866	5.6867174463553924
2.515376000002987	5.686657224136118
2.515377000002987	5.686596964298601
2.515378000002987	5.686536666801528
2.515379000002987	5.686476331615951
2.5153800000029873	5.6864159586970615
2.5153810000029875	5.686355548001924
2.5153820000029876	5.686295099494122
2.5153830000029878	5.686234613138452
2.515384000002988	5.686174088900919
2.515385000002988	5.686113526748738
2.515386000002988	5.686052926650335
2.5153870000029883	5.685992288575352
2.5153880000029885	5.685931612494652
2.5153890000029886	5.685870898380292
2.5153900000029887	5.68581014620554
2.515391000002989	5.685749355944858
2.515392000002989	5.685688527573903
2.515393000002989	5.685627661069536
2.5153940000029893	5.685566756409805
2.5153950000029894	5.685505813573958
2.5153960000029896	5.685444832542412
2.5153970000029897	5.6853838132968075
2.51539800000299	5.685322755819943
2.51539900000299	5.685261660095809
2.51540000000299	5.685200526109574
2.5154010000029903	5.685139353847584
2.5154020000029904	5.685078143297373
2.5154030000029906	5.685016894447637
2.5154040000029907	5.684955607288253
2.515405000002991	5.684894281810265
2.515406000002991	5.684832918005884
2.515407000002991	5.6847715158684915
2.5154080000029913	5.68471007539264
2.5154090000029914	5.684648596574034
2.5154100000029915	5.684587079409546
2.5154110000029917	5.684525523897214
2.515412000002992	5.68446393003623
2.515413000002992	5.684402297826944
2.515414000002992	5.684340627270862
2.5154150000029922	5.684278918370729
2.5154160000029924	5.684217171130362
2.5154170000029925	5.684155385554658
2.5154180000029926	5.684093561650832
2.515419000002993	5.684031699426497
2.515420000002993	5.68396979888865
2.515421000002993	5.683907860046873
2.515422000002993	5.683845882911888
2.5154230000029933	5.68378386751753
2.5154240000029935	5.683721813866162
2.5154250000029936	5.683659721960807
2.5154260000029938	5.683597591816766
2.515427000002994	5.683535423450491
2.515428000002994	5.683473216879619
2.515429000002994	5.683410972122913
2.5154300000029943	5.68334868920029
2.5154310000029945	5.6832863681328085
2.5154320000029946	5.6832240089426875
2.5154330000029947	5.683161611653287
2.515434000002995	5.683099176289126
2.515435000002995	5.683036702875867
2.515436000002995	5.682974191440336
2.5154370000029953	5.682911642010504
2.5154380000029954	5.6828490546155
2.5154390000029956	5.682786429285611
2.5154400000029957	5.6827237660522805
2.515441000002996	5.6826610649481095
2.515442000002996	5.682598326006868
2.515443000002996	5.682535549263472
2.5154440000029963	5.682472734754015
2.5154450000029964	5.682409882515756
2.5154460000029966	5.682346992587112
2.5154470000029967	5.6822840650076785
2.515448000002997	5.682221099818219
2.515449000002997	5.682158097060666
2.515450000002997	5.682095056778136
2.5154510000029973	5.6820319790149165
2.5154520000029974	5.6819688638164845
2.5154530000029975	5.681905711229485
2.5154540000029977	5.681842521301755
2.515455000002998	5.681779294082328
2.515456000002998	5.681716029621414
2.515457000002998	5.681652727970416
2.5154580000029982	5.681589389181943
2.5154590000029984	5.681526013309788
2.5154600000029985	5.68146260040895
2.5154610000029987	5.681399150535634
2.515462000002999	5.681335663747239
2.515463000002999	5.6812721401023865
2.515464000002999	5.681208579660891
2.515465000002999	5.681144982483797
2.5154660000029994	5.681081348633352
2.5154670000029995	5.681017678173028
2.5154680000029996	5.680953971167519
2.5154690000029998	5.680890227682732
2.515470000003	5.680826447785808
2.515471000003	5.680762631545117
2.515472000003	5.680698779030255
2.5154730000030003	5.680634890312056
2.5154740000030005	5.6805709654625804
2.5154750000030006	5.68050700455513
2.5154760000030008	5.680443007664258
2.515477000003001	5.680378974865739
2.515478000003001	5.680314906236603
2.515479000003001	5.680250801855121
2.5154800000030013	5.680186661800819
2.5154810000030015	5.68012248615446
2.5154820000030016	5.680058274998063
2.5154830000030017	5.6799940284149
2.515484000003002	5.679929746489493
2.515485000003002	5.679865429307621
2.515486000003002	5.679801076956321
2.5154870000030023	5.679736689523878
2.5154880000030024	5.679672267099802
2.5154890000030026	5.679607809774936
2.5154900000030027	5.679543317641337
2.515491000003003	5.679478790792336
2.515492000003003	5.679414229322511
2.515493000003003	5.679349633327698
2.5154940000030033	5.679285002904995
2.5154950000030034	5.679220338152759
2.5154960000030036	5.6791556391706015
2.5154970000030037	5.6790909060593915
2.515498000003004	5.679026138921255
2.515499000003004	5.67896133785957
2.515500000003004	5.6788965029588745
2.5155010000030043	5.678831634353785
2.5155020000030044	5.678766732134018
2.5155030000030045	5.678701796405269
2.5155040000030047	5.678636827288514
2.515505000003005	5.67857182489461
2.515506000003005	5.678506789335681
2.515507000003005	5.6784417207250755
2.5155080000030052	5.678376619177377
2.5155090000030054	5.678311484808414
2.5155100000030055	5.678246317735226
2.5155110000030056	5.678181118076087
2.515512000003006	5.678115885950488
2.515513000003006	5.678050621479135
2.515514000003006	5.6779853247839425
2.515515000003006	5.677919995988035
2.5155160000030063	5.677854635215736
2.5155170000030065	5.677789242592565
2.5155180000030066	5.677723818245235
2.5155190000030068	5.677658362301639
2.515520000003007	5.677592874890853
2.515521000003007	5.677527356143125
2.515522000003007	5.67746180618987
2.5155230000030073	5.67739622516366
2.5155240000030075	5.677330613198224
2.5155250000030076	5.677264970428431
2.5155260000030077	5.677199296990304
2.515527000003008	5.677133593020978
2.515528000003008	5.677067858658723
2.515529000003008	5.677002094042917
2.5155300000030083	5.67693629931405
2.5155310000030084	5.676870474613715
2.5155320000030086	5.676804620084587
2.5155330000030087	5.676738735870431
2.515534000003009	5.67667282211608
2.515535000003009	5.6766068789674335
2.515536000003009	5.676540906571442
2.5155370000030093	5.676474905076105
2.5155380000030094	5.676408874630458
2.5155390000030096	5.676342815384553
2.5155400000030097	5.67627672748947
2.51554100000301	5.676210611097286
2.51554200000301	5.676144466361082
2.51554300000301	5.67607829343491
2.5155440000030103	5.6760120924738064
2.5155450000030104	5.6759458636337685
2.5155460000030105	5.67587960707174
2.5155470000030107	5.675813322945609
2.515548000003011	5.675747011414204
2.515549000003011	5.675680672637264
2.515550000003011	5.675614306775427
2.5155510000030112	5.675547913990244
2.5155520000030114	5.675481494444133
2.5155530000030115	5.675415048300406
2.5155540000030117	5.675348575723221
2.515555000003012	5.675282076877583
2.515556000003012	5.675215551929352
2.515557000003012	5.675149001045195
2.515558000003012	5.675082424392603
2.5155590000030124	5.67501582213987
2.5155600000030125	5.674949194456077
2.5155610000030126	5.674882541511083
2.5155620000030128	5.674815863475469
2.515563000003013	5.674749160520631
2.515564000003013	5.674682432818718
2.515565000003013	5.674615680542588
2.5155660000030133	5.674548903865803
2.5155670000030135	5.674482102962647
2.5155680000030136	5.674415278008082
2.5155690000030138	5.67434842917776
2.515570000003014	5.67428155663988
2.515571000003014	5.674214660571804
2.515572000003014	5.674147741159116
2.5155730000030143	5.6740807985800235
2.5155740000030145	5.674013833013413
2.5155750000030146	5.6739468446387855
2.5155760000030147	5.673879833636239
2.515577000003015	5.673812800186458
2.515578000003015	5.673745744470714
2.515579000003015	5.673678666670841
2.5155800000030153	5.673611566969227
2.5155810000030154	5.673544445548809
2.5155820000030156	5.67347730259305
2.5155830000030157	5.673410138285945
2.515584000003016	5.673342952811992
2.515585000003016	5.673275746356206
2.515586000003016	5.673208519104076
2.5155870000030163	5.673141271241595
2.5155880000030164	5.673074002955207
2.5155890000030166	5.673006714431837
2.5155900000030167	5.672939405858851
2.515591000003017	5.672872077424057
2.515592000003017	5.672804729315707
2.515593000003017	5.6727373617224695
2.5155940000030172	5.672669974833439
2.5155950000030174	5.6726025688381165
2.5155960000030175	5.672535143926393
2.5155970000030177	5.672467700288563
2.515598000003018	5.672400238115298
2.515599000003018	5.672332757597647
2.515600000003018	5.672265258927028
2.5156010000030182	5.672197742295224
2.5156020000030184	5.672130207894368
2.5156030000030185	5.672062655916932
2.5156040000030186	5.671995086555761
2.515605000003019	5.671927500003998
2.515606000003019	5.67185989645061
2.515607000003019	5.671792276094109
2.515608000003019	5.671724639128164
2.5156090000030193	5.6716569857476795
2.5156100000030195	5.671589316146926
2.5156110000030196	5.671521630516914
2.5156120000030198	5.671453929057207
2.51561300000302	5.671386211963451
2.51561400000302	5.671318479431576
2.51561500000302	5.671250731657773
2.5156160000030203	5.671182968838546
2.5156170000030205	5.671115191170664
2.5156180000030206	5.671047398851166
2.5156190000030207	5.670979592077352
2.515620000003021	5.6709117710468
2.515621000003021	5.670843935957358
2.515622000003021	5.670776087007138
2.5156230000030213	5.6707082243945175
2.5156240000030214	5.670640348318124
2.5156250000030216	5.670572458976863
2.5156260000030217	5.670504556569882
2.515627000003022	5.670436641296594
2.515628000003022	5.670368713356675
2.515629000003022	5.670300772950048
2.5156300000030223	5.670232820276893
2.5156310000030224	5.670164855537651
2.5156320000030226	5.670096878933023
2.5156330000030227	5.670028890663964
2.515634000003023	5.669960890931682
2.515635000003023	5.66989287993765
2.515636000003023	5.669824857883606
2.5156370000030233	5.66975682497154
2.5156380000030234	5.669688781403709
2.5156390000030235	5.669620727364747
2.5156400000030237	5.669552663083116
2.515641000003024	5.669484588746112
2.515642000003024	5.669416504554928
2.515643000003024	5.669348410723106
2.5156440000030242	5.669280307454533
2.5156450000030244	5.66921219495338
2.5156460000030245	5.669144073424102
2.5156470000030247	5.669075943071437
2.515648000003025	5.669007804100418
2.515649000003025	5.6689396567163675
2.515650000003025	5.668871501124908
2.515651000003025	5.668803337531953
2.5156520000030254	5.668735166143731
2.5156530000030255	5.6686669871667785
2.5156540000030256	5.668598800807942
2.5156550000030258	5.6685306072743895
2.515656000003026	5.668462406773593
2.515657000003026	5.668394199513368
2.515658000003026	5.668325985701844
2.5156590000030263	5.668257765547502
2.5156600000030265	5.668189539259153
2.5156610000030266	5.668121307045948
2.5156620000030268	5.668053069117401
2.515663000003027	5.667984825683365
2.515664000003027	5.6679165769540605
2.515665000003027	5.667848323140065
2.5156660000030273	5.667780064452335
2.5156670000030275	5.6677118011021825
2.5156680000030276	5.66764353330131
2.5156690000030277	5.667575261261804
2.515670000003028	5.667506985196148
2.515671000003028	5.667438705317199
2.515672000003028	5.6673704218382275
2.5156730000030283	5.667302134972897
2.5156740000030284	5.667233844935316
2.5156750000030286	5.667165551939962
2.5156760000030287	5.667097256201721
2.515677000003029	5.667028957935935
2.515678000003029	5.666960657358348
2.515679000003029	5.666892354685132
2.5156800000030293	5.666824050132924
2.5156810000030294	5.666755743918776
2.5156820000030296	5.666687436260197
2.5156830000030297	5.66661912737514
2.51568400000303	5.666550817482011
2.51568500000303	5.666482506799677
2.51568600000303	5.666414195547461
2.5156870000030302	5.666345883945158
2.5156880000030304	5.666277572213009
2.5156890000030305	5.666209260571752
2.5156900000030307	5.666140949242579
2.515691000003031	5.666072638447174
2.515692000003031	5.666004328407694
2.515693000003031	5.665936019346774
2.5156940000030312	5.665867711487543
2.5156950000030314	5.6657994050536304
2.5156960000030315	5.6657311002691335
2.5156970000030316	5.665662797358636
2.515698000003032	5.665594496547241
2.515699000003032	5.66552619806054
2.515700000003032	5.665457902124588
2.515701000003032	5.665389608965964
2.5157020000030323	5.665321318811737
2.5157030000030325	5.665253031889483
2.5157040000030326	5.665184748427277
2.5157050000030328	5.665116468653685
2.515706000003033	5.66504819279778
2.515707000003033	5.664979921089129
2.515708000003033	5.664911653757798
2.5157090000030333	5.664843391034351
2.5157100000030335	5.664775133149909
2.5157110000030336	5.664706880335997
2.5157120000030337	5.664638632824633
2.515713000003034	5.66457039084835
2.515714000003034	5.6645021546401715
2.515715000003034	5.664433924433611
2.5157160000030343	5.664365700462663
2.5157170000030344	5.664297482961801
2.5157180000030346	5.664229272165979
2.5157190000030347	5.664161068310618
2.515720000003035	5.66409287163161
2.515721000003035	5.664024682365312
2.515722000003035	5.66395650074854
2.5157230000030353	5.66388832701857
2.5157240000030354	5.663820161413119
2.5157250000030356	5.663752004170356
2.5157260000030357	5.66368385552889
2.515727000003036	5.6636157157277145
2.515728000003036	5.663547585006359
2.515729000003036	5.663479463604664
2.5157300000030363	5.6634113517629086
2.5157310000030364	5.663343249721834
2.5157320000030365	5.663275157722551
2.5157330000030367	5.66320707600655
2.515734000003037	5.663139004815714
2.515735000003037	5.663070944392292
2.515736000003037	5.663002894979109
2.5157370000030372	5.662934856819152
2.5157380000030374	5.662866830155529
2.5157390000030375	5.662798815231908
2.5157400000030377	5.662730812292281
2.515741000003038	5.662662821580957
2.515742000003038	5.662594843342559
2.515743000003038	5.662526877822018
2.515744000003038	5.662458925264548
2.5157450000030384	5.662390985915637
2.5157460000030385	5.662323060021048
2.5157470000030386	5.662255147826638
2.5157480000030388	5.662187249578604
2.515749000003039	5.662119365523798
2.515750000003039	5.662051495908923
2.515751000003039	5.661983640980759
2.5157520000030393	5.661915800986416
2.5157530000030395	5.6618479761732
2.5157540000030396	5.661780166788583
2.5157550000030398	5.661712373080193
2.51575600000304	5.661644595295811
2.51575700000304	5.661576833683337
2.51575800000304	5.661509088490802
2.5157590000030403	5.661441359966123
2.5157600000030405	5.661373648357553
2.5157610000030406	5.661305953913583
2.5157620000030407	5.661238276882583
2.515763000003041	5.661170617512972
2.515764000003041	5.661102976053201
2.515765000003041	5.661035352751746
2.5157660000030413	5.660967747857093
2.5157670000030414	5.660900161617677
2.5157680000030416	5.660832594281954
2.5157690000030417	5.660765046098383
2.515770000003042	5.660697517315342
2.515771000003042	5.660630008181135
2.515772000003042	5.660562518944098
2.5157730000030423	5.660495049852257
2.5157740000030424	5.660427601153629
2.5157750000030425	5.66036017309613
2.5157760000030427	5.660292765927519
2.515777000003043	5.660225379895408
2.515778000003043	5.660158015247169
2.515779000003043	5.660090672230097
2.5157800000030432	5.660023351091308
2.5157810000030434	5.6599560520776535
2.5157820000030435	5.659888775435773
2.5157830000030437	5.659821521412056
2.515784000003044	5.6597542902526365
2.515785000003044	5.659687082203387
2.515786000003044	5.659619897509887
2.5157870000030442	5.6595527364174245
2.5157880000030444	5.659485599170976
2.5157890000030445	5.659418486015189
2.5157900000030446	5.659351397194309
2.515791000003045	5.659284332952336
2.515792000003045	5.659217293532904
2.515793000003045	5.659150279179181
2.515794000003045	5.659083290133952
2.5157950000030453	5.659016326639625
2.5157960000030455	5.658949388937975
2.5157970000030456	5.658882477270578
2.5157980000030458	5.658815591878729
2.515799000003046	5.65874873300307
2.515800000003046	5.6586819008837566
2.515801000003046	5.658615095760471
2.5158020000030463	5.658548317872395
2.5158030000030465	5.658481567456504
2.5158040000030466	5.658414844753456
2.5158050000030467	5.658348150000085
2.515806000003047	5.658281483433459
2.515807000003047	5.658214845290093
2.515808000003047	5.658148235805935
2.5158090000030473	5.658081655216351
2.5158100000030474	5.658015103756113
2.5158110000030476	5.657948581659394
2.5158120000030477	5.657882089159761
2.515813000003048	5.657815626490153
2.515814000003048	5.657749193882881
2.515815000003048	5.657682791569604
2.5158160000030483	5.657616419781358
2.5158170000030484	5.657550078748495
2.5158180000030486	5.657483768700712
2.5158190000030487	5.657417489867017
2.515820000003049	5.657351242475738
2.515821000003049	5.657285026754504
2.515822000003049	5.657218842930242
2.5158230000030493	5.657152691229169
2.5158240000030494	5.657086571876788
2.5158250000030495	5.657020485097864
2.5158260000030497	5.656954431118142
2.51582700000305	5.65688841015841
2.51582800000305	5.656822422441974
2.51582900000305	5.656756468190623
2.5158300000030502	5.656690547623675
2.5158310000030504	5.6566246609638995
2.5158320000030505	5.656558808430041
2.5158330000030507	5.656492990240825
2.515834000003051	5.656427206614187
2.515835000003051	5.656361457767264
2.515836000003051	5.65629574391641
2.515837000003051	5.656230065277167
2.5158380000030514	5.656164422066012
2.5158390000030515	5.656098814494385
2.5158400000030516	5.656033242776134
2.5158410000030518	5.6559677071235654
2.515842000003052	5.655902207748157
2.515843000003052	5.655836744860573
2.515844000003052	5.655771318670651
2.5158450000030523	5.655705929387379
2.5158460000030525	5.6556405772189215
2.5158470000030526	5.655575262372605
2.5158480000030528	5.65550998505492
2.515849000003053	5.655444745471511
2.515850000003053	5.655379543827174
2.515851000003053	5.655314380325869
2.5158520000030533	5.655249255170692
2.5158530000030535	5.655184168563902
2.5158540000030536	5.655119120706891
2.5158550000030537	5.655054111800208
2.515856000003054	5.65498914204355
2.515857000003054	5.654924211635749
2.515858000003054	5.654859320774782
2.5158590000030543	5.654794469657762
2.5158600000030544	5.6547296584809565
2.5158610000030546	5.6546648874397585
2.5158620000030547	5.654600156728702
2.515863000003055	5.654535466541465
2.515864000003055	5.654470817070859
2.515865000003055	5.654406208508838
2.5158660000030553	5.654341641046488
2.5158670000030554	5.654277114874041
2.5158680000030555	5.65421263018431
2.5158690000030557	5.654148187164606
2.515870000003056	5.654083786000365
2.515871000003056	5.654019426878372
2.515872000003056	5.653955109984568
2.5158730000030562	5.653890835503994
2.5158740000030564	5.653826603620848
2.5158750000030565	5.65376241451845
2.5158760000030567	5.653698268379295
2.515877000003057	5.653634165385052
2.515878000003057	5.653570105716497
2.515879000003057	5.653506089553569
2.5158800000030572	5.653442117075338
2.5158810000030574	5.653378188460034
2.5158820000030575	5.653314303885028
2.5158830000030576	5.6532504635268515
2.515884000003058	5.653186667561154
2.515885000003058	5.653122916162783
2.515886000003058	5.65305920950575
2.515887000003058	5.652995547763198
2.5158880000030583	5.652931931107436
2.5158890000030585	5.652868359709939
2.5158900000030586	5.6528048337413335
2.5158910000030588	5.652741353371408
2.515892000003059	5.652677918769135
2.515893000003059	5.652614530102629
2.515894000003059	5.65255118753919
2.5158950000030593	5.652487891245286
2.5158960000030595	5.6524246413865535
2.5158970000030596	5.652361438127807
2.5158980000030597	5.652298281633035
2.51589900000306	5.652235172065425
2.51590000000306	5.652172109587296
2.51590100000306	5.65210909436017
2.5159020000030603	5.652046126544759
2.5159030000030604	5.651983206300958
2.5159040000030606	5.6519203337878405
2.5159050000030607	5.651857509163672
2.515906000003061	5.651794732585901
2.515907000003061	5.651732004211181
2.515908000003061	5.651669324195342
2.5159090000030613	5.651606692693415
2.5159100000030614	5.651544109859623
2.5159110000030616	5.65148157584739
2.5159120000030617	5.651419090809348
2.515913000003062	5.6513566548973095
2.515914000003062	5.651294268262301
2.515915000003062	5.651231931054548
2.5159160000030623	5.65116964342348
2.5159170000030624	5.651107405517732
2.5159180000030625	5.651045217485143
2.5159190000030627	5.6509830794727645
2.515920000003063	5.650920991626848
2.515921000003063	5.650858954092867
2.515922000003063	5.650796967015502
2.5159230000030632	5.650735030538635
2.5159240000030634	5.650673144805384
2.5159250000030635	5.650611309958057
2.5159260000030637	5.6505495261381915
2.515927000003064	5.650487793486538
2.515928000003064	5.6504261121430535
2.515929000003064	5.650364482246913
2.515930000003064	5.650302903936518
2.5159310000030644	5.650241377349492
2.5159320000030645	5.650179902622682
2.5159330000030646	5.650118479892137
2.5159340000030648	5.650057109293133
2.515935000003065	5.64999579096016
2.515936000003065	5.6499345250269375
2.515937000003065	5.649873311626405
2.5159380000030653	5.649812150890724
2.5159390000030655	5.6497510429512685
2.5159400000030656	5.649689987938647
2.5159410000030658	5.649628985982672
2.515942000003066	5.649568037212392
2.515943000003066	5.649507141756055
2.515944000003066	5.649446299741147
2.5159450000030663	5.649385511294373
2.5159460000030665	5.649324776541655
2.5159470000030666	5.649264095608134
2.5159480000030667	5.649203468618164
2.515949000003067	5.649142895695326
2.515950000003067	5.649082376962426
2.515951000003067	5.64902191254144
2.5159520000030673	5.648961502553588
2.5159530000030674	5.6489011471193615
2.5159540000030676	5.648840846358414
2.5159550000030677	5.648780600389633
2.515956000003068	5.648720409331107
2.515957000003068	5.648660273300141
2.515958000003068	5.648600192413251
2.5159590000030683	5.648540166786162
2.5159600000030684	5.648480196533812
2.5159610000030685	5.64842028177034
2.5159620000030687	5.648360422609103
2.515963000003069	5.648300619162652
2.515964000003069	5.648240871542757
2.515965000003069	5.648181179860378
2.5159660000030692	5.64812154422569
2.5159670000030694	5.648061964748064
2.5159680000030695	5.648002441536074
2.5159690000030697	5.64794297469749
2.51597000000307	5.647883564339285
2.51597100000307	5.64782421056762
2.51597200000307	5.6477649134878565
2.5159730000030702	5.647705673204548
2.5159740000030704	5.647646489821442
2.5159750000030705	5.647587363441479
2.5159760000030706	5.647528294166783
2.515977000003071	5.647469282098666
2.515978000003071	5.647410327337642
2.515979000003071	5.647351429983398
2.515980000003071	5.647292590134804
2.5159810000030713	5.647233807889923
2.5159820000030715	5.647175083345991
2.5159830000030716	5.647116416599431
2.5159840000030718	5.647057807745847
2.515985000003072	5.646999256880014
2.515986000003072	5.646940764095889
2.515987000003072	5.646882329486611
2.5159880000030723	5.646823953144484
2.5159890000030725	5.646765635160998
2.5159900000030726	5.646707375626803
2.5159910000030727	5.646649174631737
2.515992000003073	5.646591032264808
2.515993000003073	5.646532948614189
2.515994000003073	5.646474923767223
2.5159950000030733	5.646416957810418
2.5159960000030734	5.646359050829444
2.5159970000030736	5.646301202909195
2.5159980000030737	5.646243414133692
2.515999000003074	5.6461856845861425
2.516000000003074	5.6461280143489105
2.516001000003074	5.646070403503535
2.5160020000030743	5.646012852130723
2.5160030000030744	5.645955360310363
2.5160040000030746	5.645897928121491
2.5160050000030747	5.645840555642333
2.516006000003075	5.645783242950285
2.516007000003075	5.645725990121916
2.516008000003075	5.645668797232965
2.5160090000030753	5.645611664358347
2.5160100000030754	5.645554591572071
2.5160110000030755	5.64549757894741
2.5160120000030757	5.645440626556899
2.516013000003076	5.645383734472173
2.516014000003076	5.645326902764054
2.516015000003076	5.645270131502532
2.5160160000030762	5.645213420756805
2.5160170000030764	5.645156770595251
2.5160180000030765	5.645100181085445
2.5160190000030767	5.645043652294154
2.516020000003077	5.644987184287341
2.516021000003077	5.644930777130185
2.516022000003077	5.644874430887058
2.516023000003077	5.64481814562154
2.5160240000030774	5.644761921396431
2.5160250000030775	5.644705758273737
2.5160260000030776	5.644649656314692
2.5160270000030778	5.644593615579759
2.516028000003078	5.6445376361286215
2.516029000003078	5.644481718020203
2.516030000003078	5.644425861312667
2.5160310000030783	5.6443700660634155
2.5160320000030785	5.644314332329106
2.5160330000030786	5.644258660165653
2.5160340000030788	5.644203049628224
2.516035000003079	5.64414750077126
2.516036000003079	5.644092013648478
2.516037000003079	5.644036588312874
2.5160380000030793	5.6439812248167085
2.5160390000030795	5.643925923211577
2.5160400000030796	5.643870683548349
2.5160410000030797	5.6438155058772095
2.51604200000308	5.643760390247661
2.51604300000308	5.643705336708526
2.51604400000308	5.643650345307959
2.5160450000030803	5.643595416093452
2.5160460000030804	5.643540549111848
2.5160470000030806	5.643485744409353
2.5160480000030807	5.6434310020315355
2.516049000003081	5.6433763220233235
2.516050000003081	5.64332170442904
2.516051000003081	5.6432671492924085
2.5160520000030813	5.6432126566565435
2.5160530000030814	5.6431582265639815
2.5160540000030815	5.643103859056683
2.5160550000030817	5.643049554176026
2.516056000003082	5.642995311960019
2.516057000003082	5.642941132449901
2.516058000003082	5.642887015687326
2.5160590000030822	5.642832961711509
2.5160600000030824	5.642778970561161
2.5160610000030825	5.6427250422745
2.5160620000030827	5.6426711768892535
2.516063000003083	5.6426173744426675
2.516064000003083	5.642563634971531
2.516065000003083	5.6425099585121705
2.5160660000030832	5.642456345100476
2.5160670000030834	5.642402794771914
2.5160680000030835	5.642349307561505
2.5160690000030836	5.642295883503892
2.516070000003084	5.6422425226333255
2.516071000003084	5.642189224983668
2.516072000003084	5.642135990588427
2.516073000003084	5.642082819480744
2.5160740000030843	5.642029711693432
2.5160750000030845	5.6419766672589695
2.5160760000030846	5.641923686209527
2.5160770000030848	5.641870768576971
2.516078000003085	5.641817914392889
2.516079000003085	5.641765123688594
2.516080000003085	5.641712396495133
2.5160810000030853	5.641659732843325
2.5160820000030855	5.641607132763743
2.5160830000030856	5.641554596286748
2.5160840000030857	5.641502123442508
2.516085000003086	5.641449714260987
2.516086000003086	5.641397368771982
2.516087000003086	5.6413450870051305
2.5160880000030863	5.641292868989919
2.5160890000030864	5.641240714755717
2.5160900000030866	5.641188624331743
2.5160910000030867	5.641136597747149
2.516092000003087	5.641084635030966
2.516093000003087	5.641032736212168
2.516094000003087	5.640980901319655
2.5160950000030873	5.640929130382287
2.5160960000030874	5.640877423428887
2.5160970000030876	5.640825780488257
2.5160980000030877	5.640774201589197
2.516099000003088	5.640722686760506
2.516100000003088	5.640671236031003
2.516101000003088	5.640619849429551
2.5161020000030883	5.640568526985054
2.5161030000030884	5.6405172687264775
2.5161040000030885	5.640466074682859
2.5161050000030887	5.640414944883332
2.516106000003089	5.640363879357126
2.516107000003089	5.640312878133575
2.516108000003089	5.6402619412421595
2.5161090000030892	5.640211068712593
2.5161100000030894	5.640160260574585
2.5161110000030895	5.640109516857994
2.5161120000030897	5.640058837592924
2.51611300000309	5.640008222809655
2.51611400000309	5.639957672538675
2.51611500000309	5.639907186810681
2.51611600000309	5.639856765656588
2.5161170000030904	5.639806409107549
2.5161180000030905	5.639756117194958
2.5161190000030906	5.639705889950474
2.5161200000030908	5.639655727406005
2.516121000003091	5.639605629593751
2.516122000003091	5.6395555965461845
2.516123000003091	5.6395056282960905
2.5161240000030913	5.6394557248765445
2.5161250000030915	5.639405886320942
2.5161260000030916	5.639356112663007
2.5161270000030918	5.639306403936787
2.516128000003092	5.639256760176675
2.516129000003092	5.639207181417416
2.516130000003092	5.639157667694114
2.5161310000030923	5.639108219042229
2.5161320000030925	5.639058835497597
2.5161330000030926	5.639009517096432
2.5161340000030927	5.638960263875334
2.516135000003093	5.638911075871301
2.516136000003093	5.638861953121726
2.516137000003093	5.638812895664404
2.5161380000030933	5.638763903537537
2.5161390000030934	5.6387149767797515
2.5161400000030936	5.638666115430087
2.5161410000030937	5.6386173195280085
2.516142000003094	5.63856858911341
2.516143000003094	5.638519924226615
2.516144000003094	5.638471324908388
2.5161450000030943	5.638422791199929
2.5161460000030944	5.6383743231428705
2.5161470000030945	5.638325920779305
2.5161480000030947	5.638277584151767
2.516149000003095	5.638229313303229
2.516150000003095	5.638181108277121
2.516151000003095	5.6381329691173185
2.5161520000030952	5.638084895868148
2.5161530000030954	5.638036888574388
2.5161540000030955	5.6379889472812685
2.5161550000030957	5.637941072034474
2.516156000003096	5.637893262880129
2.516157000003096	5.637845519864811
2.516158000003096	5.637797843035544
2.5161590000030962	5.637750232439802
2.5161600000030964	5.637702688125491
2.5161610000030965	5.637655210140963
2.5161620000030966	5.637607798535005
2.516163000003097	5.637560453356837
2.516164000003097	5.637513174656114
2.516165000003097	5.637465962482909
2.516166000003097	5.637418816887719
2.5161670000030973	5.637371737921461
2.5161680000030975	5.637324725635458
2.5161690000030976	5.637277780081443
2.5161700000030978	5.637230901311547
2.516171000003098	5.63718408937829
2.516172000003098	5.637137344334583
2.516173000003098	5.637090666233715
2.5161740000030983	5.637044055129348
2.5161750000030985	5.636997511075507
2.5161760000030986	5.6369510341265805
2.5161770000030987	5.636904624337298
2.516178000003099	5.63685828176273
2.516179000003099	5.636812006458281
2.516180000003099	5.636765798479684
2.5161810000030993	5.636719657882964
2.5161820000030994	5.636673584724453
2.5161830000030996	5.636627579060784
2.5161840000030997	5.636581640948881
2.5161850000031	5.636535770445915
2.5161860000031	5.636489967609325
2.5161870000031	5.636444232496803
2.5161880000031003	5.636398565166267
2.5161890000031004	5.636352965675867
2.5161900000031006	5.636307434083959
2.5161910000031007	5.636261970449103
2.516192000003101	5.6362165748300255
2.516193000003101	5.636171247285647
2.516194000003101	5.636125987875043
2.5161950000031013	5.636080796657438
2.5161960000031014	5.636035673692182
2.5161970000031015	5.635990619038739
2.5161980000031017	5.63594563276001
2.516199000003102	5.635900714913725
2.516200000003102	5.635855865558282
2.516201000003102	5.635811084753479
2.5162020000031022	5.635766372559139
2.5162030000031024	5.635721729035125
2.5162040000031025	5.63567715424131
2.5162050000031027	5.6356326482375625
2.516206000003103	5.635588211083733
2.516207000003103	5.635543842839624
2.516208000003103	5.635499543564984
2.516209000003103	5.6354553133195004
2.5162100000031034	5.635411152162792
2.5162110000031035	5.635367060154353
2.5162120000031036	5.635323037353567
2.5162130000031038	5.6352790838196745
2.516214000003104	5.635235199611757
2.516215000003104	5.635191384788735
2.516216000003104	5.635147639409331
2.5162170000031043	5.635103963532062
2.5162180000031045	5.635060357215221
2.5162190000031046	5.635016820516859
2.5162200000031048	5.63497335349477
2.516221000003105	5.63492995620646
2.516222000003105	5.634886628709151
2.516223000003105	5.634843371059749
2.5162240000031053	5.634800183314816
2.5162250000031054	5.6347570655305805
2.5162260000031056	5.63471401776289
2.5162270000031057	5.634671040067209
2.516228000003106	5.6346281324986025
2.516229000003106	5.634585295111707
2.516230000003106	5.634542527960719
2.5162310000031063	5.634499831099387
2.5162320000031064	5.63445720458097
2.5162330000031066	5.634414648458237
2.5162340000031067	5.634372162783447
2.516235000003107	5.6343297476083185
2.516236000003107	5.6342874029840395
2.516237000003107	5.634245128961215
2.5162380000031073	5.634202925589878
2.5162390000031074	5.634160792919461
2.5162400000031075	5.634118730998767
2.5162410000031077	5.6340767398759715
2.516242000003108	5.634034819598785
2.516243000003108	5.633992970219212
2.516244000003108	5.633951191774421
2.5162450000031082	5.633909484317275
2.5162460000031084	5.633867847890451
2.5162470000031085	5.633826282536457
2.5162480000031087	5.633784788298504
2.516249000003109	5.633743365219057
2.516250000003109	5.633702013339807
2.516251000003109	5.633660732701642
2.5162520000031092	5.633619523344634
2.5162530000031094	5.633578385308012
2.5162540000031095	5.633537318630179
2.5162550000031096	5.63349632334866
2.51625600000311	5.633455399500102
2.51625700000311	5.63341454712027
2.51625800000311	5.633373766247937
2.51625900000311	5.633333056915758
2.5162600000031103	5.633292419153967
2.5162610000031105	5.6332518529945945
2.5162620000031106	5.633211358468736
2.5162630000031108	5.6331709356065165
2.516264000003111	5.633130584437079
2.516265000003111	5.6330903049885634
2.516266000003111	5.633050097288109
2.5162670000031113	5.633009961361819
2.5162680000031115	5.632969897234773
2.5162690000031116	5.632929904930999
2.5162700000031117	5.632889984473479
2.516271000003112	5.632850135884127
2.516272000003112	5.632810359183787
2.516273000003112	5.632770654392208
2.5162740000031123	5.632731021528052
2.5162750000031124	5.632691460608872
2.5162760000031126	5.632651971651114
2.5162770000031127	5.632612554670103
2.516278000003113	5.632573209680028
2.516279000003113	5.632533936693943
2.516280000003113	5.6324947357237605
2.5162810000031133	5.632455606780242
2.5162820000031134	5.632416549872989
2.5162830000031136	5.632377565010439
2.5162840000031137	5.632338652199864
2.516285000003114	5.632299811447358
2.516286000003114	5.6322610427578415
2.516287000003114	5.632222346135024
2.5162880000031143	5.632183721581447
2.5162890000031144	5.632145169098447
2.5162900000031145	5.63210668868617
2.5162910000031147	5.632068280343561
2.516292000003115	5.632029944068298
2.516293000003115	5.63199167985691
2.516294000003115	5.631953487704777
2.5162950000031152	5.631915367606007
2.5162960000031154	5.631877319553502
2.5162970000031155	5.631839343538982
2.5162980000031157	5.631801439552891
2.516299000003116	5.631763607584479
2.516300000003116	5.631725847621789
2.516301000003116	5.631688159651654
2.516302000003116	5.631650543659693
2.5163030000031164	5.631612999630303
2.5163040000031165	5.631575527546691
2.5163050000031166	5.631538127390843
2.5163060000031168	5.631500799143534
2.516307000003117	5.631463542784346
2.516308000003117	5.631426358291654
2.516309000003117	5.631389245642646
2.5163100000031173	5.631352204813309
2.5163110000031175	5.631315235778443
2.5163120000031176	5.63127833851167
2.5163130000031178	5.631241512985423
2.516314000003118	5.6312047591709655
2.516315000003118	5.631168077038395
2.516316000003118	5.631131466556641
2.5163170000031183	5.631094927693488
2.5163180000031184	5.631058460415556
2.5163190000031186	5.631022064688329
2.5163200000031187	5.630985740476158
2.516321000003119	5.630949487742259
2.516322000003119	5.630913306448737
2.516323000003119	5.630877196556575
2.5163240000031193	5.630841158025664
2.5163250000031194	5.6308051908147965
2.5163260000031196	5.630769294881671
2.5163270000031197	5.63073347018292
2.51632800000312	5.6306977166741055
2.51632900000312	5.630662034309733
2.51633000000312	5.63062642304327
2.5163310000031203	5.630590882827079
2.5163320000031204	5.630555413612561
2.5163330000031205	5.630520015350141
2.5163340000031207	5.6304846879892345
2.516335000003121	5.630449431478231
2.516336000003121	5.630414245764548
2.516337000003121	5.6303791307946485
2.5163380000031212	5.630344086514027
2.5163390000031214	5.630309112867242
2.5163400000031215	5.630274209797928
2.5163410000031217	5.630239377248807
2.516342000003122	5.630204615161689
2.516343000003122	5.630169923477513
2.516344000003122	5.63013530213633
2.5163450000031222	5.630100751077331
2.5163460000031224	5.630066270238872
2.5163470000031225	5.630031859558474
2.5163480000031226	5.629997518972843
2.516349000003123	5.629963248417882
2.516350000003123	5.629929047828704
2.516351000003123	5.629894917139662
2.516352000003123	5.629860856284347
2.5163530000031233	5.629826865195604
2.5163540000031235	5.629792943805567
2.5163550000031236	5.629759092045658
2.5163560000031238	5.629725309846601
2.516357000003124	5.629691597138433
2.516358000003124	5.629657953850542
2.516359000003124	5.629624379911699
2.5163600000031243	5.629590875250021
2.5163610000031245	5.629557439793024
2.5163620000031246	5.629524073467632
2.5163630000031247	5.62949077620018
2.516364000003125	5.629457547916457
2.516365000003125	5.629424388541706
2.516366000003125	5.629391298033656
2.5163670000031253	5.629358276310469
2.5163680000031254	5.62932532326897
2.5163690000031256	5.629292438832424
2.5163700000031257	5.629259622923581
2.516371000003126	5.629226875464805
2.516372000003126	5.629194196378073
2.516373000003126	5.629161585584915
2.5163740000031263	5.629129043006479
2.5163750000031264	5.6290965685635435
2.5163760000031266	5.629064162176534
2.5163770000031267	5.629031823765548
2.516378000003127	5.628999553250364
2.516379000003127	5.62896735055047
2.516380000003127	5.628935215585063
2.5163810000031273	5.628903148273093
2.5163820000031274	5.628871148533255
2.5163830000031275	5.62883921628403
2.5163840000031277	5.628807351443678
2.516385000003128	5.628775553930274
2.516386000003128	5.628743823621483
2.516387000003128	5.628712160443685
2.5163880000031282	5.6286805643463245
2.5163890000031284	5.628649035246794
2.5163900000031285	5.6286175730624555
2.5163910000031287	5.628586177710623
2.516392000003129	5.62855484910853
2.516393000003129	5.628523587173352
2.516394000003129	5.628492391822233
2.516395000003129	5.6284612629723
2.5163960000031294	5.6284302005406746
2.5163970000031295	5.6283992044444995
2.5163980000031296	5.62836827460095
2.5163990000031298	5.628337410927241
2.51640000000313	5.6283066133406745
2.51640100000313	5.628275881758617
2.51640200000313	5.6282452160985175
2.5164030000031303	5.62821461627795
2.5164040000031305	5.628184082214615
2.5164050000031306	5.628153613826359
2.5164060000031307	5.628123211031176
2.516407000003131	5.628092873747246
2.516408000003131	5.6280626018929105
2.516409000003131	5.628032395386756
2.5164100000031313	5.628002254147572
2.5164110000031314	5.627972178094383
2.5164120000031316	5.62794216714644
2.5164130000031317	5.627912221223259
2.516414000003132	5.627882340244622
2.516415000003132	5.627852524130622
2.516416000003132	5.627822772801644
2.5164170000031323	5.627793086178372
2.5164180000031324	5.627763464181792
2.5164190000031326	5.627733906733262
2.5164200000031327	5.627704413754473
2.516421000003133	5.6276749851674746
2.516422000003133	5.627645620894705
2.516423000003133	5.627616320858983
2.5164240000031333	5.6275870849835155
2.5164250000031334	5.627557913192629
2.5164260000031335	5.627528805410593
2.5164270000031337	5.627499761560927
2.516428000003134	5.62747078156849
2.516429000003134	5.6274418653586435
2.516430000003134	5.627413012857157
2.5164310000031342	5.627384223990255
2.5164320000031344	5.627355498684654
2.5164330000031345	5.627326836867553
2.5164340000031347	5.627298238466625
2.516435000003135	5.627269703410051
2.516436000003135	5.627241231628973
2.516437000003135	5.627212823050517
2.5164380000031352	5.627184477603926
2.5164390000031354	5.627156195219447
2.5164400000031355	5.627127975827834
2.5164410000031356	5.627099819360373
2.516442000003136	5.627071725748888
2.516443000003136	5.627043694925749
2.516444000003136	5.627015726823866
2.516445000003136	5.626987821376701
2.5164460000031363	5.626959978518275
2.5164470000031365	5.62693219818318
2.5164480000031366	5.626904480306559
2.5164490000031368	5.626876824824125
2.516450000003137	5.626849231672156
2.516451000003137	5.626821700787511
2.516452000003137	5.6267942321076125
2.5164530000031373	5.626766825570459
2.5164540000031375	5.62673948111463
2.5164550000031376	5.626712198679267
2.5164560000031377	5.626684978204114
2.516457000003138	5.626657819629479
2.516458000003138	5.626630722896237
2.516459000003138	5.626603687945847
2.5164600000031383	5.626576714720339
2.5164610000031384	5.626549803162316
2.5164620000031386	5.62652295321496
2.5164630000031387	5.626496164822019
2.516464000003139	5.626469437927877
2.516465000003139	5.626442772477401
2.516466000003139	5.626416168415991
2.5164670000031393	5.6263896256896615
2.5164680000031394	5.626363144244969
2.5164690000031396	5.626336724029033
2.5164700000031397	5.626310364989522
2.51647100000314	5.626284067074643
2.51647200000314	5.626257830233149
2.51647300000314	5.626231654414322
2.5164740000031403	5.626205539567973
2.5164750000031404	5.626179485644441
2.5164760000031405	5.626153492594574
2.5164770000031407	5.626127560365285
2.516478000003141	5.626101688909753
2.516479000003141	5.626075878183465
2.516480000003141	5.626050128139426
2.5164810000031412	5.626024438730969
2.5164820000031414	5.625998809911929
2.5164830000031415	5.625973241636588
2.5164840000031417	5.6259477338596975
2.516485000003142	5.625922286536439
2.516486000003142	5.625896899622464
2.516487000003142	5.625871573074265
2.516488000003142	5.625846306848264
2.5164890000031424	5.62582110090109
2.5164900000031425	5.625795955190081
2.5164910000031426	5.625770869674983
2.5164920000031428	5.625745844310527
2.516493000003143	5.625720879056505
2.516494000003143	5.625695973872097
2.516495000003143	5.625671128716494
2.5164960000031433	5.625646343549104
2.5164970000031435	5.625621618329788
2.5164980000031436	5.625596953018736
2.5164990000031437	5.625572347576522
2.516500000003144	5.625547801964035
2.516501000003144	5.625523316142494
2.516502000003144	5.6254988900733265
2.5165030000031443	5.6254745237182195
2.5165040000031444	5.625450217052015
2.5165050000031446	5.625425970026135
2.5165060000031447	5.6254017825987495
2.516507000003145	5.625377654749496
2.516508000003145	5.62535358642651
2.516509000003145	5.625329577592777
2.5165100000031453	5.625305628211586
2.5165110000031454	5.625281738246422
2.5165120000031456	5.625257907660937
2.5165130000031457	5.625234136418937
2.516514000003146	5.625210424484368
2.516515000003146	5.625186771821323
2.516516000003146	5.625163178393992
2.5165170000031463	5.625139644166671
2.5165180000031464	5.62511616910377
2.5165190000031465	5.62509275316976
2.5165200000031467	5.6250693963292
2.516521000003147	5.625046098546702
2.516522000003147	5.625022859786911
2.516523000003147	5.624999680014536
2.5165240000031472	5.624976559194271
2.5165250000031474	5.6249534972908455
2.5165260000031475	5.624930494268998
2.5165270000031477	5.624907550093432
2.516528000003148	5.624884664728839
2.516529000003148	5.624861838139876
2.516530000003148	5.624839070291144
2.516531000003148	5.624816361147204
2.5165320000031484	5.624793710672532
2.5165330000031485	5.624771118831531
2.5165340000031486	5.624748585588516
2.516535000003149	5.624726110907688
2.516536000003149	5.6247036947531495
2.516537000003149	5.624681337088875
2.516538000003149	5.6246590378787
2.5165390000031493	5.624636797086302
2.5165400000031495	5.624614614675235
2.5165410000031496	5.624592490608893
2.5165420000031498	5.624570424850482
2.51654300000315	5.624548417363031
2.51654400000315	5.624526468109376
2.51654500000315	5.624504577052146
2.5165460000031503	5.624482744153779
2.5165470000031505	5.624460969376476
2.5165480000031506	5.624439252682195
2.5165490000031507	5.62441759403268
2.516550000003151	5.624395993389901
2.516551000003151	5.624374450714844
2.516552000003151	5.624352965968274
2.5165530000031513	5.624331539110912
2.5165540000031514	5.624310170103196
2.5165550000031516	5.6242888589052855
2.5165560000031517	5.62426760547706
2.516557000003152	5.6242464097780935
2.516558000003152	5.624225271767666
2.516559000003152	5.624204191404746
2.5165600000031523	5.624183168647991
2.5165610000031524	5.624162203455736
2.5165620000031526	5.624141295785996
2.5165630000031527	5.6241204455964535
2.516564000003153	5.624099652844463
2.516565000003153	5.624078917487035
2.516566000003153	5.624058239480827
2.5165670000031533	5.624037618782158
2.5165680000031534	5.624017055332207
2.5165690000031535	5.623996549090444
2.5165700000031537	5.623976100022874
2.516571000003154	5.6239557080846145
2.516572000003154	5.623935373230199
2.516573000003154	5.623915095413793
2.5165740000031542	5.623894874589258
2.5165750000031544	5.623874710709985
2.5165760000031545	5.623854603728973
2.5165770000031547	5.623834553598887
2.516578000003155	5.623814560272129
2.516579000003155	5.6237946237005865
2.516580000003155	5.623774743835726
2.516581000003155	5.623754920628715
2.5165820000031554	5.6237351540303315
2.5165830000031555	5.6237154439909744
2.5165840000031556	5.623695790460677
2.5165850000031558	5.62367619338908
2.516586000003156	5.623656652725457
2.516587000003156	5.623637168418726
2.516588000003156	5.6236177404173855
2.5165890000031563	5.623598368669571
2.5165900000031565	5.623579053123058
2.5165910000031566	5.623559793725244
2.5165920000031567	5.623540590423166
2.516593000003157	5.623521443163489
2.516594000003157	5.62350235189445
2.516595000003157	5.623483316563236
2.5165960000031573	5.6234643371121935
2.5165970000031574	5.623445413486568
2.5165980000031576	5.6234265456312365
2.5165990000031577	5.62340773349073
2.516600000003158	5.6233889770092755
2.516601000003158	5.623370276130694
2.516602000003158	5.623351630798474
2.5166030000031583	5.623333040955835
2.5166040000031584	5.623314506545626
2.5166050000031586	5.6232960275103965
2.5166060000031587	5.623277603792369
2.516607000003159	5.623259235333455
2.516608000003159	5.623240922075266
2.516609000003159	5.623222663959113
2.5166100000031593	5.623204460926004
2.5166110000031594	5.623186312916661
2.5166120000031595	5.623168219871539
2.5166130000031597	5.6231501817308045
2.51661400000316	5.62313219843436
2.51661500000316	5.623114269921842
2.51661600000316	5.623096396132621
2.5166170000031602	5.623078577005828
2.5166180000031604	5.623060812480341
2.5166190000031605	5.623043102494797
2.5166200000031607	5.623025446987638
2.516621000003161	5.6230078458970585
2.516622000003161	5.6229902991610405
2.516623000003161	5.622972806717363
2.516624000003161	5.622955368503599
2.5166250000031614	5.62293798446305
2.5166260000031615	5.622920654528941
2.5166270000031616	5.622903378636232
2.516628000003162	5.622886156721828
2.516629000003162	5.622868988722438
2.516630000003162	5.622851874574603
2.516631000003162	5.622834814214706
2.5166320000031623	5.622817807579009
2.5166330000031625	5.6228008546036286
2.5166340000031626	5.622783955224575
2.5166350000031628	5.622767109377732
2.516636000003163	5.622750316998892
2.516637000003163	5.622733578023742
2.516638000003163	5.622716892387894
2.5166390000031633	5.622700260026856
2.5166400000031635	5.6226836808760785
2.5166410000031636	5.622667154870948
2.5166420000031637	5.622650681946792
2.516643000003164	5.6226342620389005
2.516644000003164	5.6226178950825085
2.516645000003164	5.622601581012834
2.5166460000031643	5.622585319765046
2.5166470000031644	5.622569111274345
2.5166480000031646	5.622552955475899
2.5166490000031647	5.622536852304884
2.516650000003165	5.622520801696487
2.516651000003165	5.622504803585903
2.516652000003165	5.622488857908366
2.5166530000031653	5.622472964599137
2.5166540000031654	5.62245712359352
2.5166550000031656	5.622441334826868
2.5166560000031657	5.622425598234592
2.516657000003166	5.622409913752152
2.516658000003166	5.62239428131507
2.516659000003166	5.622378700859029
2.5166600000031663	5.622363172319744
2.5166610000031664	5.622347695633034
2.5166620000031665	5.622332270734814
2.5166630000031667	5.62231689756111
2.516664000003167	5.622301576048069
2.516665000003167	5.622286306131964
2.516666000003167	5.62227108774919
2.5166670000031672	5.622255920836301
2.5166680000031674	5.622240805329975
2.5166690000031675	5.622225741167044
2.5166700000031677	5.622210728284503
2.516671000003168	5.622195766619509
2.516672000003168	5.622180856109397
2.516673000003168	5.622165996691668
2.516674000003168	5.622151188304023
2.5166750000031683	5.622136430884341
2.5166760000031685	5.622121724370675
2.5166770000031686	5.622107068701302
2.5166780000031688	5.622092463814732
2.516679000003169	5.6220779096496605
2.516680000003169	5.622063406145011
2.516681000003169	5.622048953239921
2.5166820000031693	5.622034550873761
2.5166830000031695	5.622020198986136
2.5166840000031696	5.622005897516884
2.5166850000031697	5.6219916464060535
2.51668600000317	5.621977445593977
2.51668700000317	5.6219632950212794
2.51668800000317	5.621949194628806
2.5166890000031703	5.621935144357666
2.5166900000031704	5.621921144149229
2.5166910000031706	5.6219071939451375
2.5166920000031707	5.621893293687313
2.516693000003171	5.621879443317931
2.516694000003171	5.6218656427794675
2.516695000003171	5.621851892014703
2.5166960000031713	5.621838190966653
2.5166970000031714	5.621824539578648
2.5166980000031716	5.621810937794379
2.5166990000031717	5.621797385557783
2.516700000003172	5.621783882813098
2.516701000003172	5.621770429504867
2.516702000003172	5.621757025577941
2.5167030000031723	5.621743670977483
2.5167040000031724	5.621730365648975
2.5167050000031725	5.621717109538206
2.5167060000031727	5.621703902591287
2.516707000003173	5.621690744754651
2.516708000003173	5.621677635975052
2.516709000003173	5.621664576199557
2.5167100000031732	5.621651565375569
2.5167110000031734	5.621638603450815
2.5167120000031735	5.6216256903733575
2.5167130000031737	5.621612826091591
2.516714000003174	5.621600010554152
2.516715000003174	5.621587243710107
2.516716000003174	5.621574525508937
2.516717000003174	5.621561855900356
2.5167180000031744	5.621549234834473
2.5167190000031745	5.62153666226168
2.5167200000031746	5.621524138132725
2.516721000003175	5.621511662398703
2.516722000003175	5.621499235011052
2.516723000003175	5.62148685592156
2.516724000003175	5.621474525082347
2.5167250000031753	5.621462242445885
2.5167260000031755	5.621450007965
2.5167270000031756	5.621437821592849
2.5167280000031758	5.621425683282951
2.516729000003176	5.621413592989163
2.516730000003176	5.621401550665696
2.516731000003176	5.621389556267106
2.5167320000031763	5.621377609748287
2.5167330000031765	5.621365711064508
2.5167340000031766	5.621353860171374
2.5167350000031767	5.621342057024847
2.516736000003177	5.621330301581228
2.516737000003177	5.62131859379718
2.516738000003177	5.621306933629724
2.5167390000031773	5.621295321036227
2.5167400000031774	5.62128375597438
2.5167410000031776	5.62127223840224
2.5167420000031777	5.621260768278208
2.516743000003178	5.621249345561047
2.516744000003178	5.62123797020987
2.516745000003178	5.621226642184145
2.5167460000031783	5.621215361443678
2.5167470000031784	5.621204127948638
2.5167480000031786	5.6211929416595385
2.5167490000031787	5.621181802537246
2.516750000003179	5.621170710544413
2.516751000003179	5.621159665641012
2.516752000003179	5.621148667789154
2.5167530000031793	5.621137716951111
2.5167540000031794	5.621126813089509
2.5167550000031795	5.621115956167293
2.5167560000031797	5.621105146147781
2.51675700000318	5.621094382994633
2.51675800000318	5.621083666671924
2.51675900000318	5.621072997143994
2.5167600000031802	5.62106237437553
2.5167610000031804	5.621051798331554
2.5167620000031805	5.6210412689774785
2.5167630000031807	5.621030786279098
2.516764000003181	5.621020350202523
2.516765000003181	5.621009960714209
2.516766000003181	5.620999617780967
2.516767000003181	5.620989321369949
2.5167680000031813	5.620979071448671
2.5167690000031815	5.620968867984977
2.5167700000031816	5.620958710947078
2.5167710000031818	5.620948600303519
2.516772000003182	5.620938536023207
2.516773000003182	5.620928518075388
2.516774000003182	5.62091854642966
2.5167750000031823	5.620908621055972
2.5167760000031825	5.620898741924619
2.5167770000031826	5.620888909006244
2.5167780000031827	5.620879122271846
2.516779000003183	5.620869381692766
2.516780000003183	5.620859687240695
2.516781000003183	5.620850038887629
2.5167820000031833	5.62084043660596
2.5167830000031834	5.6208308803684535
2.5167840000031836	5.620821370148199
2.5167850000031837	5.6208119059186235
2.516786000003184	5.620802487653509
2.516787000003184	5.620793115326988
2.516788000003184	5.62078378891354
2.5167890000031843	5.620774508387988
2.5167900000031844	5.620765273725511
2.5167910000031846	5.620756084901631
2.5167920000031847	5.62074694189222
2.516793000003185	5.620737844673493
2.516794000003185	5.620728793222023
2.516795000003185	5.620719787514725
2.5167960000031853	5.620710827528863
2.5167970000031854	5.620701913242039
2.5167980000031855	5.620693044632215
2.5167990000031857	5.620684221677689
2.516800000003186	5.620675444357119
2.516801000003186	5.620666712649497
2.516802000003186	5.620658026534168
2.5168030000031862	5.620649385990819
2.5168040000031864	5.620640790999474
2.5168050000031865	5.620632241540508
2.5168060000031867	5.620623737594638
2.516807000003187	5.620615279142926
2.516808000003187	5.620606866166771
2.516809000003187	5.620598498647927
2.516810000003187	5.620590176568455
2.5168110000031874	5.620581899910823
2.5168120000031875	5.620573668657764
2.5168130000031876	5.6205654827923786
2.516814000003188	5.620557342298099
2.516815000003188	5.620549247158697
2.516816000003188	5.620541197358275
2.516817000003188	5.620533192881276
2.5168180000031883	5.620525233712465
2.5168190000031885	5.620517319836939
2.5168200000031886	5.62050945124012
2.5168210000031888	5.620501627907763
2.516822000003189	5.620493849825945
2.516823000003189	5.620486116981062
2.516824000003189	5.620478429359833
2.5168250000031893	5.620470786949298
2.5168260000031895	5.620463189736808
2.5168270000031896	5.620455637710031
2.5168280000031897	5.62044813085695
2.51682900000319	5.620440669165855
2.51683000000319	5.620433252625333
2.51683100000319	5.620425881224284
2.5168320000031903	5.620418554951905
2.5168330000031904	5.620411273797693
2.5168340000031906	5.620404037751435
2.5168350000031907	5.620396846803205
2.516836000003191	5.620389700943343
2.516837000003191	5.620382600162524
2.516838000003191	5.620375544451708
2.5168390000031913	5.6203685338021065
2.5168400000031914	5.620361568205209
2.5168410000031916	5.620354647652774
2.5168420000031917	5.620347772136819
2.516843000003192	5.620340941649631
2.516844000003192	5.620334156183754
2.516845000003192	5.620327415731974
2.5168460000031923	5.62032072028733
2.5168470000031924	5.62031406984311
2.5168480000031925	5.620307464392838
2.5168490000031927	5.620300903930266
2.516850000003193	5.620294388449374
2.516851000003193	5.620287917944373
2.516852000003193	5.620281492409677
2.5168530000031932	5.620275111839926
2.5168540000031934	5.620268776229949
2.5168550000031935	5.620262485574795
2.5168560000031936	5.620256239869696
2.516857000003194	5.62025003911007
2.516858000003194	5.620243883291519
2.516859000003194	5.620237772409825
2.516860000003194	5.620231706460928
2.5168610000031943	5.6202256854409365
2.5168620000031945	5.620219709346119
2.5168630000031946	5.6202137781728885
2.5168640000031948	5.62020789191777
2.516865000003195	5.620202050577431
2.516866000003195	5.620196254148842
2.516867000003195	5.620190502628886
2.5168680000031953	5.620184796014534
2.5168690000031955	5.620179134302932
2.5168700000031956	5.620173517482657
2.5168710000031957	5.6201679455651545
2.516872000003196	5.620162418537379
2.516873000003196	5.6201569363984705
2.516874000003196	5.620151499149768
2.5168750000031963	5.620146106788847
2.5168760000031964	5.620140759313372
2.5168770000031966	5.620135456721024
2.5168780000031967	5.620130199009524
2.516879000003197	5.620124986176612
2.516880000003197	5.620119818220037
2.516881000003197	5.620114695137547
2.5168820000031973	5.620109616926896
2.5168830000031974	5.620104583585804
2.5168840000031976	5.62009959511198
2.5168850000031977	5.62009465150309
2.516886000003198	5.620089752756752
2.516887000003198	5.620084898870541
2.516888000003198	5.620080089841957
2.5168890000031983	5.620075325668428
2.5168900000031984	5.620070606347303
2.5168910000031985	5.6200659318758275
2.5168920000031987	5.620061302251153
2.516893000003199	5.620056717470314
2.516894000003199	5.620052177530216
2.516895000003199	5.620047682427639
2.5168960000031992	5.6200432321592135
2.5168970000031994	5.620038826721415
2.5168980000031995	5.62003446610961
2.5168990000031997	5.620030150320401
2.5169000000032	5.620025879350227
2.5169010000032	5.620021653194843
2.5169020000032	5.620017471849795
2.5169030000032	5.620013335310405
2.5169040000032004	5.620009243571783
2.5169050000032005	5.620005196628784
2.5169060000032006	5.620001194476014
2.516907000003201	5.619997237107845
2.516908000003201	5.619993324518347
2.516909000003201	5.619989456701316
2.516910000003201	5.619985633650262
2.5169110000032013	5.619981855358389
2.5169120000032015	5.619978121818591
2.5169130000032016	5.619974433023437
2.5169140000032018	5.619970788965152
2.516915000003202	5.619967189635632
2.516916000003202	5.6199636350264015
2.516917000003202	5.619960125128628
2.5169180000032023	5.619956659933097
2.5169190000032025	5.619953239430199
2.5169200000032026	5.619949863609942
2.5169210000032027	5.61994653248059
2.516922000003203	5.619943246025826
2.516923000003203	5.619940004221339
2.516924000003203	5.619936807055537
2.5169250000032033	5.619933654516268
2.5169260000032034	5.6199305465909255
2.5169270000032036	5.619927483266421
2.5169280000032037	5.619924464529185
2.516929000003204	5.619921490365162
2.516930000003204	5.619918560759792
2.516931000003204	5.619915675697998
2.5169320000032043	5.619912835164187
2.5169330000032044	5.619910039142227
2.5169340000032046	5.619907287615454
2.5169350000032047	5.6199045805666445
2.516936000003205	5.6199019179780185
2.516937000003205	5.619899299831213
2.516938000003205	5.619896726107313
2.5169390000032053	5.619894196786794
2.5169400000032054	5.619891711849532
2.5169410000032055	5.6198892712748005
2.5169420000032057	5.619886875041253
2.516943000003206	5.619884523126918
2.516944000003206	5.619882215509186
2.516945000003206	5.619879952164812
2.5169460000032062	5.619877733069882
2.5169470000032064	5.619875558199837
2.5169480000032065	5.619873427529439
2.5169490000032066	5.619871341033264
2.516950000003207	5.619869298684726
2.516951000003207	5.6198673004562085
2.516952000003207	5.619865346319389
2.516953000003207	5.619863436245545
2.5169540000032073	5.619861570205248
2.5169550000032075	5.6198597481683485
2.5169560000032076	5.619857970103968
2.5169570000032078	5.619856235980484
2.516958000003208	5.619854545765519
2.516959000003208	5.619852899425953
2.516960000003208	5.619851296927902
2.5169610000032083	5.619849738236708
2.5169620000032085	5.6198482233169464
2.5169630000032086	5.61984675213241
2.5169640000032087	5.619845324646101
2.516965000003209	5.619843940820236
2.516966000003209	5.61984260061622
2.516967000003209	5.619841303994669
2.5169680000032093	5.619840050915378
2.5169690000032094	5.6198388413373275
2.5169700000032096	5.61983767521868
2.5169710000032097	5.6198365525167615
2.51697200000321	5.619835473188076
2.51697300000321	5.619834437188288
2.51697400000321	5.619833444472219
2.5169750000032103	5.619832494993853
2.5169760000032104	5.6198315887063055
2.5169770000032106	5.619830725548931
2.5169780000032107	5.61982990548311
2.516979000003211	5.619829128462288
2.516980000003211	5.6198283944359835
2.516981000003211	5.6198277033530095
2.5169820000032113	5.619827055161315
2.5169830000032114	5.619826449807974
2.5169840000032115	5.619825887239176
2.5169850000032117	5.619825367400228
2.516986000003212	5.619824890235566
2.516987000003212	5.619824455688828
2.516988000003212	5.619824063702584
2.5169890000032122	5.619823714218573
2.5169900000032124	5.61982340717766
2.5169910000032125	5.619823142519811
2.5169920000032127	5.619822920184099
2.516993000003213	5.6198227401086935
2.516994000003213	5.619822602230872
2.516995000003213	5.619822506487005
2.516996000003213	5.619822452812555
2.5169970000032134	5.619822441142094
2.5169980000032135	5.61982247140928
2.5169990000032136	5.619822543546876
2.5170000000032138	5.619822657486736
2.517001000003214	5.619822813159817
2.517002000003214	5.619823010496162
2.517003000003214	5.619823249424925
2.5170040000032143	5.619823529874339
2.5170050000032145	5.619823851771749
2.5170060000032146	5.619824215043585
2.5170070000032148	5.6198246196153905
2.517008000003215	5.619825065411799
2.517009000003215	5.6198255523565726
2.517010000003215	5.6198260803725395
2.5170110000032153	5.619826649381637
2.5170120000032155	5.619827259304919
2.5170130000032156	5.6198279100625435
2.5170140000032157	5.61982860157379
2.517015000003216	5.61982933375704
2.517016000003216	5.619830106529793
2.517017000003216	5.619830919808673
2.5170180000032163	5.619831773509414
2.5170190000032164	5.619832667546881
2.5170200000032166	5.6198336018463815
2.5170210000032167	5.6198345763130195
2.517022000003217	5.619835590855837
2.517023000003217	5.619836645386358
2.517024000003217	5.6198377398151065
2.5170250000032173	5.619838874051756
2.5170260000032174	5.619840048005117
2.5170270000032176	5.619841261583155
2.5170280000032177	5.619842514692994
2.517029000003218	5.61984380724092
2.517030000003218	5.619845139132382
2.517031000003218	5.619846510272055
2.5170320000032183	5.619847920563711
2.5170330000032184	5.61984936991028
2.5170340000032185	5.619850858213906
2.5170350000032187	5.619852385375934
2.517036000003219	5.619853951296903
2.517037000003219	5.619855555876538
2.517038000003219	5.619857199013775
2.5170390000032192	5.619858880606764
2.5170400000032194	5.6198606005528635
2.5170410000032195	5.619862358748655
2.5170420000032196	5.619864155089955
2.51704300000322	5.619865989471788
2.51704400000322	5.6198678617884354
2.51704500000322	5.619869771933417
2.51704600000322	5.6198717197995345
2.5170470000032203	5.619873705278815
2.5170480000032205	5.6198757282625165
2.5170490000032206	5.619877788641188
2.5170500000032208	5.619879886304666
2.517051000003221	5.619882021166432
2.517052000003221	5.619884193096829
2.517053000003221	5.619886401977309
2.5170540000032213	5.619888647694819
2.5170550000032215	5.619890930135659
2.5170560000032216	5.619893249185426
2.5170570000032217	5.619895604729054
2.517058000003222	5.6198979966507965
2.517059000003222	5.619900424834248
2.517060000003222	5.6199028891623355
2.5170610000032223	5.6199053895173385
2.5170620000032224	5.6199079257808915
2.5170630000032226	5.619910497833985
2.5170640000032227	5.619913105556991
2.517065000003223	5.619915748829639
2.517066000003223	5.619918427531051
2.517067000003223	5.619921141539734
2.5170680000032233	5.619923890736777
2.5170690000032234	5.619926674996484
2.5170700000032236	5.61992949419542
2.5170710000032237	5.619932348209529
2.517072000003224	5.61993523691448
2.517073000003224	5.619938160185304
2.517074000003224	5.619941117896419
2.5170750000032243	5.619944109921698
2.5170760000032244	5.6199471361344635
2.5170770000032245	5.619950196407523
2.5170780000032247	5.6199532906131235
2.517079000003225	5.619956418622963
2.517080000003225	5.619959580308237
2.517081000003225	5.619962775539627
2.5170820000032252	5.619966004187311
2.5170830000032254	5.619969266120965
2.5170840000032255	5.6199725612097735
2.5170850000032257	5.619975889322428
2.517086000003226	5.619979250327144
2.517087000003226	5.619982644091661
2.517088000003226	5.61998607048325
2.517089000003226	5.619989529368718
2.5170900000032264	5.61999302061442
2.5170910000032265	5.619996544086049
2.5170920000032266	5.620000099649229
2.5170930000032268	5.620003687169043
2.517094000003227	5.620007306510314
2.517095000003227	5.6200109575368105
2.517096000003227	5.620014640112426
2.5170970000032273	5.620018354100555
2.5170980000032275	5.620022099364106
2.5170990000032276	5.620025875765614
2.5171000000032278	5.620029683167212
2.517101000003228	5.6200335214306465
2.517102000003228	5.620037390417284
2.517103000003228	5.620041289988109
2.5171040000032283	5.620045220003731
2.5171050000032285	5.620049180324396
2.5171060000032286	5.6200531708099835
2.5171070000032287	5.620057191320013
2.517108000003229	5.62006124171366
2.517109000003229	5.620065321849748
2.517110000003229	5.620069431586748
2.5171110000032293	5.620073570782809
2.5171120000032294	5.620077739295737
2.5171130000032296	5.620081936983014
2.5171140000032297	5.620086163701797
2.51711500000323	5.620090419308854
2.51711600000323	5.620094703660774
2.51711700000323	5.62009901661377
2.5171180000032303	5.620103358023743
2.5171190000032304	5.6201077277462925
2.5171200000032306	5.620112125636731
2.5171210000032307	5.620116551550061
2.517122000003231	5.620121005340999
2.517123000003231	5.620125486863982
2.517124000003231	5.620129995973154
2.5171250000032312	5.620134532522391
2.5171260000032314	5.620139096365278
2.5171270000032315	5.620143687355144
2.5171280000032317	5.620148305345034
2.517129000003232	5.620152950187739
2.517130000003232	5.620157621735786
2.517131000003232	5.620162319841438
2.5171320000032322	5.620167044356707
2.5171330000032324	5.620171795133346
2.5171340000032325	5.620176572022889
2.5171350000032326	5.620181374876594
2.517136000003233	5.6201862035454555
2.517137000003233	5.620191057880246
2.517138000003233	5.620195937731501
2.517139000003233	5.620200842949524
2.5171400000032333	5.620205773384379
2.5171410000032335	5.620210728885904
2.5171420000032336	5.620215709303701
2.5171430000032338	5.620220714487157
2.517144000003234	5.620225744285427
2.517145000003234	5.620230798547448
2.517146000003234	5.620235877121938
2.5171470000032343	5.620240979857397
2.5171480000032345	5.620246106602106
2.5171490000032346	5.620251257204147
2.5171500000032347	5.62025643151138
2.517151000003235	5.62026162937146
2.517152000003235	5.620266850631838
2.517153000003235	5.620272095139754
2.5171540000032353	5.620277362742253
2.5171550000032354	5.620282653286177
2.5171560000032356	5.62028796661817
2.5171570000032357	5.620293302584678
2.517158000003236	5.62029866103195
2.517159000003236	5.620304041806048
2.517160000003236	5.620309444752842
2.5171610000032363	5.620314869718011
2.5171620000032364	5.62032031654704
2.5171630000032366	5.620325785085243
2.5171640000032367	5.6203312751777394
2.517165000003237	5.620336786669467
2.517166000003237	5.620342319405188
2.517167000003237	5.620347873229479
2.5171680000032373	5.620353447986749
2.5171690000032374	5.6203590435212245
2.5171700000032375	5.620364659676964
2.5171710000032377	5.620370296297851
2.517172000003238	5.6203759532275965
2.517173000003238	5.620381630309753
2.517174000003238	5.620387327387697
2.5171750000032382	5.620393044304652
2.5171760000032384	5.620398780903668
2.5171770000032385	5.620404537027638
2.5171780000032387	5.620410312519306
2.517179000003239	5.620416107221241
2.517180000003239	5.6204219209758755
2.517181000003239	5.620427753625478
2.517182000003239	5.620433605012172
2.5171830000032394	5.620439474977932
2.5171840000032395	5.6204453633645794
2.5171850000032396	5.620451270013809
2.5171860000032398	5.62045719476699
2.51718700000324	5.620463137465653
2.51718800000324	5.620469097951095
2.51718900000324	5.62047507606445
2.5171900000032403	5.62048107164671
2.5171910000032405	5.620487084538739
2.5171920000032406	5.62049311458128
2.5171930000032408	5.620499161614939
2.517194000003241	5.620505225480204
2.517195000003241	5.620511306017448
2.517196000003241	5.620517403066921
2.5171970000032413	5.62052351646875
2.5171980000032415	5.620529646062969
2.5171990000032416	5.6205357916894885
2.5172000000032417	5.620541953188118
2.517201000003242	5.620548130398535
2.517202000003242	5.6205543231603645
2.517203000003242	5.620560531313116
2.5172040000032423	5.620566754696203
2.5172050000032424	5.620572993148938
2.5172060000032426	5.620579246510566
2.5172070000032427	5.62058551462023
2.517208000003243	5.620591797316996
2.517209000003243	5.620598094439849
2.517210000003243	5.6206044058277005
2.5172110000032433	5.620610731319397
2.5172120000032434	5.620617070753717
2.5172130000032436	5.6206234239693735
2.5172140000032437	5.620629790805018
2.517215000003244	5.620636171099247
2.517216000003244	5.620642564690611
2.517217000003244	5.6206489714176
2.5172180000032442	5.620655391118674
2.5172190000032444	5.620661823632243
2.5172200000032445	5.620668268796693
2.5172210000032447	5.620674726450368
2.517222000003245	5.620681196431584
2.517223000003245	5.620687678578642
2.517224000003245	5.620694172729818
2.5172250000032452	5.620700678723382
2.5172260000032454	5.620707196397588
2.5172270000032455	5.62071372559069
2.5172280000032456	5.620720266140935
2.517229000003246	5.6207268178865775
2.517230000003246	5.6207333806658895
2.517231000003246	5.620739954317148
2.517232000003246	5.620746538678652
2.5172330000032463	5.620753133588723
2.5172340000032465	5.620759738885712
2.5172350000032466	5.620766354408014
2.5172360000032468	5.620772979994045
2.517237000003247	5.620779615482284
2.517238000003247	5.620786260711255
2.517239000003247	5.62079291551952
2.5172400000032473	5.620799579740911
2.5172410000032475	5.620806253213535
2.5172420000032476	5.620812935781652
2.5172430000032477	5.620819627284094
2.517244000003248	5.6208263275597865
2.517245000003248	5.620833036447752
2.517246000003248	5.620839753787101
2.5172470000032483	5.620846479417049
2.5172480000032484	5.620853213176905
2.5172490000032486	5.620859954906102
2.5172500000032487	5.620866704444177
2.517251000003249	5.620873461630802
2.517252000003249	5.6208802263057605
2.517253000003249	5.620886998308986
2.5172540000032493	5.620893777480539
2.5172550000032494	5.62090056366064
2.5172560000032496	5.620907356689646
2.5172570000032497	5.620914156408077
2.51725800000325	5.620920962656617
2.51725900000325	5.620927775276121
2.51726000000325	5.620934594107611
2.5172610000032503	5.620941418992306
2.5172620000032504	5.620948249771593
2.5172630000032505	5.620955086287068
2.5172640000032507	5.620961928380516
2.517265000003251	5.620968775893936
2.517266000003251	5.6209756286695365
2.517267000003251	5.620982486549739
2.5172680000032512	5.620989349377196
2.5172690000032514	5.620996216994781
2.5172700000032515	5.621003089245607
2.5172710000032517	5.621009965973038
2.517272000003252	5.6210168470206785
2.517273000003252	5.621023732232383
2.517274000003252	5.6210306214522765
2.517275000003252	5.621037514524742
2.5172760000032524	5.621044411294446
2.5172770000032525	5.6210513116063305
2.5172780000032526	5.621058215305614
2.5172790000032528	5.621065122237805
2.517280000003253	5.621072032248726
2.517281000003253	5.621078945184484
2.517282000003253	5.621085860891507
2.5172830000032533	5.6210927792165295
2.5172840000032535	5.62109970000663
2.5172850000032536	5.621106623109175
2.5172860000032538	5.621113548371882
2.517287000003254	5.621120475642825
2.517288000003254	5.621127404770401
2.517289000003254	5.621134335603368
2.5172900000032543	5.621141267990837
2.5172910000032545	5.621148201782285
2.5172920000032546	5.621155136827559
2.5172930000032547	5.621162072976874
2.517294000003255	5.621169010080824
2.517295000003255	5.621175947990382
2.517296000003255	5.621182886556929
2.5172970000032553	5.621189825632239
2.5172980000032554	5.62119676506848
2.5172990000032556	5.621203704718231
2.5173000000032557	5.621210644434486
2.517301000003256	5.621217584070659
2.517302000003256	5.621224523480585
2.517303000003256	5.621231462518526
2.5173040000032563	5.621238401039192
2.5173050000032564	5.621245338897718
2.5173060000032565	5.621252275949693
2.5173070000032567	5.6212592120511555
2.517308000003257	5.621266147058599
2.517309000003257	5.621273080828978
2.517310000003257	5.621280013219714
2.5173110000032572	5.621286944088697
2.5173120000032574	5.621293873294296
2.5173130000032575	5.6213008006953675
2.5173140000032577	5.621307726151241
2.517315000003258	5.621314649521738
2.517316000003258	5.621321570667184
2.517317000003258	5.6213284894483975
2.5173180000032582	5.621335405726712
2.5173190000032584	5.621342319363956
2.5173200000032585	5.621349230222484
2.5173210000032586	5.621356138165162
2.517322000003259	5.621363043055379
2.517323000003259	5.62136994475706
2.517324000003259	5.621376843134651
2.517325000003259	5.621383738053136
2.5173260000032593	5.621390629378039
2.5173270000032595	5.621397516975434
2.5173280000032596	5.621404400711935
2.5173290000032598	5.621411280437041
2.51733000000326	5.621418156025715
2.51733100000326	5.621425027356332
2.51733200000326	5.621431894297754
2.5173330000032603	5.621438756719402
2.5173340000032605	5.621445614491269
2.5173350000032606	5.621452467483918
2.5173360000032607	5.6214593155684955
2.517337000003261	5.621466158616734
2.517338000003261	5.621472996500945
2.517339000003261	5.62147982909403
2.5173400000032613	5.621486656269484
2.5173410000032614	5.621493477901403
2.5173420000032616	5.6215002938644725
2.5173430000032617	5.621507104033981
2.517344000003262	5.6215139082858245
2.517345000003262	5.621520706496509
2.517346000003262	5.621527498543151
2.5173470000032623	5.62153428430348
2.5173480000032624	5.621541063655844
2.5173490000032626	5.621547836479201
2.5173500000032627	5.621554602653141
2.517351000003263	5.621561362057876
2.517352000003263	5.621568114574243
2.517353000003263	5.62157486008371
2.5173540000032633	5.6215815984683735
2.5173550000032634	5.621588329610967
2.5173560000032635	5.621595053394859
2.5173570000032637	5.621601769704059
2.517358000003264	5.621608478423214
2.517359000003264	5.621615179437612
2.517360000003264	5.621621872633191
2.5173610000032642	5.621628557896536
2.5173620000032644	5.621635235114867
2.5173630000032645	5.62164190417607
2.5173640000032647	5.621648564968678
2.517365000003265	5.621655217381884
2.517366000003265	5.621661861305532
2.517367000003265	5.621668496633931
2.517368000003265	5.621675123262616
2.5173690000032654	5.621681741071778
2.5173700000032655	5.621688349954523
2.5173710000032656	5.6216949498068205
2.5173720000032658	5.6217015405224675
2.517373000003266	5.621708121995915
2.517374000003266	5.621714694122289
2.517375000003266	5.621721256797378
2.5173760000032663	5.621727809917641
2.5173770000032665	5.6217343533801545
2.5173780000032666	5.621740887082729
2.5173790000032668	5.6217474109238434
2.517380000003267	5.62175392480262
2.517381000003267	5.621760428618856
2.517382000003267	5.621766922273015
2.5173830000032673	5.621773405666236
2.5173840000032675	5.621779878700322
2.5173850000032676	5.621786341277756
2.5173860000032677	5.621792793301749
2.517387000003268	5.621799234676085
2.517388000003268	5.621805665305216
2.517389000003268	5.621812085094306
2.5173900000032683	5.62181849394918
2.5173910000032684	5.621824891776339
2.5173920000032686	5.62183127848295
2.5173930000032687	5.621837653976855
2.517394000003269	5.621844018166558
2.517395000003269	5.621850370961234
2.517396000003269	5.6218567122707235
2.5173970000032693	5.621863042005537
2.5173980000032694	5.6218693600768574
2.5173990000032695	5.621875666396517
2.5174000000032697	5.621881960877024
2.51740100000327	5.621888243431544
2.51740200000327	5.621894513973913
2.51740300000327	5.621900772418617
2.5174040000032702	5.621907018680813
2.5174050000032704	5.621913252676309
2.5174060000032705	5.621919474321572
2.5174070000032707	5.621925683533727
2.517408000003271	5.62193188023055
2.517409000003271	5.621938064330472
2.517410000003271	5.621944235752577
2.5174110000032712	5.621950394416591
2.5174120000032714	5.621956540242895
2.5174130000032715	5.621962673152513
2.5174140000032716	5.62196879306711
2.517415000003272	5.62197489990899
2.517416000003272	5.621980993601104
2.517417000003272	5.621987074067038
2.517418000003272	5.621993141231026
2.5174190000032723	5.621999195017917
2.5174200000032725	5.622005235353193
2.5174210000032726	5.622011262162961
2.5174220000032728	5.622017275373969
2.517423000003273	5.622023274913564
2.517424000003273	5.622029260709738
2.517425000003273	5.622035232691084
2.5174260000032733	5.6220411907868195
2.5174270000032735	5.622047134926757
2.5174280000032736	5.622053065041327
2.5174290000032737	5.622058981061585
2.517430000003274	5.622064882919179
2.517431000003274	5.622070770546345
2.517432000003274	5.622076643875929
2.5174330000032743	5.622082502841363
2.5174340000032744	5.622088347376669
2.5174350000032746	5.6220941774164634
2.5174360000032747	5.622099992895938
2.517437000003275	5.6221057937508645
2.517438000003275	5.622111579917587
2.517439000003275	5.622117351333034
2.5174400000032753	5.622123107934694
2.5174410000032754	5.622128849660623
2.5174420000032756	5.622134576449438
2.5174430000032757	5.622140288240315
2.517444000003276	5.622145984972981
2.517445000003276	5.6221516665877145
2.517446000003276	5.622157333025342
2.5174470000032763	5.622162984227242
2.5174480000032764	5.622168620135298
2.5174490000032765	5.622174240691948
2.5174500000032767	5.622179845840155
2.517451000003277	5.6221854355234155
2.517452000003277	5.622191009685734
2.517453000003277	5.6221965682716375
2.5174540000032772	5.622202111226165
2.5174550000032774	5.622207638494858
2.5174560000032775	5.622213150023768
2.5174570000032777	5.622218645759448
2.517458000003278	5.6222241256489385
2.517459000003278	5.6222295896397565
2.517460000003278	5.622235037679912
2.517461000003278	5.622240469717901
2.5174620000032784	5.622245885702685
2.5174630000032785	5.622251285583705
2.5174640000032786	5.622256669310856
2.5174650000032788	5.622262036834504
2.517466000003279	5.62226738810546
2.517467000003279	5.622272723074985
2.517468000003279	5.622278041694806
2.5174690000032793	5.622283343917077
2.5174700000032795	5.622288629694393
2.5174710000032796	5.622293898979773
2.5174720000032798	5.622299151726667
2.51747300000328	5.622304387888941
2.51747400000328	5.622309607420879
2.51747500000328	5.6223148102771745
2.5174760000032803	5.622319996412896
2.5174770000032805	5.622325165783564
2.5174780000032806	5.6223303183450835
2.5174790000032807	5.62233545405375
2.517480000003281	5.622340572866232
2.517481000003281	5.622345674739585
2.517482000003281	5.622350759631243
2.5174830000032813	5.6223558274990015
2.5174840000032814	5.622360878301025
2.5174850000032816	5.622365911995834
2.5174860000032817	5.622370928542281
2.517487000003282	5.622375927899589
2.517488000003282	5.6223809100272115
2.517489000003282	5.622385874885258
2.5174900000032823	5.622390822433893
2.5174910000032824	5.622395752633714
2.5174920000032825	5.622400665445646
2.5174930000032827	5.622405560830905
2.517494000003283	5.622410438751001
2.517495000003283	5.622415299167781
2.517496000003283	5.622420142043391
2.5174970000032832	5.622424967340275
2.5174980000032834	5.622429775021176
2.5174990000032835	5.6224345650491205
2.5175000000032837	5.622439337387436
2.517501000003284	5.6224440919997125
2.517502000003284	5.622448828849782
2.517503000003284	5.622453547901808
2.5175040000032842	5.622458249120215
2.5175050000032844	5.622462932469669
2.5175060000032845	5.6224675979151
2.5175070000032846	5.622472245421688
2.517508000003285	5.622476874954853
2.517509000003285	5.622481486480262
2.517510000003285	5.6224860799638225
2.517511000003285	5.622490655371672
2.5175120000032853	5.622495212670181
2.5175130000032855	5.6224997518259405
2.5175140000032856	5.622504272805771
2.5175150000032858	5.622508775576695
2.517516000003286	5.622513260105965
2.517517000003286	5.622517726361025
2.517518000003286	5.622522174309531
2.5175190000032863	5.622526603919342
2.5175200000032865	5.622531015158521
2.5175210000032866	5.622535407995298
2.5175220000032867	5.622539782398104
2.517523000003287	5.622544138335556
2.517524000003287	5.622548475776454
2.517525000003287	5.622552794689782
2.5175260000032873	5.622557095044668
2.5175270000032874	5.622561376810424
2.5175280000032876	5.622565639956538
2.5175290000032877	5.622569884452649
2.517530000003288	5.622574110268563
2.517531000003288	5.622578317374239
2.517532000003288	5.6225825057397785
2.5175330000032883	5.62258667533545
2.5175340000032884	5.622590826131656
2.5175350000032886	5.62259495809894
2.5175360000032887	5.622599071207997
2.517537000003289	5.622603165429654
2.517538000003289	5.6226072407348635
2.517539000003289	5.622611297094715
2.5175400000032893	5.622615334480428
2.5175410000032894	5.6226193528633415
2.5175420000032895	5.62262335221492
2.5175430000032897	5.622627332506749
2.51754400000329	5.622631293710532
2.51754500000329	5.622635235798082
2.51754600000329	5.622639158741328
2.5175470000032902	5.622643062512311
2.5175480000032904	5.622646947083178
2.5175490000032905	5.622650812426175
2.5175500000032907	5.622654658513656
2.517551000003291	5.622658485318083
2.517552000003291	5.622662292812003
2.517553000003291	5.622666080968067
2.517554000003291	5.622669849759014
2.5175550000032914	5.622673599157684
2.5175560000032915	5.622677329137006
2.5175570000032916	5.6226810396699936
2.5175580000032918	5.622684730729746
2.517559000003292	5.622688402289447
2.517560000003292	5.622692054322371
2.517561000003292	5.622695686801869
2.5175620000032923	5.622699299701374
2.5175630000032925	5.622702892994386
2.5175640000032926	5.622706466654499
2.5175650000032928	5.622710020655373
2.517566000003293	5.622713554970735
2.517567000003293	5.6227170695743975
2.517568000003293	5.622720564440233
2.5175690000032933	5.622724039542191
2.5175700000032935	5.622727494854283
2.5175710000032936	5.622730930350589
2.5175720000032937	5.622734346005253
2.517573000003294	5.622737741792487
2.517574000003294	5.622741117686546
2.517575000003294	5.622744473661775
2.5175760000032943	5.622747809692563
2.5175770000032944	5.622751125753369
2.5175780000032946	5.622754421818698
2.5175790000032947	5.622757697863122
2.517580000003295	5.622760953861259
2.517581000003295	5.622764189787789
2.517582000003295	5.622767405617435
2.5175830000032953	5.622770601324985
2.5175840000032954	5.622773776885272
2.5175850000032955	5.622776932273181
2.5175860000032957	5.622780067463644
2.517587000003296	5.622783182431647
2.517588000003296	5.622786277152212
2.517589000003296	5.622789351600415
2.5175900000032962	5.622792405751378
2.5175910000032964	5.622795439580259
2.5175920000032965	5.6227984530622654
2.5175930000032967	5.6228014461726525
2.517594000003297	5.622804418886707
2.517595000003297	5.622807371179757
2.517596000003297	5.622810303027179
2.5175970000032972	5.622813214404372
2.5175980000032974	5.622816105286789
2.5175990000032975	5.6228189756499045
2.5176000000032976	5.622821825469236
2.517601000003298	5.622824654720332
2.517602000003298	5.622827463378768
2.517603000003298	5.622830251420164
2.517604000003298	5.622833018820165
2.5176050000032983	5.622835765554446
2.5176060000032985	5.622838491598557
2.5176070000032986	5.622841196928298
2.5176080000032988	5.622843881519511
2.517609000003299	5.622846545347951
2.517610000003299	5.6228491883894
2.517611000003299	5.622851810619743
2.5176120000032993	5.622854412014832
2.5176130000032995	5.622856992550544
2.5176140000032996	5.62285955220277
2.5176150000032997	5.622862090947422
2.5176160000033	5.622864608760429
2.5176170000033	5.622867105617729
2.5176180000033	5.622869581495286
2.5176190000033003	5.622872036369074
2.5176200000033004	5.622874470215074
2.5176210000033006	5.6228768830092815
2.5176220000033007	5.622879274727701
2.517623000003301	5.6228816453463475
2.517624000003301	5.62288399484124
2.517625000003301	5.622886323188408
2.5176260000033013	5.622888630363878
2.5176270000033014	5.622890916343681
2.5176280000033016	5.622893181103853
2.5176290000033017	5.622895424620425
2.517630000003302	5.622897646869435
2.517631000003302	5.622899847826912
2.517632000003302	5.622902027468885
2.5176330000033023	5.622904185771366
2.5176340000033024	5.622906322710375
2.5176350000033025	5.622908438261918
2.5176360000033027	5.622910532401986
2.517637000003303	5.622912605106566
2.517638000003303	5.622914656351627
2.517639000003303	5.6229166861131255
2.5176400000033032	5.622918694367005
2.5176410000033034	5.622920681089185
2.5176420000033035	5.6229226462555735
2.5176430000033037	5.622924589842058
2.517644000003304	5.622926511824498
2.517645000003304	5.6229284121787595
2.517646000003304	5.6229302908806265
2.517647000003304	5.622932147905979
2.5176480000033044	5.622933983230573
2.5176490000033045	5.622935796830078
2.5176500000033046	5.622937588680197
2.5176510000033048	5.622939358756613
2.517652000003305	5.622941107034959
2.517653000003305	5.622942833490846
2.517654000003305	5.62294453809984
2.5176550000033053	5.622946220837482
2.5176560000033055	5.622947881679273
2.5176570000033056	5.6229495206006685
2.5176580000033058	5.62295113757709
2.517659000003306	5.62295273258392
2.517660000003306	5.622954305596494
2.517661000003306	5.622955856590108
2.5176620000033063	5.622957385540008
2.5176630000033065	5.622958892421406
2.5176640000033066	5.622960377209453
2.5176650000033067	5.622961839879267
2.517666000003307	5.62296328040591
2.517667000003307	5.622964698764402
2.517668000003307	5.622966094929689
2.5176690000033073	5.6229674688766975
2.5176700000033074	5.622968820580307
2.5176710000033076	5.6229701500153295
2.5176720000033077	5.622971457156525
2.517673000003308	5.62297274197861
2.517674000003308	5.622974004456245
2.517675000003308	5.62297524456404
2.5176760000033083	5.622976462276551
2.5176770000033084	5.622977657568276
2.5176780000033085	5.622978830413671
2.5176790000033087	5.622979980787131
2.517680000003309	5.622981108662999
2.517681000003309	5.622982214015574
2.517682000003309	5.622983296819098
2.5176830000033092	5.622984357047757
2.5176840000033094	5.622985394675695
2.5176850000033095	5.622986409676993
2.5176860000033097	5.62298740202569
2.51768700000331	5.622988371695784
2.51768800000331	5.622989318658878
2.51768900000331	5.622990242890208
2.5176900000033102	5.622991144364688
2.5176910000033104	5.622992023056129
2.5176920000033105	5.6229928789382955
2.5176930000033106	5.622993711984907
2.517694000003311	5.622994522169649
2.517695000003311	5.622995309466161
2.517696000003311	5.622996073848051
2.517697000003311	5.622996815288894
2.5176980000033113	5.622997533762231
2.5176990000033115	5.6229982292415706
2.5177000000033116	5.622998901700397
2.5177010000033118	5.622999551112163
2.517702000003312	5.623000177450302
2.517703000003312	5.623000780688228
2.517704000003312	5.623001360799331
2.5177050000033123	5.623001917756996
2.5177060000033125	5.62300245153459
2.5177070000033126	5.623002962105476
2.5177080000033127	5.623003449443004
2.517709000003313	5.623003913520527
2.517710000003313	5.623004354311402
2.517711000003313	5.623004771788986
2.5177120000033133	5.623005165926653
2.5177130000033134	5.623005536697785
2.5177140000033136	5.623005884075782
2.5177150000033137	5.623006208034054
2.517716000003314	5.623006508546067
2.517717000003314	5.623006785585296
2.517718000003314	5.62300703912526
2.5177190000033143	5.623007269139516
2.5177200000033144	5.623007475601666
2.5177210000033146	5.623007658485354
2.5177220000033147	5.623007817764285
2.517723000003315	5.6230079534122375
2.517724000003315	5.623008065403039
2.517725000003315	5.623008153710601
2.5177260000033153	5.623008218308906
2.5177270000033154	5.62300825917202
2.5177280000033155	5.623008276274096
2.5177290000033157	5.623008269589387
2.517730000003316	5.623008239092247
2.517731000003316	5.623008184757136
2.517732000003316	5.623008106558631
2.5177330000033162	5.623008004471428
2.5177340000033164	5.623007878470349
2.5177350000033165	5.623007728530354
2.5177360000033167	5.623007554626544
2.517737000003317	5.623007356734163
2.517738000003317	5.623007134828615
2.517739000003317	5.6230068888854685
2.517740000003317	5.623006618880455
2.5177410000033174	5.623006324789489
2.5177420000033175	5.623006006588667
2.5177430000033176	5.623005664254281
2.5177440000033178	5.62300529776283
2.517745000003318	5.623004907091011
2.517746000003318	5.623004492215721
2.517747000003318	5.623004053114105
2.5177480000033183	5.623003589763526
2.5177490000033185	5.62300310214159
2.5177500000033186	5.623002590226155
2.5177510000033188	5.623002053995331
2.517752000003319	5.623001493427491
2.517753000003319	5.623000908501285
2.517754000003319	5.62300029919564
2.5177550000033193	5.62299966548977
2.5177560000033194	5.622999007363197
2.5177570000033196	5.622998324795737
2.5177580000033197	5.622997617767529
2.51775900000332	5.6229968862590365
2.51776000000332	5.622996130251053
2.51776100000332	5.622995349724705
2.5177620000033203	5.622994544661482
2.5177630000033204	5.622993715043234
2.5177640000033206	5.622992860852155
2.5177650000033207	5.622991982070844
2.517766000003321	5.622991078682268
2.517767000003321	5.622990150669796
2.517768000003321	5.622989198017196
2.5177690000033213	5.622988220708643
2.5177700000033214	5.622987218728739
2.5177710000033215	5.622986192062522
2.5177720000033217	5.622985140695468
2.517773000003322	5.622984064613494
2.517774000003322	5.622982963802972
2.517775000003322	5.622981838250747
2.5177760000033222	5.622980687944141
2.5177770000033224	5.622979512870949
2.5177780000033225	5.622978313019472
2.5177790000033227	5.622977088378502
2.517780000003323	5.622975838937347
2.517781000003323	5.622974564685836
2.517782000003323	5.622973265614325
2.5177830000033232	5.622971941713704
2.5177840000033234	5.6229705929754195
2.5177850000033235	5.622969219391469
2.5177860000033236	5.622967820954409
2.517787000003324	5.622966397657378
2.517788000003324	5.622964949494095
2.517789000003324	5.622963476458865
2.517790000003324	5.6229619785466065
2.5177910000033243	5.622960455752828
2.5177920000033245	5.622958908073666
2.5177930000033246	5.622957335505884
2.5177940000033248	5.6229557380468735
2.517795000003325	5.622954115694682
2.517796000003325	5.622952468447996
2.517797000003325	5.622950796306168
2.5177980000033253	5.622949099269219
2.5177990000033255	5.622947377337856
2.5178000000033256	5.6229456305134615
2.5178010000033257	5.622943858798114
2.517802000003326	5.622942062194596
2.517803000003326	5.6229402407064075
2.517804000003326	5.622938394337757
2.5178050000033263	5.622936523093586
2.5178060000033264	5.622934626979596
2.5178070000033266	5.622932706004311
2.5178080000033267	5.62293076017386
2.517809000003327	5.622928789495096
2.517810000003327	5.622926793976666
2.517811000003327	5.622924773628052
2.5178120000033273	5.622922728459511
2.5178130000033274	5.62292065848209
2.5178140000033276	5.6229185637076355
2.5178150000033277	5.6229164441488075
2.517816000003328	5.622914299819069
2.517817000003328	5.622912130732709
2.517818000003328	5.622909936904841
2.5178190000033283	5.622907718351412
2.5178200000033284	5.622905475089207
2.5178210000033285	5.62290320713588
2.5178220000033287	5.622900914509921
2.517823000003329	5.622898597230691
2.517824000003329	5.62289625532225
2.517825000003329	5.622893888799977
2.5178260000033292	5.622891497689705
2.5178270000033294	5.622889082014327
2.5178280000033295	5.622886641795704
2.5178290000033297	5.622884177058483
2.51783000000333	5.622881687828229
2.51783100000333	5.622879174131416
2.51783200000333	5.622876635995431
2.51783300000333	5.622874073448598
2.5178340000033304	5.6228714865201495
2.5178350000033305	5.622868875240255
2.5178360000033306	5.622866239640018
2.5178370000033308	5.622863579751498
2.517838000003331	5.622860895607687
2.517839000003331	5.62285818724253
2.517840000003331	5.622855454690923
2.5178410000033313	5.6228526979887254
2.5178420000033315	5.622849917172746
2.5178430000033316	5.6228471122807715
2.5178440000033318	5.622844283351549
2.517845000003332	5.622841430424795
2.517846000003332	5.622838553541204
2.517847000003332	5.622835652742447
2.5178480000033323	5.6228327280711685
2.5178490000033324	5.622829779570995
2.5178500000033326	5.622826807286539
2.5178510000033327	5.622823811263403
2.517852000003333	5.622820791547056
2.517853000003333	5.6228177481855655
2.517854000003333	5.622814681228095
2.5178550000033333	5.622811590724198
2.5178560000033334	5.622808476724412
2.5178570000033336	5.622805339280252
2.5178580000033337	5.622802178444232
2.517859000003334	5.622798994269854
2.517860000003334	5.622795786811614
2.517861000003334	5.622792556124998
2.5178620000033343	5.622789302266479
2.5178630000033344	5.6227860252935065
2.5178640000033345	5.6227827252645275
2.5178650000033347	5.622779402238965
2.517866000003335	5.622776056277228
2.517867000003335	5.622772687440709
2.517868000003335	5.622769295791767
2.5178690000033352	5.622765881393753
2.5178700000033354	5.62276244431098
2.5178710000033355	5.622758984608726
2.5178720000033357	5.622755502353252
2.517873000003336	5.622751997611776
2.517874000003336	5.622748470452469
2.517875000003336	5.622744920944468
2.5178760000033362	5.622741349157863
2.5178770000033364	5.622737755163691
2.5178780000033365	5.622734139033929
2.5178790000033366	5.62273050084151
2.517880000003337	5.622726840660288
2.517881000003337	5.622723158565063
2.517882000003337	5.622719454631552
2.517883000003337	5.622715728936397
2.5178840000033373	5.622711981557165
2.5178850000033375	5.622708212572335
2.5178860000033376	5.622704422061292
2.5178870000033378	5.622700610104322
2.517888000003338	5.622696776782615
2.517889000003338	5.622692922178249
2.517890000003338	5.62268904637419
2.5178910000033383	5.622685149454296
2.5178920000033385	5.6226812315032895
2.5178930000033386	5.622677292606769
2.5178940000033387	5.622673332851202
2.517895000003339	5.622669352323912
2.517896000003339	5.622665351113088
2.517897000003339	5.622661329307755
2.5178980000033393	5.6226572869977876
2.5178990000033394	5.62265322427391
2.5179000000033396	5.622649141227666
2.5179010000033397	5.622645037951438
2.51790200000334	5.622640914538424
2.51790300000334	5.622636771082651
2.51790400000334	5.622632607678948
2.5179050000033403	5.622628424422952
2.5179060000033404	5.622624221411114
2.5179070000033406	5.622619998740657
2.5179080000033407	5.62261575650961
2.517909000003341	5.6226114948168195
2.517910000003341	5.62260721376189
2.517911000003341	5.622602913445211
2.5179120000033413	5.622598593967938
2.5179130000033414	5.622594255432004
2.5179140000033415	5.6225898979401
2.5179150000033417	5.622585521595682
2.517916000003342	5.6225811265029675
2.517917000003342	5.622576712766916
2.517918000003342	5.622572280493244
2.5179190000033422	5.622567829788414
2.5179200000033424	5.622563360759623
2.5179210000033425	5.622558873514806
2.5179220000033427	5.622554368162636
2.517923000003343	5.622549844812509
2.517924000003343	5.622545303574554
2.517925000003343	5.6225407445596165
2.517926000003343	5.622536167873864
2.5179270000033434	5.622531573632718
2.5179280000033435	5.622526961951419
2.5179290000033436	5.622522332943717
2.5179300000033438	5.622517686724016
2.517931000003344	5.622513023407403
2.517932000003344	5.622508343109692
2.517933000003344	5.622503645947407
2.5179340000033443	5.622498932037751
2.5179350000033445	5.6224942014986174
2.5179360000033446	5.622489454448585
2.5179370000033447	5.622484691006918
2.517938000003345	5.622479911293546
2.517939000003345	5.622475115429089
2.517940000003345	5.622470303534834
2.5179410000033453	5.622465475732789
2.5179420000033454	5.622460632145562
2.5179430000033456	5.622455772896397
2.5179440000033457	5.622450898109238
2.517945000003346	5.62244600790868
2.517946000003346	5.62244110241997
2.517947000003346	5.622436181769004
2.5179480000033463	5.62243124608231
2.5179490000033464	5.622426295487065
2.5179500000033466	5.6224213301110755
2.5179510000033467	5.622416350082783
2.517952000003347	5.622411355531242
2.517953000003347	5.62240634658614
2.517954000003347	5.622401323377772
2.5179550000033473	5.622396286037045
2.5179560000033474	5.622391234695473
2.5179570000033475	5.622386169485167
2.5179580000033477	5.622381090538835
2.517959000003348	5.622375997989777
2.517960000003348	5.622370891971878
2.517961000003348	5.622365772619588
2.5179620000033482	5.622360640067941
2.5179630000033484	5.6223554944525365
2.5179640000033485	5.622350335909531
2.5179650000033487	5.622345164575639
2.517966000003349	5.622339980588118
2.517967000003349	5.622334784084769
2.517968000003349	5.6223295752039295
2.5179690000033492	5.622324354084462
2.5179700000033494	5.622319120865749
2.5179710000033495	5.622313875687699
2.5179720000033496	5.622308618690711
2.51797300000335	5.622303350015703
2.51797400000335	5.622298069804075
2.51797500000335	5.622292778197738
2.51797600000335	5.622287475339071
2.5179770000033503	5.622282161370894
2.5179780000033505	5.62227683643652
2.5179790000033506	5.622271500679726
2.5179800000033508	5.6222661542447305
2.517981000003351	5.622260797276214
2.517982000003351	5.622255429919294
2.517983000003351	5.62225005231951
2.5179840000033513	5.622244664622833
2.5179850000033515	5.622239266975657
2.5179860000033516	5.622233859524788
2.5179870000033517	5.622228442417436
2.517988000003352	5.62222301580122
2.517989000003352	5.62221757982415
2.517990000003352	5.622212134634621
2.5179910000033523	5.62220668038142
2.5179920000033524	5.622201217213713
2.5179930000033526	5.6221957452810285
2.5179940000033527	5.622190264733271
2.517995000003353	5.622184775720706
2.517996000003353	5.622179278393957
2.517997000003353	5.622173772903999
2.5179980000033533	5.622168259402161
2.5179990000033534	5.622162738040114
2.5180000000033536	5.6221572089698295
2.5180010000033537	5.622151672343692
2.518002000003354	5.622146128314392
2.518003000003354	5.6221405770349415
2.518004000003354	5.622135018658679
2.5180050000033543	5.6221294533392765
2.5180060000033544	5.622123881231429
2.5180070000033545	5.62211830248945
2.5180080000033547	5.622112717267288
2.518009000003355	5.622107125719875
2.518010000003355	5.622101528002446
2.518011000003355	5.622095924270561
2.5180120000033552	5.622090314680082
2.5180130000033554	5.622084699387177
2.5180140000033555	5.622079078548314
2.5180150000033557	5.622073452320276
2.518016000003356	5.62206782086014
2.518017000003356	5.622062184325284
2.518018000003356	5.622056542873377
2.518019000003356	5.622050896680531
2.5180200000033564	5.622045245911346
2.5180210000033565	5.622039590703081
2.5180220000033566	5.62203393121156
2.5180230000033568	5.622028267595938
2.518024000003357	5.622022600015641
2.518025000003357	5.622016928630395
2.518026000003357	5.6220112536001965
2.5180270000033573	5.622005575085333
2.5180280000033575	5.621999893246374
2.5180290000033576	5.621994208244167
2.5180300000033577	5.62198852023983
2.518031000003358	5.621982829394743
2.518032000003358	5.62197713587058
2.518033000003358	5.621971439829275
2.5180340000033583	5.6219657414330415
2.5180350000033584	5.621960040844324
2.5180360000033586	5.621954338225815
2.5180370000033587	5.6219486337404705
2.518038000003359	5.621942927551491
2.518039000003359	5.621937219822313
2.518040000003359	5.62193151071661
2.5180410000033593	5.621925800400291
2.5180420000033594	5.621920089032959
2.5180430000033596	5.621914376781029
2.5180440000033597	5.621908663809011
2.51804500000336	5.621902950281635
2.51804600000336	5.621897236363827
2.51804700000336	5.6218915222206896
2.5180480000033603	5.621885808017504
2.5180490000033604	5.621880093919709
2.5180500000033605	5.621874380092914
2.5180510000033607	5.621868666702854
2.518052000003361	5.6218629539154055
2.518053000003361	5.621857241896572
2.518054000003361	5.6218515308124655
2.5180550000033612	5.62184582082929
2.5180560000033614	5.62184011211335
2.5180570000033615	5.621834404831023
2.5180580000033617	5.621828699148743
2.518059000003362	5.621822995233013
2.518060000003362	5.6218172932503565
2.518061000003362	5.621811593367339
2.518062000003362	5.621805895750524
2.5180630000033624	5.621800200566488
2.5180640000033625	5.621794507981787
2.5180650000033626	5.621788818162953
2.518066000003363	5.6217831312764766
2.518067000003363	5.621777447488798
2.518068000003363	5.621771766966288
2.518069000003363	5.621766089875237
2.5180700000033633	5.621760416381846
2.5180710000033635	5.621754746652212
2.5180720000033636	5.621749080852308
2.5180730000033638	5.621743419147981
2.518074000003364	5.6217377617049245
2.518075000003364	5.621732108688695
2.518076000003364	5.621726460264712
2.5180770000033643	5.621720816598138
2.5180780000033645	5.6217151778539804
2.5180790000033646	5.62170954419704
2.5180800000033647	5.621703915791932
2.518081000003365	5.621698292803025
2.518082000003365	5.621692675394477
2.518083000003365	5.621687063730246
2.5180840000033653	5.621681457973974
2.5180850000033654	5.62167585828906
2.5180860000033656	5.621670264838652
2.5180870000033657	5.621664677785643
2.518088000003366	5.621659097292642
2.518089000003366	5.621653523521983
2.518090000003366	5.6216479566357105
2.5180910000033663	5.621642396795599
2.5180920000033664	5.621636844163123
2.5180930000033666	5.62163129889946
2.5180940000033667	5.621625761165494
2.518095000003367	5.6216202311218115
2.518096000003367	5.621614708928697
2.518097000003367	5.621609194746141
2.5180980000033673	5.621603688733826
2.5180990000033674	5.62159819105115
2.5181000000033675	5.6215927018572005
2.5181010000033677	5.62158722131076
2.518102000003368	5.621581749570319
2.518103000003368	5.62157628679408
2.518104000003368	5.621570833139954
2.5181050000033682	5.621565388765563
2.5181060000033684	5.621559953828246
2.5181070000033685	5.621554528484958
2.5181080000033687	5.621549112892535
2.518109000003369	5.621543707207528
2.518110000003369	5.621538311586163
2.518111000003369	5.62153292618443
2.518112000003369	5.621527551158035
2.5181130000033694	5.621522186662429
2.5181140000033695	5.621516832852819
2.5181150000033696	5.6215114898841545
2.5181160000033698	5.6215061579111385
2.51811700000337	5.6215008370882344
2.51811800000337	5.621495527569674
2.51811900000337	5.621490229509442
2.5181200000033703	5.621484943061303
2.5181210000033705	5.621479668378784
2.5181220000033706	5.621474405615182
2.5181230000033707	5.621469154923578
2.518124000003371	5.621463916456817
2.518125000003371	5.621458690367527
2.518126000003371	5.6214534768080995
2.5181270000033713	5.621448275930714
2.5181280000033714	5.621443087887314
2.5181290000033716	5.621437912829607
2.5181300000033717	5.621432750909086
2.518131000003372	5.621427602276999
2.518132000003372	5.621422467084351
2.518133000003372	5.6214173454819045
2.5181340000033723	5.621412237620164
2.5181350000033724	5.621407143649399
2.5181360000033726	5.621402063719606
2.5181370000033727	5.621396997980513
2.518138000003373	5.621391946581556
2.518139000003373	5.621386909671899
2.518140000003373	5.621381887400396
2.5181410000033733	5.621376879915601
2.5181420000033734	5.621371887365747
2.5181430000033735	5.6213669098987245
2.5181440000033737	5.621361947662098
2.518145000003374	5.621357000803062
2.518146000003374	5.621352069468458
2.518147000003374	5.62134715380473
2.5181480000033742	5.621342253957934
2.5181490000033744	5.621337370073715
2.5181500000033745	5.621332502297292
2.5181510000033747	5.62132765077345
2.518152000003375	5.621322815646516
2.518153000003375	5.62131799706035
2.518154000003375	5.621313195158333
2.518155000003375	5.621308410083335
2.5181560000033754	5.621303641977734
2.5181570000033755	5.621298890983365
2.5181580000033756	5.6212941572415325
2.518159000003376	5.6212894408929985
2.518160000003376	5.621284742077952
2.518161000003376	5.621280060936008
2.518162000003376	5.621275397606183
2.5181630000033763	5.6212707522269065
2.5181640000033765	5.621266124935985
2.5181650000033766	5.621261515870621
2.5181660000033768	5.621256925167382
2.518167000003377	5.621252352962204
2.518168000003377	5.621247799390376
2.518169000003377	5.62124326458655
2.5181700000033773	5.621238748684725
2.5181710000033775	5.621234251818247
2.5181720000033776	5.621229774119818
2.5181730000033777	5.62122531572147
2.518174000003378	5.621220876754553
2.518175000003378	5.621216457349876
2.518176000003378	5.621212057637511
2.5181770000033783	5.621207677746908
2.5181780000033784	5.6212033178068985
2.5181790000033786	5.621198977945654
2.5181800000033787	5.621194658290748
2.518181000003379	5.621190358969188
2.518182000003379	5.621186080107365
2.518183000003379	5.621181821831084
2.5181840000033793	5.6211775842656095
2.5181850000033794	5.62117336753564
2.5181860000033796	5.62116917176536
2.5181870000033797	5.621164997078443
2.51818800000338	5.621160843598079
2.51818900000338	5.621156711446982
2.51819000000338	5.621152600747455
2.5181910000033803	5.621148511621361
2.5181920000033804	5.621144444190176
2.5181930000033805	5.62114039857501
2.5181940000033807	5.621136374896633
2.518195000003381	5.621132373275501
2.518196000003381	5.621128393831789
2.518197000003381	5.621124436685414
2.5181980000033812	5.6211205019560575
2.5181990000033814	5.621116589763211
2.5182000000033815	5.621112700226188
2.5182010000033817	5.621108833464159
2.518202000003382	5.621104989596168
2.518203000003382	5.621101168741216
2.518204000003382	5.621097371018232
2.518205000003382	5.621093596546101
2.5182060000033823	5.621089845443709
2.5182070000033825	5.621086117829991
2.5182080000033826	5.621082413823916
2.5182090000033828	5.621078733544521
2.518210000003383	5.621075077110978
2.518211000003383	5.621071444642521
2.518212000003383	5.621067836258576
2.5182130000033833	5.621064252078719
2.5182140000033835	5.621060692222706
2.5182150000033836	5.621057156810493
2.5182160000033837	5.621053645962248
2.518217000003384	5.621050159798369
2.518218000003384	5.621046698439475
2.518219000003384	5.621043262006451
2.5182200000033843	5.621039850620449
2.5182210000033844	5.621036464402866
2.5182220000033846	5.6210331034753676
2.5182230000033847	5.621029767959884
2.518224000003385	5.62102645797862
2.518225000003385	5.621023173654035
2.518226000003385	5.621019915108867
2.5182270000033853	5.6210166824660766
2.5182280000033854	5.621013475848886
2.5182290000033856	5.621010295380747
2.5182300000033857	5.621007141185333
2.518231000003386	5.62100401338652
2.518232000003386	5.621000912108374
2.518233000003386	5.6209978374751275
2.5182340000033863	5.620994789611164
2.5182350000033864	5.6209917686409945
2.5182360000033865	5.620988774689227
2.5182370000033867	5.620985807880548
2.518238000003387	5.620982868339692
2.518239000003387	5.62097995619141
2.518240000003387	5.620977071560456
2.5182410000033872	5.620974214571534
2.5182420000033874	5.620971385349286
2.5182430000033875	5.620968584018242
2.5182440000033877	5.6209658107027956
2.518245000003388	5.620963065527177
2.518246000003388	5.620960348615396
2.518247000003388	5.6209576600912525
2.518248000003388	5.6209550000782595
2.5182490000033884	5.62095236869962
2.5182500000033885	5.620949766078203
2.5182510000033886	5.620947192336501
2.518252000003389	5.620944647596606
2.518253000003389	5.620942131980176
2.518254000003389	5.6209396456083995
2.518255000003389	5.62093718860197
2.5182560000033893	5.62093476108105
2.5182570000033895	5.620932363165251
2.5182580000033896	5.620929994973609
2.5182590000033898	5.620927656624561
2.51826000000339	5.620925348235928
2.51826100000339	5.620923069924936
2.51826200000339	5.620920821808066
2.5182630000033903	5.620918604001161
2.5182640000033905	5.620916416619388
2.5182650000033906	5.6209142597772175
2.5182660000033907	5.620912133588421
2.518267000003391	5.620910038166055
2.518268000003391	5.620907973622476
2.518269000003391	5.620905940069325
2.5182700000033913	5.62090393761755
2.5182710000033914	5.620901966377394
2.5182720000033916	5.620900026458413
2.5182730000033917	5.620898117969482
2.518274000003392	5.620896241018827
2.518275000003392	5.6208943957140205
2.518276000003392	5.620892582162015
2.5182770000033923	5.620890800469166
2.5182780000033924	5.620889050741249
2.5182790000033926	5.6208873330835
2.5182800000033927	5.62088564760065
2.518281000003393	5.620883994396938
2.518282000003393	5.620882373576171
2.518283000003393	5.6208807852417415
2.5182840000033933	5.620879229496687
2.5182850000033934	5.62087770644372
2.5182860000033935	5.620876216185275
2.5182870000033937	5.620874758823556
2.518288000003394	5.620873334460582
2.518289000003394	5.620871943198242
2.518290000003394	5.620870585138314
2.5182910000033942	5.620869260382586
2.5182920000033944	5.62086796903283
2.5182930000033945	5.620866711190902
2.5182940000033947	5.620865486958755
2.518295000003395	5.620864296438512
2.518296000003395	5.620863139732571
2.518297000003395	5.6208620169435815
2.518298000003395	5.620860928174511
2.5182990000033953	5.620859873528707
2.5183000000033955	5.620858853109953
2.5183010000033956	5.620857867022498
2.5183020000033958	5.620856915371124
2.518303000003396	5.62085599826117
2.518304000003396	5.620855115798594
2.518305000003396	5.620854268090002
2.5183060000033963	5.6208534552426945
2.5183070000033965	5.620852677364701
2.5183080000033966	5.620851934564809
2.5183090000033967	5.620851226952607
2.518310000003397	5.6208505546385
2.518311000003397	5.620849917733746
2.518312000003397	5.620849316350477
2.5183130000033973	5.6208487506017
2.5183140000033974	5.620848220601344
2.5183150000033976	5.6208477264642465
2.5183160000033977	5.620847268306173
2.518317000003398	5.620846846243829
2.518318000003398	5.620846460394841
2.518319000003398	5.620846110877773
2.5183200000033983	5.6208457978121205
2.5183210000033984	5.6208455213182775
2.5183220000033986	5.620845281517557
2.5183230000033987	5.620845078532146
2.518324000003399	5.6208449124850945
2.518325000003399	5.6208447835003
2.518326000003399	5.620844691702477
2.5183270000033993	5.620844637209427
2.5183280000033994	5.620844620152893
2.5183290000033995	5.620844640662201
2.5183300000033997	5.620844698864971
2.5183310000034	5.62084479488944
2.5183320000034	5.620844928864419
2.5183330000034	5.620845100919245
2.5183340000034002	5.62084531118372
2.5183350000034004	5.6208455597880755
2.5183360000034005	5.620845846862898
2.5183370000034007	5.620846172539071
2.518338000003401	5.62084653694773
2.518339000003401	5.620846940220185
2.518340000003401	5.620847382487852
2.518341000003401	5.6208478638822195
2.5183420000034014	5.620848384534726
2.5183430000034015	5.620848944576762
2.5183440000034016	5.620849544139556
2.518345000003402	5.620850183354119
2.518346000003402	5.620850862351187
2.518347000003402	5.620851581261173
2.518348000003402	5.6208523402139985
2.5183490000034023	5.620853139339153
2.5183500000034025	5.620853978765568
2.5183510000034026	5.620854858621573
2.5183520000034028	5.620855779034822
2.518353000003403	5.620856740132234
2.518354000003403	5.620857742039942
2.518355000003403	5.620858784883252
2.5183560000034033	5.620859868786514
2.5183570000034035	5.620860993869242
2.5183580000034036	5.620862160255656
2.5183590000034037	5.620863368069263
2.518360000003404	5.62086461743034
2.518361000003404	5.620865908458036
2.518362000003404	5.6208672412703224
2.5183630000034043	5.62086861598396
2.5183640000034044	5.6208700327145
2.5183650000034046	5.620871491576214
2.5183660000034047	5.620872992682048
2.518367000003405	5.620874536143681
2.518368000003405	5.620876122071484
2.518369000003405	5.620877750574468
2.5183700000034053	5.620879421760297
2.5183710000034054	5.620881135735284
2.5183720000034056	5.6208828926043966
2.5183730000034057	5.620884692471252
2.518374000003406	5.620886535438113
2.518375000003406	5.620888421605922
2.518376000003406	5.620890351074298
2.5183770000034063	5.620892323941555
2.5183780000034064	5.62089434030473
2.5183790000034065	5.620896400259597
2.5183800000034067	5.620898503900706
2.518381000003407	5.620900651321398
2.518382000003407	5.620902842613862
2.518383000003407	5.620905077869146
2.5183840000034072	5.620907357177207
2.5183850000034074	5.620909680626958
2.5183860000034075	5.620912048306307
2.5183870000034076	5.620914460302198
2.518388000003408	5.620916916700672
2.518389000003408	5.6209194175869035
2.518390000003408	5.620921963045263
2.518391000003408	5.620924553159362
2.5183920000034083	5.620927188012116
2.5183930000034085	5.6209298676857875
2.5183940000034086	5.620932592262049
2.5183950000034088	5.620935361822044
2.518396000003409	5.620938176446444
2.518397000003409	5.620941036215493
2.518398000003409	5.620943941209076
2.5183990000034093	5.620946891506765
2.5184000000034095	5.620949887187897
2.5184010000034096	5.620952928331594
2.5184020000034097	5.620956015016846
2.51840300000341	5.6209591473225595
2.51840400000341	5.62096232532759
2.51840500000341	5.620965549110809
2.5184060000034103	5.6209688187511775
2.5184070000034104	5.62097213432771
2.5184080000034106	5.620975495919572
2.5184090000034107	5.6209789036060975
2.518410000003411	5.620982357466885
2.518411000003411	5.620985857581813
2.518412000003411	5.6209894040310315
2.5184130000034113	5.620992996894998
2.5184140000034114	5.620996636254521
2.5184150000034116	5.621000322190773
2.5184160000034117	5.621004054785321
2.518417000003412	5.621007834120121
2.518418000003412	5.6210116602775315
2.518419000003412	5.621015533340351
2.5184200000034123	5.621019453391804
2.5184210000034124	5.621023420515527
2.5184220000034125	5.6210274347955735
2.5184230000034127	5.621031496316399
2.518424000003413	5.621035605162863
2.518425000003413	5.62103976142019
2.518426000003413	5.621043965173994
2.5184270000034132	5.621048216510199
2.5184280000034134	5.621052515515048
2.5184290000034135	5.62105686227503
2.5184300000034137	5.621061256876889
2.518431000003414	5.621065699407563
2.518432000003414	5.621070189954141
2.518433000003414	5.621074728603825
2.518434000003414	5.621079315443858
2.5184350000034144	5.621083950561492
2.5184360000034145	5.621088634043925
2.5184370000034146	5.62109336597823
2.518438000003415	5.621098146451306
2.518439000003415	5.621102975549803
2.518440000003415	5.621107853360066
2.518441000003415	5.621112779968047
2.5184420000034153	5.621117755459244
2.5184430000034155	5.6211227799186245
2.5184440000034156	5.621127853430555
2.5184450000034158	5.621132976078711
2.518446000003416	5.621138147946039
2.518447000003416	5.621143369114442
2.518448000003416	5.621148639665134
2.5184490000034163	5.621153959678348
2.5184500000034165	5.621159329233153
2.5184510000034166	5.621164748407441
2.5184520000034167	5.621170217277878
2.518453000003417	5.621175735919789
2.518454000003417	5.621181304407102
2.518455000003417	5.621186922812263
2.5184560000034173	5.621192591206145
2.5184570000034174	5.621198309657999
2.5184580000034176	5.621204078235363
2.5184590000034177	5.621209897003989
2.518460000003418	5.621215766027773
2.518461000003418	5.621221685368729
2.518462000003418	5.621227655086843
2.5184630000034183	5.621233675240041
2.5184640000034184	5.621239745884156
2.5184650000034186	5.621245867072865
2.5184660000034187	5.621252038857631
2.518467000003419	5.621258261287646
2.518468000003419	5.621264534409783
2.518469000003419	5.621270858268561
2.5184700000034193	5.621277232906115
2.5184710000034194	5.6212836583621355
2.5184720000034195	5.621290134673866
2.5184730000034197	5.621296661876043
2.51847400000342	5.6213032400009135
2.51847500000342	5.621309869078184
2.51847600000342	5.62131654913502
2.5184770000034202	5.621323280196022
2.5184780000034204	5.621330062283242
2.5184790000034205	5.621336895416158
2.5184800000034206	5.62134377961169
2.518481000003421	5.621350714884201
2.518482000003421	5.621357701245503
2.518483000003421	5.621364738704874
2.518484000003421	5.6213718272690745
2.5184850000034213	5.621378966942368
2.5184860000034215	5.621386157726549
2.5184870000034216	5.621393399620967
2.5184880000034218	5.621400692622548
2.518489000003422	5.621408036725851
2.518490000003422	5.621415431923082
2.518491000003422	5.621422878204148
2.5184920000034223	5.621430375556692
2.5184930000034225	5.621437923966138
2.5184940000034226	5.621445523415741
2.5184950000034227	5.621453173886637
2.518496000003423	5.621460875357883
2.518497000003423	5.621468627806512
2.518498000003423	5.6214764312076015
2.5184990000034233	5.621484285534304
2.5185000000034234	5.621492190757916
2.5185010000034236	5.621500146847915
2.5185020000034237	5.621508153772047
2.518503000003424	5.6215162114963615
2.518504000003424	5.621524319985269
2.518505000003424	5.621532479201593
2.5185060000034243	5.621540689106631
2.5185070000034244	5.621548949660196
2.5185080000034246	5.621557260820691
2.5185090000034247	5.6215656225451465
2.518510000003425	5.621574034789264
2.518511000003425	5.6215824975074815
2.518512000003425	5.621591010653001
2.5185130000034253	5.6215995741778615
2.5185140000034254	5.621608188032954
2.5185150000034255	5.621616852168069
2.5185160000034257	5.621625566531943
2.518517000003426	5.621634331072294
2.518518000003426	5.621643145735841
2.518519000003426	5.621652010468341
2.5185200000034262	5.621660925214653
2.5185210000034264	5.621669889918708
2.5185220000034265	5.621678904523561
2.5185230000034267	5.6216879689706865
2.518524000003427	5.621697083201573
2.518525000003427	5.621706247157313
2.518526000003427	5.621715460777587
2.518527000003427	5.621724724001274
2.5185280000034274	5.621734036766433
2.5185290000034275	5.62174339901032
2.5185300000034276	5.621752810669378
2.5185310000034278	5.621762271679247
2.518532000003428	5.621771781974738
2.518533000003428	5.6217813414869005
2.518534000003428	5.621790950149971
2.5185350000034283	5.621800607898078
2.5185360000034285	5.62181031466264
2.5185370000034286	5.621820070374202
2.5185380000034288	5.621829874965164
2.518539000003429	5.6218397283631925
2.518540000003429	5.621849630494308
2.518541000003429	5.6218595812852925
2.5185420000034293	5.6218695806618975
2.5185430000034295	5.621879628548849
2.5185440000034296	5.621889724869803
2.5185450000034297	5.621899869547316
2.51854600000343	5.621910062499896
2.51854700000343	5.621920303648875
2.51854800000343	5.621930592915162
2.5185490000034303	5.621940930216616
2.5185500000034304	5.6219513154698175
2.5185510000034306	5.621961748590065
2.5185520000034307	5.621972229491322
2.518553000003431	5.621982758086192
2.518554000003431	5.621993334285878
2.518555000003431	5.622003958000159
2.5185560000034313	5.622014629137356
2.5185570000034314	5.62202534760429
2.5185580000034316	5.6220361133062715
2.5185590000034317	5.62204692614705
2.518560000003432	5.622057786028825
2.518561000003432	5.6220686928521575
2.518562000003432	5.6220796465159575
2.5185630000034323	5.622090646917492
2.5185640000034324	5.6221016939523345
2.5185650000034325	5.622112787514378
2.5185660000034327	5.622123927495797
2.518567000003433	5.622135113787013
2.518568000003433	5.622146346276681
2.518569000003433	5.622157624851686
2.5185700000034332	5.622168949397439
2.5185710000034334	5.622180319795093
2.5185720000034335	5.622191735926303
2.5185730000034336	5.622203197672409
2.518574000003434	5.622214704911237
2.518575000003434	5.6222262575187845
2.518576000003434	5.622237855369205
2.518577000003434	5.6222494983348215
2.5185780000034343	5.62226118628611
2.5185790000034345	5.622272919091711
2.5185800000034346	5.622284696618423
2.5185810000034348	5.622296518731225
2.518582000003435	5.622308385293265
2.518583000003435	5.6223202961658725
2.518584000003435	5.622332251208565
2.5185850000034353	5.622344250279066
2.5185860000034355	5.622356293233307
2.5185870000034356	5.622368379925446
2.5185880000034357	5.622380510207884
2.518589000003436	5.622392683931253
2.518590000003436	5.622404900944492
2.518591000003436	5.622417161094809
2.5185920000034363	5.622429464227718
2.5185930000034364	5.622441810187052
2.5185940000034366	5.622454198814999
2.5185950000034367	5.622466629952103
2.518596000003437	5.622479103437296
2.518597000003437	5.622491619107927
2.518598000003437	5.622504176799777
2.5185990000034373	5.622516776347064
2.5186000000034374	5.622529417582504
2.5186010000034376	5.62254210033731
2.5186020000034377	5.622554824441228
2.518603000003438	5.6225675897225615
2.518604000003438	5.622580396008197
2.518605000003438	5.622593243123628
2.5186060000034383	5.622606130892987
2.5186070000034384	5.62261905913907
2.5186080000034385	5.622632027683368
2.5186090000034387	5.622645036346093
2.518610000003439	5.622658084946199
2.518611000003439	5.622671173301427
2.518612000003439	5.622684301228313
2.5186130000034392	5.622697468542264
2.5186140000034394	5.6227106750575135
2.5186150000034395	5.622723920587183
2.5186160000034397	5.622737204943393
2.51861700000344	5.622750527937232
2.51861800000344	5.62276388937874
2.51861900000344	5.622777289076971
2.51862000000344	5.622790726840049
2.5186210000034404	5.622804202475187
2.5186220000034405	5.622817715788749
2.5186230000034406	5.622831266586221
2.5186240000034408	5.622844854672282
2.518625000003441	5.62285847985084
2.518626000003441	5.622872141925077
2.518627000003441	5.622885840697443
2.5186280000034413	5.622899575969736
2.5186290000034415	5.622913347543104
2.5186300000034416	5.62292715521811
2.5186310000034418	5.622940998794733
2.518632000003442	5.622954878072428
2.518633000003442	5.622968792850143
2.518634000003442	5.62298274292638
2.5186350000034423	5.62299672809922
2.5186360000034425	5.6230107481663465
2.5186370000034426	5.623024802925111
2.5186380000034427	5.623038892172537
2.518639000003443	5.623053015705375
2.518640000003443	5.623067173320138
2.518641000003443	5.623081364813132
2.5186420000034433	5.6230955899805
2.5186430000034434	5.623109848618246
2.5186440000034436	5.623124140522291
2.5186450000034437	5.623138465488477
2.518646000003444	5.623152823312635
2.518647000003444	5.6231672137906035
2.518648000003444	5.623181636718257
2.5186490000034443	5.623196091895201
2.5186500000034444	5.623210579110685
2.5186510000034446	5.623225098167219
2.5186520000034447	5.6232396488585525
2.518653000003445	5.623254230980789
2.518654000003445	5.623268844330709
2.518655000003445	5.623283488705377
2.5186560000034453	5.623298163902154
2.5186570000034454	5.62331286971872
2.5186580000034455	5.623327605953131
2.5186590000034457	5.6233423724037905
2.518660000003446	5.623357168869513
2.518661000003446	5.623371995149486
2.518662000003446	5.623386851043327
2.5186630000034462	5.623401736351125
2.5186640000034464	5.62341665087343
2.5186650000034465	5.623431594411276
2.5186660000034466	5.623446566766186
2.518667000003447	5.623461567740199
2.518668000003447	5.623476597135915
2.518669000003447	5.623491654756447
2.518670000003447	5.623506740405437
2.5186710000034473	5.6235218538870795
2.5186720000034475	5.623536995006116
2.5186730000034476	5.623552163567849
2.5186740000034478	5.623567359378131
2.518675000003448	5.6235825822433645
2.518676000003448	5.623597831970508
2.518677000003448	5.623613108367065
2.5186780000034483	5.623628411241087
2.5186790000034485	5.6236437404011586
2.5186800000034486	5.623659095656386
2.5186810000034487	5.62367447681639
2.518682000003449	5.623689883691304
2.518683000003449	5.62370531609174
2.518684000003449	5.62372077382879
2.5186850000034493	5.623736256713961
2.5186860000034494	5.623751764559278
2.5186870000034496	5.62376729717718
2.5186880000034497	5.623782854380473
2.51868900000345	5.623798435982369
2.51869000000345	5.623814041796428
2.51869100000345	5.623829671636555
2.5186920000034503	5.6238453253169585
2.5186930000034504	5.623861002652153
2.5186940000034506	5.623876703456911
2.5186950000034507	5.623892427546248
2.518696000003451	5.623908174735393
2.518697000003451	5.623923944839769
2.518698000003451	5.623939737679085
2.5186990000034513	5.623955553069897
2.5187000000034514	5.623971390823015
2.5187010000034515	5.623987250754348
2.5187020000034517	5.6240031326798645
2.518703000003452	5.62401903641558
2.518704000003452	5.624034961777504
2.518705000003452	5.62405090858165
2.5187060000034522	5.624066876643967
2.5187070000034524	5.624082865780349
2.5187080000034525	5.624098875806602
2.5187090000034527	5.624114906538426
2.518710000003453	5.624130957791383
2.518711000003453	5.6241470293808895
2.518712000003453	5.624163121122194
2.518713000003453	5.624179232830354
2.5187140000034534	5.624195364320221
2.5187150000034535	5.624211515406453
2.5187160000034536	5.624227685903452
2.5187170000034538	5.624243875625351
2.518718000003454	5.62426008438605
2.518719000003454	5.624276311999174
2.518720000003454	5.6242925582780785
2.5187210000034543	5.624308823035798
2.5187220000034545	5.6243251060851795
2.5187230000034546	5.624341407238687
2.5187240000034548	5.624357726308509
2.518725000003455	5.624374063106553
2.518726000003455	5.624390417444419
2.518727000003455	5.624406789133411
2.5187280000034553	5.624423177984558
2.5187290000034555	5.624439583808611
2.5187300000034556	5.6244560064160325
2.5187310000034557	5.624472445617018
2.518732000003456	5.624488901221509
2.518733000003456	5.624505373039191
2.518734000003456	5.624521860879524
2.5187350000034563	5.624538364551811
2.5187360000034564	5.624554883865049
2.5187370000034566	5.624571418628034
2.5187380000034567	5.624587968649432
2.518739000003457	5.624604533737746
2.518740000003457	5.624621113701351
2.518741000003457	5.624637708348499
2.5187420000034573	5.624654317487346
2.5187430000034574	5.624670940925976
2.5187440000034576	5.624687578472424
2.5187450000034577	5.624704229934697
2.518746000003458	5.624720895120788
2.518747000003458	5.624737573838718
2.518748000003458	5.624754265896546
2.5187490000034582	5.624770971102388
2.5187500000034584	5.624787689264468
2.5187510000034585	5.6248044201911425
2.5187520000034587	5.624821163690882
2.518753000003459	5.624837919572202
2.518754000003459	5.6248546876440155
2.518755000003459	5.6248714677154075
2.5187560000034592	5.6248882595956555
2.5187570000034594	5.624905063088055
2.5187580000034595	5.624921878003265
2.5187590000034596	5.6249387041568735
2.51876000000346	5.624955541359353
2.51876100000346	5.624972389421542
2.51876200000346	5.62498924815464
2.51876300000346	5.625006117376526
2.5187640000034603	5.625022996898428
2.5187650000034605	5.6250398865273405
2.5187660000034606	5.625056786076203
2.5187670000034608	5.625073695358413
2.518768000003461	5.62509061418785
2.518769000003461	5.625107542378905
2.518770000003461	5.6251244797464865
2.5187710000034613	5.625141426106046
2.5187720000034615	5.625158381273578
2.5187730000034616	5.625175345065641
2.5187740000034617	5.625192317293049
2.518775000003462	5.625209297774347
2.518776000003462	5.6252262863333495
2.518777000003462	5.6252432827889605
2.5187780000034623	5.625260286960713
2.5187790000034624	5.625277298668758
2.5187800000034626	5.625294317733867
2.5187810000034627	5.6253113439774465
2.518782000003463	5.625328377221462
2.518783000003463	5.625345417288654
2.518784000003463	5.625362464002372
2.5187850000034633	5.62537951718659
2.5187860000034634	5.6253965766659375
2.5187870000034636	5.625413642265688
2.5187880000034637	5.625430713811771
2.518789000003464	5.625447791130772
2.518790000003464	5.625464874049927
2.518791000003464	5.625481962397123
2.5187920000034643	5.625499056000914
2.5187930000034644	5.625516154690498
2.5187940000034645	5.625533258295706
2.5187950000034647	5.625550366647049
2.518796000003465	5.6255674795756985
2.518797000003465	5.625584596913454
2.518798000003465	5.625601718492772
2.5187990000034652	5.625618844146751
2.5188000000034654	5.625635973709141
2.5188010000034655	5.625653107014327
2.5188020000034657	5.625670243897344
2.518803000003466	5.625687384193871
2.518804000003466	5.6257045277402264
2.518805000003466	5.625721674373373
2.518806000003466	5.625738823930899
2.5188070000034664	5.625755976251057
2.5188080000034665	5.625773131172722
2.5188090000034666	5.625790288535423
2.5188100000034668	5.6258074481793185
2.518811000003467	5.625824609945219
2.518812000003467	5.625841773674572
2.518813000003467	5.625858939209468
2.5188140000034673	5.625876106392652
2.5188150000034675	5.625893275067488
2.5188160000034676	5.625910445078027
2.5188170000034678	5.625927616268966
2.518818000003468	5.625944788485642
2.518819000003468	5.625961961574058
2.518820000003468	5.62597913538087
2.5188210000034683	5.625996309753393
2.5188220000034685	5.626013484539614
2.5188230000034686	5.6260306595881815
2.5188240000034687	5.626047834748409
2.518825000003469	5.626065009870292
2.518826000003469	5.626082184804487
2.518827000003469	5.626099359402322
2.5188280000034693	5.62611653351581
2.5188290000034694	5.626133706997658
2.5188300000034696	5.626150879701236
2.5188310000034697	5.626168051480491
2.51883200000347	5.626185222190213
2.51883300000347	5.626202391685875
2.51883400000347	5.626219559823577
2.5188350000034703	5.626236726460087
2.5188360000034704	5.6262538914528655
2.5188370000034705	5.626271054660031
2.5188380000034707	5.626288215940386
2.518839000003471	5.626305375153395
2.518840000003471	5.62632253215918
2.518841000003471	5.626339686818518
2.5188420000034712	5.62635683899284
2.5188430000034714	5.626373988544214
2.5188440000034715	5.626391135335335
2.5188450000034717	5.6264082792295325
2.518846000003472	5.626425420090731
2.518847000003472	5.62644255778346
2.518848000003472	5.626459692172837
2.5188490000034722	5.626476823124545
2.5188500000034724	5.626493950504824
2.5188510000034725	5.6265110741804625
2.5188520000034726	5.626528194018767
2.518853000003473	5.626545309887534
2.518854000003473	5.626562421655065
2.518855000003473	5.626579529190109
2.518856000003473	5.626596632361854
2.5188570000034733	5.6266137310399085
2.5188580000034735	5.626630825094266
2.5188590000034736	5.626647914395293
2.5188600000034738	5.6266649988136965
2.518861000003474	5.6266820782204885
2.518862000003474	5.626699152486973
2.518863000003474	5.626716221484703
2.5188640000034743	5.6267332850854626
2.5188650000034745	5.626750343161221
2.5188660000034746	5.626767395584115
2.5188670000034747	5.626784442226408
2.518868000003475	5.626801482960458
2.518869000003475	5.626818517658681
2.518870000003475	5.626835546193527
2.5188710000034753	5.626852568437428
2.5188720000034754	5.626869584262783
2.5188730000034756	5.626886593541898
2.5188740000034757	5.626903596146972
2.518875000003476	5.626920591950043
2.518876000003476	5.626937580822961
2.518877000003476	5.626954562637346
2.5188780000034763	5.626971537264567
2.5188790000034764	5.626988504575673
2.5188800000034766	5.627005464441374
2.5188810000034767	5.627022416732012
2.518882000003477	5.627039361317509
2.518883000003477	5.6270562980673375
2.518884000003477	5.627073226850485
2.5188850000034773	5.627090147535413
2.5188860000034774	5.627107059990021
2.5188870000034775	5.627123964081614
2.5188880000034777	5.627140859676867
2.518889000003478	5.627157746641771
2.518890000003478	5.627174624841643
2.518891000003478	5.627191494141078
2.5188920000034782	5.627208354403886
2.5188930000034784	5.6272252054930805
2.5188940000034785	5.62724204727086
2.5188950000034787	5.62725887959854
2.518896000003479	5.627275702336562
2.518897000003479	5.62729251534435
2.518898000003479	5.627309318480547
2.518899000003479	5.627326111602791
2.5189000000034794	5.627342894567704
2.5189010000034795	5.627359667230864
2.5189020000034796	5.627376429446824
2.5189030000034798	5.627393181069047
2.51890400000348	5.627409921949899
2.51890500000348	5.627426651940633
2.51890600000348	5.627443370891375
2.5189070000034803	5.627460078651098
2.5189080000034805	5.627476775067589
2.5189090000034806	5.627493459987453
2.5189100000034808	5.627510133256091
2.518911000003481	5.627526794717671
2.518912000003481	5.627543444215137
2.518913000003481	5.627560081590173
2.5189140000034813	5.627576706683187
2.5189150000034815	5.627593319333333
2.5189160000034816	5.627609919378483
2.5189170000034817	5.6276265066552025
2.518918000003482	5.627643080998756
2.518919000003482	5.627659642243084
2.518920000003482	5.627676190220785
2.5189210000034823	5.6276927247631505
2.5189220000034824	5.6277092457001805
2.5189230000034826	5.627725752860488
2.5189240000034827	5.627742246071356
2.518925000003483	5.627758725164947
2.518926000003483	5.627775189965123
2.518927000003483	5.627791640289584
2.5189280000034833	5.62780807596021
2.5189290000034834	5.627824496797514
2.5189300000034835	5.627840902620644
2.5189310000034837	5.627857293247404
2.518932000003484	5.627873668494229
2.518933000003484	5.627890028176204
2.518934000003484	5.627906372107055
2.5189350000034842	5.627922700099166
2.5189360000034844	5.627939011963568
2.5189370000034845	5.627955307509947
2.5189380000034847	5.627971586546653
2.518939000003485	5.627987848880686
2.518940000003485	5.628004094317726
2.518941000003485	5.628020322662114
2.5189420000034852	5.628036533716879
2.5189430000034854	5.628052727283731
2.5189440000034855	5.628068903163073
2.5189450000034856	5.628085061154008
2.518946000003486	5.628101201054338
2.518947000003486	5.628117322660573
2.518948000003486	5.628133425767954
2.518949000003486	5.628149510170482
2.5189500000034863	5.628165575660869
2.5189510000034865	5.628181622030599
2.5189520000034866	5.62819764906991
2.5189530000034868	5.628213656567812
2.518954000003487	5.628229644312103
2.518955000003487	5.628245612089393
2.518956000003487	5.628261559685091
2.5189570000034873	5.628277486883443
2.5189580000034875	5.628293393467532
2.5189590000034876	5.62830927921929
2.5189600000034877	5.628325143919545
2.518961000003488	5.628340987347988
2.518962000003488	5.628356809283227
2.518963000003488	5.6283726095027955
2.5189640000034883	5.628388387783164
2.5189650000034884	5.6284041438995285
2.5189660000034886	5.628419877626428
2.5189670000034887	5.628435588737385
2.518968000003489	5.628451277004849
2.518969000003489	5.6284669422002995
2.518970000003489	5.628482584094285
2.5189710000034893	5.6284982024564405
2.5189720000034894	5.628513797055525
2.5189730000034896	5.628529367659423
2.5189740000034897	5.628544914035192
2.51897500000349	5.628560435949077
2.51897600000349	5.628575933166539
2.51897700000349	5.628591405452288
2.5189780000034903	5.628606852570297
2.5189790000034904	5.628622274283841
2.5189800000034905	5.628637670355533
2.5189810000034907	5.628653040547334
2.518982000003491	5.628668384620604
2.518983000003491	5.628683702336124
2.518984000003491	5.628698993454115
2.5189850000034912	5.628714257734309
2.5189860000034914	5.628729494939292
2.5189870000034915	5.628744704826022
2.5189880000034917	5.628759887151262
2.518989000003492	5.628775041672999
2.518990000003492	5.628790168148851
2.518991000003492	5.628805266336145
2.518992000003492	5.628820335991913
2.5189930000034924	5.628835376872938
2.5189940000034925	5.628850388735796
2.5189950000034926	5.628865371336882
2.5189960000034928	5.628880324432458
2.518997000003493	5.6288952477786784
2.518998000003493	5.628910141131627
2.518999000003493	5.628925004247356
2.5190000000034933	5.628939836881891
2.5190010000034935	5.628954638791343
2.5190020000034936	5.628969409731881
2.5190030000034938	5.62898414945978
2.519004000003494	5.628998857731463
2.519005000003494	5.629013534303524
2.519006000003494	5.629028178932771
2.5190070000034943	5.629042791376269
2.5190080000034945	5.629057371391358
2.5190090000034946	5.6290719187357094
2.5190100000034947	5.629086433167329
2.519011000003495	5.629100914444621
2.519012000003495	5.6291153623264005
2.519013000003495	5.62912977657194
2.5190140000034953	5.62914415694098
2.5190150000034954	5.629158503193773
2.5190160000034956	5.629172815091163
2.5190170000034957	5.629187092394535
2.519018000003496	5.629201334865895
2.519019000003496	5.629215542267883
2.519020000003496	5.629229714363812
2.5190210000034963	5.629243850917685
2.5190220000034964	5.629257951694228
2.5190230000034965	5.629272016458918
2.5190240000034967	5.629286044978026
2.519025000003497	5.629300037018633
2.519026000003497	5.629313992348638
2.519027000003497	5.6293279107367935
2.5190280000034972	5.629341791952741
2.5190290000034974	5.629355635767027
2.5190300000034975	5.629369441951141
2.5190310000034977	5.629383210277506
2.519032000003498	5.629396940519526
2.519033000003498	5.629410632451619
2.519034000003498	5.629424285849194
2.5190350000034982	5.629437900488708
2.5190360000034984	5.6294514761476755
2.5190370000034985	5.629465012604686
2.5190380000034986	5.6294785096394175
2.519039000003499	5.629491967032659
2.519040000003499	5.629505384566317
2.519041000003499	5.629518762023457
2.519042000003499	5.629532099188286
2.5190430000034993	5.629545395846191
2.5190440000034995	5.629558651783749
2.5190450000034996	5.629571866788717
2.5190460000034998	5.629585040650083
2.5190470000035	5.629598173158045
2.5190480000035	5.629611264104048
2.5190490000035	5.629624313280764
2.5190500000035003	5.629637320482132
2.5190510000035005	5.62965028550335
2.5190520000035006	5.629663208140881
2.5190530000035007	5.629676088192475
2.519054000003501	5.62968892545716
2.519055000003501	5.62970171973526
2.519056000003501	5.629714470828372
2.5190570000035013	5.629727178539434
2.5190580000035014	5.629739842672449
2.5190590000035016	5.629752463033105
2.5190600000035017	5.629765039428349
2.519061000003502	5.629777571666352
2.519062000003502	5.6297900595566075
2.519063000003502	5.6298025029099215
2.5190640000035023	5.629814901538424
2.5190650000035024	5.629827255255561
2.5190660000035026	5.629839563876102
2.5190670000035027	5.629851827216141
2.519068000003503	5.629864045093079
2.519069000003503	5.629876217325634
2.519070000003503	5.629888343733837
2.5190710000035033	5.629900424139031
2.5190720000035034	5.629912458363858
2.5190730000035035	5.629924446232264
2.5190740000035037	5.629936387569497
2.519075000003504	5.629948282202087
2.519076000003504	5.629960129957856
2.519077000003504	5.629971930665896
2.5190780000035042	5.6299836841565805
2.5190790000035044	5.62999539026155
2.5190800000035045	5.630007048813702
2.5190810000035047	5.6300186596471775
2.519082000003505	5.630030222597375
2.519083000003505	5.630041737500918
2.519084000003505	5.6300532041956535
2.519085000003505	5.63006462252065
2.5190860000035054	5.630075992316194
2.5190870000035055	5.63008731342375
2.5190880000035056	5.630098585685974
2.5190890000035058	5.630109808946709
2.519090000003506	5.630120983042606
2.519091000003506	5.630132107824822
2.519092000003506	5.630143183144036
2.5190930000035063	5.630154208848686
2.5190940000035065	5.630165184788332
2.5190950000035066	5.6301761108136334
2.5190960000035068	5.6301869867763585
2.519097000003507	5.630197812529356
2.519098000003507	5.630208587926549
2.519099000003507	5.6302193128229305
2.5191000000035073	5.630229987074497
2.5191010000035075	5.630240610538297
2.5191020000035076	5.630251183072439
2.5191030000035077	5.630261704536016
2.519104000003508	5.630272174789157
2.519105000003508	5.630282593692944
2.519106000003508	5.630292961109347
2.5191070000035083	5.630303276901343
2.5191080000035084	5.63031354093286
2.5191090000035086	5.63032375306874
2.5191100000035087	5.630333913174738
2.519111000003509	5.63034402111751
2.519112000003509	5.630354076764591
2.519113000003509	5.630364079984376
2.5191140000035093	5.6303740306461245
2.5191150000035094	5.6303839286199215
2.5191160000035095	5.63039377377667
2.5191170000035097	5.630403565988102
2.51911800000351	5.630413305126726
2.51911900000351	5.630422991065838
2.51912000000351	5.630432623679489
2.5191210000035102	5.630442202842477
2.5191220000035104	5.630451728430331
2.5191230000035105	5.630461200319301
2.5191240000035107	5.6304706183863305
2.519125000003511	5.6304799825090495
2.519126000003511	5.630489292565742
2.519127000003511	5.630498548435361
2.5191280000035112	5.63050774999753
2.5191290000035114	5.63051689713244
2.5191300000035115	5.6305259897209226
2.5191310000035116	5.630535027644401
2.519132000003512	5.630544010784861
2.519133000003512	5.630552939024853
2.519134000003512	5.63056181224746
2.519135000003512	5.630570630336304
2.5191360000035123	5.630579393175519
2.5191370000035125	5.630588100649735
2.5191380000035126	5.630596752644064
2.5191390000035128	5.630605349044087
2.519140000003513	5.63061388973583
2.519141000003513	5.630622374605764
2.519142000003513	5.630630803540772
2.5191430000035133	5.630639176428155
2.5191440000035135	5.630647493146042
2.5191450000035136	5.630655753588514
2.5191460000035137	5.630663957647614
2.519147000003514	5.630672105212118
2.519148000003514	5.630680196171145
2.519149000003514	5.630688230414097
2.5191500000035143	5.6306962078307174
2.5191510000035144	5.630704128311067
2.5191520000035146	5.6307119917454775
2.5191530000035147	5.630719798024534
2.519154000003515	5.630727547039087
2.519155000003515	5.630735238680227
2.519156000003515	5.630742872839275
2.5191570000035153	5.630750449407785
2.5191580000035154	5.630757968277507
2.5191590000035156	5.630765429340403
2.5191600000035157	5.630772832488621
2.519161000003516	5.630780177614491
2.519162000003516	5.630787464610516
2.519163000003516	5.63079469336936
2.5191640000035163	5.630801863783834
2.5191650000035164	5.630808975746909
2.5191660000035165	5.630816029151674
2.5191670000035167	5.630823023891372
2.519168000003517	5.630829959859348
2.519169000003517	5.63083683694908
2.519170000003517	5.630843655054132
2.5191710000035172	5.6308504140682345
2.5191720000035174	5.630857113885169
2.5191730000035175	5.630863754398817
2.5191740000035177	5.630870335503175
2.519175000003518	5.630876857092315
2.519176000003518	5.630883319060401
2.519177000003518	5.630889721301673
2.519178000003518	5.6308960637104635
2.5191790000035184	5.630902346181143
2.5191800000035185	5.630908568608207
2.5191810000035186	5.630914730886257
2.5191820000035188	5.630920832909941
2.519183000003519	5.630926874573997
2.519184000003519	5.63093285577319
2.519185000003519	5.630938776402443
2.5191860000035193	5.630944636356714
2.5191870000035195	5.630950435531054
2.5191880000035196	5.630956173820602
2.5191890000035198	5.630961851120586
2.51919000000352	5.630967467326321
2.51919100000352	5.630973022333222
2.51919200000352	5.630978516036803
2.5191930000035203	5.630983948332678
2.5191940000035205	5.63098931911657
2.5191950000035206	5.630994628284316
2.5191960000035207	5.630999875731868
2.519197000003521	5.631005061355299
2.519198000003521	5.631010185050811
2.519199000003521	5.631015246714738
2.5192000000035213	5.631020246243549
2.5192010000035214	5.63102518353387
2.5192020000035216	5.631030058482467
2.5192030000035217	5.6310348709862685
2.519204000003522	5.631039620942369
2.519205000003522	5.631044308248042
2.519206000003522	5.631048932800729
2.5192070000035223	5.631053494498051
2.5192080000035224	5.631057993237835
2.5192090000035225	5.631062428918102
2.5192100000035227	5.631066801437081
2.519211000003523	5.631071110693215
2.519212000003523	5.6310753565851766
2.519213000003523	5.631079539011858
2.5192140000035232	5.631083657872391
2.5192150000035234	5.631087713066159
2.5192160000035235	5.63109170449279
2.5192170000035237	5.631095632052175
2.519218000003524	5.631099495644469
2.519219000003524	5.631103295170103
2.519220000003524	5.631107030529784
2.5192210000035242	5.6311107016245225
2.5192220000035244	5.631114308355605
2.5192230000035245	5.6311178506246335
2.5192240000035246	5.631121328333513
2.519225000003525	5.631124741384471
2.519226000003525	5.631128089680044
2.519227000003525	5.631131373123113
2.519228000003525	5.631134591616884
2.5192290000035253	5.6311377450649065
2.5192300000035255	5.631140833371082
2.5192310000035256	5.631143856439657
2.5192320000035258	5.631146814175249
2.519233000003526	5.631149706482818
2.519234000003526	5.631152533267717
2.519235000003526	5.631155294435658
2.5192360000035263	5.631157989892729
2.5192370000035265	5.631160619545399
2.5192380000035266	5.631163183300537
2.5192390000035267	5.631165681065391
2.519240000003527	5.6311681127476145
2.519241000003527	5.631170478255257
2.519242000003527	5.631172777496763
2.5192430000035273	5.631175010380988
2.5192440000035274	5.631177176817197
2.5192450000035276	5.631179276715059
2.5192460000035277	5.631181309984659
2.519247000003528	5.631183276536503
2.519248000003528	5.631185176281509
2.519249000003528	5.631187009131007
2.5192500000035283	5.631188774996755
2.5192510000035284	5.631190473790931
2.5192520000035286	5.631192105426132
2.5192530000035287	5.631193669815385
2.519254000003529	5.631195166872129
2.519255000003529	5.631196596510233
2.519256000003529	5.631197958643975
2.5192570000035293	5.6311992531880755
2.5192580000035294	5.631200480057635
2.5192590000035295	5.6312016391682205
2.5192600000035297	5.631202730435812
2.51926100000353	5.631203753776801
2.51926200000353	5.6312047091079975
2.51926300000353	5.631205596346623
2.5192640000035302	5.631206415410307
2.5192650000035304	5.631207166217093
2.5192660000035305	5.631207848685429
2.5192670000035307	5.631208462734182
2.519268000003531	5.631209008282604
2.519269000003531	5.631209485250352
2.519270000003531	5.631209893557476
2.519271000003531	5.631210233124415
2.5192720000035314	5.631210503872008
2.5192730000035315	5.631210705721467
2.5192740000035316	5.631210838594384
2.5192750000035318	5.631210902412728
2.519276000003532	5.6312108970988355
2.519277000003532	5.631210822575449
2.519278000003532	5.631210678765616
2.5192790000035323	5.631210465592744
2.5192800000035325	5.631210182980597
2.5192810000035326	5.631209830853329
2.5192820000035328	5.631209409135359
2.519283000003533	5.631208917751452
2.519284000003533	5.631208356626735
2.519285000003533	5.6312077256866395
2.5192860000035333	5.631207024856918
2.5192870000035334	5.631206254063618
2.5192880000035336	5.631205413233104
2.5192890000035337	5.6312045022920305
2.519290000003534	5.631203521167338
2.519291000003534	5.63120246978624
2.519292000003534	5.631201348076244
2.5192930000035343	5.6312001559651135
2.5192940000035344	5.63119889338087
2.5192950000035346	5.631197560251797
2.5192960000035347	5.6311961565064115
2.519297000003535	5.631194682073478
2.519298000003535	5.631193136881985
2.519299000003535	5.631191520861159
2.5193000000035353	5.631189833940427
2.5193010000035354	5.631188076049486
2.5193020000035355	5.63118624711817
2.5193030000035357	5.63118434707646
2.519304000003536	5.631182375854576
2.519305000003536	5.631180333382921
2.519306000003536	5.631178219592057
2.5193070000035362	5.631176034412709
2.5193080000035364	5.63117377777576
2.5193090000035365	5.63117144961224
2.5193100000035367	5.63116904985332
2.519311000003537	5.631166578430302
2.519312000003537	5.631164035274604
2.519313000003537	5.631161420317765
2.5193140000035372	5.631158733491433
2.5193150000035374	5.6311559747273545
2.5193160000035375	5.631153143957376
2.5193170000035376	5.63115024111344
2.519318000003538	5.631147266127553
2.519319000003538	5.631144218931767
2.519320000003538	5.631141099458216
2.519321000003538	5.6311379076391
2.5193220000035383	5.631134643406657
2.5193230000035385	5.631131306693169
2.5193240000035386	5.631127897430979
2.5193250000035388	5.631124415552414
2.519326000003539	5.631120860989838
2.519327000003539	5.631117233675632
2.519328000003539	5.631113533542186
2.5193290000035393	5.6311097605219045
2.5193300000035395	5.631105914547167
2.5193310000035396	5.631101995550321
2.5193320000035397	5.631098003463718
2.51933300000354	5.631093938219682
2.51933400000354	5.631089799750506
2.51933500000354	5.631085587988442
2.5193360000035403	5.6310813028657005
2.5193370000035404	5.631076944314444
2.5193380000035406	5.631072512266769
2.5193390000035407	5.63106800665473
2.519340000003541	5.63106342741029
2.519341000003541	5.631058774465362
2.519342000003541	5.631054047751766
2.5193430000035413	5.631049247201244
2.5193440000035414	5.631044372745446
2.5193450000035416	5.631039424315928
2.5193460000035417	5.631034401844145
2.519347000003542	5.631029305261454
2.519348000003542	5.631024134499095
2.519349000003542	5.631018889488191
2.5193500000035423	5.631013570159751
2.5193510000035424	5.63100817644466
2.5193520000035425	5.6310027082736696
2.5193530000035427	5.6309971655773925
2.519354000003543	5.630991548286311
