2.530103999998383	[-0.26190719  1.07910735 -0.22687564]
2.530105999998383	[-0.26103604  1.07643782 -0.22607554]
2.530107999998383	[-0.26016111  1.07375894 -0.22527195]
2.5301099999983827	[-0.25928107  1.07106972 -0.22446363]
2.5301119999983825	[-0.25839552  1.06837005 -0.22365022]
2.5301139999983824	[-0.25750463  1.06565994 -0.22283188]
2.530115999998382	[-0.25660842  1.06293937 -0.22200862]
2.530117999998382	[-0.25570687  1.06020833 -0.22118042]
2.530119999998382	[-0.2548      1.05746679 -0.22034732]
2.5301219999983817	[-0.2538878   1.05471476 -0.21950929]
2.5301239999983816	[-0.25296607  1.05194468 -0.21866243]
2.5301259999983814	[-0.25204709  1.04917927 -0.21781815]
2.5301279999983812	[-0.25111894  1.04639567 -0.21696538]
2.530129999998381	[-0.2501855   1.04360151 -0.21610772]
2.530131999998381	[-0.24924678  1.0407968  -0.21524518]
2.5301339999983807	[-0.24830275  1.03798149 -0.21437773]
2.5301359999983806	[-0.24735777  1.03516272 -0.21350942]
2.5301379999983804	[-0.24639924  1.03231899 -0.21262856]
2.5301399999983802	[-0.24543937  1.02947192 -0.21174647]
2.53014199999838	[-0.24447424  1.02661425 -0.21085952]
2.53014399999838	[-0.24349953  1.02373916 -0.20996372]
2.5301459999983797	[-0.24252793  1.02086723 -0.20907081]
2.5301479999983796	[-0.24154709  1.01797774 -0.20816936]
2.5301499999983794	[-0.24056104  1.01507762 -0.20726308]
2.5301519999983793	[-0.23956977  1.01216687 -0.20635198]
2.530153999998379	[-0.23857331  1.00924551 -0.20543608]
2.530155999998379	[-0.23757166  1.00631351 -0.20451539]
2.5301579999983788	[-0.23656483  1.00337089 -0.20358992]
2.5301599999983786	[-0.23555285  1.00041766 -0.20265969]
2.5301619999983784	[-0.23453569  0.99745378 -0.20172467]
2.5301639999983783	[-0.23352017  0.9944907  -0.20079117]
2.530165999998378	[-0.23248635  0.99149412 -0.19984074]
2.530167999998378	[-0.23145383  0.98849839 -0.19889153]
2.5301699999983778	[-0.23041622  0.98549209 -0.19793761]
2.5301719999983776	[-0.22937352  0.98247517 -0.19697899]
2.5301739999983774	[-0.22832576  0.97944766 -0.1960157 ]
2.5301759999983773	[-0.22727295  0.97640957 -0.19504773]
2.530177999998377	[-0.2262151   0.9733609  -0.19407512]
2.530179999998377	[-0.22515223  0.97030167 -0.19309786]
2.530181999998377	[-0.22408436  0.96723189 -0.19211599]
2.5301839999983766	[-0.2230115   0.96415156 -0.19112951]
2.5301859999983765	[-0.22193366  0.96106072 -0.19013843]
2.5301879999983763	[-0.2208509   0.95795934 -0.18914279]
2.530189999998376	[-0.21976319  0.95484749 -0.18814259]
2.530191999998376	[-0.21867057  0.95172515 -0.18713785]
2.530193999998376	[-0.21757305  0.94859234 -0.18612859]
2.5301959999983756	[-0.21647067  0.94544898 -0.18511483]
2.5301979999983755	[-0.2153634   0.94229541 -0.18409656]
2.5301999999983753	[-0.21425131  0.93913132 -0.18307384]
2.530201999998375	[-0.2131344   0.93595684 -0.18204667]
2.530203999998375	[-0.2120127   0.93277201 -0.18101507]
2.530205999998375	[-0.21088622  0.92957682 -0.17997905]
2.5302079999983746	[-0.20975498  0.92637132 -0.17893864]
2.5302099999983745	[-0.20861901  0.92315554 -0.17789387]
2.5302119999983743	[-0.20747833  0.91992948 -0.17684473]
2.530213999998374	[-0.20633295  0.91669318 -0.17579127]
2.530215999998374	[-0.2051829   0.91344667 -0.17473349]
2.530217999998374	[-0.20402821  0.91018998 -0.17367142]
2.5302199999983737	[-0.2028695   0.90692176 -0.17260565]
2.5302219999983735	[-0.20170508  0.90364613 -0.17153459]
2.5302239999983733	[-0.20053657  0.90035908 -0.17045976]
2.530225999998373	[-0.19936352  0.89706197 -0.16938074]
2.530227999998373	[-0.19818593  0.89375484 -0.16829753]
2.530229999998373	[-0.19700383  0.89043773 -0.16721015]
2.5302319999983727	[-0.19581725  0.88711067 -0.16611864]
2.5302339999983725	[-0.19462621  0.88377369 -0.16502301]
2.5302359999983723	[-0.19343073  0.88042685 -0.16392328]
2.530237999998372	[-0.19223084  0.87707017 -0.16281947]
2.530239999998372	[-0.19102656  0.87370369 -0.16171162]
2.530241999998372	[-0.18981791  0.87032747 -0.16059974]
2.5302439999983717	[-0.18860493  0.86694154 -0.15948385]
2.5302459999983715	[-0.18738763  0.86354594 -0.15836398]
2.5302479999983714	[-0.18616604  0.86014072 -0.15724015]
2.530249999998371	[-0.1849402   0.85672592 -0.15611239]
2.530251999998371	[-0.18371011  0.8533016  -0.15498071]
2.530253999998371	[-0.18247581  0.8498678  -0.15384515]
2.5302559999983707	[-0.18123732  0.84642456 -0.15270572]
2.5302579999983705	[-0.17999467  0.84297194 -0.15156245]
2.5302599999983704	[-0.17874789  0.83950999 -0.15041537]
2.53026199999837	[-0.17749699  0.83603876 -0.14926449]
2.53026399999837	[-0.17624202  0.8325583  -0.14810984]
2.53026599999837	[-0.17498298  0.82906867 -0.14695145]
2.5302679999983697	[-0.1737199   0.82556991 -0.14578933]
2.5302699999983695	[-0.17245282  0.82206218 -0.14462352]
2.5302719999983694	[-0.17118177  0.81854528 -0.14345404]
2.530273999998369	[-0.16990427  0.81500682 -0.14227858]
2.530275999998369	[-0.16862778  0.81148474 -0.14110412]
2.530277999998369	[-0.16734494  0.80794124 -0.13992376]
2.5302799999983687	[-0.16605822  0.80438897 -0.13873983]
2.5302819999983686	[-0.16476765  0.80082798 -0.13755234]
2.5302839999983684	[-0.16347326  0.79725835 -0.13636133]
2.5302859999983682	[-0.16217507  0.79368013 -0.13516682]
2.530287999998368	[-0.16087311  0.79009339 -0.13396882]
2.530289999998368	[-0.1595674   0.7864982  -0.13276737]
2.5302919999983677	[-0.15825797  0.78289461 -0.13156249]
2.5302939999983676	[-0.15694485  0.77928268 -0.1303542 ]
2.5302959999983674	[-0.15562806  0.77566252 -0.12914253]
2.5302979999983672	[-0.15430762  0.77203417 -0.1279275 ]
2.530299999998367	[-0.15298357  0.76839769 -0.12670913]
2.530301999998367	[-0.15165593  0.76475316 -0.12548745]
2.5303039999983667	[-0.15032472  0.76110066 -0.12426249]
2.5303059999983666	[-0.14898998  0.75744025 -0.12303426]
2.5303079999983664	[-0.14765171  0.753772   -0.12180278]
2.5303099999983663	[-0.14630996  0.750096   -0.12056809]
2.530311999998366	[-0.14496475  0.7464123  -0.11933021]
2.530313999998366	[-0.14361608  0.74272095 -0.11808914]
2.5303159999983658	[-0.14226402  0.73902216 -0.11684494]
2.5303179999983656	[-0.14090856  0.73531586 -0.11559761]
2.5303199999983654	[-0.13954973  0.73160218 -0.11434717]
2.5303219999983653	[-0.13818756  0.72788119 -0.11309366]
2.530323999998365	[-0.13682208  0.72415298 -0.11183709]
2.530325999998365	[-0.1354533   0.72041762 -0.11057748]
2.5303279999983648	[-0.13408126  0.71667519 -0.10931486]
2.5303299999983646	[-0.13270597  0.71292578 -0.10804925]
2.5303319999983644	[-0.13132746  0.70916947 -0.10678067]
2.5303339999983643	[-0.12994575  0.70540634 -0.10550914]
2.530335999998364	[-0.1285604   0.70163188 -0.10423428]
2.530337999998364	[-0.12717266  0.69785992 -0.10295717]
2.530339999998364	[-0.12578151  0.69407684 -0.10167693]
2.5303419999983636	[-0.12438724  0.69028724 -0.10039383]
2.5303439999983635	[-0.1229899   0.68649124 -0.09910788]
2.5303459999983633	[-0.12158949  0.68268892 -0.09781912]
2.530347999998363	[-0.12018604  0.67888037 -0.09652756]
2.530349999998363	[-0.11877957  0.6750657  -0.0952332 ]
2.530351999998363	[-0.11737012  0.67124493 -0.09393611]
2.5303539999983626	[-0.1159577   0.66741819 -0.09263627]
2.5303559999983625	[-0.11454232  0.66358559 -0.09133371]
2.5303579999983623	[-0.11312402  0.65974718 -0.09002845]
2.530359999998362	[-0.1117028   0.65590309 -0.08872051]
2.530361999998362	[-0.11027869  0.65205337 -0.08740991]
2.530363999998362	[-0.10885172  0.64819813 -0.08609667]
2.5303659999983616	[-0.1074219   0.64433746 -0.0847808 ]
2.5303679999983615	[-0.10598926  0.64047144 -0.08346233]
2.5303699999983613	[-0.10455381  0.63660017 -0.08214128]
2.530371999998361	[-0.1031156   0.63272374 -0.08081768]
2.530373999998361	[-0.10167457  0.62884224 -0.07949148]
2.530375999998361	[-0.10023082  0.62495577 -0.07816278]
2.5303779999983607	[-0.09878434  0.62106441 -0.07683156]
2.5303799999983605	[-0.09733514  0.61716826 -0.07549785]
2.5303819999983603	[-0.09588326  0.61326742 -0.07416166]
2.53038399999836	[-0.09442871  0.60936197 -0.07282301]
2.53038599999836	[-0.0929715   0.60545201 -0.07148191]
2.53038799999836	[-0.09151165  0.60153764 -0.07013838]
2.5303899999983597	[-0.09004919  0.59761894 -0.06879245]
2.5303919999983595	[-0.08858412  0.59369603 -0.06744411]
2.5303939999983593	[-0.08711647  0.58976897 -0.0660934 ]
2.530395999998359	[-0.08564626  0.58583788 -0.06474033]
2.530397999998359	[-0.0841735   0.58190284 -0.0633849 ]
2.530399999998359	[-0.0826982   0.57796396 -0.06202715]
2.5304019999983587	[-0.08122039  0.57402132 -0.06066708]
2.5304039999983585	[-0.07974007  0.57007503 -0.05930471]
2.5304059999983584	[-0.07825728  0.56612518 -0.05794005]
2.530407999998358	[-0.07677202  0.56217186 -0.05657312]
2.530409999998358	[-0.0752843   0.55821517 -0.05520394]
2.530411999998358	[-0.07379416  0.5542552  -0.05383251]
2.5304139999983577	[-0.07230159  0.55029205 -0.05245885]
2.5304159999983575	[-0.07080661  0.54632583 -0.05108299]
2.5304179999983574	[-0.06930925  0.54235661 -0.04970492]
2.530419999998357	[-0.06780951  0.5383845  -0.04832466]
2.530421999998357	[-0.06630741  0.5344096  -0.04694224]
2.530423999998357	[-0.06480296  0.53043199 -0.04555766]
2.5304259999983567	[-0.06329619  0.52645178 -0.04417093]
2.5304279999983565	[-0.06178709  0.52246906 -0.04278207]
2.5304299999983564	[-0.0602757   0.51848392 -0.04139109]
2.530431999998356	[-0.058762    0.51449647 -0.03999799]
2.530433999998356	[-0.05724605  0.51050679 -0.03860283]
2.530435999998356	[-0.05572783  0.50651498 -0.03720557]
2.5304379999983557	[-0.05420736  0.50252114 -0.03580624]
2.5304399999983556	[-0.05268464  0.49852532 -0.03440484]
2.5304419999983554	[-0.05115973  0.49452773 -0.03300144]
2.5304439999983552	[-0.0496326   0.49052835 -0.03159599]
2.530445999998355	[-0.04810327  0.48652731 -0.03018852]
2.530447999998355	[-0.04657176  0.48252471 -0.02877904]
2.5304499999983547	[-0.04503808  0.47852065 -0.02736757]
2.5304519999983546	[-0.04350224  0.4745152  -0.02595412]
2.5304539999983544	[-0.04196426  0.47050848 -0.02453869]
2.5304559999983542	[-0.04042414  0.46650056 -0.0231213 ]
2.530457999998354	[-0.03888191  0.46249155 -0.02170197]
2.530459999998354	[-0.03733757  0.45848153 -0.0202807 ]
2.5304619999983538	[-0.03579113  0.45447059 -0.01885751]
2.5304639999983536	[-0.03424261  0.45045884 -0.0174324 ]
2.5304659999983534	[-0.03269202  0.44644636 -0.01600539]
2.5304679999983533	[-0.0311394   0.44243326 -0.01457651]
2.530469999998353	[-0.02958467  0.43841956 -0.01314571]
2.530471999998353	[-0.02802794  0.43440543 -0.01171306]
2.5304739999983528	[-0.02646918  0.43039092 -0.01027855]
2.5304759999983526	[-0.02490841  0.42637614 -0.00884219]
2.5304779999983524	[-0.02334564  0.42236117 -0.007404  ]
2.5304799999983523	[-0.0217809   0.41834618 -0.00596399]
2.530481999998352	[-0.02021414  0.414331   -0.00452214]
2.530483999998352	[-0.01864544  0.41031598 -0.00307851]
2.5304859999983518	[-0.01707478  0.40630113 -0.00163307]
2.5304879999983516	[-1.55021815e-02  4.02286514e-01 -1.85859384e-04]
2.5304899999983514	[-0.01392766  0.39827224  0.00126312]
2.5304919999983513	[-0.01235119  0.39425837  0.00271387]
2.530493999998351	[-0.01077283  0.39024502  0.00416637]
2.530495999998351	[-0.00919257  0.38623225  0.00562061]
2.530497999998351	[-0.00761042  0.38222015  0.00707658]
2.5304999999983506	[-0.00602773  0.37820875  0.00853304]
2.5305019999983505	[-0.00444053  0.37419828  0.00999365]
2.5305039999983503	[-0.0028528   0.3701887   0.01145474]
2.53050599999835	[-0.00126322  0.36618013  0.01291752]
2.53050799999835	[3.28191249e-04 3.62172631e-01 1.43819702e-02]
2.53050999999835	[0.00192142 0.3581663  0.01584809]
2.5305119999983496	[0.00351645 0.35416122 0.01731586]
2.5305139999983495	[0.00511328 0.35015746 0.01878528]
2.5305159999983493	[0.00671189 0.3461551  0.02025634]
2.530517999998349	[0.00831218 0.3421543  0.02172892]
2.530519999998349	[0.00991442 0.33815491 0.0232033 ]
2.530521999998349	[0.01151832 0.33415724 0.02467918]
2.5305239999983486	[0.0131257  0.33015982 0.02615828]
2.5305259999983485	[0.01473137 0.32616714 0.02763577]
2.5305279999983483	[0.01634045 0.32217482 0.0291164 ]
2.530529999998348	[0.01795123 0.31818445 0.03059858]
2.530531999998348	[0.0195637  0.3141961  0.03208231]
2.530533999998348	[0.02117785 0.31020983 0.03356758]
2.5305359999983477	[0.02279367 0.30622572 0.03505437]
2.5305379999983475	[0.02441114 0.30224383 0.03654267]
2.5305399999983473	[0.02603026 0.29826425 0.03803247]
2.530541999998347	[0.02765101 0.29428704 0.03952377]
2.530543999998347	[0.02927338 0.29031228 0.04101655]
2.530545999998347	[0.03089736 0.28634002 0.04251079]
2.5305479999983467	[0.03252293 0.28237034 0.04400649]
2.5305499999983465	[0.03415009 0.27840331 0.04550364]
2.5305519999983463	[0.03577883 0.27443899 0.04700222]
2.530553999998346	[0.03740912 0.27047746 0.04850223]
2.530555999998346	[0.03904096 0.26651876 0.05000365]
2.530557999998346	[0.04067433 0.26256298 0.05150646]
2.5305599999983457	[0.04230923 0.25861018 0.05301067]
2.5305619999983455	[0.04394563 0.25466041 0.05451625]
2.5305639999983454	[0.04558354 0.25071374 0.0560232 ]
2.530565999998345	[0.04722292 0.24677023 0.0575315 ]
2.530567999998345	[0.04886379 0.24282994 0.05904114]
2.530569999998345	[0.05050611 0.23889294 0.06055211]
2.5305719999983447	[0.05214988 0.23495928 0.0620644 ]
2.5305739999983445	[0.05379508 0.23102903 0.063578  ]
2.5305759999983444	[0.05544172 0.22710223 0.0650929 ]
2.530577999998344	[0.05708974 0.22317896 0.06660906]
2.530579999998344	[0.05873918 0.21925925 0.0681265 ]
2.530581999998344	[0.06038999 0.21534318 0.0696452 ]
2.5305839999983437	[0.06204217 0.21143079 0.07116514]
2.5305859999983435	[0.06369571 0.20752215 0.07268632]
2.5305879999983434	[0.0653506  0.20361729 0.07420872]
2.530589999998343	[0.06700682 0.19971628 0.07573233]
2.530591999998343	[0.06866435 0.19581918 0.07725714]
2.530593999998343	[0.07032319 0.19192602 0.07878313]
2.5305959999983427	[0.07198332 0.18803686 0.0803103 ]
2.5305979999983426	[0.07364473 0.18415175 0.08183862]
2.5305999999983424	[0.07530741 0.18027074 0.0833681 ]
2.5306019999983422	[0.07697133 0.17639388 0.0848987 ]
2.530603999998342	[0.0786365  0.17252122 0.08643044]
2.530605999998342	[0.08030289 0.16865279 0.08796328]
2.5306079999983417	[0.0819705  0.16478866 0.08949723]
2.5306099999983416	[0.08363804 0.16092539 0.0910311 ]
2.5306119999983414	[0.08530931 0.15707338 0.09256838]
2.5306139999983412	[0.08698046 0.15322238 0.09410553]
2.530615999998341	[0.08865279 0.14937586 0.09564375]
2.530617999998341	[0.09032626 0.14553382 0.09718301]
2.5306199999983408	[0.09200086 0.14169634 0.09872329]
2.5306219999983406	[0.09367659 0.13786345 0.10026458]
2.5306239999983404	[0.09535342 0.13403519 0.10180688]
2.5306259999983403	[0.09703135 0.1302116  0.10335016]
2.53062799999834	[0.09871036 0.12639272 0.10489443]
2.53062999999834	[0.10039044 0.12257858 0.10643965]
2.5306319999983398	[0.10207158 0.11876923 0.10798583]
2.5306339999983396	[0.10375375 0.1149647  0.10953295]
2.5306359999983394	[0.10543696 0.11116502 0.111081  ]
2.5306379999983393	[0.10712119 0.10737023 0.11262997]
2.530639999998339	[0.10880641 0.10358037 0.11417985]
2.530641999998339	[0.11049263 0.09979546 0.11573061]
2.5306439999983388	[0.11217983 0.09601555 0.11728226]
2.5306459999983386	[0.11386799 0.09224067 0.11883477]
2.5306479999983384	[0.11555712 0.08847082 0.12038816]
2.5306499999983383	[0.11724719 0.08470607 0.12194239]
2.530651999998338	[0.11893818 0.08094643 0.12349745]
2.530653999998338	[0.12063009 0.07719194 0.12505334]
2.530655999998338	[0.12232291 0.07344261 0.12661004]
2.5306579999983376	[0.12401662 0.06969849 0.12816755]
2.5306599999983375	[0.12571121 0.0659596  0.12972585]
2.5306619999983373	[0.12740667 0.06222596 0.13128492]
2.530663999998337	[0.129103   0.0584976  0.13284477]
2.530665999998337	[0.13080017 0.05477454 0.13440538]
2.530667999998337	[0.13249817 0.0510568  0.13596674]
2.5306699999983366	[0.134197   0.04734443 0.13752884]
2.5306719999983365	[0.13589665 0.04363743 0.13909167]
2.5306739999983363	[0.13759709 0.03993583 0.14065521]
2.530675999998336	[0.13929833 0.03623964 0.14221947]
2.530677999998336	[0.14100035 0.0325489  0.14378442]
2.530679999998336	[0.14270314 0.02886362 0.14535006]
2.5306819999983357	[0.1444067  0.02518381 0.14691638]
2.5306839999983355	[0.146111   0.0215095  0.14848338]
2.5306859999983353	[0.14781604 0.01784072 0.15005103]
2.530687999998335	[0.14952182 0.01417747 0.15161934]
2.530689999998335	[0.15122831 0.01051978 0.15318829]
2.530691999998335	[0.15293552 0.00686765 0.15475787]
2.5306939999983347	[0.15464119 0.00323078 0.15632608]
2.5306959999983345	[ 0.15635187 -0.00041983  0.15789876]
2.5306979999983343	[ 0.15806114 -0.00405517  0.15947018]
2.530699999998334	[ 0.1597711  -0.00768487  0.16104221]
2.530701999998334	[ 0.16148173 -0.01130892  0.16261485]
2.530703999998334	[ 0.16319302 -0.01492733  0.16418806]
2.5307059999983337	[ 0.16490496 -0.01854006  0.16576186]
2.5307079999983335	[ 0.16661754 -0.02214712  0.16733623]
2.5307099999983333	[ 0.16833075 -0.02574848  0.16891115]
2.530711999998333	[ 0.17004459 -0.02934415  0.17048663]
2.530713999998333	[ 0.17175906 -0.03293411  0.17206267]
2.530715999998333	[ 0.17347413 -0.03651835  0.17363924]
2.5307179999983327	[ 0.17518981 -0.04009686  0.17521635]
2.5307199999983325	[ 0.17690608 -0.04366963  0.176794  ]
2.5307219999983324	[ 0.17862295 -0.04723667  0.17837216]
2.530723999998332	[ 0.18034041 -0.05079794  0.17995085]
2.530725999998332	[ 0.18205844 -0.05435347  0.18153005]
2.530727999998332	[ 0.18377704 -0.05790324  0.18310975]
2.5307299999983317	[ 0.18549622 -0.06144723  0.18468995]
2.5307319999983315	[ 0.18721595 -0.06498546  0.18627065]
2.5307339999983314	[ 0.18893624 -0.06851791  0.18785184]
2.530735999998331	[ 0.19065709 -0.07204457  0.18943353]
2.530737999998331	[ 0.19237847 -0.07556545  0.19101568]
2.530739999998331	[ 0.1941004  -0.07908054  0.19259832]
2.5307419999983307	[ 0.19582287 -0.08258985  0.19418144]
2.5307439999983306	[ 0.19754587 -0.08609336  0.19576502]
2.5307459999983304	[ 0.1992694  -0.08959109  0.19734907]
2.5307479999983302	[ 0.20099346 -0.09308302  0.19893358]
2.53074999999833	[ 0.20271803 -0.09656915  0.20051854]
2.53075199999833	[ 0.20444312 -0.1000495   0.20210397]
2.5307539999983297	[ 0.20616873 -0.10352405  0.20368985]
2.5307559999983296	[ 0.20789485 -0.10699281  0.20527617]
2.5307579999983294	[ 0.20962147 -0.11045578  0.20686295]
2.5307599999983292	[ 0.21134861 -0.11391296  0.20845016]
2.530761999998329	[ 0.21307624 -0.11736436  0.21003782]
2.530763999998329	[ 0.21480438 -0.12080998  0.21162592]
2.5307659999983287	[ 0.21653301 -0.12424981  0.21321446]
2.5307679999983286	[ 0.21826214 -0.12768388  0.21480344]
2.5307699999983284	[ 0.21999176 -0.13111217  0.21639284]
2.5307719999983282	[ 0.22172188 -0.1345347   0.21798268]
2.530773999998328	[ 0.22345249 -0.13795145  0.21957296]
2.530775999998328	[ 0.22518359 -0.14136246  0.22116366]
2.5307779999983278	[ 0.22691518 -0.14476772  0.2227548 ]
2.5307799999983276	[ 0.22864726 -0.14816723  0.22434636]
2.5307819999983274	[ 0.23037983 -0.151561    0.22593835]
2.5307839999983273	[ 0.23211288 -0.15494904  0.22753077]
2.530785999998327	[ 0.23384642 -0.15833136  0.22912361]
2.530787999998327	[ 0.23558045 -0.16170797  0.23071688]
2.5307899999983268	[ 0.23731496 -0.16507886  0.23231058]
2.5307919999983266	[ 0.23904996 -0.16844406  0.2339047 ]
2.5307939999983264	[ 0.24078544 -0.17180356  0.23549925]
2.5307959999983263	[ 0.24252141 -0.17515739  0.23709422]
2.530797999998326	[ 0.24425787 -0.17850553  0.23868963]
2.530799999998326	[ 0.24599481 -0.18184802  0.24028545]
2.530801999998326	[ 0.24773225 -0.18518485  0.24188171]
2.5308039999983256	[ 0.24947019 -0.188516    0.24347841]
2.5308059999983255	[ 0.25120858 -0.19184159  0.24507551]
2.5308079999983253	[ 0.25294748 -0.19516153  0.24667305]
2.530809999998325	[ 0.25468687 -0.19847585  0.24827102]
2.530811999998325	[ 0.25642674 -0.20178458  0.24986942]
2.530813999998325	[ 0.25816713 -0.20508771  0.25146826]
2.5308159999983246	[ 0.259908   -0.20838526  0.25306753]
2.5308179999983245	[ 0.26164937 -0.21167726  0.25466724]
2.5308199999983243	[ 0.26339123 -0.2149637   0.25626737]
2.530821999998324	[ 0.26513359 -0.21824461  0.25786795]
2.530823999998324	[ 0.26687646 -0.22151997  0.25946897]
2.530825999998324	[ 0.26861981 -0.22478984  0.26107042]
2.5308279999983236	[ 0.27036368 -0.2280542   0.26267231]
2.5308299999983235	[ 0.27210805 -0.23131308  0.26427464]
2.5308319999983233	[ 0.27385293 -0.23456648  0.26587742]
2.530833999998323	[ 0.27559831 -0.23781442  0.26748065]
2.530835999998323	[ 0.2773442  -0.24105692  0.26908431]
2.530837999998323	[ 0.2790906  -0.24429398  0.27068843]
2.5308399999983227	[ 0.28083752 -0.24752563  0.27229299]
2.5308419999983225	[ 0.28258495 -0.25075186  0.27389801]
2.5308439999983223	[ 0.28433289 -0.25397273  0.27550347]
2.530845999998322	[ 0.28608135 -0.25718821  0.27710938]
2.530847999998322	[ 0.28783033 -0.26039833  0.27871575]
2.530849999998322	[ 0.28957982 -0.2636031   0.28032258]
2.5308519999983217	[ 0.29132984 -0.26680256  0.28192986]
2.5308539999983215	[ 0.29308038 -0.26999669  0.28353759]
2.5308559999983213	[ 0.29483145 -0.27318553  0.28514579]
2.530857999998321	[ 0.29658304 -0.27636908  0.28675444]
2.530859999998321	[ 0.29833515 -0.27954737  0.28836356]
2.530861999998321	[ 0.3000878  -0.2827204   0.28997313]
2.5308639999983207	[ 0.30184097 -0.28588815  0.29158317]
2.5308659999983205	[ 0.30359467 -0.28905077  0.29319367]
2.5308679999983204	[ 0.3053489  -0.29220814  0.29480463]
2.53086999999832	[ 0.30710366 -0.29536032  0.29641606]
2.53087199999832	[ 0.30885895 -0.29850733  0.29802795]
2.53087399999832	[ 0.31061478 -0.30164917  0.2996403 ]
2.5308759999983197	[ 0.31237114 -0.30478588  0.30125312]
2.5308779999983195	[ 0.31412803 -0.30791746  0.30286641]
2.5308799999983194	[ 0.31588545 -0.31104391  0.30448015]
2.530881999998319	[ 0.31764341 -0.31416529  0.30609437]
2.530883999998319	[ 0.31940189 -0.31728158  0.30770905]
2.530885999998319	[ 0.32116092 -0.32039281  0.30932419]
2.5308879999983187	[ 0.32292047 -0.32349899  0.31093979]
2.5308899999983185	[ 0.32468055 -0.32660013  0.31255586]
2.5308919999983184	[ 0.32644117 -0.32969626  0.31417239]
2.530893999998318	[ 0.32820232 -0.33278739  0.31578938]
2.530895999998318	[ 0.32996399 -0.33587353  0.31740684]
2.530897999998318	[ 0.3317262  -0.33895469  0.31902474]
2.5308999999983177	[ 0.33348893 -0.34203091  0.32064312]
2.5309019999983176	[ 0.33525218 -0.34510219  0.32226194]
2.5309039999983174	[ 0.33702752 -0.34815907  0.32389163]
2.5309059999983172	[ 0.33878006 -0.35122956  0.32550076]
2.530907999998317	[ 0.34054489 -0.35428613  0.32712094]
2.530909999998317	[ 0.34231022 -0.35733779  0.32874157]
2.5309119999983167	[ 0.34407607 -0.3603846   0.33036264]
2.5309139999983166	[ 0.34584244 -0.36342654  0.33198415]
2.5309159999983164	[ 0.34760931 -0.36646366  0.3336061 ]
2.5309179999983162	[ 0.34936697 -0.36949508  0.33521967]
2.530919999998316	[ 0.35114469 -0.37252374  0.33685143]
2.530921999998316	[ 0.35291305 -0.3755464   0.33847466]
2.5309239999983157	[ 0.35468192 -0.37856433  0.34009834]
2.5309259999983156	[ 0.35645129 -0.38157746  0.34172244]
2.5309279999983154	[ 0.35822114 -0.38458584  0.34334696]
2.5309299999983152	[ 0.35999148 -0.38758949  0.3449719 ]
2.530931999998315	[ 0.3617623  -0.3905884   0.34659725]
2.530933999998315	[ 0.36353359 -0.3935826   0.348223  ]
2.5309359999983148	[ 0.36530535 -0.39657209  0.34984915]
2.5309379999983146	[ 0.36707758 -0.39955691  0.3514757 ]
2.5309399999983144	[ 0.36885026 -0.40253704  0.35310264]
2.5309419999983143	[ 0.37063348 -0.40551684  0.35473928]
2.530943999998314	[ 0.37239705 -0.40848305  0.35635774]
2.530945999998314	[ 0.37417109 -0.41144924  0.35798584]
2.5309479999983138	[ 0.37594556 -0.41441077  0.35961429]
2.5309499999983136	[ 0.37772045 -0.41736768  0.36124311]
2.5309519999983134	[ 0.37949577 -0.42031998  0.36287228]
2.5309539999983133	[ 0.38127151 -0.42326768  0.36450181]
2.530955999998313	[ 0.38304765 -0.42621081  0.36613168]
2.530957999998313	[ 0.3848242  -0.42914933  0.36776189]
2.530959999998313	[ 0.38660114 -0.4320833   0.36939242]
2.5309619999983126	[ 0.38837846 -0.43501271  0.37102328]
2.5309639999983125	[ 0.39015617 -0.43793757  0.37265446]
2.5309659999983123	[ 0.39193425 -0.44085788  0.37428594]
2.530967999998312	[ 0.39371269 -0.44377367  0.37591773]
2.530969999998312	[ 0.39549148 -0.44668493  0.37754981]
2.530971999998312	[ 0.39727063 -0.44959167  0.37918217]
2.5309739999983116	[ 0.39905011 -0.4524939   0.38081481]
2.5309759999983115	[ 0.4008299  -0.45539162  0.3824477 ]
2.5309779999983113	[ 0.40261004 -0.45828487  0.38408088]
2.530979999998311	[ 0.40439048 -0.46117365  0.3857143 ]
2.530981999998311	[ 0.40617122 -0.46405789  0.38734797]
2.530983999998311	[ 0.40795225 -0.46693768  0.38898186]
2.5309859999983106	[ 0.40973356 -0.46981301  0.39061598]
2.5309879999983105	[ 0.41151515 -0.47268387  0.39225032]
2.5309899999983103	[ 0.41329699 -0.47555028  0.39388486]
2.53099199999831	[ 0.41507909 -0.47841223  0.3955196 ]
2.53099399999831	[ 0.41686143 -0.48126973  0.39715453]
2.53099599999831	[ 0.418644   -0.48412278  0.39878963]
2.5309979999983097	[ 0.4204268  -0.48697139  0.4004249 ]
2.5309999999983095	[ 0.4222098  -0.48981557  0.40206033]
2.5310019999983093	[ 0.423993   -0.49265531  0.40369591]
2.531003999998309	[ 0.4257764  -0.49549063  0.40533163]
2.531005999998309	[ 0.42755996 -0.4983215   0.40696747]
2.531007999998309	[ 0.4293437  -0.50114795  0.40860343]
2.5310099999983087	[ 0.43112759 -0.50396998  0.4102395 ]
2.5310119999983085	[ 0.4329292  -0.50679238  0.41189167]
2.5310139999983083	[ 0.43467819 -0.50959551  0.41349589]
2.531015999998308	[ 0.4364977  -0.51241437  0.4151643 ]
2.531017999998308	[ 0.43824686 -0.51520861  0.4167686 ]
2.531019999998308	[ 0.44006664 -0.51801864  0.41843718]
2.5310219999983077	[ 0.44181593 -0.52080403  0.42004152]
2.5310239999983075	[ 0.44361752 -0.52359976  0.42169346]
2.5310259999983074	[ 0.44540297 -0.52638702  0.42333068]
2.531027999998307	[ 0.44718776 -0.52916924  0.42496726]
2.531029999998307	[ 0.44897259 -0.53194705  0.42660383]
2.531031999998307	[ 0.45075745 -0.53472041  0.42824039]
2.5310339999983067	[ 0.45254233 -0.53748936  0.42987694]
2.5310359999983065	[ 0.45432721 -0.54025387  0.43151345]
2.5310379999983064	[ 0.45611209 -0.54301395  0.43314993]
2.531039999998306	[ 0.4578969  -0.54576959  0.4347863 ]
2.531041999998306	[ 0.4596818  -0.54852077  0.43642272]
2.531043999998306	[ 0.4614666  -0.55126752  0.43805902]
2.5310459999983057	[ 0.46325136 -0.55400982  0.43969523]
2.5310479999983055	[ 0.46503605 -0.55674766  0.44133136]
2.5310499999983054	[ 0.46682069 -0.55948105  0.44296739]
2.531051999998305	[ 0.46860521 -0.56220995  0.44460329]
2.531053999998305	[ 0.47038964 -0.56493439  0.44623906]
2.531055999998305	[ 0.47217399 -0.56765436  0.44787473]
2.5310579999983047	[ 0.47395822 -0.57036984  0.44951024]
2.5310599999983046	[ 0.47574232 -0.57308084  0.45114561]
2.5310619999983044	[ 0.47752628 -0.57578733  0.45278081]
2.5310639999983042	[ 0.47931009 -0.5784893   0.45441584]
2.531065999998304	[ 0.48109375 -0.58118682  0.45605069]
2.531067999998304	[ 0.48287725 -0.58387979  0.45768536]
2.5310699999983037	[ 0.48466055 -0.58656823  0.45931981]
2.5310719999983036	[ 0.48644368 -0.58925212  0.46095407]
2.5310739999983034	[ 0.48822661 -0.59193147  0.46258811]
2.5310759999983032	[ 0.49000933 -0.59460628  0.46422193]
2.531077999998303	[ 0.49179184 -0.59727653  0.46585551]
2.531079999998303	[ 0.49357412 -0.5999422   0.46748885]
2.5310819999983027	[ 0.49535617 -0.6026033   0.46912195]
2.5310839999983026	[ 0.49713797 -0.60525981  0.47075478]
2.5310859999983024	[ 0.49891953 -0.60791171  0.47238735]
2.5310879999983023	[ 0.50070083 -0.61055901  0.47401965]
2.531089999998302	[ 0.50248185 -0.61320168  0.47565167]
2.531091999998302	[ 0.5042626  -0.61583972  0.4772834 ]
2.5310939999983018	[ 0.50604307 -0.61847312  0.47891483]
2.5310959999983016	[ 0.50782323 -0.62110186  0.48054595]
2.5310979999983014	[ 0.50961143 -0.6237188   0.48218448]
2.5310999999983013	[ 0.51138277 -0.62634519  0.48380737]
2.531101999998301	[ 0.51316205 -0.62895987  0.48543758]
2.531103999998301	[ 0.514941   -0.63156988  0.48706746]
2.5311059999983008	[ 0.51671963 -0.63417517  0.48869701]
2.5311079999983006	[ 0.51849792 -0.63677573  0.49032622]
2.5311099999983004	[ 0.52027589 -0.63937155  0.49195509]
2.5311119999983003	[ 0.52205351 -0.64196262  0.49358362]
2.5311139999983	[ 0.52383079 -0.64454893  0.4952118 ]
2.5311159999983	[ 0.52560796 -0.64713044  0.49683984]
2.5311179999983	[ 0.52738429 -0.64970717  0.4984671 ]
2.5311199999982996	[ 0.52916051 -0.65227909  0.50009421]
2.5311219999982995	[ 0.53093639 -0.65484621  0.50172098]
2.5311239999982993	[ 0.53271186 -0.65740847  0.50334735]
2.531125999998299	[ 0.53448697 -0.65996592  0.50497335]
2.531127999998299	[ 0.53626174 -0.66251846  0.50659901]
2.531129999998299	[ 0.53803613 -0.66506615  0.50822429]
2.5311319999982986	[ 0.53981014 -0.66760895  0.50984919]
2.5311339999982985	[ 0.54158377 -0.67014684  0.51147372]
2.5311359999982983	[ 0.54335703 -0.67267981  0.51309787]
2.531137999998298	[ 0.5451299  -0.67520784  0.51472164]
2.531139999998298	[ 0.54690241 -0.67773093  0.51634504]
2.531141999998298	[ 0.54867453 -0.68024903  0.51796807]
2.5311439999982976	[ 0.55044627 -0.68276219  0.51959071]
2.5311459999982975	[ 0.55221763 -0.68527034  0.52121298]
2.5311479999982973	[ 0.55398862 -0.68777348  0.52283487]
2.531149999998297	[ 0.55575922 -0.69027158  0.5244564 ]
2.531151999998297	[ 0.55752946 -0.69276466  0.52607755]
2.531153999998297	[ 0.55929932 -0.69525267  0.52769833]
2.5311559999982967	[ 0.56106881 -0.69773561  0.52931874]
2.5311579999982965	[ 0.56283793 -0.70021347  0.53093879]
2.5311599999982963	[ 0.56460668 -0.70268621  0.53255847]
2.531161999998296	[ 0.56637508 -0.70515386  0.5341778 ]
2.531163999998296	[ 0.56814311 -0.70761636  0.53579678]
2.531165999998296	[ 0.56991081 -0.71007379  0.53741542]
2.5311679999982957	[ 0.57167811 -0.7125259   0.53903367]
2.5311699999982955	[ 0.5734451  -0.71497291  0.54065161]
2.5311719999982953	[ 0.5752117  -0.71741472  0.54226917]
2.531173999998295	[ 0.57697806 -0.71985133  0.54388648]
2.531175999998295	[ 0.57874404 -0.7222827   0.54550342]
2.531177999998295	[ 0.5805097  -0.72470882  0.54712004]
2.5311799999982947	[ 0.58227504 -0.72712969  0.54873635]
2.5311819999982945	[ 0.58404008 -0.72954528  0.55035235]
2.5311839999982944	[ 0.58580481 -0.73195559  0.55196805]
2.531185999998294	[ 0.58756925 -0.73436059  0.55358346]
2.531187999998294	[ 0.5893334  -0.73676026  0.55519858]
2.531189999998294	[ 0.59109728 -0.7391546   0.55681343]
2.5311919999982937	[ 0.59286088 -0.74154359  0.55842801]
2.5311939999982935	[ 0.59462423 -0.74392721  0.56004232]
2.5311959999982934	[ 0.59638732 -0.74630545  0.56165639]
2.531197999998293	[ 0.59815017 -0.74867829  0.56327021]
2.531199999998293	[ 0.5999128  -0.75104572  0.5648838 ]
2.531201999998293	[ 0.6016752  -0.75340772  0.56649717]
2.5312039999982927	[ 0.60343739 -0.75576427  0.56811033]
2.5312059999982925	[ 0.60519944 -0.75811539  0.56972333]
2.5312079999982924	[ 0.60696119 -0.760461    0.57133604]
2.531209999998292	[ 0.60872282 -0.76280113  0.57294862]
2.531211999998292	[ 0.61048428 -0.76513577  0.57456103]
2.531213999998292	[ 0.61224559 -0.76746488  0.57617328]
2.5312159999982917	[ 0.61400676 -0.76978847  0.57778538]
2.5312179999982916	[ 0.61576781 -0.7721065   0.57939735]
2.5312199999982914	[ 0.61752874 -0.77441898  0.5810092 ]
2.5312219999982912	[ 0.61928959 -0.77672586  0.58262095]
2.531223999998291	[ 0.62105032 -0.77902719  0.58423258]
2.531225999998291	[ 0.62281099 -0.7813229   0.58584414]
2.5312279999982907	[ 0.6245716  -0.78361299  0.58745562]
2.5312299999982906	[ 0.62633217 -0.78589746  0.58906704]
2.5312319999982904	[ 0.62809271 -0.78817627  0.59067843]
2.5312339999982902	[ 0.62985324 -0.79044935  0.59228979]
2.53123599999829	[ 0.63161376 -0.79271691  0.59390113]
2.53123799999829	[ 0.63337431 -0.79497871  0.59551247]
2.5312399999982897	[ 0.63513488 -0.79723481  0.59712382]
2.5312419999982896	[ 0.6368955 -0.7994852  0.5987352]
2.5312439999982894	[ 0.63865618 -0.80172986  0.60034662]
2.5312459999982893	[ 0.64041695 -0.80396879  0.60195811]
2.531247999998289	[ 0.64217781 -0.80620196  0.60356966]
2.531249999998289	[ 0.64393878 -0.80842939  0.60518131]
2.5312519999982888	[ 0.6457075  -0.81067026  0.60679987]
2.5312539999982886	[ 0.64746087 -0.81286683  0.60840467]
2.5312559999982884	[ 0.64922241 -0.81507682  0.61001679]
2.5312579999982883	[ 0.650984   -0.81728108  0.61162895]
2.531259999998288	[ 0.65274446 -0.81947975  0.61324007]
2.531261999998288	[ 0.65450784 -0.82167212  0.61485383]
2.5312639999982878	[ 0.65627008 -0.82385886  0.61646654]
2.5312659999982876	[ 0.65803259 -0.82603974  0.61807949]
2.5312679999982874	[ 0.65979535 -0.82821477  0.61969266]
2.5312699999982873	[ 0.66155843 -0.83038388  0.62130611]
2.531271999998287	[ 0.66332181 -0.8325471   0.62291981]
2.531273999998287	[ 0.66508551 -0.83470442  0.62453381]
2.531275999998287	[ 0.66684956 -0.83685583  0.62614811]
2.5312779999982866	[ 0.66861398 -0.8390013   0.62776274]
2.5312799999982865	[ 0.67037879 -0.8411408   0.62937772]
2.5312819999982863	[ 0.67214399 -0.84327443  0.63099305]
2.531283999998286	[ 0.67390961 -0.84540204  0.63260875]
2.531285999998286	[ 0.67567567 -0.8475237   0.63422485]
2.531287999998286	[ 0.67744221 -0.84963937  0.63584136]
2.5312899999982856	[ 0.67920922 -0.85174904  0.63745831]
2.5312919999982855	[ 0.68097673 -0.85385272  0.6390757 ]
2.5312939999982853	[ 0.68274475 -0.85595039  0.64069356]
2.531295999998285	[ 0.68451333 -0.85804201  0.64231192]
2.531297999998285	[ 0.68628386 -0.86012753  0.64393205]
2.531299999998285	[ 0.68805087 -0.86220739  0.64554896]
2.5313019999982846	[ 0.6898225  -0.86428067  0.64717008]
2.5313039999982845	[ 0.69159342 -0.86634812  0.64879055]
2.5313059999982843	[ 0.69336499 -0.86840948  0.65041161]
2.531307999998284	[ 0.69513721 -0.87046479  0.65203325]
2.531309999998284	[ 0.69691013 -0.87251396  0.65365553]
2.531311999998284	[ 0.69868374 -0.87455705  0.65527844]
2.5313139999982837	[ 0.70045806 -0.87659403  0.65690199]
2.5313159999982835	[ 0.70223314 -0.87862488  0.65852622]
2.5313179999982833	[ 0.70400897 -0.88064961  0.66015115]
2.531319999998283	[ 0.70578558 -0.88266819  0.66177677]
2.531321999998283	[ 0.70756299 -0.88468062  0.66340313]
2.531323999998283	[ 0.70934122 -0.8866869   0.66503024]
2.5313259999982827	[ 0.7111203  -0.888687    0.66665811]
2.5313279999982825	[ 0.71290023 -0.89068093  0.66828676]
2.5313299999982823	[ 0.71468105 -0.89266867  0.66991622]
2.531331999998282	[ 0.71646277 -0.89465022  0.6715465 ]
2.531333999998282	[ 0.71824542 -0.8966256   0.67317762]
2.531335999998282	[ 0.720029   -0.89859468  0.6748096 ]
2.5313379999982817	[ 0.72181355 -0.90055758  0.67644246]
2.5313399999982815	[ 0.72359908 -0.90251424  0.67807622]
2.5313419999982814	[ 0.72538552 -0.90446462  0.6797108 ]
2.531343999998281	[ 0.72717318 -0.90640884  0.68134649]
2.531345999998281	[ 0.72896179 -0.90834674  0.68298306]
2.531347999998281	[ 0.73075145 -0.91027838  0.68462059]
2.5313499999982807	[ 0.7325422  -0.91220373  0.68625911]
2.5313519999982805	[ 0.73433406 -0.9141228   0.68789864]
2.5313539999982804	[ 0.73612575 -0.9160357   0.68953802]
2.53135599999828	[ 0.73792116 -0.91794205  0.6911808 ]
2.53135799999828	[ 0.73971644 -0.91984219  0.69282347]
2.53135999999828	[ 0.74151293 -0.92173599  0.69446723]
2.5313619999982797	[ 0.74331059 -0.92362346  0.69611208]
2.5313639999982795	[ 0.7451095  -0.92550458  0.69775806]
2.5313659999982794	[ 0.74690965 -0.92737934  0.69940517]
2.531367999998279	[ 0.74871106 -0.92924773  0.70105345]
2.531369999998279	[ 0.75051376 -0.93110974  0.7027029 ]
2.531371999998279	[ 0.75231776 -0.93296536  0.70435354]
2.5313739999982787	[ 0.75413645 -0.93480954  0.70601763]
2.5313759999982786	[ 0.75592953 -0.93665715  0.70765829]
2.5313779999982784	[ 0.75771815 -0.9384929   0.70929481]
2.5313799999982782	[ 0.75954757 -0.94032381  0.71096878]
2.531381999998278	[ 0.76135817 -0.94214736  0.71262547]
2.531383999998278	[ 0.76317042 -0.94396441  0.71428367]
2.5313859999982777	[ 0.7649841  -0.945775    0.71594319]
2.5313879999982776	[ 0.76679925 -0.94757912  0.71760406]
2.5313899999982774	[ 0.7686159  -0.94937673  0.7192663 ]
2.5313919999982772	[ 0.77043402 -0.95116786  0.72092988]
2.531393999998277	[ 0.77225367 -0.95295247  0.72259488]
2.531395999998277	[ 0.77406985 -0.95472748  0.72425678]
2.5313979999982767	[ 0.77590271 -0.95650529  0.72593371]
2.5313999999982766	[ 0.7777219  -0.95826711  0.72759837]
2.5314019999982764	[ 0.77954411 -0.96002459  0.7292657 ]
2.5314039999982763	[ 0.78137399 -0.96177277  0.73094012]
2.531405999998276	[ 0.78320466 -0.96352266  0.73261521]
2.531407999998276	[ 0.7850354  -0.96526137  0.73429038]
2.5314099999982758	[ 0.78686795 -0.9669934   0.73596721]
2.5314119999982756	[ 0.78870219 -0.96871884  0.73764561]
2.5314139999982754	[ 0.79053815 -0.97043761  0.73932557]
2.5314159999982753	[ 0.79237585 -0.97214973  0.74100714]
2.531417999998275	[ 0.79421536 -0.97385516  0.74269036]
2.531419999998275	[ 0.79605654 -0.97555394  0.74437513]
2.5314219999982748	[ 0.79789957 -0.97724599  0.74606159]
2.5314239999982746	[ 0.79974441 -0.97893133  0.74774973]
2.5314259999982744	[ 0.8015911  -0.98060994  0.74943955]
2.5314279999982743	[ 0.80343964 -0.9822818   0.75113108]
2.531429999998274	[ 0.80529005 -0.98394689  0.75282433]
2.531431999998274	[ 0.80714236 -0.98560521  0.75451933]
2.531433999998274	[ 0.80899659 -0.98725672  0.75621609]
2.5314359999982736	[ 0.81085277 -0.98890141  0.75791464]
2.5314379999982735	[ 0.81271088 -0.99053928  0.75961497]
2.5314399999982733	[ 0.81457098 -0.9921703   0.76131713]
2.531441999998273	[ 0.81643307 -0.99379444  0.76302112]
2.531443999998273	[ 0.81829718 -0.9954117   0.76472697]
2.531445999998273	[ 0.82016332 -0.99702206  0.76643469]
2.5314479999982726	[ 0.82203152 -0.9986255   0.7681443 ]
2.5314499999982725	[ 0.8239018  -1.00022199  0.76985583]
2.5314519999982723	[ 0.82577418 -1.00181153  0.77156928]
2.531453999998272	[ 0.82764866 -1.00339408  0.77328468]
2.531455999998272	[ 0.8295253  -1.00496963  0.77500205]
2.531457999998272	[ 0.8314041  -1.00653815  0.77672142]
2.5314599999982716	[ 0.83328505 -1.00809964  0.77844277]
2.5314619999982715	[ 0.8351682  -1.00965408  0.78016614]
2.5314639999982713	[ 0.8370536  -1.0112014   0.78189158]
2.531465999998271	[ 0.83894122 -1.01274164  0.78361907]
2.531467999998271	[ 0.84083111 -1.01427475  0.78534864]
2.531469999998271	[ 0.84272327 -1.0158007   0.78708032]
2.5314719999982707	[ 0.84461774 -1.01731949  0.78881411]
2.5314739999982705	[ 0.84651454 -1.01883108  0.79055005]
2.5314759999982703	[ 0.84841367 -1.02033545  0.79228814]
2.53147799999827	[ 0.85031518 -1.02183259  0.79402841]
2.53147999999827	[ 0.85221907 -1.02332244  0.79577088]
2.53148199999827	[ 0.85412537 -1.02480501  0.79751557]
2.5314839999982697	[ 0.8560341  -1.02628027  0.7992625 ]
2.5314859999982695	[ 0.85794528 -1.02774819  0.80101168]
2.5314879999982693	[ 0.85985893 -1.02920875  0.80276315]
2.531489999998269	[ 0.86177505 -1.03066196  0.80451688]
2.531491999998269	[ 0.86369374 -1.03210766  0.80627299]
2.531493999998269	[ 0.86561495 -1.03354597  0.80803141]
2.5314959999982687	[ 0.86753871 -1.03497681  0.80979218]
2.5314979999982685	[ 0.86946505 -1.03640016  0.81155534]
2.5314999999982684	[ 0.871394   -1.03781598  0.81332089]
2.531501999998268	[ 0.87332557 -1.03922426  0.81508886]
2.531503999998268	[ 0.87525979 -1.04062496  0.81685927]
2.531505999998268	[ 0.87719669 -1.04201809  0.81863216]
2.5315079999982677	[ 0.87913625 -1.04340351  0.8204075 ]
2.5315099999982675	[ 0.88107855 -1.04478131  0.82218536]
2.5315119999982674	[ 0.88302358 -1.04615142  0.82396573]
2.531513999998267	[ 0.8849699  -1.04751335  0.82574732]
2.531515999998267	[ 0.886922   -1.04886849  0.82753419]
2.531517999998267	[ 0.88887535 -1.05021536  0.82932223]
2.5315199999982667	[ 0.89083156 -1.05155442  0.83111291]
2.5315219999982665	[ 0.89279062 -1.05288565  0.83290621]
2.5315239999982664	[ 0.89475256 -1.05420898  0.83470217]
2.531525999998266	[ 0.89671737 -1.05552444  0.83650078]
2.531527999998266	[ 0.89868511 -1.05683196  0.83830209]
2.531529999998266	[ 0.9006558  -1.05813151  0.84010612]
2.5315319999982657	[ 0.90262932 -1.05942313  0.84191275]
2.5315339999982656	[ 0.90460609 -1.06070662  0.84372239]
2.5315359999982654	[ 0.90658574 -1.0619821   0.84553467]
2.5315379999982652	[ 0.90856842 -1.06324949  0.84734975]
2.531539999998265	[ 0.91055417 -1.06450877  0.84916765]
2.531541999998265	[ 0.91254299 -1.06575989  0.85098839]
2.5315439999982647	[ 0.91453492 -1.06700282  0.852812  ]
2.5315459999982646	[ 0.91652998 -1.06823754  0.8546385 ]
2.5315479999982644	[ 0.91852817 -1.06946399  0.85646787]
2.5315499999982642	[ 0.92052955 -1.07068217  0.85830019]
2.531551999998264	[ 0.92253413 -1.07189203  0.86013545]
2.531553999998264	[ 0.92454192 -1.07309353  0.86197368]
2.5315559999982638	[ 0.92655296 -1.07428665  0.86381491]
2.5315579999982636	[ 0.92856728 -1.07547135  0.86565915]
2.5315599999982634	[ 0.93058486 -1.07664759  0.86750641]
2.5315619999982633	[ 0.93260577 -1.07781535  0.86935673]
2.531563999998263	[ 0.93463002 -1.07897458  0.87121012]
2.531565999998263	[ 0.93665763 -1.08012526  0.87306662]
2.5315679999982628	[ 0.93868862 -1.08126734  0.87492623]
2.5315699999982626	[ 0.94072301 -1.0824008   0.87678898]
2.5315719999982624	[ 0.94276084 -1.0835256   0.8786549 ]
2.5315739999982623	[ 0.94480212 -1.08464171  0.880524  ]
2.531575999998262	[ 0.94684686 -1.08574909  0.88239629]
2.531577999998262	[ 0.94889536 -1.08684758  0.88427204]
2.5315799999982618	[ 0.95094689 -1.0879375   0.88615059]
2.5315819999982616	[ 0.95300221 -1.08901848  0.88803263]
2.5315839999982614	[ 0.95506109 -1.09009059  0.88991795]
2.5315859999982613	[ 0.95712356 -1.09115379  0.89180658]
2.531587999998261	[ 0.95918964 -1.09220806  0.89369855]
2.531589999998261	[ 0.96125936 -1.09325335  0.89559385]
2.531591999998261	[ 0.96333273 -1.09428964  0.89749253]
2.5315939999982606	[ 0.96540978 -1.09531689  0.8993946 ]
2.5315959999982605	[ 0.96749053 -1.09633505  0.90130008]
2.5315979999982603	[ 0.969575   -1.09734411  0.90320898]
2.53159999999826	[ 0.97166321 -1.09834402  0.90512134]
2.53160199999826	[ 0.97375519 -1.09933475  0.90703717]
2.53160399999826	[ 0.97585095 -1.10031627  0.90895648]
2.5316059999982596	[ 0.97795053 -1.10128858  0.91087931]
2.5316079999982595	[ 0.98005392 -1.10225152  0.91280565]
2.5316099999982593	[ 0.98216116 -1.10320519  0.91473555]
2.531611999998259	[ 0.98427228 -1.10414951  0.91666901]
2.531613999998259	[ 0.98638728 -1.10508444  0.91860605]
2.531615999998259	[ 0.98850619 -1.10600996  0.92054669]
2.5316179999982587	[ 0.99062904 -1.10692602  0.92249096]
2.5316199999982585	[ 0.99275583 -1.10783261  0.92443886]
2.5316219999982583	[ 0.99488658 -1.10872967  0.92639042]
2.531623999998258	[ 0.99702133 -1.1096172   0.92834565]
2.531625999998258	[ 0.99916008 -1.11049514  0.93030457]
2.531627999998258	[ 1.00130286 -1.11136346  0.9322672 ]
2.5316299999982577	[ 1.00344968 -1.11222215  0.93423356]
2.5316319999982575	[ 1.00560056 -1.11307115  0.93620365]
2.5316339999982573	[ 1.00775551 -1.11391041  0.93817751]
2.531635999998257	[ 1.00991457 -1.11474001  0.94015513]
2.531637999998257	[ 1.01207774 -1.11555981  0.94213654]
2.531639999998257	[ 1.01424504 -1.1163698   0.94412176]
2.5316419999982567	[ 1.01641649 -1.11716997  0.94611081]
2.5316439999982565	[ 1.01859209 -1.11796027  0.94810367]
2.5316459999982563	[ 1.02077188 -1.1187407   0.95010038]
2.531647999998256	[ 1.02295586 -1.1195112   0.95210097]
2.531649999998256	[ 1.02514407 -1.12027174  0.95410544]
2.531651999998256	[ 1.02732618 -1.12103159  0.95610441]
2.5316539999982557	[ 1.02953337 -1.12176331  0.95812624]
2.5316559999982555	[ 1.03173422 -1.1224939   0.96014235]
2.5316579999982554	[ 1.03393939 -1.12321441  0.96216245]
2.531659999998255	[ 1.03614885 -1.12392483  0.96418648]
2.531661999998255	[ 1.03836259 -1.12462516  0.96621446]
2.531663999998255	[ 1.04058064 -1.12531535  0.96824641]
2.5316659999982547	[ 1.04280301 -1.12599538  0.97028233]
2.5316679999982545	[ 1.04502971 -1.12666523  0.97232224]
2.5316699999982544	[ 1.04726075 -1.12732488  0.97436614]
2.531671999998254	[ 1.04949614 -1.1279743   0.97641405]
2.531673999998254	[ 1.05173589 -1.12861346  0.97846597]
2.531675999998254	[ 1.05398001 -1.12924236  0.98052191]
2.5316779999982537	[ 1.05622851 -1.12986096  0.98258188]
2.5316799999982535	[ 1.05848141 -1.13046923  0.9846459 ]
2.5316819999982534	[ 1.0607387  -1.13106718  0.98671396]
2.531683999998253	[ 1.0630004  -1.13165476  0.98878608]
2.531685999998253	[ 1.06526651 -1.13223197  0.99086226]
2.531687999998253	[ 1.06753705 -1.1327988   0.99294251]
2.5316899999982527	[ 1.06981204 -1.13335513  0.99502685]
2.5316919999982526	[ 1.07209142 -1.13390114  0.99711523]
2.5316939999982524	[ 1.07437526 -1.13443665  0.99920772]
2.5316959999982522	[ 1.07666355 -1.13496169  1.0013043 ]
2.531697999998252	[ 1.07895629 -1.13547627  1.00340497]
2.531699999998252	[ 1.0812535  -1.13598033  1.00550975]
2.5317019999982517	[ 1.08355515 -1.13647388  1.00761863]
2.5317039999982516	[ 1.08586128 -1.13695691  1.00973161]
2.5317059999982514	[ 1.08817186 -1.1374294   1.01184869]
2.5317079999982512	[ 1.09048692 -1.13789133  1.01396988]
2.531709999998251	[ 1.09280644 -1.13834273  1.01609519]
2.531711999998251	[ 1.09513046 -1.13878351  1.01822462]
2.5317139999982508	[ 1.09745893 -1.13921372  1.02035816]
2.5317159999982506	[ 1.09979189 -1.13963333  1.02249581]
2.5317179999982504	[ 1.10212929 -1.14004237  1.02463754]
2.5317199999982503	[ 1.10447121 -1.14044073  1.02678344]
2.53172199999825	[ 1.10681759 -1.1408285   1.02893343]
2.53172399999825	[ 1.10916843 -1.14120565  1.03108752]
2.5317259999982498	[ 1.11152374 -1.14157216  1.03324573]
2.5317279999982496	[ 1.11388353 -1.14192802  1.03540804]
2.5317299999982494	[ 1.11624777 -1.14227324  1.03757445]
2.5317319999982493	[ 1.11861648 -1.14260781  1.03974496]
2.531733999998249	[ 1.12098964 -1.14293173  1.04191957]
2.531735999998249	[ 1.12336726 -1.143245    1.04409827]
2.531737999998249	[ 1.12574932 -1.14354759  1.04628106]
2.5317399999982486	[ 1.12813583 -1.14383952  1.04846792]
2.5317419999982484	[ 1.13052677 -1.14412081  1.05065886]
2.5317439999982483	[ 1.13292215 -1.14439142  1.05285387]
2.531745999998248	[ 1.13532194 -1.1446514   1.05505295]
2.531747999998248	[ 1.13772616 -1.1449007   1.05725608]
2.531749999998248	[ 1.14013478 -1.14513935  1.05946326]
2.5317519999982476	[ 1.1425478  -1.14536735  1.06167448]
2.5317539999982475	[ 1.14496521 -1.14558469  1.06388973]
2.5317559999982473	[ 1.147387   -1.1457914   1.06610901]
2.531757999998247	[ 1.14981317 -1.14598747  1.0683323 ]
2.531759999998247	[ 1.1522437  -1.1461729   1.07055959]
2.531761999998247	[ 1.15467858 -1.14634771  1.07279089]
2.5317639999982466	[ 1.1571178  -1.14651191  1.07502616]
2.5317659999982465	[ 1.15956135 -1.14666549  1.07726541]
2.5317679999982463	[ 1.16200922 -1.14680848  1.07950863]
2.531769999998246	[ 1.16446139 -1.14694088  1.08175579]
2.531771999998246	[ 1.16691786 -1.14706269  1.0840069 ]
2.531773999998246	[ 1.16937861 -1.14717394  1.08626194]
2.5317759999982457	[ 1.17184362 -1.14727464  1.08852089]
2.5317779999982455	[ 1.17431288 -1.1473648   1.09078373]
2.5317799999982453	[ 1.17678638 -1.14744442  1.09305047]
2.531781999998245	[ 1.1792641  -1.14751351  1.09532108]
2.531783999998245	[ 1.18174603 -1.14757214  1.09759555]
2.531785999998245	[ 1.18423216 -1.14762027  1.09987386]
2.5317879999982447	[ 1.18672246 -1.14765794  1.10215601]
2.5317899999982445	[ 1.18921692 -1.14768515  1.10444198]
2.5317919999982443	[ 1.19171553 -1.14770193  1.10673174]
2.531793999998244	[ 1.19421826 -1.1477083   1.10902529]
2.531795999998244	[ 1.1967251  -1.14770428  1.11132261]
2.531797999998244	[ 1.19923603 -1.14768989  1.11362368]
2.5317999999982437	[ 1.20175228 -1.1476636   1.11592963]
2.5318019999982435	[ 1.20427009 -1.14763003  1.118237  ]
2.5318039999982433	[ 1.2067932  -1.14758464  1.12054923]
2.531805999998243	[ 1.20932033 -1.14752896  1.12286515]
2.531807999998243	[ 1.21185145 -1.14746302  1.12518472]
2.531809999998243	[ 1.21438655 -1.14738684  1.12750794]
2.5318119999982427	[ 1.21692561 -1.14730046  1.12983479]
2.5318139999982425	[ 1.21946861 -1.14720388  1.13216526]
2.5318159999982424	[ 1.2220274  -1.14708111  1.13451018]
2.531817999998242	[ 1.22456588 -1.14698008  1.13683651]
2.531819999998242	[ 1.22712084 -1.14685291  1.13917793]
2.531821999998242	[ 1.22967943 -1.14671582  1.14152267]
2.5318239999982417	[ 1.23224179 -1.14656874  1.14387086]
2.5318259999982415	[ 1.234808   -1.14641161  1.14622259]
2.5318279999982414	[ 1.237378   -1.14624449  1.14857778]
2.531829999998241	[ 1.23995179 -1.1460674   1.15093645]
2.531831999998241	[ 1.24252932 -1.14588038  1.15329854]
2.531833999998241	[ 1.24511059 -1.14568347  1.15566405]
2.5318359999982407	[ 1.24769555 -1.14547669  1.15803295]
2.5318379999982406	[ 1.25028419 -1.14526007  1.16040521]
2.5318399999982404	[ 1.25287653 -1.14503367  1.16278085]
2.5318419999982402	[ 1.25547247 -1.14479749  1.1651598 ]
2.53184399999824	[ 1.25807204 -1.14455158  1.16754206]
2.53184599999824	[ 1.2606752  -1.14429597  1.16992761]
2.5318479999982397	[ 1.26328194 -1.1440307   1.17231643]
2.5318499999982396	[ 1.26589222 -1.14375581  1.1747085 ]
2.5318519999982394	[ 1.26850602 -1.14347132  1.17710378]
2.5318539999982392	[ 1.27112334 -1.14317731  1.17950229]
2.531855999998239	[ 1.27374411 -1.14287373  1.18190394]
2.531857999998239	[ 1.27636828 -1.14256072  1.18430871]
2.5318599999982387	[ 1.27899606 -1.14223824  1.18671678]
2.5318619999982386	[ 1.28162708 -1.14190637  1.18912782]
2.5318639999982384	[ 1.28426154 -1.14156514  1.19154199]
2.5318659999982382	[ 1.28689935 -1.14121459  1.19395923]
2.531867999998238	[ 1.2895405  -1.14085476  1.19637952]
2.531869999998238	[ 1.29218497 -1.14048568  1.19880284]
2.5318719999982378	[ 1.29483271 -1.14010741  1.20122916]
2.5318739999982376	[ 1.29748373 -1.13971998  1.20365847]
2.5318759999982374	[ 1.30013797 -1.13932343  1.20609073]
2.5318779999982373	[ 1.30279545 -1.1389178   1.20852594]
2.531879999998237	[ 1.30545612 -1.13850314  1.21096407]
2.531881999998237	[ 1.30811995 -1.13807949  1.21340509]
2.5318839999982368	[ 1.31078693 -1.1376469   1.21584898]
2.5318859999982366	[ 1.31345703 -1.13720539  1.21829572]
2.5318879999982364	[ 1.31613024 -1.13675503  1.22074529]
2.5318899999982363	[ 1.3188065  -1.13629587  1.22319766]
2.531891999998236	[ 1.32148584 -1.1358279   1.22565284]
2.531893999998236	[ 1.3241682  -1.13535122  1.22811077]
2.531895999998236	[ 1.32685356 -1.13486586  1.23057144]
2.5318979999982356	[ 1.3295419  -1.13437186  1.23303484]
2.5318999999982355	[ 1.3322332  -1.13386927  1.23550093]
2.5319019999982353	[ 1.33492744 -1.13335813  1.23796971]
2.531903999998235	[ 1.3376246  -1.1328385   1.24044114]
2.531905999998235	[ 1.34032463 -1.1323104   1.2429152 ]
2.531907999998235	[ 1.34302754 -1.1317739   1.24539189]
2.5319099999982346	[ 1.34573329 -1.13122904  1.24787116]
2.5319119999982345	[ 1.34844187 -1.13067586  1.25035301]
2.5319139999982343	[ 1.35115324 -1.13011442  1.25283742]
2.531915999998234	[ 1.35386743 -1.12954472  1.25532438]
2.531917999998234	[ 1.3565843 -1.1289669  1.2578138]
2.531919999998234	[ 1.35930393 -1.12838094  1.26030573]
2.5319219999982336	[ 1.36202652 -1.12778676  1.26280036]
2.5319239999982335	[ 1.36475131 -1.12718483  1.26529699]
2.5319259999982333	[ 1.36747905 -1.12657474  1.26779631]
2.531927999998233	[ 1.37020937 -1.12595678  1.27029798]
2.531929999998233	[ 1.37294235 -1.12533091  1.27280207]
2.531931999998233	[ 1.37567792 -1.1246972   1.27530854]
2.5319339999982327	[ 1.37841608 -1.12405571  1.27781735]
2.5319359999982325	[ 1.3811568  -1.12340647  1.28032849]
2.5319379999982323	[ 1.38390004 -1.12274957  1.28284193]
2.531939999998232	[ 1.38665546 -1.12207667  1.28536646]
2.531941999998232	[ 1.38939399 -1.12141249  1.28787561]
2.531943999998232	[ 1.39214453 -1.12073295  1.2903957 ]
2.5319459999982317	[ 1.39489798 -1.12004559  1.29291843]
2.5319479999982315	[ 1.39765364 -1.11935096  1.29544318]
2.5319499999982313	[ 1.4004117  -1.11864893  1.29797011]
2.531951999998231	[ 1.40316743 -1.11794818  1.30049491]
2.531953999998231	[ 1.40593509 -1.11722306  1.30303059]
2.531955999998231	[ 1.40870027 -1.11649918  1.305564  ]
2.5319579999982307	[ 1.41146781 -1.11576807  1.30809955]
2.5319599999982305	[ 1.41423766 -1.11502982  1.31063721]
2.5319619999982304	[ 1.41700983 -1.11428447  1.31317698]
2.53196399999823	[ 1.41978428 -1.11353208  1.31571882]
2.53196599999823	[ 1.42256098 -1.1127727   1.31826271]
2.53196799999823	[ 1.42533994 -1.11200637  1.32080865]
2.5319699999982297	[ 1.42812111 -1.11123314  1.32335661]
2.5319719999982295	[ 1.4309045  -1.11045307  1.32590657]
2.5319739999982294	[ 1.43369007 -1.10966621  1.32845853]
2.531975999998229	[ 1.43647782 -1.1088726   1.33101246]
2.531977999998229	[ 1.43926773 -1.10807231  1.33356835]
2.531979999998229	[ 1.44205975 -1.10726536  1.33612617]
2.5319819999982287	[ 1.4448539  -1.10645183  1.33868592]
2.5319839999982285	[ 1.44765016 -1.10563175  1.34124758]
2.5319859999982284	[ 1.45044849 -1.10480518  1.34381114]
2.531987999998228	[ 1.45324889 -1.10397218  1.34637656]
2.531989999998228	[ 1.45605135 -1.10313276  1.34894386]
2.531991999998228	[ 1.45885585 -1.10228701  1.35151301]
2.5319939999982277	[ 1.46166238 -1.10143493  1.35408401]
2.5319959999982276	[ 1.46447081 -1.1005767   1.35665673]
2.5319979999982274	[ 1.46728129 -1.09971224  1.35923131]
2.5319999999982272	[ 1.47009372 -1.09884164  1.36180767]
2.532001999998227	[ 1.47290811 -1.09796494  1.3643858 ]
2.532003999998227	[ 1.47572442 -1.09708221  1.36696568]
2.5320059999982267	[ 1.47854265 -1.0961935   1.3695473 ]
2.5320079999982266	[ 1.48135375 -1.09530632  1.37212241]
2.5320099999982264	[ 1.48418503 -1.09439851  1.37471592]
2.5320119999982262	[ 1.48700892 -1.09349216  1.37730267]
2.532013999998226	[ 1.48983463 -1.09258     1.37989108]
2.532015999998226	[ 1.49266219 -1.0916621   1.38248118]
2.5320179999982257	[ 1.49549157 -1.09073851  1.38507291]
2.5320199999982256	[ 1.49832274 -1.0898093   1.38766628]
2.5320219999982254	[ 1.5011557  -1.08887453  1.39026127]
2.5320239999982252	[ 1.50399043 -1.08793417  1.39285786]
2.532025999998225	[ 1.50682692 -1.08698834  1.39545606]
2.532027999998225	[ 1.50966514 -1.08603709  1.39805583]
2.5320299999982248	[ 1.51250509 -1.08508047  1.40065716]
2.5320319999982246	[ 1.51534678 -1.08411852  1.40326006]
2.5320339999982244	[ 1.51819799 -1.08315514  1.40587168]
2.5320359999982243	[ 1.52103483 -1.08217865  1.40847013]
2.532037999998224	[ 1.52388175 -1.08120089  1.41107778]
2.532039999998224	[ 1.52673006 -1.08021812  1.4136867 ]
2.5320419999982238	[ 1.52958001 -1.07923027  1.41629711]
2.5320439999982236	[ 1.53243158 -1.07823738  1.41890898]
2.5320459999982234	[ 1.53528474 -1.07723953  1.4215223 ]
2.5320479999982233	[ 1.53814253 -1.07623199  1.42413986]
2.532049999998223	[ 1.5409958  -1.075229    1.42675323]
2.532051999998223	[ 1.54385367 -1.07421651  1.42937082]
2.532053999998223	[ 1.54671307 -1.07319925  1.4319898 ]
2.5320559999982226	[ 1.549574   -1.07217726  1.43461016]
2.5320579999982225	[ 1.55243642 -1.07115061  1.43723188]
2.5320599999982223	[ 1.55530034 -1.07011932  1.43985496]
2.532061999998222	[ 1.55816573 -1.06908347  1.44247936]
2.532063999998222	[ 1.56103257 -1.06804309  1.4451051 ]
2.532065999998222	[ 1.56390086 -1.06699825  1.44773213]
2.5320679999982216	[ 1.56677057 -1.06594899  1.45036047]
2.5320699999982215	[ 1.5696417  -1.06489537  1.45299008]
2.5320719999982213	[ 1.57251421 -1.06383741  1.45562095]
2.532073999998221	[ 1.57538811 -1.06277519  1.45825308]
2.532075999998221	[ 1.57826338 -1.0617088   1.46088645]
2.532077999998221	[ 1.58113996 -1.06063817  1.46352102]
2.5320799999982206	[ 1.58401789 -1.05956346  1.46615681]
2.5320819999982205	[ 1.58689714 -1.05848469  1.46879379]
2.5320839999982203	[ 1.58977768 -1.0574019   1.47143194]
2.53208599999822	[ 1.59265951 -1.05631514  1.47407127]
2.53208799999822	[ 1.59554259 -1.0552245   1.47671173]
2.53208999999822	[ 1.59842692 -1.05412999  1.47935333]
2.5320919999982197	[ 1.60131248 -1.05303167  1.48199604]
2.5320939999982195	[ 1.60419926 -1.05192959  1.48463986]
2.5320959999982193	[ 1.60708724 -1.05082381  1.48728476]
2.532097999998219	[ 1.6099764  -1.04971438  1.48993074]
2.532099999998219	[ 1.61286672 -1.04860134  1.49257777]
2.532101999998219	[ 1.61575819 -1.04748475  1.49522585]
2.5321039999982187	[ 1.61865078 -1.04636467  1.49787494]
2.5321059999982185	[ 1.62154449 -1.04524113  1.50052506]
2.5321079999982183	[ 1.6244393  -1.04411419  1.50317616]
2.532109999998218	[ 1.62733518 -1.04298392  1.50582824]
2.532111999998218	[ 1.63023213 -1.04185035  1.50848129]
2.532113999998218	[ 1.63313011 -1.04071354  1.51113529]
2.5321159999982177	[ 1.63602913 -1.03957354  1.51379021]
2.5321179999982175	[ 1.63892915 -1.0384304   1.51644606]
2.5321199999982174	[ 1.64183016 -1.03728418  1.5191028 ]
2.532121999998217	[ 1.64473214 -1.03613492  1.52176043]
2.532123999998217	[ 1.64763507 -1.03498267  1.52441892]
2.532125999998217	[ 1.65053895 -1.03382749  1.52707827]
2.5321279999982167	[ 1.65344374 -1.03266944  1.52973845]
2.5321299999982165	[ 1.65634944 -1.03150856  1.53239945]
2.5321319999982164	[ 1.65925601 -1.0303449   1.53506125]
2.532133999998216	[ 1.66216344 -1.02917851  1.53772383]
2.532135999998216	[ 1.66507173 -1.02800946  1.54038719]
2.532137999998216	[ 1.66798083 -1.02683779  1.54305129]
2.5321399999982157	[ 1.67089074 -1.02566355  1.54571613]
2.5321419999982155	[ 1.67380144 -1.02448679  1.54838169]
2.5321439999982154	[ 1.67671291 -1.02330758  1.55104795]
2.532145999998215	[ 1.67962513 -1.02212594  1.55371489]
2.532147999998215	[ 1.68253808 -1.02094196  1.5563825 ]
2.532149999998215	[ 1.68545174 -1.01975567  1.55905076]
2.5321519999982147	[ 1.6883661  -1.01856712  1.56171965]
2.5321539999982146	[ 1.69128113 -1.01737637  1.56438916]
2.5321559999982144	[ 1.69419681 -1.01618347  1.56705926]
2.5321579999982142	[ 1.69711313 -1.01498848  1.56972994]
2.532159999998214	[ 1.70003006 -1.01379144  1.57240119]
2.532161999998214	[ 1.70294759 -1.01259241  1.57507298]
2.5321639999982137	[ 1.7058657  -1.01139144  1.57774529]
2.5321659999982136	[ 1.70878524 -1.01018602  1.58041891]
2.5321679999982134	[ 1.71170355 -1.00898384  1.58309143]
2.5321699999982132	[ 1.71462612 -1.00777692  1.58576782]
2.532171999998213	[ 1.71754315 -1.00656785  1.58843916]
2.532173999998213	[ 1.72046413 -1.00535921  1.59111411]
2.5321759999982127	[ 1.72338528 -1.0041477   1.59378922]
2.5321779999982126	[ 1.72630688 -1.00293461  1.59646473]
2.5321799999982124	[ 1.72922889 -1.00172     1.59914063]
2.5321819999982123	[ 1.73215131 -1.00050393  1.6018169 ]
2.532183999998212	[ 1.7350741  -0.99928643  1.60449352]
2.532185999998212	[ 1.73799725 -0.99806758  1.60717047]
2.5321879999982118	[ 1.74092074 -0.99684741  1.60984773]
2.5321899999982116	[ 1.74384455 -0.99562598  1.61252529]
2.5321919999982114	[ 1.74676866 -0.99440334  1.61520312]
2.5321939999982113	[ 1.74969304 -0.99317955  1.61788122]
2.532195999998211	[ 1.75262296 -0.9919501   1.62056433]
2.532197999998211	[ 1.75554245 -0.99072854  1.623238  ]
2.5321999999982108	[ 1.75846756 -0.98950159  1.62591677]
2.5322019999982106	[ 1.76139286 -0.98827369  1.62859572]
2.5322039999982104	[ 1.76431834 -0.98704489  1.63127484]
2.5322059999982103	[ 1.76724398 -0.98581525  1.63395412]
2.53220799999821	[ 1.77016976 -0.98458482  1.63663353]
2.53220999999821	[ 1.77309566 -0.98335364  1.63931305]
2.53221199999821	[ 1.77602166 -0.98212178  1.64199267]
2.5322139999982096	[ 1.77894774 -0.98088927  1.64467237]
2.5322159999982095	[ 1.78187387 -0.97965618  1.64735213]
2.5322179999982093	[ 1.78480005 -0.97842256  1.65003193]
2.532219999998209	[ 1.78772625 -0.97718845  1.65271176]
2.532221999998209	[ 1.79064729 -0.97596442  1.65538686]
2.532223999998209	[ 1.79357883 -0.97471912  1.65807163]
2.5322259999982086	[ 1.79650494 -0.97348389  1.66075141]
2.5322279999982085	[ 1.79943102 -0.97224835  1.66343117]
2.5322299999982083	[ 1.80235701 -0.97101258  1.66611087]
2.532231999998208	[ 1.80528291 -0.96977663  1.66879048]
2.532233999998208	[ 1.80820873 -0.96854043  1.67147004]
2.532235999998208	[ 1.81113434 -0.96730439  1.67414941]
2.5322379999982076	[ 1.81405983 -0.9660682   1.67682868]
2.5322399999982075	[ 1.81698511 -0.96483216  1.67950777]
2.5322419999982073	[ 1.81991026 -0.96359593  1.68218676]
2.532243999998207	[ 1.82283517 -0.96235996  1.68486553]
2.532245999998207	[ 1.82575984 -0.96112414  1.68754411]
2.532247999998207	[ 1.82868426 -0.95988855  1.69022246]
2.5322499999982067	[ 1.83160845 -0.95865309  1.69290062]
2.5322519999982065	[ 1.83453228 -0.95741822  1.69557845]
2.5322539999982063	[ 1.83745583 -0.95618357  1.69825606]
2.532255999998206	[ 1.84037902 -0.95494947  1.70093334]
2.532257999998206	[ 1.84330194 -0.95371557  1.70361039]
2.532259999998206	[ 1.84622446 -0.95248231  1.70628709]
2.5322619999982057	[ 1.8491466  -0.95124961  1.70896345]
2.5322639999982055	[ 1.85206834 -0.95001752  1.71163946]
2.5322659999982053	[ 1.85498966 -0.94878607  1.71431511]
2.532267999998205	[ 1.85791055 -0.94755533  1.71699038]
2.532269999998205	[ 1.8608307  -0.9463248   1.71966497]
2.532271999998205	[ 1.86375094 -0.94509616  1.72233969]
2.5322739999982047	[ 1.86667042 -0.9438678   1.72501372]
2.5322759999982045	[ 1.86958939 -0.94264032  1.72768729]
2.5322779999982044	[ 1.87250783 -0.94141379  1.7303604 ]
2.532279999998204	[ 1.87542573 -0.94018823  1.73303304]
2.532281999998204	[ 1.87834308 -0.9389637   1.73570518]
2.532283999998204	[ 1.88125984 -0.93774024  1.73837681]
2.5322859999982037	[ 1.88417602 -0.93651789  1.74104793]
2.5322879999982035	[ 1.88709159 -0.93529671  1.7437185 ]
2.5322899999982034	[ 1.89000653 -0.93407673  1.74638852]
2.532291999998203	[ 1.89292083 -0.93285801  1.74905797]
2.532293999998203	[ 1.89583474 -0.9316408   1.75172709]
2.532295999998203	[ 1.89874744 -0.93042448  1.75439512]
2.5322979999982027	[ 1.90165971 -0.92920977  1.75706277]
2.5322999999982025	[ 1.90457128 -0.92799649  1.7597298 ]
2.5323019999982024	[ 1.90748212 -0.92678467  1.76239619]
2.532303999998202	[ 1.91039221 -0.92557438  1.76506192]
2.532305999998202	[ 1.91330156 -0.92436563  1.76772698]
2.532307999998202	[ 1.91621012 -0.92315849  1.77039136]
2.5323099999982017	[ 1.9191179  -0.92195298  1.77305503]
2.5323119999982016	[ 1.92202488 -0.92074916  1.77571799]
2.5323139999982014	[ 1.92493101 -0.91954711  1.77838021]
2.5323159999982012	[ 1.92783637 -0.91834673  1.78104174]
2.532317999998201	[ 1.93074085 -0.9171482   1.78370248]
2.532319999998201	[ 1.93364444 -0.91595153  1.78636244]
2.5323219999982007	[ 1.93654716 -0.91475673  1.78902163]
2.5323239999982006	[ 1.93944899 -0.91356387  1.79168003]
2.5323259999982004	[ 1.94234991 -0.91237298  1.79433762]
2.5323279999982002	[ 1.94524991 -0.91118409  1.79699439]
2.5323299999982	[ 1.94814896 -0.90999725  1.79965031]
2.5323319999982	[ 1.95104705 -0.9088125   1.80230539]
2.5323339999981997	[ 1.95394418 -0.90762987  1.80495961]
2.5323359999981996	[ 1.95684032 -0.9064494   1.80761296]
2.5323379999981994	[ 1.95973547 -0.90527113  1.81026543]
2.5323399999981993	[ 1.96262959 -0.90409512  1.81291697]
2.532341999998199	[ 1.9655059  -0.90292684  1.81555228]
2.532343999998199	[ 1.96841513 -0.90175033  1.81821768]
2.5323459999981988	[ 1.97130612 -0.90058125  1.82086644]
2.5323479999981986	[ 1.97419604 -0.89941456  1.82351425]
2.5323499999981984	[ 1.97708488 -0.8982503   1.8261611 ]
2.5323519999981983	[ 1.97997261 -0.89708849  1.82880698]
2.532353999998198	[ 1.98285924 -0.89592919  1.83145186]
2.532355999998198	[ 1.98574472 -0.89477241  1.83409573]
2.5323579999981978	[ 1.98862907 -0.89361821  1.83673859]
2.5323599999981976	[ 1.99151226 -0.89246661  1.83938042]
2.5323619999981974	[ 1.99439429 -0.89131764  1.84202121]
2.5323639999981973	[ 1.99727512 -0.89017136  1.84466094]
2.532365999998197	[ 2.00015476 -0.88902778  1.84729961]
2.532367999998197	[ 2.00303318 -0.88788694  1.84993719]
2.532369999998197	[ 2.00591037 -0.88674887  1.85257369]
2.5323719999981966	[ 2.00878632 -0.88561361  1.85520907]
2.5323739999981965	[ 2.01166102 -0.88448119  1.85784334]
2.5323759999981963	[ 2.01453444 -0.88335165  1.86047648]
2.532377999998196	[ 2.0174066  -0.88222501  1.86310848]
2.532379999998196	[ 2.02027744 -0.88110131  1.86573932]
2.532381999998196	[ 2.02314697 -0.87998058  1.86836899]
2.5323839999981956	[ 2.02601517 -0.87886286  1.87099747]
2.5323859999981955	[ 2.02888206 -0.87774815  1.87362478]
2.5323879999981953	[ 2.03174756 -0.87663653  1.87625086]
2.532389999998195	[ 2.03461171 -0.875528    1.87887573]
2.532391999998195	[ 2.03747447 -0.87442258  1.88149937]
2.532393999998195	[ 2.04033583 -0.87332033  1.88412176]
2.5323959999981946	[ 2.04319579 -0.87222126  1.8867429 ]
2.5323979999981945	[ 2.04605417 -0.87112555  1.88936262]
2.5323999999981943	[ 2.04891141 -0.8700328   1.89198134]
2.532401999998194	[ 2.05176704 -0.86894347  1.89459863]
2.532403999998194	[ 2.05462094 -0.86785892  1.89721434]
2.532405999998194	[ 2.05747388 -0.86677476  1.89982924]
2.5324079999981937	[ 2.06032509 -0.86569538  1.90244257]
2.5324099999981935	[ 2.06317474 -0.86461944  1.90505452]
2.5324119999981933	[ 2.06602289 -0.8635469   1.90766512]
2.532413999998193	[ 2.06886949 -0.8624778   1.91027434]
2.532415999998193	[ 2.07171453 -0.86141217  1.91288217]
2.532417999998193	[ 2.074558   -0.86035004  1.9154886 ]
2.5324199999981927	[ 2.07739988 -0.85929142  1.91809361]
2.5324219999981925	[ 2.08024017 -0.85823636  1.92069719]
2.5324239999981923	[ 2.08307882 -0.85718492  1.92329932]
2.532425999998192	[ 2.08591586 -0.85613699  1.9259    ]
2.532427999998192	[ 2.08875124 -0.85509273  1.9284992 ]
2.532429999998192	[ 2.0915871  -0.85404966  1.93109883]
2.5324319999981917	[ 2.09441684 -0.85301511  1.933693  ]
2.5324339999981915	[ 2.09724719 -0.85198188  1.9362877 ]
2.5324359999981914	[ 2.10007582 -0.85095237  1.93888086]
2.532437999998191	[ 2.10290272 -0.84992662  1.94147249]
2.532439999998191	[ 2.10572789 -0.84890463  1.94406255]
2.532441999998191	[ 2.10855126 -0.84788649  1.94665102]
2.5324439999981907	[ 2.11137292 -0.84687207  1.94923795]
2.5324459999981905	[ 2.11419275 -0.84586155  1.95182325]
2.5324479999981904	[ 2.11701078 -0.8448549   1.95440693]
2.53244999999819	[ 2.11982698 -0.84385213  1.95698898]
2.53245199999819	[ 2.12263004 -0.84286863  1.95955901]
2.53245399999819	[ 2.12545434 -0.84185859  1.96214857]
2.5324559999981897	[ 2.12826491 -0.84086769  1.96472558]
2.5324579999981895	[ 2.1310728  -0.83988205  1.96730017]
2.5324599999981894	[ 2.1338804  -0.83889777  1.96987452]
2.532461999998189	[ 2.1366853  -0.8379188   1.97244644]
2.532463999998189	[ 2.13948826 -0.83694386  1.97501662]
2.532465999998189	[ 2.14228925 -0.83597298  1.97758505]
2.5324679999981887	[ 2.14508827 -0.83500618  1.98015169]
2.5324699999981886	[ 2.14788529 -0.83404348  1.98271655]
2.5324719999981884	[ 2.1506803  -0.83308489  1.9852796 ]
2.5324739999981882	[ 2.15347328 -0.83213045  1.98784084]
2.532475999998188	[ 2.15626402 -0.8311803   1.99040006]
2.532477999998188	[ 2.15905308 -0.83023408  1.99295777]
2.5324799999981877	[ 2.16183968 -0.82929217  1.99551327]
2.5324819999981876	[ 2.16462452 -0.82835441  1.9980672 ]
2.5324839999981874	[ 2.16740707 -0.82742093  2.00061907]
2.5324859999981872	[ 2.17018748 -0.82649169  2.00316902]
2.532487999998187	[ 2.17296574 -0.82556672  2.00571703]
2.532489999998187	[ 2.17574181 -0.82464602  2.00826308]
2.5324919999981867	[ 2.17851569 -0.82372963  2.01080715]
2.5324939999981866	[ 2.18128737 -0.82281752  2.01334924]
2.5324959999981864	[ 2.18405737 -0.82190928  2.01588983]
2.5324979999981863	[ 2.18682397 -0.82100634  2.01842736]
2.532499999998186	[ 2.18958884 -0.82010737  2.02096333]
2.532501999998186	[ 2.1923515  -0.81921261  2.02349731]
2.5325039999981858	[ 2.19511181 -0.81832232  2.02602918]
2.5325059999981856	[ 2.1978698  -0.81743643  2.02855896]
2.5325079999981854	[ 2.20062422 -0.81655576  2.03108552]
2.5325099999981853	[ 2.20337865 -0.81567799  2.03361209]
2.532511999998185	[ 2.20613091 -0.81480342  2.03613672]
2.532513999998185	[ 2.20887788 -0.8139371   2.03865656]
2.5325159999981848	[ 2.21162405 -0.81307358  2.04117569]
2.5325179999981846	[ 2.21436613 -0.81221654  2.04369113]
2.5325199999981844	[ 2.21710929 -0.81135954  2.04620756]
2.5325219999981843	[ 2.21984749 -0.81050961  2.04871949]
2.532523999998184	[ 2.22258364 -0.8096639   2.05122958]
2.532525999998184	[ 2.22531728 -0.80882282  2.05373741]
2.532527999998184	[ 2.22804837 -0.80798624  2.05624294]
2.5325299999981836	[ 2.2307769  -0.80715422  2.05874616]
2.5325319999981835	[ 2.23350285 -0.80632677  2.06124704]
2.5325339999981833	[ 2.23622595 -0.80550402  2.06374535]
2.532535999998183	[ 2.23894692 -0.8046856   2.06624175]
2.532537999998183	[ 2.24166499 -0.8038719   2.06873552]
2.532539999998183	[ 2.24438043 -0.80306279  2.07122691]
2.5325419999981826	[ 2.24709363 -0.80225791  2.07371628]
2.5325439999981825	[ 2.2498032  -0.80145843  2.07620236]
2.5325459999981823	[ 2.25251046 -0.80066332  2.07868636]
2.532547999998182	[ 2.25521509 -0.79987261  2.08116798]
2.532549999998182	[ 2.25791691 -0.79908666  2.08364706]
2.532551999998182	[ 2.26061594 -0.79830535  2.08612361]
2.5325539999981816	[ 2.2633122  -0.79752869  2.08859765]
2.5325559999981815	[ 2.2660056  -0.79675674  2.09106912]
2.5325579999981813	[ 2.26869619 -0.79598941  2.09353803]
2.532559999998181	[ 2.2713839  -0.79522679  2.09600433]
2.532561999998181	[ 2.27406816 -0.79446924  2.09846751]
2.532563999998181	[ 2.27675071 -0.7937156   2.10092915]
2.5325659999981807	[ 2.27942974 -0.79296704  2.10338759]
2.5325679999981805	[ 2.28210584 -0.79222318  2.10584337]
2.5325699999981803	[ 2.28477893 -0.79148406  2.10829644]
2.53257199999818	[ 2.28744915 -0.79074956  2.11074689]
2.53257399999818	[ 2.29011631 -0.79001984  2.11319458]
2.53257599999818	[ 2.29278936 -0.78927904  2.1156477 ]
2.5325779999981797	[ 2.29544147 -0.78857408  2.11808162]
2.5325799999981795	[ 2.29809946 -0.78785865  2.12052098]
2.5325819999981793	[ 2.30075446 -0.7871478   2.12295764]
2.532583999998179	[ 2.3034064  -0.78644165  2.1253915 ]
2.532585999998179	[ 2.30605521 -0.78574026  2.12782254]
2.532587999998179	[ 2.30870091 -0.78504358  2.13025074]
2.5325899999981787	[ 2.31134345 -0.78435164  2.13267608]
2.5325919999981785	[ 2.31398285 -0.78366447  2.13509856]
2.5325939999981784	[ 2.31661906 -0.78298196  2.13751814]
2.532595999998178	[ 2.31925207 -0.78230421  2.13993482]
2.532597999998178	[ 2.32188187 -0.78163122  2.14234858]
2.532599999998178	[ 2.32450853 -0.78096294  2.14475948]
2.5326019999981777	[ 2.32713176 -0.78029942  2.14716727]
2.5326039999981775	[ 2.32975181 -0.77964062  2.14957216]
2.5326059999981774	[ 2.33236857 -0.77898658  2.15197407]
2.532607999998177	[ 2.33499932 -0.77833046  2.15438869]
2.532609999998177	[ 2.33759166 -0.77769239  2.15676836]
2.532611999998177	[ 2.34019856 -0.77705248  2.1591613 ]
2.5326139999981767	[ 2.34280202 -0.77641735  2.16155109]
2.5326159999981765	[ 2.345402   -0.77578762  2.16393773]
2.5326179999981764	[ 2.34799886 -0.7751613   2.16632151]
2.532619999998176	[ 2.35059208 -0.7745404   2.16870198]
2.532621999998176	[ 2.35318197 -0.77392417  2.17107942]
2.532623999998176	[ 2.35576841 -0.77331266  2.17345372]
2.5326259999981757	[ 2.35835139 -0.77270586  2.17582486]
2.5326279999981756	[ 2.36093093 -0.77210378  2.17819287]
2.5326299999981754	[ 2.36350691 -0.77150638  2.18055762]
2.5326319999981752	[ 2.36607953 -0.77091372  2.18291933]
2.532633999998175	[ 2.36864857 -0.77032574  2.18527776]
2.532635999998175	[ 2.37121409 -0.76974247  2.18763298]
2.5326379999981747	[ 2.37377606 -0.76916387  2.18998497]
2.5326399999981746	[ 2.3763345  -0.76858997  2.19233373]
2.5326419999981744	[ 2.37888946 -0.76802081  2.19467932]
2.5326439999981742	[ 2.38144061 -0.76745621  2.19702143]
2.532645999998174	[ 2.38398828 -0.76689634  2.19936036]
2.532647999998174	[ 2.38653235 -0.76634114  2.20169601]
2.5326499999981738	[ 2.38907277 -0.7657906   2.20402833]
2.5326519999981736	[ 2.39160957 -0.76524472  2.20635734]
2.5326539999981734	[ 2.39414272 -0.76470348  2.20868301]
2.5326559999981733	[ 2.3966722  -0.7641669   2.21100534]
2.532657999998173	[ 2.39919801 -0.76363495  2.2133243 ]
2.532659999998173	[ 2.40172013 -0.76310764  2.2156399 ]
2.5326619999981728	[ 2.40423853 -0.76258495  2.2179521 ]
2.5326639999981726	[ 2.40675323 -0.76206689  2.22026091]
2.5326659999981724	[ 2.40926424 -0.76155343  2.22256635]
2.5326679999981723	[ 2.41177142 -0.76104462  2.22486829]
2.532669999998172	[ 2.4142749  -0.76054039  2.22716684]
2.532671999998172	[ 2.41677461 -0.76004076  2.22946195]
2.5326739999981718	[ 2.41927051 -0.75954565  2.23175357]
2.5326759999981716	[ 2.4217627  -0.75905526  2.23404179]
2.5326779999981714	[ 2.42425105 -0.75856938  2.23632651]
2.5326799999981713	[ 2.4267356  -0.75808807  2.23860774]
2.532681999998171	[ 2.42921632 -0.75761133  2.24088547]
2.532683999998171	[ 2.43169322 -0.75713915  2.24315969]
2.532685999998171	[ 2.43416624 -0.75667153  2.24543037]
2.5326879999981706	[ 2.43663548 -0.75620843  2.24769758]
2.5326899999981705	[ 2.43910082 -0.75574988  2.24996122]
2.5326919999981703	[ 2.44156229 -0.75529587  2.25222132]
2.53269399999817	[ 2.44401987 -0.75484639  2.25447786]
2.53269599999817	[ 2.44647357 -0.75440142  2.25673083]
2.53269799999817	[ 2.44892336 -0.75396096  2.25898023]
2.5326999999981696	[ 2.45136924 -0.75352502  2.26122604]
2.5327019999981695	[ 2.45381119 -0.75309358  2.26346824]
2.5327039999981693	[ 2.45624789 -0.75266839  2.26570565]
2.532705999998169	[ 2.45868123 -0.75224942  2.26793997]
2.532707999998169	[ 2.46111369 -0.75182623  2.27017345]
2.532709999998169	[ 2.46353987 -0.7514127   2.2724012 ]
2.5327119999981687	[ 2.46596209 -0.75100366  2.27462531]
2.5327139999981685	[ 2.46838034 -0.75059908  2.27684578]
2.5327159999981683	[ 2.47079459 -0.75019896  2.27906258]
2.532717999998168	[ 2.47320487 -0.74980329  2.28127574]
2.532719999998168	[ 2.47561114 -0.74941206  2.28348521]
2.532721999998168	[ 2.47801341 -0.74902528  2.28569101]
2.5327239999981677	[ 2.48041165 -0.74864293  2.28789311]
2.5327259999981675	[ 2.48280587 -0.74826501  2.29009153]
2.5327279999981673	[ 2.48519606 -0.74789151  2.29228623]
2.532729999998167	[ 2.4875822  -0.74752243  2.29447723]
2.532731999998167	[ 2.4899643  -0.74715777  2.29666451]
2.532733999998167	[ 2.49234234 -0.74679751  2.29884805]
2.5327359999981667	[ 2.49471631 -0.74644167  2.30102787]
2.5327379999981665	[ 2.49708622 -0.74609022  2.30320394]
2.5327399999981663	[ 2.49945204 -0.74574317  2.30537626]
2.532741999998166	[ 2.50181377 -0.74540052  2.30754482]
2.532743999998166	[ 2.50417139 -0.74506221  2.30970961]
2.532745999998166	[ 2.50652494 -0.74472835  2.31187065]
2.5327479999981657	[ 2.50887437 -0.74439885  2.3140279 ]
2.5327499999981655	[ 2.51121968 -0.74407373  2.31618136]
2.5327519999981654	[ 2.51356085 -0.74375297  2.31833102]
2.532753999998165	[ 2.5158979  -0.74343658  2.32047688]
2.532755999998165	[ 2.51823083 -0.74312455  2.32261896]
2.532757999998165	[ 2.5205571  -0.74281975  2.32475494]
2.5327599999981647	[ 2.52288431 -0.74251368  2.32689172]
2.5327619999981645	[ 2.52520473 -0.74221475  2.32902229]
2.5327639999981644	[ 2.527521   -0.74192017  2.33114904]
2.532765999998164	[ 2.5298331  -0.74162996  2.33327194]
2.532767999998164	[ 2.532141   -0.7413441   2.33539099]
2.532769999998164	[ 2.53444472 -0.74106259  2.33750618]
2.5327719999981637	[ 2.53674424 -0.74078542  2.3396175 ]
2.5327739999981635	[ 2.53903961 -0.74051269  2.34172501]
2.5327759999981634	[ 2.54133063 -0.74024416  2.34382852]
2.532777999998163	[ 2.5436175  -0.73998005  2.34592819]
2.532779999998163	[ 2.54590014 -0.73972029  2.34802398]
2.532781999998163	[ 2.54817854 -0.73946487  2.35011586]
2.5327839999981627	[ 2.5504527  -0.73921379  2.35220383]
2.5327859999981626	[ 2.55272261 -0.73896707  2.35428788]
2.5327879999981624	[ 2.55498826 -0.73872468  2.35636801]
2.5327899999981622	[ 2.55724963 -0.73848666  2.3584442 ]
2.532791999998162	[ 2.55950675 -0.73825299  2.36051646]
2.532793999998162	[ 2.56175955 -0.73802364  2.36258475]
2.5327959999981617	[ 2.56400808 -0.73779865  2.3646491 ]
2.5327979999981616	[ 2.5662523  -0.73757801  2.36670948]
2.5327999999981614	[ 2.56849222 -0.73736172  2.3687659 ]
2.5328019999981612	[ 2.57072783 -0.73714978  2.37081834]
2.532803999998161	[ 2.57296082 -0.73694148  2.37286835]
2.532805999998161	[ 2.575186   -0.73673894  2.37491119]
2.5328079999981608	[ 2.57740862 -0.73654007  2.37695165]
2.5328099999981606	[ 2.57962687 -0.73634556  2.37898809]
2.5328119999981604	[ 2.58184533 -0.7361356   2.38102466]
2.5328139999981603	[ 2.58405022 -0.73596945  2.38304883]
2.53281599999816	[ 2.58625537 -0.73578808  2.38507318]
2.53281799999816	[ 2.58845682 -0.73561033  2.3870941 ]
2.5328199999981598	[ 2.59065251 -0.73543829  2.38910974]
2.5328219999981596	[ 2.59284451 -0.73526995  2.39112196]
2.5328239999981594	[ 2.5950321  -0.73510599  2.3931301 ]
2.5328259999981593	[ 2.59721526 -0.73494641  2.39513417]
2.532827999998159	[ 2.599394   -0.73479121  2.39713415]
2.532829999998159	[ 2.6015683  -0.7346404   2.39913004]
2.532831999998159	[ 2.60373815 -0.73449396  2.40112182]
2.5328339999981586	[ 2.60590001 -0.73434713  2.40310628]
2.5328359999981584	[ 2.60806426 -0.73421436  2.40509283]
2.5328379999981583	[ 2.61022071 -0.73408111  2.40707224]
2.532839999998158	[ 2.61237268 -0.73395226  2.40904752]
2.532841999998158	[ 2.61452016 -0.7338278   2.41101865]
2.532843999998158	[ 2.61666314 -0.73370774  2.41298563]
2.5328459999981576	[ 2.61880161 -0.7335921   2.41494843]
2.5328479999981575	[ 2.62093555 -0.73348086  2.41690707]
2.5328499999981573	[ 2.62306496 -0.73337403  2.41886151]
2.532851999998157	[ 2.62518873 -0.73328174  2.42081073]
2.532853999998157	[ 2.62731028 -0.73317356  2.42275794]
2.532855999998157	[ 2.629426   -0.73308004  2.42469975]
2.5328579999981566	[ 2.63153717 -0.73299089  2.42663736]
2.5328599999981565	[ 2.63364376 -0.73290617  2.42857073]
2.5328619999981563	[ 2.63574575 -0.73282587  2.43049986]
2.532863999998156	[ 2.63784314 -0.73275     2.43242474]
2.532865999998156	[ 2.63993591 -0.73267856  2.43434535]
2.532867999998156	[ 2.64202405 -0.73261155  2.43626168]
2.5328699999981557	[ 2.64410756 -0.73254899  2.43817374]
2.5328719999981555	[ 2.64618642 -0.73249086  2.4400815 ]
2.5328739999981553	[ 2.64826062 -0.73243717  2.44198496]
2.532875999998155	[ 2.65033015 -0.73238792  2.44388411]
2.532877999998155	[ 2.65239501 -0.73234296  2.44577893]
2.532879999998155	[ 2.65445515 -0.73230275  2.44766941]
2.5328819999981547	[ 2.65651061 -0.73226682  2.44955555]
2.5328839999981545	[ 2.65856135 -0.73223535  2.45143734]
2.5328859999981543	[ 2.66060736 -0.7322083   2.45331476]
2.532887999998154	[ 2.66264864 -0.73218571  2.4551878 ]
2.532889999998154	[ 2.66468517 -0.73216756  2.45705646]
2.532891999998154	[ 2.66671694 -0.73215385  2.45892072]
2.5328939999981537	[ 2.66874394 -0.73214458  2.46078058]
2.5328959999981535	[ 2.67076616 -0.73213977  2.46263601]
2.5328979999981533	[ 2.67278358 -0.73213937  2.46448702]
2.532899999998153	[ 2.6747962  -0.73214342  2.46633359]
2.532901999998153	[ 2.67680401 -0.7321519   2.46817571]
2.532903999998153	[ 2.67880699 -0.73216482  2.47001337]
2.5329059999981527	[ 2.68080513 -0.73218216  2.47184656]
2.5329079999981525	[ 2.68279842 -0.73220392  2.47367527]
2.5329099999981524	[ 2.68478685 -0.73223011  2.47549949]
2.532911999998152	[ 2.68677041 -0.73226071  2.47731921]
2.532913999998152	[ 2.68874998 -0.7322954   2.47913522]
2.532915999998152	[ 2.69072286 -0.73233511  2.48094509]
2.5329179999981517	[ 2.69269173 -0.73237894  2.48275123]
2.5329199999981515	[ 2.69465568 -0.73242715  2.48455284]
2.5329219999981514	[ 2.69661382 -0.73248011  2.48634909]
2.532923999998151	[ 2.69856974 -0.73253639  2.48814322]
2.532925999998151	[ 2.70051793 -0.73259808  2.48993029]
2.532927999998151	[ 2.70246211 -0.73266381  2.49171361]
2.5329299999981507	[ 2.70440131 -0.73273389  2.49349234]
2.5329319999981506	[ 2.70633552 -0.73280831  2.49526647]
2.5329339999981504	[ 2.70826419 -0.73287588  2.49703553]
2.5329359999981502	[ 2.71018872 -0.73298169  2.4988006 ]
2.53293799999815	[ 2.71210866 -0.73304581  2.50056162]
2.53293999999815	[ 2.71402253 -0.73314893  2.5023169 ]
2.5329419999981497	[ 2.71593166 -0.733245    2.50406785]
2.5329439999981496	[ 2.71783632 -0.73335787  2.5058146 ]
2.5329459999981494	[ 2.71973402 -0.73343736  2.50755512]
2.5329479999981492	[ 2.72162923 -0.7335714   2.50929307]
2.532949999998149	[ 2.72351693 -0.73365891  2.51102435]
2.532951999998149	[ 2.72540183 -0.73380194  2.51275278]
2.5329539999981487	[ 2.72727981 -0.73391068  2.51447501]
2.5329559999981486	[ 2.72915347 -0.73403621  2.51619319]
2.5329579999981484	[ 2.73102194 -0.73416604  2.51790656]
2.5329599999981482	[ 2.73288527 -0.73430003  2.5196152 ]
2.532961999998148	[ 2.73474347 -0.73443815  2.52131909]
2.532963999998148	[ 2.73659652 -0.73458039  2.52301823]
2.5329659999981478	[ 2.73844442 -0.73472673  2.5247126 ]
2.5329679999981476	[ 2.74028715 -0.73487714  2.52640221]
2.5329699999981474	[ 2.74212471 -0.73503161  2.52808702]
2.5329719999981473	[ 2.74395708 -0.73519012  2.52976706]
2.532973999998147	[ 2.74578426 -0.73535264  2.53144229]
2.532975999998147	[ 2.74760624 -0.73551915  2.53311272]
2.5329779999981468	[ 2.74942302 -0.73568963  2.53477835]
2.5329799999981466	[ 2.75123457 -0.73586405  2.53643915]
2.5329819999981464	[ 2.7530409  -0.73604238  2.53809512]
2.5329839999981463	[ 2.754842   -0.73622461  2.53974627]
2.532985999998146	[ 2.75663865 -0.73638986  2.54139324]
2.532987999998146	[ 2.75842855 -0.73660036  2.54303409]
2.532989999998146	[ 2.76021384 -0.73679418  2.54467064]
2.5329919999981456	[ 2.76199395 -0.73699167  2.54630239]
2.5329939999981455	[ 2.76376878 -0.73719292  2.54792927]
2.5329959999981453	[ 2.76553833 -0.73739789  2.54955127]
2.532997999998145	[ 2.7673026  -0.73760655  2.5511684 ]
2.532999999998145	[ 2.76906159 -0.73781887  2.55278064]
2.533001999998145	[ 2.77081528 -0.73803481  2.55438799]
2.5330039999981446	[ 2.77256367 -0.73825435  2.55599045]
2.5330059999981445	[ 2.77430675 -0.73847744  2.557588  ]
2.5330079999981443	[ 2.77604452 -0.73870407  2.55918065]
2.533009999998144	[ 2.77777698 -0.73893418  2.5607684 ]
2.533011999998144	[ 2.77950412 -0.73916775  2.56235122]
2.533013999998144	[ 2.78122593 -0.73940473  2.56392913]
2.5330159999981436	[ 2.78293403 -0.73965668  2.56549451]
2.5330179999981435	[ 2.78465386 -0.73988887  2.56707046]
2.5330199999981433	[ 2.78635958 -0.74013606  2.56863352]
2.533021999998143	[ 2.78806005 -0.74038634  2.57019171]
2.533023999998143	[ 2.78975294 -0.74064391  2.57174295]
2.533025999998143	[ 2.79144498 -0.7408966   2.57329333]
2.5330279999981427	[ 2.79312938 -0.74115645  2.5748367 ]
2.5330299999981425	[ 2.79480844 -0.74141941  2.57637512]
2.5330319999981423	[ 2.79648213 -0.74168542  2.5779086 ]
2.533033999998142	[ 2.79815316 -0.74194889  2.57943956]
2.533035999998142	[ 2.79981338 -0.74222639  2.58096064]
2.533037999998142	[ 2.80147098 -0.74250133  2.58247926]
2.5330399999981417	[ 2.80312322 -0.74277917  2.58399293]
2.5330419999981415	[ 2.80477009 -0.74305985  2.58550163]
2.5330439999981413	[ 2.80641159 -0.74334333  2.58700538]
2.533045999998141	[ 2.80804772 -0.74362957  2.58850417]
2.533047999998141	[ 2.80967847 -0.74391851  2.589998  ]
2.533049999998141	[ 2.81130385 -0.74421012  2.59148686]
2.5330519999981407	[ 2.81292386 -0.74450434  2.59297077]
2.5330539999981405	[ 2.8145385  -0.74480112  2.59444972]
2.5330559999981404	[ 2.81614776 -0.74510042  2.5959237 ]
2.53305799999814	[ 2.81775165 -0.74540219  2.59739273]
2.53305999999814	[ 2.81935017 -0.74570638  2.59885679]
2.53306199999814	[ 2.82094332 -0.74601294  2.6003159 ]
2.5330639999981397	[ 2.82253109 -0.74632182  2.60177005]
2.5330659999981395	[ 2.82411101 -0.74663768  2.60321699]
2.5330679999981394	[ 2.8256906  -0.74694639  2.60466353]
2.533069999998139	[ 2.82726227 -0.74726194  2.60610281]
2.533071999998139	[ 2.82882858 -0.74757958  2.60753715]
2.533073999998139	[ 2.83038954 -0.7478993   2.60896653]
2.5330759999981387	[ 2.83194513 -0.74822102  2.61039097]
2.5330779999981385	[ 2.83349536 -0.7485447   2.61181046]
2.5330799999981384	[ 2.83504025 -0.74887028  2.61322501]
2.533081999998138	[ 2.83657978 -0.74919772  2.61463463]
2.533083999998138	[ 2.83811397 -0.74952696  2.61603931]
2.533085999998138	[ 2.83964282 -0.74985794  2.61743906]
2.5330879999981377	[ 2.84116632 -0.75019062  2.61883388]
2.5330899999981376	[ 2.8426845  -0.75052493  2.62022377]
2.5330919999981374	[ 2.84419734 -0.75086081  2.62160874]
2.5330939999981372	[ 2.84570486 -0.75119825  2.62298881]
2.533095999998137	[ 2.84720705 -0.75153715  2.62436396]
2.533097999998137	[ 2.84870393 -0.75187747  2.6257342 ]
2.5330999999981367	[ 2.8501955  -0.75221914  2.62709954]
2.5331019999981366	[ 2.85168176 -0.75256214  2.62845998]
2.5331039999981364	[ 2.85316275 -0.75290634  2.62981555]
2.5331059999981362	[ 2.85463841 -0.75325182  2.6311662 ]
2.533107999998136	[ 2.85610879 -0.7535984   2.63251199]
2.533109999998136	[ 2.8575739  -0.75394607  2.6338529 ]
2.5331119999981357	[ 2.85903372 -0.75429477  2.63518894]
2.5331139999981356	[ 2.86048828 -0.75464446  2.63652012]
2.5331159999981354	[ 2.86193758 -0.75499505  2.63784645]
2.5331179999981353	[ 2.86338163 -0.75534652  2.63916793]
2.533119999998135	[ 2.86482043 -0.75569878  2.64048455]
2.533121999998135	[ 2.86625398 -0.75605182  2.64179635]
2.5331239999981348	[ 2.86768231 -0.75640554  2.64310332]
2.5331259999981346	[ 2.86910541 -0.75675991  2.64440546]
2.5331279999981344	[ 2.87052919 -0.75710845  2.6457082 ]
2.5331299999981343	[ 2.87193566 -0.75747034  2.64699502]
2.533131999998134	[ 2.87334321 -0.75782621  2.64828281]
2.533133999998134	[ 2.87474549 -0.7581826   2.64956575]
2.5331359999981338	[ 2.8761426  -0.75853936  2.6508439 ]
2.5331379999981336	[ 2.87753454 -0.75889642  2.65211728]
2.5331399999981334	[ 2.8789213  -0.75925375  2.6533859 ]
2.5331419999981333	[ 2.88030292 -0.75961128  2.65464975]
2.533143999998133	[ 2.88167939 -0.75996896  2.65590886]
2.533145999998133	[ 2.88303294 -0.76036857  2.65714713]
2.533147999998133	[ 2.88441778 -0.76068479  2.65841365]
2.5331499999981326	[ 2.88577876 -0.76104278  2.65965846]
2.5331519999981325	[ 2.88713474 -0.76140052  2.66089866]
2.5331539999981323	[ 2.88848562 -0.76175814  2.66213415]
2.533155999998132	[ 2.88983141 -0.7621156   2.66336495]
2.533157999998132	[ 2.89117214 -0.76247284  2.66459107]
2.533159999998132	[ 2.89250777 -0.7628298   2.66581248]
2.5331619999981316	[ 2.89383837 -0.76318643  2.66702926]
2.5331639999981315	[ 2.89516391 -0.76354269  2.66824137]
2.5331659999981313	[ 2.89648451 -0.76389836  2.66944891]
2.533167999998131	[ 2.89779991 -0.76425386  2.67065166]
2.533169999998131	[ 2.89911038 -0.76460869  2.67184985]
2.533171999998131	[ 2.90041585 -0.76496293  2.67304344]
2.5331739999981306	[ 2.90171634 -0.76531654  2.67423243]
2.5331759999981305	[ 2.90301184 -0.76566947  2.67541681]
2.5331779999981303	[ 2.90430238 -0.76602167  2.67659662]
2.53317999999813	[ 2.90558797 -0.7663731   2.67777185]
2.53318199999813	[ 2.90686861 -0.7667237   2.67894251]
2.53318399999813	[ 2.90814431 -0.76707342  2.68010863]
2.5331859999981297	[ 2.9094151  -0.76742223  2.68127021]
2.5331879999981295	[ 2.91068098 -0.76777007  2.68242725]
2.5331899999981293	[ 2.91194197 -0.7681169   2.68357978]
2.533191999998129	[ 2.91319807 -0.76846267  2.6847278 ]
2.533193999998129	[ 2.9144493  -0.76880733  2.68587133]
2.533195999998129	[ 2.91569567 -0.76915083  2.68701038]
2.5331979999981287	[ 2.91693719 -0.76949316  2.68814494]
2.5331999999981285	[ 2.91817388 -0.76983424  2.68927505]
2.5332019999981283	[ 2.91940575 -0.77017403  2.6904007 ]
2.533203999998128	[ 2.92063281 -0.7705125   2.69152192]
2.533205999998128	[ 2.92185506 -0.77084961  2.69263871]
2.533207999998128	[ 2.92307255 -0.77118529  2.69375109]
2.5332099999981277	[ 2.92428525 -0.77151952  2.69485906]
2.5332119999981275	[ 2.9254932  -0.77185226  2.69596265]
2.5332139999981274	[ 2.92669641 -0.77218346  2.69706185]
2.533215999998127	[ 2.92789488 -0.77251309  2.69815669]
2.533217999998127	[ 2.92908863 -0.7728411   2.69924717]
2.533219999998127	[ 2.93027769 -0.77316748  2.70033332]
2.5332219999981267	[ 2.93146196 -0.77349236  2.70141505]
2.5332239999981265	[ 2.93264171 -0.77381505  2.7024926 ]
2.5332259999981264	[ 2.93381673 -0.77413619  2.70356579]
2.533227999998126	[ 2.93498707 -0.77445555  2.70463467]
2.533229999998126	[ 2.93615278 -0.77477305  2.70569927]
2.533231999998126	[ 2.93731387 -0.77508867  2.7067596 ]
2.5332339999981257	[ 2.93847033 -0.7754024   2.70781567]
2.5332359999981255	[ 2.93962221 -0.77571412  2.7088675 ]
2.5332379999981254	[ 2.94076949 -0.77602388  2.70991509]
2.533239999998125	[ 2.9419122  -0.77633162  2.71095846]
2.533241999998125	[ 2.94305034 -0.77663728  2.71199761]
2.533243999998125	[ 2.94418394 -0.77694091  2.71303258]
2.5332459999981247	[ 2.945313   -0.77724235  2.71406335]
2.5332479999981246	[ 2.94643754 -0.77754166  2.71508995]
2.5332499999981244	[ 2.9475576  -0.7778387   2.71611242]
2.5332519999981242	[ 2.94867311 -0.77813367  2.71713069]
2.533253999998124	[ 2.94978417 -0.77842632  2.71814484]
2.533255999998124	[ 2.95089077 -0.77871668  2.71915488]
2.5332579999981237	[ 2.95199289 -0.77900474  2.7201608 ]
2.5332599999981236	[ 2.95309059 -0.77929045  2.72116262]
2.5332619999981234	[ 2.95418385 -0.77957378  2.72216035]
2.5332639999981232	[ 2.9552727  -0.77985472  2.72315401]
2.533265999998123	[ 2.95635703 -0.78013347  2.7241435 ]
2.533267999998123	[ 2.9574372  -0.78040929  2.72512915]
2.5332699999981227	[ 2.95851289 -0.78068284  2.72611066]
2.5332719999981226	[ 2.95958421 -0.78095389  2.72708814]
2.5332739999981224	[ 2.96065125 -0.78122254  2.72806166]
2.5332759999981223	[ 2.96171382 -0.78148834  2.72903107]
2.533277999998122	[ 2.96277213 -0.78175169  2.72999654]
2.533279999998122	[ 2.96382613 -0.78201242  2.73095803]
2.5332819999981218	[ 2.96487583 -0.78227052  2.73191555]
2.5332839999981216	[ 2.96592126 -0.78252593  2.73286913]
2.5332859999981214	[ 2.96696239 -0.78277868  2.73381874]
2.5332879999981213	[ 2.96799929 -0.78302868  2.73476444]
2.533289999998121	[ 2.96903193 -0.78327596  2.73570622]
2.533291999998121	[ 2.97006034 -0.78352047  2.73664409]
2.5332939999981208	[ 2.97108453 -0.78376223  2.73757806]
2.5332959999981206	[ 2.9721045  -0.78400111  2.73850814]
2.5332979999981204	[ 2.97312029 -0.7842372   2.73943436]
2.5332999999981203	[ 2.97413518 -0.78447274  2.74035955]
2.53330199999812	[ 2.97513888 -0.78470116  2.74127481]
2.53330399999812	[ 2.97614261 -0.78492829  2.74218989]
2.53330599999812	[ 2.97714174 -0.78515283  2.74310073]
2.5333079999981196	[ 2.97813673 -0.78537444  2.74400774]
2.5333099999981195	[ 2.9791276  -0.78559309  2.74491096]
2.5333119999981193	[ 2.98011436 -0.78580876  2.74581038]
2.533313999998119	[ 2.98109702 -0.78602143  2.74670601]
2.533315999998119	[ 2.9820756  -0.78623108  2.74759787]
2.533317999998119	[ 2.9830501  -0.78643771  2.74848597]
2.5333199999981186	[ 2.98402054 -0.78664125  2.74937033]
2.5333219999981185	[ 2.98498693 -0.78684172  2.75025094]
2.5333239999981183	[ 2.98594928 -0.78703911  2.75112782]
2.533325999998118	[ 2.9869076  -0.78723338  2.75200098]
2.533327999998118	[ 2.98786193 -0.78742449  2.75287046]
2.533329999998118	[ 2.9888122  -0.78761251  2.7537362 ]
2.5333319999981176	[ 2.9897585  -0.78779734  2.75459826]
2.5333339999981175	[ 2.99070082 -0.78797899  2.75545665]
2.5333359999981173	[ 2.99163917 -0.78815742  2.75631137]
2.533337999998117	[ 2.99257356 -0.78833264  2.75716244]
2.533339999998117	[ 2.99350399 -0.78850463  2.75800986]
2.533341999998117	[ 2.99443049 -0.78867336  2.75885364]
2.5333439999981167	[ 2.99535306 -0.78883882  2.75969379]
2.5333459999981165	[ 2.9962717  -0.789001    2.76053032]
2.5333479999981163	[ 2.99718644 -0.78915987  2.76136324]
2.533349999998116	[ 2.99809728 -0.78931543  2.76219256]
2.533351999998116	[ 2.99900423 -0.78946765  2.76301829]
2.533353999998116	[ 2.9999073  -0.78961652  2.76384044]
2.5333559999981157	[ 3.00080646 -0.78976194  2.76465898]
2.5333579999981155	[ 3.0017018  -0.78990419  2.76547399]
2.5333599999981153	[ 3.00259332 -0.79004288  2.76628547]
2.533361999998115	[ 3.0034809  -0.79017827  2.76709332]
2.533363999998115	[ 3.00436507 -0.79031001  2.76789801]
2.533365999998115	[ 3.00524478 -0.79043853  2.76869859]
2.5333679999981147	[ 3.00612096 -0.79056351  2.76949591]
2.5333699999981145	[ 3.00699333 -0.79068502  2.77028971]
2.5333719999981144	[ 3.0078619  -0.79080304  2.77108001]
2.533373999998114	[ 3.00872669 -0.79091757  2.77186681]
2.533375999998114	[ 3.00958764 -0.79102863  2.77265006]
2.533377999998114	[ 3.01044493 -0.79113604  2.77342994]
2.5333799999981137	[ 3.0112984  -0.79123996  2.77420628]
2.5333819999981135	[ 3.01214812 -0.79134032  2.77497916]
2.5333839999981134	[ 3.01299408 -0.7914371   2.77574858]
2.533385999998113	[ 3.01385588 -0.79150136  2.77653244]
2.533387999998113	[ 3.01467215 -0.79159542  2.77727468]
2.533389999998113	[ 3.01550877 -0.79170521  2.7780354 ]
2.5333919999981127	[ 3.01633958 -0.79178801  2.77879082]
2.5333939999981125	[ 3.01716708 -0.79186638  2.77954318]
2.5333959999981124	[ 3.01798526 -0.79194304  2.78028702]
2.533397999998112	[ 3.01881058 -0.79201292  2.7810373 ]
2.533399999998112	[ 3.01962684 -0.79208047  2.78177928]
2.533401999998112	[ 3.02043939 -0.79214441  2.78251784]
2.5334039999981117	[ 3.02124825 -0.79220462  2.78325299]
2.5334059999981116	[ 3.02205343 -0.79226109  2.78398475]
2.5334079999981114	[ 3.02285495 -0.79231382  2.78471312]
2.5334099999981112	[ 3.0236528  -0.79236278  2.7854381 ]
2.533411999998111	[ 3.02444699 -0.79240796  2.78615971]
2.533413999998111	[ 3.02523753 -0.79244935  2.78687793]
2.5334159999981107	[ 3.02602441 -0.79248693  2.78759279]
2.5334179999981106	[ 3.02680765 -0.79252069  2.78830428]
2.5334199999981104	[ 3.02758725 -0.79255062  2.78901241]
2.5334219999981102	[ 3.02836309 -0.79257701  2.78971707]
2.53342399999811	[ 3.02913553 -0.7925989   2.79041858]
2.53342599999811	[ 3.02990422 -0.79261723  2.79111664]
2.5334279999981097	[ 3.03066929 -0.79263166  2.79181135]
2.5334299999981096	[ 3.0314308  -0.79264213  2.79250277]
2.5334319999981094	[ 3.03218855 -0.79264879  2.79319073]
2.5334339999981093	[ 3.03294276 -0.79265146  2.7938754 ]
2.533435999998109	[ 3.03369334 -0.79265018  2.79455674]
2.533437999998109	[ 3.03444032 -0.79264493  2.79523474]
2.5334399999981088	[ 3.03518368 -0.79263571  2.79590941]
2.5334419999981086	[ 3.03592344 -0.79262248  2.79658074]
2.5334439999981084	[ 3.03666352 -0.79260434  2.79725235]
2.5334459999981083	[ 3.03739219 -0.79258383  2.79791347]
2.533447999998108	[ 3.03812111 -0.79255857  2.7985748 ]
2.533449999998108	[ 3.03884643 -0.79252926  2.7992328 ]
2.5334519999981078	[ 3.03956828 -0.7924955   2.7998876 ]
2.5334539999981076	[ 3.0402863  -0.79245828  2.80053887]
2.5334559999981074	[ 3.04100082 -0.79241667  2.80118691]
2.5334579999981073	[ 3.04171174 -0.79237094  2.80183161]
2.533459999998107	[ 3.04241907 -0.7923211   2.802473  ]
2.533461999998107	[ 3.04312285 -0.79226696  2.80311111]
2.533463999998107	[ 3.0438229  -0.79220896  2.80374579]
2.5334659999981066	[ 3.04451942 -0.79214663  2.80437719]
2.5334679999981065	[ 3.04521232 -0.79208012  2.80500526]
2.5334699999981063	[ 3.04590162 -0.7920094   2.80563001]
2.533471999998106	[ 3.04658731 -0.79193447  2.80625142]
2.533473999998106	[ 3.04726939 -0.7918553   2.8068695 ]
2.533475999998106	[ 3.04794786 -0.79177189  2.80748424]
2.5334779999981056	[ 3.04862272 -0.7916842   2.80809565]
2.5334799999981055	[ 3.04929396 -0.79159224  2.80870372]
2.5334819999981053	[ 3.04996158 -0.79149598  2.80930845]
2.533483999998105	[ 3.05062557 -0.79139542  2.80990983]
2.533485999998105	[ 3.05128594 -0.79129052  2.81050786]
2.533487999998105	[ 3.05194268 -0.79118129  2.81110254]
2.5334899999981046	[ 3.05259578 -0.7910677   2.81169387]
2.5334919999981045	[ 3.05324525 -0.79094974  2.81228184]
2.5334939999981043	[ 3.05389108 -0.7908274   2.81286645]
2.533495999998104	[ 3.05453325 -0.79070064  2.81344769]
2.533497999998104	[ 3.05517178 -0.79056948  2.81402556]
2.533499999998104	[ 3.05580666 -0.79043389  2.81460006]
2.5335019999981037	[ 3.05643787 -0.79029384  2.81517117]
2.5335039999981035	[ 3.05706541 -0.79014933  2.8157389 ]
2.5335059999981033	[ 3.05768928 -0.79000034  2.81630324]
2.533507999998103	[ 3.05830947 -0.78984685  2.81686419]
2.533509999998103	[ 3.05892597 -0.78968885  2.81742173]
2.533511999998103	[ 3.05953879 -0.78952633  2.81797587]
2.5335139999981027	[ 3.06014791 -0.78935927  2.8185266 ]
2.5335159999981025	[ 3.06075332 -0.78918765  2.8190739 ]
2.5335179999981023	[ 3.06134723 -0.78902226  2.81961061]
2.533519999998102	[ 3.06195289 -0.78883068  2.82015813]
2.533521999998102	[ 3.06254723 -0.78864553  2.82069521]
2.533523999998102	[ 3.06313774 -0.78845553  2.82122877]
2.5335259999981017	[ 3.06372452 -0.7882609   2.82175888]
2.5335279999981015	[ 3.06430754 -0.78806162  2.82228552]
2.5335299999981014	[ 3.06488679 -0.78785767  2.82280869]
2.533531999998101	[ 3.0654623  -0.78764904  2.82332839]
2.533533999998101	[ 3.06603401 -0.78743572  2.8238446 ]
2.533535999998101	[ 3.06660194 -0.78721769  2.82435732]
2.5335379999981007	[ 3.06716607 -0.78699492  2.82486653]
2.5335399999981005	[ 3.0677264  -0.78676741  2.82537224]
2.5335419999981004	[ 3.06828291 -0.78653515  2.82587442]
2.5335439999981	[ 3.06883561 -0.78629829  2.82637309]
2.5335459999981	[ 3.06938444 -0.78605627  2.82686819]
2.5335479999981	[ 3.06992945 -0.78580964  2.82735976]
2.5335499999980997	[ 3.07047059 -0.78555818  2.82784777]
2.5335519999980995	[ 3.07100996 -0.78532216  2.8283342 ]
2.5335539999980994	[ 3.07154202 -0.78504048  2.82881376]
2.533555999998099	[ 3.07207152 -0.78477466  2.82929103]
2.533557999998099	[ 3.07259713 -0.78450375  2.82976471]
2.533559999998099	[ 3.07311882 -0.78422794  2.83023477]
2.5335619999980987	[ 3.07363659 -0.78394723  2.83070122]
2.5335639999980986	[ 3.07415044 -0.78366158  2.83116405]
2.5335659999980984	[ 3.07466839 -0.78334923  2.83163062]
2.5335679999980982	[ 3.07516562 -0.78307561  2.83207817]
2.533569999998098	[ 3.0756677  -0.7827749   2.83253015]
2.533571999998098	[ 3.07616567 -0.78246941  2.83297833]
2.5335739999980977	[ 3.07665963 -0.7821589   2.83342283]
2.5335759999980976	[ 3.0771496  -0.78184337  2.83386364]
2.5335779999980974	[ 3.07763553 -0.78152281  2.83430073]
2.5335799999980972	[ 3.07811743 -0.78119721  2.8347341 ]
2.533581999998097	[ 3.07859529 -0.78086651  2.83516375]
2.533583999998097	[ 3.07906908 -0.78053074  2.83558965]
2.5335859999980967	[ 3.0795388  -0.78018988  2.8360118 ]
2.5335879999980966	[ 3.08000443 -0.77984391  2.83643017]
2.5335899999980964	[ 3.08046596 -0.77949282  2.83684476]
2.5335919999980963	[ 3.08092337 -0.77913658  2.83725556]
2.533593999998096	[ 3.08137665 -0.77877518  2.83766255]
2.533595999998096	[ 3.08182583 -0.77840852  2.83806576]
2.5335979999980958	[ 3.08227077 -0.77803686  2.83846506]
2.5335999999980956	[ 3.08271157 -0.77765993  2.83886055]
2.5336019999980954	[ 3.0831482  -0.77727774  2.8392522 ]
2.5336039999980953	[ 3.08358063 -0.77689032  2.83963997]
2.533605999998095	[ 3.08400883 -0.77649769  2.84002386]
2.533607999998095	[ 3.08443281 -0.77609981  2.84040384]
2.5336099999980948	[ 3.08485256 -0.7756966   2.84077993]
2.5336119999980946	[ 3.08526804 -0.77528814  2.84115209]
2.5336139999980944	[ 3.08567926 -0.77487436  2.84152032]
2.5336159999980943	[ 3.08608619 -0.77445527  2.8418846 ]
2.533617999998094	[ 3.08648861 -0.77403125  2.84224472]
2.533619999998094	[ 3.08688715 -0.77360107  2.84260127]
2.533621999998094	[ 3.08728115 -0.77316592  2.84295364]
2.5336239999980936	[ 3.0876708 -0.7727254  2.843302 ]
2.5336259999980935	[ 3.08805608 -0.77227952  2.84364634]
2.5336279999980933	[ 3.08843703 -0.77182818  2.84398668]
2.533629999998093	[ 3.08881357 -0.77137143  2.84432297]
2.533631999998093	[ 3.08918572 -0.77090926  2.84465521]
2.533633999998093	[ 3.08955346 -0.77044165  2.84498339]
2.5336359999980926	[ 3.08991677 -0.76996853  2.84530749]
2.5336379999980925	[ 3.09027564 -0.76948996  2.8456275 ]
2.5336399999980923	[ 3.09062558 -0.76901434  2.84593929]
2.533641999998092	[ 3.09098015 -0.76851637  2.84625534]
2.533643999998092	[ 3.0913256 -0.7680213  2.846563 ]
2.533645999998092	[ 3.09166658 -0.76752066  2.84686653]
2.5336479999980916	[ 3.09200305 -0.76701448  2.84716592]
2.5336499999980915	[ 3.092335   -0.76650272  2.84746115]
2.5336519999980913	[ 3.09266242 -0.76598539  2.8477522 ]
2.533653999998091	[ 3.09298529 -0.76546246  2.84803906]
2.533655999998091	[ 3.0933036  -0.76493392  2.84832173]
2.533657999998091	[ 3.09361733 -0.76439977  2.84860018]
2.5336599999980907	[ 3.09392649 -0.76385997  2.84887443]
2.5336619999980905	[ 3.09423106 -0.76331451  2.84914444]
2.5336639999980903	[ 3.094531  -0.7627634  2.8494102]
2.53366599999809	[ 3.09482632 -0.76220661  2.84967171]
2.53366799999809	[ 3.09511701 -0.76164412  2.84992896]
2.53366999999809	[ 3.09540306 -0.76107592  2.85018193]
2.5336719999980897	[ 3.09568445 -0.760502    2.85043062]
2.5336739999980895	[ 3.09596118 -0.75992235  2.85067501]
2.5336759999980893	[ 3.09623322 -0.75933694  2.85091509]
2.533677999998089	[ 3.09650057 -0.75874577  2.85115086]
2.533679999998089	[ 3.09676323 -0.75814882  2.85138231]
2.533681999998089	[ 3.09702117 -0.75754608  2.85160942]
2.5336839999980887	[ 3.0972744  -0.75693751  2.85183219]
2.5336859999980885	[ 3.09752289 -0.75632316  2.8520506 ]
2.5336879999980884	[ 3.09776663 -0.75570297  2.85226465]
2.533689999998088	[ 3.09800564 -0.75507691  2.85247434]
2.533691999998088	[ 3.09823988 -0.75444499  2.85267964]
2.533693999998088	[ 3.09846936 -0.75380721  2.85288056]
2.5336959999980877	[ 3.09869406 -0.75316352  2.85307709]
2.5336979999980875	[ 3.09891397 -0.75251394  2.85326922]
2.5336999999980874	[ 3.0991291  -0.75185844  2.85345694]
2.533701999998087	[ 3.09933942 -0.75119701  2.85364024]
2.533703999998087	[ 3.09954494 -0.75052964  2.85381912]
2.533705999998087	[ 3.09974566 -0.74985628  2.85399359]
2.5337079999980867	[ 3.09994153 -0.749177    2.8541636 ]
2.5337099999980865	[ 3.10013258 -0.74849171  2.85432918]
2.5337119999980864	[ 3.10031881 -0.74780042  2.85449032]
2.533713999998086	[ 3.10050018 -0.74710314  2.854647  ]
2.533715999998086	[ 3.10067674 -0.7463998   2.85479924]
2.533717999998086	[ 3.10084858 -0.7456903   2.85494716]
2.5337199999980857	[ 3.10101527 -0.74497502  2.85509033]
2.5337219999980856	[ 3.10117725 -0.74425354  2.85522918]
2.5337239999980854	[ 3.10133438 -0.74352598  2.85536356]
2.5337259999980852	[ 3.10148663 -0.74279234  2.85549345]
2.533727999998085	[ 3.10163403 -0.74205258  2.85561889]
2.533729999998085	[ 3.10177655 -0.74130671  2.85573984]
2.5337319999980847	[ 3.1019142  -0.74055471  2.85585631]
2.5337339999980846	[ 3.1020469  -0.73979665  2.85596824]
2.5337359999980844	[ 3.10217488 -0.73903226  2.85607581]
2.5337379999980842	[ 3.10229788 -0.73826183  2.85617882]
2.533739999998084	[ 3.10241605 -0.73748516  2.85627738]
2.533741999998084	[ 3.10252931 -0.73670234  2.85637143]
2.5337439999980838	[ 3.10263771 -0.73591328  2.85646101]
2.5337459999980836	[ 3.10274123 -0.73511802  2.8565461 ]
2.5337479999980834	[ 3.10283987 -0.73431653  2.8566267 ]
2.5337499999980833	[ 3.10293364 -0.73350878  2.85670284]
2.533751999998083	[ 3.10302253 -0.73269482  2.85677448]
2.533753999998083	[ 3.10310656 -0.73187457  2.85684165]
2.5337559999980828	[ 3.10318571 -0.73104805  2.85690435]
2.5337579999980826	[ 3.10326001 -0.73021524  2.85696257]
2.5337599999980824	[ 3.10332946 -0.72937612  2.85701635]
2.5337619999980823	[ 3.103394   -0.72853073  2.85706561]
2.533763999998082	[ 3.10345375 -0.72767897  2.85711046]
2.533765999998082	[ 3.10350863 -0.72682089  2.85715084]
2.5337679999980818	[ 3.10355867 -0.72595648  2.85718677]
2.5337699999980816	[ 3.10360388 -0.72508571  2.85721825]
2.5337719999980814	[ 3.10364426 -0.72420857  2.85724529]
2.5337739999980813	[ 3.10367979 -0.72332509  2.85726789]
2.533775999998081	[ 3.10371055 -0.72243517  2.85728609]
2.533777999998081	[ 3.1037365  -0.72153888  2.85729987]
2.533779999998081	[ 3.10375762 -0.7206362   2.85730921]
2.5337819999980806	[ 3.10377396 -0.7197271   2.85731417]
2.5337839999980805	[ 3.10378553 -0.71881157  2.85731472]
2.5337859999980803	[ 3.10379232 -0.71788962  2.85731089]
2.53378799999808	[ 3.10379435 -0.71696122  2.85730268]
2.53378999999808	[ 3.10379163 -0.71602637  2.8572901 ]
2.53379199999808	[ 3.10378416 -0.71508507  2.85727317]
2.5337939999980796	[ 3.10377197 -0.7141373   2.85725188]
2.5337959999980795	[ 3.10375506 -0.71318306  2.85722626]
2.5337979999980793	[ 3.10373345 -0.71222233  2.85719631]
2.533799999998079	[ 3.10370714 -0.71125512  2.85716205]
2.533801999998079	[ 3.10367615 -0.71028141  2.85712348]
2.533803999998079	[ 3.1036405  -0.70930119  2.85708062]
2.5338059999980787	[ 3.10360019 -0.70831448  2.85703348]
2.5338079999980785	[ 3.10355525 -0.70732123  2.85698209]
2.5338099999980783	[ 3.10350568 -0.70632147  2.85692643]
2.533811999998078	[ 3.10345151 -0.70531518  2.85686654]
2.533813999998078	[ 3.10339274 -0.70430236  2.85680243]
2.533815999998078	[ 3.1033294  -0.703283    2.85673411]
2.5338179999980777	[ 3.10326149 -0.7022571   2.85666158]
2.5338199999980775	[ 3.10318905 -0.70122464  2.85658489]
2.5338219999980773	[ 3.10311208 -0.70018563  2.85650403]
2.533823999998077	[ 3.1030306  -0.69914007  2.85641903]
2.533825999998077	[ 3.10294463 -0.69808794  2.85632989]
2.533827999998077	[ 3.10285419 -0.69702926  2.85623664]
2.5338299999980767	[ 3.10275929 -0.69596402  2.85613929]
2.5338319999980765	[ 3.10265997 -0.69489218  2.85603787]
2.5338339999980763	[ 3.10255623 -0.69381379  2.85593239]
2.533835999998076	[ 3.1024481  -0.69272882  2.85582286]
2.533837999998076	[ 3.1023356  -0.69163728  2.85570931]
2.533839999998076	[ 3.10221872 -0.69053919  2.85559173]
2.5338419999980757	[ 3.10209755 -0.68943447  2.8554702 ]
2.5338439999980755	[ 3.10197206 -0.6883232   2.85534469]
2.5338459999980754	[ 3.10184227 -0.68720535  2.85521523]
2.533847999998075	[ 3.10170822 -0.68608092  2.85508185]
2.533849999998075	[ 3.10156969 -0.68495038  2.85494434]
2.533851999998075	[ 3.10142742 -0.68381236  2.85480339]
2.5338539999980747	[ 3.10128072 -0.68266822  2.85465835]
2.5338559999980745	[ 3.10112983 -0.6815175   2.85450946]
2.5338579999980744	[ 3.1009748  -0.68036022  2.85435676]
2.533859999998074	[ 3.10081564 -0.67919638  2.85420024]
2.533861999998074	[ 3.10065239 -0.67802597  2.85403997]
2.533863999998074	[ 3.10048506 -0.676849    2.85387593]
2.5338659999980737	[ 3.10031366 -0.6756655   2.85370815]
2.5338679999980736	[ 3.10013827 -0.67447542  2.85353668]
2.5338699999980734	[ 3.09996121 -0.6732649   2.85336367]
2.533871999998073	[ 3.09977523 -0.67207541  2.85318247]
2.533873999998073	[ 3.09958789 -0.67086576  2.85299999]
2.533875999998073	[ 3.09939663 -0.66964957  2.8528139 ]
2.5338779999980727	[ 3.0992015  -0.66842683  2.85262425]
2.5338799999980726	[ 3.09900247 -0.66719762  2.85243099]
2.5338819999980724	[ 3.09879962 -0.66596189  2.85223421]
2.5338839999980722	[ 3.09859294 -0.66471967  2.85203391]
2.533885999998072	[ 3.09838243 -0.66347111  2.85183006]
2.533887999998072	[ 3.09816828 -0.6622158   2.85162286]
2.5338899999980717	[ 3.09795032 -0.66095417  2.85141214]
2.5338919999980716	[ 3.09772867 -0.65968609  2.85119802]
2.5338939999980714	[ 3.09750335 -0.65841156  2.85098051]
2.5338959999980712	[ 3.09727438 -0.65713061  2.85075963]
2.533897999998071	[ 3.09704179 -0.65584324  2.85053541]
2.533899999998071	[ 3.09680561 -0.65454947  2.85030787]
2.5339019999980708	[ 3.09656587 -0.65324931  2.85007705]
2.5339039999980706	[ 3.0963226  -0.65194278  2.84984296]
2.5339059999980704	[ 3.09607583 -0.65062988  2.84960565]
2.5339079999980703	[ 3.09582559 -0.64931064  2.84936512]
2.53390999999807	[ 3.09556438 -0.64799814  2.84911452]
2.53391199999807	[ 3.09531509 -0.64665321  2.84887481]
2.5339139999980698	[ 3.09505457 -0.64531515  2.84862478]
2.5339159999980696	[ 3.09479073 -0.64397068  2.84837168]
2.5339179999980694	[ 3.09452355 -0.64261995  2.8481155 ]
2.5339199999980693	[ 3.09425309 -0.64126298  2.84785628]
2.533921999998069	[ 3.09397947 -0.63989946  2.84759414]
2.533923999998069	[ 3.09370239 -0.63853038  2.84732879]
2.533925999998069	[ 3.09342221 -0.6371548   2.84706058]
2.5339279999980686	[ 3.09313886 -0.63577305  2.84678943]
2.5339299999980684	[ 3.09285237 -0.63438516  2.84651536]
2.5339319999980683	[ 3.09256275 -0.63299114  2.84623841]
2.533933999998068	[ 3.09227005 -0.63159102  2.8459586 ]
2.533935999998068	[ 3.0919743  -0.63018483  2.84567595]
2.533937999998068	[ 3.09167551 -0.62877259  2.8453905 ]
2.5339399999980676	[ 3.09137373 -0.62735431  2.84510227]
2.5339419999980675	[ 3.09106899 -0.62593003  2.8448113 ]
2.5339439999980673	[ 3.0907613  -0.62449977  2.84451759]
2.533945999998067	[ 3.09045071 -0.62306356  2.84422119]
2.533947999998067	[ 3.09013725 -0.6216214   2.84392212]
2.533949999998067	[ 3.08982093 -0.62017337  2.8436204 ]
2.5339519999980666	[ 3.08950754 -0.61871757  2.84332139]
2.5339539999980665	[ 3.08918001 -0.61725985  2.84300927]
2.5339559999980663	[ 3.08885534 -0.6157941   2.84269979]
2.533957999998066	[ 3.08852792 -0.61432273  2.84238777]
2.533959999998066	[ 3.08819781 -0.61284561  2.84207324]
2.533961999998066	[ 3.08786503 -0.61136275  2.84175622]
2.5339639999980657	[ 3.08752957 -0.6098742   2.84143672]
2.5339659999980655	[ 3.08720086 -0.60835796  2.84112336]
2.5339679999980653	[ 3.08685011 -0.60688026  2.84078977]
2.533969999998065	[ 3.08650722 -0.60537443  2.84046334]
2.533971999998065	[ 3.0861615  -0.60386342  2.84013428]
2.533973999998065	[ 3.0858133  -0.60234687  2.83980292]
2.5339759999980647	[ 3.08546262 -0.60082479  2.83946924]
2.5339779999980645	[ 3.08510951 -0.59929725  2.8391333 ]
2.5339799999980643	[ 3.08475399 -0.59776428  2.8387951 ]
2.533981999998064	[ 3.08439608 -0.5962259   2.83845468]
2.533983999998064	[ 3.08403581 -0.59468217  2.83811206]
2.533985999998064	[ 3.08367322 -0.59313311  2.83776726]
2.5339879999980637	[ 3.08330831 -0.59157876  2.83742031]
2.5339899999980635	[ 3.08294113 -0.59001916  2.83707124]
2.5339919999980633	[ 3.08257171 -0.58845434  2.83672006]
2.533993999998063	[ 3.08220006 -0.58688435  2.83636681]
2.533995999998063	[ 3.08182621 -0.58530923  2.8360115 ]
2.533997999998063	[ 3.0814502  -0.58372901  2.83565416]
2.5339999999980627	[ 3.08107204 -0.58214373  2.83529482]
2.5340019999980625	[ 3.08069176 -0.58055344  2.83493349]
2.5340039999980624	[ 3.08030939 -0.57895818  2.83457021]
2.534005999998062	[ 3.07992496 -0.57735798  2.83420498]
2.534007999998062	[ 3.07953836 -0.57575289  2.83383774]
2.534009999998062	[ 3.07914999 -0.57414296  2.83346882]
2.5340119999980617	[ 3.07875951 -0.57252822  2.83309792]
2.5340139999980615	[ 3.07836705 -0.57090871  2.83272518]
2.5340159999980614	[ 3.07797266 -0.56928449  2.83235062]
2.534017999998061	[ 3.07757634 -0.56765559  2.83197425]
2.534019999998061	[ 3.07717814 -0.56602206  2.8315961 ]
2.534021999998061	[ 3.07677805 -0.56438395  2.83121619]
2.5340239999980607	[ 3.07637613 -0.5627413   2.83083454]
2.5340259999980606	[ 3.07597237 -0.56109415  2.83045117]
2.5340279999980604	[ 3.07556681 -0.55944256  2.83006611]
2.5340299999980602	[ 3.07515947 -0.55778656  2.82967937]
2.53403199999806	[ 3.07475038 -0.55612622  2.82929098]
2.53403399999806	[ 3.07433955 -0.55446157  2.82890095]
2.5340359999980597	[ 3.073927   -0.55279266  2.8285093 ]
2.5340379999980596	[ 3.07351276 -0.55111954  2.82811605]
2.5340399999980594	[ 3.07309511 -0.54944178  2.82771965]
2.5340419999980592	[ 3.07267927 -0.54776094  2.82732484]
2.534043999998059	[ 3.07226007 -0.5460755   2.82692691]
2.534045999998059	[ 3.07183927 -0.54438604  2.82652746]
2.5340479999980587	[ 3.07141687 -0.5426926   2.82612652]
2.5340499999980586	[ 3.07099284 -0.54099538  2.82572402]
2.5340519999980584	[ 3.07056739 -0.53929405  2.82532019]
2.5340539999980582	[ 3.07014034 -0.53758904  2.82491484]
2.534055999998058	[ 3.06971178 -0.53588026  2.82450805]
2.534057999998058	[ 3.06928172 -0.53416778  2.82409985]
2.5340599999980578	[ 3.06885019 -0.53245163  2.82369026]
2.5340619999980576	[ 3.06841719 -0.53073189  2.82327927]
2.5340639999980574	[ 3.06798276 -0.5290086   2.82286693]
2.5340659999980573	[ 3.0675469  -0.5272818   2.82245323]
2.534067999998057	[ 3.06710964 -0.52555156  2.8220382 ]
2.534069999998057	[ 3.06667098 -0.52381793  2.82162184]
2.5340719999980568	[ 3.06623096 -0.52208096  2.82120419]
2.5340739999980566	[ 3.06578958 -0.5203407   2.82078525]
2.5340759999980564	[ 3.06534685 -0.51859722  2.82036503]
2.5340779999980563	[ 3.0649028  -0.51685056  2.81994355]
2.534079999998056	[ 3.06445745 -0.51510079  2.81952082]
2.534081999998056	[ 3.0640108  -0.51334794  2.81909687]
2.534083999998056	[ 3.06356287 -0.51159208  2.8186717 ]
2.5340859999980556	[ 3.06311368 -0.50983326  2.81824532]
2.5340879999980555	[ 3.06266323 -0.50807156  2.81781776]
2.5340899999980553	[ 3.06221155 -0.506307    2.81738901]
2.534091999998055	[ 3.06175865 -0.50453965  2.8169591 ]
2.534093999998055	[ 3.06130453 -0.50276958  2.81652804]
2.534095999998055	[ 3.06084923 -0.50099682  2.81609584]
2.5340979999980546	[ 3.06039274 -0.49922146  2.81566251]
2.5340999999980545	[ 3.05993508 -0.49744353  2.81522807]
2.5341019999980543	[ 3.05947626 -0.49566309  2.81479252]
2.534103999998054	[ 3.0590163  -0.4938802   2.81435588]
2.534105999998054	[ 3.05855521 -0.49209492  2.81391816]
2.534107999998054	[ 3.05809299 -0.49030732  2.81347937]
2.5341099999980536	[ 3.05762967 -0.48851743  2.81303952]
2.5341119999980535	[ 3.05716524 -0.48672533  2.81259862]
2.5341139999980533	[ 3.05669973 -0.48493107  2.81215668]
2.534115999998053	[ 3.05623315 -0.48313471  2.81171371]
2.534117999998053	[ 3.05576549 -0.4813363   2.81126973]
2.534119999998053	[ 3.05529678 -0.4795359   2.81082473]
2.5341219999980527	[ 3.05482702 -0.47773359  2.81037873]
2.5341239999980525	[ 3.05435623 -0.4759294   2.80993175]
2.5341259999980523	[ 3.05388441 -0.4741234   2.80948378]
2.534127999998052	[ 3.05341157 -0.47231565  2.80903484]
2.534129999998052	[ 3.05293772 -0.47050621  2.80858494]
2.534131999998052	[ 3.05246287 -0.46869514  2.80813408]
2.5341339999980517	[ 3.05198703 -0.46688249  2.80768228]
2.5341359999980515	[ 3.0515102  -0.46506833  2.80722953]
2.5341379999980513	[ 3.05103241 -0.46325271  2.80677586]
2.534139999998051	[ 3.05055364 -0.4614357   2.80632126]
2.534141999998051	[ 3.05007186 -0.45962869  2.80586383]
2.534143999998051	[ 3.04959352 -0.45779767  2.80540959]
2.5341459999980507	[ 3.04911183 -0.45597695  2.8049522 ]
2.5341479999980505	[ 3.04862927 -0.45415495  2.80449399]
2.5341499999980504	[ 3.04814578 -0.45233185  2.80403488]
2.53415199999805	[ 3.04766136 -0.45050771  2.8035749 ]
2.53415399999805	[ 3.04717602 -0.44868259  2.80311403]
2.53415599999805	[ 3.04668978 -0.44685656  2.8026523 ]
2.5341579999980497	[ 3.04620262 -0.44502966  2.80218971]
2.5341599999980495	[ 3.04571457 -0.44320197  2.80172626]
2.5341619999980494	[ 3.04522562 -0.44137354  2.80126195]
2.534163999998049	[ 3.04473578 -0.43954443  2.80079681]
2.534165999998049	[ 3.04424506 -0.43771471  2.80033082]
2.534167999998049	[ 3.04375346 -0.43588442  2.799864  ]
2.5341699999980487	[ 3.04326099 -0.43405363  2.79939636]
2.5341719999980485	[ 3.04276764 -0.43222241  2.79892787]
2.5341739999980484	[ 3.04227343 -0.43039081  2.79845858]
2.534175999998048	[ 3.04177836 -0.42855889  2.79798847]
2.534177999998048	[ 3.04128243 -0.42672672  2.79751755]
2.534179999998048	[ 3.04078566 -0.42489434  2.79704582]
2.5341819999980477	[ 3.04028803 -0.42306183  2.7965733 ]
2.5341839999980476	[ 3.03978956 -0.42122924  2.79609997]
2.5341859999980474	[ 3.03929025 -0.41939664  2.79562585]
2.5341879999980472	[ 3.0387901  -0.41756408  2.79515094]
2.534189999998047	[ 3.03828912 -0.41573162  2.79467524]
2.534191999998047	[ 3.0377873  -0.41389933  2.79419876]
2.5341939999980467	[ 3.03728466 -0.41206726  2.79372151]
2.5341959999980466	[ 3.03678119 -0.41023548  2.79324347]
2.5341979999980464	[ 3.0362769  -0.40840404  2.79276466]
2.5341999999980462	[ 3.03577178 -0.406573    2.79228509]
2.534201999998046	[ 3.03526585 -0.40474244  2.79180474]
2.534203999998046	[ 3.0347591  -0.4029124   2.79132363]
2.5342059999980457	[ 3.03425154 -0.40108294  2.79084176]
2.5342079999980456	[ 3.03374316 -0.39925412  2.79035913]
2.5342099999980454	[ 3.03323403 -0.3974259   2.78987579]
2.5342119999980453	[ 3.03272398 -0.39559867  2.7893916 ]
2.534213999998045	[ 3.03221318 -0.39377216  2.7889067 ]
2.534215999998045	[ 3.03170157 -0.39194652  2.78842106]
2.5342179999980448	[ 3.03118915 -0.39012184  2.78793467]
2.5342199999980446	[ 3.03067593 -0.38829816  2.78744753]
2.5342219999980444	[ 3.03016191 -0.38647554  2.78695964]
2.5342239999980443	[ 3.02964708 -0.38465405  2.78647101]
2.534225999998044	[ 3.02913135 -0.38283394  2.78598155]
2.534227999998044	[ 3.02861503 -0.38101468  2.78549154]
2.5342299999980438	[ 3.02809781 -0.37919691  2.7850007 ]
2.5342319999980436	[ 3.02757978 -0.3773805   2.78450912]
2.5342339999980434	[ 3.02706099 -0.37556542  2.78401683]
2.5342359999980433	[ 3.02654132 -0.37375202  2.78352374]
2.534237999998043	[ 3.02602089 -0.37194006  2.78302995]
2.534239999998043	[ 3.02549966 -0.3701297   2.78253542]
2.534241999998043	[ 3.02497763 -0.368321    2.78204017]
2.5342439999980426	[ 3.0244548  -0.36651401  2.78154418]
2.5342459999980425	[ 3.02393117 -0.3647088   2.78104746]
2.5342479999980423	[ 3.02340673 -0.36290542  2.78055   ]
2.534249999998042	[ 3.0228815  -0.36110393  2.78005182]
2.534251999998042	[ 3.02235546 -0.3593044   2.77955291]
2.534253999998042	[ 3.02182861 -0.35750687  2.77905326]
2.5342559999980416	[ 3.02130097 -0.35571141  2.77855289]
2.5342579999980415	[ 3.02077251 -0.35391808  2.77805178]
2.5342599999980413	[ 3.02024324 -0.35212694  2.77754994]
2.534261999998041	[ 3.01971318 -0.35033802  2.77704738]
2.534263999998041	[ 3.0191823  -0.34855141  2.77654408]
2.534265999998041	[ 3.01865061 -0.34676716  2.77604006]
2.5342679999980406	[ 3.01811811 -0.34498531  2.7755353 ]
2.5342699999980405	[ 3.01758479 -0.34320594  2.77502981]
2.5342719999980403	[ 3.01705066 -0.3414291   2.77452358]
2.53427399999804	[ 3.01651571 -0.33965484  2.77401663]
2.53427599999804	[ 3.01597994 -0.33788322  2.77350893]
2.53427799999804	[ 3.01544334 -0.33611429  2.77300051]
2.5342799999980397	[ 3.01490593 -0.33434813  2.77249135]
2.5342819999980395	[ 3.01436769 -0.33258477  2.77198145]
2.5342839999980393	[ 3.01382862 -0.33082427  2.77147082]
2.534285999998039	[ 3.01328872 -0.3290667   2.77095945]
2.534287999998039	[ 3.01274799 -0.3273121   2.77044734]
2.534289999998039	[ 3.01220642 -0.32556055  2.76993448]
2.5342919999980387	[ 3.01166403 -0.32381206  2.76942089]
2.5342939999980385	[ 3.01112079 -0.32206672  2.76890655]
2.5342959999980383	[ 3.01057671 -0.32032458  2.76839147]
2.534297999998038	[ 3.01003179 -0.31858569  2.76787565]
2.534299999998038	[ 3.00948539 -0.31684845  2.76735852]
2.534301999998038	[ 3.00893936 -0.31511791  2.76684172]
2.5343039999980377	[ 3.0083919  -0.31338905  2.76632366]
2.5343059999980375	[ 3.00784357 -0.3116637   2.76580484]
2.5343079999980374	[ 3.00729439 -0.30994186  2.76528526]
2.534309999998037	[ 3.00674434 -0.3082236   2.76476493]
2.534311999998037	[ 3.00619343 -0.30650895  2.76424384]
2.534313999998037	[ 3.00564165 -0.30479798  2.76372199]
2.5343159999980367	[ 3.005089   -0.30309074  2.76319938]
2.5343179999980365	[ 3.00453548 -0.30138727  2.76267602]
2.5343199999980364	[ 3.00398109 -0.29968764  2.76215188]
2.534321999998036	[ 3.00342581 -0.29799188  2.76162698]
2.534323999998036	[ 3.00286966 -0.29630005  2.76110132]
2.534325999998036	[ 3.00231262 -0.2946122   2.76057488]
2.5343279999980357	[ 3.00175469 -0.29292839  2.76004767]
2.5343299999980355	[ 3.00119587 -0.29124865  2.75951969]
2.5343319999980354	[ 3.00063616 -0.289573    2.75899094]
2.534333999998035	[ 3.00007554 -0.2879016   2.75846139]
2.534335999998035	[ 2.99951403 -0.2862344   2.75793108]
2.534337999998035	[ 2.9989516  -0.28457146  2.75739997]
2.5343399999980347	[ 2.99838828 -0.28291284  2.75686809]
2.5343419999980346	[ 2.99782404 -0.28125859  2.75633542]
2.5343439999980344	[ 2.99725889 -0.27960875  2.75580196]
2.5343459999980342	[ 2.99669282 -0.27796339  2.75526771]
2.534347999998034	[ 2.99612583 -0.2763225   2.75473267]
2.534349999998034	[ 2.99555792 -0.27468618  2.75419684]
2.5343519999980337	[ 2.99498801 -0.27306312  2.75365915]
2.5343539999980336	[ 2.99441939 -0.27142728  2.75312285]
2.5343559999980334	[ 2.99384869 -0.26980484  2.75258462]
2.5343579999980332	[ 2.99327705 -0.26818717  2.75204559]
2.534359999998033	[ 2.99270447 -0.26657425  2.75150574]
2.534361999998033	[ 2.99213094 -0.26496616  2.75096508]
2.5343639999980327	[ 2.99155646 -0.26336291  2.75042362]
2.5343659999980326	[ 2.99098104 -0.26176456  2.74988134]
2.5343679999980324	[ 2.99040466 -0.26017115  2.74933825]
2.5343699999980323	[ 2.98982732 -0.2585827   2.74879434]
2.534371999998032	[ 2.98924903 -0.25699928  2.74824961]
2.534373999998032	[ 2.98866977 -0.2554209   2.74770406]
2.5343759999980318	[ 2.98808955 -0.25384762  2.74715769]
2.5343779999980316	[ 2.98750836 -0.25227947  2.74661049]
2.5343799999980314	[ 2.98692619 -0.25071649  2.74606247]
2.5343819999980313	[ 2.98634306 -0.2491587   2.74551361]
2.534383999998031	[ 2.98575894 -0.24760617  2.74496393]
2.534385999998031	[ 2.98517385 -0.2460589   2.74441341]
2.5343879999980308	[ 2.98458681 -0.24451737  2.7438612 ]
2.5343899999980306	[ 2.98400068 -0.24298038  2.74330985]
2.5343919999980304	[ 2.98341263 -0.24144914  2.74275682]
2.5343939999980303	[ 2.98282359 -0.23992331  2.74220295]
2.53439599999803	[ 2.98223355 -0.23840293  2.74164824]
2.53439799999803	[ 2.98164251 -0.23688802  2.74109268]
2.53439999999803	[ 2.98105048 -0.23537862  2.74053627]
2.5344019999980296	[ 2.98045745 -0.23387476  2.73997903]
2.5344039999980295	[ 2.9798634  -0.23237645  2.73942092]
2.5344059999980293	[ 2.97926836 -0.23088375  2.73886197]
2.534407999998029	[ 2.97867231 -0.22939667  2.73830217]
2.534409999998029	[ 2.97807525 -0.22791523  2.73774151]
2.534411999998029	[ 2.97747717 -0.22643948  2.73718   ]
2.5344139999980286	[ 2.97687808 -0.22496942  2.73661763]
2.5344159999980285	[ 2.97627798 -0.2235051   2.7360544 ]
2.5344179999980283	[ 2.97567682 -0.2220466   2.73549028]
2.534419999998028	[ 2.97507471 -0.22059373  2.73492537]
2.534421999998028	[ 2.97447155 -0.21914673  2.73435956]
2.534423999998028	[ 2.97386736 -0.21770556  2.73379289]
2.5344259999980276	[ 2.97326214 -0.21627023  2.73322535]
2.5344279999980275	[ 2.9726559  -0.21484076  2.73265695]
2.5344299999980273	[ 2.97204863 -0.21341718  2.73208768]
2.534431999998027	[ 2.97144034 -0.21199953  2.73151756]
2.534433999998027	[ 2.97083102 -0.21058776  2.73094656]
2.534435999998027	[ 2.97022066 -0.20918195  2.73037469]
2.5344379999980267	[ 2.96960927 -0.2077821   2.72980195]
2.5344399999980265	[ 2.96899685 -0.20638823  2.72922835]
2.5344419999980263	[ 2.96838339 -0.20500034  2.72865387]
2.534443999998026	[ 2.9677689  -0.20361846  2.72807852]
2.534445999998026	[ 2.96715337 -0.20224261  2.72750231]
2.534447999998026	[ 2.9665368  -0.20087278  2.72692522]
2.5344499999980257	[ 2.9659192  -0.19950901  2.72634726]
2.5344519999980255	[ 2.96530056 -0.19815128  2.72576843]
2.5344539999980253	[ 2.96468089 -0.19679963  2.72518872]
2.534455999998025	[ 2.96406017 -0.19545405  2.72460815]
2.534457999998025	[ 2.96343842 -0.19411456  2.7240267 ]
2.534459999998025	[ 2.96281562 -0.19278116  2.72344438]
2.5344619999980247	[ 2.96219179 -0.19145389  2.72286119]
2.5344639999980245	[ 2.96156693 -0.19013271  2.72227712]
2.5344659999980244	[ 2.96094102 -0.18881765  2.72169219]
2.534467999998024	[ 2.96031407 -0.18750872  2.72110638]
2.534469999998024	[ 2.95968608 -0.18620591  2.7205197 ]
2.534471999998024	[ 2.95905706 -0.18490924  2.71993215]
2.5344739999980237	[ 2.958427   -0.1836187   2.71934373]
2.5344759999980235	[ 2.95779591 -0.1823343   2.71875444]
2.5344779999980234	[ 2.95716377 -0.18105603  2.71816428]
2.534479999998023	[ 2.95653061 -0.17978391  2.71757325]
2.534481999998023	[ 2.9558964  -0.17851792  2.71698135]
2.534483999998023	[ 2.95526116 -0.17725808  2.71638859]
2.5344859999980227	[ 2.95462489 -0.17600437  2.71579496]
2.5344879999980225	[ 2.95398758 -0.17475679  2.71520046]
2.5344899999980224	[ 2.95334925 -0.17351535  2.7146051 ]
2.534491999998022	[ 2.95270988 -0.17228003  2.71400887]
2.534493999998022	[ 2.95206948 -0.17105084  2.71341178]
2.534495999998022	[ 2.95142805 -0.16982777  2.71281382]
2.5344979999980217	[ 2.9507856  -0.1686108   2.71221501]
2.5344999999980216	[ 2.95014212 -0.16739995  2.71161533]
2.5345019999980214	[ 2.94949762 -0.1661952   2.71101481]
2.5345039999980212	[ 2.94885207 -0.16499651  2.7104134 ]
2.534505999998021	[ 2.94820552 -0.16380392  2.70981115]
2.534507999998021	[ 2.94755794 -0.1626174   2.70920804]
2.5345099999980207	[ 2.94690934 -0.16143694  2.70860408]
2.5345119999980206	[ 2.94625972 -0.16026252  2.70799926]
2.5345139999980204	[ 2.94560909 -0.15909415  2.70739359]
2.5345159999980202	[ 2.94495744 -0.15793179  2.70678707]
2.53451799999802	[ 2.94430477 -0.15677545  2.70617969]
2.53451999999802	[ 2.94365109 -0.1556251   2.70557147]
2.5345219999980197	[ 2.94299639 -0.15448073  2.7049624 ]
2.5345239999980196	[ 2.94234069 -0.15334233  2.70435248]
2.5345259999980194	[ 2.94168397 -0.15220989  2.70374171]
2.5345279999980193	[ 2.94102624 -0.15108336  2.7031301 ]
2.534529999998019	[ 2.94036751 -0.14996276  2.70251765]
2.534531999998019	[ 2.93970777 -0.14884806  2.70190435]
2.5345339999980188	[ 2.93904703 -0.14773923  2.70129021]
2.5345359999980186	[ 2.93838602 -0.14663621  2.70067589]
2.5345379999980184	[ 2.93772258 -0.14553912  2.70005945]
2.5345399999980183	[ 2.93705882 -0.14444781  2.69944278]
2.534541999998018	[ 2.93639407 -0.14336228  2.69882529]
2.534543999998018	[ 2.93572832 -0.14228255  2.69820695]
2.5345459999980178	[ 2.93506156 -0.14120858  2.69758777]
2.5345479999980176	[ 2.93439381 -0.14014034  2.69696776]
2.5345499999980174	[ 2.93372507 -0.1390778   2.69634692]
2.5345519999980173	[ 2.93305533 -0.13802095  2.69572524]
2.534553999998017	[ 2.9323846  -0.13696975  2.69510273]
2.534555999998017	[ 2.93171287 -0.13592419  2.69447939]
2.534557999998017	[ 2.93104014 -0.13488423  2.69385521]
2.5345599999980166	[ 2.93036643 -0.13384986  2.6932302 ]
2.5345619999980165	[ 2.92969172 -0.13282104  2.69260436]
2.5345639999980163	[ 2.92901601 -0.13179776  2.69197768]
2.534565999998016	[ 2.92833933 -0.13077996  2.69135019]
2.534567999998016	[ 2.92766165 -0.12976764  2.69072185]
2.534569999998016	[ 2.92698297 -0.12876077  2.69009268]
2.5345719999980156	[ 2.9263033  -0.12775931  2.68946268]
2.5345739999980155	[ 2.92562265 -0.12676323  2.68883185]
2.5345759999980153	[ 2.92494099 -0.12577251  2.68820018]
2.534577999998015	[ 2.92425835 -0.12478711  2.68756769]
2.534579999998015	[ 2.92357471 -0.123807    2.68693435]
2.534581999998015	[ 2.92289007 -0.12283216  2.68630018]
2.5345839999980146	[ 2.92220444 -0.12186255  2.68566518]
2.5345859999980145	[ 2.92151781 -0.12089813  2.68502934]
2.5345879999980143	[ 2.92083019 -0.11993888  2.68439266]
2.534589999998014	[ 2.92014157 -0.11898477  2.68375514]
2.534591999998014	[ 2.91945194 -0.11803575  2.68311678]
2.534593999998014	[ 2.91876131 -0.1170918   2.68247757]
2.5345959999980137	[ 2.91806968 -0.11615288  2.68183752]
2.5345979999980135	[ 2.91737705 -0.11521896  2.68119663]
2.5345999999980133	[ 2.9166834  -0.11429     2.68055489]
2.534601999998013	[ 2.91598874 -0.11336598  2.67991229]
2.534603999998013	[ 2.91529307 -0.11244685  2.67926884]
2.534605999998013	[ 2.91459648 -0.11153201  2.67862462]
2.5346079999980127	[ 2.91389867 -0.11062312  2.67797936]
2.5346099999980125	[ 2.91319995 -0.10971845  2.67733334]
2.5346119999980123	[ 2.9125002  -0.10881853  2.67668645]
2.534613999998012	[ 2.91179942 -0.10792333  2.67603869]
2.534615999998012	[ 2.91110106 -0.10702549  2.67539323]
2.534617999998012	[ 2.9103945  -0.10614686  2.67474032]
2.5346199999980117	[ 2.90969062 -0.10526555  2.67408994]
2.5346219999980115	[ 2.90898569 -0.10438884  2.67343867]
2.5346239999980114	[ 2.90827971 -0.10351665  2.67278651]
2.534625999998011	[ 2.90757268 -0.10264895  2.67213347]
2.534627999998011	[ 2.90686459 -0.1017857   2.67147952]
2.534629999998011	[ 2.90615544 -0.10092686  2.67082467]
2.5346319999980107	[ 2.90544521 -0.1000724   2.67016892]
2.5346339999980105	[ 2.90473392 -0.09922228  2.66951225]
2.5346359999980104	[ 2.90402154 -0.09837646  2.66885467]
2.53463799999801	[ 2.90330808 -0.09753489  2.66819616]
2.53463999999801	[ 2.90259353 -0.09669755  2.66753673]
2.53464199999801	[ 2.90187789 -0.09586439  2.66687636]
2.5346439999980097	[ 2.9011611  -0.09503535  2.66621502]
2.5346459999980095	[ 2.90044327 -0.09421045  2.66555279]
2.5346479999980094	[ 2.8997243  -0.0933896   2.66488958]
2.534649999998009	[ 2.8990042  -0.09257277  2.66422541]
2.534651999998009	[ 2.89828296 -0.09175992  2.66356028]
2.534653999998009	[ 2.89756059 -0.09095102  2.66289417]
2.5346559999980087	[ 2.89683708 -0.09014603  2.66222707]
2.5346579999980086	[ 2.89611241 -0.08934489  2.66155899]
2.5346599999980084	[ 2.89538658 -0.08854759  2.66088991]
2.5346619999980082	[ 2.89465958 -0.08775406  2.66021983]
2.534663999998008	[ 2.8939314  -0.08696429  2.65954874]
2.534665999998008	[ 2.89320203 -0.08617822  2.65887662]
2.5346679999980077	[ 2.89247148 -0.08539581  2.65820348]
2.5346699999980076	[ 2.89173971 -0.08461703  2.6575293 ]
2.5346719999980074	[ 2.89100674 -0.08384182  2.65685407]
2.5346739999980072	[ 2.89027254 -0.08307017  2.65617779]
2.534675999998007	[ 2.88953712 -0.08230202  2.65550045]
2.534677999998007	[ 2.88880045 -0.08153733  2.65482203]
2.5346799999980067	[ 2.88806253 -0.08077606  2.65414253]
2.5346819999980066	[ 2.88732335 -0.08001817  2.65346194]
2.5346839999980064	[ 2.8865829  -0.07926364  2.65278024]
2.5346859999980063	[ 2.88584118 -0.07851239  2.65209745]
2.534687999998006	[ 2.88509816 -0.0777644   2.65141353]
2.534689999998006	[ 2.8843498  -0.07702544  2.65072475]
2.5346919999980058	[ 2.88360841 -0.07627813  2.65004246]
2.5346939999980056	[ 2.88286146 -0.07553969  2.64935511]
2.5346959999980054	[ 2.88211318 -0.07480435  2.64866661]
2.5346979999980053	[ 2.88136356 -0.07407207  2.64797694]
2.534699999998005	[ 2.88061259 -0.0733428   2.64728608]
2.534701999998005	[ 2.87986026 -0.07261651  2.64659403]
2.5347039999980048	[ 2.87910654 -0.07189317  2.64590078]
2.5347059999980046	[ 2.87835145 -0.07117271  2.64520632]
2.5347079999980044	[ 2.87759496 -0.07045512  2.64451064]
2.5347099999980043	[ 2.87683859 -0.06974103  2.64381515]
2.534711999998004	[ 2.87607776 -0.06902834  2.64311557]
2.534713999998004	[ 2.87531702 -0.06831906  2.64241615]
2.534715999998004	[ 2.87455895 -0.06760518  2.64171927]
2.5347179999980036	[ 2.87379106 -0.06690846  2.64101337]
2.5347199999980035	[ 2.87302596 -0.06620715  2.64031012]
2.5347219999980033	[ 2.87225938 -0.06550842  2.63960556]
2.534723999998003	[ 2.87149131 -0.06481224  2.63889969]
2.534725999998003	[ 2.87072174 -0.06411855  2.63819249]
2.534727999998003	[ 2.86995067 -0.06342731  2.63748397]
2.5347299999980026	[ 2.86917808 -0.06273849  2.6367741 ]
2.5347319999980025	[ 2.86840395 -0.06205205  2.63606287]
2.5347339999980023	[ 2.86762828 -0.06136795  2.63535027]
2.534735999998002	[ 2.86685107 -0.06068613  2.63463631]
2.534737999998002	[ 2.86607228 -0.06000658  2.63392096]
2.534739999998002	[ 2.86529193 -0.05932923  2.63320421]
2.5347419999980016	[ 2.86450998 -0.05865408  2.63248604]
2.5347439999980015	[ 2.86372643 -0.05798106  2.63176645]
2.5347459999980013	[ 2.86294128 -0.05731013  2.63104543]
2.534747999998001	[ 2.86215451 -0.05664127  2.63032297]
2.534749999998001	[ 2.86136611 -0.05597443  2.62959906]
2.534751999998001	[ 2.86057607 -0.05530958  2.62887369]
2.5347539999980007	[ 2.85978437 -0.05464665  2.62814683]
2.5347559999980005	[ 2.85899102 -0.05398562  2.62741851]
2.5347579999980003	[ 2.858196   -0.05332646  2.62668869]
2.534759999998	[ 2.85739929 -0.05266914  2.62595736]
2.534761999998	[ 2.85660089 -0.05201358  2.62522452]
2.534763999998	[ 2.8558008  -0.05135978  2.62449016]
2.5347659999979997	[ 2.85499898 -0.05070768  2.62375425]
2.5347679999979995	[ 2.85419546 -0.05005725  2.62301682]
2.5347699999979993	[ 2.8533902  -0.04940845  2.62227784]
2.534771999997999	[ 2.85258321 -0.04876123  2.62153729]
2.534773999997999	[ 2.85177447 -0.04811557  2.62079517]
2.534775999997999	[ 2.85096397 -0.04747142  2.62005147]
2.5347779999979987	[ 2.8501517  -0.04682875  2.61930619]
2.5347799999979985	[ 2.84933768 -0.0461875   2.61855932]
2.5347819999979984	[ 2.84852186 -0.04554775  2.61781083]
2.534783999997998	[ 2.84770428 -0.04490917  2.61706076]
2.534785999997998	[ 2.84688488 -0.044272    2.61630905]
2.534787999997998	[ 2.84606368 -0.04363612  2.61555572]
2.5347899999979977	[ 2.84523732 -0.04301002  2.61479767]
2.5347919999979975	[ 2.84441596 -0.04236812  2.61404426]
2.5347939999979974	[ 2.84358932 -0.04173585  2.613286  ]
2.534795999997997	[ 2.84276084 -0.0411047   2.6125261 ]
2.534797999997997	[ 2.84193054 -0.04047465  2.61176454]
2.534799999997997	[ 2.84109839 -0.03984565  2.61100131]
2.5348019999979967	[ 2.84026439 -0.03921767  2.61023641]
2.5348039999979965	[ 2.83942855 -0.03859066  2.60946984]
2.5348059999979964	[ 2.83858878 -0.03796728  2.60869969]
2.534807999997996	[ 2.83775135 -0.03733944  2.6079317 ]
2.534809999997996	[ 2.83690992 -0.03671514  2.60716006]
2.534811999997996	[ 2.83606662 -0.03609167  2.60638673]
2.5348139999979957	[ 2.83522145 -0.03546899  2.6056117 ]
2.5348159999979956	[ 2.83437433 -0.03485016  2.60483487]
2.5348179999979954	[ 2.83352576 -0.03422582  2.60405676]
2.5348199999979952	[ 2.83267494 -0.03360528  2.6032766 ]
2.534821999997995	[ 2.83182225 -0.03298539  2.60249472]
2.534823999997995	[ 2.83096769 -0.03236609  2.60171115]
2.5348259999979947	[ 2.83011122 -0.03174738  2.60092585]
2.5348279999979946	[ 2.82925288 -0.03112918  2.60013883]
2.5348299999979944	[ 2.82839265 -0.03051148  2.59935009]
2.5348319999979942	[ 2.82753052 -0.02989426  2.59855962]
2.534833999997994	[ 2.82666651 -0.02927743  2.59776743]
2.534835999997994	[ 2.8258006  -0.02866101  2.59697352]
2.5348379999979938	[ 2.82493282 -0.02804492  2.59617788]
2.5348399999979936	[ 2.82406313 -0.02742918  2.59538051]
2.5348419999979934	[ 2.82319156 -0.0268137   2.59458142]
2.5348439999979933	[ 2.8223181  -0.02619847  2.59378061]
2.534845999997993	[ 2.82144277 -0.02558345  2.59297808]
2.534847999997993	[ 2.82057323 -0.0249653   2.59218079]
2.5348499999979928	[ 2.81968613 -0.02435372  2.59136754]
2.5348519999979926	[ 2.81880515 -0.02373916  2.59055985]
2.5348539999979924	[ 2.8179223  -0.02312463  2.58975043]
2.5348559999979923	[ 2.81703758 -0.02251016  2.58893931]
2.534857999997992	[ 2.81615101 -0.02189567  2.58812647]
2.534859999997992	[ 2.81526257 -0.02128114  2.58731193]
2.5348619999979918	[ 2.81437227 -0.02066659  2.58649569]
2.5348639999979916	[ 2.81348012 -0.02005192  2.58567774]
2.5348659999979914	[ 2.81258614 -0.01943711  2.58485811]
2.5348679999979913	[ 2.81169033 -0.01882211  2.5840368 ]
2.534869999997991	[ 2.81079266 -0.01820697  2.58321377]
2.534871999997991	[ 2.80989318 -0.01759157  2.58238908]
2.534873999997991	[ 2.80899188 -0.01697592  2.58156273]
2.5348759999979906	[ 2.80808877 -0.01635996  2.5807347 ]
2.5348779999979905	[ 2.80718387 -0.01574368  2.57990501]
2.5348799999979903	[ 2.80628003 -0.0151237   2.57907631]
2.53488199999799	[ 2.80536866 -0.0145099   2.57824068]
2.53488399999799	[ 2.80445838 -0.01389246  2.57740604]
2.53488599999799	[ 2.80354637 -0.01327458  2.5765698 ]
2.5348879999979896	[ 2.80263258 -0.0126562   2.57573192]
2.5348899999979895	[ 2.80171704 -0.01203732  2.57489242]
2.5348919999979893	[ 2.80079978 -0.01141789  2.57405134]
2.534893999997989	[ 2.79988078 -0.01079789  2.57320865]
2.534895999997989	[ 2.79896008 -0.01017729  2.57236437]
2.534897999997989	[ 2.79803767 -0.00955606  2.57151852]
2.5348999999979887	[ 2.79711357 -0.00893417  2.57067111]
2.5349019999979885	[ 2.79618779 -0.00831161  2.56982214]
2.5349039999979883	[ 2.79526036 -0.00768831  2.56897164]
2.534905999997988	[ 2.79433127 -0.00706428  2.56811959]
2.534907999997988	[ 2.79340053 -0.00643947  2.56726602]
2.534909999997988	[ 2.79246817 -0.00581388  2.56641095]
2.5349119999979877	[ 2.79153499 -0.00518734  2.5655551 ]
2.5349139999979875	[ 2.79059868 -0.00456012  2.56469636]
2.5349159999979873	[ 2.78966154 -0.00393198  2.56383684]
2.534917999997987	[ 2.78872283 -0.00330293  2.56297586]
2.534919999997987	[ 2.78778258e+00 -2.67292920e-03  2.56211345e+00]
2.534921999997987	[ 2.78684078e+00 -2.04197604e-03  2.56124959e+00]
2.5349239999979867	[ 2.78589747e+00 -1.41004822e-03  2.56038432e+00]
2.5349259999979865	[ 2.78495265e+00 -7.77114968e-04  2.55951765e+00]
2.5349279999979863	[ 2.78400635e+00 -1.43151845e-04  2.55864960e+00]
2.534929999997986	[2.78305859e+00 4.91865273e-04 2.55778017e+00]
2.534931999997986	[2.78210937e+00 1.12795589e-03 2.55690939e+00]
2.534933999997986	[2.78115871e+00 1.76515337e-03 2.55603727e+00]
2.5349359999979857	[2.78020665e+00 2.40347668e-03 2.55516383e+00]
2.5349379999979855	[2.77925319 0.00304295 2.55428908]
2.5349399999979854	[2.77829835 0.00368358 2.55341303]
2.534941999997985	[2.77734215 0.00432541 2.55253571]
2.534943999997985	[2.77638461 0.00496845 2.55165714]
2.534945999997985	[2.77542572 0.00561274 2.5507773 ]
2.5349479999979847	[2.77446558 0.00625826 2.54989628]
2.5349499999979845	[2.77348697 0.00688677 2.54899836]
2.5349519999979844	[2.77254181 0.00755272 2.54813095]
2.534953999997984	[2.77157786 0.00820212 2.54724635]
2.534955999997984	[2.77061271 0.00885288 2.5463606 ]
2.534957999997984	[2.76964635 0.00950499 2.54547373]
2.5349599999979837	[2.76867882 0.01015848 2.54458574]
2.5349619999979836	[2.76771014 0.01081336 2.54369666]
2.5349639999979834	[2.76674032 0.01146966 2.54280651]
2.534965999997983	[2.76576939 0.01212738 2.54191531]
2.534967999997983	[2.76479736 0.01278655 2.54102306]
2.534969999997983	[2.76382429 0.01344719 2.54012982]
2.5349719999979827	[2.76285015 0.01410931 2.53923558]
2.5349739999979826	[2.76187501 0.01477293 2.53834036]
2.5349759999979824	[2.76089886 0.01543807 2.5374442 ]
2.5349779999979822	[2.75992174 0.01610474 2.53654711]
2.534979999997982	[2.75894367 0.01677296 2.5356491 ]
2.534981999997982	[2.75796847 0.01744619 2.53475369]
2.5349839999979817	[2.75698495 0.01811436 2.53385061]
2.5349859999979816	[2.75600418 0.01878734 2.53295003]
2.5349879999979814	[2.75502256 0.01946191 2.53204861]
2.5349899999979812	[2.7540401  0.02013811 2.53114639]
2.534991999997981	[2.75303713 0.02078807 2.53022527]
2.534993999997981	[2.75207287 0.02149497 2.52933972]
2.5349959999979808	[2.75108809 0.02217613 2.52843525]
2.5349979999979806	[2.75010263 0.02285887 2.52753012]
2.5349999999979804	[2.74911634 0.02354346 2.52662419]
2.5350019999979803	[2.74812944 0.02422967 2.52571765]
2.53500399999798	[2.74714189 0.02491761 2.52481048]
2.53500599999798	[2.74615371 0.02560728 2.52390269]
2.5350079999979798	[2.74516493 0.02629869 2.52299431]
2.5350099999979796	[2.74417558 0.02699185 2.52208537]
2.5350119999979794	[2.74318569 0.02768677 2.52117589]
2.5350139999979793	[2.74219526 0.02838348 2.52026587]
2.535015999997979	[2.74120435 0.02908196 2.51935536]
2.535017999997979	[2.74021297 0.02978228 2.51844438]
2.535019999997979	[2.73922115 0.03048439 2.51753296]
2.5350219999979786	[2.73822893 0.03118831 2.51662112]
2.5350239999979784	[2.7372363  0.03189408 2.51570887]
2.5350259999979783	[2.73624333 0.03260168 2.51479626]
2.535027999997978	[2.73525002 0.03331114 2.5138833 ]
2.535029999997978	[2.73425641 0.03402247 2.51297001]
2.535031999997978	[2.73326252 0.03473566 2.51205643]
2.5350339999979776	[2.73226838 0.03545074 2.51114257]
2.5350359999979775	[2.73127402 0.03616772 2.51022847]
2.5350379999979773	[2.73028032 0.03688338 2.50931497]
2.535039999997977	[2.72928504 0.03760738 2.50839989]
2.535041999997977	[2.72829019 0.03833009 2.5074852 ]
2.535043999997977	[2.72729522 0.03905475 2.50657036]
2.5350459999979766	[2.72630017 0.03978134 2.5056554 ]
2.5350479999979765	[2.72532796 0.04057007 2.50476134]
2.5350499999979763	[2.72430843 0.04124021 2.50382383]
2.535051999997976	[2.72330345 0.04195732 2.50289961]
2.535053999997976	[2.72231885 0.04270743 2.50199407]
2.535055999997976	[2.72132378 0.04344368 2.50107886]
2.5350579999979757	[2.72032887 0.04418211 2.50016376]
2.5350599999979755	[2.71933409 0.04492253 2.49924873]
2.5350619999979753	[2.71833943 0.04566499 2.49833376]
2.535063999997975	[2.71734494 0.04640946 2.49741891]
2.535065999997975	[2.71635065 0.04715594 2.49650419]
2.535067999997975	[2.71535661 0.04790437 2.49558965]
2.5350699999979747	[2.71436275 0.04865489 2.49467524]
2.5350719999979745	[2.7133693  0.04940763 2.49376115]
2.5350739999979743	[2.7123761  0.0501623  2.49284725]
2.535075999997974	[2.71138326 0.05091903 2.49193363]
2.535077999997974	[2.71039077 0.05167784 2.4910203 ]
2.535079999997974	[2.7093987  0.05243874 2.49010729]
2.5350819999979737	[2.70840705 0.05320172 2.48919464]
2.5350839999979735	[2.70741587 0.0539668  2.48828236]
2.5350859999979733	[2.70642517 0.054734   2.48737048]
2.535087999997973	[2.705435   0.05550331 2.48645904]
2.535089999997973	[2.70444537 0.05627475 2.48554805]
2.535091999997973	[2.70345631 0.05704832 2.48463754]
2.5350939999979727	[2.70246786 0.05782403 2.48372754]
2.5350959999979725	[2.70148016 0.05860244 2.48281819]
2.5350979999979724	[2.70049288 0.05938194 2.48190918]
2.535099999997972	[2.69950641 0.06016413 2.48100087]
2.535101999997972	[2.69852066 0.06094852 2.48009317]
2.535103999997972	[2.69753567 0.06173508 2.47918612]
2.5351059999979717	[2.69655145 0.06252384 2.47827973]
2.5351079999979715	[2.69556805 0.06331475 2.47737405]
2.5351099999979714	[2.69458547 0.06410805 2.47646909]
2.535111999997971	[2.69360367 0.06490329 2.47556479]
2.535113999997971	[2.6926229  0.06570106 2.47466139]
2.535115999997971	[2.69164286 0.06650059 2.47375862]
2.5351179999979707	[2.69066402 0.06730308 2.4728569 ]
2.5351199999979706	[2.68968603 0.0681075  2.47195592]
2.5351219999979704	[2.68870904 0.06891419 2.47105582]
2.5351239999979702	[2.68773309 0.06972317 2.47015663]
2.53512599999797	[2.6867582  0.07053445 2.46925836]
2.53512799999797	[2.68578439 0.07134805 2.46836105]
2.5351299999979697	[2.68481171 0.07216397 2.46746473]
2.5351319999979696	[2.68384016 0.07298221 2.4665694 ]
2.5351339999979694	[2.68286979 0.07380281 2.46567511]
2.5351359999979692	[2.68190062 0.07462576 2.46478188]
2.535137999997969	[2.68093268 0.07545108 2.46388974]
2.535139999997969	[2.679966   0.07627879 2.4629987 ]
2.5351419999979687	[2.67900059 0.07710889 2.46210881]
2.5351439999979686	[2.6780365  0.0779414  2.46122007]
2.5351459999979684	[2.67707374 0.07877631 2.46033251]
2.5351479999979682	[2.67611236 0.07961369 2.45944618]
2.535149999997968	[2.67515235 0.0804535  2.45856107]
2.535151999997968	[2.67419377 0.08129579 2.45767722]
2.5351539999979678	[2.67323664 0.08214053 2.45679466]
2.5351559999979676	[2.67228096 0.08298776 2.4559134 ]
2.5351579999979674	[2.67132679 0.08383751 2.45503348]
2.5351599999979673	[2.67037413 0.08468976 2.45415492]
2.535161999997967	[2.66942466 0.08554563 2.45327923]
2.535163999997967	[2.66847354 0.08640201 2.45240199]
2.5351659999979668	[2.66752561 0.08726193 2.45152764]
2.5351679999979666	[2.66657927 0.08812435 2.45065471]
2.5351699999979664	[2.6656346  0.08898948 2.44978329]
2.5351719999979663	[2.6646916  0.08985716 2.44891335]
2.535173999997966	[2.6637503  0.09072745 2.44804493]
2.535175999997966	[2.66281071 0.0916004  2.44717804]
2.535177999997966	[2.66188274 0.09249594 2.44632179]
2.5351799999979656	[2.6609364  0.09335434 2.44544863]
2.5351819999979655	[2.66000218 0.09423545 2.44458657]
2.5351839999979653	[2.65906972 0.09511909 2.44372608]
2.535185999997965	[2.65813864 0.09600332 2.44286681]
2.535187999997965	[2.65721038 0.09689457 2.44201012]
2.535189999997965	[2.65628349 0.09778643 2.44115463]
2.5351919999979646	[2.65535851 0.09868105 2.44030086]
2.5351939999979645	[2.65443545 0.09957845 2.43944883]
2.5351959999979643	[2.65351434 0.10047864 2.43859854]
2.535197999997964	[2.65259519 0.10138167 2.43775003]
2.535199999997964	[2.65167803 0.10228753 2.43690331]
2.535201999997964	[2.65076288 0.10319624 2.43605839]
2.5352039999979636	[2.64984976 0.10410782 2.43521531]
2.5352059999979635	[2.6489387  0.1050223  2.43437408]
2.5352079999979633	[2.64802969 0.10593968 2.43353471]
2.535209999997963	[2.64712278 0.10685999 2.43269723]
2.535211999997963	[2.64621798 0.10778324 2.43186166]
2.535213999997963	[2.6453153  0.10870945 2.431028  ]
2.5352159999979627	[2.64441474 0.10963862 2.43019626]
2.5352179999979625	[2.6435164  0.11057085 2.42936652]
2.5352199999979623	[2.64262021 0.11150606 2.42853873]
2.535221999997962	[2.64172623 0.11244432 2.42771293]
2.535223999997962	[2.64083445 0.11338563 2.42688913]
2.535225999997962	[2.6399449  0.11433001 2.42606735]
2.5352279999979617	[2.63905761 0.11527749 2.42524761]
2.5352299999979615	[2.63817258 0.11622809 2.42442991]
2.5352319999979613	[2.63728982 0.11718181 2.42361428]
2.535233999997961	[2.63640936 0.11813869 2.42280073]
2.535235999997961	[2.63553121 0.11909874 2.42198927]
2.535237999997961	[2.63465537 0.12006197 2.42117991]
2.5352399999979607	[2.63378188 0.12102841 2.42037267]
2.5352419999979605	[2.63291072 0.12199808 2.41956755]
2.5352439999979604	[2.63204195 0.12297101 2.4187646 ]
2.53524599999796	[2.63117552 0.12394717 2.41796378]
2.53524799999796	[2.6303115  0.12492662 2.41716513]
2.53524999999796	[2.62944986 0.12590938 2.41636866]
2.5352519999979597	[2.62859062 0.12689546 2.41557436]
2.5352539999979595	[2.62773382 0.12788487 2.41478228]
2.5352559999979594	[2.62687939 0.12887764 2.41399235]
2.535257999997959	[2.62602749 0.12987379 2.41320472]
2.535259999997959	[2.625178   0.13087333 2.41241928]
2.535261999997959	[2.62433095 0.13187627 2.41163606]
2.5352639999979587	[2.62348637 0.13288264 2.41085509]
2.5352659999979585	[2.62264426 0.13389247 2.41007637]
2.5352679999979584	[2.62180462 0.13490576 2.4092999 ]
2.535269999997958	[2.62096878 0.13591435 2.40852687]
2.535271999997958	[2.62013248 0.13694216 2.40775343]
2.535273999997958	[2.61930043 0.13796613 2.40698387]
2.5352759999979577	[2.61847075 0.1389934  2.40621647]
2.5352779999979576	[2.61764358 0.14002422 2.40545134]
2.5352799999979574	[2.61681892 0.1410586  2.4046885 ]
2.5352819999979572	[2.61599676 0.14209657 2.40392795]
2.535283999997957	[2.61517714 0.14313813 2.40316971]
2.535285999997957	[2.61436001 0.14418331 2.40241374]
2.5352879999979567	[2.61354541 0.14523214 2.40166008]
2.5352899999979566	[2.61273335 0.14628456 2.40090874]
2.5352919999979564	[2.6119238  0.14734068 2.40015967]
2.5352939999979562	[2.61111678 0.14840048 2.39941293]
2.535295999997956	[2.61031228 0.14946397 2.39866848]
2.535297999997956	[2.60951032 0.15053119 2.39792635]
2.5352999999979557	[2.60871028 0.1516003  2.39718597]
2.5353019999979556	[2.60791401 0.15267685 2.39644905]
2.5353039999979554	[2.60711961 0.1537553  2.39571382]
2.5353059999979553	[2.60632775 0.15483746 2.39498092]
2.535307999997955	[2.60553836 0.15592336 2.39425027]
2.535309999997955	[2.60475237 0.15701502 2.39352275]
2.5353119999979548	[2.60396715 0.15810658 2.3927959 ]
2.5353139999979546	[2.60318527 0.15920382 2.39207212]
2.5353159999979544	[2.60240591 0.16030488 2.39135063]
2.5353179999979543	[2.601629  0.1614098 2.3906314]
2.535319999997954	[2.60085458 0.16251853 2.38991444]
2.535321999997954	[2.60008263 0.16363108 2.38919974]
2.5353239999979538	[2.59931313 0.16474747 2.38848729]
2.5353259999979536	[2.59854613 0.16586773 2.38777711]
2.5353279999979534	[2.59778157 0.16699187 2.38706918]
2.5353299999979533	[2.59701945 0.16811991 2.38636348]
2.535331999997953	[2.59625978 0.16925183 2.38566002]
2.535333999997953	[2.595492   0.17036498 2.38494909]
2.535335999997953	[2.59474793 0.17152703 2.38425997]
2.5353379999979526	[2.59399598 0.17267218 2.38356359]
2.5353399999979525	[2.59324586 0.17381911 2.38286888]
2.5353419999979523	[2.59249834 0.17497088 2.38217656]
2.535343999997952	[2.59175318 0.17612659 2.3814864 ]
2.535345999997952	[2.59101035 0.17728621 2.38079838]
2.535347999997952	[2.59026987 0.17844976 2.38011251]
2.5353499999979516	[2.58953172 0.17961725 2.37942878]
2.5353519999979515	[2.58879586 0.1807887  2.37874716]
2.5353539999979513	[2.58806495 0.18197176 2.37807008]
2.535355999997951	[2.58733062 0.18314299 2.37738985]
2.535357999997951	[2.58660163 0.18432629 2.37671453]
2.535359999997951	[2.58587491 0.18551358 2.3760413 ]
2.5353619999979506	[2.58515041 0.18670481 2.3753701 ]
2.5353639999979505	[2.58442823 0.18790018 2.37470104]
2.5353659999979503	[2.58370824 0.1890995  2.37403398]
2.53536799999795	[2.58299044 0.1903028  2.37336895]
2.53536999999795	[2.58227051 0.19150294 2.37270196]
2.53537199999795	[2.58156135 0.19272102 2.37204486]
2.5353739999979497	[2.58085009 0.19393639 2.37138584]
2.5353759999979495	[2.58014095 0.19515576 2.37072876]
2.5353779999979493	[2.57943393 0.19637914 2.37007364]
2.535379999997949	[2.57872899 0.19760651 2.36942044]
2.535381999997949	[2.57803875 0.19886117 2.36878073]
2.535383999997949	[2.57732455 0.20007367 2.36811902]
2.5353859999979487	[2.57662653 0.20131326 2.3674722 ]
2.5353879999979485	[2.57592976 0.20255662 2.36682652]
2.5353899999979483	[2.57523497 0.20380398 2.36618266]
2.535391999997948	[2.57454216 0.20505534 2.36554063]
2.535393999997948	[2.5738513  0.20631071 2.3649004 ]
2.535395999997948	[2.57316238 0.20757007 2.36426196]
2.5353979999979477	[2.57247537 0.20883343 2.36362527]
2.5353999999979475	[2.57179024 0.21010079 2.36299033]
2.5354019999979474	[2.57110699 0.21137213 2.36235712]
2.535403999997947	[2.57042557 0.21264747 2.36172561]
2.535405999997947	[2.56974599 0.21392679 2.36109579]
2.535407999997947	[2.5690682  0.21521009 2.36046763]
2.5354099999979467	[2.56839219 0.21649737 2.35984111]
2.5354119999979465	[2.56771793 0.21778859 2.35921621]
2.5354139999979464	[2.56704541 0.21908384 2.35859293]
2.535415999997946	[2.56637459 0.22038304 2.35797122]
2.535417999997946	[2.56570546 0.22168618 2.35735107]
2.535419999997946	[2.56503799 0.22299329 2.35673246]
2.5354219999979457	[2.56436998 0.22429974 2.35611338]
2.5354239999979455	[2.56370818 0.22561935 2.35549999]
2.5354259999979454	[2.56304555 0.22693833 2.35488587]
2.535427999997945	[2.56238449 0.22826122 2.3542732 ]
2.535429999997945	[2.56172496 0.22958804 2.35366195]
2.535431999997945	[2.56106695 0.23091877 2.35305212]
2.5354339999979447	[2.56041043 0.23225344 2.35244367]
2.5354359999979446	[2.55975537 0.233592   2.35183658]
2.5354379999979444	[2.55910176 0.23493447 2.35123084]
2.5354399999979442	[2.55844956 0.23628084 2.35062641]
2.535441999997944	[2.55779875 0.2376311  2.35002328]
2.535443999997944	[2.55714931 0.23898525 2.34942142]
2.5354459999979437	[2.55650121 0.24034327 2.34882081]
2.5354479999979436	[2.55585443 0.24170516 2.34822143]
2.5354499999979434	[2.55520892 0.24307092 2.34762324]
2.5354519999979432	[2.55456471 0.24444052 2.34702626]
2.535453999997943	[2.55392173 0.24581399 2.34643043]
2.535455999997943	[2.55327996 0.24719131 2.34583574]
2.5354579999979427	[2.55263938 0.24857245 2.34524216]
2.5354599999979426	[2.55199997 0.24995742 2.34464968]
2.5354619999979424	[2.5513617  0.25134622 2.34405826]
2.5354639999979423	[2.55072454 0.25273883 2.34346789]
2.535465999997942	[2.55008848 0.25413524 2.34287855]
2.535467999997942	[2.54945348 0.25553546 2.3422902 ]
2.5354699999979418	[2.54881952 0.25693948 2.34170284]
2.5354719999979416	[2.54818658 0.25834728 2.34111643]
2.5354739999979414	[2.54755463 0.25975885 2.34053097]
2.5354759999979413	[2.54692366 0.26117421 2.33994641]
2.535477999997941	[2.54629362 0.26259332 2.33936275]
2.535479999997941	[2.54566451 0.26401621 2.33877995]
2.5354819999979408	[2.54503629 0.26544284 2.33819801]
2.5354839999979406	[2.54440894 0.26687323 2.33761689]
2.5354859999979404	[2.54378244 0.26830735 2.33703657]
2.5354879999979403	[2.54315676 0.26974521 2.33645704]
2.53548999999794	[2.54253189 0.27118679 2.33587827]
2.53549199999794	[2.54192094 0.27264752 2.33531224]
2.53549399999794	[2.54128409 0.27408132 2.3347226 ]
2.5354959999979396	[2.54066155 0.27553414 2.33414605]
2.5354979999979395	[2.54003965 0.2769906  2.33357012]
2.5354999999979393	[2.53941844 0.27845076 2.33299485]
2.535501999997939	[2.5387979  0.27991462 2.33242022]
2.535503999997939	[2.538178   0.28138216 2.33184621]
2.535505999997939	[2.53755872 0.28285339 2.33127279]
2.5355079999979386	[2.53694004 0.2843283  2.33069996]
2.5355099999979385	[2.53632193 0.2858069  2.33012768]
2.5355119999979383	[2.53570439 0.28728915 2.32955595]
2.535513999997938	[2.53508738 0.28877508 2.32898473]
2.535515999997938	[2.53447088 0.29026468 2.32841402]
2.535517999997938	[2.53385489 0.29175793 2.3278438 ]
2.5355199999979376	[2.53323935 0.29325484 2.32727403]
2.5355219999979375	[2.53262428 0.2947554  2.32670471]
2.5355239999979373	[2.53200965 0.29625962 2.32613582]
2.535525999997937	[2.53139543 0.29776749 2.32556735]
2.535527999997937	[2.53078163 0.29927901 2.32499929]
2.535529999997937	[2.53016817 0.30079415 2.32443157]
2.5355319999979367	[2.5295551  0.30231296 2.32386424]
2.5355339999979365	[2.52894238 0.3038354  2.32329726]
2.5355359999979363	[2.52832996 0.30536147 2.32273058]
2.535537999997936	[2.52771787 0.30689119 2.32216424]
2.535539999997936	[2.52710607 0.30842454 2.32159819]
2.535541999997936	[2.52649454 0.30996154 2.32103243]
2.5355439999979357	[2.52588328 0.31150217 2.32046694]
2.5355459999979355	[2.52527226 0.31304643 2.3199017 ]
2.5355479999979353	[2.52466147 0.31459434 2.31933671]
2.535549999997935	[2.5240509  0.31614588 2.31877194]
2.535551999997935	[2.52344053 0.31770106 2.31820739]
2.535553999997935	[2.52283035 0.31925988 2.31764304]
2.5355559999979347	[2.52222034 0.32082235 2.31707888]
2.5355579999979345	[2.52161049 0.32238846 2.31651489]
2.5355599999979344	[2.52100079 0.32395821 2.31595108]
2.535561999997934	[2.52039123 0.32553161 2.31538742]
2.535563999997934	[2.51978179 0.32710867 2.31482389]
2.535565999997934	[2.51917246 0.32868937 2.31426051]
2.5355679999979337	[2.51856322 0.33027373 2.31369723]
2.5355699999979335	[2.5179541  0.33186176 2.3131341 ]
2.5355719999979334	[2.51734504 0.33345346 2.31257105]
2.535573999997933	[2.51673606 0.3350488  2.31200809]
2.535575999997933	[2.51612713 0.33664782 2.31144523]
2.535577999997933	[2.51551826 0.33825052 2.31088244]
2.5355799999979327	[2.51490943 0.33985691 2.31031972]
2.5355819999979325	[2.51430064 0.34146697 2.30975706]
2.5355839999979324	[2.51369186 0.34308072 2.30919444]
2.535585999997932	[2.51308313 0.34469819 2.3086319 ]
2.535587999997932	[2.51247441 0.34631934 2.30806939]
2.535589999997932	[2.51186568 0.3479442  2.3075069 ]
2.5355919999979317	[2.51125697 0.34957278 2.30694446]
2.5355939999979316	[2.51064825 0.35120507 2.30638205]
2.5355959999979314	[2.51003953 0.35284109 2.30581965]
2.5355979999979312	[2.50943079 0.35448084 2.30525727]
2.535599999997931	[2.50882203 0.35612433 2.30469489]
2.535601999997931	[2.50821327 0.35777156 2.30413255]
2.5356039999979307	[2.50760447 0.35942254 2.3035702 ]
2.5356059999979306	[2.50699565 0.36107728 2.30300786]
2.5356079999979304	[2.5063868  0.36273579 2.30244552]
2.5356099999979302	[2.50577793 0.36439807 2.30188318]
2.53561199999793	[2.50516903 0.36606416 2.30132085]
2.53561399999793	[2.50456011 0.367734   2.30075853]
2.5356159999979297	[2.50395048 0.36940748 2.30019559]
2.5356179999979296	[2.50334221 0.37108517 2.2996339 ]
2.5356199999979294	[2.50273317 0.3727664  2.29907155]
2.5356219999979293	[2.50212412 0.37445147 2.29850922]
2.535623999997929	[2.50151504 0.37614036 2.29794688]
2.535625999997929	[2.50090593 0.37783309 2.29738455]
2.5356279999979288	[2.50029681 0.37952967 2.29682223]
2.5356299999979286	[2.49967193 0.38120802 2.29624553]
2.5356319999979284	[2.49907861 0.38293365 2.2956977 ]
2.5356339999979283	[2.49846943 0.38464174 2.29513541]
2.535635999997928	[2.49786026 0.38635375 2.29457315]
2.535637999997928	[2.4972511  0.38806963 2.29401092]
2.5356399999979278	[2.49664192 0.38978939 2.29344871]
2.5356419999979276	[2.49603276 0.39151305 2.29288654]
2.5356439999979274	[2.49543746 0.39326925 2.29233712]
2.5356459999979273	[2.4948142  0.3949726  2.29176206]
2.535647999997927	[2.49420514 0.39670806 2.29120006]
2.535649999997927	[2.49359608 0.39844733 2.29063808]
2.535651999997927	[2.49297637 0.40016807 2.29006635]
2.5356539999979266	[2.49237607 0.40193286 2.28951248]
2.5356559999979265	[2.49176949 0.40368823 2.28895286]
2.5356579999979263	[2.49116069 0.40544331 2.28839122]
2.535659999997926	[2.49055195 0.40720227 2.28782967]
2.535661999997926	[2.48994333 0.40896538 2.28726825]
2.535663999997926	[2.48933475 0.41073263 2.2867069 ]
2.5356659999979256	[2.48872639 0.41250327 2.28614578]
2.5356679999979255	[2.48811811 0.41427819 2.28558474]
2.5356699999979253	[2.48750996 0.41605709 2.28502387]
2.535671999997925	[2.48690196 0.41783999 2.28446314]
2.535673999997925	[2.48629412 0.41962687 2.2839026 ]
2.535675999997925	[2.48568646 0.42141775 2.28334224]
2.5356779999979246	[2.48507899 0.42321263 2.28278208]
2.5356799999979245	[2.48447173 0.42501153 2.28222214]
2.5356819999979243	[2.48386466 0.42681442 2.2816624 ]
2.535683999997924	[2.48325784 0.42862132 2.28110291]
2.535685999997924	[2.48265126 0.43043224 2.28054367]
2.535687999997924	[2.48204494 0.43224717 2.2799847 ]
2.5356899999979237	[2.48143889 0.43406612 2.279426  ]
2.5356919999979235	[2.48083315 0.43588908 2.2788676 ]
2.5356939999979233	[2.4802277  0.43771607 2.27830951]
2.535695999997923	[2.47962259 0.43954706 2.27775174]
2.535697999997923	[2.4790178  0.44138209 2.2771943 ]
2.535699999997923	[2.47841338 0.44322112 2.27663722]
2.5357019999979227	[2.47780934 0.44506417 2.27608051]
2.5357039999979225	[2.47720569 0.44691123 2.27552419]
2.5357059999979223	[2.47660243 0.44876227 2.27496825]
2.535707999997922	[2.47599963 0.45061737 2.27441276]
2.535709999997922	[2.47539726 0.45247645 2.27385769]
2.535711999997922	[2.47479536 0.45433953 2.27330308]
2.5357139999979217	[2.47419394 0.45620661 2.27274893]
2.5357159999979215	[2.47359302 0.45807767 2.27219527]
2.5357179999979214	[2.47299264 0.45995271 2.27164212]
2.535719999997921	[2.4723928  0.46183174 2.27108949]
2.535721999997921	[2.47179351 0.46371473 2.27053741]
2.535723999997921	[2.47119481 0.46560168 2.26998588]
2.5357259999979207	[2.47059672 0.46749258 2.26943494]
2.5357279999979205	[2.46999924 0.46938742 2.26888459]
2.5357299999979204	[2.46940151 0.47128403 2.26833403]
2.53573199999792	[2.4688063  0.47318891 2.26778581]
2.53573399999792	[2.46820491 0.47508732 2.26723195]
2.53573599999792	[2.46761627 0.47700608 2.26668981]
2.5357379999979197	[2.46702225 0.47892053 2.26614276]
2.5357399999979195	[2.46642895 0.48083875 2.26559639]
2.5357419999979194	[2.46583643 0.4827609  2.26505077]
2.535743999997919	[2.4652447  0.48468682 2.2645059 ]
2.535745999997919	[2.46465379 0.48661661 2.26396181]
2.535747999997919	[2.46406372 0.4885502  2.26341851]
2.5357499999979187	[2.46347453 0.49048763 2.26287605]
2.5357519999979186	[2.46288619 0.49242875 2.26233439]
2.5357539999979184	[2.46229877 0.49437366 2.26179361]
2.5357559999979182	[2.46171228 0.49632231 2.2612537 ]
2.535757999997918	[2.46112675 0.49827468 2.26071469]
2.535759999997918	[2.46054218 0.50023077 2.26017661]
2.5357619999979177	[2.45995862 0.50219047 2.25963947]
2.5357639999979176	[2.4593761  0.50415384 2.2591033 ]
2.5357659999979174	[2.45879458 0.50612082 2.25856809]
2.5357679999979172	[2.45821415 0.50809145 2.2580339 ]
2.535769999997917	[2.45763481 0.51006563 2.25750073]
2.535771999997917	[2.45705658 0.51204336 2.25696862]
2.5357739999979168	[2.45647948 0.51402461 2.25643757]
2.5357759999979166	[2.45590355 0.51600935 2.25590761]
2.5357779999979164	[2.45532875 0.51799747 2.25537872]
2.5357799999979163	[2.45475526 0.51998918 2.25485106]
2.535781999997916	[2.45418294 0.52198422 2.2543245 ]
2.535783999997916	[2.45361184 0.52398258 2.25379908]
2.5357859999979158	[2.45304205 0.52598432 2.25327489]
2.5357879999979156	[2.4524736  0.52798944 2.25275197]
2.5357899999979154	[2.45190643 0.52999777 2.25223024]
2.5357919999979153	[2.45134062 0.53200933 2.25170977]
2.535793999997915	[2.45077615 0.5340241  2.25119058]
2.535795999997915	[2.45021308 0.53604203 2.2506727 ]
2.5357979999979148	[2.44965144 0.53806308 2.25015615]
2.5357999999979146	[2.44909122 0.54008723 2.24964093]
2.5358019999979144	[2.44853245 0.54211443 2.24912707]
2.5358039999979143	[2.44797517 0.54414462 2.24861461]
2.535805999997914	[2.44741939 0.5461778  2.24810354]
2.535807999997914	[2.44686514 0.5482139  2.24759391]
2.535809999997914	[2.44631243 0.55025286 2.24708573]
2.5358119999979136	[2.44576129 0.55229468 2.246579  ]
2.5358139999979135	[2.44521175 0.5543393  2.24607378]
2.5358159999979133	[2.44466383 0.55638667 2.24557007]
2.535817999997913	[2.44411753 0.55843672 2.24506786]
2.535819999997913	[2.44357288 0.56048944 2.24456721]
2.535821999997913	[2.4430261  0.56254077 2.24406465]
2.5358239999979126	[2.44248878 0.56460258 2.24357075]
2.5358259999979125	[2.44194923 0.56666298 2.24307486]
2.5358279999979123	[2.44141143 0.56872584 2.24258059]
2.535829999997912	[2.44087538 0.5707911  2.24208797]
2.535831999997912	[2.44033811 0.57285093 2.24159422]
2.535833999997912	[2.43980887 0.57492868 2.24110793]
2.5358359999979116	[2.43927822 0.57700086 2.24062034]
2.5358379999979115	[2.43874941 0.57907522 2.24013447]
2.5358399999979113	[2.43822246 0.58115172 2.23965034]
2.535841999997911	[2.43769739 0.5832303  2.23916795]
2.535843999997911	[2.43717423 0.58531092 2.23868736]
2.535845999997911	[2.43665295 0.58739349 2.2382085 ]
2.5358479999979107	[2.43613364 0.589478   2.2377315 ]
2.5358499999979105	[2.43561624 0.59156432 2.23725627]
2.5358519999979103	[2.43510083 0.59365245 2.23678289]
2.53585399999791	[2.43458742 0.59574232 2.23631138]
2.53585599999791	[2.43407601 0.59783385 2.23584173]
2.53585799999791	[2.43356662 0.599927   2.23537396]
2.5358599999979097	[2.43305929 0.6020217  2.23490812]
2.5358619999979095	[2.43256146 0.60413117 2.23445103]
2.5358639999979093	[2.43205054 0.60621586 2.23398193]
2.535865999997909	[2.43154939 0.6083148  2.23352184]
2.535867999997909	[2.43105034 0.61041503 2.23306371]
2.535869999997909	[2.43055346 0.61251652 2.23260759]
2.5358719999979087	[2.43005865 0.61461914 2.23215341]
2.5358739999979085	[2.42956601 0.61672286 2.23170124]
2.5358759999979084	[2.42907553 0.61882764 2.23125109]
2.535877999997908	[2.42858721 0.6209333  2.23080295]
2.535879999997908	[2.42810176 0.62304084 2.23035747]
2.535881999997908	[2.42761707 0.62514727 2.22991272]
2.5358839999979077	[2.42713543 0.62725547 2.22947079]
2.5358859999979075	[2.42665593 0.62936428 2.22903086]
2.5358879999979074	[2.42617869 0.63147373 2.22859304]
2.535889999997907	[2.42570369 0.6335837  2.22815728]
2.535891999997907	[2.42523094 0.63569413 2.22772364]
2.535893999997907	[2.42476047 0.63780496 2.22729211]
2.5358959999979067	[2.42429228 0.6399161  2.2268627 ]
2.5358979999979065	[2.42382637 0.6420275  2.22643542]
2.5358999999979064	[2.42336273 0.64413904 2.22601024]
2.535901999997906	[2.42290147 0.64625073 2.22558728]
2.535903999997906	[2.4224425  0.64836241 2.22516645]
2.535905999997906	[2.42198586 0.65047406 2.22474779]
2.5359079999979057	[2.42153153 0.65258557 2.22433127]
2.5359099999979056	[2.42107955 0.65469688 2.22391694]
2.5359119999979054	[2.42062992 0.65680793 2.2235048 ]
2.5359139999979052	[2.42018265 0.65891861 2.22309485]
2.535915999997905	[2.41973776 0.66102888 2.22268711]
2.535917999997905	[2.4192952  0.66313865 2.22228154]
2.5359199999979047	[2.41885503 0.66524781 2.2218782 ]
2.5359219999979046	[2.41841723 0.66735633 2.22147706]
2.5359239999979044	[2.41798182 0.66946411 2.22107813]
2.5359259999979042	[2.4175488  0.67157109 2.22068144]
2.535927999997904	[2.41711817 0.67367717 2.22028696]
2.535929999997904	[2.41668992 0.6757823  2.2198947 ]
2.5359319999979038	[2.41626408 0.67788637 2.21950467]
2.5359339999979036	[2.41584064 0.67998932 2.21911687]
2.5359359999979034	[2.41541959 0.68209106 2.21873131]
2.5359379999979033	[2.41500095 0.68419153 2.21834798]
2.535939999997903	[2.41458471 0.68629063 2.21796687]
2.535941999997903	[2.41417088 0.68838832 2.21758801]
2.5359439999979028	[2.41375947 0.69048449 2.21721139]
2.5359459999979026	[2.41335045 0.69257905 2.216837  ]
2.5359479999979024	[2.41294383 0.69467195 2.21646484]
2.5359499999979023	[2.41253963 0.69676309 2.21609492]
2.535951999997902	[2.41213781 0.69885239 2.21572722]
2.535953999997902	[2.41173843 0.70093985 2.21536177]
2.5359559999979018	[2.41134141 0.70302525 2.21499854]
2.5359579999979016	[2.4109468  0.70510861 2.21463753]
2.5359599999979014	[2.41054737 0.70717791 2.21427212]
2.5359619999979013	[2.41016512 0.70926863 2.21392252]
2.535963999997901	[2.40977771 0.7113454  2.21356819]
2.535965999997901	[2.40939261 0.71341982 2.21321602]
2.535967999997901	[2.40900997 0.7154916  2.21286613]
2.5359699999979006	[2.40862966 0.71756093 2.2125184 ]
2.5359719999979005	[2.40825173 0.71962769 2.21217289]
2.5359739999979003	[2.40787616 0.72169174 2.21182956]
2.5359759999979	[2.40750294 0.72375303 2.21148842]
2.5359779999979	[2.40713208 0.72581149 2.21114947]
2.5359799999979	[2.40676357 0.72786704 2.21081269]
2.5359819999978996	[2.40639739 0.7299196  2.21047808]
2.5359839999978995	[2.40603354 0.73196909 2.21014563]
2.5359859999978993	[2.40567201 0.73401544 2.20981534]
2.535987999997899	[2.40531279 0.73605858 2.20948719]
2.535989999997899	[2.40495589 0.73809843 2.2091612 ]
2.535991999997899	[2.40460437 0.74014219 2.20884019]
2.5359939999978987	[2.40424888 0.74216818 2.2085155 ]
2.5359959999978985	[2.4038988  0.74419767 2.20819583]
2.5359979999978983	[2.40355103 0.74622363 2.20787831]
2.535999999997898	[2.40320552 0.74824596 2.20756288]
2.536001999997898	[2.40286226 0.75026455 2.20724954]
2.536003999997898	[2.40252124 0.75227935 2.20693827]
2.5360059999978977	[2.40218245 0.75429028 2.20662907]
2.5360079999978975	[2.40184586 0.75629725 2.20632191]
2.5360099999978973	[2.40151149 0.75830025 2.20601682]
2.536011999997897	[2.4011793  0.76029917 2.20571375]
2.536013999997897	[2.40084786 0.76229031 2.20541135]
2.536015999997897	[2.40052168 0.76428473 2.20511385]
2.5360179999978967	[2.40019602 0.76627104 2.20481683]
2.5360199999978965	[2.39987249 0.76825297 2.20452178]
2.5360219999978963	[2.39955109 0.7702305  2.20422871]
2.536023999997896	[2.39923181 0.77220354 2.20393759]
2.536025999997896	[2.39891462 0.77417204 2.20364843]
2.536027999997896	[2.39859954 0.77613594 2.2033612 ]
2.5360299999978957	[2.39828651 0.77809515 2.20307589]
2.5360319999978955	[2.39797557 0.78004965 2.2027925 ]
2.5360339999978954	[2.39766668 0.78199936 2.20251102]
2.536035999997895	[2.39735972 0.78394403 2.20223133]
2.536037999997895	[2.39707141 0.78590087 2.20196871]
2.536039999997895	[2.39675362 0.7878236  2.20167916]
2.5360419999978947	[2.39645038 0.78974912 2.20140293]
2.5360439999978945	[2.39615149 0.79167394 2.20113071]
2.5360459999978944	[2.39585456 0.7935936  2.2008603 ]
2.536047999997894	[2.39555957 0.79550806 2.20059169]
2.536049999997894	[2.39526652 0.79741725 2.20032487]
2.536051999997894	[2.39497538 0.79932111 2.20005983]
2.5360539999978937	[2.39468612 0.80121962 2.19979652]
2.5360559999978936	[2.39439637 0.8031082  2.19953277]
2.5360579999978934	[2.39411326 0.80500024 2.19927514]
2.536059999997893	[2.39382961 0.8068823  2.19901702]
2.536061999997893	[2.39354776 0.80875879 2.19876057]
2.536063999997893	[2.39326774 0.81062964 2.19850581]
2.5360659999978927	[2.39298951 0.81249481 2.19825271]
2.5360679999978926	[2.39271306 0.81435426 2.19800125]
2.5360699999978924	[2.39243838 0.81620793 2.19775143]
2.5360719999978922	[2.39216544 0.81805578 2.19750322]
2.536073999997892	[2.39189423 0.81989776 2.19725661]
2.536075999997892	[2.39162473 0.82173383 2.19701158]
2.5360779999978917	[2.39135693 0.82356395 2.19676812]
2.5360799999978916	[2.39109081 0.82538807 2.19652621]
2.5360819999978914	[2.39082635 0.82720615 2.19628584]
2.5360839999978912	[2.39056353 0.82901815 2.19604699]
2.536085999997891	[2.39030234 0.83082404 2.19580963]
2.536087999997891	[2.39004276 0.83262376 2.19557377]
2.5360899999978908	[2.38978478 0.83441729 2.19533938]
2.5360919999978906	[2.38952837 0.83620459 2.19510645]
2.5360939999978904	[2.38927352 0.83798562 2.19487495]
2.5360959999978903	[2.38902021 0.83976034 2.19464488]
2.53609799999789	[2.38876842 0.84152874 2.19441621]
2.53609999999789	[2.38851815 0.84329076 2.19418894]
2.5361019999978898	[2.38826936 0.84504638 2.19396304]
2.5361039999978896	[2.38802205 0.84679556 2.19373851]
2.5361059999978894	[2.38777619 0.84853829 2.19351531]
2.5361079999978893	[2.38753178 0.85027453 2.19329345]
2.536109999997889	[2.38728879 0.85200424 2.19307291]
2.536111999997889	[2.38704719 0.85372742 2.19285364]
2.536113999997889	[2.38680699 0.85544402 2.19263566]
2.5361159999978886	[2.38656817 0.85715403 2.19241896]
2.5361179999978885	[2.38633069 0.85885741 2.19220349]
2.5361199999978883	[2.38609456 0.86055416 2.19198927]
2.536121999997888	[2.38585975 0.86224424 2.19177626]
2.536123999997888	[2.38562624 0.86392764 2.19156446]
2.536125999997888	[2.38539402 0.86560434 2.19135383]
2.5361279999978876	[2.38516308 0.86727431 2.19114439]
2.5361299999978875	[2.38493339 0.86893755 2.19093611]
2.5361319999978873	[2.38470494 0.87059403 2.19072896]
2.536133999997887	[2.38447772 0.87224374 2.19052294]
2.536135999997887	[2.3842517  0.87388666 2.19031804]
2.536137999997887	[2.38402687 0.87552278 2.19011423]
2.5361399999978866	[2.38380323 0.87715209 2.1899115 ]
2.5361419999978865	[2.38358074 0.87877458 2.18970984]
2.5361439999978863	[2.38335939 0.88039023 2.18950924]
2.536145999997886	[2.38313918 0.88199904 2.18930967]
2.536147999997886	[2.38292007 0.88360099 2.18911112]
2.536149999997886	[2.38270207 0.88519609 2.18891359]
2.5361519999978857	[2.38248515 0.88678432 2.18871705]
2.5361539999978855	[2.38226929 0.88836568 2.1885215 ]
2.5361559999978853	[2.38205447 0.88994014 2.18832689]
2.536157999997885	[2.38184072 0.89150776 2.18813326]
2.536159999997885	[2.38162797 0.89306847 2.18794056]
2.536161999997885	[2.38141623 0.89462232 2.18774878]
2.5361639999978847	[2.38120549 0.89616926 2.18755792]
2.5361659999978845	[2.38099572 0.89770933 2.18736795]
2.5361679999978843	[2.38078691 0.89924249 2.18717886]
2.536169999997884	[2.38057905 0.9007688  2.18699066]
2.536171999997884	[2.38037214 0.90228822 2.1868033 ]
2.536173999997884	[2.38016613 0.90380075 2.18661679]
2.5361759999978837	[2.37996103 0.90530642 2.18643111]
2.5361779999978835	[2.37975684 0.90680525 2.18624626]
2.5361799999978833	[2.37955348 0.90829714 2.18606217]
2.536181999997883	[2.37935104 0.90978225 2.18587893]
2.536183999997883	[2.37914943 0.91126048 2.18569644]
2.536185999997883	[2.37894866 0.9127319  2.18551472]
2.5361879999978827	[2.37874871 0.91419647 2.18533376]
2.5361899999978825	[2.37854957 0.91565424 2.18515354]
2.5361919999978824	[2.37835121 0.91710517 2.18497403]
2.536193999997882	[2.37815367 0.91854936 2.18479527]
2.536195999997882	[2.3779569  0.91998674 2.18461721]
2.536197999997882	[2.37776061 0.92141634 2.18443959]
2.5361999999978817	[2.3775656  0.92284117 2.18426314]
2.5362019999978815	[2.37737105 0.92425828 2.18408712]
2.5362039999978814	[2.37717722 0.92566868 2.18391174]
2.536205999997881	[2.37698411 0.92707238 2.18373703]
2.536207999997881	[2.37679169 0.92846939 2.18356295]
2.536209999997881	[2.37659994 0.92985971 2.18338947]
2.5362119999978807	[2.37640889 0.93124339 2.18321663]
2.5362139999978806	[2.37621848 0.93262043 2.18304438]
2.5362159999978804	[2.3760102  0.93396647 2.18285575]
2.5362179999978802	[2.37584033 0.93535434 2.18270232]
2.53621999999788	[2.37565183 0.93671169 2.1825318 ]
2.53622199999788	[2.37546394 0.9380624  2.18236184]
2.5362239999978797	[2.37527665 0.93940658 2.18219243]
2.5362259999978796	[2.37508995 0.94074425 2.18202356]
2.5362279999978794	[2.37490383 0.94207543 2.1818552 ]
2.5362299999978792	[2.37471828 0.94340015 2.18168737]
2.536231999997879	[2.37453328 0.94471842 2.18152003]
2.536233999997879	[2.37434883 0.94603028 2.18135319]
2.5362359999978787	[2.37416298 0.94733267 2.18118506]
2.5362379999978786	[2.37398154 0.94863473 2.18102098]
2.5362399999978784	[2.37379866 0.94992748 2.18085556]
2.5362419999978782	[2.37361628 0.95121392 2.1806906 ]
2.536243999997878	[2.3734344  0.95249406 2.18052608]
2.536245999997878	[2.37325299 0.95376795 2.18036199]
2.5362479999978778	[2.37307205 0.95503559 2.18019833]
2.5362499999978776	[2.37289158 0.95629703 2.18003508]
2.5362519999978774	[2.37271155 0.95755228 2.17987223]
2.5362539999978773	[2.37253196 0.95880135 2.17970978]
2.536255999997877	[2.37235282 0.96004434 2.17954772]
2.536257999997877	[2.37218896 0.96130247 2.17939969]
2.5362599999978768	[2.37199529 0.96251244 2.17922429]
2.5362619999978766	[2.37181746 0.96373733 2.17906341]
2.5362639999978764	[2.37163992 0.96495607 2.1789028 ]
2.5362659999978763	[2.3714629  0.96616901 2.17874264]
2.536267999997876	[2.37128675 0.96737715 2.17858328]
2.536269999997876	[2.37110953 0.96857652 2.17842293]
2.536271999997876	[2.37093348 0.96977153 2.17826363]
2.5362739999978756	[2.37075775 0.97096066 2.17810462]
2.5362759999978755	[2.3705823  0.97214389 2.17794586]
2.5362779999978753	[2.37040729 0.97332145 2.17778748]
2.536279999997875	[2.37023253 0.97449317 2.17762933]
2.536281999997875	[2.37005809 0.97565915 2.17747145]
2.536283999997875	[2.36988393 0.97681942 2.17731383]
2.5362859999978746	[2.36971007 0.97797401 2.17715646]
2.5362879999978745	[2.36953647 0.97912293 2.17699932]
2.5362899999978743	[2.36936316 0.98026625 2.17684243]
2.536291999997874	[2.3691901  0.98140397 2.17668576]
2.536293999997874	[2.36901728 0.98253613 2.1765293 ]
2.536295999997874	[2.36884471 0.98366276 2.17637305]
2.5362979999978736	[2.36867237 0.98478389 2.176217  ]
2.5362999999978735	[2.36850025 0.98589955 2.17606114]
2.5363019999978733	[2.36832835 0.98700977 2.17590545]
2.536303999997873	[2.36815664 0.98811457 2.17574994]
2.536305999997873	[2.36798513 0.989214   2.17559459]
2.536307999997873	[2.36781319 0.99030684 2.17543882]
2.5363099999978727	[2.36764268 0.99139681 2.17528436]
2.5363119999978725	[2.36747169 0.99248025 2.17512944]
2.5363139999978723	[2.36730088 0.99355846 2.17497467]
2.536315999997872	[2.36713021 0.99463142 2.17482001]
2.536317999997872	[2.36695969 0.99569917 2.17466547]
2.536319999997872	[2.36678928 0.99676175 2.17451102]
2.5363219999978717	[2.36661901 0.99781918 2.17435667]
2.5363239999978715	[2.36644885 0.99887149 2.17420241]
2.5363259999978713	[2.3662788  0.99991871 2.17404823]
2.536327999997871	[2.36610883 1.00096085 2.17389411]
2.536329999997871	[2.36593897 1.00199797 2.17374006]
2.536331999997871	[2.36576916 1.00303006 2.17358605]
2.5363339999978707	[2.36559941 1.00405713 2.17343207]
2.5363359999978705	[2.36542977 1.00507933 2.17327816]
2.5363379999978704	[2.36526016 1.00609655 2.17312427]
2.53633999999787	[2.36509057 1.00710886 2.17297038]
2.53634199999787	[2.36492103 1.00811629 2.17281651]
2.53634399999787	[2.36475128 1.00911849 2.17266243]
2.5363459999978697	[2.364582   1.01011659 2.17250875]
2.5363479999978695	[2.3644125  1.01110952 2.17235486]
2.5363499999978694	[2.36424299 1.01209765 2.17220093]
2.536351999997869	[2.36407347 1.01308103 2.17204697]
2.536353999997869	[2.3638957  1.01404573 2.17188539]
2.536355999997869	[2.36373479 1.01503343 2.17173931]
2.5363579999978687	[2.36356518 1.01600267 2.1715852 ]
2.5363599999978685	[2.36339551 1.01696719 2.17143101]
2.5363619999978684	[2.36322583 1.0179271  2.17127678]
2.536363999997868	[2.36305598 1.01888231 2.17112238]
2.536365999997868	[2.36288611 1.01983294 2.17096793]
2.536367999997868	[2.36271615 1.02077895 2.17081338]
2.5363699999978677	[2.36254609 1.02172039 2.17065871]
2.5363719999978676	[2.36237592 1.02265727 2.17050391]
2.5363739999978674	[2.36220563 1.02358961 2.17034898]
2.5363759999978672	[2.36203728 1.02452098 2.17019581]
2.536377999997867	[2.36186466 1.02544076 2.17003867]
2.536379999997867	[2.36169397 1.02635954 2.16988329]
2.5363819999978667	[2.36152314 1.02727385 2.16972776]
2.5363839999978666	[2.36135215 1.02818368 2.16957205]
2.5363859999978664	[2.36118098 1.02908907 2.16941615]
2.5363879999978662	[2.361009   1.02998831 2.16925948]
2.536389999997866	[2.36083811 1.03088648 2.16910378]
2.536391999997866	[2.36066638 1.03177856 2.16894728]
2.5363939999978657	[2.36049445 1.03266624 2.16879055]
2.5363959999978656	[2.36031291 1.03353908 2.168625  ]
2.5363979999978654	[2.36015002 1.03442813 2.16847652]
2.5363999999978653	[2.35997742 1.03530268 2.1683191 ]
2.536401999997865	[2.35980455 1.0361728  2.1681614 ]
2.536403999997865	[2.35963145 1.03703859 2.16800347]
2.5364059999978648	[2.35945807 1.03790002 2.16784524]
2.5364079999978646	[2.35928443 1.0387571  2.16768674]
2.5364099999978644	[2.35910592 1.03960393 2.16752374]
2.5364119999978643	[2.35895554 1.04048835 2.16738657]
2.536413999997864	[2.35876143 1.04130281 2.16720916]
2.536415999997864	[2.35857213 1.04211896 2.16703614]
2.5364179999978638	[2.35841195 1.04297762 2.16688986]
2.5364199999978636	[2.35823655 1.04380883 2.16672956]
2.5364219999978634	[2.35806075 1.04463562 2.16656886]
2.5364239999978633	[2.35788462 1.04545808 2.16640782]
2.536425999997863	[2.35770812 1.04627627 2.16624641]
2.536427999997863	[2.35753126 1.04709013 2.16608463]
2.536429999997863	[2.35735403 1.04789965 2.16592247]
2.5364319999978626	[2.35717643 1.04870488 2.16575995]
2.5364339999978625	[2.35699842 1.04950577 2.16559701]
2.5364359999978623	[2.35682003 1.05030236 2.1654337 ]
2.536437999997862	[2.35664123 1.05109462 2.16526996]
2.536439999997862	[2.35646201 1.05188254 2.16510581]
2.536441999997862	[2.35628236 1.05266614 2.16494122]
2.5364439999978616	[2.35610227 1.05344539 2.1647762 ]
2.5364459999978615	[2.35592175 1.0542203  2.16461075]
2.5364479999978613	[2.35574077 1.05499087 2.16444483]
2.536449999997861	[2.35555838 1.05575597 2.16427759]
2.536451999997861	[2.35537742 1.05651888 2.16411162]
2.536453999997861	[2.35519829 1.05728093 2.1639473 ]
2.5364559999978606	[2.35500575 1.05802365 2.16377061]
2.5364579999978605	[2.3548287  1.05877817 2.16360813]
2.5364599999978603	[2.35464481 1.05952245 2.16343932]
2.53646199999786	[2.3544604  1.06026234 2.16327   ]
2.53646399999786	[2.35427545 1.06099777 2.16310014]
2.53646599999786	[2.35408998 1.06172878 2.16292976]
2.5364679999978597	[2.35390396 1.06245535 2.16275885]
2.5364699999978595	[2.35371738 1.06317746 2.16258738]
2.5364719999978593	[2.35353025 1.06389508 2.16241536]
2.536473999997859	[2.35334254 1.06460822 2.16224277]
2.536475999997859	[2.35315425 1.06531686 2.16206962]
2.536477999997859	[2.35296537 1.06602097 2.16189588]
2.5364799999978587	[2.3527759  1.06672055 2.16172155]
2.5364819999978585	[2.3525858  1.06741555 2.16154661]
2.5364839999978583	[2.35239511 1.06810604 2.16137109]
2.536485999997858	[2.35220378 1.06879191 2.16119494]
2.536487999997858	[2.35201181 1.0694732  2.16101816]
2.536489999997858	[2.35181919 1.07014982 2.16084075]
2.5364919999978577	[2.35162593 1.07082182 2.1606627 ]
2.5364939999978575	[2.35143199 1.07148916 2.160484  ]
2.5364959999978574	[2.35123735 1.07215173 2.16030461]
2.536497999997857	[2.3510421  1.07280977 2.16012461]
2.536499999997857	[2.35084611 1.07346299 2.1599439 ]
2.536501999997857	[2.35064944 1.07411148 2.15976252]
2.5365039999978567	[2.35045205 1.0747552  2.15958044]
2.5365059999978565	[2.35025394 1.07539412 2.15939765]
2.5365079999978564	[2.3500551  1.07602823 2.15921415]
2.536509999997856	[2.34985552 1.0766575  2.15902993]
2.536511999997856	[2.34965519 1.07728192 2.15884499]
2.536513999997856	[2.3494541  1.07790144 2.1586593 ]
2.5365159999978557	[2.34925223 1.07851603 2.15847285]
2.5365179999978555	[2.34904962 1.07912574 2.15828569]
2.5365199999978554	[2.34885273 1.07973551 2.15810374]
2.536521999997855	[2.34864202 1.08033027 2.15790903]
2.536523999997855	[2.34843699 1.08092496 2.15771951]
2.536525999997855	[2.34823116 1.08151463 2.15752922]
2.5365279999978547	[2.34803135 1.08211296 2.15734443]
2.5365299999978546	[2.34781683 1.08267898 2.15714605]
2.5365319999978544	[2.34760848 1.08325334 2.15695331]
2.5365339999978542	[2.34739931 1.0838226  2.15675978]
2.536535999997854	[2.34718926 1.08438666 2.1565654 ]
2.536537999997854	[2.34697835 1.08494552 2.15637019]
2.5365399999978537	[2.34676656 1.08549914 2.15617412]
2.5365419999978536	[2.34655387 1.08604749 2.15597719]
2.5365439999978534	[2.34634029 1.08659055 2.15577939]
2.5365459999978532	[2.3461258  1.08712828 2.15558072]
2.536547999997853	[2.34591038 1.08766066 2.15538115]
2.536549999997853	[2.34569403 1.08818764 2.15518069]
2.5365519999978527	[2.34547674 1.0887092  2.15497931]
2.5365539999978526	[2.34525852 1.08922534 2.15477704]
2.5365559999978524	[2.34503931 1.08973599 2.15457382]
2.5365579999978523	[2.34481915 1.0902411  2.15436968]
2.536559999997852	[2.344598   1.09074068 2.1541646 ]
2.536561999997852	[2.34437586 1.09123469 2.15395856]
2.5365639999978518	[2.34415273 1.09172309 2.15375156]
2.5365659999978516	[2.34392858 1.09220585 2.15354359]
2.5365679999978514	[2.34370341 1.09268295 2.15333463]
2.5365699999978513	[2.3434772  1.09315433 2.15312469]
2.536571999997851	[2.34324997 1.09361999 2.15291375]
2.536573999997851	[2.34302166 1.09407987 2.15270179]
2.5365759999978508	[2.34279233 1.094534   2.15248885]
2.5365779999978506	[2.34256186 1.0949822  2.15227481]
2.5365799999978504	[2.34233035 1.09542458 2.15205979]
2.5365819999978503	[2.34209772 1.09586106 2.15184368]
2.53658399999785	[2.341864   1.0962916  2.15162653]
2.53658599999785	[2.34162916 1.09671618 2.15140831]
2.53658799999785	[2.34139319 1.09713476 2.15118902]
2.5365899999978496	[2.34115607 1.09754731 2.15096862]
2.5365919999978495	[2.34091781 1.09795379 2.15074713]
2.5365939999978493	[2.34067838 1.09835418 2.15052453]
2.536595999997849	[2.34043778 1.09874843 2.1503008 ]
2.536597999997849	[2.34019599 1.09913652 2.15007594]
2.536599999997849	[2.33995298 1.09951833 2.14984992]
2.5366019999978486	[2.3397088  1.09989407 2.14962279]
2.5366039999978485	[2.33946338 1.10026346 2.14939447]
2.5366059999978483	[2.33921673 1.10062656 2.14916497]
2.536607999997848	[2.33896882 1.10098334 2.14893428]
2.536609999997848	[2.33871966 1.10133375 2.1487024 ]
2.536611999997848	[2.33846922 1.10167776 2.1484693 ]
2.5366139999978476	[2.3382175  1.10201535 2.14823498]
2.5366159999978475	[2.33796448 1.10234648 2.14799942]
2.5366179999978473	[2.33771015 1.10267113 2.14776262]
2.536619999997847	[2.33745449 1.10298924 2.14752456]
2.536621999997847	[2.3371975  1.10330081 2.14728522]
2.536623999997847	[2.33693915 1.10360579 2.14704461]
2.5366259999978467	[2.33667944 1.10390415 2.1468027 ]
2.5366279999978465	[2.3364184  1.10419593 2.14655952]
2.5366299999978463	[2.33615586 1.1044809  2.14631493]
2.536631999997846	[2.33589197 1.10475922 2.14606904]
2.536633999997846	[2.33562665 1.10503081 2.14582182]
2.536635999997846	[2.3353599  1.10529562 2.14557323]
2.5366379999978457	[2.3350917  1.10555363 2.14532326]
2.5366399999978455	[2.33482202 1.10580482 2.1450719 ]
2.5366419999978453	[2.33455088 1.10604914 2.14481915]
2.536643999997845	[2.33427822 1.10628658 2.14456497]
2.536645999997845	[2.33400406 1.10651709 2.14430937]
2.536647999997845	[2.33372837 1.10674066 2.14405232]
2.5366499999978447	[2.33345114 1.10695726 2.14379381]
2.5366519999978445	[2.33317235 1.10716686 2.14353382]
2.5366539999978444	[2.33289198 1.10736942 2.14327235]
2.536655999997844	[2.33261001 1.10756493 2.14300937]
2.536657999997844	[2.33232644 1.10775335 2.14274487]
2.536659999997844	[2.33204124 1.10793466 2.14247883]
2.5366619999978437	[2.3317544  1.10810884 2.14221125]
2.5366639999978435	[2.3314659  1.10827585 2.1419421 ]
2.5366659999978434	[2.33117572 1.10843568 2.14167136]
2.536667999997843	[2.33088384 1.10858829 2.14139903]
2.536669999997843	[2.33059025 1.10873367 2.14112508]
2.536671999997843	[2.33029493 1.10887179 2.14084951]
2.5366739999978427	[2.32999786 1.10900262 2.14057228]
2.5366759999978425	[2.32969902 1.10912614 2.14029339]
2.5366779999978424	[2.3293984  1.10924233 2.14001282]
2.536679999997842	[2.32909597 1.10935117 2.13973055]
2.536681999997842	[2.32879171 1.10945263 2.13944656]
2.536683999997842	[2.32848562 1.1095467  2.13916085]
2.5366859999978417	[2.32817766 1.10963335 2.13887338]
2.5366879999978416	[2.32786782 1.10971256 2.13858414]
2.5366899999978414	[2.32755607 1.10978431 2.13829312]
2.5366919999978412	[2.32723623 1.10984112 2.1379946 ]
2.536693999997841	[2.32692676 1.10990521 2.1377056 ]
2.536695999997841	[2.32660919 1.10995447 2.1374091 ]
2.5366979999978407	[2.32628964 1.1099962  2.13711075]
2.5366999999978406	[2.3259681  1.11003037 2.13681052]
2.5367019999978404	[2.32564452 1.11005697 2.13650839]
2.5367039999978402	[2.3253189  1.11007599 2.13620435]
2.53670599999784	[2.32499121 1.11008742 2.13589837]
2.53670799999784	[2.32466146 1.11009122 2.13559045]
2.5367099999978397	[2.32432957 1.1100874  2.13528053]
2.5367119999978396	[2.32399557 1.11007593 2.13496863]
2.5367139999978394	[2.32365941 1.11005681 2.13465472]
2.5367159999978393	[2.32332109 1.11003001 2.13433878]
2.536717999997839	[2.32298977 1.11000507 2.13402923]
2.536719999997839	[2.3226378  1.10995357 2.13370068]
2.5367219999978388	[2.32229284 1.10990371 2.13337853]
2.5367239999978386	[2.32194561 1.10984612 2.13305426]
2.5367259999978384	[2.32158869 1.10977308 2.13272104]
2.5367279999978383	[2.3212519  1.10971734 2.13240631]
2.536729999997838	[2.32089019 1.10962696 2.13206861]
2.536731999997838	[2.32053371 1.10953844 2.1317357 ]
2.5367339999978378	[2.32017485 1.10944213 2.13140056]
2.5367359999978376	[2.3198136  1.10933807 2.13106318]
2.5367379999978374	[2.31944993 1.10922623 2.13072356]
2.5367399999978373	[2.31908382 1.10910661 2.13038165]
2.536741999997837	[2.31871525 1.10897921 2.13003745]
2.536743999997837	[2.31834419 1.10884403 2.12969093]
2.536745999997837	[2.31796216 1.10869159 2.12933432]
2.5367479999978366	[2.31759479 1.10855011 2.12899109]
2.5367499999978365	[2.31721609 1.1083915  2.12863744]
2.5367519999978363	[2.31683486 1.10822514 2.12828143]
2.536753999997836	[2.31645103 1.10805099 2.127923  ]
2.536755999997836	[2.31606457 1.10786904 2.12756213]
2.536757999997836	[2.31567547 1.1076793  2.12719879]
2.5367599999978356	[2.3152837  1.10748176 2.12683297]
2.5367619999978355	[2.31488923 1.10727643 2.12646463]
2.5367639999978353	[2.31449205 1.10706331 2.12609377]
2.536765999997835	[2.31409212 1.10684241 2.12572035]
2.536767999997835	[2.31368944 1.10661373 2.12534436]
2.536769999997835	[2.31328396 1.10637727 2.12496578]
2.5367719999978346	[2.31287568 1.10613304 2.12458459]
2.5367739999978345	[2.31246457 1.10588105 2.12420076]
2.5367759999978343	[2.31205059 1.1056213  2.12381427]
2.536777999997834	[2.31163374 1.1053538  2.1234251 ]
2.536779999997834	[2.31121399 1.10507857 2.12303324]
2.536781999997834	[2.31079131 1.10479561 2.12263866]
2.5367839999978337	[2.31036569 1.10450493 2.12224133]
2.5367859999978335	[2.30993709 1.10420654 2.12184125]
2.5367879999978333	[2.3095055  1.10390046 2.12143838]
2.536789999997833	[2.3090709  1.10358669 2.12103272]
2.536791999997833	[2.30863326 1.10326525 2.12062422]
2.536793999997833	[2.30819255 1.10293616 2.12021288]
2.5367959999978327	[2.30774877 1.10259942 2.11979868]
2.5367979999978325	[2.30730188 1.10225506 2.1193816 ]
2.5367999999978323	[2.30685186 1.1019031  2.11896161]
2.536801999997832	[2.30639869 1.10154353 2.11853869]
2.536803999997832	[2.30594235 1.1011764  2.11811283]
2.536805999997832	[2.30548283 1.10080172 2.11768401]
2.5368079999978317	[2.30502007 1.10041949 2.11725219]
2.5368099999978315	[2.3045541  1.10002975 2.11681739]
2.5368119999978314	[2.30408487 1.09963252 2.11637955]
2.536813999997831	[2.30361236 1.09922781 2.11593867]
2.536815999997831	[2.30313655 1.09881566 2.11549473]
2.536817999997831	[2.30265742 1.09839607 2.11504771]
2.5368199999978307	[2.30217495 1.09796908 2.11459759]
2.5368219999978305	[2.30168913 1.09753472 2.11414435]
2.5368239999978304	[2.30119992 1.09709299 2.11368797]
2.53682599999783	[2.30070732 1.09664395 2.11322844]
2.53682799999783	[2.3002113  1.09618761 2.11276574]
2.53682999999783	[2.29971184 1.09572399 2.11229985]
2.5368319999978297	[2.29920892 1.09525312 2.11183074]
2.5368339999978295	[2.29870253 1.09477504 2.11135842]
2.5368359999978294	[2.29819265 1.09428978 2.11088285]
2.536837999997829	[2.29767925 1.09379736 2.11040402]
2.536839999997829	[2.29716232 1.09329782 2.10992191]
2.536841999997829	[2.29664185 1.09279118 2.10943651]
2.5368439999978287	[2.29611781 1.09227749 2.10894781]
2.5368459999978286	[2.29559018 1.09175677 2.10845577]
2.5368479999978284	[2.29505911 1.09122917 2.10796053]
2.5368499999978282	[2.2945241  1.09069439 2.10746166]
2.536851999997828	[2.29398563 1.09015281 2.10695956]
2.536853999997828	[2.29344351 1.08960433 2.10645407]
2.5368559999978277	[2.29289772 1.089049   2.10594518]
2.5368579999978276	[2.29234825 1.08848686 2.10543288]
2.5368599999978274	[2.29179509 1.08791795 2.10491715]
2.5368619999978272	[2.29123822 1.0873423  2.10439797]
2.536863999997827	[2.29067762 1.08675996 2.10387534]
2.536865999997827	[2.29011328 1.08617096 2.10334923]
2.5368679999978268	[2.28954519 1.08557534 2.10281965]
2.5368699999978266	[2.28897334 1.08497315 2.10228657]
2.5368719999978264	[2.2883977  1.08436443 2.10174998]
2.5368739999978263	[2.28781828 1.08374921 2.10120987]
2.536875999997826	[2.28723505 1.08312755 2.10066623]
2.536877999997826	[2.286648   1.08249948 2.10011905]
2.5368799999978258	[2.28605713 1.08186505 2.09956831]
2.5368819999978256	[2.28546241 1.08122431 2.09901401]
2.5368839999978254	[2.28486384 1.08057729 2.09845614]
2.5368859999978253	[2.28426142 1.07992405 2.09789468]
2.536887999997825	[2.28365512 1.07926464 2.09732963]
2.536889999997825	[2.28304494 1.07859909 2.09676097]
2.5368919999978248	[2.28243087 1.07792745 2.0961887 ]
2.5368939999978246	[2.28181293 1.07724982 2.09561284]
2.5368959999978244	[2.28119101 1.07656608 2.09503328]
2.5368979999978243	[2.28056523 1.07587652 2.09445014]
2.536899999997824	[2.27993551 1.07518103 2.09386333]
2.536901999997824	[2.27930187 1.07447969 2.09327288]
2.536903999997824	[2.27866427 1.07377257 2.09267877]
2.5369059999978236	[2.27802274 1.07305971 2.09208099]
2.5369079999978235	[2.27737725 1.07234115 2.09147954]
2.5369099999978233	[2.2767278  1.07161696 2.09087442]
2.536911999997823	[2.27607439 1.07088719 2.09026561]
2.536913999997823	[2.27541701 1.07015188 2.08965311]
2.536915999997823	[2.27475566 1.06941109 2.08903692]
2.5369179999978226	[2.27409032 1.06866487 2.08841704]
2.5369199999978225	[2.27342101 1.06791328 2.08779345]
2.5369219999978223	[2.27274771 1.06715637 2.08716616]
2.536923999997822	[2.27207042 1.0663942  2.08653517]
2.536925999997822	[2.27138914 1.06562681 2.08590046]
2.536927999997822	[2.27070387 1.06485427 2.08526204]
2.5369299999978216	[2.27001459 1.06407662 2.0846199 ]
2.5369319999978215	[2.26932132 1.06329394 2.08397405]
2.5369339999978213	[2.26862406 1.06250626 2.08332448]
2.536935999997821	[2.26792279 1.06171365 2.0826712 ]
2.536937999997821	[2.26721752 1.06091617 2.08201419]
2.536939999997821	[2.26650825 1.06011386 2.08135346]
2.5369419999978207	[2.26579498 1.0593068  2.08068901]
2.5369439999978205	[2.26507771 1.05849503 2.08002084]
2.5369459999978203	[2.26435645 1.05767861 2.07934895]
2.53694799999782	[2.26363118 1.05685761 2.07867334]
2.53694999999782	[2.26290192 1.05603207 2.07799402]
2.53695199999782	[2.26216867 1.05520206 2.07731098]
2.5369539999978197	[2.26143143 1.05436764 2.07662423]
2.5369559999978195	[2.2606902  1.05352887 2.07593376]
2.5369579999978193	[2.25994499 1.0526858  2.0752396 ]
2.536959999997819	[2.25919579 1.0518385  2.07454171]
2.536961999997819	[2.25844262 1.05098702 2.07384013]
2.536963999997819	[2.25768547 1.05013142 2.07313485]
2.5369659999978187	[2.25692435 1.04927177 2.07242588]
2.5369679999978185	[2.25615928 1.04840812 2.07171322]
2.5369699999978184	[2.25539024 1.04754053 2.07099687]
2.536971999997818	[2.25461725 1.04666907 2.07027683]
2.536973999997818	[2.25384032 1.04579381 2.06955313]
2.536975999997818	[2.25306049 1.0449159  2.06882671]
2.5369779999978177	[2.2522746  1.04403208 2.06809468]
2.5369799999978175	[2.25148587 1.04314573 2.06735997]
2.5369819999978174	[2.25069321 1.0422558  2.06662161]
2.536983999997817	[2.24989664 1.04136237 2.06587961]
2.536985999997817	[2.24909616 1.04046549 2.06513396]
2.536987999997817	[2.24829178 1.03956521 2.06438468]
2.5369899999978167	[2.24748352 1.03866162 2.06363178]
2.5369919999978165	[2.24667137 1.03775476 2.06287526]
2.5369939999978164	[2.24584331 1.03683349 2.06210408]
2.536995999997816	[2.2450356 1.0359313 2.0613515]
2.536997999997816	[2.24421181 1.03501498 2.06058412]
2.536999999997816	[2.24338422 1.03409568 2.0598132 ]
2.5370019999978157	[2.24255281 1.03317342 2.0590387 ]
2.5370039999978156	[2.24171755 1.03224828 2.05826062]
2.5370059999978154	[2.24087848 1.03132031 2.05747899]
2.5370079999978152	[2.24003561 1.03038955 2.0566938 ]
2.537009999997815	[2.23918894 1.0294561  2.05590507]
2.537011999997815	[2.23833848 1.02852    2.0551128 ]
2.5370139999978147	[2.23748425 1.02758133 2.05431701]
2.5370159999978146	[2.23662624 1.02664013 2.0535177 ]
2.5370179999978144	[2.23576449 1.02569647 2.05271489]
2.5370199999978142	[2.23489899 1.02475042 2.05190857]
2.537021999997814	[2.23402976 1.02380203 2.05109878]
2.537023999997814	[2.2331568  1.02285137 2.0502855 ]
2.5370259999978138	[2.23228014 1.02189852 2.04946876]
2.5370279999978136	[2.23139978 1.02094349 2.04864856]
2.5370299999978134	[2.23051572 1.01998639 2.04782492]
2.5370319999978133	[2.229628   1.01902728 2.04699784]
2.537033999997813	[2.2287366  1.01806618 2.04616734]
2.537035999997813	[2.22784156 1.0171032  2.04533342]
2.5370379999978128	[2.22694289 1.01613835 2.04449611]
2.5370399999978126	[2.22604056 1.01517178 2.04365538]
2.5370419999978124	[2.22513462 1.01420347 2.04281128]
2.5370439999978123	[2.22422508 1.0132335  2.04196381]
2.537045999997812	[2.22331195 1.01226196 2.04111297]
2.537047999997812	[2.22239523 1.01128888 2.04025879]
2.5370499999978118	[2.22147494 1.01031432 2.03940126]
2.5370519999978116	[2.22055111 1.00933836 2.03854042]
2.5370539999978114	[2.2196237  1.00836106 2.03767624]
2.5370559999978113	[2.21869277 1.00738248 2.03680875]
2.537057999997811	[2.21775831 1.00640265 2.03593796]
2.537059999997811	[2.21682035 1.0054217  2.03506391]
2.537061999997811	[2.21587889 1.00443963 2.03418656]
2.5370639999978106	[2.21493394 1.00345653 2.03330595]
2.5370659999978105	[2.2139855  1.00247244 2.03242208]
2.5370679999978103	[2.2130336  1.00148744 2.03153497]
2.53706999999781	[2.21207824 1.00050158 2.03064462]
2.53707199999781	[2.21111944 0.99951493 2.02975105]
2.53707399999781	[2.21015721 0.99852752 2.02885426]
2.5370759999978096	[2.20919155 0.99753945 2.02795426]
2.5370779999978095	[2.20821894 0.9965472  2.02704782]
2.5370799999978093	[2.2072501  0.99556143 2.02614477]
2.537081999997809	[2.20627422 0.99457168 2.0252352 ]
2.537083999997809	[2.20529499 0.99358151 2.02432249]
2.537085999997809	[2.20431238 0.99259094 2.02340661]
2.5370879999978087	[2.20332641 0.99160007 2.02248758]
2.5370899999978085	[2.20233709 0.99060894 2.02156542]
2.5370919999978083	[2.20134446 0.98961763 2.02064015]
2.537093999997808	[2.20034844 0.98862614 2.0197117 ]
2.537095999997808	[2.19934913 0.9876346  2.01878018]
2.537097999997808	[2.19834649 0.98664301 2.01784553]
2.5370999999978077	[2.19734057 0.98565146 2.01690781]
2.5371019999978075	[2.19633134 0.98466    2.01596699]
2.5371039999978073	[2.19531883 0.98366869 2.01502308]
2.537105999997807	[2.19430304 0.9826776  2.01407611]
2.537107999997807	[2.19328397 0.98168677 2.01312606]
2.537109999997807	[2.19226166 0.98069629 2.01217298]
2.5371119999978067	[2.19123607 0.97970614 2.01121681]
2.5371139999978065	[2.19020723 0.97871646 2.01025761]
2.5371159999978063	[2.18918841 0.9777387  2.00930755]
2.537117999997806	[2.18813969 0.97673886 2.00832996]
2.537119999997806	[2.18710119 0.97575086 2.00736169]
2.537121999997806	[2.18606228 0.97476574 2.00639297]
2.5371239999978057	[2.18501431 0.9737769  2.00541591]
2.5371259999978055	[2.18396613 0.97279104 2.00443858]
2.5371279999978054	[2.18291473 0.971806   2.00345823]
2.537129999997805	[2.18186014 0.97082186 2.00247488]
2.537131999997805	[2.18080234 0.96983865 2.00148854]
2.537133999997805	[2.17974136 0.96885644 2.0004992 ]
2.5371359999978047	[2.17867718 0.96787528 1.99950688]
2.5371379999978045	[2.17760982 0.96689523 1.99851157]
2.5371399999978044	[2.17653928 0.96591635 1.99751328]
2.537141999997804	[2.17546557 0.96493868 1.99651203]
2.537143999997804	[2.17438867 0.96396227 1.99550778]
2.537145999997804	[2.1733086  0.9629872  1.99450057]
2.5371479999978037	[2.17222536 0.96201349 1.99349038]
2.5371499999978036	[2.17113895 0.96104122 1.99247723]
2.5371519999978034	[2.17004937 0.96007042 1.99146111]
2.537153999997803	[2.16895662 0.95910117 1.99044202]
2.537155999997803	[2.16786076 0.95813364 1.98942002]
2.537157999997803	[2.16676163 0.95716747 1.98839496]
2.5371599999978027	[2.16565938 0.95620313 1.98736698]
2.5371619999978026	[2.16455398 0.95524054 1.98633605]
2.5371639999978024	[2.16344539 0.95427973 1.98530214]
2.5371659999978022	[2.16233365 0.95332077 1.98426527]
2.537167999997802	[2.16121873 0.95236371 1.98322544]
2.537169999997802	[2.16010065 0.95140858 1.98218264]
2.5371719999978017	[2.15897938 0.95045546 1.98113687]
2.5371739999978016	[2.15785497 0.94950441 1.98008816]
2.5371759999978014	[2.15672734 0.9485554  1.97903643]
2.5371779999978012	[2.15559654 0.94760856 1.97798176]
2.537179999997801	[2.15446257 0.9466639  1.97692411]
2.537181999997801	[2.15332539 0.94572151 1.97586347]
2.5371839999978008	[2.15218503 0.94478139 1.97479985]
2.5371859999978006	[2.15104147 0.9438436  1.97373325]
2.5371879999978004	[2.14989472 0.94290822 1.97266366]
2.5371899999978003	[2.14874475 0.94197525 1.97159107]
2.5371919999978	[2.14759156 0.94104476 1.97051548]
2.5371939999978	[2.14643517 0.9401168  1.96943689]
2.5371959999977998	[2.14527554 0.93919141 1.96835529]
2.5371979999977996	[2.14411269 0.93826864 1.96727068]
2.5371999999977994	[2.1429466  0.93734853 1.96618305]
2.5372019999977993	[2.14177725 0.93643114 1.96509239]
2.537203999997799	[2.14060466 0.93551649 1.9639987 ]
2.537205999997799	[2.13942881 0.93460464 1.96290197]
2.537207999997799	[2.13824968 0.93369564 1.96180219]
2.5372099999977986	[2.13706728 0.93278952 1.96069936]
2.5372119999977985	[2.1358816  0.93188633 1.95959347]
2.5372139999977983	[2.13469261 0.93098611 1.95848451]
2.537215999997798	[2.13350033 0.9300889  1.95737248]
2.537217999997798	[2.13230472 0.92919476 1.95625736]
2.537219999997798	[2.13110579 0.92830371 1.95513915]
2.5372219999977976	[2.12990353 0.92741581 1.95401783]
2.5372239999977975	[2.12869791 0.92653108 1.9528934 ]
2.5372259999977973	[2.12748894 0.92564958 1.95176585]
2.537227999997797	[2.12627661 0.9247713  1.95063517]
2.537229999997797	[2.12506088 0.92389641 1.94950135]
2.537231999997797	[2.12384177 0.92302481 1.94836437]
2.5372339999977966	[2.12261925 0.9221566  1.94722424]
2.5372359999977965	[2.12139332 0.92129181 1.94608093]
2.5372379999977963	[2.12016395 0.92043048 1.94493444]
2.537239999997796	[2.11893114 0.91957265 1.94378475]
2.537241999997796	[2.11769487 0.91871835 1.94263185]
2.537243999997796	[2.11645513 0.91786762 1.94147574]
2.5372459999977957	[2.11519544 0.91700695 1.94030127]
2.5372479999977955	[2.11398575 0.91619382 1.93917271]
2.5372499999977953	[2.11271486 0.91533723 1.93798789]
2.537251999997795	[2.11146116 0.9145012  1.93681883]
2.537253999997795	[2.11020385 0.91366888 1.93564644]
2.537255999997795	[2.10894298 0.91284034 1.93447075]
2.5372579999977947	[2.10767855 0.91201562 1.93329176]
2.5372599999977945	[2.10641052 0.91119476 1.93210944]
2.5372619999977943	[2.10513889 0.91037778 1.93092379]
2.537263999997794	[2.10386363 0.90956473 1.92973479]
2.537265999997794	[2.10258474 0.90875562 1.92854243]
2.537267999997794	[2.10130219 0.9079505  1.92734669]
2.5372699999977937	[2.10001597 0.9071494  1.92614756]
2.5372719999977935	[2.09872607 0.90635234 1.92494502]
2.5372739999977934	[2.09743246 0.90555936 1.92373906]
2.537275999997793	[2.09613513 0.9047705  1.92252966]
2.537277999997793	[2.09483405 0.90398576 1.92131681]
2.537279999997793	[2.09352922 0.90320518 1.92010049]
2.5372819999977927	[2.09222062 0.90242883 1.91888069]
2.5372839999977925	[2.09090823 0.90165667 1.9176574 ]
2.5372859999977924	[2.089592   0.90088879 1.91643057]
2.537287999997792	[2.08827196 0.90012517 1.91520022]
2.537289999997792	[2.08694807 0.89936587 1.91396633]
2.537291999997792	[2.08562031 0.8986109  1.91272887]
2.5372939999977917	[2.08428867 0.89786029 1.91148783]
2.5372959999977915	[2.08295312 0.89711406 1.9102432 ]
2.5372979999977914	[2.08161364 0.89637224 1.90899495]
2.537299999997791	[2.08027024 0.89563485 1.90774309]
2.537301999997791	[2.07892284 0.89490194 1.90648755]
2.537303999997791	[2.07757148 0.8941735  1.90522836]
2.5373059999977907	[2.07621612 0.89344957 1.90396549]
2.5373079999977906	[2.07485673 0.89273017 1.90269892]
2.5373099999977904	[2.0734933  0.89201532 1.90142864]
2.5373119999977902	[2.07212581 0.89130503 1.90015462]
2.53731399999779	[2.07075424 0.89059937 1.89887686]
2.53731599999779	[2.06937857 0.88989831 1.89759533]
2.5373179999977897	[2.06799877 0.88920188 1.89631   ]
2.5373199999977896	[2.06661483 0.88851012 1.89502088]
2.5373219999977894	[2.06522674 0.88782303 1.89372793]
2.5373239999977892	[2.06383446 0.88714064 1.89243115]
2.537325999997789	[2.06243797 0.88646297 1.89113051]
2.537327999997789	[2.06103727 0.88579003 1.88982599]
2.5373299999977887	[2.05963232 0.88512184 1.88851758]
2.5373319999977886	[2.05822311 0.88445842 1.88720526]
2.5373339999977884	[2.05680959 0.88379979 1.885889  ]
2.5373359999977882	[2.05539365 0.88314708 1.8845705 ]
2.537337999997788	[2.05396965 0.88249701 1.88324463]
2.537339999997788	[2.05254318 0.88185284 1.8819165 ]
2.5373419999977878	[2.05111234 0.88121353 1.88058435]
2.5373439999977876	[2.04967711 0.88057908 1.87924819]
2.5373459999977874	[2.04823748 0.87994951 1.87790799]
2.5373479999977873	[2.04679341 0.87932484 1.87656374]
2.537349999997787	[2.0453449  0.87870509 1.87521541]
2.537351999997787	[2.04389192 0.87809024 1.87386299]
2.5373539999977868	[2.04243444 0.87748035 1.87250646]
2.5373559999977866	[2.04097246 0.8768754  1.8711458 ]
2.5373579999977864	[2.03950594 0.87627541 1.869781  ]
2.5373599999977863	[2.03803487 0.87568039 1.86841203]
2.537361999997786	[2.03655923 0.87509036 1.86703889]
2.537363999997786	[2.035079   0.87450533 1.86566154]
2.537365999997786	[2.03359414 0.87392531 1.86427996]
2.5373679999977856	[2.03210467 0.8733503  1.86289417]
2.5373699999977855	[2.03061154 0.87278144 1.86150504]
2.5373719999977853	[2.0291117  0.8722154  1.86010976]
2.537373999997785	[2.0276082  0.87165551 1.85871115]
2.537375999997785	[2.02609998 0.87110067 1.85730823]
2.537377999997785	[2.02458703 0.87055091 1.85590098]
2.5373799999977846	[2.02306932 0.87000621 1.85448939]
2.5373819999977845	[2.02154683 0.8694666  1.85307343]
2.5373839999977843	[2.02001956 0.86893207 1.85165311]
2.537385999997784	[2.01848747 0.86840264 1.85022839]
2.537387999997784	[2.01695054 0.86787832 1.84879926]
2.537389999997784	[2.01540877 0.86735911 1.8473657 ]
2.5373919999977836	[2.01386212 0.86684503 1.84592769]
2.5373939999977835	[2.01231057 0.86633606 1.84448522]
2.5373959999977833	[2.01075412 0.86583223 1.84303827]
2.537397999997783	[2.00919274 0.86533354 1.84158682]
2.537399999997783	[2.00762641 0.86483999 1.84013085]
2.537401999997783	[2.0060551  0.86435159 1.83867036]
2.5374039999977827	[2.00447884 0.86386837 1.83720534]
2.5374059999977825	[2.00289752 0.86339026 1.83573571]
2.5374079999977823	[2.0013112  0.86291734 1.83426152]
2.537409999997782	[1.99971983 0.86244958 1.83278274]
2.537411999997782	[1.99812341 0.86198701 1.83129935]
2.537413999997782	[1.99652191 0.86152962 1.82981132]
2.5374159999977817	[1.99491531 0.8610774  1.82831866]
2.5374179999977815	[1.99330359 0.86063037 1.82682133]
2.5374199999977813	[1.99168674 0.86018853 1.82531932]
2.537421999997781	[1.99006475 0.85975189 1.82381263]
2.537423999997781	[1.98843758 0.85932044 1.82230122]
2.537425999997781	[1.98680523 0.85889419 1.82078509]
2.5374279999977807	[1.98516766 0.85847315 1.81926422]
2.5374299999977805	[1.98352489 0.85805731 1.81773861]
2.5374319999977804	[1.98187688 0.85764669 1.81620822]
2.53743399999778	[1.98022361 0.85724128 1.81467305]
2.53743599999778	[1.97856507 0.85684108 1.81313308]
2.53743799999778	[1.97690125 0.8564461  1.81158831]
2.5374399999977797	[1.97523212 0.85605635 1.8100387 ]
2.5374419999977795	[1.97355768 0.85567181 1.80848425]
2.5374439999977794	[1.97187789 0.85529251 1.80692495]
2.537445999997779	[1.97019277 0.85491842 1.80536079]
2.537447999997779	[1.96850227 0.85454958 1.80379173]
2.537449999997779	[1.96680639 0.85418597 1.80221778]
2.5374519999977787	[1.96510511 0.85382759 1.80063893]
2.5374539999977785	[1.96339842 0.85347445 1.79905514]
2.5374559999977784	[1.96168631 0.85312655 1.79746642]
2.537457999997778	[1.95996875 0.85278389 1.79587276]
2.537459999997778	[1.95824574 0.85244648 1.79427413]
2.537461999997778	[1.95651725 0.85211431 1.79267052]
2.5374639999977777	[1.95478328 0.85178739 1.79106193]
2.5374659999977776	[1.9530438  0.85146571 1.78944832]
2.5374679999977774	[1.95129883 0.85114931 1.78782973]
2.5374699999977772	[1.94954832 0.85083815 1.78620609]
2.537471999997777	[1.94779227 0.85053226 1.78457742]
2.537473999997777	[1.94603308 0.85023377 1.78294592]
2.5374759999977767	[1.94426349 0.84993632 1.78130492]
2.5374779999977766	[1.94249073 0.8496462  1.77966106]
2.5374799999977764	[1.94071239 0.84936137 1.77801213]
2.5374819999977762	[1.93892844 0.8490818  1.7763581 ]
2.537483999997776	[1.93713885 0.84880747 1.77469893]
2.537485999997776	[1.93534369 0.84853848 1.77303472]
2.5374879999977757	[1.93354284 0.84827473 1.77136533]
2.5374899999977756	[1.93173637 0.84801629 1.76969084]
2.5374919999977754	[1.92992427 0.84776318 1.76801122]
2.5374939999977753	[1.92810639 0.84751523 1.76632635]
2.537495999997775	[1.92628287 0.84727264 1.76463636]
2.537497999997775	[1.92445365 0.84703535 1.7629412 ]
2.5374999999977748	[1.92261873 0.84680335 1.76124085]
2.5375019999977746	[1.92077802 0.8465766  1.75953525]
2.5375039999977744	[1.91893031 0.84635443 1.75782326]
2.5375059999977743	[1.91707971 0.84613922 1.75610869]
2.537507999997774	[1.91522184 0.84592845 1.75438749]
2.537509999997774	[1.91335821 0.84572301 1.75266106]
2.5375119999977738	[1.91146447 0.84550178 1.75090705]
2.5375139999977736	[1.90961363 0.84532737 1.74919247]
2.5375159999977734	[1.90773263 0.8451379  1.74745027]
2.5375179999977733	[1.90584584 0.84495375 1.7457028 ]
2.537519999997773	[1.90395324 0.84477494 1.74395006]
2.537521999997773	[1.90205483 0.84460148 1.74219204]
2.537523999997773	[1.9001506  0.84443337 1.74042874]
2.5375259999977726	[1.89824051 0.8442706  1.73866011]
2.5375279999977725	[1.89632459 0.8441132  1.73688619]
2.5375299999977723	[1.89440281 0.84396116 1.73510695]
2.537531999997772	[1.89247518 0.84381449 1.73332239]
2.537533999997772	[1.89054167 0.84367321 1.7315325 ]
2.537535999997772	[1.88860229 0.8435373  1.72973727]
2.5375379999977716	[1.88665703 0.84340678 1.72793671]
2.5375399999977715	[1.88470586 0.84328166 1.72613077]
2.5375419999977713	[1.88274882 0.84316193 1.72431951]
2.537543999997771	[1.88078587 0.84304762 1.72250288]
2.537545999997771	[1.87881699 0.84293871 1.72068087]
2.537547999997771	[1.8768422  0.84283521 1.71885348]
2.5375499999977706	[1.87486148 0.84273717 1.71702072]
2.5375519999977705	[1.87287485 0.84264455 1.71518258]
2.5375539999977703	[1.87088226 0.84255737 1.71333905]
2.53755599999777	[1.86888374 0.84247563 1.71149012]
2.53755799999777	[1.86687926 0.84239935 1.70963578]
2.53755999999777	[1.86486881 0.8423285  1.70777602]
2.5375619999977697	[1.86285244 0.84226319 1.70591088]
2.5375639999977695	[1.86083009 0.84220333 1.70404031]
2.5375659999977693	[1.85880176 0.84214895 1.70216432]
2.537567999997769	[1.85676747 0.84210006 1.70028291]
2.537569999997769	[1.85472719 0.84205667 1.69839606]
2.537571999997769	[1.85268092 0.8420188  1.69650378]
2.5375739999977687	[1.85062866 0.84198644 1.69460606]
2.5375759999977685	[1.8485875  0.84197276 1.69271855]
2.5375779999977683	[1.84650598 0.84193885 1.69079412]
2.537579999997768	[1.8444358  0.84192314 1.68888012]
2.537581999997768	[1.84234943 0.84190304 1.68695137]
2.537583999997768	[1.84027744 0.84190783 1.68503578]
2.5375859999977677	[1.83818915 0.84190878 1.68310535]
2.5375879999977675	[1.83609486 0.8419153  1.68116946]
2.5375899999977674	[1.83399455 0.84192741 1.6792281 ]
2.537591999997767	[1.8319077  0.84196116 1.67729914]
2.537593999997767	[1.82977552 0.84196891 1.67532866]
2.537595999997767	[1.82765538 0.84199676 1.67336929]
2.5375979999977667	[1.82553279 0.84203238 1.67140771]
2.5375999999977665	[1.82340236 0.84207258 1.66943899]
2.5376019999977664	[1.82126589 0.84211842 1.6674648 ]
2.537603999997766	[1.81912338 0.84216991 1.66548513]
2.537605999997766	[1.81697484 0.84222708 1.66349997]
2.537607999997766	[1.81482027 0.84228991 1.66150933]
2.5376099999977657	[1.81266075 0.84236084 1.65951415]
2.5376119999977655	[1.81049278 0.84243269 1.65751139]
2.5376139999977654	[1.80832007 0.84251257 1.65550427]
2.537615999997765	[1.8061186  0.84258056 1.6534709 ]
2.537617999997765	[1.80395705 0.84268906 1.65147407]
2.537619999997765	[1.80176623 0.84278616 1.64945051]
2.5376219999977647	[1.79956937 0.84288899 1.64742146]
2.5376239999977646	[1.79736644 0.84299757 1.64538689]
2.5376259999977644	[1.7951575  0.84311189 1.64334687]
2.5376279999977642	[1.79296593 0.84325012 1.64132282]
2.537629999997764	[1.79072099 0.84335845 1.63924989]
2.537631999997764	[1.78849392 0.84349014 1.63719339]
2.5376339999977637	[1.78626079 0.84362762 1.63513139]
2.5376359999977636	[1.78402162 0.84377092 1.6330639 ]
2.5376379999977634	[1.78177641 0.84392004 1.63099092]
2.5376399999977632	[1.77952517 0.84407499 1.62891245]
2.537641999997763	[1.77726789 0.84423577 1.6268285 ]
2.537643999997763	[1.77500455 0.8444024  1.62473905]
2.5376459999977627	[1.77273519 0.84457488 1.62264412]
2.5376479999977626	[1.77045979 0.84475323 1.6205437 ]
2.5376499999977624	[1.76817836 0.84493746 1.6184378 ]
2.5376519999977623	[1.7658909  0.84512758 1.61632642]
2.537653999997762	[1.76359743 0.84532358 1.61420957]
2.537655999997762	[1.76129791 0.84552548 1.61208723]
2.5376579999977618	[1.75899238 0.8457333  1.60995942]
2.5376599999977616	[1.75668083 0.84594703 1.60782614]
2.5376619999977614	[1.75436326 0.84616669 1.60568738]
2.5376639999977613	[1.75203968 0.84639228 1.60354315]
2.537665999997761	[1.74971008 0.84662382 1.60139346]
2.537667999997761	[1.74737448 0.84686131 1.59923831]
2.5376699999977608	[1.74502313 0.84709719 1.59706871]
2.5376719999977606	[1.74268544 0.84735404 1.59491177]
2.5376739999977604	[1.74033182 0.84760942 1.59274023]
2.5376759999977603	[1.73797224 0.84787079 1.59056326]
2.53767799999776	[1.73560801 0.84813829 1.58838207]
2.53767999999776	[1.73323512 0.84841151 1.586193  ]
2.53768199999776	[1.73085758 0.84869086 1.58399968]
2.5376839999977596	[1.72847406 0.84897621 1.58180094]
2.5376859999977595	[1.72608458 0.84926759 1.57959677]
2.5376879999977593	[1.72368914 0.84956499 1.57738718]
2.537689999997759	[1.72128773 0.84986842 1.57517215]
2.537691999997759	[1.71888037 0.85017786 1.57295171]
2.537693999997759	[1.71646708 0.85049336 1.57072586]
2.5376959999977586	[1.71404784 0.85081491 1.56849461]
2.5376979999977585	[1.71162265 0.85114249 1.56625794]
2.5376999999977583	[1.70919155 0.85147613 1.56401588]
2.537701999997758	[1.70675452 0.85181583 1.56176843]
2.537703999997758	[1.70431157 0.8521616  1.55951558]
2.537705999997758	[1.70186272 0.85251342 1.55725737]
2.5377079999977576	[1.69940798 0.85287134 1.55499378]
2.5377099999977575	[1.69694733 0.85323532 1.55272482]
2.5377119999977573	[1.6944808  0.85360538 1.5504505 ]
2.537713999997757	[1.6920084  0.85398154 1.54817083]
2.537715999997757	[1.68953021 0.85436382 1.54588589]
2.537717999997757	[1.68704596 0.85475207 1.54359542]
2.5377199999977567	[1.684556   0.85514651 1.54129975]
2.5377219999977565	[1.68206018 0.85554703 1.53899874]
2.5377239999977563	[1.67955851 0.85595364 1.5366924 ]
2.537725999997756	[1.67705095 0.85636627 1.53438069]
2.537727999997756	[1.67453771 0.85678515 1.53206381]
2.537729999997756	[1.67201859 0.85721007 1.52974156]
2.5377319999977557	[1.66949368 0.85764108 1.52741403]
2.5377339999977555	[1.66696298 0.85807821 1.52508123]
2.5377359999977553	[1.66442659 0.8585215  1.52274324]
2.537737999997755	[1.66188425 0.85897077 1.52039981]
2.537739999997755	[1.65933625 0.85942622 1.51805123]
2.537741999997755	[1.65678251 0.85988777 1.51569741]
2.5377439999977547	[1.65422303 0.86035542 1.51333835]
2.5377459999977545	[1.65165783 0.86082919 1.51097408]
2.5377479999977544	[1.64908691 0.86130906 1.50860459]
2.537749999997754	[1.6465103  0.86179503 1.50622991]
2.537751999997754	[1.643928   0.8622871  1.50385002]
2.537753999997754	[1.64134004 0.86278529 1.50146498]
2.5377559999977537	[1.6387464  0.86328957 1.49907475]
2.5377579999977535	[1.63614712 0.86379995 1.49667938]
2.5377599999977534	[1.63354221 0.86431642 1.49427885]
2.537761999997753	[1.63093167 0.86483899 1.4918732 ]
2.537763999997753	[1.62831553 0.86536765 1.48946242]
2.537765999997753	[1.62569379 0.86590239 1.48704653]
2.5377679999977527	[1.62306647 0.86644323 1.48462554]
2.5377699999977525	[1.62043399 0.86699071 1.4821999 ]
2.5377719999977524	[1.61779515 0.86754305 1.47976834]
2.537773999997752	[1.61515119 0.86810213 1.47733215]
2.537775999997752	[1.61250172 0.86866727 1.47489093]
2.537777999997752	[1.60984672 0.86923848 1.47244464]
2.5377799999977517	[1.60718624 0.86981575 1.46999336]
2.5377819999977516	[1.60452029 0.87039908 1.46753708]
2.5377839999977514	[1.60184889 0.87098846 1.4650758 ]
2.5377859999977512	[1.59917205 0.87158389 1.46260956]
2.537787999997751	[1.59648979 0.87218535 1.46013836]
2.537789999997751	[1.59380212 0.87279286 1.45766221]
2.5377919999977507	[1.59110908 0.87340636 1.45518115]
2.5377939999977506	[1.58841065 0.87402595 1.45269516]
2.5377959999977504	[1.58570688 0.87465152 1.45020428]
2.5377979999977502	[1.58299778 0.8752831  1.44770852]
2.53779999999775	[1.58028336 0.87592069 1.4452079 ]
2.53780199999775	[1.57756365 0.87656428 1.44270244]
2.5378039999977497	[1.57483867 0.87721385 1.44019214]
2.5378059999977496	[1.57210843 0.87786941 1.43767704]
2.5378079999977494	[1.56937296 0.87853094 1.43515714]
2.5378099999977493	[1.56663227 0.87919844 1.43263247]
2.537811999997749	[1.5638864  0.8798719  1.43010305]
2.537813999997749	[1.56113534 0.88055131 1.42756888]
2.5378159999977488	[1.55837915 0.88123666 1.42503001]
2.5378179999977486	[1.55561782 0.88192796 1.42248642]
2.5378199999977484	[1.55285137 0.88262518 1.41993816]
2.5378219999977483	[1.55007985 0.88332831 1.41738524]
2.537823999997748	[1.54730326 0.88403736 1.41482768]
2.537825999997748	[1.54452164 0.8847523  1.41226549]
2.5378279999977478	[1.54173499 0.88547314 1.40969871]
2.5378299999977476	[1.53894336 0.88619985 1.40712735]
2.5378319999977474	[1.53614676 0.88693244 1.40455144]
2.5378339999977473	[1.5333452  0.88767089 1.40197099]
2.537835999997747	[1.53053873 0.8884152  1.39938603]
2.537837999997747	[1.52772736 0.88916535 1.39679657]
2.537839999997747	[1.52491113 0.88992133 1.39420264]
2.5378419999977466	[1.52209005 0.89068312 1.39160427]
2.5378439999977465	[1.51926415 0.89145074 1.38900148]
2.5378459999977463	[1.51643345 0.89222415 1.38639429]
2.537847999997746	[1.51359799 0.89300336 1.38378272]
2.537849999997746	[1.51075779 0.89378835 1.3811668 ]
2.537851999997746	[1.50791288 0.8945791  1.37854655]
2.5378539999977456	[1.50506327 0.89537562 1.37592199]
2.5378559999977455	[1.50220901 0.89617788 1.37329316]
2.5378579999977453	[1.49935012 0.89698588 1.37066008]
2.537859999997745	[1.49648664 0.89779961 1.36802277]
2.537861999997745	[1.49361857 0.89861904 1.36538125]
2.537863999997745	[1.49074596 0.89944417 1.36273556]
2.5378659999977446	[1.48786882 0.90027503 1.3600857 ]
2.5378679999977445	[1.48498722 0.90111151 1.35743175]
2.5378699999977443	[1.48210115 0.90195369 1.35477369]
2.537871999997744	[1.47921066 0.90280151 1.35211156]
2.537873999997744	[1.47631577 0.90365498 1.34944539]
2.537875999997744	[1.47341652 0.90451409 1.3467752 ]
2.5378779999977437	[1.47051294 0.9053788  1.34410103]
2.5378799999977435	[1.46760505 0.90624913 1.3414229 ]
2.5378819999977433	[1.4646929  0.90712506 1.33874085]
2.537883999997743	[1.4617765  0.90800656 1.33605489]
2.537885999997743	[1.4588559  0.90889363 1.33336506]
2.537887999997743	[1.45593112 0.90978626 1.33067139]
2.5378899999977427	[1.45300221 0.91068443 1.32797391]
2.5378919999977425	[1.45006919 0.91158813 1.32527265]
2.5378939999977423	[1.44713209 0.91249735 1.32256764]
2.537895999997742	[1.44419097 0.91341207 1.31985891]
2.537897999997742	[1.44124582 0.91433229 1.31714648]
2.537899999997742	[1.4382967  0.91525799 1.3144304 ]
2.5379019999977417	[1.43534365 0.91618915 1.31171069]
2.5379039999977415	[1.4323867  0.91712577 1.30898739]
2.5379059999977414	[1.42942588 0.91806782 1.30626052]
2.537907999997741	[1.42646123 0.9190153  1.30353012]
2.537909999997741	[1.42349278 0.91996819 1.30079622]
2.537911999997741	[1.42052057 0.92092648 1.29805886]
2.5379139999977407	[1.41754464 0.92189016 1.29531806]
2.5379159999977405	[1.41456502 0.9228592  1.29257386]
2.5379179999977404	[1.41158175 0.92383361 1.2898263 ]
2.53791999999774	[1.40859486 0.92481336 1.2870754 ]
2.53792199999774	[1.4056044  0.92579844 1.28432121]
2.53792399999774	[1.4026104  0.92678884 1.28156374]
2.5379259999977397	[1.39961289 0.92778454 1.27880305]
2.5379279999977395	[1.39661192 0.92878553 1.27603916]
2.5379299999977394	[1.39360753 0.92979179 1.27327211]
2.537931999997739	[1.39059975 0.93080331 1.27050194]
2.537933999997739	[1.38758861 0.93182008 1.26772866]
2.537935999997739	[1.38457417 0.93284208 1.26495234]
2.5379379999977387	[1.38155646 0.9338693  1.26217299]
2.5379399999977386	[1.37853551 0.93490172 1.25939066]
2.5379419999977384	[1.37551137 0.93593934 1.25660538]
2.5379439999977382	[1.37248394 0.93698224 1.25381706]
2.537945999997738	[1.36945367 0.93803009 1.25102612]
2.537947999997738	[1.3664202  0.93908318 1.24823223]
2.5379499999977377	[1.36338367 0.9401414  1.2454355 ]
2.5379519999977376	[1.36034416 0.94120474 1.24263602]
2.5379539999977374	[1.35730169 0.94227319 1.23983381]
2.5379559999977372	[1.35425631 0.94334672 1.23702891]
2.537957999997737	[1.35120806 0.94442532 1.23422135]
2.537959999997737	[1.34815698 0.94550898 1.23141118]
2.5379619999977368	[1.3451031  0.94659768 1.22859843]
2.5379639999977366	[1.34204647 0.9476914  1.22578313]
2.5379659999977364	[1.33898714 0.94879015 1.22296533]
2.5379679999977363	[1.33592514 0.94989388 1.22014506]
2.537969999997736	[1.33286051 0.9510026  1.21732237]
2.537971999997736	[1.3297933  0.95211629 1.21449728]
2.5379739999977358	[1.32672355 0.95323493 1.21166985]
2.5379759999977356	[1.32365129 0.95435851 1.20884009]
2.5379779999977354	[1.32057658 0.955487   1.20600807]
2.5379799999977353	[1.31749658 0.95661318 1.20317119]
2.537981999997735	[1.31442008 0.95775853 1.20033747]
2.537983999997735	[1.31133826 0.95890172 1.19749887]
2.5379859999977348	[1.30825413 0.96004975 1.19465814]
2.5379879999977346	[1.30516776 0.96120263 1.19181532]
2.5379899999977344	[1.30207918 0.96236033 1.18897046]
2.5379919999977343	[1.29898843 0.96352285 1.1861236 ]
2.537993999997734	[1.29589557 0.96469016 1.18327477]
2.537995999997734	[1.29280062 0.96586226 1.18042402]
2.537997999997734	[1.28970364 0.96703912 1.17757139]
2.5379999999977336	[1.28660468 0.96822073 1.17471692]
2.5380019999977335	[1.28350375 0.96940707 1.17186062]
2.5380039999977333	[1.28040092 0.97059813 1.16900257]
2.538005999997733	[1.27729622 0.9717939  1.16614279]
2.538007999997733	[1.2741897  0.97299435 1.16328132]
2.538009999997733	[1.27108141 0.97419947 1.1604182 ]
2.5380119999977326	[1.26797137 0.97540924 1.15755348]
2.5380139999977325	[1.26485964 0.97662366 1.15468718]
2.5380159999977323	[1.26174626 0.97784269 1.15181935]
2.538017999997732	[1.25863127 0.97906633 1.14895004]
2.538019999997732	[1.25551472 0.98029456 1.14607927]
2.538021999997732	[1.25239664 0.98152737 1.14320709]
2.5380239999977317	[1.24927708 0.98276473 1.14033354]
2.5380259999977315	[1.24615608 0.98400663 1.13745865]
2.5380279999977313	[1.24303369 0.98525306 1.13458247]
2.538029999997731	[1.23990994 0.98650399 1.13170504]
2.538031999997731	[1.23678488 0.98775942 1.12882639]
2.538033999997731	[1.23365856 0.98901932 1.12594657]
2.5380359999977307	[1.23053101 0.99028368 1.12306561]
2.5380379999977305	[1.22740227 0.99155248 1.12018356]
2.5380399999977303	[1.22427239 0.99282571 1.11730044]
2.53804199999773	[1.22114142 0.99410335 1.11441631]
2.53804399999773	[1.21800939 0.99538538 1.1115312 ]
2.53804599999773	[1.21486643 0.99666347 1.10863604]
2.5380479999977297	[1.21174247 0.99796227 1.10575833]
2.5380499999977295	[1.20860751 0.9992574  1.1028705 ]
2.5380519999977293	[1.20547167 1.00055685 1.09998186]
2.538053999997729	[1.20233498 1.00186059 1.09709243]
2.538055999997729	[1.19919748 1.00316863 1.09420225]
2.538057999997729	[1.19605922 1.00448095 1.09131137]
2.5380599999977287	[1.19292024 1.00579753 1.08841981]
2.5380619999977285	[1.18978057 1.00711835 1.08552763]
2.5380639999977284	[1.18664026 1.00844341 1.08263485]
2.538065999997728	[1.18349935 1.00977267 1.07974151]
2.538067999997728	[1.18035789 1.01110613 1.07684766]
2.538069999997728	[1.1772159  1.01244378 1.07395333]
2.5380719999977277	[1.17407344 1.01378557 1.07105855]
2.5380739999977275	[1.17093054 1.01513151 1.06816338]
2.5380759999977274	[1.16778724 1.01648158 1.06526783]
2.538077999997727	[1.16464359 1.01783577 1.06237196]
2.538079999997727	[1.16149962 1.01919405 1.0594758 ]
2.538081999997727	[1.15835537 1.02055641 1.05657938]
2.5380839999977267	[1.15521088 1.02192284 1.05368273]
2.5380859999977265	[1.15206621 1.02329331 1.05078592]
2.5380879999977264	[1.1489218  1.02466826 1.04788936]
2.538089999997726	[1.14577641 1.02604635 1.04499189]
2.538091999997726	[1.14263137 1.02742886 1.04209476]
2.538093999997726	[1.1394863  1.02881536 1.03919758]
2.5380959999977257	[1.13634122 1.03020582 1.03630041]
2.5380979999977256	[1.13319618 1.03160023 1.03340328]
2.5380999999977254	[1.13005122 1.03299858 1.03050623]
2.5381019999977252	[1.12690635 1.03440083 1.02760926]
2.538103999997725	[1.12376168 1.035807   1.02471248]
2.538105999997725	[1.12061717 1.03721705 1.02181586]
2.5381079999977247	[1.1174729  1.03863097 1.01891946]
2.5381099999977246	[1.11432897 1.04004876 1.01602338]
2.5381119999977244	[1.11118518 1.04147035 1.01312744]
2.5381139999977242	[1.10804182 1.04289578 1.0102319 ]
2.538115999997724	[1.10489883 1.04432501 1.00733671]
2.538117999997724	[1.10175626 1.04575804 1.00444192]
2.5381199999977238	[1.09861415 1.04719485 1.00154755]
2.5381219999977236	[1.09547252 1.04863541 0.99865364]
2.5381239999977234	[1.09233141 1.05007971 0.99576022]
2.5381259999977233	[1.08919087 1.05152774 0.99286733]
2.538127999997723	[1.08605093 1.05297949 0.989975  ]
2.538129999997723	[1.08291162 1.05443493 0.98708327]
2.5381319999977228	[1.07977298 1.05589406 0.98419217]
2.5381339999977226	[1.07663504 1.05735685 0.98130173]
2.5381359999977224	[1.07349784 1.0588233  0.97841198]
2.5381379999977223	[1.07036142 1.06029338 0.97552296]
2.538139999997722	[1.06722581 1.06176708 0.9726347 ]
2.538141999997722	[1.06409105 1.06324439 0.96974724]
2.538143999997722	[1.06095716 1.0647253  0.9668606 ]
2.5381459999977216	[1.05782419 1.06620977 0.96397481]
2.5381479999977214	[1.05469217 1.06769782 0.96108992]
2.5381499999977213	[1.05156113 1.06918941 0.95820595]
2.538151999997721	[1.0484311  1.07068454 0.95532292]
2.538153999997721	[1.04530214 1.07218318 0.9524409 ]
2.538155999997721	[1.04217424 1.07368532 0.94955988]
2.5381579999977206	[1.03904748 1.07519096 0.94667991]
2.5381599999977205	[1.03592185 1.07670008 0.94380102]
2.5381619999977203	[1.03279741 1.07821265 0.94092324]
2.53816399999772	[1.02967419 1.07972867 0.9380466 ]
2.53816599999772	[1.02655222 1.08124813 0.93517113]
2.53816799999772	[1.02343152 1.082771   0.93229686]
2.5381699999977196	[1.02031214 1.08429728 0.92942382]
2.5381719999977195	[1.0171941  1.08582695 0.92655204]
2.5381739999977193	[1.01407745 1.08735999 0.92368156]
2.538175999997719	[1.01096219 1.0888964  0.92081239]
2.538177999997719	[1.00784838 1.09043616 0.91794458]
2.538179999997719	[1.00473604 1.09197925 0.91507814]
2.5381819999977187	[1.0016252  1.09352566 0.91221311]
2.5381839999977185	[0.99851589 1.09507538 0.90934952]
2.5381859999977183	[0.99540815 1.0966284  0.9064874 ]
2.538187999997718	[0.99230201 1.09818469 0.90362678]
2.538189999997718	[0.98919748 1.09974426 0.90076767]
2.538191999997718	[0.98609461 1.10130707 0.89791012]
2.5381939999977177	[0.98299343 1.10287313 0.89505415]
2.5381959999977175	[0.97989396 1.10444241 0.89219979]
2.5381979999977173	[0.97679624 1.1060149  0.88934707]
2.538199999997717	[0.97370028 1.10759059 0.886496  ]
2.538201999997717	[0.97060614 1.10916947 0.88364663]
2.538203999997717	[0.96751382 1.11075152 0.88079898]
2.5382059999977167	[0.96442336 1.11233672 0.87795308]
2.5382079999977165	[0.96133479 1.11392508 0.87510894]
2.5382099999977163	[0.95824815 1.11551656 0.87226661]
2.538211999997716	[0.95516345 1.11711115 0.86942611]
2.538213999997716	[0.95208072 1.11870886 0.86658745]
2.538215999997716	[0.949      1.12030965 0.86375067]
2.5382179999977157	[0.94592131 1.12191352 0.8609158 ]
2.5382199999977155	[0.94284467 1.12352045 0.85808286]
2.5382219999977154	[0.93977012 1.12513044 0.85525188]
2.538223999997715	[0.93669768 1.12674345 0.85242288]
2.538225999997715	[0.93362739 1.12835949 0.84959589]
2.538227999997715	[0.93055926 1.12997854 0.84677094]
2.5382299999977147	[0.92749333 1.13160058 0.84394804]
2.5382319999977145	[0.92442961 1.13322559 0.84112723]
2.5382339999977144	[0.92136814 1.13485358 0.83830852]
2.538235999997714	[0.91830894 1.13648451 0.83549195]
2.538237999997714	[0.91525204 1.13811838 0.83267754]
2.538239999997714	[0.91219747 1.13975518 0.8298653 ]
2.5382419999977137	[0.90914525 1.14139488 0.82705528]
2.5382439999977136	[0.9060954  1.14303747 0.82424749]
2.5382459999977134	[0.90304796 1.14468295 0.82144195]
2.5382479999977132	[0.90000294 1.14633128 0.81863868]
2.538249999997713	[0.89696041 1.14798246 0.81583776]
2.538251999997713	[0.89392028 1.14963648 0.81303909]
2.5382539999977127	[0.89087797 1.15129653 0.81023847]
2.5382559999977126	[0.8878476  1.15295296 0.80744886]
2.5382579999977124	[0.88481508 1.15461539 0.80465733]
2.5382599999977122	[0.88178514 1.15628058 0.80186823]
2.538261999997712	[0.8787578  1.15794854 0.79908156]
2.538263999997712	[0.87573308 1.15961923 0.79629736]
2.5382659999977117	[0.87271099 1.16129264 0.79351563]
2.5382679999977116	[0.86969159 1.16296875 0.79073642]
2.5382699999977114	[0.86667487 1.16464756 0.78795973]
2.5382719999977112	[0.86366086 1.16632903 0.7851856 ]
2.538273999997711	[0.8606496  1.16801316 0.78241403]
2.538275999997711	[0.85764109 1.16969993 0.77964505]
2.5382779999977108	[0.85463536 1.17138932 0.77687869]
2.5382799999977106	[0.85163243 1.17308129 0.77411496]
2.5382819999977104	[0.84863233 1.17477586 0.77135388]
2.5382839999977103	[0.84563508 1.17647299 0.76859548]
2.53828599999771	[0.8426407  1.17817266 0.76583978]
2.53828799999771	[0.83964921 1.17987486 0.76308679]
2.5382899999977098	[0.83666062 1.18157956 0.76033653]
2.5382919999977096	[0.83367498 1.18328675 0.75758904]
2.5382939999977094	[0.83069228 1.1849964  0.75484432]
2.5382959999977093	[0.82771256 1.1867085  0.75210239]
2.538297999997709	[0.82473584 1.18842303 0.74936327]
2.538299999997709	[0.82176212 1.19013995 0.74662699]
2.538301999997709	[0.81879145 1.19185926 0.74389357]
2.5383039999977086	[0.81582383 1.19358093 0.74116301]
2.5383059999977085	[0.81285928 1.19530493 0.73843534]
2.5383079999977083	[0.80989782 1.19703126 0.73571058]
2.538309999997708	[0.80693948 1.19875987 0.73298875]
2.538311999997708	[0.80398427 1.20049075 0.73026985]
2.538313999997708	[0.80103229 1.20222388 0.72755401]
2.5383159999977076	[0.79808331 1.20395923 0.72484097]
2.5383179999977075	[0.79513846 1.20569577 0.72213179]
2.5383199999977073	[0.79219509 1.2074365  0.71942407]
2.538321999997707	[0.78925582 1.20917837 0.71672016]
2.538323999997707	[0.78631978 1.21092235 0.7140193 ]
2.538325999997707	[0.783387   1.21266843 0.7113215 ]
2.5383279999977066	[0.7804575  1.21441658 0.70862678]
2.5383299999977065	[0.77753129 1.21616677 0.70593516]
2.5383319999977063	[0.77460839 1.21791897 0.70324665]
2.538333999997706	[0.77168881 1.21967315 0.70056127]
2.538335999997706	[0.76877258 1.2214293  0.69787904]
2.538337999997706	[0.76585971 1.22318737 0.69519996]
2.5383399999977057	[0.76295021 1.2249473  0.69252406]
2.5383419999977055	[0.7600441  1.22670919 0.68985134]
2.5383439999977053	[0.75714139 1.22847286 0.68718183]
2.538345999997705	[0.75424211 1.23023835 0.68451554]
2.538347999997705	[0.75134626 1.23200562 0.68185248]
2.538349999997705	[0.74845387 1.23377463 0.67919267]
2.5383519999977047	[0.74556494 1.23554536 0.67653612]
2.5383539999977045	[0.74267949 1.23731777 0.67388285]
2.5383559999977043	[0.73979753 1.23909183 0.67123286]
2.538357999997704	[0.73691908 1.2408675  0.66858618]
2.538359999997704	[0.73404415 1.24264475 0.66594281]
2.538361999997704	[0.73117276 1.24442355 0.66330276]
2.5383639999977037	[0.72830491 1.24620385 0.66066606]
2.5383659999977035	[0.72544064 1.24798565 0.65803271]
2.5383679999977034	[0.72257993 1.24976888 0.65540273]
2.538369999997703	[0.71972281 1.25155351 0.65277612]
2.538371999997703	[0.7168693  1.25333951 0.6501529 ]
2.538373999997703	[0.71401939 1.25512684 0.64753308]
2.5383759999977027	[0.7111731  1.25691545 0.64491667]
2.5383779999977025	[0.70833045 1.25870533 0.64230369]
2.5383799999977024	[0.70549145 1.26049641 0.63969414]
2.538381999997702	[0.70265611 1.26228867 0.63708803]
2.538383999997702	[0.69982443 1.26408207 0.63448539]
2.538385999997702	[0.69699644 1.26587655 0.6318862 ]
2.5383879999977017	[0.69417213 1.2676721  0.6292905 ]
2.5383899999977015	[0.69135153 1.26946865 0.62669828]
2.5383919999977014	[0.68853464 1.27126617 0.62410955]
2.538393999997701	[0.68572147 1.27306462 0.62152433]
2.538395999997701	[0.68291203 1.274864   0.61894263]
2.538397999997701	[0.68010634 1.27666414 0.61636445]
2.5383999999977007	[0.67730439 1.27846512 0.61378981]
2.5384019999977006	[0.67450621 1.28026685 0.6112187 ]
2.5384039999977004	[0.67171179 1.28206929 0.60865115]
2.5384059999977002	[0.66892225 1.2838719  0.60608816]
2.5384079999977	[0.66613429 1.28567612 0.60352673]
2.5384099999977	[0.66335124 1.28748042 0.60096988]
2.5384119999976997	[0.66057198 1.28928524 0.59841661]
2.5384139999976996	[0.65779653 1.29109054 0.59586693]
2.5384159999976994	[0.65502491 1.29289627 0.59332086]
2.5384179999976992	[0.6522571  1.29470238 0.59077839]
2.538419999997699	[0.64949312 1.29650885 0.58823951]
2.538421999997699	[0.64673301 1.29831558 0.58570429]
2.5384239999976987	[0.64397673 1.30012255 0.58317268]
2.5384259999976986	[0.6412243  1.30192972 0.5806447 ]
2.5384279999976984	[0.63847574 1.30373703 0.57812037]
2.5384299999976982	[0.63573105 1.30554442 0.57559968]
2.538431999997698	[0.63299023 1.30735186 0.57308265]
2.538433999997698	[0.63025329 1.30915928 0.57056926]
2.5384359999976978	[0.62752024 1.31096665 0.56805955]
2.5384379999976976	[0.62479108 1.31277389 0.56555351]
2.5384399999976974	[0.62206582 1.31458097 0.56305114]
2.5384419999976973	[0.61934446 1.31638783 0.56055246]
2.538443999997697	[0.61662701 1.31819442 0.55805746]
2.538445999997697	[0.61391349 1.32000069 0.55556615]
2.5384479999976968	[0.61120387 1.32180657 0.55307854]
2.5384499999976966	[0.60849819 1.32361203 0.55059463]
2.5384519999976964	[0.6057964  1.32541701 0.5481144 ]
2.5384539999976963	[0.60309861 1.32722145 0.54563794]
2.538455999997696	[0.60040332 1.32902706 0.54316387]
2.538457999997696	[0.59771474 1.33082851 0.54069605]
2.538459999997696	[0.59502875 1.33263099 0.53823072]
2.5384619999976956	[0.59234671 1.33443273 0.53576912]
2.5384639999976955	[0.58966864 1.33623365 0.53331124]
2.5384659999976953	[0.58699452 1.3380337  0.53085711]
2.538467999997695	[0.58432437 1.33983284 0.52840671]
2.538469999997695	[0.58165818 1.34163098 0.52596006]
2.538471999997695	[0.57899598 1.3434281  0.52351716]
2.5384739999976946	[0.57633846 1.34522491 0.52107866]
2.5384759999976945	[0.57368347 1.34701903 0.51864258]
2.5384779999976943	[0.5710332  1.34881271 0.51621094]
2.538479999997694	[0.56838692 1.35060512 0.51378306]
2.538481999997694	[0.56574462 1.35239622 0.51135894]
2.538483999997694	[0.56310634 1.35418595 0.5089386 ]
2.5384859999976936	[0.56047203 1.35597423 0.50652201]
2.5384879999976935	[0.55784173 1.35776104 0.5041092 ]
2.5384899999976933	[0.55521543 1.35954629 0.50170017]
2.538491999997693	[0.55259315 1.36132996 0.49929493]
2.538493999997693	[0.54997486 1.36311195 0.49689345]
2.538495999997693	[0.54736058 1.36489222 0.49449575]
2.5384979999976927	[0.54475034 1.36667074 0.49210187]
2.5384999999976925	[0.5421441  1.36844742 0.48971176]
2.5385019999976923	[0.53954188 1.37022221 0.48732544]
2.538503999997692	[0.53694369 1.37199506 0.48494292]
2.538505999997692	[0.53434953 1.3737659  0.4825642 ]
2.538507999997692	[0.53175939 1.37553469 0.48018927]
2.5385099999976917	[0.52917329 1.37730136 0.47781815]
2.5385119999976915	[0.52659122 1.37906586 0.47545084]
2.5385139999976913	[0.52401318 1.38082812 0.47308732]
2.538515999997691	[0.52143919 1.3825881  0.47072762]
2.538517999997691	[0.51886924 1.38434574 0.46837174]
2.538519999997691	[0.51630333 1.38610097 0.46601966]
2.5385219999976907	[0.51374147 1.38785375 0.46367141]
2.5385239999976905	[0.51118366 1.38960402 0.46132697]
2.5385259999976904	[0.50862991 1.39135172 0.45898636]
2.53852799999769	[0.50608021 1.39309679 0.45664957]
2.53852999999769	[0.50353457 1.39483919 0.4543166 ]
2.53853199999769	[0.50099298 1.39657884 0.45198747]
2.5385339999976897	[0.49845547 1.39831571 0.44966217]
2.5385359999976895	[0.49592202 1.40004973 0.44734069]
2.5385379999976894	[0.49339264 1.40178085 0.44502306]
2.538539999997689	[0.49086733 1.40350901 0.44270927]
2.538541999997689	[0.4883461  1.40523415 0.44039932]
2.538543999997689	[0.48582894 1.40695624 0.43809321]
2.5385459999976887	[0.48331586 1.40867521 0.43579094]
2.5385479999976885	[0.48080686 1.410391   0.43349252]
2.5385499999976884	[0.47830195 1.41210356 0.43119795]
2.538551999997688	[0.47580113 1.41381284 0.42890724]
2.538553999997688	[0.47330441 1.41551881 0.42662039]
2.538555999997688	[0.47081177 1.41722137 0.42433739]
2.5385579999976877	[0.46832323 1.4189205  0.42205825]
2.5385599999976876	[0.4658388  1.42061615 0.41978298]
2.5385619999976874	[0.46335847 1.42230825 0.41751158]
2.5385639999976872	[0.46088225 1.42399676 0.41524405]
2.538565999997687	[0.45841147 1.42568293 0.4129816 ]
2.538567999997687	[0.45594211 1.42736283 0.41072058]
2.5385699999976867	[0.45347823 1.42904025 0.40846467]
2.5385719999976866	[0.45101847 1.43071389 0.40621264]
2.5385739999976864	[0.44856242 1.43238012 0.40396413]
2.5385759999976862	[0.44611136 1.43404955 0.40172028]
2.538577999997686	[0.44366399 1.43571152 0.39947992]
2.538579999997686	[0.44122052 1.43736955 0.39724325]
2.5385819999976857	[0.43878162 1.43902344 0.39501086]
2.5385839999976856	[0.43634667 1.44067331 0.39278219]
2.5385859999976854	[0.43391585 1.44231904 0.39055742]
2.5385879999976853	[0.43148918 1.44396061 0.38833655]
2.538589999997685	[0.42906666 1.44559795 0.3861196 ]
2.538591999997685	[0.4266483  1.44723102 0.38390655]
2.5385939999976848	[0.4242341  1.44885978 0.38169743]
2.5385959999976846	[0.42182406 1.4504842  0.37949222]
2.5385979999976844	[0.4194182  1.45210421 0.37729093]
2.5385999999976843	[0.41701651 1.45371977 0.37509358]
2.538601999997684	[0.41461899 1.45533086 0.37290015]
2.538603999997684	[0.41222566 1.45693741 0.37071066]
2.5386059999976838	[0.40983651 1.4585394  0.36852511]
2.5386079999976836	[0.40745156 1.46013677 0.3663435 ]
2.5386099999976834	[0.4050708  1.46172949 0.36416584]
2.5386119999976833	[0.40269424 1.46331753 0.36199213]
2.538613999997683	[0.40032188 1.46490083 0.35982237]
2.538615999997683	[0.39795373 1.46647936 0.35765657]
2.538617999997683	[0.39558979 1.46805308 0.35549473]
2.5386199999976826	[0.39323007 1.46962195 0.35333685]
2.5386219999976825	[0.39087458 1.47118594 0.35118295]
2.5386239999976823	[0.38852331 1.472745   0.34903302]
2.538625999997682	[0.38617627 1.47429911 0.34688707]
2.538627999997682	[0.38383347 1.47584823 0.34474511]
2.538629999997682	[0.38149492 1.47739231 0.34260713]
2.5386319999976816	[0.3791606  1.47893134 0.34047313]
2.5386339999976815	[0.37683054 1.48046525 0.33834314]
2.5386359999976813	[0.37450474 1.48199404 0.33621715]
2.538637999997681	[0.3721832  1.48351767 0.33409516]
2.538639999997681	[0.36986592 1.4850361  0.33197718]
2.538641999997681	[0.36755292 1.4865493  0.32986322]
2.5386439999976806	[0.36524419 1.48805724 0.32775327]
2.5386459999976805	[0.36295827 1.48959127 0.32566433]
2.5386479999976803	[0.36063886 1.49105761 0.32354477]
2.53864999999768	[0.35834305 1.49254965 0.32144695]
2.53865199999768	[0.35605148 1.49403625 0.31935312]
2.53865399999768	[0.35376421 1.49551745 0.31726333]
2.5386559999976797	[0.35148126 1.49699321 0.31517758]
2.5386579999976795	[0.34920261 1.49846351 0.31309588]
2.5386599999976793	[0.3469283  1.49992833 0.31101825]
2.538661999997679	[0.34465829 1.50138762 0.30894466]
2.538663999997679	[0.34239262 1.50284139 0.30687514]
2.538665999997679	[0.34013128 1.50428959 0.30480969]
2.5386679999976787	[0.33787428 1.50573221 0.30274831]
2.5386699999976785	[0.33562163 1.50716922 0.30069101]
2.5386719999976783	[0.33337338 1.50860063 0.29863783]
2.538673999997678	[0.33112938 1.51002632 0.29658865]
2.538675999997678	[0.32888878 1.51144532 0.29454268]
2.538677999997678	[0.32665458 1.51286069 0.29250266]
2.5386799999976777	[0.32442372 1.51426933 0.29046581]
2.5386819999976775	[0.32219725 1.51567224 0.28843307]
2.5386839999976774	[0.31997515 1.5170694  0.28640443]
2.538685999997677	[0.31775745 1.51846079 0.28437991]
2.538687999997677	[0.31554413 1.5198464  0.28235951]
2.538689999997677	[0.31333522 1.5212262  0.28034323]
2.5386919999976767	[0.31111404 1.52256548 0.27831578]
2.5386939999976765	[0.30893142 1.52396794 0.27632382]
2.5386959999976764	[0.30673569 1.52533025 0.2743199 ]
2.538697999997676	[0.30454441 1.5266867  0.27232015]
2.538699999997676	[0.30235754 1.52803727 0.27032454]
2.538701999997676	[0.30017511 1.52938195 0.26833308]
2.5387039999976757	[0.2979971  1.53072074 0.26634577]
2.5387059999976755	[0.29582353 1.53205362 0.26436262]
2.5387079999976754	[0.29365439 1.5333806  0.26238362]
2.538709999997675	[0.29148971 1.53470162 0.26040879]
2.538711999997675	[0.28932948 1.53601671 0.25843813]
2.538713999997675	[0.28717369 1.53732586 0.25647164]
2.5387159999976747	[0.28502237 1.53862906 0.25450933]
2.5387179999976746	[0.28287551 1.5399263  0.2525512 ]
2.5387199999976744	[0.28073311 1.54121756 0.25059724]
2.5387219999976742	[0.27859519 1.54250287 0.24864748]
2.538723999997674	[0.27646174 1.54378219 0.2467019 ]
2.538725999997674	[0.27433278 1.54505556 0.24476053]
2.5387279999976737	[0.27220829 1.54632291 0.24282334]
2.5387299999976736	[0.27008829 1.5475843  0.24089035]
2.5387319999976734	[0.26797734 1.54884631 0.23896577]
2.5387339999976732	[0.26586167 1.55008916 0.2370369 ]
2.538735999997673	[0.26375516 1.55133258 0.23511653]
2.538737999997673	[0.26165315 1.55257003 0.23320038]
2.5387399999976727	[0.25955565 1.55380148 0.23128845]
2.5387419999976726	[0.25746265 1.55502696 0.22938073]
2.5387439999976724	[0.25537416 1.55624645 0.22747723]
2.5387459999976723	[0.25328852 1.55745641 0.22557641]
2.538747999997672	[0.25121081 1.55866746 0.22368296]
2.538749999997672	[0.24913588 1.55986904 0.22179214]
2.5387519999976718	[0.24706558 1.5610631  0.21990565]
2.5387539999976716	[0.24499959 1.56225434 0.21802318]
2.5387559999976714	[0.24293823 1.56343806 0.21614505]
2.5387579999976713	[0.24088141 1.56461585 0.21427116]
2.538759999997671	[0.23882911 1.5657877  0.2124015 ]
2.538761999997671	[0.23678137 1.56695364 0.2105361 ]
2.5387639999976708	[0.23473817 1.56811367 0.20867494]
2.5387659999976706	[0.23269949 1.56926781 0.20681801]
2.5387679999976704	[0.23066536 1.57041605 0.20496533]
2.5387699999976703	[0.22863579 1.57155844 0.20311691]
2.53877199999767	[0.22661074 1.57269495 0.20127271]
2.53877399999767	[0.22459025 1.57382562 0.19943278]
2.53877599999767	[0.22257431 1.57495047 0.19759709]
2.5387779999976696	[0.22056291 1.5760695  0.19576565]
2.5387799999976695	[0.21855607 1.57718274 0.19393847]
2.5387819999976693	[0.21655378 1.57829019 0.19211553]
2.538783999997669	[0.21455604 1.57939189 0.19029685]
2.538785999997669	[0.21256286 1.58048786 0.18848242]
2.538787999997669	[0.21057423 1.58157809 0.18667225]
2.5387899999976686	[0.20859015 1.58266263 0.18486632]
2.5387919999976685	[0.20661064 1.58374149 0.18306466]
2.5387939999976683	[0.20463566 1.58481469 0.18126724]
2.538795999997668	[0.20266525 1.58588225 0.17947407]
2.538797999997668	[0.20069939 1.58694421 0.17768516]
2.538799999997668	[0.19873809 1.58800058 0.1759005 ]
2.5388019999976676	[0.19678135 1.58905139 0.17412009]
2.5388039999976675	[0.19482915 1.59009666 0.17234393]
2.5388059999976673	[0.19288151 1.59113643 0.17057202]
2.538807999997667	[0.19093842 1.59217071 0.16880435]
2.538809999997667	[0.18899989 1.59319954 0.16704094]
2.538811999997667	[0.18706591 1.59422295 0.16528177]
2.5388139999976667	[0.18513647 1.59524095 0.16352685]
2.5388159999976665	[0.18321158 1.59625361 0.16177617]
2.5388179999976663	[0.18130509 1.5972778  0.16004243]
2.538819999997666	[0.17937513 1.5982632  0.15828724]
2.538821999997666	[0.17746388 1.59925996 0.15654929]
2.538823999997666	[0.17555717 1.60025148 0.15481556]
2.5388259999976657	[0.17365499 1.60123779 0.15308606]
2.5388279999976655	[0.17175735 1.60221894 0.1513608 ]
2.5388299999976653	[0.16986425 1.60319496 0.14963976]
2.538831999997665	[0.16797567 1.60416588 0.14792295]
2.538833999997665	[0.16609163 1.60513174 0.14621036]
2.538835999997665	[0.16421212 1.60609259 0.144502  ]
2.5388379999976647	[0.16233711 1.60704844 0.14279784]
2.5388399999976645	[0.16046663 1.60799936 0.1410979 ]
2.5388419999976644	[0.15860067 1.60894537 0.13940217]
2.538843999997664	[0.15673923 1.60988651 0.13771065]
2.538845999997664	[0.15488229 1.61082283 0.13602333]
2.538847999997664	[0.15302985 1.61175437 0.13434021]
2.5388499999976637	[0.15118192 1.61268116 0.13266128]
2.5388519999976635	[0.14933849 1.61360326 0.13098655]
2.5388539999976634	[0.14749955 1.6145207  0.129316  ]
2.538855999997663	[0.14566509 1.61543352 0.12764963]
2.538857999997663	[0.14383512 1.61634178 0.12598744]
2.538859999997663	[0.14200963 1.61724551 0.12432942]
2.5388619999976627	[0.14018862 1.61814476 0.12267557]
2.5388639999976625	[0.13837207 1.61903958 0.12102589]
2.5388659999976624	[0.13655998 1.61993001 0.11938036]
2.538867999997662	[0.13475236 1.6208161  0.11773898]
2.538869999997662	[0.13294918 1.6216979  0.11610175]
2.538871999997662	[0.13115046 1.62257544 0.11446866]
2.5388739999976617	[0.12935617 1.62344879 0.1128397 ]
2.5388759999976616	[0.12756632 1.62431799 0.11121487]
2.5388779999976614	[0.1257809  1.62518309 0.10959417]
2.5388799999976612	[0.12399989 1.62604413 0.10797758]
2.538881999997661	[0.12222332 1.62690111 0.10636512]
2.538883999997661	[0.1204511  1.62775424 0.1047567 ]
2.5388859999976607	[0.11868335 1.62860345 0.10315245]
2.5388879999976606	[0.11691997 1.62944879 0.10155226]
2.5388899999976604	[0.11516097 1.63029033 0.09995615]
2.5388919999976602	[0.11340635 1.63112811 0.09836412]
2.53889399999766	[0.11165611 1.6319622  0.09677615]
2.53889599999766	[0.10991022 1.63279265 0.09519225]
2.5388979999976597	[0.1081687  1.6336195  0.09361239]
2.5388999999976596	[0.1064294  1.63443933 0.09203464]
2.5389019999976594	[0.10470086 1.63526608 0.09046681]
2.5389039999976593	[0.10296804 1.63607555 0.08889511]
2.538905999997659	[0.10124603 1.636892   0.08733338]
2.538907999997659	[0.09952615 1.63770169 0.08577366]
2.5389099999976588	[0.09781057 1.6385081  0.08421794]
2.5389119999976586	[0.09609928 1.6393113  0.0826662 ]
2.5389139999976584	[0.09439227 1.64011133 0.08111845]
2.5389159999976583	[0.09268954 1.64090825 0.07957468]
2.538917999997658	[0.09099107 1.64170211 0.07803486]
2.538919999997658	[0.08929683 1.64249291 0.07649897]
2.5389219999976578	[0.08760688 1.64328089 0.07496708]
2.5389239999976576	[0.08592114 1.64406592 0.07343909]
2.5389259999976574	[0.08423962 1.6448481  0.07191502]
2.5389279999976573	[0.0825623  1.64562751 0.07039486]
2.538929999997657	[0.08088919 1.64640419 0.0688786 ]
2.538931999997657	[0.07922025 1.6471782  0.06736623]
2.538933999997657	[0.0775555  1.64794959 0.06585774]
2.5389359999976566	[0.0758949  1.64871842 0.06435312]
2.5389379999976565	[0.07423846 1.64948474 0.06285234]
2.5389399999976563	[0.07258615 1.65024861 0.06135541]
2.538941999997656	[0.07093796 1.65101008 0.05986231]
2.538943999997656	[0.0692787  1.65176031 0.05835909]
2.538945999997656	[0.06765406 1.652526   0.05688767]
2.5389479999976556	[0.06601814 1.65328055 0.05540597]
2.5389499999976555	[0.06438632 1.65403299 0.05392805]
2.5389519999976553	[0.06275855 1.65478332 0.05245391]
2.538953999997655	[0.06113484 1.65553156 0.05098352]
2.538955999997655	[0.05951514 1.6562778  0.04951686]
2.538957999997655	[0.05789947 1.65702205 0.04805393]
2.5389599999976546	[0.05628779 1.65776443 0.04659471]
2.5389619999976545	[0.0546801  1.65850495 0.04513919]
2.5389639999976543	[0.05307637 1.65924367 0.04368735]
2.538965999997654	[0.05147662 1.65998069 0.0422392 ]
2.538967999997654	[0.04988076 1.66071594 0.04079465]
2.538969999997654	[0.04828887 1.66144962 0.03935379]
2.5389719999976537	[0.04670083 1.66218165 0.0379165 ]
2.5389739999976535	[0.04511671 1.66291217 0.03648284]
2.5389759999976533	[0.04353646 1.66364122 0.03505276]
2.538977999997653	[0.04196006 1.66436884 0.03362626]
2.538979999997653	[0.04038748 1.66509508 0.03220331]
2.538981999997653	[0.03881875 1.66582001 0.03078391]
2.5389839999976527	[0.0372538  1.66654365 0.02936803]
2.5389859999976525	[0.03569264 1.66726607 0.02795565]
2.5389879999976523	[0.03413524 1.66798732 0.02654677]
2.538989999997652	[0.03258159 1.66870744 0.02514134]
2.538991999997652	[0.03103166 1.66942649 0.02373938]
2.538993999997652	[0.02948544 1.67014452 0.02234084]
2.5389959999976517	[0.0279429  1.67086158 0.02094572]
2.5389979999976515	[0.02640403 1.6715777  0.01955401]
2.5389999999976514	[0.02486881 1.67229296 0.01816566]
2.539001999997651	[0.02333722 1.67300738 0.01678068]
2.539003999997651	[0.02180923 1.67372103 0.01539903]
2.539005999997651	[0.02028482 1.67443392 0.01402071]
2.5390079999976507	[0.01876397 1.67514612 0.01264567]
2.5390099999976505	[0.01724668 1.6758577  0.01127393]
2.5390119999976504	[0.01573291 1.67656867 0.00990545]
2.53901399999765	[0.01422263 1.67727909 0.0085402 ]
2.53901599999765	[0.01271583 1.67798899 0.00717817]
2.53901799999765	[0.01121247 1.67869844 0.00581933]
2.5390199999976497	[0.00971255 1.67940747 0.00446367]
2.5390219999976495	[0.00821605 1.68011614 0.00311118]
2.5390239999976494	[0.0067229  1.68082442 0.00176179]
2.539025999997649	[5.23313444e-03 1.68153244e+00 4.15517296e-04]
2.539027999997649	[ 3.74670735e-03  1.68224023e+00 -9.27657329e-04]
2.539029999997649	[ 0.00226358  1.68294776 -0.00226778]
2.5390319999976487	[ 7.83741688e-04  1.68365515e+00 -3.60485931e-03]
2.5390339999976486	[-6.92832172e-04  1.68436240e+00 -4.93891954e-03]
2.5390359999976484	[-0.00216617  1.68506956 -0.00626999]
2.5390379999976482	[-0.00363629  1.68577667 -0.00759808]
2.539039999997648	[-0.00510313  1.68648401 -0.00892313]
2.539041999997648	[-0.00656702  1.68719088 -0.01024547]
2.5390439999976477	[-0.00802766  1.68789806 -0.0115648 ]
2.5390459999976476	[-0.0094852   1.68860532 -0.01288125]
2.5390479999976474	[-0.01093961  1.68931287 -0.01419482]
2.5390499999976472	[-0.01239107  1.6900203  -0.01550566]
2.539051999997647	[-0.01383944  1.69072807 -0.01681365]
2.539053999997647	[-0.01528483  1.69143607 -0.01811887]
2.5390559999976468	[-0.01672724  1.69214435 -0.01942135]
2.5390579999976466	[-0.01816671  1.69285292 -0.02072111]
2.5390599999976464	[-0.01960327  1.69356181 -0.02201818]
2.5390619999976463	[-0.02103692  1.69427109 -0.02331257]
2.539063999997646	[-0.02246774  1.69498075 -0.02460434]
2.539065999997646	[-0.02389571  1.69569088 -0.02589347]
2.5390679999976458	[-0.02532091  1.69640137 -0.02718006]
2.5390699999976456	[-0.02674333  1.69711239 -0.02846407]
2.5390719999976454	[-0.02816301  1.69782392 -0.02974555]
2.5390739999976453	[-0.02957998  1.69853598 -0.03102453]
2.539075999997645	[-0.03099427  1.69924861 -0.03230105]
2.539077999997645	[-0.03240592  1.69996183 -0.03357511]
2.5390799999976448	[-0.03381495  1.70067565 -0.03484677]
2.5390819999976446	[-0.03522139  1.70139014 -0.03611603]
2.5390839999976444	[-0.03662528  1.70210527 -0.03738295]
2.5390859999976443	[-0.03802664  1.7028211  -0.03864753]
2.539087999997644	[-0.03942552  1.70353764 -0.03990982]
2.539089999997644	[-0.04082194  1.70425491 -0.04116983]
2.539091999997644	[-0.04221597  1.70497277 -0.04242765]
2.5390939999976436	[-0.04360752  1.70569172 -0.04368319]
2.5390959999976435	[-0.04499677  1.7064113  -0.04493659]
2.5390979999976433	[-0.04638367  1.7071317  -0.04618784]
2.539099999997643	[-0.04776828  1.70785294 -0.04743697]
2.539101999997643	[-0.04915063  1.70857503 -0.04868402]
2.539103999997643	[-0.05053075  1.70929797 -0.04992902]
2.5391059999976426	[-0.05189578  1.71002865 -0.05116022]
2.5391079999976425	[-0.0532847   1.71074644 -0.05241323]
2.5391099999976423	[-0.05465833  1.71147211 -0.05365225]
2.539111999997642	[-0.05602693  1.71220756 -0.05488661]
2.539113999997642	[-0.05739931  1.71292637 -0.05612451]
2.539115999997642	[-0.05876676  1.71365486 -0.05735785]
2.5391179999976417	[-0.06013222  1.71438431 -0.05858935]
2.5391199999976415	[-0.06149572  1.71511476 -0.05981905]
2.5391219999976413	[-0.0628573   1.7158462  -0.06104698]
2.539123999997641	[-0.06421699  1.71657865 -0.06227317]
2.539125999997641	[-0.06557483  1.71731211 -0.06349767]
2.539127999997641	[-0.06693085  1.71804661 -0.06472049]
2.5391299999976407	[-0.06828509  1.71878213 -0.06594168]
2.5391319999976405	[-0.06963758  1.71951872 -0.06716126]
2.5391339999976403	[-0.07098837  1.72025635 -0.06837927]
2.53913599999764	[-0.07233748  1.72099504 -0.06959575]
2.53913799999764	[-0.07368494  1.7217348  -0.07081071]
2.53913999999764	[-0.0750308   1.72247564 -0.07202421]
2.5391419999976397	[-0.0763751   1.72321754 -0.07323627]
2.5391439999976395	[-0.07771786  1.72396055 -0.07444692]
2.5391459999976393	[-0.07905913  1.72470464 -0.0756562 ]
2.539147999997639	[-0.08039893  1.72544982 -0.07686414]
2.539149999997639	[-0.08173731  1.72619611 -0.07807078]
2.539151999997639	[-0.0830743   1.72694349 -0.07927614]
2.5391539999976387	[-0.08440994  1.72769197 -0.08048026]
2.5391559999976385	[-0.08574426  1.72844158 -0.08168319]
2.5391579999976384	[-0.0870773   1.72919229 -0.08288494]
2.539159999997638	[-0.0884091   1.7299441  -0.08408555]
2.539161999997638	[-0.08973972  1.73069702 -0.08528509]
2.539163999997638	[-0.09106911  1.73145106 -0.0864835 ]
2.5391659999976377	[-0.09239739  1.7322062  -0.0876809 ]
2.5391679999976375	[-0.09372661  1.73296003 -0.08887917]
2.5391699999976374	[-0.09505065  1.73371976 -0.09007269]
2.539171999997637	[-0.09637574  1.73447823 -0.09126718]
2.539173999997637	[-0.09769984  1.73523779 -0.09246078]
2.539175999997637	[-0.09902299  1.73599845 -0.0936535 ]
2.5391779999976367	[-0.10034521  1.73676021 -0.09484538]
2.5391799999976365	[-0.10166656  1.73752307 -0.09603647]
2.5391819999976364	[-0.10298705  1.73828701 -0.09722679]
2.539183999997636	[-0.10430673  1.73905203 -0.09841637]
2.539185999997636	[-0.10562565  1.73981813 -0.09960525]
2.539187999997636	[-0.10694381  1.74058532 -0.10079345]
2.5391899999976357	[-0.10826127  1.74135355 -0.10198102]
2.5391919999976356	[-0.10957806  1.74212286 -0.10316799]
2.5391939999976354	[-0.11089422  1.74289322 -0.10435438]
2.5391959999976352	[-0.11220977  1.74366462 -0.10554023]
2.539197999997635	[-0.11352476  1.74443707 -0.10672558]
2.539199999997635	[-0.11483922  1.74521054 -0.10791045]
2.5392019999976347	[-0.11615319  1.74598504 -0.10909488]
2.5392039999976346	[-0.11749084  1.74673787 -0.11030103]
2.5392059999976344	[-0.11877936  1.74753681 -0.11146216]
2.5392079999976342	[-0.12009206  1.74831429 -0.11264546]
2.539209999997634	[-0.12139964  1.74909835 -0.11382408]
2.539211999997634	[-0.12271649  1.74987241 -0.11501122]
2.5392139999976338	[-0.1240282   1.75065284 -0.11619365]
2.5392159999976336	[-0.12533964  1.75143423 -0.11737586]
2.5392179999976334	[-0.12665086  1.75221656 -0.11855788]
2.5392199999976333	[-0.12796189  1.75299982 -0.11973973]
2.539221999997633	[-0.12927275  1.75378399 -0.12092145]
2.539223999997633	[-0.13058349  1.75456907 -0.12210308]
2.5392259999976328	[-0.13189412  1.75535504 -0.1232846 ]
2.5392279999976326	[-0.13320468  1.7561419  -0.1244661 ]
2.5392299999976324	[-0.13451522  1.75692961 -0.12564758]
2.5392319999976323	[-0.13582801  1.75771712 -0.12683115]
2.539233999997632	[-0.13713628  1.75850754 -0.12801058]
2.539235999997632	[-0.13844689  1.75929776 -0.12919218]
2.539237999997632	[-0.13975759  1.76008879 -0.13037388]
2.5392399999976316	[-0.1410684   1.76088061 -0.1315557 ]
2.5392419999976314	[-0.14237936  1.76167321 -0.13273767]
2.5392439999976313	[-0.14369049  1.76246657 -0.13391981]
2.539245999997631	[-0.14500182  1.76326067 -0.13510216]
2.539247999997631	[-0.14631339  1.7640555  -0.13628474]
2.539249999997631	[-0.1476252   1.76485104 -0.13746758]
2.5392519999976306	[-0.1489373   1.76564732 -0.13865068]
2.5392539999976305	[-0.15024973  1.76644419 -0.13983411]
2.5392559999976303	[-0.1515625   1.76724175 -0.14101787]
2.53925799999763	[-0.15287561  1.76803996 -0.14220197]
2.53925999999763	[-0.15418914  1.7688388  -0.14338647]
2.53926199999763	[-0.15550308  1.76963823 -0.14457136]
2.5392639999976296	[-0.15681467  1.77044243 -0.14575411]
2.5392659999976295	[-0.15811549  1.77125284 -0.14692701]
2.5392679999976293	[-0.1594482   1.77203993 -0.14812918]
2.539269999997629	[-0.16076402  1.77284165 -0.14931589]
2.539271999997629	[-0.16208042  1.77364381 -0.15050313]
2.539273999997629	[-0.16339737  1.77444646 -0.15169092]
2.5392759999976287	[-0.16471492  1.77524959 -0.15287927]
2.5392779999976285	[-0.16603309  1.77605314 -0.1540682 ]
2.5392799999976283	[-0.16735188  1.77685713 -0.15525772]
2.539281999997628	[-0.16867132  1.77766152 -0.15644788]
2.539283999997628	[-0.16999145  1.77846629 -0.15763867]
2.539285999997628	[-0.17131227  1.77927141 -0.15883013]
2.5392879999976277	[-0.17263381  1.78007687 -0.16002227]
2.5392899999976275	[-0.17395609  1.78088264 -0.1612151 ]
2.5392919999976273	[-0.17527912  1.7816887  -0.16240866]
2.539293999997627	[-0.17660294  1.78249503 -0.16360295]
2.539295999997627	[-0.17792771  1.78330148 -0.16479814]
2.539297999997627	[-0.17925298  1.78410837 -0.16599381]
2.5392999999976267	[-0.18057924  1.78491536 -0.16719042]
2.5393019999976265	[-0.18190636  1.78572251 -0.16838783]
2.5393039999976263	[-0.18323434  1.7865298  -0.16958606]
2.539305999997626	[-0.18456321  1.78733722 -0.17078513]
2.539307999997626	[-0.18589298  1.78814473 -0.17198504]
2.539309999997626	[-0.18722367  1.78895229 -0.17318583]
2.5393119999976257	[-0.18855529  1.78975989 -0.17438749]
2.5393139999976255	[-0.18988786  1.7905675  -0.17559004]
2.5393159999976254	[-0.19122139  1.79137512 -0.17679351]
2.539317999997625	[-0.19255587  1.79218269 -0.17799786]
2.539319999997625	[-0.1938914   1.79299018 -0.1792032 ]
2.539321999997625	[-0.19522788  1.79379757 -0.18040945]
2.5393239999976247	[-0.1965654   1.79460484 -0.18161666]
2.5393259999976245	[-0.19790608  1.79540908 -0.18282681]
2.5393279999976244	[-0.1992434   1.79621891 -0.18403389]
2.539329999997624	[-0.20058402  1.79702563 -0.18524402]
2.539331999997624	[-0.20192569  1.7978321  -0.18645515]
2.539333999997624	[-0.20326842  1.79863829 -0.18766727]
2.5393359999976237	[-0.20461212  1.79944408 -0.18888031]
2.5393379999976236	[-0.20595709  1.80024971 -0.19009454]
2.5393399999976234	[-0.20730305  1.80105489 -0.19130971]
2.5393419999976232	[-0.2086501   1.80185966 -0.1925259 ]
2.539343999997623	[-0.20999825  1.802664   -0.19374312]
2.539345999997623	[-0.2113475   1.80346787 -0.19496138]
2.5393479999976227	[-0.21269785  1.80427125 -0.19618067]
2.5393499999976226	[-0.2140493   1.80507409 -0.19740101]
2.5393519999976224	[-0.21540186  1.80587637 -0.19862239]
2.5393539999976222	[-0.21675554  1.80667805 -0.19984481]
2.539355999997622	[-0.21811032  1.8074791  -0.20106828]
2.539357999997622	[-0.21946622  1.80827948 -0.2022928 ]
2.5393599999976217	[-0.22082322  1.80907916 -0.20351836]
2.5393619999976216	[-0.22218134  1.80987811 -0.20474497]
2.5393639999976214	[-0.22354056  1.81067628 -0.20597261]
2.5393659999976212	[-0.22490088  1.81147365 -0.2072013 ]
2.539367999997621	[-0.2262623   1.81227018 -0.20843103]
2.539369999997621	[-0.22762395  1.81306737 -0.20966098]
2.5393719999976208	[-0.22898936  1.81385885 -0.21089444]
2.5393739999976206	[-0.23035224  1.8146559  -0.21212557]
2.5393759999976204	[-0.2317189   1.81544717 -0.21336022]
2.5393779999976203	[-0.23308573  1.81623895 -0.21459505]
2.53937999999762	[-0.23445361  1.81702969 -0.21583088]
2.53938199999762	[-0.23582255  1.81781935 -0.2170677 ]
2.5393839999976198	[-0.23719252  1.81860788 -0.2183055 ]
2.5393859999976196	[-0.23856353  1.81939525 -0.21954428]
2.5393879999976194	[-0.23993555  1.82018142 -0.22078402]
2.5393899999976193	[-0.24130858  1.82096636 -0.22202472]
2.539391999997619	[-0.24268261  1.82175004 -0.22326636]
2.539393999997619	[-0.24405761  1.82253241 -0.22450892]
2.539395999997619	[-0.24543358  1.82331344 -0.22575241]
2.5393979999976186	[-0.24681051  1.82409311 -0.2269968 ]
2.5393999999976185	[-0.24818835  1.82487135 -0.22824207]
2.5394019999976183	[-0.24956713  1.82564816 -0.22948822]
2.539403999997618	[-0.25094681  1.82642348 -0.23073523]
2.539405999997618	[-0.25232738  1.8271973  -0.23198309]
2.539407999997618	[-0.25370881  1.82796956 -0.23323178]
2.5394099999976176	[-0.2550911   1.82874024 -0.23448127]
2.5394119999976175	[-0.25647421  1.82950931 -0.23573156]
2.5394139999976173	[-0.25785813  1.83027672 -0.23698263]
2.539415999997617	[-0.25924285  1.83104245 -0.23823446]
2.539417999997617	[-0.26062834  1.83180646 -0.23948703]
2.539419999997617	[-0.26201458  1.83256873 -0.24074033]
2.5394219999976166	[-0.26340154  1.83332919 -0.24199431]
2.5394239999976165	[-0.26478921  1.83408785 -0.24324898]
2.5394259999976163	[-0.26617757  1.83484465 -0.24450431]
2.539427999997616	[-0.26756658  1.83559958 -0.24576029]
2.539429999997616	[-0.26895623  1.83635259 -0.24701688]
2.539431999997616	[-0.2703465   1.83710365 -0.24827407]
2.5394339999976157	[-0.27173736  1.83785275 -0.24953184]
2.5394359999976155	[-0.27312877  1.83859982 -0.25079015]
2.5394379999976153	[-0.27452072  1.83934487 -0.25204899]
2.539439999997615	[-0.27591318  1.84008784 -0.25330834]
2.539441999997615	[-0.27730613  1.84082871 -0.25456816]
2.539443999997615	[-0.27869954  1.84156746 -0.25582845]
2.5394459999976147	[-0.28009338  1.84230405 -0.25708917]
2.5394479999976145	[-0.28148762  1.84303845 -0.25835029]
2.5394499999976143	[-0.28288224  1.84377064 -0.25961179]
2.539451999997614	[-0.28427721  1.84450057 -0.26087365]
2.539453999997614	[-0.28567247  1.8452282  -0.26213582]
2.539455999997614	[-0.28706807  1.84595361 -0.26339834]
2.5394579999976137	[-0.2884639   1.84667665 -0.2646611 ]
2.5394599999976135	[-0.28985996  1.84739734 -0.26592411]
2.5394619999976134	[-0.29125622  1.84811565 -0.26718734]
2.539463999997613	[-0.29265265  1.84883155 -0.26845077]
2.539465999997613	[-0.29404921  1.84954501 -0.26971436]
2.539467999997613	[-0.29544284  1.85025801 -0.27097529]
2.5394699999976127	[-0.2968427   1.85096456 -0.27224197]
2.5394719999976125	[-0.29823947  1.85167061 -0.27350585]
2.5394739999976124	[-0.29963625  1.85237409 -0.27476979]
2.539475999997612	[-0.301033    1.85307501 -0.27603374]
2.539477999997612	[-0.3024297   1.85377336 -0.27729767]
2.539479999997612	[-0.30382624  1.85446937 -0.27856151]
2.5394819999976117	[-0.30522277  1.85516222 -0.27982536]
2.5394839999976115	[-0.30661907  1.85585269 -0.28108905]
2.5394859999976114	[-0.30801517  1.85654049 -0.28235259]
2.539487999997611	[-0.30941103  1.8572256  -0.28361595]
2.539489999997611	[-0.31080662  1.857908   -0.2848791 ]
2.539491999997611	[-0.31220191  1.85858767 -0.28614201]
2.5394939999976107	[-0.31359684  1.85926459 -0.28740463]
2.5394959999976106	[-0.3149914   1.85993873 -0.28866695]
2.5394979999976104	[-0.31638553  1.86061009 -0.28992891]
2.5394999999976102	[-0.31777921  1.86127866 -0.2911905 ]
2.53950199999761	[-0.31917239  1.86194439 -0.29245167]
2.53950399999761	[-0.32056505  1.86260729 -0.29371238]
2.5395059999976097	[-0.32195713  1.86326733 -0.29497262]
2.5395079999976096	[-0.3233486   1.86392451 -0.29623233]
2.5395099999976094	[-0.32473942  1.8645788  -0.29749148]
2.5395119999976092	[-0.32612956  1.8652302  -0.29875004]
2.539513999997609	[-0.32751897  1.86587868 -0.30000798]
2.539515999997609	[-0.32890761  1.86652424 -0.30126525]
2.5395179999976087	[-0.33029546  1.86716688 -0.30252182]
2.5395199999976086	[-0.33168247  1.86780657 -0.30377766]
2.5395219999976084	[-0.33306859  1.8684433  -0.30503272]
2.5395239999976083	[-0.3344538   1.86907708 -0.30628698]
2.539525999997608	[-0.33583805  1.86970788 -0.3075404 ]
2.539527999997608	[-0.3372213   1.87033571 -0.30879294]
2.5395299999976078	[-0.33860352  1.87096055 -0.31004456]
2.5395319999976076	[-0.33998464  1.87158237 -0.31129521]
2.5395339999976074	[-0.34136435  1.87220191 -0.31254461]
2.5395359999976073	[-0.34274359  1.87281714 -0.31379361]
2.539537999997607	[-0.34412129  1.87343    -0.31504123]
2.539539999997607	[-0.34549776  1.87403986 -0.31628775]
2.5395419999976068	[-0.34687298  1.87464672 -0.31753316]
2.5395439999976066	[-0.34824689  1.87525058 -0.31877741]
2.5395459999976064	[-0.34961947  1.87585143 -0.32002046]
2.5395479999976063	[-0.35099068  1.87644929 -0.3212623 ]
2.539549999997606	[-0.35236049  1.87704415 -0.32250287]
2.539551999997606	[-0.35372885  1.87763602 -0.32374216]
2.539553999997606	[-0.35509574  1.8782249  -0.32498012]
2.5395559999976056	[-0.35646112  1.8788108  -0.32621674]
2.5395579999976055	[-0.35782496  1.87939372 -0.32745197]
2.5395599999976053	[-0.35918722  1.87997368 -0.32868578]
2.539561999997605	[-0.36054788  1.88055068 -0.32991815]
2.539563999997605	[-0.3619069   1.88112473 -0.33114905]
2.539565999997605	[-0.36326426  1.88169583 -0.33237845]
2.5395679999976046	[-0.36461991  1.88226402 -0.33360632]
2.5395699999976045	[-0.36597383  1.88282928 -0.33483263]
2.5395719999976043	[-0.367326    1.88339165 -0.33605736]
2.539573999997604	[-0.36867639  1.88395112 -0.33728048]
2.539575999997604	[-0.37002497  1.88450772 -0.33850197]
2.539577999997604	[-0.37137169  1.88506145 -0.33972179]
2.5395799999976036	[-0.37271659  1.88561236 -0.34093996]
2.5395819999976035	[-0.37405959  1.88616044 -0.3421564 ]
2.5395839999976033	[-0.37540067  1.8867057  -0.34337112]
2.539585999997603	[-0.37673983  1.88724818 -0.3445841 ]
2.539587999997603	[-0.37807703  1.88778789 -0.34579531]
2.539589999997603	[-0.37941227  1.88832485 -0.34700473]
2.5395919999976027	[-0.38074551  1.88885908 -0.34821236]
2.5395939999976025	[-0.38207674  1.88939061 -0.34941816]
2.5395959999976023	[-0.38340595  1.88991945 -0.35062213]
2.539597999997602	[-0.38473311  1.89044562 -0.35182424]
2.539599999997602	[-0.38605821  1.89096916 -0.35302449]
2.539601999997602	[-0.38738124  1.89149008 -0.35422285]
2.5396039999976017	[-0.38870219  1.89200841 -0.35541933]
2.5396059999976015	[-0.39002103  1.89252418 -0.3566139 ]
2.5396079999976013	[-0.39133777  1.8930374  -0.35780655]
2.539609999997601	[-0.39265238  1.89354811 -0.35899728]
2.539611999997601	[-0.39396487  1.89405632 -0.36018608]
2.539613999997601	[-0.39527522  1.89456208 -0.36137293]
2.5396159999976007	[-0.39658342  1.8950654  -0.36255784]
2.5396179999976005	[-0.39788947  1.89556631 -0.36374079]
2.5396199999976004	[-0.39919337  1.89606484 -0.36492179]
2.5396219999976	[-0.40049511  1.89656101 -0.36610081]
2.5396239999976	[-0.40179468  1.89705487 -0.36727788]
2.5396259999976	[-0.40309205  1.89754643 -0.36845293]
2.5396279999975997	[-0.40438734  1.89803572 -0.36962609]
2.5396299999975995	[-0.40568042  1.89852278 -0.37079725]
2.5396319999975994	[-0.40697133  1.89900762 -0.37196643]
2.539633999997599	[-0.40826008  1.89949029 -0.37313365]
2.539635999997599	[-0.40954666  1.89997081 -0.37429889]
2.539637999997599	[-0.41083109  1.90044921 -0.37546218]
2.5396399999975987	[-0.41211338  1.90092553 -0.37662351]
2.5396419999975985	[-0.41339351  1.90139979 -0.37778288]
2.5396439999975984	[-0.4146715   1.90187203 -0.37894031]
2.539645999997598	[-0.41594736  1.90234227 -0.38009579]
2.539647999997598	[-0.4172211   1.90281054 -0.38124934]
2.539649999997598	[-0.41849272  1.90327688 -0.38240097]
2.5396519999975977	[-0.41976223  1.90374132 -0.38355067]
2.5396539999975976	[-0.42102964  1.90420389 -0.38469846]
2.5396559999975974	[-0.42229498  1.90466462 -0.38584437]
2.5396579999975972	[-0.42355824  1.90512355 -0.38698838]
2.539659999997597	[-0.42481944  1.9055807  -0.38813052]
2.539661999997597	[-0.4260786   1.9060361  -0.38927079]
2.5396639999975967	[-0.42733572  1.90648979 -0.39040922]
2.5396659999975966	[-0.42859083  1.90694181 -0.39154581]
2.5396679999975964	[-0.42984394  1.90739218 -0.39268058]
2.5396699999975962	[-0.43109505  1.90784093 -0.39381354]
2.539671999997596	[-0.43234421  1.9082881  -0.39494472]
2.539673999997596	[-0.43359142  1.90873372 -0.39607412]
2.5396759999975957	[-0.43483669  1.90917781 -0.39720176]
2.5396779999975956	[-0.43608004  1.90962043 -0.39832765]
2.5396799999975954	[-0.4373215   1.9100616  -0.39945183]
2.5396819999975953	[-0.4385611   1.91050134 -0.4005743 ]
2.539683999997595	[-0.43979883  1.91093969 -0.40169509]
2.539685999997595	[-0.44103473  1.91137669 -0.40281421]
2.5396879999975948	[-0.44226881  1.91181238 -0.40393168]
2.5396899999975946	[-0.44350111  1.91224678 -0.40504752]
2.5396919999975944	[-0.44473163  1.91267991 -0.40616176]
2.5396939999975943	[-0.4459604   1.91311182 -0.4072744 ]
2.539695999997594	[-0.44718746  1.91354255 -0.40838549]
2.539697999997594	[-0.44841281  1.91397212 -0.40949503]
2.5396999999975938	[-0.44963649  1.91440058 -0.41060305]
2.5397019999975936	[-0.4508585   1.91482795 -0.41170956]
2.5397039999975934	[-0.4520789   1.91525425 -0.41281461]
2.5397059999975933	[-0.45329768  1.91567955 -0.4139182 ]
2.539707999997593	[-0.45451489  1.91610385 -0.41502035]
2.539709999997593	[-0.45573054  1.91652721 -0.4161211 ]
2.539711999997593	[-0.45694465  1.91694964 -0.41722046]
2.5397139999975926	[-0.45815727  1.91737119 -0.41831846]
2.5397159999975925	[-0.4593684   1.9177919  -0.41941512]
2.5397179999975923	[-0.46057808  1.91821179 -0.42051047]
2.539719999997592	[-0.46178633  1.91863089 -0.42160453]
2.539721999997592	[-0.46299317  1.91904925 -0.42269732]
2.539723999997592	[-0.46419865  1.91946691 -0.42378888]
2.5397259999975916	[-0.46540278  1.91988389 -0.42487922]
2.5397279999975915	[-0.46660558  1.92030023 -0.42596837]
2.5397299999975913	[-0.46780727  1.92071571 -0.42705652]
2.539731999997591	[-0.46900733  1.9211311  -0.42814319]
2.539733999997591	[-0.47020632  1.92154574 -0.42922892]
2.539735999997591	[-0.4714041   1.92195985 -0.43031355]
2.5397379999975906	[-0.4726007   1.9223735  -0.43139712]
2.5397399999975905	[-0.47379613  1.92278674 -0.43247965]
2.5397419999975903	[-0.47499042  1.92319955 -0.43356115]
2.53974399999759	[-0.47618361  1.92361202 -0.43464167]
2.53974599999759	[-0.47737572  1.92402416 -0.43572122]
2.53974799999759	[-0.47856677  1.92443602 -0.43679984]
2.5397499999975897	[-0.47975679  1.92484762 -0.43787753]
2.5397519999975895	[-0.48094581  1.92525901 -0.43895432]
2.5397539999975893	[-0.48213386  1.92567021 -0.44003026]
2.539755999997589	[-0.48332096  1.92608127 -0.44110535]
2.539757999997589	[-0.48450713  1.92649222 -0.44217961]
2.539759999997589	[-0.48569241  1.92690309 -0.44325309]
2.5397619999975887	[-0.48687682  1.92731392 -0.4443258 ]
2.5397639999975885	[-0.48806038  1.92772475 -0.44539775]
2.5397659999975883	[-0.48924312  1.92813563 -0.44646899]
2.539767999997588	[-0.49042508  1.92854653 -0.44753953]
2.539769999997588	[-0.49160626  1.92895756 -0.44860938]
2.539771999997588	[-0.4927867   1.92936873 -0.44967859]
2.5397739999975877	[-0.49396644  1.92978008 -0.45074719]
2.5397759999975875	[-0.49514544  1.93019163 -0.45181513]
2.5397779999975874	[-0.49632378  1.93060342 -0.45288251]
2.539779999997587	[-0.49750149  1.9310155  -0.45394933]
2.539781999997587	[-0.49867858  1.93142791 -0.45501561]
2.539783999997587	[-0.49985506  1.93184063 -0.45608137]
2.5397859999975867	[-0.50103086  1.93225368 -0.45714653]
2.5397879999975865	[-0.5022063   1.93266732 -0.45821139]
2.5397899999975864	[-0.50338112  1.93308132 -0.45927572]
2.539791999997586	[-0.50455543  1.93349581 -0.4603396 ]
2.539793999997586	[-0.50572924  1.93391083 -0.46140306]
2.539795999997586	[-0.5069025   1.93432647 -0.46246605]
2.5397979999975857	[-0.50807549  1.93474257 -0.46352881]
2.5397999999975855	[-0.50924797  1.93515936 -0.46459114]
2.5398019999975854	[-0.51042003  1.93557681 -0.46565312]
2.539803999997585	[-0.51159173  1.93599495 -0.46671479]
2.539805999997585	[-0.51276302  1.93641383 -0.46777613]
2.539807999997585	[-0.51393399  1.93683346 -0.46883719]
2.5398099999975847	[-0.51510462  1.93725387 -0.46989798]
2.5398119999975846	[-0.51627494  1.93767512 -0.47095851]
2.5398139999975844	[-0.51744495  1.93809722 -0.47201879]
2.5398159999975842	[-0.51861469  1.93852021 -0.47307885]
2.539817999997584	[-0.51978417  1.93894412 -0.4741387 ]
2.539819999997584	[-0.52095339  1.93936896 -0.47519835]
2.5398219999975837	[-0.52212239  1.93979481 -0.47625781]
2.5398239999975836	[-0.52329118  1.94022166 -0.47731712]
2.5398259999975834	[-0.52445974  1.94064955 -0.47837625]
2.5398279999975832	[-0.52562614  1.94107219 -0.47943345]
2.539829999997583	[-0.52679591  1.94150844 -0.48049371]
2.539831999997583	[-0.52796396  1.94193966 -0.48155245]
2.5398339999975827	[-0.52913186  1.94237203 -0.48261108]
2.5398359999975826	[-0.53029963  1.94280557 -0.48366963]
2.5398379999975824	[-0.53146727  1.94324034 -0.48472808]
2.5398399999975823	[-0.53263479  1.94367634 -0.48578645]
2.539841999997582	[-0.53380222  1.94411362 -0.48684476]
2.539843999997582	[-0.53496955  1.94455219 -0.487903  ]
2.5398459999975818	[-0.53613679  1.94499207 -0.4889612 ]
2.5398479999975816	[-0.53730396  1.94543331 -0.49001935]
2.5398499999975814	[-0.53847107  1.94587591 -0.49107746]
2.5398519999975813	[-0.53963811  1.94631991 -0.49213555]
2.539853999997581	[-0.54080511  1.94676533 -0.49319362]
2.539855999997581	[-0.54197206  1.94721219 -0.49425167]
2.5398579999975808	[-0.54313898  1.94766051 -0.49530971]
2.5398599999975806	[-0.54430587  1.94811032 -0.49636775]
2.5398619999975804	[-0.54547274  1.94856163 -0.49742579]
2.5398639999975803	[-0.54663958  1.94901446 -0.49848384]
2.53986599999758	[-0.54780642  1.94946885 -0.4995419 ]
2.53986799999758	[-0.54897325  1.9499248  -0.50059997]
2.53986999999758	[-0.55014008  1.95038233 -0.50165806]
2.5398719999975796	[-0.55130691  1.95084146 -0.50271618]
2.5398739999975795	[-0.55247374  1.95130221 -0.50377432]
2.5398759999975793	[-0.55364059  1.9517646  -0.50483249]
2.539877999997579	[-0.55480744  1.95222863 -0.50589068]
2.539879999997579	[-0.55597431  1.95269433 -0.50694891]
2.539881999997579	[-0.5571412   1.95316171 -0.50800717]
2.5398839999975786	[-0.5583081   1.95363078 -0.50906547]
2.5398859999975785	[-0.55947773  1.954099   -0.51012628]
2.5398879999975783	[-0.56064186  1.954574   -0.51118207]
2.539889999997578	[-0.56180883  1.9550482  -0.51224048]
2.539891999997578	[-0.56297582  1.95552415 -0.51329893]
2.539893999997578	[-0.56414284  1.95600184 -0.51435741]
2.5398959999975776	[-0.56530987  1.95648129 -0.51541592]
2.5398979999975775	[-0.56647693  1.9569625  -0.51647448]
2.5398999999975773	[-0.56764402  1.95744548 -0.51753307]
2.539901999997577	[-0.56881112  1.95793022 -0.51859169]
2.539903999997577	[-0.56997825  1.95841675 -0.51965034]
2.539905999997577	[-0.5711454   1.95890505 -0.52070903]
2.5399079999975767	[-0.57231257  1.95939514 -0.52176775]
2.5399099999975765	[-0.57347975  1.95988701 -0.52282649]
2.5399119999975763	[-0.57464695  1.96038067 -0.52388526]
2.539913999997576	[-0.57581416  1.96087611 -0.52494406]
2.539915999997576	[-0.57698139  1.96137334 -0.52600288]
2.539917999997576	[-0.57814863  1.96187235 -0.52706172]
2.5399199999975757	[-0.57931587  1.96237315 -0.52812057]
2.5399219999975755	[-0.58048311  1.96287571 -0.52917943]
2.5399239999975753	[-0.58165036  1.96338005 -0.53023831]
2.539925999997575	[-0.58281761  1.96388615 -0.5312972 ]
2.539927999997575	[-0.58398485  1.96439401 -0.53235609]
2.539929999997575	[-0.58515209  1.96490362 -0.53341499]
2.5399319999975747	[-0.58631932  1.96541495 -0.53447389]
2.5399339999975745	[-0.58748653  1.96592805 -0.53553277]
2.5399359999975744	[-0.58865373  1.96644285 -0.53659165]
2.539937999997574	[-0.5898209   1.96695935 -0.53765052]
2.539939999997574	[-0.59098806  1.96747756 -0.53870938]
2.539941999997574	[-0.59215518  1.96799745 -0.53976822]
2.5399439999975737	[-0.59332228  1.96851901 -0.54082704]
2.5399459999975735	[-0.59448935  1.9690422  -0.54188584]
2.5399479999975734	[-0.59565638  1.96956701 -0.54294461]
2.539949999997573	[-0.59682337  1.97009349 -0.54400335]
2.539951999997573	[-0.59799031  1.97062154 -0.54506206]
2.539953999997573	[-0.59915721  1.97115117 -0.54612072]
2.5399559999975727	[-0.60032407  1.97168233 -0.54717936]
2.5399579999975725	[-0.60149086  1.97221507 -0.54823795]
2.5399599999975724	[-0.60265761  1.97274928 -0.54929649]
2.539961999997572	[-0.60382429  1.973285   -0.55035499]
2.539963999997572	[-0.60499093  1.97382216 -0.55141344]
2.539965999997572	[-0.60615749  1.97436077 -0.55247183]
2.5399679999975717	[-0.60732399  1.97490078 -0.55353018]
2.5399699999975716	[-0.60849042  1.97544217 -0.55458846]
2.5399719999975714	[-0.60965678  1.97598491 -0.55564668]
2.5399739999975712	[-0.61082308  1.97652898 -0.55670485]
2.539975999997571	[-0.6119893   1.97707433 -0.55776296]
2.539977999997571	[-0.61315545  1.97762094 -0.558821  ]
2.5399799999975707	[-0.61432153  1.97816877 -0.55987899]
2.5399819999975706	[-0.61548753  1.9787178  -0.5609369 ]
2.5399839999975704	[-0.61665345  1.97926798 -0.56199475]
2.5399859999975702	[-0.61781929  1.97981928 -0.56305253]
2.53998799999757	[-0.61898507  1.98037166 -0.56411026]
2.53998999999757	[-0.62015077  1.98092509 -0.56516792]
2.5399919999975697	[-0.62131639  1.98147953 -0.56622552]
2.5399939999975696	[-0.62248184  1.982035   -0.56728296]
2.5399959999975694	[-0.62364742  1.98259126 -0.56834053]
2.5399979999975693	[-0.62481283  1.98314847 -0.56939794]
2.539999999997569	[-0.62597816  1.98370653 -0.5704553 ]
2.540001999997569	[-0.62714344  1.98426539 -0.5715126 ]
2.5400039999975688	[-0.62830865  1.984825   -0.57256985]
2.5400059999975686	[-0.62947369  1.98538537 -0.57362695]
2.5400079999975684	[-0.6306389   1.98594632 -0.57468421]
2.5400099999975683	[-0.63180395  1.98650793 -0.57574133]
2.540011999997568	[-0.63296895  1.98707012 -0.57679841]
2.540013999997568	[-0.63413391  1.98763283 -0.57785546]
2.5400159999975678	[-0.63529883  1.98819601 -0.57891248]
2.5400179999975676	[-0.63646372  1.98875963 -0.57996948]
2.5400199999975674	[-0.63762859  1.98932362 -0.58102646]
2.5400219999975673	[-0.63879344  1.98988793 -0.58208343]
2.540023999997567	[-0.63995828  1.99045253 -0.5831404 ]
2.540025999997567	[-0.64112313  1.99101733 -0.58419739]
2.540027999997567	[-0.64228796  1.99158232 -0.58525437]
2.5400299999975666	[-0.64345282  1.99214742 -0.58631138]
2.5400319999975665	[-0.64461771  1.99271259 -0.58736842]
2.5400339999975663	[-0.64578262  1.99327775 -0.58842549]
2.540035999997566	[-0.64694758  1.99384288 -0.58948262]
2.540037999997566	[-0.64811259  1.9944079  -0.5905398 ]
2.540039999997566	[-0.64927767  1.99497276 -0.59159704]
2.5400419999975656	[-0.65044282  1.99553741 -0.59265437]
2.5400439999975655	[-0.65160806  1.99610178 -0.59371178]
2.5400459999975653	[-0.65277339  1.99666583 -0.59476929]
2.540047999997565	[-0.65393884  1.99722948 -0.59582692]
2.540049999997565	[-0.65510442  1.99779269 -0.59688467]
2.540051999997565	[-0.65627013  1.9983554  -0.59794255]
2.5400539999975646	[-0.657436    1.99891753 -0.59900059]
2.5400559999975645	[-0.65860203  1.99947905 -0.60005878]
2.5400579999975643	[-0.65976825  2.00003988 -0.60111716]
2.540059999997564	[-0.66093225  2.00060264 -0.60217352]
2.540061999997564	[-0.66210134  2.00115935 -0.60323454]
2.540063999997564	[-0.66326819  2.00171777 -0.60429353]
2.5400659999975637	[-0.66443529  2.00227527 -0.60535276]
2.5400679999975635	[-0.66560265  2.00283178 -0.60641223]
2.5400699999975633	[-0.66677029  2.00338725 -0.60747198]
2.540071999997563	[-0.66793822  2.00394162 -0.60853201]
2.540073999997563	[-0.66910647  2.00449481 -0.60959234]
2.540075999997563	[-0.67027506  2.00504678 -0.61065298]
2.5400779999975627	[-0.67144399  2.00559746 -0.61171396]
2.5400799999975625	[-0.67261322  2.00614687 -0.61277523]
2.5400819999975623	[-0.67378298  2.00669472 -0.61383699]
2.540083999997562	[-0.67495308  2.00724118 -0.61489908]
2.540085999997562	[-0.67612361  2.0077861  -0.61596158]
2.540087999997562	[-0.67729459  2.00832944 -0.6170245 ]
2.5400899999975617	[-0.67846603  2.00887112 -0.61808785]
2.5400919999975615	[-0.67963796  2.0094111  -0.61915168]
2.5400939999975614	[-0.6808104   2.0099493  -0.62021598]
2.540095999997561	[-0.68198337  2.01048568 -0.62128078]
2.540097999997561	[-0.68315689  2.01102018 -0.6223461 ]
2.540099999997561	[-0.68433098  2.01155273 -0.62341196]
2.5401019999975607	[-0.68550566  2.01208328 -0.62447838]
2.5401039999975605	[-0.68668096  2.01261177 -0.62554538]
2.5401059999975604	[-0.68785689  2.01313815 -0.62661298]
2.54010799999756	[-0.68903348  2.01366236 -0.6276812 ]
2.54010999999756	[-0.69021076  2.01418434 -0.62875005]
2.54011199999756	[-0.69138873  2.01470403 -0.62981957]
2.5401139999975597	[-0.69256742  2.0152214  -0.63088976]
2.5401159999975595	[-0.69374686  2.01573637 -0.63196066]
2.5401179999975594	[-0.69492707  2.01624891 -0.63303228]
2.540119999997559	[-0.69610807  2.01675895 -0.63410464]
2.540121999997559	[-0.69728987  2.01726644 -0.63517776]
2.540123999997559	[-0.69847252  2.01777135 -0.63625166]
2.5401259999975587	[-0.69965602  2.0182736  -0.63732638]
2.5401279999975586	[-0.70084039  2.01877317 -0.6384019 ]
2.5401299999975584	[-0.70202567  2.01927    -0.63947828]
2.5401319999975582	[-0.70321186  2.01976404 -0.64055552]
2.540133999997558	[-0.70439901  2.02025524 -0.64163365]
2.540135999997558	[-0.70558712  2.02074357 -0.64271268]
2.5401379999975577	[-0.70677621  2.02122899 -0.64379264]
2.5401399999975576	[-0.70796631  2.02171143 -0.64487353]
2.5401419999975574	[-0.70915745  2.02219088 -0.64595541]
2.5401439999975572	[-0.71034965  2.02266729 -0.64703826]
2.540145999997557	[-0.71154291  2.02314061 -0.64812213]
2.540147999997557	[-0.71273727  2.02361081 -0.64920701]
2.5401499999975568	[-0.71393275  2.02407786 -0.65029295]
2.5401519999975566	[-0.71512936  2.02454171 -0.65137995]
2.5401539999975564	[-0.71632713  2.02500234 -0.65246803]
2.5401559999975563	[-0.71752608  2.02545972 -0.65355721]
2.540157999997556	[-0.71872623  2.02591381 -0.65464752]
2.540159999997556	[-0.7199276   2.02636458 -0.65573897]
2.5401619999975558	[-0.72113021  2.026812   -0.65683158]
2.5401639999975556	[-0.72233406  2.02725607 -0.65792534]
2.5401659999975554	[-0.72353922  2.02769671 -0.65902034]
2.5401679999975553	[-0.72474567  2.028134   -0.66011654]
2.540169999997555	[-0.72595343  2.02856774 -0.66121396]
2.540171999997555	[-0.72716253  2.02899807 -0.66231264]
2.5401739999975548	[-0.72837298  2.02942492 -0.66341258]
2.5401759999975546	[-0.7295848   2.02984827 -0.6645138 ]
2.5401779999975544	[-0.73079801  2.03026809 -0.66561632]
2.5401799999975543	[-0.73201276  2.03068456 -0.66672028]
2.540181999997554	[-0.73322867  2.03109716 -0.66782533]
2.540183999997554	[-0.73444616  2.03150636 -0.66893185]
2.540185999997554	[-0.7356651   2.031912   -0.67003972]
2.5401879999975536	[-0.73688551  2.03231408 -0.67114898]
2.5401899999975535	[-0.73810742  2.03271257 -0.67225962]
2.5401919999975533	[-0.73933083  2.03310748 -0.67337168]
2.540193999997553	[-0.74055577  2.03349881 -0.67448515]
2.540195999997553	[-0.74178224  2.03388656 -0.67560006]
2.540197999997553	[-0.74301025  2.03427073 -0.67671641]
2.5401999999975526	[-0.74423984  2.03465131 -0.67783423]
2.5402019999975525	[-0.745471    2.03502832 -0.67895352]
2.5402039999975523	[-0.74670375  2.03540175 -0.6800743 ]
2.540205999997552	[-0.74793811  2.03577162 -0.68119658]
2.540207999997552	[-0.74917408  2.03613795 -0.68232036]
2.540209999997552	[-0.75041167  2.03650074 -0.68344566]
2.5402119999975517	[-0.75165092  2.03686    -0.6845725 ]
2.5402139999975515	[-0.75289181  2.03721574 -0.68570087]
2.5402159999975513	[-0.75413437  2.03756799 -0.6868308 ]
2.540217999997551	[-0.75539557  2.03790906 -0.68797783]
2.540219999997551	[-0.75662441  2.03826187 -0.68909527]
2.540221999997551	[-0.75787203  2.03860374 -0.69022993]
2.5402239999975507	[-0.75912134  2.03894221 -0.69136616]
2.5402259999975505	[-0.76037236  2.0392773  -0.69250399]
2.5402279999975503	[-0.7616251   2.03960903 -0.69364343]
2.54022999999755	[-0.76287957  2.03993743 -0.69478447]
2.54023199999755	[-0.76413577  2.04026252 -0.69592714]
2.54023399999755	[-0.76539371  2.04058436 -0.69707143]
2.5402359999975497	[-0.76665339  2.04090296 -0.69821735]
2.5402379999975495	[-0.76791484  2.04121837 -0.6993649 ]
2.5402399999975493	[-0.76917804  2.04153062 -0.7005141 ]
2.540241999997549	[-0.770443    2.04183974 -0.70166494]
2.540243999997549	[-0.77170974  2.0421458  -0.70281744]
2.540245999997549	[-0.77297825  2.04244881 -0.70397159]
2.5402479999975487	[-0.77424854  2.04274884 -0.7051274 ]
2.5402499999975485	[-0.77552062  2.04304591 -0.70628488]
2.5402519999975484	[-0.77679385  2.04334047 -0.70744343]
2.540253999997548	[-0.77807011  2.04363144 -0.70860481]
2.540255999997548	[-0.77934755  2.04391994 -0.70976729]
2.540257999997548	[-0.78062675  2.04420572 -0.71093141]
2.5402599999975477	[-0.7819078   2.0444888  -0.71209726]
2.5402619999975475	[-0.78319062  2.04476924 -0.71326476]
2.5402639999975474	[-0.78447523  2.0450471  -0.71443392]
2.540265999997547	[-0.78576165  2.04532243 -0.71560477]
2.540267999997547	[-0.78704986  2.04559528 -0.7167773 ]
2.540269999997547	[-0.78833986  2.04586573 -0.71795149]
2.5402719999975467	[-0.78963166  2.04613384 -0.71912736]
2.5402739999975466	[-0.79092526  2.04639965 -0.72030491]
2.5402759999975464	[-0.79222065  2.04666324 -0.72148413]
2.540277999997546	[-0.79351783  2.04692468 -0.72266501]
2.540279999997546	[-0.79481681  2.04718403 -0.72384757]
2.540281999997546	[-0.79611757  2.04744136 -0.72503179]
2.5402839999975457	[-0.79742011  2.04769673 -0.72621768]
2.5402859999975456	[-0.79872444  2.04795022 -0.72740522]
2.5402879999975454	[-0.80003055  2.04820188 -0.72859443]
2.5402899999975452	[-0.80133843  2.04845181 -0.72978529]
2.540291999997545	[-0.80264809  2.04870007 -0.7309778 ]
2.540293999997545	[-0.80395951  2.04894673 -0.73217195]
2.5402959999975447	[-0.80527269  2.04919187 -0.73336775]
2.5402979999975446	[-0.80658764  2.04943556 -0.7345652 ]
2.5402999999975444	[-0.80790434  2.04967787 -0.73576426]
2.5403019999975442	[-0.80922278  2.04991889 -0.73696497]
2.540303999997544	[-0.81054298  2.0501587  -0.73816729]
2.540305999997544	[-0.81186491  2.05039736 -0.73937124]
2.5403079999975438	[-0.81318857  2.05063496 -0.7405768 ]
2.5403099999975436	[-0.81451396  2.05087158 -0.74178396]
2.5403119999975434	[-0.81584107  2.05110729 -0.74299273]
2.5403139999975433	[-0.81716988  2.05134219 -0.74420308]
2.540315999997543	[-0.81850043  2.05157635 -0.74541505]
2.540317999997543	[-0.81983267  2.05180983 -0.74662859]
2.5403199999975428	[-0.82116659  2.05204275 -0.74784371]
2.5403219999975426	[-0.82250223  2.05227515 -0.74906042]
2.5403239999975424	[-0.82383951  2.05250717 -0.75027865]
2.5403259999975423	[-0.82517848  2.05273884 -0.75149846]
2.540327999997542	[-0.82651912  2.05297026 -0.75271982]
2.540329999997542	[-0.82786142  2.05320152 -0.75394273]
2.540331999997542	[-0.82920538  2.05343268 -0.75516717]
2.5403339999975416	[-0.83055098  2.05366385 -0.75639315]
2.5403359999975414	[-0.83189821  2.05389509 -0.75762065]
2.5403379999975413	[-0.83324708  2.0541265  -0.75884966]
2.540339999997541	[-0.83459757  2.05435816 -0.76008018]
2.540341999997541	[-0.83594967  2.05459016 -0.76131221]
2.540343999997541	[-0.83730338  2.05482256 -0.76254573]
2.5403459999975406	[-0.83865869  2.05505546 -0.76378073]
2.5403479999975405	[-0.84001559  2.05528894 -0.76501722]
2.5403499999975403	[-0.84137407  2.05552307 -0.76625517]
2.54035199999754	[-0.84273413  2.05575796 -0.76749459]
2.54035399999754	[-0.84409576  2.05599366 -0.76873547]
2.54035599999754	[-0.84545893  2.05623027 -0.76997779]
2.5403579999975396	[-0.84682368  2.05646787 -0.77122157]
2.5403599999975395	[-0.84818997  2.05670653 -0.77246678]
2.5403619999975393	[-0.84955779  2.05694633 -0.77371341]
2.540363999997539	[-0.85092713  2.05718736 -0.77496146]
2.540365999997539	[-0.852298    2.05742969 -0.77621092]
2.540367999997539	[-0.85367039  2.05767341 -0.7774618 ]
2.5403699999975387	[-0.85504427  2.05791858 -0.77871406]
2.5403719999975385	[-0.85641966  2.05816529 -0.77996772]
2.5403739999975383	[-0.85779654  2.05841361 -0.78122277]
2.540375999997538	[-0.8591749   2.05866362 -0.78247919]
2.540377999997538	[-0.86055473  2.05891539 -0.78373698]
2.540379999997538	[-0.86193604  2.05916899 -0.78499613]
2.5403819999975377	[-0.8633188   2.0594245  -0.78625664]
2.5403839999975375	[-0.86470302  2.05968199 -0.78751849]
2.5403859999975373	[-0.86608869  2.05994154 -0.78878169]
2.540387999997537	[-0.86747579  2.0602032  -0.79004623]
2.540389999997537	[-0.86886437  2.06046697 -0.79131212]
2.540391999997537	[-0.87025429  2.06073317 -0.79257928]
2.5403939999975367	[-0.87164568  2.06100161 -0.79384778]
2.5403959999975365	[-0.87303847  2.06127244 -0.79511759]
2.5403979999975363	[-0.87443267  2.06154573 -0.7963887 ]
2.540399999997536	[-0.87582828  2.06182155 -0.79766112]
2.540401999997536	[-0.87722527  2.06209995 -0.79893482]
2.540403999997536	[-0.87862365  2.06238099 -0.80020981]
2.5404059999975357	[-0.88002342  2.06266475 -0.80148608]
2.5404079999975355	[-0.88142456  2.06295127 -0.80276362]
2.5404099999975354	[-0.88282707  2.06324062 -0.80404244]
2.540411999997535	[-0.88423094  2.06353286 -0.80532251]
2.540413999997535	[-0.88563617  2.06382804 -0.80660384]
2.540415999997535	[-0.88704275  2.06412621 -0.80788642]
2.5404179999975347	[-0.88845069  2.06442741 -0.80917026]
2.5404199999975345	[-0.88985996  2.06473176 -0.81045533]
2.5404219999975344	[-0.89127057  2.06503924 -0.81174164]
2.540423999997534	[-0.89268251  2.06534992 -0.81302919]
2.540425999997534	[-0.89409579  2.06566386 -0.81431797]
2.540427999997534	[-0.89551039  2.0659811  -0.81560797]
2.5404299999975337	[-0.8969263   2.06630168 -0.81689919]
2.5404319999975336	[-0.89834354  2.06662566 -0.81819163]
2.5404339999975334	[-0.89976208  2.06695308 -0.81948528]
2.5404359999975332	[-0.90118194  2.06728396 -0.82078014]
2.540437999997533	[-0.902603    2.0676181  -0.82207612]
2.540439999997533	[-0.90402555  2.06795635 -0.82337347]
2.5404419999975327	[-0.9054493   2.06829793 -0.82467193]
2.5404439999975326	[-0.90687436  2.06864314 -0.82597159]
2.5404459999975324	[-0.9083007   2.06899202 -0.82727245]
2.5404479999975322	[-0.90972833  2.06934462 -0.82857449]
2.540449999997532	[-0.91115725  2.06970095 -0.82987772]
2.540451999997532	[-0.91258745  2.07006106 -0.83118214]
2.5404539999975317	[-0.91401895  2.07042498 -0.83248775]
2.5404559999975316	[-0.91545171  2.07079272 -0.83379453]
2.5404579999975314	[-0.91688575  2.07116433 -0.83510249]
2.5404599999975312	[-0.91832108  2.07153984 -0.83641163]
2.540461999997531	[-0.91975768  2.07191926 -0.83772194]
2.540463999997531	[-0.92119556  2.07230263 -0.83903344]
2.5404659999975308	[-0.9226347   2.07268996 -0.8403461 ]
2.5404679999975306	[-0.92407512  2.07308128 -0.84165994]
2.5404699999975304	[-0.92551681  2.07347662 -0.84297495]
2.5404719999975303	[-0.92695978  2.07387598 -0.84429114]
2.54047399999753	[-0.92840474  2.07427875 -0.84560915]
2.54047599999753	[-0.92984952  2.07468689 -0.84692701]
2.5404779999975298	[-0.9312963   2.07509848 -0.8482467 ]
2.5404799999975296	[-0.93274436  2.07551415 -0.84956757]
2.5404819999975294	[-0.9341937   2.07593394 -0.85088962]
2.5404839999975293	[-0.93564431  2.07635786 -0.85221283]
2.540485999997529	[-0.9370962   2.07678593 -0.85353723]
2.540487999997529	[-0.93854937  2.07721815 -0.8548628 ]
2.540489999997529	[-0.94000382  2.07765455 -0.85618955]
2.5404919999975286	[-0.94145956  2.07809511 -0.85751747]
2.5404939999975285	[-0.94291657  2.07853987 -0.85884658]
2.5404959999975283	[-0.94437488  2.07898882 -0.86017687]
2.540497999997528	[-0.94583454  2.07944189 -0.8615084 ]
2.540499999997528	[-0.94729537  2.0798993  -0.862841  ]
2.540501999997528	[-0.94875755  2.08036088 -0.86417485]
2.5405039999975276	[-0.95022105  2.08082662 -0.8655099 ]
2.5405059999975275	[-0.95168583  2.08129666 -0.86684613]
2.5405079999975273	[-0.95315193  2.08177089 -0.86818357]
2.540509999997527	[-0.95461934  2.08224934 -0.86952221]
2.540511999997527	[-0.95608806  2.08273201 -0.87086205]
2.540513999997527	[-0.95755811  2.08321892 -0.87220311]
2.5405159999975266	[-0.95902949  2.08371006 -0.87354539]
2.5405179999975265	[-0.96050219  2.08420543 -0.87488888]
2.5405199999975263	[-0.96197623  2.08470502 -0.87623359]
2.540521999997526	[-0.9634516   2.08520883 -0.87757954]
2.540523999997526	[-0.96492833  2.08571686 -0.87892671]
2.540525999997526	[-0.96640641  2.08622912 -0.88027512]
2.5405279999975257	[-0.96788585  2.08674559 -0.88162478]
2.5405299999975255	[-0.96936665  2.08726626 -0.88297569]
2.5405319999975253	[-0.97084882  2.08779118 -0.88432784]
2.540533999997525	[-0.97233238  2.08832026 -0.88568127]
2.540535999997525	[-0.97381731  2.08885355 -0.88703596]
2.540537999997525	[-0.97530365  2.08939106 -0.88839192]
2.5405399999975247	[-0.97679137  2.08993271 -0.88974916]
2.5405419999975245	[-0.97828051  2.09047858 -0.89110769]
2.5405439999975243	[-0.97977107  2.09102859 -0.89246752]
2.540545999997524	[-0.98126304  2.09158278 -0.89382864]
2.540547999997524	[-0.98275645  2.09214114 -0.89519107]
2.540549999997524	[-0.9842513   2.09270365 -0.89655482]
2.5405519999975237	[-0.98574759  2.0932703  -0.89791988]
2.5405539999975235	[-0.98724534  2.0938411  -0.89928628]
2.5405559999975234	[-0.98874456  2.09441602 -0.90065402]
2.540557999997523	[-0.99024525  2.09499505 -0.90202311]
2.540559999997523	[-0.99174746  2.09557813 -0.90339358]
2.540561999997523	[-0.99325109  2.09616549 -0.90476534]
2.5405639999975227	[-0.99475626  2.09675686 -0.90613851]
2.5405659999975225	[-0.99626293  2.09735231 -0.90751306]
2.5405679999975224	[-0.99777114  2.09795186 -0.90888901]
2.540569999997522	[-0.99928087  2.09855548 -0.91026634]
2.540571999997522	[-1.00079214  2.09916316 -0.91164509]
2.540573999997522	[-1.00230496  2.0997749  -0.91302525]
2.5405759999975217	[-1.00382498  2.10038537 -0.914412  ]
2.5405779999975215	[-1.00533521  2.1010104  -0.91578977]
2.5405799999975214	[-1.00685276  2.10163426 -0.91717424]
2.540581999997521	[-1.00837189  2.10226217 -0.91856015]
2.540583999997521	[-1.00989262  2.1028941  -0.91994753]
2.540585999997521	[-1.01141496  2.10353005 -0.92133638]
2.5405879999975207	[-1.01293893  2.10417001 -0.92272671]
2.5405899999975206	[-1.01446454  2.10481397 -0.92411853]
2.5405919999975204	[-1.01599178  2.10546193 -0.92551186]
2.5405939999975202	[-1.01752068  2.10611388 -0.92690669]
2.54059599999752	[-1.01905126  2.10676983 -0.92830305]
2.54059799999752	[-1.0205835   2.10742974 -0.92970093]
2.5405999999975197	[-1.02211743  2.10809363 -0.93110036]
2.5406019999975196	[-1.02365301  2.10876138 -0.93250129]
2.5406039999975194	[-1.0251904   2.10943335 -0.93390387]
2.5406059999975192	[-1.02672946  2.11010914 -0.93530798]
2.540607999997519	[-1.02827026  2.11078891 -0.93671367]
2.540609999997519	[-1.02981279  2.11147263 -0.93812094]
2.5406119999975187	[-1.03135706  2.11216031 -0.93952981]
2.5406139999975186	[-1.03290312  2.11285193 -0.94094031]
2.5406159999975184	[-1.03445094  2.11354752 -0.94235241]
2.5406179999975183	[-1.03600055  2.11424705 -0.94376615]
2.540619999997518	[-1.03755195  2.11495054 -0.94518153]
2.540621999997518	[-1.03910516  2.11565797 -0.94659855]
2.5406239999975178	[-1.04066018  2.11636935 -0.94801724]
2.5406259999975176	[-1.04221703  2.11708469 -0.94943759]
2.5406279999975174	[-1.04377571  2.11780397 -0.95085962]
2.5406299999975173	[-1.04533624  2.11852721 -0.95228333]
2.540631999997517	[-1.04689863  2.1192544  -0.95370874]
2.540633999997517	[-1.0484629   2.11998553 -0.95513588]
2.5406359999975168	[-1.050029    2.12072065 -0.95656469]
2.5406379999975166	[-1.05159702  2.12145973 -0.95799525]
2.5406399999975164	[-1.05316692  2.12220277 -0.95942754]
2.5406419999975163	[-1.05473873  2.12294979 -0.96086157]
2.540643999997516	[-1.05631246  2.12370078 -0.96229735]
2.540645999997516	[-1.0578881   2.12445575 -0.96373488]
2.540647999997516	[-1.05946568  2.12521472 -0.96517419]
2.5406499999975156	[-1.06104519  2.12597766 -0.96661526]
2.5406519999975155	[-1.06262665  2.12674463 -0.96805812]
2.5406539999975153	[-1.06421008  2.12751556 -0.96950277]
2.540655999997515	[-1.06579546  2.12829054 -0.97094922]
2.540657999997515	[-1.06738281  2.12906953 -0.97239747]
2.540659999997515	[-1.06897215  2.12985256 -0.97384754]
2.5406619999975146	[-1.07056347  2.13063963 -0.97529942]
2.5406639999975145	[-1.07215678  2.13143074 -0.97675313]
2.5406659999975143	[-1.07375209  2.13222592 -0.97820867]
2.540667999997514	[-1.07534942  2.13302516 -0.97966605]
2.540669999997514	[-1.07694875  2.13382848 -0.98112528]
2.540671999997514	[-1.07855011  2.1346359  -0.98258636]
2.5406739999975136	[-1.08015349  2.13544741 -0.98404929]
2.5406759999975135	[-1.0817589   2.13626304 -0.98551409]
2.5406779999975133	[-1.08336635  2.13708279 -0.98698075]
2.540679999997513	[-1.08497584  2.13790667 -0.98844929]
2.540681999997513	[-1.08658738  2.13873471 -0.98991971]
2.540683999997513	[-1.08820097  2.13956691 -0.991392  ]
2.5406859999975127	[-1.08981663  2.14040327 -0.9928662 ]
2.5406879999975125	[-1.09143433  2.14124384 -0.99434226]
2.5406899999975123	[-1.09305408  2.14208862 -0.99582021]
2.540691999997512	[-1.09467594  2.14293758 -0.99730009]
2.540693999997512	[-1.09629984  2.14379078 -0.99878186]
2.540695999997512	[-1.09792582  2.14464823 -1.00026553]
2.5406979999975117	[-1.09955388  2.14550994 -1.00175111]
2.5406999999975115	[-1.10118401  2.14637591 -1.00323859]
2.5407019999975113	[-1.10281622  2.14724618 -1.00472797]
2.540703999997511	[-1.10443033  2.14813129 -1.00620084]
2.540705999997511	[-1.10608738  2.14900003 -1.00771296]
2.540707999997511	[-1.10772585  2.14988321 -1.0092081 ]
2.5407099999975107	[-1.10936639  2.15077076 -1.01070515]
2.5407119999975105	[-1.11100902  2.15166266 -1.01220412]
2.5407139999975104	[-1.11265374  2.15255894 -1.01370501]
2.54071599999751	[-1.11430054  2.15345962 -1.01520781]
2.54071799999751	[-1.11594942  2.15436469 -1.01671253]
2.54071999999751	[-1.11760039  2.15527419 -1.01821917]
2.5407219999975097	[-1.11925345  2.15618826 -1.01972774]
2.5407239999975095	[-1.12090858  2.15710651 -1.0212382 ]
2.5407259999975094	[-1.12256579  2.15802936 -1.02275059]
2.540727999997509	[-1.12422507  2.15895668 -1.02426489]
2.540729999997509	[-1.12588644  2.1598885  -1.02578109]
2.540731999997509	[-1.1275498   2.16082489 -1.02729914]
2.5407339999975087	[-1.12921538  2.16176568 -1.02881923]
2.5407359999975085	[-1.13088295  2.16271106 -1.03034116]
2.5407379999975084	[-1.13255257  2.163661   -1.03186498]
2.540739999997508	[-1.13422427  2.16461548 -1.03339071]
2.540741999997508	[-1.13589801  2.16557455 -1.03491832]
2.540743999997508	[-1.13757381  2.1665382  -1.03644783]
2.5407459999975077	[-1.13925164  2.16750645 -1.03797922]
2.5407479999975076	[-1.14093152  2.16847931 -1.03951249]
2.5407499999975074	[-1.14261343  2.1694568  -1.04104764]
2.5407519999975072	[-1.14429737  2.17043891 -1.04258466]
2.540753999997507	[-1.14598333  2.17142567 -1.04412355]
2.540755999997507	[-1.14767131  2.17241708 -1.0456643 ]
2.5407579999975067	[-1.1493613   2.17341315 -1.0472069 ]
2.5407599999975066	[-1.15105329  2.1744139  -1.04875136]
2.5407619999975064	[-1.15274728  2.17541932 -1.05029765]
2.5407639999975062	[-1.15444326  2.17642944 -1.05184578]
2.540765999997506	[-1.15614122  2.17744425 -1.05339575]
2.540767999997506	[-1.15784114  2.17846376 -1.05494753]
2.5407699999975057	[-1.15954304  2.17948798 -1.05650113]
2.5407719999975056	[-1.16124689  2.18051692 -1.05805654]
2.5407739999975054	[-1.16295269  2.18155056 -1.05961375]
2.5407759999975053	[-1.16466043  2.18258893 -1.06117276]
2.540777999997505	[-1.16637009  2.18363205 -1.06273353]
2.540779999997505	[-1.1680817   2.18467986 -1.06429612]
2.5407819999975048	[-1.1697952   2.18573242 -1.06586045]
2.5407839999975046	[-1.17151135  2.18678947 -1.0674272 ]
2.5407859999975044	[-1.17322782  2.18785159 -1.06899431]
2.5407879999975043	[-1.17493225  2.18893524 -1.07055036]
2.540789999997504	[-1.17666831  2.18999023 -1.07213546]
2.540791999997504	[-1.17839119  2.19106646 -1.07370848]
2.5407939999975038	[-1.18011595  2.19214741 -1.07528324]
2.5407959999975036	[-1.18184255  2.19323307 -1.0768597 ]
2.5407979999975034	[-1.18357098  2.19432345 -1.07843786]
2.5407999999975033	[-1.18530123  2.19541854 -1.08001769]
2.540801999997503	[-1.18703328  2.19651833 -1.08159921]
2.540803999997503	[-1.18876713  2.19762282 -1.08318239]
2.540805999997503	[-1.19050276  2.19873199 -1.08476722]
2.5408079999975026	[-1.19224017  2.19984584 -1.0863537 ]
2.5408099999975025	[-1.19397933  2.20096436 -1.08794181]
2.5408119999975023	[-1.19572024  2.20208753 -1.08953153]
2.540813999997502	[-1.19746288  2.20321535 -1.09112287]
2.540815999997502	[-1.19920725  2.20434779 -1.09271581]
2.540817999997502	[-1.20095333  2.20548485 -1.09431034]
2.5408199999975016	[-1.20270112  2.20662649 -1.09590645]
2.5408219999975015	[-1.20445058  2.20777274 -1.09750412]
2.5408239999975013	[-1.20620172  2.20892354 -1.09910335]
2.540825999997501	[-1.20795452  2.21007888 -1.10070412]
2.540827999997501	[-1.20970896  2.21123875 -1.10230643]
2.540829999997501	[-1.21146505  2.21240312 -1.10391025]
2.5408319999975006	[-1.21322275  2.21357196 -1.10551558]
2.5408339999975005	[-1.21498207  2.21474526 -1.10712241]
2.5408359999975003	[-1.21674298  2.21592299 -1.10873073]
2.5408379999975	[-1.21850548  2.21710512 -1.11034052]
2.5408399999975	[-1.22026955  2.21829163 -1.11195178]
2.5408419999975	[-1.22203524  2.21948249 -1.11356455]
2.5408439999974997	[-1.22380235  2.22067767 -1.11517863]
2.5408459999974995	[-1.22557106  2.22187713 -1.1167942 ]
2.5408479999974993	[-1.22734128  2.22308085 -1.11841119]
2.540849999997499	[-1.22911301  2.22428878 -1.12002958]
2.540851999997499	[-1.23088623  2.22550091 -1.12164936]
2.540853999997499	[-1.23266094  2.22671718 -1.12327053]
2.5408559999974987	[-1.23443711  2.22793757 -1.12489306]
2.5408579999974985	[-1.23621474  2.22916203 -1.12651696]
2.5408599999974983	[-1.23799381  2.23039053 -1.1281422 ]
2.540861999997498	[-1.23977431  2.23162302 -1.12976877]
2.540863999997498	[-1.24155622  2.23285947 -1.13139667]
2.540865999997498	[-1.24333955  2.23409982 -1.13302588]
2.5408679999974977	[-1.24512426  2.23534404 -1.13465639]
2.5408699999974975	[-1.24691035  2.23659207 -1.13628819]
2.5408719999974974	[-1.24869781  2.23784388 -1.13792126]
2.540873999997497	[-1.25048662  2.23909941 -1.13955561]
2.540875999997497	[-1.25227678  2.24035861 -1.14119121]
2.540877999997497	[-1.25406827  2.24162143 -1.14282806]
2.5408799999974967	[-1.25586108  2.24288783 -1.14446614]
2.5408819999974965	[-1.25765519  2.24415773 -1.14610545]
2.5408839999974964	[-1.25945061  2.2454311  -1.14774597]
2.540885999997496	[-1.2612473   2.24670788 -1.1493877 ]
2.540887999997496	[-1.26304527  2.247988   -1.15103062]
2.540889999997496	[-1.2648445   2.24927141 -1.15267472]
2.5408919999974957	[-1.26664497  2.25055804 -1.15431999]
2.5408939999974955	[-1.2684467   2.25184786 -1.15596643]
2.5408959999974954	[-1.27024965  2.25314077 -1.15761402]
2.540897999997495	[-1.27205382  2.25443673 -1.15926276]
2.540899999997495	[-1.27385919  2.25573566 -1.16091263]
2.540901999997495	[-1.27566577  2.2570375  -1.16256363]
2.5409039999974947	[-1.27747353  2.25834219 -1.16421574]
2.5409059999974946	[-1.27928247  2.25964965 -1.16586896]
2.5409079999974944	[-1.28109258  2.26095982 -1.16752328]
2.5409099999974942	[-1.28290385  2.26227262 -1.16917869]
2.540911999997494	[-1.28471626  2.26358798 -1.17083518]
2.540913999997494	[-1.28652982  2.26490584 -1.17249274]
2.5409159999974937	[-1.28834451  2.2662261  -1.17415137]
2.5409179999974936	[-1.29016039  2.26754868 -1.17581113]
2.5409199999974934	[-1.29197725  2.26887358 -1.1774718 ]
2.5409219999974932	[-1.29379528  2.27020063 -1.17913358]
2.540923999997493	[-1.29561442  2.27152978 -1.1807964 ]
2.540925999997493	[-1.29743464  2.27286096 -1.18246025]
2.5409279999974927	[-1.29925595  2.27419408 -1.18412512]
2.5409299999974926	[-1.30107833  2.27552907 -1.185791  ]
2.5409319999974924	[-1.30290178  2.27686583 -1.18745789]
2.5409339999974923	[-1.3047263   2.27820427 -1.18912579]
2.540935999997492	[-1.30655187  2.27954433 -1.19079468]
2.540937999997492	[-1.30837849  2.2808859  -1.19246457]
2.5409399999974918	[-1.31020615  2.28222891 -1.19413543]
2.5409419999974916	[-1.31203486  2.28357325 -1.19580729]
2.5409439999974914	[-1.31386458  2.28491885 -1.19748011]
2.5409459999974913	[-1.31569534  2.2862656  -1.19915391]
2.540947999997491	[-1.31752712  2.28761342 -1.20082867]
2.540949999997491	[-1.31935992  2.28896222 -1.20250439]
2.5409519999974908	[-1.32119373  2.2903119  -1.20418107]
2.5409539999974906	[-1.32302855  2.29166236 -1.2058587 ]
2.5409559999974904	[-1.32486437  2.29301351 -1.20753729]
2.5409579999974903	[-1.3267012   2.29436525 -1.20921682]
2.54095999999749	[-1.32853902  2.29571749 -1.21089729]
2.54096199999749	[-1.33037783  2.29707011 -1.21257871]
2.54096399999749	[-1.33221764  2.29842303 -1.21426106]
2.5409659999974896	[-1.33405842  2.29977613 -1.21594434]
2.5409679999974895	[-1.33590021  2.30112935 -1.21762856]
2.5409699999974893	[-1.33774297  2.30248255 -1.21931371]
2.540971999997489	[-1.33958671  2.30383563 -1.22099979]
2.540973999997489	[-1.34143143  2.30518849 -1.2226868 ]
2.540975999997489	[-1.34327713  2.30654103 -1.22437473]
2.5409779999974886	[-1.34512381  2.30789314 -1.22606359]
2.5409799999974885	[-1.34697147  2.30924472 -1.22775337]
2.5409819999974883	[-1.34883633  2.31057687 -1.229459  ]
2.540983999997488	[-1.35066965  2.3119454  -1.23113565]
2.540985999997488	[-1.35252009  2.31329482 -1.23282807]
2.540987999997488	[-1.35437166  2.31464317 -1.23452155]
2.5409899999974876	[-1.3562242   2.31599043 -1.23621595]
2.5409919999974875	[-1.35807771  2.3173365  -1.23791128]
2.5409939999974873	[-1.35993221  2.31868128 -1.23960753]
2.540995999997487	[-1.36178768  2.32002464 -1.2413047 ]
2.540997999997487	[-1.36364413  2.32136647 -1.2430028 ]
2.540999999997487	[-1.36550157  2.32270667 -1.24470183]
2.5410019999974867	[-1.36735999  2.32404511 -1.24640179]
2.5410039999974865	[-1.3692194   2.32538169 -1.24810269]
2.5410059999974863	[-1.3710798   2.32671628 -1.24980451]
2.541007999997486	[-1.37294119  2.32804877 -1.25150728]
2.541009999997486	[-1.37480357  2.32937906 -1.25321098]
2.541011999997486	[-1.37666695  2.33070701 -1.25491562]
2.5410139999974857	[-1.37853133  2.33203252 -1.25662121]
2.5410159999974855	[-1.38039673  2.33335548 -1.25832775]
2.5410179999974853	[-1.38226312  2.33467573 -1.26003523]
2.541019999997485	[-1.38413053  2.3359932  -1.26174367]
2.541021999997485	[-1.38599896  2.33730776 -1.26345307]
2.541023999997485	[-1.38786842  2.33861928 -1.26516343]
2.5410259999974847	[-1.38973233  2.33993542 -1.26686871]
2.5410279999974845	[-1.39161057  2.34123273 -1.26858721]
2.5410299999974844	[-1.39348312  2.34253444 -1.27030049]
2.541031999997484	[-1.39535671  2.34383264 -1.27201474]
2.541033999997484	[-1.39723136  2.34512721 -1.27372999]
2.541035999997484	[-1.39910704  2.34641804 -1.27544621]
2.5410379999974837	[-1.40098379  2.347705   -1.27716344]
2.5410399999974835	[-1.40286161  2.34898797 -1.27888167]
2.5410419999974834	[-1.4047405   2.35026684 -1.2806009 ]
2.541043999997483	[-1.40662047  2.35154148 -1.28232115]
2.541045999997483	[-1.40850153  2.35281178 -1.28404241]
2.541047999997483	[-1.41038368  2.35407761 -1.2857647 ]
2.5410499999974827	[-1.41226693  2.35533885 -1.28748802]
2.5410519999974825	[-1.41415129  2.3565954  -1.28921237]
2.5410539999974824	[-1.41603676  2.35784712 -1.29093777]
2.541055999997482	[-1.41792336  2.35909391 -1.29266422]
2.541057999997482	[-1.41981108  2.36033562 -1.29439172]
2.541059999997482	[-1.42169994  2.36157216 -1.29612029]
2.5410619999974817	[-1.42358995  2.3628034  -1.29784993]
2.5410639999974816	[-1.42548111  2.36402923 -1.29958064]
2.5410659999974814	[-1.42737344  2.36524951 -1.30131244]
2.5410679999974812	[-1.42926694  2.36646415 -1.30304534]
2.541069999997481	[-1.43116163  2.367673   -1.30477935]
2.541071999997481	[-1.43305748  2.36887599 -1.30651444]
2.5410739999974807	[-1.43495454  2.37007296 -1.30825065]
2.5410759999974806	[-1.4368528   2.37126381 -1.30998798]
2.5410779999974804	[-1.4387523   2.37244843 -1.31172646]
2.5410799999974802	[-1.44065301  2.37362676 -1.31346608]
2.54108199999748	[-1.44255494  2.3747985  -1.31520683]
2.54108399999748	[-1.44445813  2.37596371 -1.31694874]
2.5410859999974797	[-1.44636255  2.37712223 -1.31869181]
2.5410879999974796	[-1.44826826  2.37827395 -1.32043607]
2.5410899999974794	[-1.45017523  2.37941875 -1.32218149]
2.5410919999974793	[-1.45208348  2.38055651 -1.32392811]
2.541093999997479	[-1.45399302  2.38168713 -1.32567592]
2.541095999997479	[-1.45590386  2.38281049 -1.32742494]
2.5410979999974788	[-1.457816    2.38392649 -1.32917518]
2.5410999999974786	[-1.45972948  2.38503502 -1.33092663]
2.5411019999974784	[-1.46164427  2.38613596 -1.33267932]
2.5411039999974783	[-1.46356041  2.38722923 -1.33443325]
2.541105999997478	[-1.46547788  2.38831469 -1.3361884 ]
2.541107999997478	[-1.46739675  2.38939226 -1.33794486]
2.5411099999974778	[-1.46931697  2.39046182 -1.33970256]
2.5411119999974776	[-1.47123289  2.39152939 -1.34145633]
2.5411139999974774	[-1.47316155  2.39257673 -1.34322179]
2.5411159999974773	[-1.47508595  2.39362165 -1.34498335]
2.541117999997477	[-1.47701174  2.39465817 -1.3467462 ]
2.541119999997477	[-1.47893896  2.39568617 -1.34851037]
2.541121999997477	[-1.4808676   2.39670555 -1.35027585]
2.5411239999974766	[-1.48279769  2.39771622 -1.35204266]
2.5411259999974765	[-1.48472922  2.39871808 -1.3538108 ]
2.5411279999974763	[-1.48666221  2.39971104 -1.35558029]
2.541129999997476	[-1.48859667  2.400695   -1.35735113]
2.541131999997476	[-1.49053261  2.40166988 -1.35912333]
2.541133999997476	[-1.49247004  2.40263556 -1.36089691]
2.5411359999974756	[-1.49440896  2.40359197 -1.36267186]
2.5411379999974755	[-1.4963494   2.40453902 -1.3644482 ]
2.5411399999974753	[-1.49829135  2.40547661 -1.36622593]
2.541141999997475	[-1.50023482  2.40640467 -1.36800507]
2.541143999997475	[-1.50217984  2.4073231  -1.36978562]
2.541145999997475	[-1.5041264   2.40823183 -1.37156759]
2.5411479999974746	[-1.50607031  2.40913536 -1.37334712]
2.5411499999974745	[-1.50802428  2.41001992 -1.3751359 ]
2.5411519999974743	[-1.50997552  2.41089903 -1.37692216]
2.541153999997474	[-1.51192834  2.41176811 -1.37870989]
2.541155999997474	[-1.51388276  2.41262707 -1.38049907]
2.541157999997474	[-1.51583877  2.41347586 -1.38228972]
2.5411599999974737	[-1.5177964   2.41431438 -1.38408184]
2.5411619999974735	[-1.51975565  2.41514256 -1.38587545]
2.5411639999974733	[-1.52171651  2.41596035 -1.38767054]
2.541165999997473	[-1.52367901  2.41676766 -1.38946713]
2.541167999997473	[-1.52564314  2.41756444 -1.39126522]
2.541169999997473	[-1.52760893  2.4183506  -1.39306482]
2.5411719999974727	[-1.52957637  2.41912609 -1.39486593]
2.5411739999974725	[-1.53154547  2.41989085 -1.39666857]
2.5411759999974723	[-1.53351624  2.4206448  -1.39847273]
2.541177999997472	[-1.53548869  2.4213879  -1.40027843]
2.541179999997472	[-1.53746282  2.42212008 -1.40208567]
2.541181999997472	[-1.53943865  2.42284129 -1.40389445]
2.5411839999974717	[-1.54141617  2.42355147 -1.40570479]
2.5411859999974715	[-1.5433954   2.42425057 -1.40751668]
2.5411879999974714	[-1.54537634  2.42493853 -1.40933014]
2.541189999997471	[-1.54735799  2.42561719 -1.41114429]
2.541191999997471	[-1.54934345  2.42628082 -1.41296184]
2.541193999997471	[-1.55132955  2.42693508 -1.41478002]
2.5411959999974707	[-1.55331739  2.42757802 -1.41659978]
2.5411979999974705	[-1.55530696  2.42820958 -1.41842112]
2.5411999999974704	[-1.55729827  2.42882974 -1.42024405]
2.54120199999747	[-1.55929134  2.42943844 -1.42206858]
2.54120399999747	[-1.56128116  2.43003841 -1.42389012]
2.54120599999747	[-1.56328274  2.43062142 -1.42572246]
2.5412079999974697	[-1.56528106  2.43119558 -1.42755179]
2.5412099999974695	[-1.56728117  2.43175809 -1.42938274]
2.5412119999974694	[-1.56928303  2.43230901 -1.4312153 ]
2.541213999997469	[-1.57128666  2.43284827 -1.43304947]
2.541215999997469	[-1.57329207  2.43337584 -1.43488526]
2.541217999997469	[-1.57529925  2.43389171 -1.43672267]
2.5412199999974687	[-1.57730822  2.43439585 -1.43856171]
2.5412219999974686	[-1.57931896  2.43488823 -1.44040236]
2.5412239999974684	[-1.58133149  2.43536883 -1.44224464]
2.5412259999974682	[-1.58334581  2.43583764 -1.44408855]
2.541227999997468	[-1.58536191  2.43629463 -1.44593409]
2.541229999997468	[-1.58737979  2.43673979 -1.44778125]
2.5412319999974677	[-1.58939947  2.43717311 -1.44963005]
2.5412339999974676	[-1.59142089  2.43759511 -1.45148043]
2.5412359999974674	[-1.5934442   2.43800418 -1.45333253]
2.5412379999974672	[-1.59546925  2.4384019  -1.45518622]
2.541239999997467	[-1.59749609  2.43878774 -1.45704153]
2.541241999997467	[-1.59952471  2.43916168 -1.45889848]
2.5412439999974668	[-1.60155513  2.43952374 -1.46075706]
2.5412459999974666	[-1.60358733  2.4398739  -1.46261726]
2.5412479999974664	[-1.60562133  2.44021216 -1.46447909]
2.5412499999974663	[-1.6076571   2.44053852 -1.46634254]
2.541251999997466	[-1.60969466  2.44085299 -1.46820762]
2.541253999997466	[-1.611734    2.44115558 -1.47007432]
2.5412559999974658	[-1.61377512  2.44144627 -1.47194264]
2.5412579999974656	[-1.61581802  2.44172509 -1.47381258]
2.5412599999974654	[-1.61786269  2.44199204 -1.47568414]
2.5412619999974653	[-1.61990913  2.44224714 -1.4775573 ]
2.541263999997465	[-1.62195735  2.44249038 -1.47943208]
2.541265999997465	[-1.62400732  2.44272178 -1.48130846]
2.5412679999974648	[-1.62605905  2.44294138 -1.48318644]
2.5412699999974646	[-1.62811254  2.44314917 -1.48506602]
2.5412719999974644	[-1.63016778  2.44334517 -1.48694719]
2.5412739999974643	[-1.63222477  2.4435294  -1.48882996]
2.541275999997464	[-1.63428349  2.44370189 -1.49071431]
2.541277999997464	[-1.63634396  2.44386265 -1.49260024]
2.541279999997464	[-1.63840615  2.44401171 -1.49448774]
2.5412819999974636	[-1.64047007  2.44414909 -1.49637682]
2.5412839999974635	[-1.64253571  2.44427482 -1.49826746]
2.5412859999974633	[-1.64460321  2.44438833 -1.5001598 ]
2.541287999997463	[-1.64667212  2.44449142 -1.50205341]
2.541289999997463	[-1.64874288  2.44458235 -1.50394871]
2.541291999997463	[-1.65082077  2.44465786 -1.50585053]
2.5412939999974626	[-1.65288941  2.44472958 -1.50774389]
2.5412959999974625	[-1.65496523  2.44478599 -1.50964381]
2.5412979999974623	[-1.65704269  2.444831   -1.51154521]
2.541299999997462	[-1.65912187  2.44486453 -1.51344818]
2.541301999997462	[-1.66120268  2.44488673 -1.51535264]
2.541303999997462	[-1.66328513  2.4448976  -1.5172586 ]
2.5413059999974617	[-1.66536922  2.44489718 -1.51916604]
2.5413079999974615	[-1.66745494  2.4448855  -1.52107498]
2.5413099999974613	[-1.66954227  2.4448626  -1.52298538]
2.541311999997461	[-1.67163122  2.44482853 -1.52489726]
2.541313999997461	[-1.67372177  2.44478333 -1.5268106 ]
2.541315999997461	[-1.67581391  2.44472704 -1.52872539]
2.5413179999974607	[-1.67790763  2.44465971 -1.53064162]
2.5413199999974605	[-1.68000293  2.44458137 -1.53255929]
2.5413219999974603	[-1.68209978  2.44449208 -1.53447838]
2.54132399999746	[-1.68419819  2.44439187 -1.53639889]
2.54132599999746	[-1.68629814  2.44428081 -1.5383208 ]
2.54132799999746	[-1.68839963  2.44415893 -1.54024412]
2.5413299999974597	[-1.69050263  2.44402627 -1.54216882]
2.5413319999974595	[-1.69260713  2.4438829  -1.54409489]
2.5413339999974593	[-1.69471315  2.44372886 -1.54602235]
2.541335999997459	[-1.69682064  2.4435642  -1.54795115]
2.541337999997459	[-1.69892961  2.44338896 -1.54988131]
2.541339999997459	[-1.70104004  2.44320321 -1.55181279]
2.5413419999974587	[-1.70315194  2.44300698 -1.55374563]
2.5413439999974585	[-1.70526526  2.44280034 -1.55567977]
2.5413459999974584	[-1.70738002  2.44258334 -1.55761521]
2.541347999997458	[-1.70949619  2.44235602 -1.55955196]
2.541349999997458	[-1.71161377  2.44211844 -1.56148998]
2.541351999997458	[-1.71373274  2.44187065 -1.56342929]
2.5413539999974577	[-1.7158531   2.44161272 -1.56536987]
2.5413559999974575	[-1.71797481  2.44134468 -1.56731169]
2.5413579999974574	[-1.72009789  2.44106659 -1.56925475]
2.541359999997457	[-1.72222231  2.44077852 -1.57119905]
2.541361999997457	[-1.72434806  2.4404805  -1.57314457]
2.541363999997457	[-1.72647512  2.44017261 -1.5750913 ]
2.5413659999974567	[-1.7286035   2.43985488 -1.57703923]
2.5413679999974566	[-1.73073317  2.43952739 -1.57898834]
2.5413699999974564	[-1.73286411  2.43919017 -1.58093863]
2.541371999997456	[-1.73499632  2.43884329 -1.58289008]
2.541373999997456	[-1.73712979  2.4384868  -1.58484269]
2.541375999997456	[-1.7392645   2.43812076 -1.58679644]
2.5413779999974557	[-1.74140043  2.43774522 -1.58875132]
2.5413799999974556	[-1.74353759  2.43736023 -1.59070731]
2.5413819999974554	[-1.74567594  2.43696586 -1.59266442]
2.5413839999974552	[-1.74781549  2.43656214 -1.59462262]
2.541385999997455	[-1.74995621  2.43614915 -1.5965819 ]
2.541387999997455	[-1.7520981   2.43572693 -1.59854227]
2.5413899999974547	[-1.75424882  2.43528849 -1.60051074]
2.5413919999974546	[-1.75638518  2.43485491 -1.60246603]
2.5413939999974544	[-1.75853048  2.43440533 -1.60442954]
2.5413959999974542	[-1.76067361  2.43394883 -1.60639107]
2.541397999997454	[-1.76282446  2.43347926 -1.60835969]
2.541399999997454	[-1.76497306  2.43300282 -1.61032625]
2.5414019999974538	[-1.76712274  2.43251753 -1.6122938 ]
2.5414039999974536	[-1.76927347  2.43202344 -1.61426233]
2.5414059999974534	[-1.77142525  2.43152061 -1.61623184]
2.5414079999974533	[-1.77357807  2.43100908 -1.6182023 ]
2.541409999997453	[-1.77573192  2.4304889  -1.62017372]
2.541411999997453	[-1.77788677  2.42996014 -1.62214607]
2.5414139999974528	[-1.78004262  2.42942283 -1.62411935]
2.5414159999974526	[-1.78219946  2.42887704 -1.62609355]
2.5414179999974524	[-1.78435728  2.4283228  -1.62806865]
2.5414199999974523	[-1.7865154   2.42776085 -1.63004405]
2.541421999997452	[-1.78867579  2.4271892  -1.63202154]
2.541423999997452	[-1.79083652  2.42660998 -1.63399935]
2.541425999997452	[-1.79299804  2.42602244 -1.6359779 ]
2.5414279999974516	[-1.79516054  2.42542674 -1.63795737]
2.5414299999974514	[-1.79732395  2.42482289 -1.63993768]
2.5414319999974513	[-1.79948824  2.42421094 -1.64191882]
2.541433999997451	[-1.80165342  2.42359094 -1.64390079]
2.541435999997451	[-1.80381946  2.42296292 -1.64588356]
2.541437999997451	[-1.80598637  2.42232694 -1.64786714]
2.5414399999974506	[-1.80815411  2.42168303 -1.64985151]
2.5414419999974505	[-1.8103227   2.42103125 -1.65183666]
2.5414439999974503	[-1.81249211  2.42037164 -1.65382259]
2.54144599999745	[-1.81466233  2.41970424 -1.65580928]
2.54144799999745	[-1.81683335  2.41902909 -1.65779671]
2.54144999999745	[-1.81900517  2.41834623 -1.6597849 ]
2.5414519999974496	[-1.82117777  2.41765571 -1.66177382]
2.5414539999974495	[-1.82335114  2.41695757 -1.66376347]
2.5414559999974493	[-1.82552528  2.41625184 -1.66575384]
2.541457999997449	[-1.82770016  2.41553857 -1.66774491]
2.541459999997449	[-1.82987579  2.41481779 -1.66973669]
2.541461999997449	[-1.83205214  2.41408953 -1.67172914]
2.5414639999974487	[-1.83422924  2.41335386 -1.67372231]
2.5414659999974485	[-1.83640704  2.41261079 -1.67571613]
2.5414679999974483	[-1.83858556  2.41186036 -1.67771063]
2.541469999997448	[-1.84076476  2.41110262 -1.67970578]
2.541471999997448	[-1.84294465  2.41033758 -1.68170159]
2.541473999997448	[-1.84512523  2.40956529 -1.68369804]
2.5414759999974477	[-1.84730647  2.40878579 -1.68569512]
2.5414779999974475	[-1.84948839  2.4079991  -1.68769284]
2.5414799999974473	[-1.85167095  2.40720526 -1.68969118]
2.541481999997447	[-1.85385416  2.4064043  -1.69169013]
2.541483999997447	[-1.85603801  2.40559624 -1.69368969]
2.541485999997447	[-1.85822249  2.40478113 -1.69568985]
2.5414879999974467	[-1.8604076   2.40395899 -1.6976906 ]
2.5414899999974465	[-1.86259333  2.40312984 -1.69969195]
2.5414919999974463	[-1.86477967  2.40229373 -1.70169387]
2.541493999997446	[-1.86696661  2.40145067 -1.70369637]
2.541495999997446	[-1.86915415  2.4006007  -1.70569944]
2.541497999997446	[-1.87134134  2.39974611 -1.70770221]
2.5414999999974457	[-1.87353098  2.39888012 -1.70970725]
2.5415019999974455	[-1.87572027  2.39800957 -1.71171199]
2.5415039999974454	[-1.87791014  2.39713219 -1.71371728]
2.541505999997445	[-1.88010057  2.39624803 -1.71572311]
2.541507999997445	[-1.88229156  2.39535711 -1.71772948]
2.541509999997445	[-1.88448311  2.39445944 -1.71973637]
2.5415119999974447	[-1.88667521  2.39355506 -1.7217438 ]
2.5415139999974445	[-1.88886785  2.39264398 -1.72375174]
2.5415159999974444	[-1.89106104  2.39172621 -1.7257602 ]
2.541517999997444	[-1.89325476  2.39080181 -1.72776917]
2.541519999997444	[-1.89544902  2.38987077 -1.72977865]
2.541521999997444	[-1.8976438   2.38893312 -1.73178863]
2.5415239999974437	[-1.8998391   2.38798887 -1.73379912]
2.5415259999974436	[-1.90203492  2.38703804 -1.73581009]
2.5415279999974434	[-1.90423125  2.38608067 -1.73782156]
2.5415299999974432	[-1.9064281   2.38511675 -1.73983352]
2.541531999997443	[-1.90862546  2.38414631 -1.74184596]
2.541533999997443	[-1.91082332  2.38316937 -1.74385888]
2.5415359999974427	[-1.91302168  2.38218594 -1.74587229]
2.5415379999974426	[-1.91522054  2.38119604 -1.74788616]
2.5415399999974424	[-1.91741989  2.38019968 -1.74990051]
2.5415419999974422	[-1.91961973  2.37919689 -1.75191532]
2.541543999997442	[-1.92182007  2.37818767 -1.7539306 ]
2.541545999997442	[-1.92402089  2.37717204 -1.75594634]
2.5415479999974417	[-1.92622219  2.37615002 -1.75796255]
2.5415499999974416	[-1.92842398  2.37512161 -1.75997921]
2.5415519999974414	[-1.93062625  2.37408684 -1.76199633]
2.5415539999974412	[-1.93282899  2.3730457  -1.7640139 ]
2.541555999997441	[-1.93503221  2.37199824 -1.76603193]
2.541557999997441	[-1.93723591  2.37094444 -1.7680504 ]
2.5415599999974408	[-1.93944008  2.36988432 -1.77006932]
2.5415619999974406	[-1.94164473  2.3688179  -1.77208869]
2.5415639999974404	[-1.94384983  2.36774522 -1.77410849]
2.5415659999974403	[-1.94605543  2.36666619 -1.77612876]
2.54156799999744	[-1.94826149  2.36558093 -1.77814947]
2.54156999999744	[-1.95046801  2.36448941 -1.78017061]
2.5415719999974398	[-1.952675    2.36339164 -1.78219219]
2.5415739999974396	[-1.95488247  2.36228764 -1.78421421]
2.5415759999974394	[-1.95709039  2.36117741 -1.78623668]
2.5415779999974393	[-1.95929879  2.36006097 -1.78825957]
2.541579999997439	[-1.96150766  2.35893832 -1.79028291]
2.541581999997439	[-1.96371699  2.35780949 -1.79230669]
2.541583999997439	[-1.96592528  2.35667434 -1.79432953]
2.5415859999974386	[-1.96813709  2.35553335 -1.79635558]
2.5415879999974385	[-1.97034784  2.354386   -1.79838067]
2.5415899999974383	[-1.97255905  2.3532325  -1.8004062 ]
2.541591999997438	[-1.97477073  2.35207284 -1.80243216]
2.541593999997438	[-1.97698288  2.35090706 -1.80445856]
2.541595999997438	[-1.97919551  2.34973515 -1.80648539]
2.5415979999974376	[-1.98140861  2.34855714 -1.80851267]
2.5415999999974375	[-1.98362219  2.34737302 -1.81054039]
2.5416019999974373	[-1.98583624  2.3461828  -1.81256854]
2.541603999997437	[-1.98805077  2.34498651 -1.81459714]
2.541605999997437	[-1.99026579  2.34378414 -1.81662618]
2.541607999997437	[-1.99248129  2.34257571 -1.81865566]
2.5416099999974366	[-1.99469707  2.34136102 -1.82068541]
2.5416119999974365	[-1.99691376  2.34014067 -1.82271598]
2.5416139999974363	[-1.99913072  2.33891412 -1.82474681]
2.541615999997436	[-2.00134818  2.33768154 -1.82677808]
2.541617999997436	[-2.00356613  2.33644296 -1.82880981]
2.541619999997436	[-2.00578457  2.33519837 -1.83084198]
2.5416219999974357	[-2.00800353  2.3339478  -1.83287462]
2.5416239999974355	[-2.01022299  2.33269125 -1.83490772]
2.5416259999974353	[-2.01244296  2.33142874 -1.83694127]
2.541627999997435	[-2.01466233  2.33016505 -1.83897425]
2.541629999997435	[-2.01688437  2.32888594 -1.84100971]
2.541631999997435	[-2.01910586  2.32760561 -1.84304465]
2.5416339999974347	[-2.0213279   2.32631934 -1.84508007]
2.5416359999974345	[-2.02355046  2.32502715 -1.84711597]
2.5416379999974343	[-2.02577356  2.32372908 -1.84915235]
2.541639999997434	[-2.02799719  2.32242512 -1.8511892 ]
2.541641999997434	[-2.03022137  2.32111529 -1.85322655]
2.541643999997434	[-2.03244609  2.31979959 -1.85526437]
2.5416459999974337	[-2.03467136  2.31847805 -1.8573027 ]
2.5416479999974335	[-2.03689718  2.31715067 -1.85934151]
2.5416499999974334	[-2.03912357  2.31581747 -1.86138083]
2.541651999997433	[-2.04135052  2.31447846 -1.86342064]
2.541653999997433	[-2.04357804  2.31313366 -1.86546097]
2.541655999997433	[-2.04580615  2.31178307 -1.86750181]
2.5416579999974327	[-2.04803484  2.31042672 -1.86954317]
2.5416599999974325	[-2.0502641   2.30906462 -1.87158503]
2.5416619999974324	[-2.05249397  2.30769678 -1.87362743]
2.541663999997432	[-2.05472444  2.30632322 -1.87567036]
2.541665999997432	[-2.05695551  2.30494395 -1.87771383]
2.541667999997432	[-2.0591872   2.30355899 -1.87975783]
2.5416699999974317	[-2.06141951  2.30216837 -1.88180237]
2.5416719999974315	[-2.06365245  2.30077207 -1.88384748]
2.5416739999974314	[-2.06588601  2.29937014 -1.88589313]
2.541675999997431	[-2.06812024  2.29796257 -1.88793936]
2.541677999997431	[-2.0703551   2.2965494  -1.88998615]
2.541679999997431	[-2.07259062  2.29513063 -1.89203351]
2.5416819999974307	[-2.07483209  2.29370091 -1.89408631]
2.5416839999974306	[-2.07706359  2.29227632 -1.89612991]
2.5416859999974304	[-2.07930113  2.29084088 -1.89817903]
2.5416879999974302	[-2.08153935  2.28939995 -1.90022874]
2.54168999999743	[-2.08377825  2.28795352 -1.90227904]
2.54169199999743	[-2.08601788  2.2865016  -1.90432998]
2.5416939999974297	[-2.08825821  2.28504423 -1.90638153]
2.5416959999974296	[-2.09049925  2.28358142 -1.90843369]
2.5416979999974294	[-2.09274103  2.28211319 -1.91048649]
2.5416999999974292	[-2.09498355  2.28063958 -1.91253993]
2.541701999997429	[-2.09722681  2.27916058 -1.91459401]
2.541703999997429	[-2.09947082  2.27767624 -1.91664874]
2.5417059999974287	[-2.1017156   2.27618656 -1.91870414]
2.5417079999974286	[-2.10396467  2.2746909  -1.92076342]
2.5417099999974284	[-2.10620746  2.27319141 -1.9228169 ]
2.5417119999974283	[-2.10845459  2.2716859  -1.92487432]
2.541713999997428	[-2.11070252  2.27017515 -1.92693243]
2.541715999997428	[-2.11295129  2.2686592  -1.92899125]
2.5417179999974278	[-2.11520083  2.26713807 -1.93105075]
2.5417199999974276	[-2.11745123  2.26561179 -1.93311098]
2.5417219999974274	[-2.11970247  2.26408037 -1.93517193]
2.5417239999974273	[-2.12195456  2.26254386 -1.93723361]
2.541725999997427	[-2.12420752  2.26100227 -1.93929603]
2.541727999997427	[-2.12646134  2.25945563 -1.9413592 ]
2.5417299999974268	[-2.12870786  2.25790886 -1.9434156 ]
2.5417319999974266	[-2.13097178  2.25634731 -1.94548793]
2.5417339999974264	[-2.13322819  2.25478577 -1.94755331]
2.5417359999974263	[-2.13548569  2.2532192  -1.94961963]
2.541737999997426	[-2.13774404  2.25164778 -1.95168666]
2.541739999997426	[-2.14000332  2.2500715  -1.9537545 ]
2.541741999997426	[-2.14226353  2.24849041 -1.95582313]
2.5417439999974256	[-2.14452473  2.24690447 -1.95789261]
2.5417459999974255	[-2.14678688  2.2453138  -1.9599629 ]
2.5417479999974253	[-2.14905002  2.24371839 -1.96203403]
2.541749999997425	[-2.15131415  2.24211828 -1.964106  ]
2.541751999997425	[-2.15357928  2.24051351 -1.96617883]
2.541753999997425	[-2.15584542  2.23890412 -1.96825253]
2.5417559999974246	[-2.15811259  2.23729014 -1.9703271 ]
2.5417579999974245	[-2.1603808   2.2356716  -1.97240255]
2.5417599999974243	[-2.16265006  2.23404856 -1.97447891]
2.541761999997424	[-2.16492038  2.23242103 -1.97655616]
2.541763999997424	[-2.16719177  2.23078907 -1.97863433]
2.541765999997424	[-2.16946425  2.22915272 -1.98071342]
2.5417679999974236	[-2.17173782  2.227512   -1.98279345]
2.5417699999974235	[-2.1740125   2.22586698 -1.98487442]
2.5417719999974233	[-2.1762883   2.22421768 -1.98695634]
2.541773999997423	[-2.17856524  2.22256414 -1.98903923]
2.541775999997423	[-2.18084337  2.22090632 -1.99112315]
2.541777999997423	[-2.18312255  2.21924456 -1.99320794]
2.5417799999974227	[-2.18540294  2.2175786  -1.99529377]
2.5417819999974225	[-2.18768452  2.21590858 -1.99738061]
2.5417839999974223	[-2.18997129  2.21423188 -1.99947213]
2.541785999997422	[-2.1922512   2.2125566  -2.00155729]
2.541787999997422	[-2.19453639  2.21087469 -2.00364721]
2.541789999997422	[-2.1968228   2.20918891 -2.00573815]
2.5417919999974217	[-2.19911048  2.20749934 -2.00783019]
2.5417939999974215	[-2.20139939  2.20580598 -2.00992327]
2.5417959999974213	[-2.20368956  2.20410891 -2.01201742]
2.541797999997421	[-2.20598101  2.20240816 -2.01411266]
2.541799999997421	[-2.20827374  2.2007038  -2.01620899]
2.541801999997421	[-2.21056777  2.19899588 -2.01830643]
2.5418039999974207	[-2.21286312  2.19728443 -2.02040498]
2.5418059999974205	[-2.21515978  2.19556953 -2.02250466]
2.5418079999974204	[-2.21745778  2.19385123 -2.02460547]
2.54180999999742	[-2.21975713  2.19212957 -2.02670742]
2.54181199999742	[-2.22205783  2.19040461 -2.02881053]
2.54181399999742	[-2.2243599   2.18867642 -2.03091481]
2.5418159999974197	[-2.22666293  2.18694598 -2.03301987]
2.5418179999974195	[-2.2289682   2.18521052 -2.03512689]
2.5418199999974194	[-2.23127444  2.18347294 -2.0372347 ]
2.541821999997419	[-2.2335821   2.18173235 -2.03934373]
2.541823999997419	[-2.23589118  2.17998882 -2.04145396]
2.541825999997419	[-2.23820171  2.17824239 -2.04356543]
2.5418279999974187	[-2.24051368  2.17649312 -2.04567811]
2.5418299999974185	[-2.2428271   2.17474108 -2.04779204]
2.5418319999974184	[-2.24514201  2.17298631 -2.04990722]
2.541833999997418	[-2.24745838  2.17122896 -2.05202365]
2.541835999997418	[-2.24977625  2.16946895 -2.05414135]
2.541837999997418	[-2.25209563  2.16770646 -2.05626034]
2.5418399999974177	[-2.25441652  2.16594157 -2.0583806 ]
2.5418419999974176	[-2.25673891  2.16417413 -2.06050215]
2.5418439999974174	[-2.25906285  2.16240445 -2.06262501]
2.5418459999974172	[-2.26138832  2.16063248 -2.06474918]
2.541847999997417	[-2.26371535  2.15885835 -2.06687466]
2.541849999997417	[-2.26604395  2.15708202 -2.06900148]
2.5418519999974167	[-2.26837411  2.15530366 -2.07112963]
2.5418539999974166	[-2.27070586  2.1535233  -2.07325912]
2.5418559999974164	[-2.2730392   2.15174101 -2.07538997]
2.5418579999974162	[-2.27537413  2.14995685 -2.07752217]
2.541859999997416	[-2.27771068  2.1481709  -2.07965574]
2.541861999997416	[-2.2800442   2.14638264 -2.08178644]
2.5418639999974157	[-2.28238888  2.14459376 -2.08392724]
2.5418659999974156	[-2.28473031  2.14280281 -2.08606496]
2.5418679999974154	[-2.28707337  2.14101037 -2.08820407]
2.5418699999974153	[-2.28941809  2.13921647 -2.09034458]
2.541871999997415	[-2.29176447  2.13742121 -2.09248649]
2.541873999997415	[-2.29411251  2.13562464 -2.09462983]
2.5418759999974148	[-2.29646223  2.13382684 -2.09677458]
2.5418779999974146	[-2.29881362  2.13202787 -2.09892076]
2.5418799999974144	[-2.3011667   2.13022783 -2.10106837]
2.5418819999974143	[-2.30352148  2.12842678 -2.10321742]
2.541883999997414	[-2.30587796  2.12662478 -2.10536792]
2.541885999997414	[-2.30823615  2.12482192 -2.10751986]
2.5418879999974138	[-2.31059614  2.12301818 -2.10967335]
2.5418899999974136	[-2.31295767  2.12121389 -2.11182812]
2.5418919999974134	[-2.31532102  2.11940887 -2.11398445]
2.5418939999974133	[-2.31768647  2.11760323 -2.11614258]
2.541895999997413	[-2.32005292  2.11579721 -2.11830151]
2.541897999997413	[-2.32242149  2.11399072 -2.12046226]
2.541899999997413	[-2.3247918   2.11218388 -2.12262449]
2.5419019999974126	[-2.32716386  2.11037678 -2.12478821]
2.5419039999974125	[-2.32953768  2.10856949 -2.12695342]
2.5419059999974123	[-2.33191337  2.10676203 -2.12912022]
2.541907999997412	[-2.33429318  2.10495063 -2.13129067]
2.541909999997412	[-2.33666969  2.10314724 -2.13345798]
2.541911999997412	[-2.33905058  2.10133995 -2.13562919]
2.5419139999974116	[-2.34143326  2.09953286 -2.13780191]
2.5419159999974115	[-2.34381771  2.09772604 -2.13997613]
2.5419179999974113	[-2.34620395  2.09591956 -2.14215187]
2.541919999997411	[-2.34859196  2.09411352 -2.14432912]
2.541921999997411	[-2.35098177  2.09230797 -2.14650788]
2.541923999997411	[-2.35337337  2.09050301 -2.14868816]
2.5419259999974106	[-2.35576676  2.08869871 -2.15086996]
2.5419279999974105	[-2.35816194  2.08689515 -2.15305328]
2.5419299999974103	[-2.36055891  2.08509241 -2.15523812]
2.54193199999741	[-2.36295774  2.08329059 -2.15742454]
2.54193399999741	[-2.36535824  2.08148968 -2.15961236]
2.54193599999741	[-2.36776061  2.07968985 -2.16180177]
2.5419379999974097	[-2.37016477  2.07789115 -2.16399269]
2.5419399999974095	[-2.37257058  2.07609358 -2.16618501]
2.5419419999974093	[-2.37497848  2.07429744 -2.16837912]
2.541943999997409	[-2.37738803  2.0725026  -2.17057462]
2.541945999997409	[-2.37980416  2.07070432 -2.17277602]
2.541947999997409	[-2.38221237  2.06891717 -2.17497003]
2.5419499999974087	[-2.3846273   2.06712688 -2.17717009]
2.5419519999974085	[-2.38704403  2.06533826 -2.17937167]
2.5419539999974083	[-2.38946249  2.06355147 -2.18157471]
2.541955999997408	[-2.39188286  2.06176637 -2.18377938]
2.541957999997408	[-2.39430496  2.05998324 -2.18598551]
2.541959999997408	[-2.39672885  2.0582021  -2.18819314]
2.5419619999974077	[-2.39915451  2.05642302 -2.19040229]
2.5419639999974075	[-2.40158196  2.05464607 -2.19261295]
2.5419659999974074	[-2.40401119  2.05287136 -2.19482511]
2.541967999997407	[-2.40644219  2.05109893 -2.19703878]
2.541969999997407	[-2.40887496  2.04932887 -2.19925395]
2.541971999997407	[-2.41130951  2.04756125 -2.20147062]
2.5419739999974067	[-2.41374581  2.04579616 -2.20368878]
2.5419759999974065	[-2.41618388  2.04403367 -2.20590843]
2.5419779999974064	[-2.41862371  2.04227386 -2.20812957]
2.541979999997406	[-2.42106529  2.04051679 -2.2103522 ]
2.541981999997406	[-2.42350862  2.03876255 -2.21257631]
2.541983999997406	[-2.4259537   2.03701121 -2.2148019 ]
2.5419859999974057	[-2.42840052  2.03526284 -2.21702897]
2.5419879999974055	[-2.43084907  2.03351753 -2.21925751]
2.5419899999974054	[-2.43329936  2.03177533 -2.22148752]
2.541991999997405	[-2.43575137  2.03003635 -2.22371898]
2.541993999997405	[-2.43820511  2.02830062 -2.22595191]
2.541995999997405	[-2.44066057  2.02656828 -2.2281863 ]
2.5419979999974047	[-2.44311773  2.02483929 -2.23042213]
2.5419999999974046	[-2.44557661  2.02311382 -2.23265941]
2.5420019999974044	[-2.44803719  2.02139192 -2.23489815]
2.5420039999974042	[-2.45049946  2.01967365 -2.23713831]
2.542005999997404	[-2.45296343  2.01795908 -2.23937991]
2.542007999997404	[-2.45542909  2.01624829 -2.24162294]
2.5420099999974037	[-2.45789595  2.01454174 -2.24386697]
2.5420119999974036	[-2.46036544  2.01283835 -2.24611329]
2.5420139999974034	[-2.46283612  2.01113932 -2.24836059]
2.5420159999974032	[-2.46530847  2.00944434 -2.2506093 ]
2.542017999997403	[-2.46778247  2.00775349 -2.25285942]
2.542019999997403	[-2.47025813  2.00606684 -2.25511094]
2.5420219999974027	[-2.47273542  2.00438447 -2.25736384]
2.5420239999974026	[-2.47521439  2.00270639 -2.25961819]
2.5420259999974024	[-2.47769497  2.00103275 -2.26187389]
2.5420279999974023	[-2.48017711  1.9993636  -2.26413092]
2.542029999997402	[-2.48266104  1.9976989  -2.26638947]
2.542031999997402	[-2.48514651  1.99603887 -2.26864933]
2.5420339999974018	[-2.48763358  1.99438346 -2.27091056]
2.5420359999974016	[-2.49012227  1.9927328  -2.27317317]
2.5420379999974014	[-2.49261257  1.99108693 -2.27543714]
2.5420399999974013	[-2.49510447  1.98944593 -2.27770248]
2.542041999997401	[-2.49759797  1.98780985 -2.27996918]
2.542043999997401	[-2.50009305  1.98617875 -2.28223723]
2.5420459999974008	[-2.50258967  1.98455282 -2.28450658]
2.5420479999974006	[-2.50508798  1.98293177 -2.28677739]
2.5420499999974004	[-2.5075878   1.98131601 -2.28904949]
2.5420519999974003	[-2.51008921  1.97970548 -2.29132294]
2.5420539999974	[-2.51259218  1.97810026 -2.29359772]
2.5420559999974	[-2.51509665  1.97650041 -2.29587379]
2.5420579999974	[-2.5176028   1.97490593 -2.29815131]
2.5420599999973996	[-2.52011046  1.97331695 -2.3004301 ]
2.5420619999973995	[-2.52261966  1.97173351 -2.30271022]
2.5420639999973993	[-2.52513041  1.97015566 -2.30499167]
2.542065999997399	[-2.52764272  1.96858345 -2.30727446]
2.542067999997399	[-2.53015656  1.96701697 -2.30955855]
2.542069999997399	[-2.53267195  1.96545626 -2.31184398]
2.5420719999973986	[-2.53518886  1.96390136 -2.31413073]
2.5420739999973985	[-2.53770732  1.96235234 -2.3164188 ]
2.5420759999973983	[-2.54022731  1.96080927 -2.31870819]
2.542077999997398	[-2.54274883  1.95927218 -2.32099889]
2.542079999997398	[-2.54528366  1.95772965 -2.32330173]
2.542081999997398	[-2.54779603  1.9562161  -2.32558388]
2.5420839999973976	[-2.55032221  1.95469728 -2.32787861]
2.5420859999973975	[-2.55284985  1.9531847  -2.3301746 ]
2.5420879999973973	[-2.55537901  1.95167838 -2.33247191]
2.542089999997397	[-2.55790964  1.95017841 -2.3347705 ]
2.542091999997397	[-2.56044189  1.94868474 -2.33707049]
2.542093999997397	[-2.56297562  1.94719752 -2.33937176]
2.5420959999973967	[-2.56551087  1.94571676 -2.34167435]
2.5420979999973965	[-2.56804764  1.94424253 -2.34397826]
2.5420999999973963	[-2.57058593  1.94277486 -2.3462835 ]
2.542101999997396	[-2.57312575  1.94131381 -2.34859006]
2.542103999997396	[-2.57566709  1.93985943 -2.35089796]
2.542105999997396	[-2.57820995  1.93841176 -2.35320718]
2.5421079999973957	[-2.58075433  1.93697087 -2.35551774]
2.5421099999973955	[-2.58330025  1.93553678 -2.35782963]
2.5421119999973953	[-2.5858477   1.93410956 -2.36014286]
2.542113999997395	[-2.58839667  1.93268924 -2.36245744]
2.542115999997395	[-2.59094718  1.93127588 -2.36477336]
2.542117999997395	[-2.59349923  1.92986952 -2.36709063]
2.5421199999973947	[-2.59605282  1.92847021 -2.36940925]
2.5421219999973945	[-2.59858782  1.92709767 -2.37171074]
2.5421239999973944	[-2.60116496  1.92569337 -2.37405089]
2.542125999997394	[-2.60372316  1.92431547 -2.37637358]
2.542127999997394	[-2.60628303  1.92294474 -2.37869775]
2.542129999997394	[-2.60884424  1.92158143 -2.3810231 ]
2.5421319999973937	[-2.61140712  1.92022536 -2.38334993]
2.5421339999973935	[-2.61397155  1.91887666 -2.38567813]
2.5421359999973934	[-2.61654028  1.91753433 -2.38801022]
2.542137999997393	[-2.61910517  1.91620142 -2.39033876]
2.542139999997393	[-2.62167434  1.91487505 -2.39267117]
2.542141999997393	[-2.6242451  1.9135562 -2.395005 ]
2.5421439999973927	[-2.62681744  1.91224492 -2.39734024]
2.5421459999973925	[-2.62939138  1.91094125 -2.39967691]
2.5421479999973924	[-2.63196693  1.90964524 -2.402015  ]
2.542149999997392	[-2.63454408  1.90835692 -2.40435453]
2.542151999997392	[-2.63712284  1.90707633 -2.40669551]
2.542153999997392	[-2.63970322  1.90580351 -2.40903794]
2.5421559999973917	[-2.64228268  1.90453961 -2.41137949]
2.5421579999973916	[-2.64486889  1.90328139 -2.4137272 ]
2.5421599999973914	[-2.64745417  1.90203213 -2.41607402]
2.5421619999973912	[-2.65004361  1.90078974 -2.41842464]
2.542163999997391	[-2.65262965  1.89955737 -2.4207721 ]
2.542165999997391	[-2.65521989  1.89833201 -2.4231234 ]
2.5421679999973907	[-2.6578118   1.89711468 -2.4254762 ]
2.5421699999973906	[-2.66041987  1.89589407 -2.42784384]
2.5421719999973904	[-2.66300044  1.89470386 -2.43018616]
2.5421739999973902	[-2.66559735  1.8935109  -2.43254348]
2.54217599999739	[-2.66817885  1.89233861 -2.43488662]
2.54217799999739	[-2.67079662  1.89114997 -2.43726308]
2.5421799999973897	[-2.67341605  1.88996902 -2.43964104]
2.5421819999973896	[-2.67600225  1.88882115 -2.44198844]
2.5421839999973894	[-2.67860772  1.88766949 -2.44435353]
2.5421859999973893	[-2.68121497  1.88652617 -2.44672025]
2.542187999997389	[-2.68382396  1.88539123 -2.44908856]
2.542189999997389	[-2.6864347   1.88426474 -2.45145845]
2.5421919999973888	[-2.68904721  1.8831467  -2.45382997]
2.5421939999973886	[-2.69166147  1.88203717 -2.45620309]
2.5421959999973884	[-2.69427752  1.88093616 -2.45857784]
2.5421979999973883	[-2.69689534  1.87984372 -2.46095422]
2.542199999997388	[-2.69951495  1.87875988 -2.46333223]
2.542201999997388	[-2.70213636  1.87768467 -2.4657119 ]
2.5422039999973878	[-2.70475958  1.87661811 -2.46809322]
2.5422059999973876	[-2.7073846   1.87556025 -2.4704762 ]
2.5422079999973874	[-2.71001145  1.87451111 -2.47286086]
2.5422099999973873	[-2.71264008  1.87347074 -2.47524716]
2.542211999997387	[-2.71527062  1.87243912 -2.47763521]
2.542213999997387	[-2.71790298  1.8714163  -2.48002495]
2.542215999997387	[-2.72053716  1.87040238 -2.48241636]
2.5422179999973866	[-2.72317331  1.86939728 -2.48480959]
2.5422199999973865	[-2.72581104  1.86840117 -2.48720428]
2.5422219999973863	[-2.72845089  1.86741389 -2.48960092]
2.542223999997386	[-2.73109253  1.86643561 -2.49199923]
2.542225999997386	[-2.73371851  1.86547842 -2.49438314]
2.542227999997386	[-2.73638173  1.86450645 -2.49680131]
2.5422299999973856	[-2.73902902  1.86355522 -2.49920485]
2.5422319999973855	[-2.74167821  1.86261305 -2.50161015]
2.5422339999973853	[-2.7443293   1.86167997 -2.50401721]
2.542235999997385	[-2.7469823   1.86075601 -2.50642604]
2.542237999997385	[-2.7496372   1.85984119 -2.50883664]
2.542239999997385	[-2.75229402  1.85893555 -2.51124902]
2.5422419999973846	[-2.75495275  1.8580391  -2.51366319]
2.5422439999973845	[-2.75761341  1.85715187 -2.51607914]
2.5422459999973843	[-2.76027599  1.85627388 -2.51849689]
2.542247999997384	[-2.76294315  1.85540409 -2.52091887]
2.542249999997384	[-2.76560691  1.85454569 -2.52333776]
2.542251999997384	[-2.76827529  1.85369557 -2.52576091]
2.5422539999973837	[-2.77094509  1.85285551 -2.5281854 ]
2.5422559999973835	[-2.77361784  1.85202337 -2.53061263]
2.5422579999973833	[-2.77629201  1.85120132 -2.5330412 ]
2.542259999997383	[-2.77897033  1.85038743 -2.53547362]
2.542261999997383	[-2.7816461   1.84958545 -2.53790372]
2.542263999997383	[-2.7843261   1.84879165 -2.54033774]
2.5422659999973827	[-2.78700802  1.84800732 -2.54277357]
2.5422679999973825	[-2.78969188  1.84723246 -2.54521121]
2.5422699999973823	[-2.79237767  1.8464671  -2.54765067]
2.542271999997382	[-2.7950654   1.84571125 -2.55009194]
2.542273999997382	[-2.79775506  1.84496492 -2.55253503]
2.542275999997382	[-2.80044666  1.84422814 -2.55497995]
2.5422779999973817	[-2.80314015  1.84350094 -2.55742664]
2.5422799999973815	[-2.80583558  1.8427833  -2.55987516]
2.5422819999973814	[-2.80853293  1.84207526 -2.56232549]
2.542283999997381	[-2.8112322   1.84137682 -2.56477761]
2.542285999997381	[-2.81393337  1.840688   -2.56723154]
2.542287999997381	[-2.81663644  1.84000882 -2.56968726]
2.5422899999973807	[-2.81934141  1.83933929 -2.57214477]
2.5422919999973805	[-2.82204828  1.83867942 -2.57460407]
2.5422939999973804	[-2.82475702  1.8380292  -2.57706515]
2.54229599999738	[-2.82746764  1.83738868 -2.579528  ]
2.54229799999738	[-2.83018013  1.83675784 -2.58199262]
2.54229999999738	[-2.83289448  1.8361367  -2.584459  ]
2.5423019999973797	[-2.8356081   1.83552692 -2.58692476]
2.5423039999973795	[-2.83832876  1.8349236  -2.58939705]
2.5423059999973794	[-2.84104862  1.83433162 -2.59186865]
2.542307999997379	[-2.84377031  1.83374936 -2.59434199]
2.542309999997379	[-2.8464938   1.83317684 -2.59681705]
2.542311999997379	[-2.8492191   1.83261407 -2.59929382]
2.5423139999973787	[-2.85194618  1.83206104 -2.60177228]
2.5423159999973786	[-2.85467503  1.83151776 -2.60425243]
2.5423179999973784	[-2.85740697  1.83098518 -2.60673548]
2.5423199999973782	[-2.86013797  1.83046044 -2.60921773]
2.542321999997378	[-2.86287206  1.82994643 -2.61170288]
2.542323999997378	[-2.86560786  1.82944218 -2.61418965]
2.5423259999973777	[-2.86834536  1.82894768 -2.61667805]
2.5423279999973776	[-2.87108316  1.82846196 -2.61916681]
2.5423299999973774	[-2.87382675  1.8279889  -2.62166091]
2.5423319999973772	[-2.87656788  1.82752276 -2.62415285]
2.542333999997377	[-2.87931202  1.82706728 -2.62664761]
2.542335999997377	[-2.88205776  1.82662156 -2.62914391]
2.5423379999973768	[-2.8848051   1.82618558 -2.63164174]
2.5423399999973766	[-2.88755402  1.82575934 -2.63414109]
2.5423419999973764	[-2.89030449  1.82534282 -2.63664193]
2.5423439999973763	[-2.89305649  1.82493604 -2.63914425]
2.542345999997376	[-2.89581002  1.82453897 -2.64164804]
2.542347999997376	[-2.89856503  1.82415161 -2.64415326]
2.5423499999973758	[-2.90132152  1.82377395 -2.64665991]
2.5423519999973756	[-2.90407945  1.82340597 -2.64916796]
2.5423539999973754	[-2.90683747  1.8230468  -2.65167616]
2.5423559999973753	[-2.9095996   1.82269905 -2.6541882 ]
2.542357999997375	[-2.91236173  1.82236007 -2.65670032]
2.542359999997375	[-2.91512524  1.82203071 -2.65921378]
2.5423619999973748	[-2.91789005  1.821711   -2.6617285 ]
2.5423639999973746	[-2.92065356  1.8214014  -2.66424211]
2.5423659999973744	[-2.92342361  1.82110038 -2.6667618 ]
2.5423679999973743	[-2.92619225  1.82080943 -2.66928027]
2.542369999997374	[-2.92896213  1.82052802 -2.67179995]
2.542371999997374	[-2.9317332   1.82025615 -2.6743208 ]
2.542373999997374	[-2.93450545  1.81999379 -2.67684281]
2.5423759999973736	[-2.93727883  1.81974093 -2.67936593]
2.5423779999973735	[-2.94005332  1.81949753 -2.68189016]
2.5423799999973733	[-2.9428289   1.81926359 -2.68441545]
2.542381999997373	[-2.94560553  1.81903907 -2.6869418 ]
2.542383999997373	[-2.94838317  1.81882394 -2.68946915]
2.542385999997373	[-2.95116181  1.81861818 -2.69199749]
2.5423879999973726	[-2.95394141  1.81842177 -2.6945268 ]
2.5423899999973725	[-2.95672193  1.81823469 -2.69705703]
2.5423919999973723	[-2.95950336  1.81805689 -2.69958817]
2.542393999997372	[-2.96228565  1.81788834 -2.70212018]
2.542395999997372	[-2.96506876  1.81772903 -2.70465304]
2.542397999997372	[-2.96785268  1.81757892 -2.7071867 ]
2.5423999999973717	[-2.97063736  1.81743797 -2.70972115]
2.5424019999973715	[-2.97342277  1.81730615 -2.71225635]
2.5424039999973713	[-2.97620888  1.81718343 -2.71479227]
2.542405999997371	[-2.97899572  1.81706974 -2.71732895]
2.542407999997371	[-2.98179253  1.81695892 -2.71987486]
2.542409999997371	[-2.98457088  1.8168693  -2.7224039 ]
2.5424119999973707	[-2.98735942  1.8167826  -2.72494238]
2.5424139999973705	[-2.99014848  1.81670483 -2.72748142]
2.5424159999973703	[-2.99293802  1.81663593 -2.73002099]
2.54241799999737	[-2.99572801  1.81657585 -2.73256104]
2.54241999999737	[-2.9985184   1.81652457 -2.73510155]
2.54242199999737	[-3.00130917  1.81648204 -2.73764248]
2.5424239999973697	[-3.00410027  1.81644821 -2.7401838 ]
2.5424259999973695	[-3.00689166  1.81642304 -2.74272548]
2.5424279999973693	[-3.0096833   1.81640649 -2.74526746]
2.542429999997369	[-3.01247517  1.8163985  -2.74780973]
2.542431999997369	[-3.01526721  1.81639904 -2.75035225]
2.542433999997369	[-3.01805939  1.81640805 -2.75289498]
2.5424359999973687	[-3.02085167  1.81642549 -2.75543787]
2.5424379999973685	[-3.02364401  1.8164513  -2.75798091]
2.5424399999973684	[-3.02644987  1.81647993 -2.76053649]
2.542441999997368	[-3.02922844  1.81652741 -2.763067  ]
2.542443999997368	[-3.03202072  1.816578   -2.76561023]
2.542445999997368	[-3.0348129   1.8166368  -2.76815344]
2.5424479999973677	[-3.03760492  1.81670371 -2.7706966 ]
2.5424499999973675	[-3.04039677  1.81677882 -2.77323967]
2.5424519999973674	[-3.04318838  1.81686165 -2.77578261]
2.542453999997367	[-3.04597974  1.81695221 -2.7783254 ]
2.542455999997367	[-3.04877076  1.81705139 -2.78086796]
2.542457999997367	[-3.05156144  1.81715803 -2.78341029]
2.5424599999973667	[-3.05435172  1.81727245 -2.78595233]
2.5424619999973666	[-3.05714155  1.81739469 -2.78849404]
2.5424639999973664	[-3.05993092  1.81752436 -2.79103541]
2.542465999997366	[-3.06271976  1.81766173 -2.79357637]
2.542467999997366	[-3.06550803  1.81780664 -2.79611688]
2.542469999997366	[-3.06829569  1.81795901 -2.79865691]
2.5424719999973657	[-3.07108269  1.81811879 -2.80119642]
2.5424739999973656	[-3.073869    1.81828591 -2.80373537]
2.5424759999973654	[-3.07665456  1.8184603  -2.80627372]
2.5424779999973652	[-3.07943934  1.81864191 -2.80881142]
2.542479999997365	[-3.08222329  1.81883066 -2.81134844]
2.542481999997365	[-3.08500636  1.81902649 -2.81388474]
2.5424839999973647	[-3.08778852  1.81922933 -2.81642027]
2.5424859999973646	[-3.0905697   1.81943909 -2.81895498]
2.5424879999973644	[-3.0933499   1.81965576 -2.82148886]
2.5424899999973642	[-3.09612903  1.81987923 -2.82402184]
2.542491999997364	[-3.09890707  1.82010942 -2.8265539 ]
2.542493999997364	[-3.10168398  1.82034629 -2.82908498]
2.5424959999973638	[-3.10445968  1.82058974 -2.83161504]
2.5424979999973636	[-3.10723417  1.82083972 -2.83414405]
2.5424999999973634	[-3.11000737  1.82109616 -2.83667196]
2.5425019999973633	[-3.11277926  1.82135895 -2.83919874]
2.542503999997363	[-3.11554978  1.82162807 -2.84172433]
2.542505999997363	[-3.1183189  1.8219034 -2.8442487]
2.5425079999973628	[-3.12108655  1.8221849  -2.84677181]
2.5425099999973626	[-3.12385271  1.82247248 -2.84929361]
2.5425119999973624	[-3.12661733  1.82276608 -2.85181406]
2.5425139999973623	[-3.12938036  1.8230656  -2.85433313]
2.542515999997362	[-3.13214174  1.82337097 -2.85685076]
2.542517999997362	[-3.13490146  1.82368213 -2.85936692]
2.542519999997362	[-3.13765944  1.82399899 -2.86188156]
2.5425219999973616	[-3.14041566  1.82432148 -2.86439465]
2.5425239999973615	[-3.14317007  1.82464952 -2.86690613]
2.5425259999973613	[-3.1459226   1.82498303 -2.86941597]
2.542527999997361	[-3.14867347  1.82532191 -2.87192434]
2.542529999997361	[-3.15139997  1.82568606 -2.87441036]
2.542531999997361	[-3.15416864  1.82601642 -2.87693524]
2.5425339999973606	[-3.15691331  1.82637105 -2.87943811]
2.5425359999973605	[-3.15965588  1.82673076 -2.88193912]
2.5425379999973603	[-3.16239633  1.82709547 -2.88443824]
2.54253999999736	[-3.16513462  1.82746509 -2.88693543]
2.54254199999736	[-3.16787069  1.82783956 -2.88943066]
2.54254399999736	[-3.1706045   1.82821879 -2.89192386]
2.5425459999973596	[-3.17333602  1.82860268 -2.89441502]
2.5425479999973595	[-3.1760652   1.82899112 -2.89690409]
2.5425499999973593	[-3.17879198  1.8293842  -2.89939101]
2.542551999997359	[-3.18151634  1.82978166 -2.90187577]
2.542553999997359	[-3.18423822  1.83018347 -2.90435831]
2.542555999997359	[-3.18695759  1.83058956 -2.90683859]
2.5425579999973587	[-3.18967441  1.83099985 -2.90931659]
2.5425599999973585	[-3.19238715  1.83141431 -2.9117909 ]
2.5425619999973583	[-3.19510016  1.83183269 -2.91426549]
2.542563999997358	[-3.19780904  1.83225508 -2.91673636]
2.542565999997358	[-3.2005152   1.83268134 -2.91920477]
2.542567999997358	[-3.20321859  1.83311139 -2.92167069]
2.5425699999973577	[-3.20591916  1.83354515 -2.92413408]
2.5425719999973575	[-3.20861689  1.83398255 -2.9265949 ]
2.5425739999973573	[-3.21131172  1.83442347 -2.9290531 ]
2.542575999997357	[-3.21400363  1.83486789 -2.93150867]
2.542577999997357	[-3.21669271  1.83531636 -2.93396168]
2.542579999997357	[-3.21937859  1.83576668 -2.93641181]
2.5425819999973567	[-3.2220657   1.83621529 -2.9388631 ]
2.5425839999973565	[-3.22474128  1.83667838 -2.94130385]
2.5425859999973563	[-3.22741795  1.8371389  -2.94374564]
2.542587999997356	[-3.23009141  1.83760243 -2.94618452]
2.542589999997356	[-3.23276165  1.83806886 -2.94862049]
2.542591999997356	[-3.23542864  1.83853812 -2.95105351]
2.5425939999973557	[-3.23809234  1.83901012 -2.95348355]
2.5425959999973555	[-3.24075272  1.8394848  -2.95591057]
2.5425979999973554	[-3.24340972  1.83996207 -2.95833453]
2.542599999997355	[-3.24606333  1.84044183 -2.96075541]
2.542601999997355	[-3.2487135   1.84092404 -2.96317316]
2.542603999997355	[-3.25136018  1.8414086  -2.96558775]
2.5426059999973547	[-3.25400335  1.84189544 -2.96799914]
2.5426079999973545	[-3.25664298  1.84238447 -2.97040731]
2.5426099999973544	[-3.25927901  1.84287563 -2.97281221]
2.542611999997354	[-3.26191142  1.84336883 -2.97521381]
2.542613999997354	[-3.26454018  1.843864   -2.97761209]
2.542615999997354	[-3.26716523  1.84436105 -2.98000698]
2.5426179999973537	[-3.26978656  1.84485992 -2.98239849]
2.5426199999973536	[-3.27240411  1.84536054 -2.98478656]
2.5426219999973534	[-3.27501785  1.84586283 -2.98717115]
2.5426239999973532	[-3.27762778  1.8463667  -2.98955226]
2.542625999997353	[-3.28023383  1.84687208 -2.99192983]
2.542627999997353	[-3.28283597  1.8473789  -2.99430384]
2.5426299999973527	[-3.28543418  1.8478871  -2.99667425]
2.5426319999973526	[-3.28802841  1.84839658 -2.99904104]
2.5426339999973524	[-3.29061864  1.84890729 -3.00140416]
2.5426359999973522	[-3.29320483  1.84941915 -3.0037636 ]
2.542637999997352	[-3.29578695  1.84993208 -3.00611931]
2.542639999997352	[-3.29836496  1.85044602 -3.00847127]
2.5426419999973517	[-3.30093884  1.85096089 -3.01081944]
2.5426439999973516	[-3.3035087   1.85147658 -3.01316395]
2.5426459999973514	[-3.30607106  1.85199394 -3.01550159]
2.5426479999973512	[-3.3086354   1.85251049 -3.01784104]
2.542649999997351	[-3.31119241  1.85302839 -3.02017378]
2.542651999997351	[-3.31374512  1.8535469  -3.02250258]
2.5426539999973508	[-3.31629341  1.85406594 -3.02482734]
2.5426559999973506	[-3.31883754  1.85458536 -3.02714828]
2.5426579999973504	[-3.32137718  1.8551052  -3.02946511]
2.5426599999973503	[-3.3239124   1.85562536 -3.03177789]
2.54266199999735	[-3.32644317  1.85614577 -3.03408659]
2.54266399999735	[-3.32896947  1.85666636 -3.03639119]
2.5426659999973498	[-3.33149124  1.85718706 -3.03869164]
2.5426679999973496	[-3.33400849  1.85770783 -3.04098794]
2.5426699999973494	[-3.33652116  1.85822858 -3.04328004]
2.5426719999973493	[-3.33902923  1.85874926 -3.04556792]
2.542673999997349	[-3.34153267  1.85926979 -3.04785155]
2.542675999997349	[-3.34403147  1.85979013 -3.05013092]
2.542677999997349	[-3.34652555  1.86031021 -3.05240596]
2.5426799999973486	[-3.34900193  1.86082273 -3.05466478]
2.5426819999973485	[-3.35149956  1.86134954 -3.05694305]
2.5426839999973483	[-3.35397661  1.86187599 -3.05920248]
2.542685999997348	[-3.35645458  1.86238691 -3.06146269]
2.542687999997348	[-3.35892479  1.86290473 -3.06371581]
2.542689999997348	[-3.36139016  1.86342196 -3.06596448]
2.5426919999973476	[-3.36385063  1.86393848 -3.06820865]
2.5426939999973475	[-3.36630618  1.86445429 -3.07044829]
2.5426959999973473	[-3.3687568   1.86496928 -3.0726834 ]
2.542697999997347	[-3.37120244  1.86548342 -3.07491394]
2.542699999997347	[-3.37364307  1.86599666 -3.07713987]
2.542701999997347	[-3.37607867  1.86650893 -3.07936118]
2.5427039999973466	[-3.37850922  1.86702021 -3.08157784]
2.5427059999973465	[-3.38093468  1.86753037 -3.08378982]
2.5427079999973463	[-3.38335501  1.86803942 -3.0859971 ]
2.542709999997346	[-3.38577021  1.86854729 -3.08819965]
2.542711999997346	[-3.38818024  1.86905393 -3.09039744]
2.542713999997346	[-3.39058507  1.86955928 -3.09259045]
2.5427159999973457	[-3.39298467  1.87006329 -3.09477865]
2.5427179999973455	[-3.39537901  1.87056592 -3.09696201]
2.5427199999973453	[-3.39776807  1.87106711 -3.09914052]
2.542721999997345	[-3.40015182  1.8715668  -3.10131413]
2.542723999997345	[-3.40253023  1.87206496 -3.10348284]
2.542725999997345	[-3.40490327  1.87256153 -3.10564661]
2.5427279999973447	[-3.40727092  1.87305647 -3.10780541]
2.5427299999973445	[-3.40963313  1.87354972 -3.10995922]
2.5427319999973443	[-3.4119899   1.87404125 -3.11210801]
2.542733999997344	[-3.41433503  1.87453745 -3.11424607]
2.542735999997344	[-3.41668692  1.8750193  -3.11639039]
2.542737999997344	[-3.41902714  1.87550537 -3.11852396]
2.5427399999973437	[-3.42136181  1.87598952 -3.12065242]
2.5427419999973435	[-3.42369088  1.87647171 -3.12277573]
2.5427439999973434	[-3.42601433  1.87695188 -3.12489387]
2.542745999997343	[-3.42833213  1.87743003 -3.12700681]
2.542747999997343	[-3.43064425  1.87790608 -3.12911451]
2.542749999997343	[-3.43295066  1.87837999 -3.13121696]
2.5427519999973427	[-3.43525132  1.87885174 -3.13331413]
2.5427539999973425	[-3.43754622  1.87932126 -3.13540599]
2.5427559999973424	[-3.4398353   1.87978853 -3.1374925 ]
2.542757999997342	[-3.44211859  1.88025351 -3.13957368]
2.542759999997342	[-3.444396    1.88071615 -3.14164945]
2.542761999997342	[-3.44666752  1.88117641 -3.1437198 ]
2.5427639999973417	[-3.44893313  1.88163426 -3.14578471]
2.5427659999973415	[-3.45119279  1.88208965 -3.14784415]
2.5427679999973414	[-3.45344647  1.88254255 -3.14989809]
2.542769999997341	[-3.45569415  1.88299293 -3.1519465 ]
2.542771999997341	[-3.45793579  1.88344073 -3.15398937]
2.542773999997341	[-3.46017136  1.88388593 -3.15602664]
2.5427759999973407	[-3.46240083  1.8843285  -3.15805831]
2.5427779999973406	[-3.46462418  1.88476839 -3.16008434]
2.5427799999973404	[-3.46684137  1.88520556 -3.16210471]
2.5427819999973402	[-3.46905236  1.88564    -3.16411938]
2.54278399999734	[-3.47125714  1.88607165 -3.16612833]
2.54278599999734	[-3.47345566  1.88650049 -3.16813153]
2.5427879999973397	[-3.47564791  1.88692643 -3.17012897]
2.5427899999973396	[-3.47783383  1.88734959 -3.17212058]
2.5427919999973394	[-3.48001341  1.8877698  -3.17410635]
2.5427939999973392	[-3.48218661  1.88818704 -3.17608628]
2.542795999997339	[-3.4843534   1.88860131 -3.1780603 ]
2.542797999997339	[-3.48651375  1.88901257 -3.1800284 ]
2.5427999999973387	[-3.48866763  1.8894208  -3.18199055]
2.5428019999973386	[-3.490815    1.88982595 -3.18394672]
2.5428039999973384	[-3.49295583  1.89022799 -3.18589689]
2.5428059999973383	[-3.49509009  1.8906269  -3.18784101]
2.542807999997338	[-3.49721902  1.89102237 -3.18978022]
2.542809999997338	[-3.49933874  1.89141519 -3.19171099]
2.5428119999973378	[-3.50145309  1.89180452 -3.19363682]
2.5428139999973376	[-3.50356075  1.8921906  -3.19555649]
2.5428159999973374	[-3.50566167  1.8925734  -3.19746997]
2.5428179999973373	[-3.50775582  1.89295289 -3.19937724]
2.542819999997337	[-3.50984317  1.89332904 -3.20127827]
2.542821999997337	[-3.51192369  1.89370183 -3.20317301]
2.5428239999973368	[-3.51399735  1.89407122 -3.20506145]
2.5428259999973366	[-3.5160641   1.8944372  -3.20694355]
2.5428279999973364	[-3.51812392  1.89479972 -3.20881929]
2.5428299999973363	[-3.52017677  1.89515877 -3.21068862]
2.542831999997336	[-3.52222262  1.89551432 -3.21255153]
2.542833999997336	[-3.52426144  1.89586634 -3.21440798]
2.542835999997336	[-3.52629318  1.8962148  -3.21625794]
2.5428379999973356	[-3.52831783  1.89655968 -3.21810138]
2.5428399999973355	[-3.53033379  1.89690154 -3.21993686]
2.5428419999973353	[-3.53234569  1.89723862 -3.2217686 ]
2.542843999997335	[-3.53434882  1.89757261 -3.22359229]
2.542845999997335	[-3.53634472  1.8979029  -3.22540935]
2.542847999997335	[-3.53833337  1.89822944 -3.22721976]
2.5428499999973346	[-3.54031466  1.89855234 -3.22902341]
2.5428519999973345	[-3.54228864  1.89887143 -3.23082035]
2.5428539999973343	[-3.54425523  1.89918673 -3.23261053]
2.542855999997334	[-3.54621571  1.89949789 -3.23439508]
2.542857999997334	[-3.54816613  1.89980588 -3.23617042]
2.542859999997334	[-3.55011041  1.90010967 -3.23794012]
2.5428619999973336	[-3.55204716  1.90040958 -3.23970293]
2.5428639999973335	[-3.55397637  1.90070558 -3.24145881]
2.5428659999973333	[-3.555898    1.90099765 -3.24320774]
2.542867999997333	[-3.557812    1.90128576 -3.24494969]
2.542869999997333	[-3.55971836  1.90156985 -3.24668462]
2.542871999997333	[-3.56161716  1.90184995 -3.24841263]
2.5428739999973327	[-3.56350799  1.90212608 -3.25013332]
2.5428759999973325	[-3.5653912   1.9023981  -3.25184703]
2.5428779999973323	[-3.56726663  1.90266605 -3.25355361]
2.542879999997332	[-3.5691342   1.90292987 -3.255253  ]
2.542881999997332	[-3.57099393  1.90318955 -3.2569452 ]
2.542883999997332	[-3.57284619  1.9034449  -3.25863054]
2.5428859999973317	[-3.57468969  1.90369648 -3.26030788]
2.5428879999973315	[-3.57652566  1.90394362 -3.26197831]
2.5428899999973313	[-3.57835559  1.90418289 -3.26364318]
2.542891999997331	[-3.58017418  1.90442486 -3.26529769]
2.542893999997331	[-3.58198531  1.90465959 -3.26694538]
2.542895999997331	[-3.58378913  1.90488963 -3.26858636]
2.5428979999973307	[-3.58558478  1.90511537 -3.27021986]
2.5428999999973305	[-3.58737228  1.90533675 -3.27184589]
2.5429019999973304	[-3.58915158  1.90555375 -3.27346441]
2.54290399999733	[-3.59092265  1.90576634 -3.2750754 ]
2.54290599999733	[-3.59268546  1.90597449 -3.27667884]
2.54290799999733	[-3.59443996  1.90617818 -3.27827466]
2.5429099999973297	[-3.59618615  1.90637739 -3.27986287]
2.5429119999973295	[-3.59792397  1.90657208 -3.28144342]
2.5429139999973294	[-3.59965339  1.90676222 -3.28301629]
2.542915999997329	[-3.60137439  1.9069478  -3.28458144]
2.542917999997329	[-3.60308692  1.90712879 -3.28613885]
2.542919999997329	[-3.60479096  1.90730514 -3.2876885 ]
2.5429219999973287	[-3.60648648  1.90747685 -3.28923034]
2.5429239999973285	[-3.60817484  1.90764261 -3.29076563]
2.5429259999973284	[-3.60985177  1.90780619 -3.29229047]
2.542927999997328	[-3.61152152  1.90796377 -3.29380874]
2.542929999997328	[-3.61318262  1.90811661 -3.29531909]
2.542931999997328	[-3.61483501  1.90826465 -3.29682148]
2.5429339999973277	[-3.6164787   1.90840788 -3.29831591]
2.5429359999973276	[-3.61811364  1.90854625 -3.29980234]
2.5429379999973274	[-3.6197398   1.90867974 -3.30128074]
2.5429399999973272	[-3.62135715  1.90880834 -3.30275108]
2.542941999997327	[-3.62296565  1.908932   -3.30421334]
2.542943999997327	[-3.62456528  1.90905069 -3.30566749]
2.5429459999973267	[-3.62615602  1.90916437 -3.3071135 ]
2.5429479999973266	[-3.6277378   1.90927305 -3.30855133]
2.5429499999973264	[-3.62931064  1.90937667 -3.30998098]
2.5429519999973262	[-3.63087447  1.90947521 -3.3114024 ]
2.542953999997326	[-3.63242928  1.9095686  -3.31281558]
2.542955999997326	[-3.63397505  1.90965686 -3.31422048]
2.5429579999973257	[-3.63551173  1.90973994 -3.31561709]
2.5429599999973256	[-3.6370393   1.9098178  -3.31700537]
2.5429619999973254	[-3.63855772  1.90989042 -3.3183853 ]
2.5429639999973253	[-3.64006698  1.90995776 -3.31975685]
2.542965999997325	[-3.64156704  1.91001979 -3.32112   ]
2.542967999997325	[-3.64305788  1.91007649 -3.32247473]
2.5429699999973248	[-3.64453946  1.91012779 -3.323821  ]
2.5429719999973246	[-3.64601176  1.9101737  -3.32515879]
2.5429739999973244	[-3.64747476  1.91021415 -3.32648808]
2.5429759999973243	[-3.64892842  1.91024914 -3.32780885]
2.542977999997324	[-3.65037273  1.91027861 -3.32912108]
2.542979999997324	[-3.65180767  1.91030249 -3.33042475]
2.5429819999973238	[-3.65323313  1.91032088 -3.33171978]
2.5429839999973236	[-3.65464919  1.91033362 -3.33300621]
2.5429859999973234	[-3.6560558   1.91034069 -3.33428402]
2.5429879999973233	[-3.65745288  1.9103421  -3.33555313]
2.542989999997323	[-3.65884046  1.91033778 -3.33681356]
2.542991999997323	[-3.6602185  1.9103277 -3.3380653]
2.542993999997323	[-3.66158696  1.91031184 -3.33930829]
2.5429959999973226	[-3.66294585  1.91029015 -3.34054254]
2.5429979999973225	[-3.66429511  1.91026259 -3.34176801]
2.5429999999973223	[-3.66563474  1.91022914 -3.34298469]
2.543001999997322	[-3.6669647   1.91018974 -3.34419254]
2.543003999997322	[-3.66828497  1.91014438 -3.34539157]
2.543005999997322	[-3.66959568  1.91009229 -3.34658185]
2.5430079999973216	[-3.67089638  1.91003555 -3.34776302]
2.5430099999973215	[-3.67218747  1.90997204 -3.34893542]
2.5430119999973213	[-3.67346877  1.90990242 -3.3500989 ]
2.543013999997321	[-3.67474029  1.90982663 -3.35125344]
2.543015999997321	[-3.67600198  1.90974465 -3.35239903]
2.543017999997321	[-3.67725384  1.90965643 -3.35353565]
2.5430199999973206	[-3.67849584  1.90956194 -3.35466329]
2.5430219999973205	[-3.67972796  1.90946114 -3.35578191]
2.5430239999973203	[-3.68095018  1.90935397 -3.35689152]
2.54302599999732	[-3.68216247  1.90924045 -3.35799206]
2.54302799999732	[-3.68336483  1.90912048 -3.35908356]
2.54302999999732	[-3.68455723  1.90899405 -3.36016598]
2.5430319999973197	[-3.68573966  1.90886112 -3.36123931]
2.5430339999973195	[-3.68691209  1.90872164 -3.36230353]
2.5430359999973193	[-3.68807451  1.90857559 -3.36335863]
2.543037999997319	[-3.6892269   1.90842291 -3.36440459]
2.543039999997319	[-3.69036924  1.90826358 -3.3654414 ]
2.543041999997319	[-3.69150152  1.90809756 -3.36646903]
2.5430439999973187	[-3.69262371  1.90792479 -3.36748749]
2.5430459999973185	[-3.69373582  1.90774524 -3.36849675]
2.5430479999973183	[-3.69483781  1.90755889 -3.36949679]
2.543049999997318	[-3.69593756  1.90736119 -3.37049487]
2.543051999997318	[-3.6970113   1.90716531 -3.37146913]
2.543053999997318	[-3.69808362  1.90695952 -3.37244218]
2.5430559999973177	[-3.69914411  1.90674441 -3.37340442]
2.5430579999973175	[-3.70019532  1.90652337 -3.37435822]
2.5430599999973174	[-3.70123632  1.9062953  -3.37530274]
2.543061999997317	[-3.70226703  1.9060603  -3.37623789]
2.543063999997317	[-3.70328767  1.90581784 -3.37716387]
2.543065999997317	[-3.70429799  1.90556838 -3.37808045]
2.5430679999973167	[-3.70529806  1.90531171 -3.37898771]
2.5430699999973165	[-3.70628786  1.90504779 -3.37988563]
2.5430719999973164	[-3.70726739  1.90477659 -3.3807742 ]
2.543073999997316	[-3.70823663  1.90449806 -3.38165341]
2.543075999997316	[-3.70919554  1.90421207 -3.38252322]
2.543077999997316	[-3.7101442   1.90391886 -3.38338371]
2.5430799999973157	[-3.71108251  1.90361813 -3.38423477]
2.5430819999973155	[-3.71201049  1.90330991 -3.38507645]
2.5430839999973154	[-3.71292813  1.90299417 -3.38590872]
2.543085999997315	[-3.71383542  1.90267087 -3.38673158]
2.543087999997315	[-3.71473239  1.90233965 -3.38754505]
2.543089999997315	[-3.71561892  1.90200144 -3.38834903]
2.5430919999973147	[-3.71649511  1.90165523 -3.38914361]
2.5430939999973146	[-3.71736091  1.90130131 -3.38992874]
2.5430959999973144	[-3.71821634  1.90093965 -3.39070445]
2.5430979999973142	[-3.71906134  1.90057019 -3.39147067]
2.543099999997314	[-3.71989594  1.9001929  -3.39222744]
2.543101999997314	[-3.72072013  1.89980775 -3.39297475]
2.5431039999973137	[-3.7215339   1.89941471 -3.3937126 ]
2.5431059999973136	[-3.72233723  1.89901371 -3.39444096]
2.5431079999973134	[-3.72313014  1.89860474 -3.39515984]
2.5431099999973132	[-3.72391261  1.89818778 -3.39586924]
2.543111999997313	[-3.72468462  1.89776274 -3.39656914]
2.543113999997313	[-3.72544619  1.89732962 -3.39725955]
2.5431159999973127	[-3.7261973   1.89688838 -3.39794046]
2.5431179999973126	[-3.7269358   1.89643982 -3.39860989]
2.5431199999973124	[-3.72766817  1.89598147 -3.39927381]
2.5431219999973123	[-3.72838789  1.89551565 -3.39992621]
2.543123999997312	[-3.72909712  1.89504156 -3.40056909]
2.543125999997312	[-3.72979587  1.89455924 -3.40120245]
2.5431279999973118	[-3.73048416  1.89406845 -3.40182632]
2.5431299999973116	[-3.73116196  1.89356936 -3.40244065]
2.5431319999973114	[-3.73182927  1.89306186 -3.40304546]
2.5431339999973113	[-3.73248608  1.89254593 -3.40364075]
2.543135999997311	[-3.73313241  1.89202152 -3.40422652]
2.543137999997311	[-3.73376823  1.89148861 -3.40480275]
2.5431399999973108	[-3.73439356  1.89094716 -3.40536946]
2.5431419999973106	[-3.73500839  1.89039709 -3.40592664]
2.5431439999973104	[-3.73561272  1.88983851 -3.40647429]
2.5431459999973103	[-3.73620654  1.88927125 -3.40701241]
2.54314799999731	[-3.73678987  1.88869533 -3.407541  ]
2.54314999999731	[-3.73736267  1.88811076 -3.40806004]
2.54315199999731	[-3.737925    1.88751735 -3.40856958]
2.5431539999973096	[-3.73847681  1.88691524 -3.40906958]
2.5431559999973095	[-3.73901811  1.88630434 -3.40956004]
2.5431579999973093	[-3.7395489   1.88568462 -3.41004098]
2.543159999997309	[-3.7400692   1.88505605 -3.41051239]
2.543161999997309	[-3.74057898  1.88441861 -3.41097426]
2.543163999997309	[-3.74107826  1.88377227 -3.41142661]
2.5431659999973086	[-3.74156705  1.88311698 -3.41186944]
2.5431679999973085	[-3.74204532  1.88245274 -3.41230275]
2.5431699999973083	[-3.7425131   1.88177952 -3.41272652]
2.543171999997308	[-3.74297038  1.88109729 -3.41314078]
2.543173999997308	[-3.74341717  1.88040601 -3.41354553]
2.543175999997308	[-3.74385345  1.87970568 -3.41394076]
2.5431779999973076	[-3.74427925  1.87899625 -3.41432647]
2.5431799999973075	[-3.74469499  1.87827336 -3.41470305]
2.5431819999973073	[-3.74509938  1.87754999 -3.41506937]
2.543183999997307	[-3.74549369  1.87681319 -3.41542655]
2.543185999997307	[-3.74587993  1.87606864 -3.41577644]
2.543187999997307	[-3.74625087  1.87531188 -3.41611238]
2.5431899999973067	[-3.7466138   1.87454744 -3.4164411 ]
2.5431919999973065	[-3.74696615  1.87377411 -3.41676023]
2.5431939999973063	[-3.74730823  1.87299082 -3.41707005]
2.543195999997306	[-3.74763975  1.87219859 -3.41737031]
2.543197999997306	[-3.74796083  1.87139706 -3.41766109]
2.543199999997306	[-3.74827145  1.87058621 -3.4179424 ]
2.5432019999973057	[-3.74857163  1.86976603 -3.41821425]
2.5432039999973055	[-3.74886138  1.86893649 -3.41847664]
2.5432059999973053	[-3.7491407   1.86809757 -3.41872958]
2.543207999997305	[-3.7494096   1.86724928 -3.41897307]
2.543209999997305	[-3.74966808  1.86639159 -3.41920713]
2.543211999997305	[-3.74991615  1.86552447 -3.41943174]
2.5432139999973047	[-3.75015382  1.86464794 -3.41964694]
2.5432159999973045	[-3.7503811   1.86376197 -3.41985272]
2.5432179999973044	[-3.75059799  1.86286655 -3.42004908]
2.543219999997304	[-3.7508045   1.86196166 -3.42023604]
2.543221999997304	[-3.75100065  1.86104731 -3.42041361]
2.543223999997304	[-3.75118644  1.86012347 -3.42058179]
2.5432259999973037	[-3.75136188  1.85919014 -3.42074059]
2.5432279999973035	[-3.75152698  1.85824732 -3.42089002]
2.5432299999973034	[-3.75168175  1.85729499 -3.4210301 ]
2.543231999997303	[-3.75182621  1.85633315 -3.42116082]
2.543233999997303	[-3.75196035  1.8553618  -3.4212822 ]
2.543235999997303	[-3.7520842   1.85438092 -3.42139426]
2.5432379999973027	[-3.75219566  1.85339163 -3.42149504]
2.5432399999973025	[-3.75230326  1.85238961 -3.42159244]
2.5432419999973024	[-3.7523941   1.85138116 -3.42167454]
2.543243999997302	[-3.75247482  1.85036325 -3.42174747]
