2.825120000002981	0.654853501089978
2.825130000002981	0.6548221497858683
2.825140000002981	0.6547908033607368
2.825150000002981	0.6547594618171698
2.825160000002981	0.6547281251577473
2.825170000002981	0.6546967933850388
2.825180000002981	0.6546654665016037
2.8251900000029813	0.6546341445099918
2.8252000000029813	0.6546028274127448
2.8252100000029814	0.6545715152123938
2.8252200000029815	0.654540207911463
2.8252300000029815	0.6545089055124682
2.8252400000029816	0.6544776080179171
2.8252500000029817	0.6544463154303104
2.8252600000029817	0.654415027752142
2.825270000002982	0.6543837449858989
2.825280000002982	0.6543524671354224
2.825290000002982	0.654321194201706
2.825300000002982	0.6542899261871241
2.825310000002982	0.6542586630941318
2.825320000002982	0.6542274049251825
2.825330000002982	0.6541961516827252
2.8253400000029822	0.6541649033692047
2.8253500000029823	0.654133659987064
2.8253600000029824	0.6541024215387404
2.8253700000029824	0.6540711880266672
2.8253800000029825	0.654039959453272
2.8253900000029826	0.6540087358209778
2.8254000000029826	0.6539775171322015
2.8254100000029827	0.6539463033893528
2.8254200000029828	0.6539150945948293
2.825430000002983	0.6538838907510314
2.825440000002983	0.6538526918603434
2.825450000002983	0.6538214979251404
2.825460000002983	0.6537903089477868
2.825470000002983	0.653759124930636
2.825480000002983	0.6537279458760299
2.8254900000029832	0.6536967717862963
2.8255000000029833	0.6536656026637524
2.8255100000029834	0.6536344385106989
2.8255200000029834	0.6536032793294237
2.8255300000029835	0.6535721251222011
2.8255400000029836	0.6535409758912902
2.8255500000029836	0.653509831638936
2.8255600000029837	0.6534786923673696
2.8255700000029838	0.6534475580788072
2.825580000002984	0.6534164287754521
2.825590000002984	0.6533853044594942
2.825600000002984	0.6533541851331083
2.825610000002984	0.6533230707984595
2.825620000002984	0.6532919614577
2.825630000002984	0.65326085711297
2.825640000002984	0.6532297577663995
2.8256500000029843	0.6531986634201087
2.8256600000029843	0.6531675740762097
2.8256700000029844	0.6531364897368052
2.8256800000029845	0.6531054104039894
2.8256900000029845	0.6530743360798501
2.8257000000029846	0.6530432667664678
2.8257100000029847	0.6530122024659131
2.8257200000029847	0.6529811431802588
2.825730000002985	0.652950088911568
2.825740000002985	0.6529190396618981
2.825750000002985	0.6528879954333017
2.825760000002985	0.6528569562278268
2.825770000002985	0.6528259220475132
2.825780000002985	0.6527948928944041
2.825790000002985	0.6527638687705274
2.8258000000029853	0.6527328496779099
2.8258100000029853	0.652701835618571
2.8258200000029854	0.6526708265945248
2.8258300000029855	0.6526398226077773
2.8258400000029855	0.6526088236603277
2.8258500000029856	0.6525778297541666
2.8258600000029857	0.6525468408912766
2.8258700000029857	0.6525158570736299
2.825880000002986	0.65248487830319
2.825890000002986	0.6524539045819095
2.825900000002986	0.6524229359117303
2.825910000002986	0.6523919722945818
2.825920000002986	0.6523610137323829
2.825930000002986	0.6523300602270394
2.825940000002986	0.6522991117804442
2.8259500000029862	0.6522681683944772
2.8259600000029863	0.6522372300710055
2.8259700000029864	0.6522062968118824
2.8259800000029864	0.6521753686189482
2.8259900000029865	0.6521444454940293
2.8260000000029866	0.65211352743894
2.8260100000029866	0.652082614455478
2.8260200000029867	0.6520517065454299
2.8260300000029868	0.6520208037105683
2.826040000002987	0.6519899059524078
2.826050000002987	0.6519590132729515
2.826060000002987	0.6519281256739413
2.826070000002987	0.6518972431571016
2.826080000002987	0.6518663657241458
2.826090000002987	0.6518354933767747
2.8261000000029872	0.6518046261166797
2.8261100000029873	0.6517737639455411
2.8261200000029874	0.651742906865029
2.8261300000029874	0.6517120548768045
2.8261400000029875	0.6516812079825187
2.8261500000029876	0.651650366183814
2.8261600000029876	0.651619529482324
2.8261700000029877	0.651588697879675
2.8261800000029877	0.6515578713774802
2.826190000002988	0.6515270499773528
2.826200000002988	0.6514962336808952
2.826210000002988	0.6514654224897014
2.826220000002988	0.6514346164053592
2.826230000002988	0.6514038154294485
2.826240000002988	0.651373019563542
2.826250000002988	0.6513422288092042
2.8262600000029883	0.6513114431679935
2.8262700000029883	0.6512806626414605
2.8262800000029884	0.6512498872311475
2.8262900000029885	0.6512191169385897
2.8263000000029885	0.6511883517653145
2.8263100000029886	0.6511575917128413
2.8263200000029887	0.651126836782683
2.8263300000029887	0.6510960869763381
2.826340000002989	0.6510653422952993
2.826350000002989	0.651034602741051
2.826360000002989	0.6510038683150654
2.826370000002989	0.6509731390188063
2.826380000002989	0.650942414853727
2.826390000002989	0.6509116958212691
2.826400000002989	0.6508809819228636
2.8264100000029893	0.6508502731599296
2.8264200000029893	0.6508195695338741
2.8264300000029894	0.6507888710460926
2.8264400000029894	0.650758177697967
2.8264500000029895	0.6507274894908671
2.8264600000029896	0.6506968064261491
2.8264700000029896	0.6506661285051558
2.8264800000029897	0.6506354557292173
2.8264900000029898	0.6506047880996485
2.82650000000299	0.6505741256177514
2.82651000000299	0.6505434682848144
2.82652000000299	0.6505128161021119
2.82653000000299	0.6504821690709042
2.82654000000299	0.6504515271924342
2.82655000000299	0.6504208904679382
2.8265600000029902	0.650390258898637
2.8265700000029903	0.6503596324857366
2.8265800000029904	0.6503290112304271
2.8265900000029904	0.650298395133893
2.8266000000029905	0.650267784197303
2.8266100000029906	0.6502371784218128
2.8266200000029906	0.6502065778085687
2.8266300000029907	0.650175982358705
2.8266400000029908	0.6501453920740773
2.826650000002991	0.650114806955228
2.826660000002991	0.6500842270030803
2.826670000002991	0.6500536522187295
2.826680000002991	0.6500230826032561
2.826690000002991	0.6499925181577337
2.826700000002991	0.6499619588832274
2.826710000002991	0.6499314047807935
2.8267200000029913	0.64990085585148
2.8267300000029913	0.6498703120963274
2.8267400000029914	0.6498397735163683
2.8267500000029915	0.6498092401126284
2.8267600000029915	0.6497787118861257
2.8267700000029916	0.6497481888378693
2.8267800000029917	0.6497176709688629
2.8267900000029917	0.6496871582801016
2.826800000002992	0.6496566507725732
2.826810000002992	0.649626148447257
2.826820000002992	0.649595651305125
2.826830000002992	0.6495651593471413
2.826840000002992	0.6495346725742582
2.826850000002992	0.6495041909874206
2.826860000002992	0.6494737145875633
2.8268700000029923	0.6494432433756108
2.8268800000029923	0.6494127773524769
2.8268900000029924	0.649382316519064
2.8269000000029925	0.6493518608762625
2.8269100000029925	0.6493214104249514
2.8269200000029926	0.6492909651659965
2.8269300000029927	0.6492605251002505
2.8269400000029927	0.6492300902285523
2.826950000002993	0.6491996605515509
2.826960000002993	0.649169236070233
2.826970000002993	0.6491388167854085
2.826980000002993	0.6491084026978574
2.826990000002993	0.6490779938083454
2.827000000002993	0.6490475901176278
2.827010000002993	0.649017191626442
2.8270200000029932	0.6489867983355119
2.8270300000029933	0.6489564102455448
2.8270400000029934	0.648926027357236
2.8270500000029934	0.6488956496712658
2.8270600000029935	0.6488652771882987
2.8270700000029936	0.6488349099089881
2.8270800000029936	0.648804547833973
2.8270900000029937	0.6487741909638803
2.8271000000029938	0.6487438392993249
2.827110000002994	0.6487134928409088
2.827120000002994	0.648683151589224
2.827130000002994	0.6486528155441506
2.827140000002994	0.6486224847069042
2.827150000002994	0.6485921590781337
2.827160000002994	0.6485618386583902
2.8271700000029942	0.648531523448217
2.8271800000029943	0.648501213448146
2.8271900000029944	0.6484709086587054
2.8272000000029944	0.6484406090804117
2.8272100000029945	0.6484103147137735
2.8272200000029946	0.648380025559037
2.8272300000029946	0.6483497416168946
2.8272400000029947	0.6483194628879022
2.8272500000029948	0.6482891893725423
2.827260000002995	0.6482589210712836
2.827270000002995	0.6482286579845848
2.827280000002995	0.6481984001128969
2.827290000002995	0.6481681474566613
2.827300000002995	0.64813790001631
2.827310000002995	0.6481076577922678
2.827320000002995	0.6480774207849445
2.8273300000029953	0.648047188994613
2.8273400000029953	0.6480169624219638
2.8273500000029954	0.6479867410672732
2.8273600000029955	0.6479565249309188
2.8273700000029955	0.6479263140132568
2.8273800000029956	0.6478961083146281
2.8273900000029957	0.647865907835376
2.8274000000029957	0.647835712575109
2.827410000002996	0.6478055225347489
2.827420000002996	0.6477753377143666
2.827430000002996	0.6477451581144678
2.827440000002996	0.6477149837352567
2.827450000002996	0.6476848145767049
2.827460000002996	0.6476546506393517
2.827470000002996	0.6476244919233053
2.8274800000029963	0.6475943384290969
2.8274900000029963	0.6475641901563614
2.8275000000029964	0.6475340471054856
2.8275100000029965	0.6475039092766108
2.8275200000029965	0.647473776669865
2.8275300000029966	0.6474436492853646
2.8275400000029967	0.6474135271232137
2.8275500000029967	0.6473834101835062
2.827560000002997	0.6473532984663248
2.827570000002997	0.6473231919717437
2.827580000002997	0.6472930906998271
2.827590000002997	0.6472629946506298
2.827600000002997	0.647232903824199
2.827610000002997	0.6472028182205742
2.827620000002997	0.6471727378403347
2.8276300000029972	0.6471426626829356
2.8276400000029973	0.6471125927483855
2.8276500000029974	0.6470825280366909
2.8276600000029974	0.6470524685478491
2.8276700000029975	0.6470224142818513
2.8276800000029976	0.6469923652386795
2.8276900000029976	0.6469623214183092
2.8277000000029977	0.6469322828206279
2.8277100000029978	0.6469022494456348
2.827720000002998	0.6468722212930722
2.827730000002998	0.6468421983629881
2.827740000002998	0.646812180655394
2.827750000002998	0.6467821681702154
2.827760000002998	0.6467521609073659
2.827770000002998	0.646722158866747
2.8277800000029982	0.6466921620482486
2.8277900000029983	0.6466621704517472
2.8278000000029984	0.6466321840771059
2.8278100000029984	0.6466022029241728
2.8278200000029985	0.6465722269927819
2.8278300000029986	0.6465422562827514
2.8278400000029986	0.6465122907924822
2.8278500000029987	0.6464823305234325
2.8278600000029988	0.6464523754753116
2.827870000002999	0.6464224256478689
2.827880000002999	0.6463924810408388
2.827890000002999	0.6463625416539382
2.827900000002999	0.6463326074868668
2.827910000002999	0.646302678539307
2.827920000002999	0.6462727548109235
2.827930000002999	0.6462428363013659
2.8279400000029993	0.646212923010266
2.8279500000029993	0.6461830149372341
2.8279600000029994	0.6461531120818786
2.8279700000029995	0.6461232144437867
2.8279800000029995	0.6460933220225321
2.8279900000029996	0.6460634348176755
2.8280000000029997	0.6460335528287647
2.8280100000029997	0.6460036760553374
2.828020000003	0.6459738044969185
2.828030000003	0.6459439381530246
2.828040000003	0.6459140770231622
2.828050000003	0.645884221106828
2.828060000003	0.6458543704035119
2.828070000003	0.645824524912694
2.828080000003	0.6457946846357975
2.8280900000030003	0.6457648495711561
2.8281000000030003	0.645735019717538
2.8281100000030004	0.6457051950742718
2.8281200000030005	0.6456753756408015
2.8281300000030005	0.645645561416558
2.8281400000030006	0.6456157524009641
2.8281500000030007	0.6455859485934325
2.8281600000030007	0.6455561499933654
2.828170000003001	0.645526356600162
2.828180000003001	0.6454965684132016
2.828190000003001	0.6454667854318507
2.828200000003001	0.6454370076554689
2.828210000003001	0.6454072350834056
2.828220000003001	0.6453774677149994
2.828230000003001	0.6453477055495775
2.8282400000030012	0.6453179485864561
2.8282500000030013	0.6452881968249383
2.8282600000030014	0.6452584502643166
2.8282700000030014	0.6452287089038711
2.8282800000030015	0.6451989727428691
2.8282900000030016	0.6451692417805682
2.8283000000030016	0.6451395160162072
2.8283100000030017	0.6451097954489643
2.8283200000030018	0.6450800800774998
2.828330000003002	0.6450503699019533
2.828340000003002	0.645020664920517
2.828350000003002	0.6449909651327551
2.828360000003002	0.6449612705378305
2.828370000003002	0.6449315811348921
2.828380000003002	0.644901896923087
2.8283900000030022	0.64487221790155
2.8284000000030023	0.6448425440694064
2.8284100000030024	0.6448128754257708
2.8284200000030024	0.6447832119697472
2.8284300000030025	0.6447535537004293
2.8284400000030026	0.6447239006165154
2.8284500000030026	0.6446942527174103
2.8284600000030027	0.6446646100022361
2.8284700000030027	0.6446349724700372
2.828480000003003	0.6446053401204093
2.828490000003003	0.6445757129519629
2.828500000003003	0.6445460909635459
2.828510000003003	0.6445164741541455
2.828520000003003	0.6444868625227329
2.828530000003003	0.644457256068264
2.828540000003003	0.6444276547896798
2.8285500000030033	0.6443980586859036
2.8285600000030033	0.6443684677558444
2.8285700000030034	0.644338881998395
2.8285800000030035	0.6443093014124347
2.8285900000030035	0.6442797259968264
2.8286000000030036	0.6442501557504186
2.8286100000030037	0.6442205906720443
2.8286200000030037	0.6441910307605244
2.828630000003004	0.6441614760146643
2.828640000003004	0.6441319264332583
2.828650000003004	0.6441023820150867
2.828660000003004	0.644072842758919
2.828670000003004	0.6440433086635133
2.828680000003004	0.6440137797276168
2.828690000003004	0.6439842559499659
2.8287000000030043	0.643954737329287
2.8287100000030043	0.6439252238642971
2.8287200000030044	0.6438957155537025
2.8287300000030045	0.6438662123962019
2.8287400000030045	0.6438367143904841
2.8287500000030046	0.643807221535229
2.8287600000030046	0.6437777338291075
2.8287700000030047	0.6437482512707821
2.828780000003005	0.6437187738589044
2.828790000003005	0.6436893015921189
2.828800000003005	0.6436598344690581
2.828810000003005	0.6436303724883462
2.828820000003005	0.6436009156485961
2.828830000003005	0.6435714639484095
2.828840000003005	0.643542017386377
2.8288500000030052	0.6435125759610777
2.8288600000030053	0.6434831396710782
2.8288700000030054	0.6434537085149329
2.8288800000030054	0.6434242824911829
2.8288900000030055	0.6433948615983542
2.8289000000030056	0.6433654458349601
2.8289100000030056	0.6433360351994988
2.8289200000030057	0.6433066296904542
2.8289300000030058	0.6432772293062932
2.828940000003006	0.6432478340454726
2.828950000003006	0.6432184439064302
2.828960000003006	0.6431890588877178
2.828970000003006	0.6431596789876252
2.828980000003006	0.6431303042045264
2.828990000003006	0.6431009345367977
2.829000000003006	0.6430715699828013
2.8290100000030063	0.643042210540882
2.8290200000030064	0.6430128562093723
2.8290300000030064	0.6429835069865902
2.8290400000030065	0.6429541628708411
2.8290500000030065	0.6429248238604167
2.8290600000030066	0.6428954899535954
2.8290700000030067	0.6428661611486436
2.8290800000030067	0.6428368374438163
2.829090000003007	0.6428075188373569
2.829100000003007	0.6427782053274971
2.829110000003007	0.6427488969124583
2.829120000003007	0.6427195935904517
2.829130000003007	0.6426902953596786
2.829140000003007	0.6426610022183302
2.829150000003007	0.642631714164588
2.8291600000030073	0.6426024311966237
2.8291700000030073	0.6425731533126007
2.8291800000030074	0.6425438805091168
2.8291900000030075	0.6425146127878361
2.8292000000030075	0.6424853501432702
2.8292100000030076	0.6424560925770247
2.8292200000030077	0.6424268400837192
2.8292300000030077	0.6423975926628942
2.829240000003008	0.64236835031307
2.829250000003008	0.6423391130323327
2.829260000003008	0.6423098808187395
2.829270000003008	0.6422806536703466
2.829280000003008	0.6422514315851998
2.829290000003008	0.6422222145613333
2.829300000003008	0.6421930025967685
2.8293100000030083	0.6421637956895142
2.8293200000030083	0.6421345938375649
2.8293300000030084	0.6421053970389025
2.8293400000030084	0.6420762052914927
2.8293500000030085	0.6420470185932887
2.8293600000030086	0.6420178369422287
2.8293700000030086	0.6419886603362346
2.8293800000030087	0.641959488773214
2.8293900000030088	0.6419303222510594
2.829400000003009	0.6419011607676479
2.829410000003009	0.6418720043208419
2.829420000003009	0.6418428529084884
2.829430000003009	0.6418137065284201
2.829440000003009	0.6417845651784551
2.829450000003009	0.6417554288563972
2.8294600000030092	0.6417262975600363
2.8294700000030093	0.641697171287148
2.8294800000030094	0.6416680500354949
2.8294900000030094	0.6416389338028291
2.8295000000030095	0.6416098225868893
2.8295100000030096	0.6415807163854012
2.8295200000030096	0.6415516151960792
2.8295300000030097	0.641522519016625
2.8295400000030098	0.6414934278447346
2.82955000000301	0.6414643416780843
2.82956000000301	0.6414352605143472
2.82957000000301	0.641406184351184
2.82958000000301	0.6413771131862446
2.82959000000301	0.6413480470171689
2.82960000000301	0.6413189858415865
2.82961000000301	0.641289929657117
2.8296200000030103	0.6412608784613706
2.8296300000030103	0.6412318322519459
2.8296400000030104	0.6412027910264314
2.8296500000030105	0.641173754782404
2.8296600000030105	0.6411447235174306
2.8296700000030106	0.6411156972290668
2.8296800000030107	0.6410866759148557
2.8296900000030107	0.6410576595723285
2.829700000003011	0.6410286481990062
2.829710000003011	0.6409996417923958
2.829720000003011	0.6409706403499923
2.829730000003011	0.6409416438692778
2.829740000003011	0.6409126523477214
2.829750000003011	0.6408836657827794
2.829760000003011	0.6408546841718947
2.8297700000030113	0.6408257075124963
2.8297800000030113	0.6407967358020021
2.8297900000030114	0.6407677690378148
2.8298000000030115	0.6407388072173249
2.8298100000030115	0.6407098503379093
2.8298200000030116	0.6406808983969328
2.8298300000030117	0.6406519513917467
2.8298400000030117	0.6406230093196914
2.829850000003012	0.6405940721780929
2.829860000003012	0.6405651399642655
2.829870000003012	0.6405362126755116
2.829880000003012	0.6405072903091227
2.829890000003012	0.6404783728631451
2.829900000003012	0.6404494603330245
2.829910000003012	0.6404205527179481
2.8299200000030122	0.6403916500131963
2.8299300000030123	0.6403627522180124
2.8299400000030124	0.6403338593275697
2.8299500000030124	0.6403049713411746
2.8299600000030125	0.6402760882547434
2.8299700000030126	0.64024721006559
2.8299800000030126	0.6402183367709008
2.8299900000030127	0.640189468367844
2.8300000000030128	0.6401606048535752
2.830010000003013	0.6401317462252399
2.830020000003013	0.6401028924799702
2.830030000003013	0.6400740436148857
2.830040000003013	0.6400451996270937
2.830050000003013	0.640016360513688
2.830060000003013	0.639987526271749
2.8300700000030132	0.6399586968983434
2.8300800000030133	0.6399298723905243
2.8300900000030134	0.6399010527453314
2.8301000000030134	0.6398722379597873
2.8301100000030135	0.6398434280309024
2.8301200000030136	0.6398146229556725
2.8301300000030136	0.6397858227310772
2.8301400000030137	0.6397570273541029
2.8301500000030138	0.6397282368216796
2.830160000003014	0.6396994511307197
2.830170000003014	0.6396706702781902
2.830180000003014	0.639641894260991
2.830190000003014	0.6396131230760195
2.830200000003014	0.6395843567201597
2.830210000003014	0.6395555951902847
2.830220000003014	0.6395268384832538
2.8302300000030143	0.6394980865959147
2.8302400000030143	0.6394693395251048
2.8302500000030144	0.6394405972654412
2.8302600000030145	0.6394118598164429
2.8302700000030145	0.6393831271746919
2.8302800000030146	0.6393543993369871
2.8302900000030147	0.6393256763001184
2.8303000000030147	0.6392969580608618
2.830310000003015	0.6392682446159803
2.830320000003015	0.639239535962223
2.830330000003015	0.6392108320963263
2.830340000003015	0.639182133015012
2.830350000003015	0.6391534387149894
2.830360000003015	0.6391247491929539
2.830370000003015	0.6390960644455883
2.8303800000030153	0.6390673844695619
2.8303900000030153	0.6390387092615302
2.8304000000030154	0.6390100388181367
2.8304100000030155	0.6389813731360109
2.8304200000030155	0.6389527122117701
2.8304300000030156	0.6389240560420186
2.8304400000030157	0.6388954046233483
2.8304500000030157	0.6388667579523364
2.830460000003016	0.6388381160255509
2.830470000003016	0.6388094788395443
2.830480000003016	0.6387808463908591
2.830490000003016	0.6387522186760252
2.830500000003016	0.6387235956915597
2.830510000003016	0.6386949774339691
2.830520000003016	0.6386663638996404
2.8305300000030162	0.6386377550851762
2.8305400000030163	0.6386091509870485
2.8305500000030164	0.638580551601884
2.8305600000030164	0.6385519569259541
2.8305700000030165	0.6385233669556983
2.8305800000030166	0.6384947816875464
2.8305900000030166	0.6384662011179185
2.8306000000030167	0.6384376252432243
2.8306100000030168	0.638409054059863
2.830620000003017	0.6383804875642247
2.830630000003017	0.638351925752689
2.830640000003017	0.638323368621625
2.830650000003017	0.6382948161673927
2.830660000003017	0.6382662683863413
2.830670000003017	0.6382377252748092
2.8306800000030172	0.6382091868291246
2.8306900000030173	0.6381806530456051
2.8307000000030174	0.6381521239205564
2.8307100000030174	0.6381235994502724
2.8307200000030175	0.638095079631035
2.8307300000030176	0.6380665644591146
2.8307400000030176	0.6380380539307687
2.8307500000030177	0.6380095480422414
2.8307600000030178	0.6379810467897635
2.830770000003018	0.6379525501695529
2.830780000003018	0.637924058177812
2.830790000003018	0.63789557081073
2.830800000003018	0.6378670880644817
2.830810000003018	0.6378386099352262
2.830820000003018	0.6378101364191084
2.830830000003018	0.6377816675122593
2.8308400000030183	0.637753203210794
2.8308500000030183	0.6377247435108119
2.8308600000030184	0.6376962884084003
2.8308700000030185	0.6376678378996309
2.8308800000030185	0.6376393919805606
2.8308900000030186	0.6376109506503862
2.8309000000030187	0.6375825139022673
2.8309100000030187	0.6375540817317424
2.830920000003019	0.6375256541348164
2.830930000003019	0.6374972311074798
2.830940000003019	0.637468812645711
2.830950000003019	0.6374403987454782
2.830960000003019	0.6374119894027397
2.830970000003019	0.6373835846134446
2.830980000003019	0.6373551843735322
2.8309900000030193	0.6373267886789312
2.8310000000030193	0.6372983975255685
2.8310100000030194	0.6372700109093589
2.8310200000030195	0.6372416288262098
2.8310300000030195	0.6372132512720221
2.8310400000030196	0.6371848782426882
2.8310500000030197	0.6371565097340939
2.8310600000030197	0.6371281457421163
2.83107000000302	0.6370997862626252
2.83108000000302	0.6370714312914816
2.83109000000302	0.6370430808245374
2.83110000000302	0.6370147348576359
2.83111000000302	0.6369863933866103
2.83112000000302	0.6369580564072836
2.83113000000302	0.6369297239154663
2.8311400000030202	0.6369013959069594
2.8311500000030203	0.6368730723775494
2.8311600000030204	0.636844753323011
2.8311700000030204	0.6368164387391047
2.8311800000030205	0.6367881286215775
2.8311900000030206	0.6367598229661611
2.8312000000030206	0.6367315217685723
2.8312100000030207	0.636703225024512
2.8312200000030208	0.6366749327296656
2.831230000003021	0.6366466448797021
2.831240000003021	0.6366183614702746
2.831250000003021	0.6365900824970208
2.831260000003021	0.6365618079555609
2.831270000003021	0.6365335378414995
2.831280000003021	0.6365052721504261
2.8312900000030212	0.6364770108779146
2.8313000000030213	0.6364487540195246
2.8313100000030214	0.6364205015707997
2.8313200000030214	0.6363922535272715
2.8313300000030215	0.6363640098844567
2.8313400000030216	0.6363357706378608
2.8313500000030216	0.6363075357829766
2.8313600000030217	0.6362793053152861
2.8313700000030217	0.6362510792302595
2.831380000003022	0.6362228575233584
2.831390000003022	0.6361946401900337
2.831400000003022	0.6361664272257287
2.831410000003022	0.6361382186258768
2.831420000003022	0.6361100143859056
2.831430000003022	0.6360818145012331
2.831440000003022	0.6360536189672708
2.8314500000030223	0.636025427779423
2.8314600000030223	0.6359972409330876
2.8314700000030224	0.635969058423655
2.8314800000030225	0.6359408802465187
2.8314900000030225	0.6359127063970449
2.8315000000030226	0.6358845368706023
2.8315100000030227	0.635856371662553
2.8315200000030227	0.6358282107682514
2.831530000003023	0.6358000541830424
2.831540000003023	0.6357719019022621
2.831550000003023	0.6357437539212383
2.831560000003023	0.6357156102352889
2.831570000003023	0.6356874708397205
2.831580000003023	0.6356593357298297
2.831590000003023	0.6356312049009014
2.8316000000030233	0.6356030783482077
2.8316100000030233	0.6355749560670104
2.8316200000030234	0.6355468380525565
2.8316300000030235	0.63551872430008
2.8316400000030235	0.6354906148048015
2.8316500000030236	0.6354625095619278
2.8316600000030236	0.6354344085666506
2.8316700000030237	0.6354063118141472
2.831680000003024	0.6353782192995812
2.831690000003024	0.6353501310181003
2.831700000003024	0.6353220469648384
2.831710000003024	0.6352939671349143
2.831720000003024	0.6352658915234324
2.831730000003024	0.6352378201254828
2.831740000003024	0.6352097529361413
2.8317500000030242	0.6351816899504703
2.8317600000030243	0.6351536311635183
2.8317700000030244	0.6351255765703214
2.8317800000030244	0.6350975261659022
2.8317900000030245	0.6350694799452716
2.8318000000030246	0.6350414379034288
2.8318100000030246	0.6350134000353618
2.8318200000030247	0.6349853663360466
2.8318300000030248	0.6349573368004505
2.831840000003025	0.6349293114235298
2.831850000003025	0.6349012902002316
2.831860000003025	0.634873273125494
2.831870000003025	0.6348452601942458
2.831880000003025	0.6348172514014081
2.831890000003025	0.6347892467418931
2.831900000003025	0.6347612462106287
2.8319100000030253	0.6347332498024895
2.8319200000030254	0.6347052575123616
2.8319300000030254	0.6346772693351703
2.8319400000030255	0.6346492852657433
2.8319500000030255	0.6346213052989474
2.8319600000030256	0.6345933294296405
2.8319700000030257	0.6345653576526749
2.8319800000030257	0.634537389962894
2.831990000003026	0.6345094263551334
2.832000000003026	0.6344814668242209
2.832010000003026	0.6344535113649744
2.832020000003026	0.6344255599722043
2.832030000003026	0.6343976126407115
2.832040000003026	0.6343696693652868
2.832050000003026	0.6343417301407109
2.8320600000030263	0.634313794961755
2.8320700000030263	0.6342858638231796
2.8320800000030264	0.634257936719733
2.8320900000030265	0.6342300136461532
2.8321000000030265	0.6342020945971664
2.8321100000030266	0.6341741795674858
2.8321200000030267	0.6341462685518138
2.8321300000030267	0.6341183615448388
2.832140000003027	0.6340904585412378
2.832150000003027	0.6340625595356734
2.832160000003027	0.6340346645227962
2.832170000003027	0.6340067734972442
2.832180000003027	0.6339788864536413
2.832190000003027	0.6339510033865985
2.832200000003027	0.6339231242907145
2.8322100000030273	0.6338952491605745
2.8322200000030273	0.6338673779907521
2.8322300000030274	0.6338395107758621
2.8322400000030274	0.6338116475103946
2.8322500000030275	0.6337837881888881
2.8322600000030276	0.6337559328058687
2.8322700000030276	0.6337280813558512
2.8322800000030277	0.6337002338333387
2.8322900000030278	0.6336723902328256
2.832300000003028	0.6336445505487953
2.832310000003028	0.6336167147757223
2.832320000003028	0.6335888829080722
2.832330000003028	0.6335610549403012
2.832340000003028	0.6335332308668575
2.832350000003028	0.6335054106821812
2.8323600000030282	0.6334775943807045
2.8323700000030283	0.6334497819568523
2.8323800000030284	0.6334219734050415
2.8323900000030284	0.6333941687196821
2.8324000000030285	0.6333663678951766
2.8324100000030286	0.6333385709259214
2.8324200000030286	0.6333107778063043
2.8324300000030287	0.6332829885307062
2.8324400000030288	0.6332552030935015
2.832450000003029	0.6332274214890571
2.832460000003029	0.633199643711731
2.832470000003029	0.6331718697558745
2.832480000003029	0.6331440996158298
2.832490000003029	0.6331163332859325
2.832500000003029	0.6330885707605072
2.832510000003029	0.6330608120338711
2.8325200000030293	0.6330330571003316
2.8325300000030293	0.6330053059541864
2.8325400000030294	0.6329775585897237
2.8325500000030295	0.632949815001222
2.8325600000030295	0.6329220751829489
2.8325700000030296	0.6328943391291607
2.8325800000030297	0.6328666068341046
2.8325900000030297	0.6328388782920157
2.83260000000303	0.6328111534971181
2.83261000000303	0.6327834324436261
2.83262000000303	0.6327557151257412
2.83263000000303	0.6327280015376544
2.83264000000303	0.6327002916735458
2.83265000000303	0.6326725855275839
2.83266000000303	0.6326448830939271
2.8326700000030303	0.6326171843667224
2.8326800000030303	0.632589489340107
2.8326900000030304	0.6325617980082062
2.8327000000030305	0.6325341103651361
2.8327100000030305	0.6325064264050027
2.8327200000030306	0.6324787461219025
2.8327300000030307	0.6324510695099224
2.8327400000030307	0.6324233965631402
2.832750000003031	0.6323957272756243
2.832760000003031	0.6323680616414347
2.832770000003031	0.6323403996546224
2.832780000003031	0.6323127413092305
2.832790000003031	0.6322850865992944
2.832800000003031	0.6322574355188406
2.832810000003031	0.6322297880618892
2.8328200000030312	0.6322021442224512
2.8328300000030313	0.6321745039945307
2.8328400000030314	0.632146867372125
2.8328500000030314	0.6321192343492233
2.8328600000030315	0.6320916049198076
2.8328700000030316	0.6320639790778527
2.8328800000030316	0.6320363568173263
2.8328900000030317	0.6320087381321882
2.8329000000030318	0.6319811230163915
2.832910000003032	0.6319535114638823
2.832920000003032	0.6319259034685986
2.832930000003032	0.6318982990244716
2.832940000003032	0.6318706981254246
2.832950000003032	0.6318431007653734
2.832960000003032	0.6318155069382264
2.8329700000030322	0.6317879166378843
2.8329800000030323	0.6317603298582403
2.8329900000030324	0.6317327465931796
2.8330000000030324	0.6317051668365801
2.8330100000030325	0.6316775905823109
2.8330200000030326	0.6316500178242337
2.8330300000030326	0.6316224485562026
2.8330400000030327	0.6315948827720632
2.8330500000030328	0.6315673204656534
2.833060000003033	0.631539761630803
2.833070000003033	0.631512206261333
2.833080000003033	0.6314846543510566
2.833090000003033	0.6314571058937787
2.833100000003033	0.6314295608832964
2.833110000003033	0.6314020193133971
2.833120000003033	0.6313744811778617
2.8331300000030333	0.6313469464704611
2.8331400000030333	0.6313194151849579
2.8331500000030334	0.6312918873151074
2.8331600000030335	0.6312643628546545
2.8331700000030335	0.6312368417973376
2.8331800000030336	0.6312093241368849
2.8331900000030337	0.6311818098670171
2.8332000000030337	0.6311542989814458
2.833210000003034	0.6311267914738738
2.833220000003034	0.6310992873379964
2.833230000003034	0.6310717865675003
2.833240000003034	0.6310442891560628
2.833250000003034	0.6310167950973543
2.833260000003034	0.6309893043849966
2.833270000003034	0.6309618170126883
2.8332800000030343	0.630934332974074
2.8332900000030343	0.6309068522628501
2.8333000000030344	0.6308793748725898
2.8333100000030345	0.6308519007969146
2.8333200000030345	0.630824430029442
2.8333300000030346	0.6307969625637821
2.8333400000030347	0.6307694983935387
2.8333500000030347	0.6307420375123085
2.833360000003035	0.630714579913684
2.833370000003035	0.63068712559125
2.833380000003035	0.6306596745385864
2.833390000003035	0.6306322267492677
2.833400000003035	0.6306047822168632
2.833410000003035	0.6305773409349126
2.833420000003035	0.630549902897001
2.8334300000030352	0.6305224680966821
2.8334400000030353	0.6304950365275048
2.8334500000030354	0.6304676081830131
2.8334600000030354	0.6304401830567467
2.8334700000030355	0.6304127611422403
2.8334800000030356	0.6303853424330229
2.8334900000030356	0.6303579269226196
2.8335000000030357	0.6303305146045494
2.8335100000030358	0.6303031054723253
2.833520000003036	0.6302756995194382
2.833530000003036	0.6302482967394099
2.833540000003036	0.6302208971257364
2.833550000003036	0.6301935006719069
2.833560000003036	0.630166107371405
2.833570000003036	0.630138717217706
2.8335800000030362	0.6301113302042799
2.8335900000030363	0.6300839463245874
2.8336000000030364	0.6300565655720846
2.8336100000030364	0.6300291879402174
2.8336200000030365	0.6300018134224256
2.8336300000030366	0.6299744420120962
2.8336400000030366	0.6299470737027019
2.8336500000030367	0.6299197084876593
2.8336600000030367	0.629892346360376
2.833670000003037	0.6298649873142527
2.833680000003037	0.6298376313426837
2.833690000003037	0.6298102784390542
2.833700000003037	0.6297829285967433
2.833710000003037	0.6297555818091232
2.833720000003037	0.6297282380695595
2.833730000003037	0.6297008973714114
2.8337400000030373	0.6296735597080321
2.8337500000030373	0.6296462250727687
2.8337600000030374	0.6296188934589851
2.8337700000030375	0.6295915648599957
2.8337800000030375	0.6295642392691359
2.8337900000030376	0.6295369166797302
2.8338000000030377	0.6295095970851045
2.8338100000030377	0.6294822804785788
2.833820000003038	0.6294549668534707
2.833830000003038	0.6294276562031313
2.833840000003038	0.6294003485208398
2.833850000003038	0.6293730437998994
2.833860000003038	0.6293457420336159
2.833870000003038	0.6293184432152912
2.833880000003038	0.6292911473382062
2.8338900000030383	0.6292638543956768
2.8339000000030383	0.6292365643809975
2.8339100000030384	0.6292092772874593
2.8339200000030385	0.6291819931083495
2.8339300000030385	0.6291547118369536
2.8339400000030386	0.6291274334665533
2.8339500000030386	0.6291001579904258
2.8339600000030387	0.6290728854018447
2.833970000003039	0.6290456156940861
2.833980000003039	0.629018348860408
2.833990000003039	0.6289910848940715
2.834000000003039	0.6289638237883326
2.834010000003039	0.6289365655364422
2.834020000003039	0.6289093101316467
2.834030000003039	0.6288820575671806
2.8340400000030392	0.628854807836285
2.8340500000030393	0.6288275609321895
2.8340600000030394	0.6288003168481188
2.8340700000030394	0.6287730755772912
2.8340800000030395	0.6287458371129202
2.8340900000030396	0.6287186014482126
2.8341000000030396	0.6286913685763613
2.8341100000030397	0.628664138490572
2.8341200000030398	0.6286369111840383
2.83413000000304	0.62860968664995
2.83414000000304	0.6285824648814851
2.83415000000304	0.6285552458718212
2.83416000000304	0.6285280296141053
2.83417000000304	0.6285008161015345
2.83418000000304	0.628473605327276
2.83419000000304	0.6284463972844913
2.8342000000030403	0.6284191919663348
2.8342100000030404	0.6283919893659644
2.8342200000030404	0.6283647894765332
2.8342300000030405	0.6283375922911913
2.8342400000030405	0.6283103978030854
2.8342500000030406	0.6282832060053596
2.8342600000030407	0.6282560168911561
2.8342700000030407	0.628228830453617
2.834280000003041	0.6282016466858807
2.834290000003041	0.6281744655810798
2.834300000003041	0.6281472871323535
2.834310000003041	0.6281201113328371
2.834320000003041	0.6280929381756625
2.834330000003041	0.6280657676539595
2.834340000003041	0.6280385997608572
2.8343500000030413	0.6280114344894853
2.8343600000030413	0.62798427183297
2.8343700000030414	0.6279571117844365
2.8343800000030415	0.6279299543370107
2.8343900000030415	0.6279027994838118
2.8344000000030416	0.627875647217959
2.8344100000030417	0.6278484975325708
2.8344200000030417	0.6278213504207638
2.834430000003042	0.6277942058756523
2.834440000003042	0.627767063890347
2.834450000003042	0.627739924457963
2.834460000003042	0.6277127875716069
2.834470000003042	0.6276856532243854
2.834480000003042	0.6276585214093688
2.834490000003042	0.627631392119696
2.8345000000030423	0.6276042653484686
2.8345100000030423	0.6275771410887848
2.8345200000030424	0.6275500193337401
2.8345300000030424	0.627522900076428
2.8345400000030425	0.6274957833099396
2.8345500000030426	0.6274686690273656
2.8345600000030426	0.6274415572217938
2.8345700000030427	0.6274144478863046
2.8345800000030428	0.6273873410139789
2.834590000003043	0.6273602365978969
2.834600000003043	0.6273331346311362
2.834610000003043	0.6273060351067715
2.834620000003043	0.6272789380178758
2.834630000003043	0.6272518433575202
2.834640000003043	0.6272247511187738
2.8346500000030432	0.6271976612943231
2.8346600000030433	0.6271705738777381
2.8346700000030434	0.6271434888620446
2.8346800000030434	0.627116406240307
2.8346900000030435	0.6270893260055871
2.8347000000030436	0.6270622481509466
2.8347100000030436	0.627035172669447
2.8347200000030437	0.6270080995529186
2.8347300000030438	0.6269810287952132
2.834740000003044	0.6269539603897767
2.834750000003044	0.6269268943274652
2.834760000003044	0.6268998306035569
2.834770000003044	0.6268727692112751
2.834780000003044	0.6268457101436794
2.834790000003044	0.6268186533938305
2.834800000003044	0.6267915989559912
2.8348100000030443	0.6267645468219208
2.8348200000030443	0.6267374969846746
2.8348300000030444	0.6267104494373199
2.8348400000030445	0.6266834041729248
2.8348500000030445	0.6266563611845581
2.8348600000030446	0.6266293204652925
2.8348700000030447	0.6266022820082009
2.8348800000030447	0.6265752458063584
2.834890000003045	0.6265482118528409
2.834900000003045	0.6265211801407259
2.834910000003045	0.6264941506630916
2.834920000003045	0.6264671234130172
2.834930000003045	0.6264400983835843
2.834940000003045	0.6264130755678722
2.834950000003045	0.6263860549589615
2.8349600000030453	0.6263590365499337
2.8349700000030453	0.6263320203338718
2.8349800000030454	0.6263050063038557
2.8349900000030455	0.6262779944529654
2.8350000000030455	0.626250984774281
2.8350100000030456	0.6262239772608839
2.8350200000030457	0.6261969719058543
2.8350300000030457	0.6261699687022718
2.835040000003046	0.6261429676432166
2.835050000003046	0.6261159687217677
2.835060000003046	0.626088971931004
2.835070000003046	0.6260619772640043
2.835080000003046	0.6260349847138474
2.835090000003046	0.6260079942736133
2.835100000003046	0.6259810059363821
2.8351100000030462	0.6259540196952349
2.8351200000030463	0.6259270355432529
2.8351300000030464	0.6259000534735204
2.8351400000030464	0.6258730734791338
2.8351500000030465	0.6258460955531666
2.8351600000030466	0.6258191196887047
2.8351700000030466	0.6257921458788405
2.8351800000030467	0.6257651741166644
2.8351900000030468	0.6257382043952701
2.835200000003047	0.6257112367077552
2.835210000003047	0.6256842710472212
2.835220000003047	0.6256573074067716
2.835230000003047	0.6256303457795145
2.835240000003047	0.6256033861585621
2.835250000003047	0.6255764285370291
2.8352600000030472	0.6255494729080342
2.8352700000030473	0.6255225192647006
2.8352800000030474	0.6254955676001565
2.8352900000030474	0.6254686179075337
2.8353000000030475	0.6254416701799682
2.8353100000030476	0.6254147244106012
2.8353200000030476	0.6253877805925726
2.8353300000030477	0.6253608387190331
2.8353400000030478	0.6253338987831397
2.835350000003048	0.6253069607780508
2.835360000003048	0.6252800246969283
2.835370000003048	0.6252530905338212
2.835380000003048	0.6252261582810995
2.835390000003048	0.6251992279318266
2.835400000003048	0.6251722994791777
2.835410000003048	0.6251453729163333
2.8354200000030483	0.6251184482364752
2.8354300000030483	0.6250915254327892
2.8354400000030484	0.6250646044984646
2.8354500000030485	0.6250376854266926
2.8354600000030485	0.6250107682106679
2.8354700000030486	0.6249838528435883
2.8354800000030487	0.6249569393186531
2.8354900000030487	0.6249300276290654
2.835500000003049	0.6249031177680308
2.835510000003049	0.6248762097287652
2.835520000003049	0.6248493035044698
2.835530000003049	0.6248223990883582
2.835540000003049	0.6247954964736461
2.835550000003049	0.6247685956535521
2.835560000003049	0.6247416966212983
2.8355700000030493	0.6247147993701081
2.8355800000030493	0.6246879038932102
2.8355900000030494	0.6246610101838358
2.8356000000030495	0.6246341182352195
2.8356100000030495	0.624607228040601
2.8356200000030496	0.6245803395932222
2.8356300000030497	0.6245534528863309
2.8356400000030497	0.6245265679131793
2.83565000000305	0.6244996846670247
2.83566000000305	0.6244728031411289
2.83567000000305	0.6244459233287603
2.83568000000305	0.624419045223192
2.83569000000305	0.624392168817702
2.83570000000305	0.6243652941055771
2.83571000000305	0.62433842108011
2.8357200000030502	0.6243115497345989
2.8357300000030503	0.6242846800623499
2.8357400000030504	0.6242578120566864
2.8357500000030504	0.624230945710917
2.8357600000030505	0.6242040810183681
2.8357700000030506	0.624177217972373
2.8357800000030506	0.6241503565662712
2.8357900000030507	0.6241234967934114
2.8358000000030508	0.6240966386471479
2.835810000003051	0.6240697821208431
2.835820000003051	0.6240429272078658
2.835830000003051	0.6240160739015906
2.835840000003051	0.6239892221954005
2.835850000003051	0.6239623720826841
2.835860000003051	0.6239355235568357
2.8358700000030512	0.6239086766112574
2.8358800000030513	0.6238818312393495
2.8358900000030514	0.6238549874345327
2.8359000000030514	0.6238281451902278
2.8359100000030515	0.6238013044998599
2.8359200000030516	0.6237744653568615
2.8359300000030516	0.6237476277546689
2.8359400000030517	0.6237207916867124
2.8359500000030518	0.6236939571464478
2.835960000003052	0.6236671241273336
2.835970000003052	0.623640292622829
2.835980000003052	0.6236134626263997
2.835990000003052	0.623586634131516
2.836000000003052	0.6235598071316546
2.836010000003052	0.6235329816202941
2.836020000003052	0.6235061575909255
2.8360300000030523	0.6234793350370438
2.8360400000030523	0.6234525139521524
2.8360500000030524	0.6234256943297521
2.8360600000030525	0.623398876163359
2.8360700000030525	0.6233720594464949
2.8360800000030526	0.6233452441726876
2.8360900000030527	0.6233184303354723
2.8361000000030527	0.6232916179283928
2.836110000003053	0.6232648069450013
2.836120000003053	0.6232379973788549
2.836130000003053	0.62321118922352
2.836140000003053	0.6231843824725722
2.836150000003053	0.6231575771215051
2.836160000003053	0.6231307731624558
2.836170000003053	0.6231039705885945
2.8361800000030533	0.6230771693935303
2.8361900000030533	0.6230503695708827
2.8362000000030534	0.6230235711142773
2.8362100000030535	0.6229967740173475
2.8362200000030535	0.6229699782737373
2.8362300000030536	0.6229431838771103
2.8362400000030537	0.6229163908211084
2.8362500000030537	0.6228895990994093
2.836260000003054	0.6228628087056932
2.836270000003054	0.6228360196336507
2.836280000003054	0.6228092318769819
2.836290000003054	0.6227824454293973
2.836300000003054	0.6227556602846183
2.836310000003054	0.6227288764363744
2.836320000003054	0.6227020938784096
2.8363300000030542	0.6226753126044757
2.8363400000030543	0.6226485326083362
2.8363500000030544	0.6226217538837647
2.8363600000030544	0.6225949764245453
2.8363700000030545	0.6225682002244728
2.8363800000030546	0.6225414252773515
2.8363900000030546	0.6225146515769966
2.8364000000030547	0.6224878791172331
2.8364100000030548	0.6224611078918953
2.836420000003055	0.6224343378948278
2.836430000003055	0.622407569119884
2.836440000003055	0.6223808015609265
2.836450000003055	0.6223540352118276
2.836460000003055	0.6223272700664689
2.836470000003055	0.6223005061187378
2.8364800000030552	0.6222737433625319
2.8364900000030553	0.6222469817917566
2.8365000000030554	0.6222202214003261
2.8365100000030554	0.6221934621821623
2.8365200000030555	0.6221667041311957
2.8365300000030556	0.6221399472413641
2.8365400000030556	0.6221131915066145
2.8365500000030557	0.6220864369209024
2.8365600000030557	0.622059683478191
2.836570000003056	0.6220329311724521
2.836580000003056	0.6220061799976674
2.836590000003056	0.6219794299478272
2.836600000003056	0.6219526810169322
2.836610000003056	0.6219259331990253
2.836620000003056	0.621899186488086
2.836630000003056	0.6218724408781525
2.8366400000030563	0.6218456963632669
2.8366500000030563	0.6218189529374837
2.8366600000030564	0.6217922105948681
2.8366700000030565	0.6217654693294986
2.8366800000030565	0.6217387291354669
2.8366900000030566	0.6217119900068762
2.8367000000030567	0.6216852519378432
2.8367100000030567	0.6216585149224987
2.836720000003057	0.6216317789545164
2.836730000003057	0.6216050440285237
2.836740000003057	0.6215783101387179
2.836750000003057	0.6215515772792842
2.836760000003057	0.6215248454444233
2.836770000003057	0.6214981146283506
2.836780000003057	0.621471384825295
2.8367900000030573	0.6214446560294989
2.8368000000030573	0.6214179282352184
2.8368100000030574	0.6213912014367216
2.8368200000030575	0.6213644756282903
2.8368300000030575	0.6213377508042206
2.8368400000030576	0.6213110269588162
2.8368500000030576	0.6212843040863946
2.8368600000030577	0.6212575821812859
2.836870000003058	0.6212308612378301
2.836880000003058	0.6212041412503824
2.836890000003058	0.6211774222133032
2.836900000003058	0.6211507041209643
2.836910000003058	0.6211239869677501
2.836920000003058	0.6210972707480541
2.836930000003058	0.6210705554562808
2.8369400000030582	0.6210438410868453
2.8369500000030583	0.6210171276341732
2.8369600000030584	0.620990415092699
2.8369700000030584	0.6209637034568697
2.8369800000030585	0.6209369927211427
2.8369900000030586	0.6209102828799854
2.8370000000030586	0.6208835739278781
2.8370100000030587	0.6208568658593147
2.8370200000030588	0.6208301586687952
2.837030000003059	0.6208034523508348
2.837040000003059	0.6207767468999617
2.837050000003059	0.620750042310717
2.837060000003059	0.6207233385776543
2.837070000003059	0.6206966356953424
2.837080000003059	0.6206699336583634
2.837090000003059	0.6206432324613135
2.8371000000030593	0.6206165320988041
2.8371100000030594	0.6205898325654612
2.8371200000030594	0.620563133855926
2.8371300000030595	0.6205364359648556
2.8371400000030595	0.620509738886892
2.8371500000030596	0.6204830426167461
2.8371600000030597	0.62045634714913
2.8371700000030597	0.6204296524787631
2.83718000000306	0.6204029586003803
2.83719000000306	0.6203762655087326
2.83720000000306	0.6203495731985864
2.83721000000306	0.6203228816647235
2.83722000000306	0.6202961909019415
2.83723000000306	0.6202695009050528
2.83724000000306	0.6202428116688855
2.8372500000030603	0.6202161231882828
2.8372600000030603	0.6201894354581008
2.8372700000030604	0.6201627484732128
2.8372800000030605	0.6201360622285057
2.8372900000030605	0.6201093767188797
2.8373000000030606	0.62008269193925
2.8373100000030607	0.6200560078845465
2.8373200000030607	0.620029324549711
2.837330000003061	0.6200026419297004
2.837340000003061	0.6199759600194847
2.837350000003061	0.6199492788140483
2.837360000003061	0.6199225983083888
2.837370000003061	0.6198959184975175
2.837380000003061	0.6198692393764585
2.837390000003061	0.6198425609402508
2.8374000000030613	0.6198158831839469
2.8374100000030613	0.6197892061026121
2.8374200000030614	0.6197625296913274
2.8374300000030614	0.6197358539451866
2.8374400000030615	0.6197091788592785
2.8374500000030616	0.6196825044287463
2.8374600000030616	0.6196558306487278
2.8374700000030617	0.6196291575143748
2.8374800000030618	0.6196024850208538
2.837490000003062	0.6195758131633466
2.837500000003062	0.6195491419370515
2.837510000003062	0.6195224713371644
2.837520000003062	0.6194958013589303
2.837530000003062	0.6194691319975928
2.837540000003062	0.6194424632484115
2.8375500000030622	0.6194157951066612
2.8375600000030623	0.6193891275676345
2.8375700000030624	0.6193624606266392
2.8375800000030624	0.6193357942789989
2.8375900000030625	0.619309128520054
2.8376000000030626	0.6192824633451626
2.8376100000030626	0.6192557987496972
2.8376200000030627	0.6192291347290476
2.8376300000030628	0.6192024712786212
2.837640000003063	0.6191758083938402
2.837650000003063	0.619149146070145
2.837660000003063	0.6191224843029919
2.837670000003063	0.6190958230878538
2.837680000003063	0.6190691624202205
2.837690000003063	0.6190425022955981
2.837700000003063	0.6190158427095097
2.8377100000030633	0.6189891836574936
2.8377200000030633	0.6189625251351056
2.8377300000030634	0.6189358671379185
2.8377400000030635	0.6189092096615199
2.8377500000030635	0.6188825527015155
2.8377600000030636	0.6188558962535264
2.8377700000030637	0.6188292403131903
2.8377800000030637	0.6188025848762017
2.837790000003064	0.6187759299381832
2.837800000003064	0.6187492754948274
2.837810000003064	0.6187226215418373
2.837820000003064	0.6186959680749327
2.837830000003064	0.61866931508985
2.837840000003064	0.6186426625823415
2.837850000003064	0.6186160105481769
2.8378600000030643	0.6185893589831416
2.8378700000030643	0.6185627078830392
2.8378800000030644	0.618536057243688
2.8378900000030645	0.6185094070609141
2.8379000000030645	0.6184827573305797
2.8379100000030646	0.6184561080485562
2.8379200000030647	0.6184294592107302
2.8379300000030647	0.6184028108130049
2.837940000003065	0.6183761628513006
2.837950000003065	0.6183495153215544
2.837960000003065	0.6183228682197216
2.837970000003065	0.6182962215417742
2.837980000003065	0.6182695752837011
2.837990000003065	0.6182429294415084
2.838000000003065	0.6182162840112208
2.8380100000030652	0.6181896389888782
2.8380200000030653	0.6181629943705377
2.8380300000030654	0.6181363501522767
2.8380400000030654	0.6181097063301867
2.8380500000030655	0.6180830629003781
2.8380600000030656	0.6180564198589781
2.8380700000030656	0.6180297772021316
2.8380800000030657	0.6180031349260009
2.8380900000030658	0.6179764930267662
2.838100000003066	0.6179498515006246
2.838110000003066	0.6179232103437913
2.838120000003066	0.6178965695524984
2.838130000003066	0.6178699291229957
2.838140000003066	0.617843289051553
2.838150000003066	0.6178166493344536
2.8381600000030662	0.6177900099680004
2.8381700000030663	0.6177633709485139
2.8381800000030664	0.6177367322723333
2.8381900000030664	0.6177100939358128
2.8382000000030665	0.6176834559353269
2.8382100000030666	0.6176568182672734
2.8382200000030666	0.6176301809280607
2.8382300000030667	0.6176035439141194
2.8382400000030668	0.6175769072218983
2.838250000003067	0.6175502708478623
2.838260000003067	0.6175236347884971
2.838270000003067	0.6174969990403059
2.838280000003067	0.6174703635998107
2.838290000003067	0.6174437284635532
2.838300000003067	0.617417093628093
2.838310000003067	0.6173904590900088
2.8383200000030673	0.6173638248458976
2.8383300000030673	0.6173371908923753
2.8383400000030674	0.6173105572260775
2.8383500000030675	0.6172839238436583
2.8383600000030675	0.6172572907417905
2.8383700000030676	0.617230657917164
2.8383800000030677	0.6172040253664898
2.8383900000030677	0.6171773930864959
2.838400000003068	0.617150761073929
2.838410000003068	0.6171241293255586
2.838420000003068	0.6170974978381591
2.838430000003068	0.6170708666085359
2.838440000003068	0.6170442356335092
2.838450000003068	0.6170176049099158
2.838460000003068	0.6169909744346109
2.8384700000030683	0.6169643442044678
2.8384800000030683	0.6169377142163761
2.8384900000030684	0.6169110844672442
2.8385000000030685	0.6168844549539988
2.8385100000030685	0.6168578256735828
2.8385200000030686	0.616831196622958
2.8385300000030687	0.6168045677991035
2.8385400000030687	0.6167779391990063
2.838550000003069	0.6167513108196868
2.838560000003069	0.6167246826581801
2.838570000003069	0.6166980547115365
2.838580000003069	0.6166714269768238
2.838590000003069	0.6166447994511294
2.838600000003069	0.6166181721315588
2.838610000003069	0.6165915450152367
2.8386200000030692	0.6165649180993061
2.8386300000030693	0.6165382913809294
2.8386400000030694	0.6165116648572893
2.8386500000030694	0.6164850385255862
2.8386600000030695	0.6164584123830408
2.8386700000030696	0.616431786426893
2.8386800000030696	0.6164051606544036
2.8386900000030697	0.6163785350628754
2.8387000000030698	0.6163519096495821
2.83871000000307	0.6163252844118476
2.83872000000307	0.6162986593470123
2.83873000000307	0.6162720344524375
2.83874000000307	0.6162454097255041
2.83875000000307	0.6162187851636245
2.83876000000307	0.6161921607642075
2.8387700000030702	0.6161655365246935
2.8387800000030703	0.6161389124425434
2.8387900000030704	0.6161122885152368
2.8388000000030704	0.6160856647402726
2.8388100000030705	0.6160590411151683
2.8388200000030706	0.6160324176374635
2.8388300000030706	0.6160057943047137
2.8388400000030707	0.6159791711144936
2.8388500000030708	0.6159525480643965
2.838860000003071	0.6159259251520326
2.838870000003071	0.6158993023750341
2.838880000003071	0.6158726797310486
2.838890000003071	0.6158460572177595
2.838900000003071	0.61581943483281
2.838910000003071	0.6157928125739182
2.838920000003071	0.6157661904388027
2.8389300000030713	0.6157395684252011
2.8389400000030713	0.6157129465308682
2.8389500000030714	0.6156863247535755
2.8389600000030715	0.6156597030911145
2.8389700000030715	0.6156330815412934
2.8389800000030716	0.6156064601019383
2.8389900000030717	0.6155798387708814
2.8390000000030717	0.615553217546001
2.839010000003072	0.6155265964251774
2.839020000003072	0.6154999754063156
2.839030000003072	0.615473354487336
2.839040000003072	0.6154467336662414
2.839050000003072	0.6154201129409214
2.839060000003072	0.6153934923093602
2.839070000003072	0.6153668717695487
2.8390800000030723	0.6153402513195092
2.8390900000030723	0.615313630957287
2.8391000000030724	0.6152870106809424
2.8391100000030725	0.6152603904885562
2.8391200000030725	0.615233770378229
2.8391300000030726	0.6152071503480828
2.8391400000030727	0.6151805303962582
2.8391500000030727	0.6151539105209192
2.839160000003073	0.6151272907202482
2.839170000003073	0.6151006709924487
2.839180000003073	0.6150740513357431
2.839190000003073	0.6150474317483748
2.839200000003073	0.6150208122286068
2.839210000003073	0.6149941927747214
2.839220000003073	0.6149675733850201
2.8392300000030732	0.6149409540578238
2.8392400000030733	0.6149143347914814
2.8392500000030734	0.6148877155843401
2.8392600000030734	0.6148610964347796
2.8392700000030735	0.6148344773412121
2.8392800000030736	0.6148078583020349
2.8392900000030736	0.6147812393156824
2.8393000000030737	0.6147546203806055
2.8393100000030738	0.614728001495273
2.839320000003074	0.6147013826581714
2.839330000003074	0.6146747638678064
2.839340000003074	0.6146481451226999
2.839350000003074	0.6146215264213931
2.839360000003074	0.6145949077624449
2.839370000003074	0.6145682891444316
2.8393800000030742	0.6145416705659481
2.8393900000030743	0.6145150520256081
2.8394000000030744	0.6144884335220425
2.8394100000030744	0.614461815053905
2.8394200000030745	0.6144351966198618
2.8394300000030746	0.6144085782185988
2.8394400000030746	0.6143819598488229
2.8394500000030747	0.6143553415092602
2.8394600000030747	0.6143287231986705
2.839470000003075	0.614302104915799
2.839480000003075	0.6142754866594288
2.839490000003075	0.6142488684283611
2.839500000003075	0.6142222502214181
2.839510000003075	0.6141956320374397
2.839520000003075	0.6141690138752861
2.839530000003075	0.6141423957338343
2.8395400000030753	0.6141157776119901
2.8395500000030753	0.6140891595086713
2.8395600000030754	0.614062541422816
2.8395700000030755	0.6140359233533826
2.8395800000030755	0.6140093052993489
2.8395900000030756	0.6139826872597122
2.8396000000030757	0.6139560692334886
2.8396100000030757	0.6139294512197144
2.839620000003076	0.6139028332174453
2.839630000003076	0.613876215225755
2.839640000003076	0.6138495972437372
2.839650000003076	0.6138229792705036
2.839660000003076	0.6137963613051846
2.839670000003076	0.6137697433469298
2.839680000003076	0.6137431253949065
2.8396900000030763	0.6137165074483013
2.8397000000030763	0.6136898895063186
2.8397100000030764	0.6136632715681805
2.8397200000030764	0.6136366536331288
2.8397300000030765	0.6136100357004204
2.8397400000030766	0.6135834177693336
2.8397500000030766	0.6135567998391618
2.8397600000030767	0.6135301819092183
2.8397700000030768	0.6135035639788338
2.839780000003077	0.6134769460473555
2.839790000003077	0.6134503281141493
2.839800000003077	0.6134237101785994
2.839810000003077	0.6133970922401073
2.839820000003077	0.6133704742980921
2.839830000003077	0.6133438563519917
2.8398400000030772	0.6133172384012625
2.8398500000030773	0.6132906204453756
2.8398600000030774	0.6132640024838136
2.8398700000030774	0.6132373845160982
2.8398800000030775	0.6132107665417537
2.8398900000030776	0.6131841485603335
2.8399000000030776	0.6131575305713918
2.8399100000030777	0.6131309125745106
2.8399200000030778	0.6131042945692899
2.839930000003078	0.6130776765553463
2.839940000003078	0.6130510585323159
2.839950000003078	0.6130244404998352
2.839960000003078	0.6129978224575949
2.839970000003078	0.6129712044052863
2.839980000003078	0.6129445863426187
2.839990000003078	0.6129179682693182
2.8400000000030783	0.6128913501851307
2.8400100000030783	0.6128647320898233
2.8400200000030784	0.6128381139831759
2.8400300000030785	0.6128114958649874
2.8400400000030785	0.6127848777350765
2.8400500000030786	0.6127582595932799
2.8400600000030787	0.6127316414394515
2.8400700000030787	0.6127050232734639
2.840080000003079	0.612678405095208
2.840090000003079	0.612651786904592
2.840100000003079	0.6126251687015416
2.840110000003079	0.6125985504860014
2.840120000003079	0.6125719322579329
2.840130000003079	0.6125453140173159
2.840140000003079	0.6125186957641467
2.8401500000030793	0.6124920774984405
2.8401600000030793	0.612465459220225
2.8401700000030794	0.6124388409295216
2.8401800000030795	0.6124122226264584
2.8401900000030795	0.6123856043110898
2.8402000000030796	0.612358985983516
2.8402100000030797	0.6123323676438549
2.8402200000030797	0.6123057492922417
2.84023000000308	0.6122791309288279
2.84024000000308	0.6122525125537804
2.84025000000308	0.6122258941672926
2.84026000000308	0.6121992757695616
2.84027000000308	0.6121726573592206
2.84028000000308	0.6121460389374821
2.84029000000308	0.6121194205051186
2.8403000000030802	0.6120928020623978
2.8403100000030803	0.6120661836096053
2.8403200000030804	0.6120395651470465
2.8403300000030804	0.612012946675045
2.8403400000030805	0.6119863281939413
2.8403500000030806	0.6119597097040956
2.8403600000030806	0.6119330912058842
2.8403700000030807	0.6119064726997017
2.8403800000030808	0.6118798541859592
2.840390000003081	0.6118532356650859
2.840400000003081	0.6118266171375272
2.840410000003081	0.6117999986037448
2.840420000003081	0.6117733800642174
2.840430000003081	0.6117467615194391
2.840440000003081	0.6117201429699203
2.8404500000030812	0.6116935244161867
2.8404600000030813	0.6116669058587797
2.8404700000030814	0.6116402872982564
2.8404800000030814	0.6116136687351877
2.8404900000030815	0.6115870501701623
2.8405000000030816	0.6115604316037814
2.8405100000030816	0.6115338130366625
2.8405200000030817	0.6115071944694381
2.8405300000030818	0.6114805759025648
2.840540000003082	0.6114539573369123
2.840550000003082	0.611427338773157
2.840560000003082	0.611400720211992
2.840570000003082	0.6113741016541264
2.840580000003082	0.6113474831002845
2.840590000003082	0.611320864551206
2.840600000003082	0.6112942460076464
2.8406100000030823	0.611267627470377
2.8406200000030823	0.6112410089401848
2.8406300000030824	0.6112143904178734
2.8406400000030825	0.6111877719042611
2.8406500000030825	0.6111611534001835
2.8406600000030826	0.611134534906492
2.8406700000030827	0.6111079164240545
2.8406800000030827	0.6110812979537548
2.840690000003083	0.61105467949649
2.840700000003083	0.6110280610531785
2.840710000003083	0.6110014426247528
2.840720000003083	0.6109748242121595
2.840730000003083	0.6109482058163634
2.840740000003083	0.610921587438345
2.840750000003083	0.6108949690790996
2.8407600000030833	0.610868350739608
2.8407700000030833	0.6108417324209273
2.8407800000030834	0.6108151141241002
2.8407900000030835	0.6107884958501836
2.8408000000030835	0.6107618776002497
2.8408100000030836	0.6107352593753843
2.8408200000030837	0.6107086411766902
2.8408300000030837	0.6106820230052833
2.840840000003084	0.6106554048622941
2.840850000003084	0.6106287867488681
2.840860000003084	0.6106021686661645
2.840870000003084	0.6105755506153581
2.840880000003084	0.6105489325976354
2.840890000003084	0.6105223146141971
2.840900000003084	0.6104956966657071
2.8409100000030842	0.6104690787539586
2.8409200000030843	0.610442460880215
2.8409300000030844	0.6104158430457358
2.8409400000030844	0.6103892252512407
2.8409500000030845	0.6103626074985566
2.8409600000030846	0.6103359897890341
2.8409700000030846	0.6103093721239877
2.8409800000030847	0.6102827545047457
2.8409900000030848	0.6102561369326517
2.841000000003085	0.6102295194090612
2.841010000003085	0.6102029019353523
2.841020000003085	0.6101762845129093
2.841030000003085	0.6101496671431232
2.841040000003085	0.6101230498274048
2.841050000003085	0.6100964325671772
2.8410600000030852	0.610069815363876
2.8410700000030853	0.6100431982189519
2.8410800000030854	0.6100165811338664
2.8410900000030854	0.6099899641100979
2.8411000000030855	0.6099633471491351
2.8411100000030856	0.6099367302524817
2.8411200000030856	0.609910113422182
2.8411300000030857	0.6098834966592256
2.8411400000030858	0.6098568799651375
2.841150000003086	0.6098302633414721
2.841160000003086	0.609803646789798
2.841170000003086	0.6097770303116958
2.841180000003086	0.6097504139087598
2.841190000003086	0.6097237975825966
2.841200000003086	0.6096971813348264
2.841210000003086	0.6096705651670828
2.8412200000030863	0.609643949081013
2.8412300000030863	0.6096173330782764
2.8412400000030864	0.6095907171605467
2.8412500000030865	0.6095641013295108
2.8412600000030865	0.6095374855868685
2.8412700000030866	0.6095108699359382
2.8412800000030867	0.6094842543757677
2.8412900000030867	0.6094576389103601
2.841300000003087	0.6094310235408087
2.841310000003087	0.6094044082684714
2.841320000003087	0.609377793095123
2.841330000003087	0.6093511780225616
2.841340000003087	0.6093245630526393
2.841350000003087	0.6092979481875939
2.841360000003087	0.6092713334279607
2.8413700000030873	0.6092447187778555
2.8413800000030873	0.609218104236322
2.8413900000030874	0.6091914898077699
2.8414000000030875	0.6091648754915061
2.8414100000030875	0.6091382612919743
2.8414200000030876	0.6091116472097742
2.8414300000030877	0.6090850332467647
2.8414400000030877	0.6090584194048575
2.841450000003088	0.6090318056859736
2.841460000003088	0.6090051920920553
2.841470000003088	0.6089785786250514
2.841480000003088	0.6089519652849809
2.841490000003088	0.6089253520772269
2.841500000003088	0.6088987390007968
2.841510000003088	0.6088721260586285
2.8415200000030882	0.6088455132532583
2.8415300000030883	0.6088189005867889
2.8415400000030884	0.608792288061188
2.8415500000030884	0.6087656756784159
2.8415600000030885	0.6087390634406334
2.8415700000030886	0.6087124513499227
2.8415800000030886	0.6086858394083764
2.8415900000030887	0.6086592276180971
2.8416000000030888	0.608632615981199
2.841610000003089	0.608606004499807
2.841620000003089	0.6085793931760558
2.841630000003089	0.6085527820120905
2.841640000003089	0.608526171010065
2.841650000003089	0.608499560172142
2.841660000003089	0.6084729495004928
2.8416700000030892	0.608446338997298
2.8416800000030893	0.6084197286647457
2.8416900000030894	0.6083931185050319
2.8417000000030894	0.6083665085203608
2.8417100000030895	0.608339898712944
2.8417200000030896	0.6083132890850027
2.8417300000030896	0.6082866796387637
2.8417400000030897	0.6082600703764622
2.8417500000030897	0.6082334613003424
2.84176000000309	0.6082068524126535
2.84177000000309	0.6081802437156598
2.84178000000309	0.6081536352116305
2.84179000000309	0.6081270269028517
2.84180000000309	0.6081004187916066
2.84181000000309	0.608073810880192
2.84182000000309	0.6080472031709163
2.8418300000030903	0.6080205956660979
2.8418400000030903	0.607993988368066
2.8418500000030904	0.6079673812791603
2.8418600000030905	0.6079407744017318
2.8418700000030905	0.6079141677381422
2.8418800000030906	0.6078875612907646
2.8418900000030907	0.6078609550619821
2.8419000000030907	0.6078343490541915
2.841910000003091	0.6078077432697986
2.841920000003091	0.6077811377112209
2.841930000003091	0.6077545323808858
2.841940000003091	0.6077279272812328
2.841950000003091	0.6077013224147104
2.841960000003091	0.607674717783778
2.841970000003091	0.6076481133909051
2.8419800000030913	0.607621509238569
2.8419900000030913	0.6075949053292581
2.8420000000030914	0.6075683016654678
2.8420100000030915	0.6075416982492268
2.8420200000030915	0.6075150950835038
2.8420300000030916	0.6074884921708524
2.8420400000030916	0.607461889513801
2.8420500000030917	0.6074352871148841
2.842060000003092	0.6074086849766437
2.842070000003092	0.6073820831016273
2.842080000003092	0.6073554814923896
2.842090000003092	0.6073288801514912
2.842100000003092	0.6073022790814979
2.842110000003092	0.6072756782849824
2.842120000003092	0.6072490777645342
2.8421300000030922	0.6072224775227265
2.8421400000030923	0.6071958775621491
2.8421500000030924	0.6071692778853987
2.8421600000030924	0.6071426784950773
2.8421700000030925	0.6071160793937956
2.8421800000030926	0.6070894805841693
2.8421900000030926	0.6070628820688216
2.8422000000030927	0.607036283850383
2.8422100000030928	0.6070096859314912
2.842220000003093	0.6069830883147909
2.842230000003093	0.6069564910029353
2.842240000003093	0.6069298939985857
2.842250000003093	0.6069032973044114
2.842260000003093	0.6068767009230892
2.842270000003093	0.606850104857305
2.842280000003093	0.6068235091097528
2.8422900000030933	0.6067969136831343
2.8423000000030934	0.6067703185801605
2.8423100000030934	0.6067437238035518
2.8423200000030935	0.6067171293560343
2.8423300000030935	0.6066905352403421
2.8423400000030936	0.6066639414592184
2.8423500000030937	0.6066373480154125
2.8423600000030937	0.6066107549116839
2.842370000003094	0.6065841621507984
2.842380000003094	0.6065575697355291
2.842390000003094	0.6065309776686553
2.842400000003094	0.6065043859529629
2.842410000003094	0.6064777945912444
2.842420000003094	0.6064512035862987
2.842430000003094	0.6064246129409303
2.8424400000030943	0.6063980226579485
2.8424500000030943	0.6063714327401697
2.8424600000030944	0.6063448431904143
2.8424700000030945	0.6063182540115083
2.8424800000030945	0.6062916652062849
2.8424900000030946	0.6062650767775783
2.8425000000030947	0.6062384887282284
2.8425100000030947	0.6062119010610806
2.842520000003095	0.6061853137789851
2.842530000003095	0.606158726884796
2.842540000003095	0.6061321403813722
2.842550000003095	0.6061055542715774
2.842560000003095	0.60607896855828
2.842570000003095	0.6060523832443525
2.842580000003095	0.606025798332763
2.8425900000030953	0.605999213826307
2.8426000000030953	0.6059726297278651
2.8426100000030954	0.6059460460403278
2.8426200000030954	0.6059194627665899
2.8426300000030955	0.6058928799095524
2.8426400000030956	0.6058662974721233
2.8426500000030956	0.60583971545721
2.8426600000030957	0.605813133867729
2.8426700000030958	0.6057865527065994
2.842680000003096	0.6057599719767457
2.842690000003096	0.605733391681098
2.842700000003096	0.6057068118225891
2.842710000003096	0.6056802324041582
2.842720000003096	0.6056536534287481
2.842730000003096	0.6056270748993055
2.8427400000030962	0.6056004968187818
2.8427500000030963	0.6055739191901315
2.8427600000030964	0.6055473420163136
2.8427700000030964	0.6055207653002913
2.8427800000030965	0.6054941890450313
2.8427900000030966	0.6054676132535034
2.8428000000030966	0.6054410379286803
2.8428100000030967	0.6054144630735393
2.8428200000030968	0.6053878886910607
2.842830000003097	0.605361314784228
2.842840000003097	0.6053347413560279
2.842850000003097	0.6053081684094506
2.842860000003097	0.6052815959474884
2.842870000003097	0.605255023973139
2.842880000003097	0.6052284524894018
2.842890000003097	0.6052018814992807
2.8429000000030973	0.6051753110057821
2.8429100000030973	0.6051487410119164
2.8429200000030974	0.6051221715206986
2.8429300000030975	0.6050956025351458
2.8429400000030975	0.6050690340582809
2.8429500000030976	0.6050424660931296
2.8429600000030977	0.6050158986427214
2.8429700000030977	0.60498933171009
2.842980000003098	0.604962765298274
2.842990000003098	0.6049361994103163
2.843000000003098	0.6049096340492631
2.843010000003098	0.604883069218165
2.843020000003098	0.6048565049200773
2.843030000003098	0.6048299411580581
2.843040000003098	0.6048033779351706
2.8430500000030983	0.6047768152544809
2.8430600000030983	0.6047502531190592
2.8430700000030984	0.6047236915319784
2.8430800000030985	0.6046971304963155
2.8430900000030985	0.6046705700151493
2.8431000000030986	0.6046440100915618
2.8431100000030987	0.6046174507286369
2.8431200000030987	0.6045908919294615
2.843130000003099	0.6045643336971231
2.843140000003099	0.6045377760347115
2.843150000003099	0.6045112189453168
2.843160000003099	0.6044846624320306
2.843170000003099	0.6044581064979455
2.843180000003099	0.6044315511461538
2.843190000003099	0.6044049963797479
2.8432000000030992	0.6043784422018231
2.8432100000030993	0.6043518886154704
2.8432200000030994	0.6043253356237817
2.8432300000030994	0.6042987832298499
2.8432400000030995	0.604272231436766
2.8432500000030996	0.6042456802476228
2.8432600000030996	0.6042191296655122
2.8432700000030997	0.6041925796935254
2.8432800000030998	0.6041660303347544
2.8432900000031	0.6041394815922915
2.8433000000031	0.6041129334692293
2.8433100000031	0.604086385968662
2.8433200000031	0.6040598390936824
2.8433300000031	0.604033292847388
2.8433400000031	0.6040067472328751
2.8433500000031002	0.603980202253243
2.8433600000031003	0.6039536579115924
2.8433700000031004	0.6039271142110266
2.8433800000031004	0.6039005711546518
2.8433900000031005	0.6038740287455755
2.8434000000031006	0.6038474869869095
2.8434100000031006	0.6038209458817676
2.8434200000031007	0.6037944054332666
2.8434300000031008	0.6037678656445266
2.843440000003101	0.6037413265186706
2.843450000003101	0.6037147880588243
2.843460000003101	0.6036882502681161
2.843470000003101	0.6036617131496768
2.843480000003101	0.6036351767066407
2.843490000003101	0.6036086409421425
2.843500000003101	0.6035821058593206
2.8435100000031013	0.6035555714613129
2.8435200000031013	0.6035290377512589
2.8435300000031014	0.6035025047322988
2.8435400000031015	0.6034759724075737
2.8435500000031015	0.6034494407802236
2.8435600000031016	0.6034229098533893
2.8435700000031017	0.6033963796302098
2.8435800000031017	0.6033698501138222
2.843590000003102	0.6033433213073636
2.843600000003102	0.6033167932139676
2.843610000003102	0.603290265836767
2.843620000003102	0.6032637391788919
2.843630000003102	0.603237213243469
2.843640000003102	0.603210688033623
2.843650000003102	0.6031841635524752
2.8436600000031023	0.6031576398031453
2.8436700000031023	0.6031311167887501
2.8436800000031024	0.6031045945124017
2.8436900000031025	0.6030780729772114
2.8437000000031025	0.6030515521865292
2.8437100000031026	0.6030250321431935
2.8437200000031027	0.6029985128503167
2.8437300000031027	0.6029719943109906
2.843740000003103	0.6029454765283173
2.843750000003103	0.6029189595053973
2.843760000003103	0.6028924432453316
2.843770000003103	0.6028659277512205
2.843780000003103	0.6028394130261661
2.843790000003103	0.6028128990732688
2.843800000003103	0.6027863858956319
2.8438100000031032	0.602759873496359
2.8438200000031033	0.6027333618785556
2.8438300000031034	0.6027068510453273
2.8438400000031034	0.6026803409997818
2.8438500000031035	0.6026538317450274
2.8438600000031036	0.602627323284174
2.8438700000031036	0.6026008156203331
2.8438800000031037	0.6025743087566168
2.8438900000031038	0.602547802696138
2.843900000003104	0.6025212974420096
2.843910000003104	0.6024947929973459
2.843920000003104	0.6024682893652603
2.843930000003104	0.6024417865488656
2.843940000003104	0.6024152845512746
2.843950000003104	0.6023887833755972
2.8439600000031042	0.6023622830249431
2.8439700000031043	0.6023357835024192
2.8439800000031044	0.6023092848111309
2.8439900000031044	0.60228278695418
2.8440000000031045	0.6022562899346668
2.8440100000031046	0.6022297937556869
2.8440200000031046	0.6022032984203325
2.8440300000031047	0.6021768039316938
2.8440400000031048	0.6021503102928584
2.844050000003105	0.602123817506905
2.844060000003105	0.602097325576911
2.844070000003105	0.6020708345059491
2.844080000003105	0.6020443442970832
2.844090000003105	0.6020178549533843
2.844100000003105	0.601991366477914
2.844110000003105	0.6019648788737297
2.8441200000031053	0.6019383921438859
2.8441300000031053	0.601911906291434
2.8441400000031054	0.601885421319421
2.8441500000031055	0.6018589372308921
2.8441600000031055	0.6018324540288893
2.8441700000031056	0.6018059717164522
2.8441800000031057	0.6017794902966193
2.8441900000031057	0.6017530097724263
2.844200000003106	0.6017265301469075
2.844210000003106	0.6017000514230958
2.844220000003106	0.6016735736037501
2.844230000003106	0.601647096692211
2.844240000003106	0.6016206206914732
2.844250000003106	0.6015941456045653
2.844260000003106	0.6015676714345144
2.8442700000031063	0.6015411981843481
2.8442800000031063	0.6015147258570921
2.8442900000031064	0.6014882544557703
2.8443000000031065	0.601461783983406
2.8443100000031065	0.6014353144430203
2.8443200000031066	0.6014088458376333
2.8443300000031067	0.6013823781702623
2.8443400000031067	0.6013559114439229
2.844350000003107	0.6013294456616289
2.844360000003107	0.6013029808263904
2.844370000003107	0.6012765169412146
2.844380000003107	0.6012500540091066
2.844390000003107	0.6012235920327001
2.844400000003107	0.6011971310154132
2.844410000003107	0.601170670960221
2.8444200000031072	0.6011442118701128
2.8444300000031073	0.6011177537480761
2.8444400000031074	0.6010912965970923
2.8444500000031074	0.6010648404201416
2.8444600000031075	0.601038385220197
2.8444700000031076	0.6010119310002281
2.8444800000031076	0.6009854777632014
2.8444900000031077	0.6009590255120759
2.8445000000031078	0.6009325742499219
2.844510000003108	0.6009061239795489
2.844520000003108	0.6008796747039349
2.844530000003108	0.6008532264260222
2.844540000003108	0.600826779148751
2.844550000003108	0.6008003328750567
2.844560000003108	0.6007738876078715
2.8445700000031082	0.6007474433501242
2.8445800000031083	0.60072100010474
2.8445900000031084	0.6006945578746402
2.8446000000031084	0.6006681166627434
2.8446100000031085	0.6006416764719654
2.8446200000031086	0.6006152373052202
2.8446300000031086	0.6005887991654172
2.8446400000031087	0.6005623620554632
2.8446500000031087	0.6005359259782626
2.844660000003109	0.6005094909367154
2.844670000003109	0.6004830569337187
2.844680000003109	0.6004566239721673
2.844690000003109	0.6004301920551448
2.844700000003109	0.6004037611854042
2.844710000003109	0.6003773313657637
2.844720000003109	0.600350902599107
2.8447300000031093	0.600324474888309
2.8447400000031093	0.6002980482362404
2.8447500000031094	0.6002716226457747
2.8447600000031095	0.6002451981197705
2.8447700000031095	0.6002187746610886
2.8447800000031096	0.6001923522725855
2.8447900000031097	0.6001659309571115
2.8448000000031097	0.6001395107175139
2.84481000000311	0.6001130915566392
2.84482000000311	0.6000866734773231
2.84483000000311	0.6000602564823991
2.84484000000311	0.6000338405746983
2.84485000000311	0.6000074257570458
2.84486000000311	0.5999810120322625
2.84487000000311	0.5999545994031658
2.8448800000031103	0.5999281878725684
2.8448900000031103	0.5999017774432784
2.8449000000031104	0.5998753681180952
2.8449100000031105	0.5998489598998209
2.8449200000031105	0.5998225527912538
2.8449300000031106	0.5997961467951857
2.8449400000031106	0.5997697419144036
2.8449500000031107	0.5997433381516906
2.844960000003111	0.599716935509826
2.844970000003111	0.5996905339915833
2.844980000003111	0.5996641335997335
2.844990000003111	0.5996377343370417
2.845000000003111	0.5996113362062699
2.845010000003111	0.599584939210175
2.845020000003111	0.5995585433515086
2.8450300000031112	0.5995321486330188
2.8450400000031113	0.5995057550574483
2.8450500000031114	0.5994793626275351
2.8450600000031114	0.5994529713460135
2.8450700000031115	0.5994265812156111
2.8450800000031116	0.5994001922390515
2.8450900000031116	0.5993738044190525
2.8451000000031117	0.5993474177583278
2.8451100000031118	0.5993210322595867
2.845120000003112	0.5992946479255316
2.845130000003112	0.5992682647588613
2.845140000003112	0.5992418827622689
2.845150000003112	0.5992155019384421
2.845160000003112	0.5991891222900648
2.845170000003112	0.5991627438198154
2.845180000003112	0.5991363665303654
2.8451900000031123	0.599109990424385
2.8452000000031124	0.5990836155045376
2.8452100000031124	0.5990572417734824
2.8452200000031125	0.5990308692338742
2.8452300000031125	0.5990044978883626
2.8452400000031126	0.5989781277395939
2.8452500000031127	0.5989517587902083
2.8452600000031127	0.5989253910428434
2.845270000003113	0.5988990245001293
2.845280000003113	0.5988726591646967
2.845290000003113	0.5988462950391683
2.845300000003113	0.5988199321261634
2.845310000003113	0.5987935704282964
2.845320000003113	0.5987672099481806
2.845330000003113	0.598740850688422
2.8453400000031133	0.5987144926523716
2.8453500000031133	0.5986881358420615
2.8453600000031134	0.5986617802599314
2.8453700000031135	0.5986354259085706
2.8453800000031135	0.5986090727905624
2.8453900000031136	0.5985827209084841
2.8454000000031137	0.5985563702649065
2.8454100000031137	0.5985300208623968
2.845420000003114	0.5985036727035156
2.845430000003114	0.5984773257908171
2.845440000003114	0.5984509801268512
2.845450000003114	0.59842463571416
2.845460000003114	0.5983982925552819
2.845470000003114	0.5983719506527493
2.845480000003114	0.5983456100090874
2.8454900000031143	0.5983192706268176
2.8455000000031143	0.5982929325084545
2.8455100000031144	0.5982665956565086
2.8455200000031144	0.5982402600734832
2.8455300000031145	0.5982139257618764
2.8455400000031146	0.598187592724183
2.8455500000031146	0.5981612609628909
2.8455600000031147	0.5981349304804833
2.8455700000031148	0.5981086012794377
2.845580000003115	0.5980822733622274
2.845590000003115	0.5980559467313201
2.845600000003115	0.5980296213891791
2.845610000003115	0.5980032973382619
2.845620000003115	0.5979769745810141
2.845630000003115	0.5979506531198922
2.8456400000031152	0.5979243329573408
2.8456500000031153	0.5978980140957989
2.8456600000031154	0.5978716965377004
2.8456700000031154	0.5978453802854763
2.8456800000031155	0.5978190653415517
2.8456900000031156	0.597792751708347
2.8457000000031156	0.5977664393882784
2.8457100000031157	0.5977401283837575
2.8457200000031158	0.597713818697191
2.845730000003116	0.5976875103309802
2.845740000003116	0.5976612032876294
2.845750000003116	0.5976348975694172
2.845760000003116	0.5976085931787357
2.845770000003116	0.5975822901179678
2.845780000003116	0.5975559883894912
2.845790000003116	0.5975296879956777
2.8458000000031163	0.5975033889388935
2.8458100000031163	0.5974770912215005
2.8458200000031164	0.5974507948458538
2.8458300000031165	0.5974244998143062
2.8458400000031165	0.5973982061292
2.8458500000031166	0.5973719137928741
2.8458600000031167	0.5973456228076625
2.8458700000031167	0.5973193331758926
2.845880000003117	0.5972930448998867
2.845890000003117	0.59726675798196
2.845900000003117	0.5972404724244227
2.845910000003117	0.5972141882295796
2.845920000003117	0.5971879053997273
2.845930000003117	0.597161623937158
2.845940000003117	0.5971353438441571
2.8459500000031173	0.597109065123005
2.8459600000031173	0.5970827877759759
2.8459700000031174	0.5970565118053379
2.8459800000031175	0.5970302372133538
2.8459900000031175	0.5970039640022807
2.8460000000031176	0.5969776921743688
2.8460100000031177	0.5969514217318643
2.8460200000031177	0.5969251526751971
2.846030000003118	0.5968988850080708
2.846040000003118	0.59687261873306
2.846050000003118	0.596846353852386
2.846060000003118	0.5968200903682708
2.846070000003118	0.5967938282829318
2.846080000003118	0.5967675675985833
2.846090000003118	0.5967413083174352
2.8461000000031182	0.5967150504416939
2.8461100000031183	0.5966887939735599
2.8461200000031184	0.5966625389152308
2.8461300000031184	0.5966362852688986
2.8461400000031185	0.5966100330367506
2.8461500000031186	0.5965837822209697
2.8461600000031186	0.5965575328237339
2.8461700000031187	0.5965312848472164
2.8461800000031188	0.5965050382935854
2.846190000003119	0.5964787931650024
2.846200000003119	0.5964525494636241
2.846210000003119	0.596426307191602
2.846220000003119	0.5964000663510811
2.846230000003119	0.5963738269442017
2.846240000003119	0.5963475889730964
2.8462500000031192	0.5963213524398936
2.8462600000031193	0.5962951173467143
2.8462700000031194	0.5962688836956742
2.8462800000031194	0.5962426514888822
2.8462900000031195	0.5962164207288867
2.8463000000031196	0.596190191417334
2.8463100000031196	0.5961639635562784
2.8463200000031197	0.5961377371478038
2.8463300000031198	0.5961115121939886
2.84634000000312	0.5960852886969056
2.84635000000312	0.5960590666586227
2.84636000000312	0.5960328460812024
2.84637000000312	0.5960066269667009
2.84638000000312	0.5959804093171713
2.84639000000312	0.5959541931346607
2.84640000000312	0.5959279784212118
2.8464100000031203	0.5959017651788621
2.8464200000031203	0.5958755534096444
2.8464300000031204	0.595849343115587
2.8464400000031205	0.5958231342987141
2.8464500000031205	0.5957969269610437
2.8464600000031206	0.5957707211045918
2.8464700000031207	0.595744516731367
2.8464800000031207	0.5957183138433743
2.846490000003121	0.5956921124426141
2.846500000003121	0.5956659125310813
2.846510000003121	0.5956397141107672
2.846520000003121	0.5956135171836566
2.846530000003121	0.5955873217517311
2.846540000003121	0.5955611278169659
2.846550000003121	0.595534935381331
2.8465600000031213	0.5955087444467918
2.8465700000031213	0.5954825550153081
2.8465800000031214	0.5954563670888352
2.8465900000031215	0.595430180669321
2.8466000000031215	0.5954039957587098
2.8466100000031216	0.595377812358939
2.8466200000031217	0.5953516304719417
2.8466300000031217	0.5953254500996455
2.846640000003122	0.5952992712439713
2.846650000003122	0.595273093906835
2.846660000003122	0.5952469180901478
2.846670000003122	0.5952207437958106
2.846680000003122	0.5951945710257254
2.846690000003122	0.5951683997817867
2.846700000003122	0.5951422300658827
2.8467100000031222	0.595116061879897
2.8467200000031223	0.5950898952257085
2.8467300000031224	0.5950637301051884
2.8467400000031224	0.5950375665202052
2.8467500000031225	0.5950114044726221
2.8467600000031226	0.5949852439642966
2.8467700000031226	0.5949590849970827
2.8467800000031227	0.5949329275728281
2.8467900000031228	0.5949067716933779
2.846800000003123	0.594880617360573
2.846810000003123	0.5948544645762472
2.846820000003123	0.5948283133422309
2.846830000003123	0.5948021636603488
2.846840000003123	0.5947760155324029
2.846850000003123	0.5947498689602321
2.8468600000031232	0.5947237239456493
2.8468700000031233	0.5946975804904613
2.8468800000031234	0.5946714385964732
2.8468900000031234	0.5946452982654802
2.8469000000031235	0.5946191594992802
2.8469100000031236	0.5945930222996694
2.8469200000031236	0.5945668866684252
2.8469300000031237	0.5945407526073312
2.8469400000031237	0.5945146201181639
2.846950000003124	0.5944884892026949
2.846960000003124	0.5944623598627059
2.846970000003124	0.5944362320999422
2.846980000003124	0.5944101059161596
2.846990000003124	0.5943839813131091
2.847000000003124	0.5943578582925358
2.847010000003124	0.5943317368561807
2.8470200000031243	0.5943056170057782
2.8470300000031243	0.5942794987430587
2.8470400000031244	0.5942533820697464
2.8470500000031245	0.5942272669875606
2.8470600000031245	0.5942011534982143
2.8470700000031246	0.5941750416034168
2.8470800000031247	0.5941489313048708
2.8470900000031247	0.594122822604257
2.847100000003125	0.5940967155032889
2.847110000003125	0.5940706100036536
2.847120000003125	0.594044506107032
2.847130000003125	0.5940184038151032
2.847140000003125	0.593992303129538
2.847150000003125	0.5939662040520072
2.847160000003125	0.5939401065841755
2.8471700000031253	0.5939140107277029
2.8471800000031253	0.5938879164842443
2.8471900000031254	0.5938618238554512
2.8472000000031255	0.5938357328428896
2.8472100000031255	0.5938096434483143
2.8472200000031256	0.5937835556733131
2.8472300000031256	0.593757469519519
2.8472400000031257	0.593731384988562
2.847250000003126	0.593705302082068
2.847260000003126	0.5936792208016591
2.847270000003126	0.5936531411489542
2.847280000003126	0.5936270631255697
2.847290000003126	0.59360098673312
2.847300000003126	0.5935749119732117
2.847310000003126	0.5935488388474491
2.8473200000031262	0.5935227673574347
2.8473300000031263	0.5934966975047661
2.8473400000031264	0.5934706292910366
2.8473500000031264	0.5934445627178354
2.8473600000031265	0.5934184977867479
2.8473700000031266	0.5933924344993549
2.8473800000031266	0.5933663728572319
2.8473900000031267	0.59334031286195
2.8474000000031268	0.5933142545150759
2.847410000003127	0.5932881978181708
2.847420000003127	0.593262142772791
2.847430000003127	0.5932360893804878
2.847440000003127	0.5932100376428063
2.847450000003127	0.5931839875612884
2.847460000003127	0.5931579391374672
2.847470000003127	0.5931318923728736
2.8474800000031273	0.5931058472690333
2.8474900000031274	0.593079803827465
2.8475000000031274	0.593053762049684
2.8475100000031275	0.5930277219372001
2.8475200000031275	0.5930016834919701
2.8475300000031276	0.5929756467150057
2.8475400000031277	0.5929496116078243
2.8475500000031277	0.5929235781719187
2.847560000003128	0.5928975464087756
2.847570000003128	0.5928715163198787
2.847580000003128	0.5928454879067064
2.847590000003128	0.5928194611707348
2.847600000003128	0.5927934361134358
2.847610000003128	0.5927674127362776
2.847620000003128	0.5927413910407274
2.8476300000031283	0.5927153710282475
2.8476400000031283	0.5926893527002988
2.8476500000031284	0.5926633360583378
2.8476600000031285	0.5926373211038276
2.8476700000031285	0.5926113078382107
2.8476800000031286	0.5925852962629352
2.8476900000031287	0.592559286379448
2.8477000000031287	0.5925332781891912
2.847710000003129	0.5925072716936048
2.847720000003129	0.592481266894126
2.847730000003129	0.5924552637921866
2.847740000003129	0.5924292623892173
2.847750000003129	0.5924032626866435
2.847760000003129	0.5923772646858866
2.847770000003129	0.5923512683883644
2.8477800000031293	0.592325273795491
2.8477900000031293	0.5922992809086752
2.8478000000031294	0.5922732897293226
2.8478100000031294	0.5922473002588324
2.8478200000031295	0.5922213124986004
2.8478300000031296	0.5921953264500162
2.8478400000031296	0.5921693421144659
2.8478500000031297	0.5921433594933311
2.8478600000031298	0.5921173785879866
2.84787000000313	0.592091399399803
2.84788000000313	0.5920654219301472
2.84789000000313	0.5920394461803798
2.84790000000313	0.5920134721518586
2.84791000000313	0.5919874998459349
2.84792000000313	0.5919615292642135
2.8479300000031302	0.591935560407773
2.8479400000031303	0.5919095932779478
2.8479500000031304	0.5918836278760753
2.8479600000031304	0.5918576642034883
2.8479700000031305	0.5918317022615158
2.8479800000031306	0.591805742051484
2.8479900000031306	0.5917797835747161
2.8480000000031307	0.5917538268325327
2.8480100000031308	0.5917278718262513
2.848020000003131	0.5917019185571871
2.848030000003131	0.5916759670266526
2.848040000003131	0.5916500172359572
2.848050000003131	0.5916240691864093
2.848060000003131	0.5915981228793139
2.848070000003131	0.5915721783159751
2.848080000003131	0.591546235497683
2.8480900000031313	0.59152029442575
2.8481000000031313	0.5914943551014671
2.8481100000031314	0.5914684175261303
2.8481200000031315	0.5914424817010482
2.8481300000031315	0.5914165476274981
2.8481400000031316	0.5913906153067581
2.8481500000031317	0.5913646847401092
2.8481600000031317	0.5913387559288285
2.848170000003132	0.5913128288741901
2.848180000003132	0.5912869035774875
2.848190000003132	0.5912609800399324
2.848200000003132	0.5912350582621738
2.848210000003132	0.5912091382464392
2.848220000003132	0.591183219993927
2.848230000003132	0.5911573035058919
2.8482400000031323	0.5911313887835804
2.8482500000031323	0.5911054758282315
2.8482600000031324	0.5910795646410754
2.8482700000031325	0.5910536552233348
2.8482800000031325	0.5910277475762236
2.8482900000031326	0.5910018417009487
2.8483000000031327	0.5909759375987104
2.8483100000031327	0.5909500352707007
2.848320000003133	0.5909241347186893
2.848330000003133	0.5908982359426563
2.848340000003133	0.590872338944145
2.848350000003133	0.5908464437243173
2.848360000003133	0.5908205502843424
2.848370000003133	0.590794658625393
2.848380000003133	0.5907687687486436
2.8483900000031332	0.590742880655272
2.8484000000031333	0.5907169943464597
2.8484100000031334	0.5906911098233916
2.8484200000031334	0.5906652270872569
2.8484300000031335	0.5906393461392474
2.8484400000031336	0.5906134669805565
2.8484500000031336	0.5905875896123832
2.8484600000031337	0.5905617140359274
2.8484700000031338	0.59053584025239
2.848480000003134	0.5905099682629755
2.848490000003134	0.5904840980688854
2.848500000003134	0.5904582296713231
2.848510000003134	0.5904323630714905
2.848520000003134	0.590406498270586
2.848530000003134	0.5903806352698072
2.8485400000031342	0.5903547740703459
2.8485500000031343	0.5903289146733901
2.8485600000031344	0.5903030570801235
2.8485700000031344	0.5902772012917242
2.8485800000031345	0.5902513473093614
2.8485900000031346	0.5902254951341971
2.8486000000031346	0.5901996447673888
2.8486100000031347	0.590173796210085
2.8486200000031348	0.5901479494634271
2.848630000003135	0.5901221045285465
2.848640000003135	0.5900962614065675
2.848650000003135	0.590070420098609
2.848660000003135	0.5900445806057784
2.848670000003135	0.5900187429291783
2.848680000003135	0.5899929070699029
2.848690000003135	0.5899670730290406
2.8487000000031353	0.5899412408076737
2.8487100000031353	0.5899154104068796
2.8487200000031354	0.5898895818277317
2.8487300000031355	0.589863755071297
2.8487400000031355	0.589837930138642
2.8487500000031356	0.589812107030827
2.8487600000031357	0.5897862857489123
2.8487700000031357	0.5897604662939561
2.848780000003136	0.5897346486670162
2.848790000003136	0.589708832869151
2.848800000003136	0.5896830189014153
2.848810000003136	0.5896572067648672
2.848820000003136	0.5896313964605645
2.848830000003136	0.5896055879895655
2.848840000003136	0.5895797813529287
2.8488500000031363	0.5895539765517168
2.8488600000031363	0.5895281735869854
2.8488700000031364	0.5895023724598122
2.8488800000031365	0.5894765731712577
2.8488900000031365	0.5894507757223882
2.8489000000031366	0.5894249801142714
2.8489100000031367	0.5893991863479714
2.8489200000031367	0.5893733944245574
2.848930000003137	0.5893476043450949
2.848940000003137	0.5893218161106603
2.848950000003137	0.5892960297223119
2.848960000003137	0.5892702451811128
2.848970000003137	0.5892444624881256
2.848980000003137	0.5892186816444099
2.848990000003137	0.5891929026510221
2.8490000000031372	0.5891671255090157
2.8490100000031373	0.5891413502194442
2.8490200000031374	0.5891155767833521
2.8490300000031374	0.5890898052017844
2.8490400000031375	0.5890640354757818
2.8490500000031376	0.5890382676063771
2.8490600000031376	0.5890125015945994
2.8490700000031377	0.5889867374414717
2.8490800000031378	0.5889609751480162
2.849090000003138	0.5889352147152469
2.849100000003138	0.5889094561441733
2.849110000003138	0.5888836994358007
2.849120000003138	0.5888579445911275
2.849130000003138	0.5888321916111471
2.849140000003138	0.5888064404968513
2.8491500000031382	0.5887806912492248
2.8491600000031383	0.588754943869249
2.8491700000031384	0.5887291983578986
2.8491800000031384	0.5887034547161475
2.8491900000031385	0.5886777129449668
2.8492000000031386	0.5886519730453229
2.8492100000031386	0.5886262350181805
2.8492200000031387	0.5886004988644964
2.8492300000031388	0.5885747645852302
2.849240000003139	0.5885490321813389
2.849250000003139	0.5885233016537771
2.849260000003139	0.5884975730034981
2.849270000003139	0.5884718462314575
2.849280000003139	0.5884461213386046
2.849290000003139	0.5884203983258929
2.849300000003139	0.5883946771942716
2.8493100000031393	0.5883689579446951
2.8493200000031393	0.5883432405781144
2.8493300000031394	0.588317525095482
2.8493400000031395	0.5882918114977493
2.8493500000031395	0.5882660997858783
2.8493600000031396	0.5882403899608181
2.8493700000031397	0.5882146820235208
2.8493800000031397	0.5881889759749436
2.84939000000314	0.5881632718160443
2.84940000000314	0.5881375695477747
2.84941000000314	0.5881118691710916
2.84942000000314	0.5880861706869509
2.84943000000314	0.5880604740963075
2.84944000000314	0.5880347794001165
2.84945000000314	0.5880090865993319
2.8494600000031403	0.587983395694904
2.8494700000031403	0.5879577066877847
2.8494800000031404	0.5879320195785764
2.8494900000031405	0.5879063343697593
2.8495000000031405	0.587880651060744
2.8495100000031406	0.5878549696528095
2.8495200000031407	0.5878292901470842
2.8495300000031407	0.5878036125445003
2.849540000003141	0.5877779368459835
2.849550000003141	0.5877522630524501
2.849560000003141	0.587726591164811
2.849570000003141	0.5877009211839688
2.849580000003141	0.5876752531108235
2.849590000003141	0.5876495869462657
2.849600000003141	0.5876239226911812
2.8496100000031412	0.5875982603464521
2.8496200000031413	0.5875725999129542
2.8496300000031414	0.5875469413915596
2.8496400000031414	0.5875212847831363
2.8496500000031415	0.5874956300885508
2.8496600000031416	0.5874699773086651
2.8496700000031416	0.5874443264443399
2.8496800000031417	0.5874186774964358
2.8496900000031418	0.5873930304658099
2.849700000003142	0.5873673853533177
2.849710000003142	0.5873417421598194
2.849720000003142	0.5873161008861743
2.849730000003142	0.5872904615332409
2.849740000003142	0.5872648241018815
2.849750000003142	0.5872391885929557
2.8497600000031422	0.5872135550073256
2.8497700000031423	0.587187923345856
2.8497800000031424	0.5871622936094125
2.8497900000031424	0.5871366657988754
2.8498000000031425	0.5871110399151024
2.8498100000031426	0.5870854159589636
2.8498200000031426	0.5870597939313302
2.8498300000031427	0.5870341738330762
2.8498400000031427	0.5870085556650757
2.849850000003143	0.5869829394282046
2.849860000003143	0.586957325123338
2.849870000003143	0.5869317127513529
2.849880000003143	0.586906102313126
2.849890000003143	0.5868804938095329
2.849900000003143	0.5868548872414489
2.849910000003143	0.5868292826097488
2.8499200000031433	0.5868036799153074
2.8499300000031433	0.5867780791589957
2.8499400000031434	0.5867524803416829
2.8499500000031435	0.5867268834642383
2.8499600000031435	0.5867012885275275
2.8499700000031436	0.5866756955324124
2.8499800000031437	0.5866501044797537
2.8499900000031437	0.5866245153704079
2.850000000003144	0.5865989282052282
2.850010000003144	0.5865733429850642
2.850020000003144	0.5865477597107611
2.850030000003144	0.5865221783831603
2.850040000003144	0.5864965990030991
2.850050000003144	0.5864710215714096
2.850060000003144	0.5864454460889205
2.8500700000031443	0.5864198725564549
2.8500800000031443	0.5863943009748325
2.8500900000031444	0.5863687313448682
2.8501000000031445	0.586343163667372
2.8501100000031445	0.5863175979431497
2.8501200000031446	0.5862920341730032
2.8501300000031446	0.5862664723577303
2.8501400000031447	0.5862409124981244
2.850150000003145	0.5862153545949758
2.850160000003145	0.5861897986490726
2.850170000003145	0.5861642446611994
2.850180000003145	0.586138692632138
2.850190000003145	0.5861131425626688
2.850200000003145	0.5860875944535704
2.850210000003145	0.5860620483056208
2.8502200000031452	0.5860365041195971
2.8502300000031453	0.5860109618962762
2.8502400000031454	0.5859854216364352
2.8502500000031454	0.5859598833408528
2.8502600000031455	0.5859343470103116
2.8502700000031456	0.5859088126455879
2.8502800000031456	0.5858832802474659
2.8502900000031457	0.5858577498167301
2.8503000000031458	0.5858322213541685
2.850310000003146	0.5858066948605697
2.850320000003146	0.5857811703367275
2.850330000003146	0.5857556477834356
2.850340000003146	0.5857301272014916
2.850350000003146	0.5857046085916952
2.850360000003146	0.5856790919548468
2.850370000003146	0.5856535772917495
2.8503800000031463	0.5856280646032073
2.8503900000031464	0.585602553890025
2.8504000000031464	0.5855770451530075
2.8504100000031465	0.5855515383929594
2.8504200000031465	0.5855260336106841
2.8504300000031466	0.5855005308069829
2.8504400000031467	0.5854750299826533
2.8504500000031467	0.585449531138494
2.850460000003147	0.5854240342752982
2.850470000003147	0.5853985393938551
2.850480000003147	0.5853730464949489
2.850490000003147	0.5853475555793586
2.850500000003147	0.5853220666478577
2.850510000003147	0.5852965797012138
2.850520000003147	0.5852710947401888
2.8505300000031473	0.5852456117655375
2.8505400000031473	0.5852201307780094
2.8505500000031474	0.5851946517783488
2.8505600000031475	0.5851691747672815
2.8505700000031475	0.5851436997455424
2.8505800000031476	0.5851182267138577
2.8505900000031477	0.5850927556729479
2.8506000000031477	0.5850672866235288
2.850610000003148	0.5850418195663137
2.850620000003148	0.5850163545020121
2.850630000003148	0.5849908914313312
2.850640000003148	0.5849654303549757
2.850650000003148	0.5849399712736505
2.850660000003148	0.5849145141880604
2.850670000003148	0.5848890590989095
2.8506800000031483	0.5848636060069031
2.8506900000031483	0.5848381549127485
2.8507000000031484	0.5848127058171547
2.8507100000031484	0.5847872587208344
2.8507200000031485	0.5847618136245014
2.8507300000031486	0.584736370528875
2.8507400000031486	0.5847109294346764
2.8507500000031487	0.5846854903426316
2.8507600000031488	0.5846600532534686
2.850770000003149	0.5846346181679197
2.850780000003149	0.5846091850867198
2.850790000003149	0.5845837540106061
2.850800000003149	0.584558324940319
2.850810000003149	0.5845328978765998
2.850820000003149	0.5845074728201919
2.8508300000031492	0.5844820497718386
2.8508400000031493	0.5844566287322833
2.8508500000031494	0.584431209702269
2.8508600000031494	0.5844057926825371
2.8508700000031495	0.5843803776738268
2.8508800000031496	0.5843549646768752
2.8508900000031496	0.5843295536924155
2.8509000000031497	0.5843041447211763
2.8509100000031498	0.5842787377638833
2.85092000000315	0.584253332821257
2.85093000000315	0.5842279298940115
2.85094000000315	0.5842025289828563
2.85095000000315	0.5841771300884968
2.85096000000315	0.5841517332116287
2.85097000000315	0.584126338352946
2.85098000000315	0.5841009455131352
2.8509900000031503	0.584075554692877
2.8510000000031503	0.5840501658928463
2.8510100000031504	0.5840247791137144
2.8510200000031505	0.5839993943561455
2.8510300000031505	0.5839740116208019
2.8510400000031506	0.5839486309083411
2.8510500000031507	0.5839232522194179
2.8510600000031507	0.5838978755546842
2.851070000003151	0.5838725009147884
2.851080000003151	0.5838471283003781
2.851090000003151	0.5838217577121007
2.851100000003151	0.5837963891506008
2.851110000003151	0.5837710226165238
2.851120000003151	0.5837456581105152
2.851130000003151	0.5837202956332205
2.8511400000031513	0.5836949351852876
2.8511500000031513	0.5836695767673643
2.8511600000031514	0.5836442203800997
2.8511700000031515	0.5836188660241457
2.8511800000031515	0.5835935137001549
2.8511900000031516	0.5835681634087813
2.8512000000031517	0.583542815150682
2.8512100000031517	0.5835174689265145
2.851220000003152	0.5834921247369386
2.851230000003152	0.583466782582615
2.851240000003152	0.5834414424642055
2.851250000003152	0.5834161043823735
2.851260000003152	0.5833907683377823
2.851270000003152	0.5833654343310956
2.851280000003152	0.5833401023629765
2.8512900000031522	0.5833147724340897
2.8513000000031523	0.5832894445450991
2.8513100000031524	0.5832641186966678
2.8513200000031524	0.583238794889454
2.8513300000031525	0.583213473124117
2.8513400000031526	0.5831881534013146
2.8513500000031526	0.5831628357216995
2.8513600000031527	0.5831375200859239
2.8513700000031528	0.5831122064946372
2.851380000003153	0.5830868949484852
2.851390000003153	0.5830615854481103
2.851400000003153	0.5830362779941509
2.851410000003153	0.5830109725872432
2.851420000003153	0.5829856692280163
2.851430000003153	0.5829603679170999
2.8514400000031532	0.5829350686551151
2.8514500000031533	0.5829097714426839
2.8514600000031534	0.5828844762804211
2.8514700000031534	0.5828591831689386
2.8514800000031535	0.5828338921088447
2.8514900000031536	0.5828086031007439
2.8515000000031536	0.5827833161452373
2.8515100000031537	0.5827580312429231
2.8515200000031538	0.5827327483943947
2.851530000003154	0.5827074676002401
2.851540000003154	0.5826821888610509
2.851550000003154	0.582656912177414
2.851560000003154	0.5826316375499127
2.851570000003154	0.5826063649791251
2.851580000003154	0.5825810944656267
2.851590000003154	0.5825558260100013
2.8516000000031543	0.582530559612828
2.8516100000031543	0.5825052952746651
2.8516200000031544	0.5824800329961048
2.8516300000031545	0.582454772777723
2.8516400000031545	0.5824295146200956
2.8516500000031546	0.5824042585237985
2.8516600000031547	0.5823790044894068
2.8516700000031547	0.5823537525174978
2.851680000003155	0.5823285026086484
2.851690000003155	0.5823032547634373
2.851700000003155	0.5822780089824428
2.851710000003155	0.5822527652662448
2.851720000003155	0.5822275236154227
2.851730000003155	0.5822022840305587
2.851740000003155	0.5821770465122329
2.8517500000031553	0.5821518110610275
2.8517600000031553	0.582126577677524
2.8517700000031554	0.582101346362304
2.8517800000031555	0.5820761171159489
2.8517900000031555	0.5820508899390392
2.8518000000031556	0.5820256648321547
2.8518100000031557	0.5820004417958732
2.8518200000031557	0.5819752208307716
2.851830000003156	0.581950001937424
2.851840000003156	0.5819247851164031
2.851850000003156	0.5818995703682779
2.851860000003156	0.5818743576936146
2.851870000003156	0.5818491470929764
2.851880000003156	0.5818239385669233
2.851890000003156	0.5817987321160096
2.8519000000031562	0.581773527740786
2.8519100000031563	0.5817483254418012
2.8519200000031564	0.5817231252195981
2.8519300000031564	0.5816979270747149
2.8519400000031565	0.5816727310076841
2.8519500000031566	0.5816475370190364
2.8519600000031566	0.5816223451092963
2.8519700000031567	0.5815971552789849
2.8519800000031568	0.5815719675286177
2.851990000003157	0.5815467818587075
2.852000000003157	0.581521598269762
2.852010000003157	0.5814964167622865
2.852020000003157	0.581471237336783
2.852030000003157	0.581446059993749
2.852040000003157	0.5814208847336808
2.8520500000031572	0.5813957115570716
2.8520600000031573	0.5813705404644127
2.8520700000031574	0.5813453714561935
2.8520800000031574	0.5813202045329019
2.8520900000031575	0.5812950396950253
2.8521000000031576	0.5812698769430503
2.8521100000031576	0.5812447162774621
2.8521200000031577	0.5812195576987452
2.8521300000031578	0.5811944012073855
2.852140000003158	0.5811692468038676
2.852150000003158	0.5811440944886771
2.852160000003158	0.581118944262299
2.852170000003158	0.5810937961252195
2.852180000003158	0.5810686500779242
2.852190000003158	0.5810435061208996
2.852200000003158	0.581018364254632
2.8522100000031583	0.5809932244796082
2.8522200000031583	0.5809680867963143
2.8522300000031584	0.5809429512052362
2.8522400000031585	0.5809178177068607
2.8522500000031585	0.5808926863016716
2.8522600000031586	0.5808675569901532
2.8522700000031587	0.5808424297727882
2.8522800000031587	0.5808173046500583
2.852290000003159	0.5807921816224411
2.852300000003159	0.5807670606904148
2.852310000003159	0.580741941854455
2.852320000003159	0.5807168251150469
2.852330000003159	0.5806917104726479
2.852340000003159	0.5806665979277197
2.852350000003159	0.5806414874807236
2.8523600000031593	0.5806163791321125
2.8523700000031593	0.5805912728823485
2.8523800000031594	0.5805661687318829
2.8523900000031595	0.5805410666811621
2.8524000000031595	0.580515966730628
2.8524100000031596	0.5804908688807182
2.8524200000031597	0.5804657731318646
2.8524300000031597	0.5804406794844956
2.85244000000316	0.5804155879390339
2.85245000000316	0.5803904984958985
2.85246000000316	0.5803654111555038
2.85247000000316	0.5803403259182598
2.85248000000316	0.5803152427845714
2.85249000000316	0.5802901617548414
2.85250000000316	0.5802650828294659
2.8525100000031602	0.5802400060088402
2.8525200000031603	0.5802149312933547
2.8525300000031604	0.5801898586833971
2.8525400000031604	0.5801647881793516
2.8525500000031605	0.5801397197816003
2.8525600000031606	0.5801146534905235
2.8525700000031606	0.5800895893064983
2.8525800000031607	0.5800645272299011
2.8525900000031608	0.5800394672611063
2.852600000003161	0.5800144094004872
2.852610000003161	0.5799893536484156
2.852620000003161	0.5799643000052634
2.852630000003161	0.5799392484714011
2.852640000003161	0.5799141990472028
2.852650000003161	0.5798891517330345
2.8526600000031612	0.5798641065292661
2.8526700000031613	0.5798390634362658
2.8526800000031614	0.5798140224544032
2.8526900000031614	0.5797889835840452
2.8527000000031615	0.5797639468255656
2.8527100000031616	0.5797389121793258
2.8527200000031616	0.5797138796456908
2.8527300000031617	0.5796888492250255
2.8527400000031617	0.5796638209176926
2.852750000003162	0.5796387947240546
2.852760000003162	0.5796137706444705
2.852770000003162	0.5795887486792979
2.852780000003162	0.5795637288288907
2.852790000003162	0.5795387110936007
2.852800000003162	0.5795136954737764
2.852810000003162	0.5794886819697621
2.8528200000031623	0.5794636705818985
2.8528300000031623	0.579438661310521
2.8528400000031624	0.5794136541559605
2.8528500000031625	0.5793886491185444
2.8528600000031625	0.5793636461985937
2.8528700000031626	0.5793386453964232
2.8528800000031627	0.5793136467123451
2.8528900000031627	0.5792886501466639
2.852900000003163	0.5792636556996787
2.852910000003163	0.5792386633716836
2.852920000003163	0.579213673162966
2.852930000003163	0.579188685073809
2.852940000003163	0.5791636991044894
2.852950000003163	0.5791387152552789
2.852960000003163	0.5791137335264452
2.8529700000031633	0.5790887539182505
2.8529800000031633	0.579063776430953
2.8529900000031634	0.579038801064807
2.8530000000031634	0.5790138278200627
2.8530100000031635	0.5789888566969668
2.8530200000031636	0.5789638876957628
2.8530300000031636	0.5789389208166924
2.8530400000031637	0.5789139560599939
2.8530500000031638	0.578888993425904
2.853060000003164	0.5788640329146568
2.853070000003164	0.5788390745264855
2.853080000003164	0.5788141182616222
2.853090000003164	0.5787891641202976
2.853100000003164	0.5787642121027399
2.853110000003164	0.5787392622091796
2.8531200000031642	0.578714314439842
2.8531300000031643	0.5786893687949553
2.8531400000031644	0.5786644252747443
2.8531500000031644	0.5786394838794326
2.8531600000031645	0.5786145446092437
2.8531700000031646	0.5785896074643987
2.8531800000031646	0.5785646724451181
2.8531900000031647	0.5785397395516182
2.8532000000031648	0.5785148087841157
2.853210000003165	0.5784898801428232
2.853220000003165	0.5784649536279495
2.853230000003165	0.5784400292397022
2.853240000003165	0.5784151069782868
2.853250000003165	0.5783901868438998
2.853260000003165	0.5783652688367352
2.853270000003165	0.5783403529569832
2.8532800000031653	0.5783154392048282
2.8532900000031653	0.5782905275804503
2.8533000000031654	0.5782656180840244
2.8533100000031655	0.5782407107157195
2.8533200000031655	0.5782158054756986
2.8533300000031656	0.5781909023641192
2.8533400000031657	0.5781660013811324
2.8533500000031657	0.5781411025268838
2.853360000003166	0.5781162058015105
2.853370000003166	0.5780913112051477
2.853380000003166	0.578066418737922
2.853390000003166	0.5780415283999553
2.853400000003166	0.5780166401913623
2.853410000003166	0.5779917541122537
2.853420000003166	0.5779668701627337
2.8534300000031663	0.5779419883429028
2.8534400000031663	0.577917108652855
2.8534500000031664	0.5778922310926804
2.8534600000031665	0.5778673556624652
2.8534700000031665	0.5778424823622899
2.8534800000031666	0.5778176111922334
2.8534900000031667	0.5777927421523683
2.8535000000031667	0.5777678752427653
2.853510000003167	0.5777430104634916
2.853520000003167	0.5777181478146115
2.853530000003167	0.5776932872961816
2.853540000003167	0.5776684289082642
2.853550000003167	0.5776435726509149
2.853560000003167	0.5776187185241869
2.853570000003167	0.5775938665281305
2.8535800000031672	0.5775690166627939
2.8535900000031673	0.577544168928222
2.8536000000031674	0.577519323324458
2.8536100000031674	0.5774944798515407
2.8536200000031675	0.5774696385095074
2.8536300000031676	0.5774447992983897
2.8536400000031676	0.5774199622182189
2.8536500000031677	0.5773951272690262
2.8536600000031678	0.5773702944508357
2.853670000003168	0.5773454637636677
2.853680000003168	0.5773206352075386
2.853690000003168	0.5772958087824602
2.853700000003168	0.5772709844884404
2.853710000003168	0.5772461623254828
2.853720000003168	0.5772213422935855
2.8537300000031682	0.5771965243927409
2.8537400000031683	0.5771717086229379
2.8537500000031684	0.5771468949841589
2.8537600000031684	0.5771220834763804
2.8537700000031685	0.5770972740995741
2.8537800000031686	0.5770724668537022
2.8537900000031686	0.5770476617387481
2.8538000000031687	0.577022858754704
2.8538100000031688	0.5769980579014857
2.853820000003169	0.5769732591790275
2.853830000003169	0.576948462587249
2.853840000003169	0.576923668126086
2.853850000003169	0.5768988757954604
2.853860000003169	0.5768740855952873
2.853870000003169	0.5768492975254746
2.853880000003169	0.5768245115859242
2.8538900000031693	0.5767997277765323
2.8539000000031693	0.5767749460971894
2.8539100000031694	0.5767501665477787
2.8539200000031695	0.5767253891281786
2.8539300000031695	0.5767006138382627
2.8539400000031696	0.5766758406778976
2.8539500000031697	0.5766510696469457
2.8539600000031697	0.5766263007452632
2.85397000000317	0.5766015339736597
2.85398000000317	0.5765767693310174
2.85399000000317	0.5765520068171254
2.85400000000317	0.576527246431827
2.85401000000317	0.5765024881749561
2.85402000000317	0.5764777320463411
2.85403000000317	0.5764529780458068
2.8540400000031703	0.5764282261731731
2.8540500000031703	0.5764034764282568
2.8540600000031704	0.5763787288108699
2.8540700000031705	0.5763539833208207
2.8540800000031705	0.5763292399579152
2.8540900000031706	0.576304498721955
2.8541000000031707	0.5762797596127386
2.8541100000031707	0.5762550226300602
2.854120000003171	0.5762302877737105
2.854130000003171	0.5762055550434773
2.854140000003171	0.5761808244391421
2.854150000003171	0.5761560959604839
2.854160000003171	0.5761313696072764
2.854170000003171	0.5761066453792877
2.854180000003171	0.5760819232762828
2.8541900000031712	0.5760572032980201
2.8542000000031713	0.576032485444252
2.8542100000031714	0.5760077697147257
2.8542200000031714	0.5759830561091818
2.8542300000031715	0.5759583446273546
2.8542400000031716	0.5759336352689712
2.8542500000031716	0.5759089280337519
2.8542600000031717	0.5758842229214092
2.8542700000031718	0.5758595199316486
2.854280000003172	0.5758348190641676
2.854290000003172	0.5758101203186562
2.854300000003172	0.5757854236947956
2.854310000003172	0.5757607291922603
2.854320000003172	0.5757360368107174
2.854330000003172	0.5757113465498219
2.8543400000031722	0.5756866584092231
2.8543500000031723	0.575661972388562
2.8543600000031724	0.5756372884874705
2.8543700000031724	0.575612606705572
2.8543800000031725	0.5755879270424868
2.8543900000031726	0.5755632494978256
2.8544000000031726	0.5755385740711916
2.8544100000031727	0.5755139007621818
2.8544200000031728	0.5754892295703852
2.854430000003173	0.5754645604953854
2.854440000003173	0.57543989353676
2.854450000003173	0.5754152286940795
2.854460000003173	0.5753905659669097
2.854470000003173	0.5753659053548106
2.854480000003173	0.5753412468573376
2.854490000003173	0.5753165904740404
2.8545000000031733	0.5752919362044643
2.8545100000031733	0.5752672840481489
2.8545200000031734	0.5752426340046306
2.8545300000031735	0.5752179860734402
2.8545400000031735	0.5751933402541036
2.8545500000031736	0.5751686965461436
2.8545600000031737	0.5751440549490776
2.8545700000031737	0.5751194154624188
2.854580000003174	0.5750947780856743
2.854590000003174	0.5750701428183475
2.854600000003174	0.5750455096599365
2.854610000003174	0.5750208786099336
2.854620000003174	0.574996249667826
2.854630000003174	0.5749716228330943
2.854640000003174	0.5749469981052139
2.8546500000031743	0.5749223754836527
2.8546600000031743	0.5748977549678723
2.8546700000031744	0.5748731365573285
2.8546800000031745	0.5748485202514692
2.8546900000031745	0.5748239060497332
2.8547000000031746	0.5747992939515533
2.8547100000031747	0.5747746839563527
2.8547200000031747	0.5747500760635474
2.854730000003175	0.5747254702725443
2.854740000003175	0.5747008665827421
2.854750000003175	0.5746762649935304
2.854760000003175	0.5746516655042897
2.854770000003175	0.5746270681143895
2.854780000003175	0.574602472823195
2.854790000003175	0.5745778796300598
2.8548000000031752	0.5745532885343284
2.8548100000031753	0.5745286995353356
2.8548200000031754	0.5745041126324085
2.8548300000031754	0.574479527824866
2.8548400000031755	0.5744549451120161
2.8548500000031756	0.5744303644931604
2.8548600000031756	0.574405785967592
2.8548700000031757	0.5743812095345946
2.8548800000031758	0.5743566351934459
2.854890000003176	0.5743320629434152
2.854900000003176	0.5743074927837637
2.854910000003176	0.5742829247137461
2.854920000003176	0.5742583587326101
2.854930000003176	0.574233794839597
2.854940000003176	0.5742092330339409
2.8549500000031762	0.5741846733148704
2.8549600000031763	0.5741601156816065
2.8549700000031764	0.5741355601333654
2.8549800000031764	0.5741110066693563
2.8549900000031765	0.5740864552887833
2.8550000000031766	0.5740619059908427
2.8550100000031766	0.5740373587747277
2.8550200000031767	0.5740128136396232
2.8550300000031767	0.573988270584709
2.855040000003177	0.5739637296091592
2.855050000003177	0.5739391907121405
2.855060000003177	0.5739146538928138
2.855070000003177	0.5738901191503342
2.855080000003177	0.5738655864838484
2.855090000003177	0.5738410558924975
2.855100000003177	0.5738165273754149
2.8551100000031773	0.5737920009317264
2.8551200000031773	0.5737674765605507
2.8551300000031774	0.5737429542609976
2.8551400000031775	0.5737184340321699
2.8551500000031775	0.5736939158731613
2.8551600000031776	0.5736693997830568
2.8551700000031777	0.5736448857609323
2.8551800000031777	0.5736203738058544
2.855190000003178	0.5735958639168814
2.855200000003178	0.5735713560930619
2.855210000003178	0.5735468503334329
2.855220000003178	0.5735223466370234
2.855230000003178	0.5734978450028593
2.855240000003178	0.5734733454299431
2.855250000003178	0.5734488479172739
2.8552600000031783	0.573424352463842
2.8552700000031783	0.5733998590686258
2.8552800000031784	0.5733753677305952
2.8552900000031785	0.5733508784487101
2.8553000000031785	0.5733263912219194
2.8553100000031786	0.5733019060491663
2.8553200000031786	0.5732774229293792
2.8553300000031787	0.5732529418614793
2.855340000003179	0.5732284628443797
2.855350000003179	0.573203985876983
2.855360000003179	0.5731795109581846
2.855370000003179	0.5731550380868712
2.855380000003179	0.5731305672619194
2.855390000003179	0.5731060984821988
2.855400000003179	0.5730816317465717
2.8554100000031792	0.5730571670538919
2.8554200000031793	0.5730327044030041
2.8554300000031794	0.5730082437927474
2.8554400000031794	0.572983785221952
2.8554500000031795	0.5729593286894418
2.8554600000031796	0.5729348741940323
2.8554700000031796	0.5729104217345322
2.8554800000031797	0.5728859713097425
2.8554900000031798	0.5728615229184563
2.85550000000318	0.5728370765594603
2.85551000000318	0.5728126322315332
2.85552000000318	0.5727881899334455
2.85553000000318	0.5727637496639607
2.85554000000318	0.5727393114218337
2.85555000000318	0.5727148752058122
2.85556000000318	0.5726904410146351
2.8555700000031803	0.5726660088470327
2.8555800000031804	0.5726415787017267
2.8555900000031804	0.5726171505774302
2.8556000000031805	0.5725927244728476
2.8556100000031805	0.5725683003866734
2.8556200000031806	0.5725438783175935
2.8556300000031807	0.5725194582642833
2.8556400000031807	0.5724950402254084
2.855650000003181	0.572470624199626
2.855660000003181	0.5724462101855815
2.855670000003181	0.5724217981819112
2.855680000003181	0.5723973881872407
2.855690000003181	0.5723729802001712
2.855700000003181	0.5723485742193217
2.855710000003181	0.5723241702432856
2.8557200000031813	0.5722997682706096
2.8557300000031813	0.5722753682999001
2.8557400000031814	0.5722509703297232
2.8557500000031815	0.5722265743586801
2.8557600000031815	0.5722021803852686
2.8557700000031816	0.5721777884080149
2.8557800000031817	0.5721533984254409
2.8557900000031817	0.572129010436058
2.855800000003182	0.5721046244383645
2.855810000003182	0.5720802404308543
2.855820000003182	0.5720558584120089
2.855830000003182	0.5720314783803003
2.855840000003182	0.5720071003341894
2.855850000003182	0.5719827242721297
2.855860000003182	0.5719583501925637
2.8558700000031823	0.5719339780939245
2.8558800000031823	0.5719096079746371
2.8558900000031824	0.5718852398331165
2.8559000000031824	0.5718608736677679
2.8559100000031825	0.5718365094769896
2.8559200000031826	0.5718121472591686
2.8559300000031826	0.5717877870126834
2.8559400000031827	0.5717634287359066
2.8559500000031828	0.571739072427198
2.855960000003183	0.5717147180849115
2.855970000003183	0.5716903657073905
2.855980000003183	0.5716660152929698
2.855990000003183	0.5716416668399749
2.856000000003183	0.5716173203467226
2.856010000003183	0.5715929758115219
2.8560200000031832	0.5715686332326703
2.8560300000031833	0.5715442926084575
2.8560400000031834	0.5715199539371636
2.8560500000031834	0.5714956172170594
2.8560600000031835	0.5714712824464061
2.8560700000031836	0.5714469496234552
2.8560800000031836	0.5714226187464476
2.8560900000031837	0.571398289813612
2.8561000000031838	0.5713739628231711
2.856110000003184	0.5713496377733392
2.856120000003184	0.5713253146623187
2.856130000003184	0.571300993488299
2.856140000003184	0.5712766742494616
2.856150000003184	0.5712523569439766
2.856160000003184	0.5712280415700025
2.856170000003184	0.5712037281256886
2.8561800000031843	0.5711794166091717
2.8561900000031843	0.5711551070185786
2.8562000000031844	0.5711307993520249
2.8562100000031845	0.571106493607616
2.8562200000031845	0.5710821897834452
2.8562300000031846	0.5710578878775979
2.8562400000031847	0.5710335878881416
2.8562500000031847	0.5710092898131361
2.856260000003185	0.5709849936506303
2.856270000003185	0.5709606993986627
2.856280000003185	0.5709364070552587
2.856290000003185	0.5709121166184361
2.856300000003185	0.5708878280861994
2.856310000003185	0.5708635414565421
2.856320000003185	0.5708392567274483
2.8563300000031853	0.5708149738968902
2.8563400000031853	0.570790692962829
2.8563500000031854	0.5707664139232175
2.8563600000031855	0.5707421367759961
2.8563700000031855	0.5707178615190959
2.8563800000031856	0.5706935881504384
2.8563900000031857	0.5706693166679331
2.8564000000031857	0.5706450470694815
2.856410000003186	0.570620779352974
2.856420000003186	0.570596513516292
2.856430000003186	0.5705722495573068
2.856440000003186	0.57054798747388
2.856450000003186	0.5705237272638636
2.856460000003186	0.5704994689251003
2.856470000003186	0.5704752124553826
2.8564800000031862	0.5704509578525643
2.8564900000031863	0.5704267051144678
2.8565000000031864	0.5704024542388972
2.8565100000031864	0.570378205223648
2.8565200000031865	0.570353958066505
2.8565300000031866	0.5703297127652425
2.8565400000031866	0.5703054693176258
2.8565500000031867	0.5702812277214108
2.8565600000031868	0.5702569879743415
2.856570000003187	0.5702327500741531
2.856580000003187	0.5702085140185693
2.856590000003187	0.5701842798053037
2.856600000003187	0.570160047432059
2.856610000003187	0.5701358168965267
2.856620000003187	0.5701115881963879
2.8566300000031872	0.5700873613293032
2.8566400000031873	0.5700631362929368
2.8566500000031874	0.5700389130849379
2.8566600000031874	0.5700146917029421
2.8566700000031875	0.5699904721445727
2.8566800000031876	0.569966254407441
2.8566900000031876	0.5699420384891466
2.8567000000031877	0.569917824387278
2.8567100000031878	0.5698936120994113
2.856720000003188	0.5698694016231111
2.856730000003188	0.5698451929559296
2.856740000003188	0.5698209860954074
2.856750000003188	0.5697967810390742
2.856760000003188	0.5697725777844465
2.856770000003188	0.5697483763290307
2.856780000003188	0.5697241766703215
2.8567900000031883	0.5696999788058016
2.8568000000031883	0.5696757827329428
2.8568100000031884	0.5696515884492067
2.8568200000031885	0.5696273959520427
2.8568300000031885	0.5696032052388915
2.8568400000031886	0.5695790163071809
2.8568500000031887	0.5695548291543285
2.8568600000031887	0.5695306437777223
2.856870000003189	0.5695064601747697
2.856880000003189	0.5694822783428657
2.856890000003189	0.5694580982793879
2.856900000003189	0.5694339199817046
2.856910000003189	0.5694097434471743
2.856920000003189	0.5693855686731444
2.856930000003189	0.569361395656921
2.8569400000031893	0.5693372243958656
2.8569500000031893	0.569313054887297
2.8569600000031894	0.5692888871285252
2.8569700000031895	0.5692647211168488
2.8569800000031895	0.5692405568495573
2.8569900000031896	0.5692163943239295
2.8570000000031897	0.5691922335372335
2.8570100000031897	0.5691680744867285
2.85702000000319	0.5691439171696626
2.85703000000319	0.5691197615832722
2.85704000000319	0.5690956077247838
2.85705000000319	0.5690714555914131
2.85706000000319	0.5690473051803642
2.85707000000319	0.5690231564888302
2.85708000000319	0.5689990095139925
2.8570900000031902	0.5689748642530209
2.8571000000031903	0.5689507207030741
2.8571100000031904	0.5689265788612983
2.8571200000031904	0.5689024387248293
2.8571300000031905	0.5688783002907889
2.8571400000031906	0.5688541635562888
2.8571500000031906	0.568830028518428
2.8571600000031907	0.5688058951742934
2.8571700000031908	0.5687817635209604
2.857180000003191	0.5687576335554922
2.857190000003191	0.5687335052749404
2.857200000003191	0.5687093786763444
2.857210000003191	0.5686852537567324
2.857220000003191	0.5686611305132994
2.857230000003191	0.5686370089428768
2.8572400000031912	0.5686128890424476
2.8572500000031913	0.568588770808994
2.8572600000031914	0.5685646542394874
2.8572700000031914	0.5685405393308889
2.8572800000031915	0.5685164260801467
2.8572900000031916	0.5684923144841997
2.8573000000031916	0.5684682045399755
2.8573100000031917	0.5684440962443925
2.8573200000031918	0.5684199895943669
2.857330000003192	0.5683958845867869
2.857340000003192	0.5683717812185397
2.857350000003192	0.5683476794865017
2.857360000003192	0.5683235793875407
2.857370000003192	0.568299480918514
2.857380000003192	0.5682753840762687
2.857390000003192	0.568251288857643
2.8574000000031923	0.5682271952594634
2.8574100000031923	0.568203103278549
2.8574200000031924	0.5681790129117055
2.8574300000031925	0.5681549241557314
2.8574400000031925	0.5681308370074154
2.8574500000031926	0.5681067514635333
2.8574600000031927	0.5680826675207215
2.8574700000031927	0.5680585851758528
2.857480000003193	0.5680345044256944
2.857490000003193	0.5680104252669802
2.857500000003193	0.5679863476964366
2.857510000003193	0.5679622717107763
2.857520000003193	0.5679381973067034
2.857530000003193	0.5679141244809085
2.857540000003193	0.5678900532300736
2.8575500000031933	0.567865983550868
2.8575600000031933	0.567841915439948
2.8575700000031934	0.567817848893962
2.8575800000031935	0.5677937839095452
2.8575900000031935	0.5677697204833214
2.8576000000031936	0.5677456586119031
2.8576100000031937	0.5677215982919406
2.8576200000031937	0.5676975395199728
2.857630000003194	0.5676734822925746
2.857640000003194	0.567649426606314
2.857650000003194	0.567625372457746
2.857660000003194	0.5676013198434146
2.857670000003194	0.5675772687598514
2.857680000003194	0.5675532192035779
2.857690000003194	0.5675291711711044
2.8577000000031942	0.5675051246589305
2.8577100000031943	0.567481079663544
2.8577200000031944	0.5674570361814233
2.8577300000031944	0.5674329942090349
2.8577400000031945	0.5674089537428363
2.8577500000031946	0.5673849147792732
2.8577600000031946	0.5673608773147822
2.8577700000031947	0.5673368413457898
2.8577800000031948	0.5673128068687113
2.857790000003195	0.5672887738799531
2.857800000003195	0.5672647423759121
2.857810000003195	0.5672407123529748
2.857820000003195	0.5672166838075179
2.857830000003195	0.5671926567359085
2.857840000003195	0.5671686311345043
2.8578500000031952	0.5671446069996535
2.8578600000031953	0.5671205843276945
2.8578700000031954	0.5670965631149564
2.8578800000031954	0.5670725433577579
2.8578900000031955	0.5670485250524088
2.8579000000031956	0.5670245081952092
2.8579100000031956	0.567000492782449
2.8579200000031957	0.5669764788104094
2.8579300000031957	0.5669524662753609
2.857940000003196	0.5669284551735638
2.857950000003196	0.5669044455012698
2.857960000003196	0.56688043725472
2.857970000003196	0.5668564304301447
2.857980000003196	0.5668324250237654
2.857990000003196	0.5668084210317927
2.858000000003196	0.5667844184504266
2.8580100000031963	0.5667604172758571
2.8580200000031963	0.5667364175042641
2.8580300000031964	0.5667124191318167
2.8580400000031965	0.566688422154674
2.8580500000031965	0.5666644265689844
2.8580600000031966	0.5666404323708853
2.8580700000031967	0.5666164395565045
2.8580800000031967	0.5665924481219583
2.858090000003197	0.566568458063353
2.858100000003197	0.5665444693767844
2.858110000003197	0.5665204820583374
2.858120000003197	0.5664964961040867
2.858130000003197	0.5664725115100968
2.858140000003197	0.5664485282724221
2.858150000003197	0.5664245463871053
2.8581600000031973	0.56640056585018
2.8581700000031973	0.5663765866576704
2.8581800000031974	0.5663526088055886
2.8581900000031975	0.5663286322899385
2.8582000000031975	0.566304657106713
2.8582100000031976	0.5662806832519168
2.8582200000031976	0.566256710721503
2.8582300000031977	0.5662327395114352
2.858240000003198	0.5662087696176689
2.858250000003198	0.5661848010361942
2.858260000003198	0.5661608337629036
2.858270000003198	0.5661368677937225
2.858280000003198	0.5661129031245693
2.858290000003198	0.5660889397513528
2.858300000003198	0.5660649776699737
2.8583100000031982	0.5660410168763235
2.8583200000031983	0.5660170573662854
2.8583300000031984	0.5659930991357334
2.8583400000031984	0.565969142180534
2.8583500000031985	0.565945186496543
2.8583600000031986	0.5659212320796096
2.8583700000031986	0.5658972789255743
2.8583800000031987	0.565873327030268
2.8583900000031988	0.5658493763895137
2.858400000003199	0.5658254269991261
2.858410000003199	0.5658014788549113
2.858420000003199	0.5657775319526668
2.858430000003199	0.5657535862881806
2.858440000003199	0.5657296418572327
2.858450000003199	0.5657056986555942
2.858460000003199	0.5656817566790279
2.8584700000031993	0.5656578159232866
2.8584800000031994	0.565633876384115
2.8584900000031994	0.5656099380572486
2.8585000000031995	0.5655860009384138
2.8585100000031995	0.5655620650233275
2.8585200000031996	0.5655381303077321
2.8585300000031997	0.5655141967872928
2.8585400000031997	0.5654902644576966
2.8585500000032	0.5654663333146236
2.8585600000032	0.5654424033537447
2.8585700000032	0.5654184745707209
2.8585800000032	0.5653945469612045
2.8585900000032	0.5653706205208382
2.8586000000032	0.5653466952452552
2.8586100000032	0.5653227711300798
2.8586200000032003	0.5652988481709267
2.8586300000032003	0.5652749263634018
2.8586400000032004	0.5652510057031028
2.8586500000032005	0.565227086185617
2.8586600000032005	0.565203167806525
2.8586700000032006	0.565179250561397
2.8586800000032007	0.5651553344457946
2.8586900000032007	0.5651314194552721
2.858700000003201	0.5651075055853683
2.858710000003201	0.565083592831621
2.858720000003201	0.565059681189565
2.858730000003201	0.5650357706547223
2.858740000003201	0.5650118612226069
2.858750000003201	0.5649879528883558
2.858760000003201	0.5649640456481001
2.8587700000032013	0.5649401394968893
2.8587800000032013	0.5649162344302752
2.8587900000032014	0.5648923304439302
2.8588000000032014	0.5648684275333188
2.8588100000032015	0.5648445256939044
2.8588200000032016	0.5648206249211442
2.8588300000032016	0.5647967252108912
2.8588400000032017	0.564772826557815
2.8588500000032018	0.5647489289580231
2.858860000003202	0.5647250324066841
2.858870000003202	0.5647011368991088
2.858880000003202	0.5646772424307064
2.858890000003202	0.5646533489968888
2.858900000003202	0.5646294565930593
2.858910000003202	0.5646055652146073
2.8589200000032022	0.5645816748569141
2.8589300000032023	0.5645577855153536
2.8589400000032024	0.564533897185293
2.8589500000032024	0.5645100098620919
2.8589600000032025	0.5644861235411032
2.8589700000032026	0.5644622382176717
2.8589800000032026	0.5644383538871368
2.8589900000032027	0.5644144705448304
2.8590000000032028	0.5643905881860768
2.859010000003203	0.5643667068061945
2.859020000003203	0.564342826400494
2.859030000003203	0.5643189469642804
2.859040000003203	0.5642950684928518
2.859050000003203	0.5642711909814984
2.859060000003203	0.5642473144255051
2.859070000003203	0.5642234388201495
2.8590800000032033	0.5641995641607034
2.8590900000032033	0.5641756904424319
2.8591000000032034	0.5641518176605923
2.8591100000032035	0.5641279458104356
2.8591200000032035	0.564104074887208
2.8591300000032036	0.5640802048861485
2.8591400000032037	0.564056335802491
2.8591500000032037	0.564032467631459
2.859160000003204	0.5640086003682719
2.859170000003204	0.5639847340081426
2.859180000003204	0.5639608685462784
2.859190000003204	0.5639370039778787
2.859200000003204	0.563913140298137
2.859210000003204	0.5638892775022412
2.859220000003204	0.5638654155853717
2.8592300000032043	0.5638415545427038
2.8592400000032043	0.563817694369406
2.8592500000032044	0.5637938350605535
2.8592600000032045	0.5637699766113502
2.8592700000032045	0.5637461190169876
2.8592800000032046	0.5637222622726087
2.8592900000032047	0.5636984063733521
2.8593000000032047	0.56367455131435
2.859310000003205	0.5636506970907287
2.859320000003205	0.5636268436976088
2.859330000003205	0.563602991130105
2.859340000003205	0.5635791393833275
2.859350000003205	0.5635552884523808
2.859360000003205	0.5635314383323639
2.859370000003205	0.5635075890183701
2.8593800000032052	0.5634837405054874
2.8593900000032053	0.5634598927887995
2.8594000000032054	0.5634360458633847
2.8594100000032054	0.5634121997243169
2.8594200000032055	0.5633883543666646
2.8594300000032056	0.563364509785491
2.8594400000032056	0.5633406659758567
2.8594500000032057	0.5633168229322542
2.8594600000032058	0.5632929806503808
2.859470000003206	0.5632691391252442
2.859480000003206	0.5632452983518861
2.859490000003206	0.5632214583253434
2.859500000003206	0.5631976190406485
2.859510000003206	0.5631737804928283
2.859520000003206	0.5631499426769058
2.8595300000032062	0.5631261055878922
2.8595400000032063	0.563102269220806
2.8595500000032064	0.5630784335706568
2.8595600000032064	0.5630545986324481
2.8595700000032065	0.563030764401179
2.8595800000032066	0.5630069308718441
2.8595900000032066	0.5629830980394338
2.8596000000032067	0.5629592658989332
2.8596100000032068	0.5629354344453233
2.859620000003207	0.5629116036735808
2.859630000003207	0.5628877735786783
2.859640000003207	0.5628639441555844
2.859650000003207	0.5628401153992625
2.859660000003207	0.5628162873046731
2.859670000003207	0.5627924598667716
2.859680000003207	0.5627686330805107
2.8596900000032073	0.562744806940839
2.8597000000032073	0.5627209814427009
2.8597100000032074	0.5626971565810376
2.8597200000032075	0.5626733323507873
2.8597300000032075	0.5626495087468841
2.8597400000032076	0.5626256857642594
2.8597500000032077	0.5626018633978411
2.8597600000032077	0.5625780416425548
2.859770000003208	0.5625542204933236
2.859780000003208	0.5625303999450666
2.859790000003208	0.5625065799927025
2.859800000003208	0.562482760631144
2.859810000003208	0.562458941855303
2.859820000003208	0.5624351236600892
2.859830000003208	0.56241130604041
2.8598400000032083	0.5623874889911689
2.8598500000032083	0.5623636725072687
2.8598600000032084	0.5623398565836093
2.8598700000032085	0.5623160412150886
2.8598800000032085	0.5622922263966017
2.8598900000032086	0.5622684121230426
2.8599000000032087	0.5622445983893013
2.8599100000032087	0.5622207851902667
2.859920000003209	0.5621969725208259
2.859930000003209	0.5621731603758623
2.859940000003209	0.5621493487502578
2.859950000003209	0.5621255376388918
2.859960000003209	0.5621017270366415
2.859970000003209	0.5620779169383816
2.859980000003209	0.5620541073389849
2.8599900000032092	0.5620302982333212
2.8600000000032093	0.562006489616258
2.8600100000032094	0.5619826814826603
2.8600200000032094	0.5619588738273935
2.8600300000032095	0.5619350666453181
2.8600400000032096	0.5619112599312938
2.8600500000032096	0.561887453680175
2.8600600000032097	0.5618636478868182
2.8600700000032098	0.5618398425460766
2.86008000000321	0.561816037652801
2.86009000000321	0.5617922332018402
2.86010000000321	0.5617684291880424
2.86011000000321	0.5617446256062528
2.86012000000321	0.5617208224513167
2.86013000000321	0.5616970197180768
2.8601400000032102	0.5616732174013771
2.8601500000032103	0.5616494154960561
2.8601600000032104	0.561625613996954
2.8601700000032104	0.5616018128989099
2.8601800000032105	0.5615780121967625
2.8601900000032106	0.5615542118853492
2.8602000000032106	0.5615304119595069
2.8602100000032107	0.5615066124140723
2.8602200000032107	0.5614828132438824
2.860230000003211	0.5614590144437729
2.860240000003211	0.5614352160085796
2.860250000003211	0.561411417933139
2.860260000003211	0.561387620212287
2.860270000003211	0.5613638228408595
2.860280000003211	0.561340025813693
2.860290000003211	0.5613162291256241
2.8603000000032113	0.5612924327714884
2.8603100000032113	0.5612686367461236
2.8603200000032114	0.5612448410443664
2.8603300000032115	0.5612210456610545
2.8603400000032115	0.5611972505910261
2.8603500000032116	0.5611734558291204
2.8603600000032117	0.5611496613701752
2.8603700000032117	0.5611258672090299
2.860380000003212	0.5611020733405242
2.860390000003212	0.5610782797594979
2.860400000003212	0.5610544864607911
2.860410000003212	0.5610306934392456
2.860420000003212	0.5610069006897026
2.860430000003212	0.5609831082070037
2.860440000003212	0.560959315985991
2.8604500000032123	0.5609355240215083
2.8604600000032123	0.5609117323083991
2.8604700000032124	0.5608879408415078
2.8604800000032125	0.5608641496156792
2.8604900000032125	0.5608403586257593
2.8605000000032126	0.5608165678665945
2.8605100000032126	0.5607927773330326
2.8605200000032127	0.5607689870199211
2.860530000003213	0.5607451969221098
2.860540000003213	0.5607214070344493
2.860550000003213	0.5606976173517907
2.860560000003213	0.5606738278689871
2.860570000003213	0.560650038580893
2.860580000003213	0.5606262494823577
2.860590000003213	0.5606024605682425
2.8606000000032132	0.560578671833411
2.8606100000032133	0.5605548832727205
2.8606200000032134	0.5605310948810266
2.8606300000032134	0.5605073066531969
2.8606400000032135	0.5604835185840993
2.8606500000032136	0.5604597306686004
2.8606600000032136	0.5604359429015716
2.8606700000032137	0.5604121552778862
2.8606800000032138	0.5603883677924202
2.860690000003214	0.5603645804400519
2.860700000003214	0.5603407932156622
2.860710000003214	0.5603170061141359
2.860720000003214	0.5602932191303598
2.860730000003214	0.5602694322592244
2.860740000003214	0.560245645495623
2.860750000003214	0.5602218588344521
2.8607600000032143	0.5601980722706115
2.8607700000032144	0.5601742857990044
2.8607800000032144	0.5601504994145372
2.8607900000032145	0.5601267131121187
2.8608000000032145	0.5601029268866637
2.8608100000032146	0.5600791407330894
2.8608200000032147	0.5600553546463168
2.8608300000032147	0.5600315686212688
2.860840000003215	0.5600077826528733
2.860850000003215	0.5599839967360609
2.860860000003215	0.5599602108658291
2.860870000003215	0.5599364250370434
2.860880000003215	0.559912639244635
2.860890000003215	0.55988885348355
2.860900000003215	0.5598650677487378
2.8609100000032153	0.5598412820351496
2.8609200000032153	0.5598174963377418
2.8609300000032154	0.5597937106514693
2.8609400000032155	0.5597699249712988
2.8609500000032155	0.5597461392921967
2.8609600000032156	0.5597223536091335
2.8609700000032157	0.5596985679170822
2.8609800000032157	0.5596747822110212
2.860990000003216	0.5596509964859315
2.861000000003216	0.5596272107367992
2.861010000003216	0.5596034249586139
2.861020000003216	0.55957963914637
2.861030000003216	0.5595558532950643
2.861040000003216	0.5595320673997
2.861050000003216	0.5595082814552842
2.8610600000032163	0.5594844954568291
2.8610700000032163	0.5594607093993508
2.8610800000032164	0.5594369232778714
2.8610900000032164	0.559413137087417
2.8611000000032165	0.55938935082302
2.8611100000032166	0.5593655644797171
2.8611200000032166	0.5593417780525508
2.8611300000032167	0.5593179915365697
2.8611400000032168	0.5592942049268281
2.861150000003217	0.5592704182183853
2.861160000003217	0.559246631406307
2.861170000003217	0.5592228444856606
2.861180000003217	0.5591990574515283
2.861190000003217	0.5591752702989932
2.861200000003217	0.5591514830231463
2.8612100000032172	0.5591276956190817
2.8612200000032173	0.559103908081905
2.8612300000032174	0.5590801204067224
2.8612400000032174	0.5590563325886494
2.8612500000032175	0.5590325446228075
2.8612600000032176	0.5590087565043241
2.8612700000032176	0.5589849682283327
2.8612800000032177	0.5589611797899743
2.8612900000032178	0.5589373911843943
2.861300000003218	0.5589136024067464
2.861310000003218	0.5588898134521896
2.861320000003218	0.5588660243158895
2.861330000003218	0.5588422349930178
2.861340000003218	0.5588184454787494
2.861350000003218	0.5587946557682724
2.861360000003218	0.5587708658567779
2.8613700000032183	0.5587470757394641
2.8613800000032183	0.558723285411534
2.8613900000032184	0.5586994948681995
2.8614000000032185	0.5586757041046774
2.8614100000032185	0.5586519131161939
2.8614200000032186	0.5586281218979776
2.8614300000032187	0.558604330445266
2.8614400000032187	0.5585805387533039
2.861450000003219	0.5585567468173431
2.861460000003219	0.5585329546326427
2.861470000003219	0.5585091621944689
2.861480000003219	0.5584853694980951
2.861490000003219	0.5584615765388038
2.861500000003219	0.558437783311883
2.861510000003219	0.5584139898126298
2.8615200000032193	0.5583901960363494
2.8615300000032193	0.5583664019783522
2.8615400000032194	0.5583426076339605
2.8615500000032195	0.5583188129985038
2.8615600000032195	0.5582950180673216
2.8615700000032196	0.558271222835758
2.8615800000032197	0.5582474272991695
2.8615900000032197	0.5582236314529183
2.86160000000322	0.5581998352923818
2.86161000000322	0.5581760388129412
2.86162000000322	0.5581522420099809
2.86163000000322	0.5581284448785643
2.86164000000322	0.5581046474148167
2.86165000000322	0.5580808496134242
2.86166000000322	0.5580570514705372
2.8616700000032202	0.5580332529808665
2.8616800000032203	0.5580094541405821
2.8616900000032204	0.5579856549444095
2.8617000000032204	0.5579618553885374
2.8617100000032205	0.5579380554677122
2.8617200000032206	0.5579142551778034
2.8617300000032206	0.5578904545142926
2.8617400000032207	0.5578666534726756
2.8617500000032208	0.55784285204846
2.861760000003221	0.5578190502371633
2.861770000003221	0.5577952480343131
2.861780000003221	0.5577714454354461
2.861790000003221	0.5577476424361084
2.861800000003221	0.557723839031855
2.861810000003221	0.5577000352182507
2.8618200000032212	0.5576762309908697
2.8618300000032213	0.5576524263452963
2.8618400000032214	0.5576286212771244
2.8618500000032214	0.557604815781957
2.8618600000032215	0.5575810098554077
2.8618700000032216	0.5575572034930992
2.8618800000032216	0.5575333966906654
2.8618900000032217	0.5575095894437485
2.8619000000032218	0.5574857817480032
2.861910000003222	0.557461973599093
2.861920000003222	0.5574381649926918
2.861930000003222	0.5574143559244837
2.861940000003222	0.5573905463901654
2.861950000003222	0.5573667363854419
2.861960000003222	0.5573429259060294
2.861970000003222	0.557319114947654
2.8619800000032223	0.5572953035060559
2.8619900000032223	0.5572714915769854
2.8620000000032224	0.5572476791562032
2.8620100000032225	0.5572238662394814
2.8620200000032225	0.557200052822603
2.8620300000032226	0.5571762389013633
2.8620400000032227	0.5571524244715685
2.8620500000032227	0.5571286095290344
2.862060000003223	0.5571047940695932
2.862070000003223	0.5570809780890976
2.862080000003223	0.5570571615833894
2.862090000003223	0.5570333445483331
2.862100000003223	0.5570095269798058
2.862110000003223	0.5569857088736959
2.862120000003223	0.5569618902259046
2.8621300000032233	0.556938071032345
2.8621400000032233	0.5569142512888712
2.8621500000032234	0.556890430991498
2.8621600000032235	0.5568666101361659
2.8621700000032235	0.5568427887188404
2.8621800000032236	0.5568189667354959
2.8621900000032237	0.556795144182119
2.8622000000032237	0.5567713210547076
2.862210000003224	0.5567474973492716
2.862220000003224	0.5567236730618338
2.862230000003224	0.5566998481884287
2.862240000003224	0.5566760227251037
2.862250000003224	0.5566521966679316
2.862260000003224	0.5566283700129614
2.862270000003224	0.5566045427562861
2.8622800000032242	0.5565807148940043
2.8622900000032243	0.5565568864222252
2.8623000000032244	0.5565330573370707
2.8623100000032244	0.5565092276346767
2.8623200000032245	0.5564853973111911
2.8623300000032246	0.5564615663627749
2.8623400000032246	0.5564377347856004
2.8623500000032247	0.5564139025758552
2.8623600000032248	0.5563900697297326
2.862370000003225	0.5563662362434512
2.862380000003225	0.5563424021132374
2.862390000003225	0.5563185673353314
2.862400000003225	0.5562947319059842
2.862410000003225	0.5562708958214627
2.862420000003225	0.5562470590780466
2.8624300000032252	0.5562232216720294
2.8624400000032253	0.5561993835997181
2.8624500000032254	0.5561755448574337
2.8624600000032254	0.5561517054415119
2.8624700000032255	0.556127865348301
2.8624800000032256	0.5561040245741642
2.8624900000032256	0.5560801831154779
2.8625000000032257	0.5560563409686339
2.8625100000032258	0.5560324981300377
2.862520000003226	0.5560086545961093
2.862530000003226	0.5559848103632821
2.862540000003226	0.555960965428005
2.862550000003226	0.555937119786741
2.862560000003226	0.5559132734359679
2.862570000003226	0.5558894263721774
2.862580000003226	0.5558655785918758
2.8625900000032263	0.5558417300915852
2.8626000000032263	0.555817880867832
2.8626100000032264	0.5557940309171349
2.8626200000032265	0.5557701802360901
2.8626300000032265	0.5557463288212798
2.8626400000032266	0.5557224766692985
2.8626500000032267	0.5556986237767565
2.8626600000032267	0.5556747701402783
2.862670000003227	0.5556509157565047
2.862680000003227	0.5556270606220916
2.862690000003227	0.5556032047337084
2.862700000003227	0.5555793480880185
2.862710000003227	0.5555554906817889
2.862720000003227	0.5555316325117091
2.862730000003227	0.5555077735745085
2.8627400000032273	0.5554839138669329
2.8627500000032273	0.555460053385743
2.8627600000032274	0.5554361921277162
2.8627700000032275	0.5554123300896445
2.8627800000032275	0.5553884672683348
2.8627900000032276	0.5553646036606097
2.8628000000032277	0.5553407392633073
2.8628100000032277	0.5553168740732818
2.862820000003228	0.5552930080874028
2.862830000003228	0.5552691413025547
2.862840000003228	0.5552452737156397
2.862850000003228	0.5552214053235747
2.862860000003228	0.5551975361232916
2.862870000003228	0.5551736661117406
2.862880000003228	0.5551497952858858
2.8628900000032282	0.5551259236427094
2.8629000000032283	0.5551020511792082
2.8629100000032284	0.5550781778923964
2.8629200000032284	0.5550543037794123
2.8629300000032285	0.555030428837129
2.8629400000032286	0.5550065530626638
2.8629500000032286	0.5549826764530985
2.8629600000032287	0.5549587990055298
2.8629700000032288	0.5549349207170715
2.862980000003229	0.5549110415848542
2.862990000003229	0.5548871616060248
2.863000000003229	0.5548632807777477
2.863010000003229	0.5548393990972026
2.863020000003229	0.5548155165615887
2.863030000003229	0.5547916331681202
2.8630400000032292	0.5547677489143038
2.8630500000032293	0.5547438637967969
2.8630600000032294	0.5547199778135361
2.8630700000032294	0.554696090961459
2.8630800000032295	0.5546722032378298
2.8630900000032296	0.5546483146399699
2.8631000000032296	0.5546244251652152
2.8631100000032297	0.5546005348109174
2.8631200000032297	0.5545766435744538
2.86313000000323	0.554552751453206
2.86314000000323	0.5545288584445774
2.86315000000323	0.5545049645459911
2.86316000000323	0.5544810697548873
2.86317000000323	0.5544571740687252
2.86318000000323	0.5544332774849811
2.86319000000323	0.5544093800012175
2.8632000000032303	0.5543854816149205
2.8632100000032303	0.5543615823235721
2.8632200000032304	0.5543376821247216
2.8632300000032305	0.5543137810159348
2.8632400000032305	0.5542898789947969
2.8632500000032306	0.5542659760589086
2.8632600000032307	0.55424207220589
2.8632700000032307	0.554218167433379
2.863280000003231	0.5541942617390329
2.863290000003231	0.5541703551205245
2.863300000003231	0.5541464475755459
2.863310000003231	0.5541225391018069
2.863320000003231	0.5540986296970365
2.863330000003231	0.5540747193589798
2.863340000003231	0.5540508080854013
2.8633500000032313	0.554026895874021
2.8633600000032313	0.5540029827226651
2.8633700000032314	0.5539790686291937
2.8633800000032315	0.5539551535915141
2.8633900000032315	0.5539312376074521
2.8634000000032316	0.5539073206748415
2.8634100000032316	0.5538834027915633
2.8634200000032317	0.5538594839555269
2.863430000003232	0.5538355641646603
2.863440000003232	0.5538116434169096
2.863450000003232	0.5537877217102397
2.863460000003232	0.5537637990426337
2.863470000003232	0.5537398754120944
2.863480000003232	0.5537159508166424
2.863490000003232	0.5536920252543195
2.8635000000032322	0.5536680987231831
2.8635100000032323	0.5536441712213113
2.8635200000032324	0.5536202427468011
2.8635300000032324	0.5535963132977563
2.8635400000032325	0.5535723828723215
2.8635500000032326	0.5535484514686597
2.8635600000032326	0.5535245190849458
2.8635700000032327	0.5535005857193751
2.8635800000032328	0.5534766513701627
2.863590000003233	0.5534527160355436
2.863600000003233	0.5534287797137725
2.863610000003233	0.5534048424031239
2.863620000003233	0.5533809041018928
2.863630000003233	0.5533569648083939
2.863640000003233	0.5533330245209617
2.863650000003233	0.5533090832379502
2.8636600000032333	0.5532851409577354
2.8636700000032334	0.553261197678711
2.8636800000032334	0.5532372533992916
2.8636900000032335	0.5532133081179128
2.8637000000032335	0.5531893618330282
2.8637100000032336	0.5531654145431136
2.8637200000032337	0.5531414662466625
2.8637300000032337	0.5531175169421896
2.863740000003234	0.553093566628229
2.863750000003234	0.5530696153033351
2.863760000003234	0.5530456629660514
2.863770000003234	0.5530217096149755
2.863780000003234	0.5529977552487505
2.863790000003234	0.5529737998660095
2.863800000003234	0.5529498434654062
2.8638100000032343	0.5529258860456141
2.8638200000032343	0.5529019276053219
2.8638300000032344	0.5528779681432471
2.8638400000032345	0.5528540076581222
2.8638500000032345	0.552830046148701
2.8638600000032346	0.552806083613756
2.8638700000032347	0.5527821200520807
2.8638800000032347	0.5527581554624879
2.863890000003235	0.5527341898438108
2.863900000003235	0.5527102231949041
2.863910000003235	0.5526862555146411
2.863920000003235	0.5526622868019163
2.863930000003235	0.5526383170556449
2.863940000003235	0.5526143462747625
2.863950000003235	0.5525903744582251
2.8639600000032353	0.5525664016050098
2.8639700000032353	0.5525424277141815
2.8639800000032354	0.5525184527847304
2.8639900000032354	0.5524944768156514
2.8640000000032355	0.5524704998060103
2.8640100000032356	0.5524465217548837
2.8640200000032356	0.5524225426613734
2.8640300000032357	0.5523985625246055
2.8640400000032358	0.5523745813437254
2.864050000003236	0.5523505991179002
2.864060000003236	0.552326615846318
2.864070000003236	0.5523026315281889
2.864080000003236	0.5522786461627439
2.864090000003236	0.5522546597492356
2.864100000003236	0.5522306722869385
2.8641100000032362	0.5522066837751477
2.8641200000032363	0.5521826942131811
2.8641300000032364	0.5521587036003772
2.8641400000032364	0.5521347119360964
2.8641500000032365	0.5521107192197204
2.8641600000032366	0.5520867254506525
2.8641700000032366	0.5520627306282903
2.8641800000032367	0.5520387347520949
2.8641900000032368	0.5520147378215483
2.864200000003237	0.5519907398361399
2.864210000003237	0.5519667407953794
2.864220000003237	0.5519427406987988
2.864230000003237	0.5519187395459505
2.864240000003237	0.5518947373364095
2.864250000003237	0.5518707340697707
2.864260000003237	0.5518467297456526
2.8642700000032373	0.5518227243636907
2.8642800000032373	0.551798717923545
2.8642900000032374	0.5517747104248957
2.8643000000032375	0.5517507018674446
2.8643100000032375	0.5517266922509145
2.8643200000032376	0.5517026815750495
2.8643300000032377	0.5516786698396151
2.8643400000032377	0.5516546570443983
2.864350000003238	0.5516306431892073
2.864360000003238	0.5516066282738714
2.864370000003238	0.5515826122982422
2.864380000003238	0.5515585952621925
2.864390000003238	0.5515345771656167
2.864400000003238	0.551510558008431
2.864410000003238	0.5514865377905733
2.8644200000032383	0.5514625165120036
2.8644300000032383	0.5514384941727036
2.8644400000032384	0.5514144707726769
2.8644500000032385	0.5513904463119537
2.8644600000032385	0.5513664207905782
2.8644700000032386	0.5513423942086195
2.8644800000032387	0.5513183665661694
2.8644900000032387	0.5512943378633429
2.864500000003239	0.5512703081002767
2.864510000003239	0.5512462772771299
2.864520000003239	0.5512222453940842
2.864530000003239	0.5511982124513436
2.864540000003239	0.5511741784491343
2.864550000003239	0.5511501433877057
2.864560000003239	0.5511261072673294
2.8645700000032392	0.5511020700883023
2.8645800000032393	0.5510780318509312
2.8645900000032394	0.5510539925555629
2.8646000000032394	0.5510299522025552
2.8646100000032395	0.5510059107922919
2.8646200000032396	0.5509818683251786
2.8646300000032396	0.5509578248016428
2.8646400000032397	0.5509337802221353
2.8646500000032398	0.5509097345871284
2.86466000000324	0.5508856878971161
2.86467000000324	0.5508616401526129
2.86468000000324	0.5508375913541627
2.86469000000324	0.5508135415023243
2.86470000000324	0.5507894905976815
2.86471000000324	0.5507654386408396
2.8647200000032402	0.5507413856324259
2.8647300000032403	0.5507173315730901
2.8647400000032404	0.5506932764633299
2.8647500000032404	0.5506692203040184
2.8647600000032405	0.5506451630958635
2.8647700000032406	0.5506211048396041
2.8647800000032406	0.5505970455360013
2.8647900000032407	0.5505729851858376
2.8648000000032408	0.5505489237899178
2.864810000003241	0.5505248613490695
2.864820000003241	0.5505007978641422
2.864830000003241	0.5504767333360076
2.864840000003241	0.5504526677655597
2.864850000003241	0.5504286011537152
2.864860000003241	0.5504045335014129
2.864870000003241	0.5503804648096146
2.8648800000032413	0.5503563950793035
2.8648900000032413	0.5503323243114864
2.8649000000032414	0.550308252507192
2.8649100000032415	0.5502841796674715
2.8649200000032415	0.5502601057933991
2.8649300000032416	0.5502360308860695
2.8649400000032417	0.5502119549466027
2.8649500000032417	0.5501878779761414
2.864960000003242	0.5501637999758509
2.864970000003242	0.5501397209469173
2.864980000003242	0.5501156408905508
2.864990000003242	0.5500915598079842
2.865000000003242	0.5500674777004732
2.865010000003242	0.550043394569295
2.865020000003242	0.5500193104157515
2.8650300000032423	0.5499952252411652
2.8650400000032423	0.5499711390468826
2.8650500000032424	0.5499470518342728
2.8650600000032425	0.5499229636047267
2.8650700000032425	0.5498988743596622
2.8650800000032426	0.5498747841005128
2.8650900000032427	0.5498506928287377
2.8651000000032427	0.5498266005458221
2.865110000003243	0.5498025072532657
2.865120000003243	0.5497784129525974
2.865130000003243	0.5497543176453671
2.865140000003243	0.549730221333147
2.865150000003243	0.5497061240175315
2.865160000003243	0.5496820257001376
2.865170000003243	0.5496579263826042
2.8651800000032432	0.5496338260665938
2.8651900000032433	0.5496097247537899
2.8652000000032434	0.5495856224458989
2.8652100000032434	0.5495615191446496
2.8652200000032435	0.5495374148517933
2.8652300000032436	0.5495133095690975
2.8652400000032436	0.5494892032983634
2.8652500000032437	0.5494650960414148
2.8652600000032438	0.5494409878000919
2.865270000003244	0.5494168785762509
2.865280000003244	0.5493927683717786
2.865290000003244	0.5493686571885825
2.865300000003244	0.5493445450285932
2.865310000003244	0.5493204318937628
2.865320000003244	0.5492963177860636
2.8653300000032442	0.5492722027074958
2.8653400000032443	0.5492480866600802
2.8653500000032444	0.5492239696458595
2.8653600000032444	0.5491998516668997
2.8653700000032445	0.5491757327252884
2.8653800000032446	0.5491516128231364
2.8653900000032446	0.5491274919625773
2.8654000000032447	0.5491033701457674
2.8654100000032448	0.5490792473748833
2.865420000003245	0.5490551236521282
2.865430000003245	0.5490309989797266
2.865440000003245	0.5490068733599249
2.865450000003245	0.5489827467949931
2.865460000003245	0.5489586192872229
2.865470000003245	0.5489344908389289
2.865480000003245	0.5489103614524475
2.8654900000032453	0.5488862311301399
2.8655000000032453	0.5488620998743874
2.8655100000032454	0.5488379676875942
2.8655200000032455	0.5488138345721879
2.8655300000032455	0.5487897005306168
2.8655400000032456	0.5487655655653532
2.8655500000032457	0.5487414296788996
2.8655600000032457	0.5487172928737624
2.865570000003246	0.5486931551524888
2.865580000003246	0.5486690165176262
2.865590000003246	0.5486448769717557
2.865600000003246	0.5486207365174876
2.865610000003246	0.5485965951574439
2.865620000003246	0.5485724528942726
2.865630000003246	0.5485483097306447
2.8656400000032463	0.5485241656692457
2.8656500000032463	0.5485000207127942
2.8656600000032464	0.5484758748640265
2.8656700000032465	0.5484517281256994
2.8656800000032465	0.5484275805005927
2.8656900000032466	0.5484034319915075
2.8657000000032467	0.5483792826012674
2.8657100000032467	0.548355132332718
2.865720000003247	0.5483309811887269
2.865730000003247	0.5483068291721837
2.865740000003247	0.5482826762859999
2.865750000003247	0.5482585225331085
2.865760000003247	0.5482343679164668
2.865770000003247	0.5482102124390548
2.865780000003247	0.5481860561038696
2.8657900000032472	0.5481618989139349
2.8658000000032473	0.5481377408727636
2.8658100000032474	0.5481135819830273
2.8658200000032474	0.5480894222477489
2.8658300000032475	0.5480652616700364
2.8658400000032476	0.5480411002530239
2.8658500000032476	0.5480169379998673
2.8658600000032477	0.5479927749137445
2.8658700000032478	0.5479686109978559
2.865880000003248	0.5479444462554228
2.865890000003248	0.5479202806896898
2.865900000003248	0.5478961143039212
2.865910000003248	0.5478719471014046
2.865920000003248	0.5478477790854483
2.865930000003248	0.5478236102593823
2.8659400000032482	0.5477994406265577
2.8659500000032483	0.5477752701903473
2.8659600000032484	0.5477510989543307
2.8659700000032484	0.5477269269217739
2.8659800000032485	0.547702754096067
2.8659900000032486	0.5476785804806681
2.8660000000032486	0.547654406079055
2.8660100000032487	0.5476302308947313
2.8660200000032487	0.5476060549312153
2.866030000003249	0.5475818781920437
2.866040000003249	0.5475577006807785
2.866050000003249	0.5475335224010024
2.866060000003249	0.5475093433563191
2.866070000003249	0.5474851635503525
2.866080000003249	0.5474609829867471
2.866090000003249	0.5474368016691709
2.8661000000032493	0.5474126196013113
2.8661100000032493	0.5473884367868777
2.8661200000032494	0.5473642532295998
2.8661300000032495	0.5473400689332285
2.8661400000032495	0.5473158839015367
2.8661500000032496	0.5472916981383193
2.8661600000032497	0.5472675116473912
2.8661700000032497	0.5472433244325883
2.86618000000325	0.5472191364977701
2.86619000000325	0.5471949478468167
2.86620000000325	0.5471707584836241
2.86621000000325	0.5471465684121148
2.86622000000325	0.5471223776362357
2.86623000000325	0.5470981861599513
2.86624000000325	0.5470739939872503
2.8662500000032503	0.5470498011221396
2.8662600000032503	0.5470256075686493
2.8662700000032504	0.5470014133308296
2.8662800000032504	0.5469772184127509
2.8662900000032505	0.5469530228185052
2.8663000000032506	0.5469288265522046
2.8663100000032506	0.5469046296179833
2.8663200000032507	0.5468804320199946
2.8663300000032508	0.5468562337624127
2.866340000003251	0.5468320348494323
2.866350000003251	0.5468078352852689
2.866360000003251	0.546783635074167
2.866370000003251	0.5467594342203779
2.866380000003251	0.5467352327281711
2.866390000003251	0.5467110306018426
2.8664000000032512	0.5466868278457098
2.8664100000032513	0.5466626244641059
2.8664200000032514	0.5466384204613884
2.8664300000032514	0.5466142158419309
2.8664400000032515	0.5465900106101285
2.8664500000032516	0.546565804770395
2.8664600000032516	0.5465415983271648
2.8664700000032517	0.5465173912836214
2.8664800000032518	0.546493183645332
2.866490000003252	0.5464689754169247
2.866500000003252	0.546444766602908
2.866510000003252	0.5464205572078136
2.866520000003252	0.546396347237695
2.866530000003252	0.54637213669588
2.866540000003252	0.5463479255867577
2.866550000003252	0.5463237139149408
2.8665600000032523	0.5462995016850646
2.8665700000032523	0.5462752889003278
2.8665800000032524	0.546251075568062
2.8665900000032525	0.5462268616919472
2.8666000000032525	0.5462026472764984
2.8666100000032526	0.5461784323264445
2.8666200000032527	0.5461542168465342
2.8666300000032527	0.5461300008415372
2.866640000003253	0.5461057843162409
2.866650000003253	0.5460815672754507
2.866660000003253	0.5460573497239919
2.866670000003253	0.5460331316667086
2.866680000003253	0.5460089131084637
2.866690000003253	0.5459846940541387
2.866700000003253	0.5459604745086348
2.8667100000032533	0.5459362544768708
2.8667200000032533	0.5459120339637858
2.8667300000032534	0.545887812974337
2.8667400000032535	0.5458635915132845
2.8667500000032535	0.5458393695857845
2.8667600000032536	0.5458151471962572
2.8667700000032537	0.5457909243504278
2.8667800000032537	0.5457667010532702
2.866790000003254	0.5457424773098227
2.866800000003254	0.5457182531251971
2.866810000003254	0.5456940285045023
2.866820000003254	0.5456698034528621
2.866830000003254	0.5456455779754199
2.866840000003254	0.545621352077336
2.866850000003254	0.5455971257637899
2.8668600000032542	0.5455728990399793
2.8668700000032543	0.5455486719111203
2.8668800000032544	0.5455244443824474
2.8668900000032544	0.5455002164592131
2.8669000000032545	0.5454759881466889
2.8669100000032546	0.5454517594501642
2.8669200000032546	0.5454275303749445
2.8669300000032547	0.5454033009263549
2.8669400000032548	0.5453790711097384
2.866950000003255	0.545354840930428
2.866960000003255	0.5453306103938312
2.866970000003255	0.545306379505345
2.866980000003255	0.5452821482702214
2.866990000003255	0.5452579166939253
2.867000000003255	0.5452336847820136
2.8670100000032552	0.5452094525399616
2.8670200000032553	0.5451852199729748
2.8670300000032554	0.5451609870867629
2.8670400000032554	0.545136753886953
2.8670500000032555	0.5451125203790862
2.8670600000032556	0.5450882865687228
2.8670700000032556	0.5450640524614399
2.8670800000032557	0.5450398180628319
2.8670900000032558	0.5450155833785093
2.867100000003256	0.5449913484141035
2.867110000003256	0.5449671131752599
2.867120000003256	0.544942877667643
2.867130000003256	0.5449186418969207
2.867140000003256	0.5448944058687951
2.867150000003256	0.5448701695889764
2.867160000003256	0.5448459330631915
2.8671700000032563	0.5448216962971825
2.8671800000032563	0.5447974592967065
2.8671900000032564	0.5447732220675376
2.8672000000032565	0.5447489846154644
2.8672100000032565	0.5447247469462909
2.8672200000032566	0.5447005090658372
2.8672300000032567	0.5446762709799376
2.8672400000032567	0.544652032694443
2.867250000003257	0.5446277942152186
2.867260000003257	0.5446035555481457
2.867270000003257	0.544579316699122
2.867280000003257	0.5445550776740589
2.867290000003257	0.5445308384788812
2.867300000003257	0.5445065991195349
2.867310000003257	0.5444823596019792
2.8673200000032573	0.5444581199320202
2.8673300000032573	0.5444338801158152
2.8673400000032574	0.544409640159406
2.8673500000032575	0.5443854000688073
2.8673600000032575	0.5443611598500653
2.8673700000032576	0.5443369195092367
2.8673800000032577	0.5443126790523923
2.8673900000032577	0.5442884384856196
2.867400000003258	0.5442641978150221
2.867410000003258	0.5442399570467193
2.867420000003258	0.5442157161868454
2.867430000003258	0.5441914752415337
2.867440000003258	0.5441672342169774
2.867450000003258	0.5441429931193523
2.867460000003258	0.544118751954855
2.8674700000032582	0.5440945107296976
2.8674800000032583	0.5440702694501077
2.8674900000032584	0.5440460281223845
2.8675000000032584	0.5440217867527289
2.8675100000032585	0.5439975453474061
2.8675200000032586	0.543973303912701
2.8675300000032586	0.5439490624549715
2.8675400000032587	0.5439248209804329
2.8675500000032588	0.5439005794953949
2.867560000003259	0.5438763380061954
2.867570000003259	0.5438520965189807
2.867580000003259	0.5438278550403426
2.867590000003259	0.5438036135766542
2.867600000003259	0.5437793721343092
2.867610000003259	0.5437551307197286
2.8676200000032592	0.5437308893393391
2.8676300000032593	0.5437066479996531
2.8676400000032594	0.5436824067070927
2.8676500000032594	0.5436581654680939
2.8676600000032595	0.5436339242891363
2.8676700000032596	0.5436096831767031
2.8676800000032596	0.5435854421373051
2.8676900000032597	0.5435612011774617
2.8677000000032598	0.5435369603036923
2.86771000000326	0.5435127195225488
2.86772000000326	0.5434884788405895
2.86773000000326	0.543464238264388
2.86774000000326	0.5434399978005251
2.86775000000326	0.5434157574555957
2.86776000000326	0.5433915172362086
2.86777000000326	0.5433672771489853
2.8677800000032603	0.5433430372005612
2.8677900000032603	0.5433187973975839
2.8678000000032604	0.5432945577466844
2.8678100000032605	0.5432703182544832
2.8678200000032605	0.5432460789277178
2.8678300000032606	0.5432218397730848
2.8678400000032607	0.543197600797298
2.8678500000032607	0.5431733620070835
2.867860000003261	0.5431491234091794
2.867870000003261	0.5431248850103362
2.867880000003261	0.5431006468173173
2.867890000003261	0.5430764088368991
2.867900000003261	0.5430521710758701
2.867910000003261	0.5430279335410303
2.867920000003261	0.5430036962391939
2.8679300000032613	0.5429794591771863
2.8679400000032613	0.54295522236151
2.8679500000032614	0.5429309857992421
2.8679600000032615	0.5429067494973242
2.8679700000032615	0.542882513462633
2.8679800000032616	0.5428582777020514
2.8679900000032617	0.5428340422224122
2.8680000000032617	0.5428098070306672
2.868010000003262	0.5427855721337623
2.868020000003262	0.5427613375386243
2.868030000003262	0.5427371032521933
2.868040000003262	0.5427128692814202
2.868050000003262	0.5426886356332878
2.868060000003262	0.5426644023147443
2.868070000003262	0.542640169332767
2.8680800000032622	0.5426159366943472
2.8680900000032623	0.5425917044064851
2.8681000000032624	0.5425674724761915
2.8681100000032624	0.5425432409104867
2.8681200000032625	0.5425190097163999
2.8681300000032626	0.5424947789009721
2.8681400000032626	0.5424705484712623
2.8681500000032627	0.5424463184343207
2.8681600000032628	0.542422088797215
2.868170000003263	0.5423978595670235
2.868180000003263	0.542373630750891
2.868190000003263	0.5423494023558846
2.868200000003263	0.5423251743891055
2.868210000003263	0.5423009468576537
2.868220000003263	0.5422767197686543
2.8682300000032632	0.5422524931292412
2.8682400000032633	0.5422282669465588
2.8682500000032634	0.5422040412277598
2.8682600000032634	0.5421798159800073
2.8682700000032635	0.542155591210473
2.8682800000032636	0.542131366926339
2.8682900000032636	0.5421071431348022
2.8683000000032637	0.5420829198430591
2.8683100000032637	0.5420586970583198
2.868320000003264	0.5420344747878036
2.868330000003264	0.54201025303874
2.868340000003264	0.5419860318183674
2.868350000003264	0.5419618111339329
2.868360000003264	0.5419375909926943
2.868370000003264	0.541913371401918
2.868380000003264	0.5418891523688789
2.8683900000032643	0.5418649339008618
2.8684000000032643	0.5418407160051598
2.8684100000032644	0.5418164986890751
2.8684200000032645	0.5417922819599175
2.8684300000032645	0.5417680658250059
2.8684400000032646	0.5417438502916692
2.8684500000032647	0.541719635367242
2.8684600000032647	0.5416954210590685
2.868470000003265	0.5416712073745007
2.868480000003265	0.541646994320898
2.868490000003265	0.5416227819056278
2.868500000003265	0.5415985701361535
2.868510000003265	0.5415743590198439
2.868520000003265	0.5415501485640167
2.868530000003265	0.5415259387760688
2.8685400000032653	0.5415017296634049
2.8685500000032653	0.5414775212334338
2.8685600000032654	0.5414533134935723
2.8685700000032655	0.5414291064512424
2.8685800000032655	0.5414049001138728
2.8685900000032656	0.5413806944888976
2.8686000000032656	0.541356489583758
2.8686100000032657	0.5413322854058997
2.868620000003266	0.5413080819627744
2.868630000003266	0.5412838792618407
2.868640000003266	0.5412596773105607
2.868650000003266	0.5412354761164034
2.868660000003266	0.5412112756868437
2.868670000003266	0.5411870760293611
2.868680000003266	0.5411628771514415
2.8686900000032662	0.5411386790605752
2.8687000000032663	0.5411144817642575
2.8687100000032664	0.5410902852699925
2.8687200000032664	0.5410660895852961
2.8687300000032665	0.5410418947176703
2.8687400000032666	0.5410177006746385
2.8687500000032666	0.5409935074637269
2.8687600000032667	0.5409693150924655
2.8687700000032668	0.5409451235683919
2.868780000003267	0.5409209328990493
2.868790000003267	0.5408967430919865
2.868800000003267	0.5408725541555033
2.868810000003267	0.5408483660966406
2.868820000003267	0.5408241789229649
2.868830000003267	0.5407999926420457
2.868840000003267	0.5407758072614584
2.8688500000032673	0.5407516227887809
2.8688600000032674	0.5407274392315933
2.8688700000032674	0.5407032565974786
2.8688800000032675	0.5406790748940217
2.8688900000032675	0.5406548941288096
2.8689000000032676	0.5406307143094322
2.8689100000032677	0.5406065354434819
2.8689200000032677	0.5405823575385543
2.868930000003268	0.5405581806022475
2.868940000003268	0.5405340046421745
2.868950000003268	0.5405098296659341
2.868960000003268	0.5404856556811316
2.868970000003268	0.5404614826953683
2.868980000003268	0.5404373107162768
2.868990000003268	0.5404131397514794
2.8690000000032683	0.5403889698086047
2.8690100000032683	0.5403648008952856
2.8690200000032684	0.5403406330191539
2.8690300000032685	0.5403164661878804
2.8690400000032685	0.5402923004090963
2.8690500000032686	0.5402681356904561
2.8690600000032687	0.5402439720396198
2.8690700000032687	0.5402198094642522
2.869080000003269	0.5401956479720236
2.869090000003269	0.540171487570608
2.869100000003269	0.5401473282676856
2.869110000003269	0.5401231700709399
2.869120000003269	0.5400990129880587
2.869130000003269	0.5400748570267339
2.869140000003269	0.5400507021946608
2.8691500000032693	0.5400265484995379
2.8691600000032693	0.5400023959490665
2.8691700000032694	0.5399782445509503
2.8691800000032694	0.5399540943128949
2.8691900000032695	0.539929945242608
2.8692000000032696	0.5399057973477981
2.8692100000032696	0.5398816506361731
2.8692200000032697	0.5398575051154475
2.8692300000032698	0.5398333607933337
2.86924000000327	0.5398092176775432
2.86925000000327	0.5397850757757888
2.86926000000327	0.5397609350957828
2.86927000000327	0.5397367956452368
2.86928000000327	0.5397126574318637
2.86929000000327	0.5396885204633741
2.8693000000032702	0.5396643847474794
2.8693100000032703	0.5396402502918907
2.8693200000032704	0.539616117104318
2.8693300000032704	0.5395919851924713
2.8693400000032705	0.5395678545640602
2.8693500000032706	0.5395437252267937
2.8693600000032706	0.539519597188381
2.8693700000032707	0.5394954704565232
2.8693800000032708	0.5394713450389413
2.869390000003271	0.5394472209433415
2.869400000003271	0.5394230981774343
2.869410000003271	0.5393989767489299
2.869420000003271	0.5393748566655372
2.869430000003271	0.5393507379349692
2.869440000003271	0.5393266205649403
2.869450000003271	0.5393025045631645
2.8694600000032713	0.5392783899373562
2.8694700000032713	0.5392542766952323
2.8694800000032714	0.5392301648445099
2.8694900000032715	0.5392060543929075
2.8695000000032715	0.5391819453481449
2.8695100000032716	0.5391578377179432
2.8695200000032717	0.5391337315100249
2.8695300000032717	0.5391096267321125
2.869540000003272	0.5390855233919303
2.869550000003272	0.5390614214972037
2.869560000003272	0.5390373210556578
2.869570000003272	0.5390132220750193
2.869580000003272	0.5389891245630135
2.869590000003272	0.5389650285273674
2.869600000003272	0.5389409339758069
2.8696100000032723	0.5389168409160574
2.8696200000032723	0.5388927493558424
2.8696300000032724	0.5388686593028864
2.8696400000032725	0.5388445707649119
2.8696500000032725	0.5388204837496393
2.8696600000032726	0.5387963982647874
2.8696700000032727	0.5387723143180725
2.8696800000032727	0.5387482319172082
2.869690000003273	0.5387241510699057
2.869700000003273	0.538700071783873
2.869710000003273	0.5386759940668139
2.869720000003273	0.5386519179264305
2.869730000003273	0.53862784337042
2.869740000003273	0.5386037704064748
2.869750000003273	0.5385796990422871
2.8697600000032732	0.5385556292855421
2.8697700000032733	0.5385315611439216
2.8697800000032734	0.5385074946251037
2.8697900000032734	0.5384834297367624
2.8698000000032735	0.5384593664865673
2.8698100000032736	0.538435304882185
2.8698200000032736	0.538411244931277
2.8698300000032737	0.5383871866415018
2.8698400000032738	0.5383631300205152
2.869850000003274	0.5383390750759693
2.869860000003274	0.5383150218155139
2.869870000003274	0.5382909702467943
2.869880000003274	0.5382669203774533
2.869890000003274	0.5382428722151313
2.869900000003274	0.5382188257674665
2.8699100000032742	0.538194781042094
2.8699200000032743	0.5381707380466472
2.8699300000032744	0.5381466967887569
2.8699400000032744	0.5381226572760524
2.8699500000032745	0.5380986195161607
2.8699600000032746	0.538074583516707
2.8699700000032746	0.5380505492853143
2.8699800000032747	0.5380265168296025
2.8699900000032748	0.5380024861571902
2.870000000003275	0.5379784572756954
2.870010000003275	0.5379544301927301
2.870020000003275	0.5379304049159043
2.870030000003275	0.5379063814528257
2.870040000003275	0.5378823598110992
2.870050000003275	0.5378583399983261
2.870060000003275	0.5378343220221034
2.8700700000032753	0.5378103058900247
2.8700800000032753	0.5377862916096795
2.8700900000032754	0.5377622791886524
2.8701000000032755	0.5377382686345236
2.8701100000032755	0.5377142599548648
2.8701200000032756	0.537690253157247
2.8701300000032757	0.5376662482492334
2.8701400000032757	0.5376422452383821
2.870150000003276	0.5376182441322443
2.870160000003276	0.5375942449383658
2.870170000003276	0.537570247664285
2.870180000003276	0.5375462523175343
2.870190000003276	0.5375222589056394
2.870200000003276	0.537498267436119
2.870210000003276	0.5374742779164843
2.8702200000032763	0.5374502903542439
2.8702300000032763	0.537426304756892
2.8702400000032764	0.5374023211319198
2.8702500000032765	0.537378339486811
2.8702600000032765	0.5373543598290429
2.8702700000032766	0.5373303821660859
2.8702800000032767	0.537306406505403
2.8702900000032767	0.5372824328544574
2.870300000003277	0.5372584612206912
2.870310000003277	0.5372344916115483
2.870320000003277	0.5372105240344651
2.870330000003277	0.5371865584968708
2.870340000003277	0.5371625950061885
2.870350000003277	0.537138633569837
2.870360000003277	0.5371146741952232
2.8703700000032772	0.5370907168906418
2.8703800000032773	0.5370667616626348
2.8703900000032774	0.5370428085184579
2.8704000000032774	0.5370188574654915
2.8704100000032775	0.5369949085111124
2.8704200000032776	0.5369709616626954
2.8704300000032776	0.5369470169276093
2.8704400000032777	0.5369230743132192
2.8704500000032778	0.5368991338268854
2.870460000003278	0.536875195475963
2.870470000003278	0.5368512592677991
2.870480000003278	0.5368273252097412
2.870490000003278	0.536803393309129
2.870500000003278	0.5367794635732962
2.870510000003278	0.5367555360095697
2.8705200000032782	0.5367316106252698
2.8705300000032783	0.5367076874277101
2.8705400000032784	0.5366837664241966
2.8705500000032784	0.5366598476220275
2.8705600000032785	0.5366359310284927
2.8705700000032786	0.5366120166508748
2.8705800000032786	0.5365881044964462
2.8705900000032787	0.5365641945724718
2.8706000000032788	0.5365402868862079
2.870610000003279	0.536516381444899
2.870620000003279	0.5364924782557811
2.870630000003279	0.5364685773260803
2.870640000003279	0.5364446786630134
2.870650000003279	0.5364207822737862
2.870660000003279	0.5363968881655952
2.870670000003279	0.536372996345626
2.8706800000032793	0.5363491068210544
2.8706900000032793	0.5363252195990454
2.8707000000032794	0.536301334686754
2.8707100000032795	0.5362774520913244
2.8707200000032795	0.5362535718198889
2.8707300000032796	0.5362296938795726
2.8707400000032797	0.5362058182774893
2.8707500000032797	0.5361819450207427
2.87076000000328	0.536158074116426
2.87077000000328	0.5361342055716232
2.87078000000328	0.5361103393934062
2.87079000000328	0.5360864755888396
2.87080000000328	0.5360626141649772
2.87081000000328	0.536038755128864
2.87082000000328	0.5360148984875144
2.8708300000032803	0.5359910442479691
2.8708400000032803	0.5359671924172492
2.8708500000032804	0.5359433430023635
2.8708600000032805	0.5359194960103111
2.8708700000032805	0.5358956514480827
2.8708800000032806	0.53587180932266
2.8708900000032807	0.5358479696410183
2.8709000000032807	0.5358241324101229
2.870910000003281	0.5358002976369315
2.870920000003281	0.5357764653283941
2.870930000003281	0.5357526354914528
2.870940000003281	0.5357288081330337
2.870950000003281	0.5357049832600681
2.870960000003281	0.5356811608794738
2.870970000003281	0.5356573409981611
2.8709800000032812	0.5356335236230311
2.8709900000032813	0.5356097087609767
2.8710000000032814	0.5355858964188807
2.8710100000032814	0.5355620866036184
2.8710200000032815	0.535538279322055
2.8710300000032816	0.5355144745810467
2.8710400000032816	0.5354906723874385
2.8710500000032817	0.535466872748066
2.8710600000032818	0.5354430756697544
2.871070000003282	0.5354192811593141
2.871080000003282	0.5353954892235474
2.871090000003282	0.535371699869245
2.871100000003282	0.5353479131031837
2.871110000003282	0.535324128932128
2.871120000003282	0.5353003473628286
2.8711300000032822	0.5352765684020232
2.8711400000032823	0.5352527920564355
2.8711500000032824	0.5352290183327767
2.8711600000032824	0.5352052472377421
2.8711700000032825	0.5351814787780124
2.8711800000032826	0.5351577129602553
2.8711900000032826	0.5351339497911235
2.8712000000032827	0.5351101892772577
2.8712100000032827	0.5350864314252817
2.871220000003283	0.5350626762418033
2.871230000003283	0.5350389237334207
2.871240000003283	0.5350151739067187
2.871250000003283	0.5349914267682685
2.871260000003283	0.5349676823246277
2.871270000003283	0.534943940582342
2.871280000003283	0.5349202015479456
2.8712900000032833	0.5348964652279603
2.8713000000032833	0.5348727316288975
2.8713100000032834	0.5348490007572576
2.8713200000032835	0.5348252726195305
2.8713300000032835	0.5348015472221962
2.8713400000032836	0.5347778245717243
2.8713500000032837	0.5347541046745755
2.8713600000032837	0.5347303875371999
2.871370000003284	0.5347066731660401
2.871380000003284	0.534682961567528
2.871390000003284	0.5346592527480863
2.871400000003284	0.5346355467141285
2.871410000003284	0.5346118434720584
2.871420000003284	0.5345881430282697
2.871430000003284	0.5345644453891468
2.8714400000032843	0.5345407505610635
2.8714500000032843	0.5345170585503817
2.8714600000032844	0.5344933693634534
2.8714700000032845	0.5344696830066177
2.8714800000032845	0.5344459994862025
2.8714900000032846	0.5344223188085231
2.8715000000032846	0.534398640979881
2.8715100000032847	0.534374966006565
2.871520000003285	0.5343512938948484
2.871530000003285	0.5343276246509923
2.871540000003285	0.5343039582812409
2.871550000003285	0.5342802947918243
2.871560000003285	0.5342566341889565
2.871570000003285	0.5342329764788338
2.871580000003285	0.5342093216676398
2.8715900000032852	0.5341856697615426
2.8716000000032853	0.5341620207666924
2.8716100000032854	0.5341383746892238
2.8716200000032854	0.5341147315352548
2.8716300000032855	0.5340910913108876
2.8716400000032856	0.5340674540222085
2.8716500000032856	0.5340438196752881
2.8716600000032857	0.5340201882761817
2.8716700000032858	0.5339965598309288
2.871680000003286	0.5339729343455548
2.871690000003286	0.5339493118260695
2.871700000003286	0.5339256922784716
2.871710000003286	0.5339020757087407
2.871720000003286	0.5338784621228442
2.871730000003286	0.5338548515267363
2.871740000003286	0.5338312439263587
2.8717500000032863	0.5338076393276394
2.8717600000032864	0.5337840377364939
2.8717700000032864	0.5337604391588239
2.8717800000032865	0.5337368436005091
2.8717900000032865	0.5337132510674358
2.8718000000032866	0.5336896615654715
2.8718100000032867	0.5336660751004715
2.8718200000032867	0.5336424916782746
2.871830000003287	0.5336189113047086
2.871840000003287	0.5335953339855887
2.871850000003287	0.5335717597267182
2.871860000003287	0.5335481885338864
2.871870000003287	0.5335246204128715
2.871880000003287	0.5335010553694373
2.871890000003287	0.5334774934093339
2.8719000000032873	0.5334539345382986
2.8719100000032873	0.5334303787620555
2.8719200000032874	0.5334068260863144
2.8719300000032875	0.5333832765167706
2.8719400000032875	0.533359730059105
2.8719500000032876	0.5333361867189846
2.8719600000032877	0.5333126465020519
2.8719700000032877	0.5332891094139512
2.871980000003288	0.5332655754603061
2.871990000003288	0.5332420446467223
2.872000000003288	0.5332185169787891
2.872010000003288	0.5331949924620834
2.872020000003288	0.5331714711021657
2.872030000003288	0.5331479529045767
2.872040000003288	0.5331244378738631
2.8720500000032883	0.5331009260164511
2.8720600000032883	0.5330774173376159
2.8720700000032884	0.5330539118429356
2.8720800000032884	0.5330304095378728
2.8720900000032885	0.5330069104278768
2.8721000000032886	0.5329834145183846
2.8721100000032886	0.5329599218148185
2.8721200000032887	0.5329364323225885
2.8721300000032888	0.5329129460467189
2.872140000003289	0.5328894629931467
2.872150000003289	0.5328659831671372
2.872160000003289	0.5328425065740435
2.872170000003289	0.5328190332192019
2.872180000003289	0.5327955631079296
2.872190000003289	0.5327720962455261
2.8722000000032892	0.5327486326372755
2.8722100000032893	0.5327251722884406
2.8722200000032894	0.5327017152042685
2.8722300000032894	0.5326782613904446
2.8722400000032895	0.5326548108515169
2.8722500000032896	0.5326313635927774
2.8722600000032896	0.5326079196193964
2.8722700000032897	0.5325844789365304
2.8722800000032898	0.5325610415493196
2.87229000000329	0.5325376074628889
2.87230000000329	0.5325141766823471
2.87231000000329	0.5324907492127884
2.87232000000329	0.5324673250592885
2.87233000000329	0.5324439042269149
2.87234000000329	0.532420486720715
2.87235000000329	0.5323970725457252
2.8723600000032903	0.5323736617069658
2.8723700000032903	0.5323502542094429
2.8723800000032904	0.5323268500581487
2.8723900000032905	0.532303449258055
2.8724000000032905	0.5322800518141557
2.8724100000032906	0.5322566577313886
2.8724200000032907	0.5322332670146886
2.8724300000032907	0.5322098796689764
2.872440000003291	0.5321864956991571
2.872450000003291	0.5321631151101203
2.872460000003291	0.532139737907533
2.872470000003291	0.532116364096024
2.872480000003291	0.5320929936800189
2.872490000003291	0.5320696266643424
2.872500000003291	0.5320462630537963
2.8725100000032913	0.5320229028531724
2.8725200000032913	0.5319995460672391
2.8725300000032914	0.5319761927007427
2.8725400000032915	0.5319528427584089
2.8725500000032915	0.5319294962449441
2.8725600000032916	0.5319061531649195
2.8725700000032917	0.5318828135231563
2.8725800000032917	0.5318594773242857
2.872590000003292	0.531836144572934
2.872600000003292	0.5318128152737075
2.872610000003292	0.5317894894311804
2.872620000003292	0.5317661670499294
2.872630000003292	0.5317428481345058
2.872640000003292	0.5317195326894399
2.872650000003292	0.5316962207192452
2.8726600000032922	0.5316729122284175
2.8726700000032923	0.5316496072214362
2.8726800000032924	0.5316263057027656
2.8726900000032924	0.531603007676853
2.8727000000032925	0.5315797131481317
2.8727100000032926	0.53155642212102
2.8727200000032926	0.5315331345999205
2.8727300000032927	0.5315098505892253
2.8727400000032928	0.5314865700933106
2.872750000003293	0.5314632931165395
2.872760000003293	0.5314400196632617
2.872770000003293	0.5314167497378132
2.872780000003293	0.5313934833445098
2.872790000003293	0.5313702204876657
2.872800000003293	0.5313469611715781
2.8728100000032932	0.5313237054005281
2.8728200000032933	0.5313004531787836
2.8728300000032934	0.531277204510597
2.8728400000032934	0.5312539594002071
2.8728500000032935	0.5312307178518367
2.8728600000032936	0.5312074798696922
2.8728700000032936	0.5311842454579663
2.8728800000032937	0.531161014620844
2.8728900000032938	0.5311377873615943
2.872900000003294	0.5311145636862076
2.872910000003294	0.5310913435970249
2.872920000003294	0.5310681270990552
2.872930000003294	0.5310449141964526
2.872940000003294	0.5310217048932823
2.872950000003294	0.5309984991935885
2.872960000003294	0.5309752971013932
2.8729700000032943	0.5309520986206977
2.8729800000032943	0.5309289037554809
2.8729900000032944	0.5309057125097089
2.8730000000032945	0.5308825248873095
2.8730100000032945	0.5308593408921953
2.8730200000032946	0.5308361605282603
2.8730300000032947	0.530812983799376
2.8730400000032947	0.5307898107093934
2.873050000003295	0.5307666412621446
2.873060000003295	0.5307434754614442
2.873070000003295	0.5307203133110868
2.873080000003295	0.5306971548148487
2.873090000003295	0.5306739999764877
2.873100000003295	0.5306508487997452
2.873110000003295	0.5306277012883444
2.8731200000032953	0.530604557445993
2.8731300000032953	0.5305814172763834
2.8731400000032954	0.5305582807831917
2.8731500000032955	0.5305351479700794
2.8731600000032955	0.5305120188406922
2.8731700000032956	0.5304888933986615
2.8731800000032957	0.5304657716476038
2.8731900000032957	0.5304426535911214
2.873200000003296	0.5304195392328015
2.873210000003296	0.530396428576216
2.873220000003296	0.5303733216249239
2.873230000003296	0.5303502183824699
2.873240000003296	0.5303271188523835
2.873250000003296	0.5303040230381771
2.873260000003296	0.5302809309433822
2.8732700000032962	0.5302578425714423
2.8732800000032963	0.5302347579258297
2.8732900000032964	0.5302116770099946
2.8733000000032964	0.5301885998273694
2.8733100000032965	0.530165526381371
2.8733200000032966	0.5301424566753975
2.8733300000032966	0.5301193907128291
2.8733400000032967	0.5300963284970287
2.8733500000032968	0.5300732700313392
2.873360000003297	0.5300502153190851
2.873370000003297	0.530027164363572
2.873380000003297	0.5300041171680849
2.873390000003297	0.52998107373589
2.873400000003297	0.5299580340702323
2.873410000003297	0.529934998174336
2.8734200000032972	0.5299119660514056
2.8734300000032973	0.5298889377046255
2.8734400000032974	0.5298659131371593
2.8734500000032974	0.5298428923521487
2.8734600000032975	0.5298198753527172
2.8734700000032976	0.5297968621419646
2.8734800000032976	0.529773852722971
2.8734900000032977	0.5297508470987962
2.8735000000032977	0.52972784527248
2.873510000003298	0.5297048472470414
2.873520000003298	0.5296818530254804
2.873530000003298	0.5296588626107843
2.873540000003298	0.5296358760059061
2.873550000003298	0.5296128932137878
2.873560000003298	0.5295899142373517
2.873570000003298	0.5295669390795028
2.8735800000032983	0.5295439677431276
2.8735900000032983	0.5295210002310945
2.8736000000032984	0.5294980365462549
2.8736100000032985	0.529475076691443
2.8736200000032985	0.5294521206694759
2.8736300000032986	0.529429168483154
2.8736400000032987	0.529406220135262
2.8736500000032987	0.5293832756285676
2.873660000003299	0.5293603349658229
2.873670000003299	0.5293373981497639
2.873680000003299	0.5293144651831112
2.873690000003299	0.5292915360685676
2.873700000003299	0.5292686108088229
2.873710000003299	0.5292456894065505
2.873720000003299	0.5292227718644068
2.8737300000032993	0.5291998581850287
2.8737400000032993	0.5291769483710438
2.8737500000032994	0.5291540424250607
2.8737600000032995	0.5291311403496727
2.8737700000032995	0.5291082421474455
2.8737800000032996	0.5290853478209421
2.8737900000032996	0.5290624573727012
2.8738000000032997	0.5290395708052437
2.8738100000033	0.5290166881210717
2.8738200000033	0.5289938093226693
2.8738300000033	0.5289709344125002
2.8738400000033	0.5289480633930097
2.8738500000033	0.528925196266623
2.8738600000033	0.5289023330357487
2.8738700000033	0.5288794737027684
2.8738800000033002	0.5288566182700473
2.8738900000033003	0.5288337667399288
2.8739000000033004	0.528810919114736
2.8739100000033004	0.5287880753967709
2.8739200000033005	0.5287652355883143
2.8739300000033006	0.5287423996916264
2.8739400000033006	0.5287195677089456
2.8739500000033007	0.5286967396424894
2.8739600000033008	0.5286739154944549
2.873970000003301	0.5286510952670175
2.873980000003301	0.5286282789623364
2.873990000003301	0.5286054665825415
2.874000000003301	0.5285826581297477
2.874010000003301	0.5285598536060497
2.874020000003301	0.5285370530135222
2.874030000003301	0.5285142563542202
2.8740400000033013	0.5284914636301794
2.8740500000033014	0.5284686748434174
2.8740600000033014	0.5284458899959322
2.8740700000033015	0.5284231090897039
2.8740800000033015	0.5284003321266932
2.8740900000033016	0.5283775591088462
2.8741000000033017	0.5283547900380895
2.8741100000033017	0.5283320249163328
2.874120000003302	0.5283092637454682
2.874130000003302	0.5282865065273711
2.874140000003302	0.5282637532639008
2.874150000003302	0.5282410039568968
2.874160000003302	0.5282182586081863
2.874170000003302	0.5281955172195797
2.874180000003302	0.5281727797928698
2.8741900000033023	0.5281500463298334
2.8742000000033023	0.5281273168322301
2.8742100000033024	0.5281045913018033
2.8742200000033025	0.5280818697402808
2.8742300000033025	0.5280591521493719
2.8742400000033026	0.5280364385307708
2.8742500000033027	0.5280137288861538
2.8742600000033027	0.5279910232171802
2.874270000003303	0.5279683215254914
2.874280000003303	0.5279456238127113
2.874290000003303	0.527922930080446
2.874300000003303	0.5279002403302893
2.874310000003303	0.5278775545638055
2.874320000003303	0.5278548727825447
2.874330000003303	0.5278321949880367
2.8743400000033033	0.527809521181799
2.8743500000033033	0.5277868513653168
2.8743600000033034	0.5277641855400619
2.8743700000033034	0.527741523707488
2.8743800000033035	0.5277188658690243
2.8743900000033036	0.5276962120260817
2.8744000000033036	0.5276735621800499
2.8744100000033037	0.5276509163322973
2.8744200000033038	0.5276282744841714
2.874430000003304	0.5276056366369982
2.874440000003304	0.5275830027920819
2.874450000003304	0.5275603729507068
2.874460000003304	0.5275377471141348
2.874470000003304	0.5275151252836068
2.874480000003304	0.527492507460349
2.8744900000033042	0.5274698936455515
2.8745000000033043	0.5274472838403939
2.8745100000033044	0.5274246780460351
2.8745200000033044	0.5274020762636131
2.8745300000033045	0.5273794784942458
2.8745400000033046	0.5273568847390323
2.8745500000033046	0.5273342949990523
2.8745600000033047	0.5273117092753672
2.8745700000033048	0.5272891275690204
2.874580000003305	0.5272665498810353
2.874590000003305	0.52724397621242
2.874600000003305	0.5272214065641656
2.874610000003305	0.5271988409372457
2.874620000003305	0.5271762793326167
2.874630000003305	0.5271537217512203
2.874640000003305	0.5271311681939824
2.8746500000033053	0.5271086186618124
2.8746600000033053	0.5270860731556045
2.8746700000033054	0.5270635316762368
2.8746800000033055	0.5270409942245721
2.8746900000033055	0.5270184608014576
2.8747000000033056	0.5269959314077248
2.8747100000033057	0.526973406044189
2.8747200000033057	0.5269508847116484
2.874730000003306	0.5269283674108863
2.874740000003306	0.5269058541426679
2.874750000003306	0.5268833449077412
2.874760000003306	0.5268608397068353
2.874770000003306	0.5268383385406628
2.874780000003306	0.5268158414099191
2.874790000003306	0.5267933483152779
2.8748000000033063	0.526770859257394
2.8748100000033063	0.5267483742365467
2.8748200000033064	0.5267258932533435
2.8748300000033065	0.5267034163085812
2.8748400000033065	0.5266809434028326
2.8748500000033066	0.5266584745366497
2.8748600000033067	0.5266360097105637
2.8748700000033067	0.5266135489250869
2.874880000003307	0.5265910921807117
2.874890000003307	0.5265686394779102
2.874900000003307	0.5265461908171352
2.874910000003307	0.5265237461988183
2.874920000003307	0.5265013056233712
2.874930000003307	0.526478869091184
2.874940000003307	0.5264564366026272
2.8749500000033072	0.5264340081580596
2.8749600000033073	0.5264115837578028
2.8749700000033074	0.5263891634021646
2.8749800000033074	0.5263667470915592
2.8749900000033075	0.5263443348264194
2.8750000000033076	0.5263219266068225
2.8750100000033076	0.5262995224329967
2.8750200000033077	0.5262771223051508
2.8750300000033078	0.5262547262234716
2.875040000003308	0.5262323341881233
2.875050000003308	0.5262099461992542
2.875060000003308	0.5261875622569905
2.875070000003308	0.5261651823614389
2.875080000003308	0.5261428065126872
2.875090000003308	0.5261204347108059
2.8751000000033082	0.5260980669558444
2.8751100000033083	0.5260757032478355
2.8751200000033084	0.5260533435867971
2.8751300000033084	0.5260309879727212
2.8751400000033085	0.5260086364055899
2.8751500000033086	0.5259862888853489
2.8751600000033086	0.5259639454119569
2.8751700000033087	0.5259416059853477
2.8751800000033088	0.52591927060543
2.875190000003309	0.525896939272098
2.875200000003309	0.5258746119852411
2.875210000003309	0.525852288744716
2.875220000003309	0.5258299695503678
2.875230000003309	0.5258076544020258
2.875240000003309	0.5257853432995028
2.875250000003309	0.5257630362425941
2.8752600000033093	0.5257407332310775
2.8752700000033093	0.5257184342647138
2.8752800000033094	0.5256961393432452
2.8752900000033095	0.5256738484663959
2.8753000000033095	0.5256515616338723
2.8753100000033096	0.5256292788453617
2.8753200000033097	0.525607000100533
2.8753300000033097	0.5255847253990359
2.87534000000331	0.5255624547405006
2.87535000000331	0.5255401881245387
2.87536000000331	0.5255179255507418
2.87537000000331	0.5254956670186817
2.87538000000331	0.52547341252791
2.87539000000331	0.5254511620779598
2.87540000000331	0.5254289156683432
2.8754100000033103	0.5254066732985522
2.8754200000033103	0.5253844349680595
2.8754300000033104	0.5253622006763227
2.8754400000033105	0.5253399704227695
2.8754500000033105	0.5253177442068139
2.8754600000033106	0.5252955220278491
2.8754700000033107	0.5252733038852488
2.8754800000033107	0.5252510897784998
2.875490000003311	0.5252288797061975
2.875500000003311	0.5252066736679514
2.875510000003311	0.5251844716630558
2.875520000003311	0.5251622736907908
2.875530000003311	0.5251400797504215
2.875540000003311	0.5251178898411986
2.875550000003311	0.5250957039623598
2.8755600000033112	0.525073522113127
2.8755700000033113	0.5250513442927082
2.8755800000033114	0.5250291705002958
2.8755900000033114	0.525007000735067
2.8756000000033115	0.5249848349961828
2.8756100000033116	0.5249626732827881
2.8756200000033116	0.5249405155940109
2.8756300000033117	0.5249183619289594
2.8756400000033118	0.5248962122867277
2.875650000003312	0.5248740666663889
2.875660000003312	0.524851925066998
2.875670000003312	0.5248297874875889
2.875680000003312	0.5248076539271761
2.875690000003312	0.5247855243847598
2.875700000003312	0.5247633988593075
2.8757100000033122	0.5247412773497795
2.8757200000033123	0.5247191598550929
2.8757300000033124	0.5246970463741587
2.8757400000033124	0.5246749369058635
2.8757500000033125	0.5246528314490724
2.8757600000033126	0.5246307300026286
2.8757700000033126	0.524608632565355
2.8757800000033127	0.5245865391360521
2.8757900000033128	0.5245644497135
2.875800000003313	0.524542364296457
2.875810000003313	0.5245202828836665
2.875820000003313	0.5244982054738466
2.875830000003313	0.5244761320656909
2.875840000003313	0.5244540626578778
2.875850000003313	0.5244319972490664
2.875860000003313	0.5244099358378979
2.8758700000033133	0.5243878784229934
2.8758800000033133	0.5243658250029565
2.8758900000033134	0.5243437755763716
2.8759000000033135	0.5243217301418079
2.8759100000033135	0.5242996886978143
2.8759200000033136	0.5242776512429241
2.8759300000033137	0.5242556177756529
2.8759400000033137	0.524233588294498
2.875950000003314	0.52421156279794
2.875960000003314	0.5241895412844438
2.875970000003314	0.5241675237526643
2.875980000003314	0.5241455102014587
2.875990000003314	0.5241235006289273
2.876000000003314	0.5241014950334697
2.876010000003314	0.5240794934134642
2.8760200000033143	0.5240574957672653
2.8760300000033143	0.5240355020932087
2.8760400000033144	0.5240135123896075
2.8760500000033145	0.5239915266547593
2.8760600000033145	0.5239695448869292
2.8760700000033146	0.5239475670843678
2.8760800000033147	0.5239255932453053
2.8760900000033147	0.5239036233679528
2.876100000003315	0.5238816574505014
2.876110000003315	0.5238596954911303
2.876120000003315	0.5238377374879908
2.876130000003315	0.5238157834392196
2.876140000003315	0.5237938333429374
2.876150000003315	0.5237718871972448
2.876160000003315	0.5237499450002334
2.8761700000033152	0.5237280067499716
2.8761800000033153	0.5237060724445232
2.8761900000033154	0.5236841420819363
2.8762000000033154	0.5236622156602375
2.8762100000033155	0.5236402931774404
2.8762200000033156	0.5236183746315445
2.8762300000033156	0.5235964600204732
2.8762400000033157	0.5235745493422388
2.8762500000033158	0.5235526425948093
2.876260000003316	0.523530739776125
2.876270000003316	0.5235088408841106
2.876280000003316	0.5234869459166747
2.876290000003316	0.5234650548717096
2.876300000003316	0.5234431677470914
2.876310000003316	0.5234212845406878
2.8763200000033162	0.5233994052503336
2.8763300000033163	0.5233775298739811
2.8763400000033164	0.5233556584093347
2.8763500000033164	0.5233337908541571
2.8763600000033165	0.5233119272062146
2.8763700000033166	0.5232900674632538
2.8763800000033166	0.5232682116230016
2.8763900000033167	0.5232463596831654
2.8764000000033167	0.5232245116414316
2.876410000003317	0.5232026674954693
2.876420000003317	0.5231808272429231
2.876430000003317	0.523158990881419
2.876440000003317	0.5231371584085633
2.876450000003317	0.5231153298219422
2.876460000003317	0.5230935051191211
2.876470000003317	0.5230716842976482
2.8764800000033173	0.5230498673550521
2.8764900000033173	0.5230280542888417
2.8765000000033174	0.5230062450965082
2.8765100000033175	0.5229844397755239
2.8765200000033175	0.5229626383233452
2.8765300000033176	0.5229408407374082
2.8765400000033177	0.5229190470151318
2.8765500000033177	0.5228972571539185
2.876560000003318	0.5228754711511538
2.876570000003318	0.5228536890042068
2.876580000003318	0.5228319107104297
2.876590000003318	0.5228101362671586
2.876600000003318	0.5227883656717133
2.876610000003318	0.5227665989213971
2.876620000003318	0.5227448360134977
2.8766300000033183	0.5227230769452862
2.8766400000033183	0.5227013217139502
2.8766500000033184	0.5226795703167747
2.8766600000033185	0.5226578227509959
2.8766700000033185	0.5226360790138211
2.8766800000033186	0.5226143391024403
2.8766900000033186	0.5225926030140239
2.8767000000033187	0.5225708707457384
2.876710000003319	0.5225491422947189
2.876720000003319	0.5225274176580896
2.876730000003319	0.522505696832958
2.876740000003319	0.5224839798164151
2.876750000003319	0.5224622666055349
2.876760000003319	0.5224405571973744
2.876770000003319	0.5224188515889737
2.8767800000033192	0.5223971497773556
2.8767900000033193	0.5223754517595263
2.8768000000033194	0.5223537575324732
2.8768100000033194	0.5223320670931685
2.8768200000033195	0.522310380438565
2.8768300000033196	0.5222886975655993
2.8768400000033196	0.5222670184711887
2.8768500000033197	0.5222453431522341
2.8768600000033198	0.5222236716056164
2.87687000000332	0.522202003828203
2.87688000000332	0.5221803398168395
2.87689000000332	0.5221586795683548
2.87690000000332	0.5221370230795589
2.87691000000332	0.522115370347244
2.87692000000332	0.5220937213681837
2.87693000000332	0.5220720761391336
2.8769400000033203	0.5220504346568348
2.8769500000033204	0.5220287969180032
2.8769600000033204	0.5220071629193394
2.8769700000033205	0.5219855326575251
2.8769800000033205	0.5219639061292264
2.8769900000033206	0.5219422833310897
2.8770000000033207	0.5219206642597005
2.8770100000033207	0.5218990489116903
2.877020000003321	0.5218774372836701
2.877030000003321	0.5218558293722189
2.877040000003321	0.5218342251738982
2.877050000003321	0.5218126246852535
2.877060000003321	0.5217910279028154
2.877070000003321	0.5217694348230986
2.877080000003321	0.5217478454426023
2.8770900000033213	0.521726259757811
2.8771000000033213	0.5217046777651941
2.8771100000033214	0.5216830994612067
2.8771200000033215	0.5216615248422913
2.8771300000033215	0.5216399539048734
2.8771400000033216	0.5216183866453651
2.8771500000033217	0.5215968230601645
2.8771600000033217	0.5215752631456558
2.877170000003322	0.5215537068982086
2.877180000003322	0.5215321543141783
2.877190000003322	0.5215106053899066
2.877200000003322	0.5214890601217191
2.877210000003322	0.5214675185059273
2.877220000003322	0.5214459805388268
2.877230000003322	0.5214244462166978
2.8772400000033223	0.5214029155358039
2.8772500000033223	0.5213813884923936
2.8772600000033224	0.5213598650826969
2.8772700000033224	0.5213383453026931
2.8772800000033225	0.5213168291487782
2.8772900000033226	0.5212953166171537
2.8773000000033226	0.5212738077039826
2.8773100000033227	0.5212523024054062
2.8773200000033228	0.5212308007175476
2.877330000003323	0.521209302636511
2.877340000003323	0.5211878081583833
2.877350000003323	0.5211663172792358
2.877360000003323	0.5211448299951129
2.877370000003323	0.5211233463020452
2.877380000003323	0.5211018661960445
2.8773900000033232	0.5210803896731048
2.8774000000033233	0.5210589167292063
2.8774100000033234	0.5210374473606165
2.8774200000033234	0.5210159815625492
2.8774300000033235	0.5209945193310467
2.8774400000033236	0.520973060662019
2.8774500000033236	0.5209516055513628
2.8774600000033237	0.520930153994964
2.8774700000033238	0.5209087059886968
2.877480000003324	0.5208872615284245
2.877490000003324	0.5208658206100013
2.877500000003324	0.5208443832292692
2.877510000003324	0.5208229493820599
2.877520000003324	0.5208015190641943
2.877530000003324	0.520780092271482
2.877540000003324	0.5207586689997205
2.8775500000033243	0.520737249244695
2.8775600000033243	0.5207158330019414
2.8775700000033244	0.5206944202678946
2.8775800000033245	0.5206730110381682
2.8775900000033245	0.5206516053084899
2.8776000000033246	0.520630203074568
2.8776100000033247	0.5206088043320902
2.8776200000033247	0.5205874090767234
2.877630000003325	0.5205660173041121
2.877640000003325	0.5205446290098773
2.877650000003325	0.5205232441896179
2.877660000003325	0.5205018628389102
2.877670000003325	0.520480484953308
2.877680000003325	0.520459110528343
2.877690000003325	0.5204377395595252
2.8777000000033253	0.5204163720423446
2.8777100000033253	0.5203950079722705
2.8777200000033254	0.5203736473447529
2.8777300000033255	0.5203522901548336
2.8777400000033255	0.5203309363982669
2.8777500000033256	0.5203095860704807
2.8777600000033257	0.520288239166859
2.8777700000033257	0.5202668956830238
2.877780000003326	0.5202455556136266
2.877790000003326	0.5202242189541999
2.877800000003326	0.5202028857000793
2.877810000003326	0.5201815558465965
2.877820000003326	0.5201602293890781
2.877830000003326	0.5201389063228465
2.877840000003326	0.5201175866432206
2.8778500000033262	0.5200962703455156
2.8778600000033263	0.5200749574250425
2.8778700000033264	0.5200536478771082
2.8778800000033264	0.5200323416966719
2.8778900000033265	0.5200110388798183
2.8779000000033266	0.519989739421659
2.8779100000033266	0.5199684433174757
2.8779200000033267	0.5199471505625358
2.8779300000033268	0.5199258611520933
2.877940000003327	0.5199045750813844
2.877950000003327	0.5198832923456292
2.877960000003327	0.5198620129400281
2.877970000003327	0.5198407368597618
2.877980000003327	0.51981946409999
2.877990000003327	0.5197981946558522
2.8780000000033272	0.5197769285224655
2.8780100000033273	0.5197556656949245
2.8780200000033274	0.5197344061683019
2.8780300000033274	0.5197131499376476
2.8780400000033275	0.5196918969979901
2.8780500000033276	0.5196706473443363
2.8780600000033276	0.5196494009716718
2.8780700000033277	0.5196281578749622
2.8780800000033278	0.5196069180491543
2.878090000003328	0.5195856814891758
2.878100000003328	0.5195644481903291
2.878110000003328	0.5195432181466768
2.878120000003328	0.519521991353268
2.878130000003328	0.5195007678049689
2.878140000003328	0.5194795474966369
2.878150000003328	0.519458330423122
2.8781600000033283	0.5194371165792678
2.8781700000033283	0.5194159059599118
2.8781800000033284	0.5193946985598868
2.8781900000033285	0.5193734943740208
2.8782000000033285	0.5193522933971367
2.8782100000033286	0.5193310956240538
2.8782200000033287	0.5193099010495856
2.8782300000033287	0.5192887096685415
2.878240000003329	0.5192675214757244
2.878250000003329	0.5192463364659308
2.878260000003329	0.5192251546339499
2.878270000003329	0.5192039759745631
2.878280000003329	0.5191828004825421
2.878290000003329	0.5191616281526484
2.878300000003329	0.5191404589796321
2.8783100000033293	0.5191192929582304
2.8783200000033293	0.5190981300826536
2.8783300000033294	0.519076970348548
2.8783400000033295	0.5190558137504513
2.8783500000033295	0.5190346602830405
2.8783600000033296	0.5190135099409725
2.8783700000033297	0.5189923627188827
2.8783800000033297	0.5189712186113842
2.87839000000333	0.5189500776130687
2.87840000000333	0.5189289397185048
2.87841000000333	0.51890780492224
2.87842000000333	0.5188866732187998
2.87843000000333	0.5188655446026891
2.87844000000333	0.5188444190683917
2.87845000000333	0.5188232966103692
2.8784600000033302	0.5188021772230759
2.8784700000033303	0.5187810609009441
2.8784800000033304	0.5187599476383902
2.8784900000033304	0.5187388374298169
2.8785000000033305	0.5187177302696145
2.8785100000033306	0.5186966261521617
2.8785200000033306	0.5186755250723355
2.8785300000033307	0.5186544270235552
2.8785400000033308	0.518633332000322
2.878550000003331	0.5186122399969924
2.878560000003331	0.5185911510079106
2.878570000003331	0.5185700650274181
2.878580000003331	0.5185489820498559
2.878590000003331	0.518527902069564
2.878600000003331	0.5185068250808836
2.8786100000033312	0.5184857510781533
2.8786200000033313	0.5184646800557124
2.8786300000033314	0.5184436120078992
2.8786400000033314	0.5184225469293664
2.8786500000033315	0.518401484814379
2.8786600000033316	0.5183804256570871
2.8786700000033316	0.5183593694518148
2.8786800000033317	0.5183383161928766
2.8786900000033318	0.518317265874578
2.878700000003332	0.5182962184912112
2.878710000003332	0.5182751740370569
2.878720000003332	0.5182541325063829
2.878730000003332	0.5182330938934432
2.878740000003332	0.5182120581924761
2.878750000003332	0.5181910253977038
2.878760000003332	0.5181699955033326
2.8787700000033323	0.5181489685035519
2.8787800000033323	0.5181279443925333
2.8787900000033324	0.5181069231644273
2.8788000000033325	0.5180859048133742
2.8788100000033325	0.5180648893334944
2.8788200000033326	0.5180438767188894
2.8788300000033327	0.5180228669636447
2.8788400000033327	0.518001860061829
2.878850000003333	0.5179808560074949
2.878860000003333	0.5179598547946808
2.878870000003333	0.51793885641741
2.878880000003333	0.5179178608696928
2.878890000003333	0.5178968681455264
2.878900000003333	0.5178758782388968
2.878910000003333	0.5178548911437788
2.8789200000033333	0.5178339068541374
2.8789300000033333	0.5178129253639283
2.8789400000033334	0.5177919466670994
2.8789500000033335	0.5177709707575909
2.8789600000033335	0.5177499976293358
2.8789700000033336	0.5177290272762523
2.8789800000033337	0.5177080596922702
2.8789900000033337	0.5176870948713077
2.879000000003334	0.5176661328072769
2.879010000003334	0.5176451734940846
2.879020000003334	0.5176242169256347
2.879030000003334	0.5176032630958258
2.879040000003334	0.517582311998914
2.879050000003334	0.5175613636287116
2.879060000003334	0.5175404179789812
2.8790700000033342	0.5175194750432767
2.8790800000033343	0.5174985348155146
2.8790900000033344	0.5174775972896851
2.8791000000033344	0.5174566624596483
2.8791100000033345	0.5174357303192572
2.8791200000033346	0.517414800862358
2.8791300000033346	0.5173938740827915
2.8791400000033347	0.5173729499743916
2.8791500000033348	0.5173520285309857
2.879160000003335	0.5173311097463931
2.879170000003335	0.517310193614425
2.879180000003335	0.5172892801288856
2.879190000003335	0.5172683692835701
2.879200000003335	0.5172474610722657
2.879210000003335	0.5172265554887499
2.8792200000033352	0.517205652526791
2.8792300000033353	0.5171847521801479
2.8792400000033354	0.5171638544425677
2.8792500000033354	0.5171429593077917
2.8792600000033355	0.5171220667695493
2.8792700000033356	0.5171011768215599
2.8792800000033356	0.5170802894575326
2.8792900000033357	0.5170594046711666
2.8793000000033357	0.5170385224561509
2.879310000003336	0.5170176428061692
2.879320000003336	0.5169967657148862
2.879330000003336	0.5169758911759631
2.879340000003336	0.5169550191830516
2.879350000003336	0.5169341497297955
2.879360000003336	0.5169132828098288
2.879370000003336	0.5168924184167787
2.8793800000033363	0.516871556544264
2.8793900000033363	0.5168506971858964
2.8794000000033364	0.5168298403352801
2.8794100000033365	0.5168089859860134
2.8794200000033365	0.5167881341316876
2.8794300000033366	0.5167672847658875
2.8794400000033367	0.516746437882192
2.8794500000033367	0.5167255934741748
2.879460000003337	0.5167047515354029
2.879470000003337	0.5166839120594399
2.879480000003337	0.5166630750398404
2.879490000003337	0.5166422404701558
2.879500000003337	0.5166214083439318
2.879510000003337	0.5166005786547091
2.879520000003337	0.5165797513960229
2.8795300000033373	0.5165589265614037
2.8795400000033373	0.5165381041443763
2.8795500000033374	0.5165172841384615
2.8795600000033374	0.5164964665371744
2.8795700000033375	0.516475651334025
2.8795800000033376	0.516454838522519
2.8795900000033376	0.5164340280961582
2.8796000000033377	0.5164132200483998
2.8796100000033378	0.516392414372794
2.879620000003338	0.5163716110628273
2.879630000003338	0.5163508101119844
2.879640000003338	0.5163300115137468
2.879650000003338	0.5163092152615927
2.879660000003338	0.5162884213489969
2.879670000003338	0.5162676297694322
2.8796800000033382	0.5162468405163685
2.8796900000033383	0.5162260535832733
2.8797000000033384	0.5162052689636131
2.8797100000033384	0.5161844866508507
2.8797200000033385	0.516163706638601
2.8797300000033386	0.5161429289201507
2.8797400000033386	0.5161221534889485
2.8797500000033387	0.5161013803384487
2.8797600000033388	0.5160806094621059
2.879770000003339	0.5160598408533716
2.879780000003339	0.516039074505695
2.879790000003339	0.5160183104125221
2.879800000003339	0.5159975485672955
2.879810000003339	0.5159767889634532
2.879820000003339	0.5159560315944295
2.879830000003339	0.5159352764536513
2.8798400000033393	0.5159145235345411
2.8798500000033393	0.5158937728305129
2.8798600000033394	0.5158730243349757
2.8798700000033395	0.5158522780413297
2.8798800000033395	0.5158315339429665
2.8798900000033396	0.5158107920332683
2.8799000000033397	0.515790052305609
2.8799100000033397	0.515769314753353
2.87992000000334	0.5157485793698546
2.87993000000334	0.5157278461484599
2.87994000000334	0.5157071150825058
2.87995000000334	0.5156863861653201
2.87996000000334	0.5156656593902239
2.87997000000334	0.5156449347505304
2.87998000000334	0.5156242122395474
2.8799900000033403	0.5156034918505764
2.8800000000033403	0.5155827735769162
2.8800100000033404	0.5155620574117925
2.8800200000033405	0.515541343348525
2.8800300000033405	0.5155206313804429
2.8800400000033406	0.5154999215008385
2.8800500000033407	0.5154792137030085
2.8800600000033407	0.5154585079802544
2.880070000003341	0.5154378043258816
2.880080000003341	0.5154171027332017
2.880090000003341	0.5153964031955324
2.880100000003341	0.5153757057061995
2.880110000003341	0.5153550102585487
2.880120000003341	0.5153343168459043
2.880130000003341	0.5153136254616145
2.8801400000033412	0.5152929360990349
2.8801500000033413	0.5152722487515289
2.8801600000033414	0.5152515634124653
2.8801700000033414	0.5152308800752189
2.8801800000033415	0.5152101987331693
2.8801900000033416	0.515189519379699
2.8802000000033416	0.515168842008193
2.8802100000033417	0.5151481666120317
2.8802200000033418	0.5151274931846038
2.880230000003342	0.5151068217192918
2.880240000003342	0.5150861522094736
2.880250000003342	0.5150654846485221
2.880260000003342	0.5150448190298029
2.880270000003342	0.5150241553466741
2.880280000003342	0.5150034935923962
2.8802900000033422	0.5149828337604204
2.8803000000033423	0.5149621758440784
2.8803100000033424	0.5149415198366876
2.8803200000033424	0.5149208657315555
2.8803300000033425	0.5149002135219782
2.8803400000033426	0.5148795632012422
2.8803500000033426	0.5148589147626238
2.8803600000033427	0.5148382681993904
2.8803700000033428	0.5148176235048019
2.880380000003343	0.5147969806721017
2.880390000003343	0.5147763396945481
2.880400000003343	0.5147557005653883
2.880410000003343	0.5147350632778664
2.880420000003343	0.5147144278252269
2.880430000003343	0.5146937942007175
2.880440000003343	0.5146731623975885
2.8804500000033433	0.5146525324090976
2.8804600000033433	0.5146319042285092
2.8804700000033434	0.514611277849097
2.8804800000033435	0.5145906532641447
2.8804900000033435	0.5145700304669475
2.8805000000033436	0.5145494094508128
2.8805100000033437	0.5145287902090606
2.8805200000033437	0.5145081727350245
2.880530000003344	0.5144875570220503
2.880540000003344	0.5144669430634968
2.880550000003344	0.5144463308527368
2.880560000003344	0.5144257203831523
2.880570000003344	0.5144051116481368
2.880580000003344	0.5143845046410942
2.880590000003344	0.5143638993554355
2.8806000000033443	0.5143432957845786
2.8806100000033443	0.5143226939219453
2.8806200000033444	0.5143020937609636
2.8806300000033445	0.5142814952950618
2.8806400000033445	0.5142608985176694
2.8806500000033446	0.5142403034222143
2.8806600000033447	0.5142197100021224
2.8806700000033447	0.5141991182508152
2.880680000003345	0.5141785281617106
2.880690000003345	0.5141579397282201
2.880700000003345	0.5141373529437496
2.880710000003345	0.5141167678016986
2.880720000003345	0.51409618429546
2.880730000003345	0.5140756024184195
2.880740000003345	0.5140550221639578
2.8807500000033452	0.5140344435254496
2.8807600000033453	0.5140138664962642
2.8807700000033454	0.5139932910697745
2.8807800000033454	0.5139727172393369
2.8807900000033455	0.5139521449983127
2.8808000000033456	0.5139315743400639
2.8808100000033456	0.5139110052579533
2.8808200000033457	0.5138904377453474
2.8808300000033458	0.5138698717956157
2.880840000003346	0.5138493074021341
2.880850000003346	0.5138287445582858
2.880860000003346	0.5138081832574609
2.880870000003346	0.5137876234930598
2.880880000003346	0.5137670652584923
2.880890000003346	0.5137465085468038
2.8809000000033462	0.5137259533518181
2.8809100000033463	0.5137053996670145
2.8809200000033464	0.5136848474858486
2.8809300000033464	0.5136642968017884
2.8809400000033465	0.5136437476086527
2.8809500000033466	0.513623199899586
2.8809600000033466	0.5136026536680546
2.8809700000033467	0.5135821089075694
2.8809800000033468	0.5135615656116514
2.880990000003347	0.5135410237738309
2.881000000003347	0.5135204833876472
2.881010000003347	0.5134999444466467
2.881020000003347	0.5134794069443832
2.881030000003347	0.513458870874417
2.881040000003347	0.5134383362303134
2.881050000003347	0.5134178030056435
2.8810600000033473	0.5133972711939818
2.8810700000033473	0.5133767407889075
2.8810800000033474	0.5133562117840018
2.8810900000033475	0.5133356841728505
2.8811000000033475	0.5133151579490416
2.8811100000033476	0.5132946331061689
2.8811200000033477	0.5132741096378229
2.8811300000033477	0.5132535875376
2.881140000003348	0.5132330667991009
2.881150000003348	0.5132125474159291
2.881160000003348	0.5131920293816924
2.881170000003348	0.513171512690003
2.881180000003348	0.5131509973344784
2.881190000003348	0.5131304833087419
2.881200000003348	0.5131099706064215
2.8812100000033483	0.513089459221153
2.8812200000033483	0.5130689491465791
2.8812300000033484	0.5130484403763499
2.8812400000033485	0.5130279329041232
2.8812500000033485	0.5130074267235653
2.8812600000033486	0.5129869218283516
2.8812700000033487	0.5129664182121657
2.8812800000033487	0.512945915868701
2.881290000003349	0.512925414791659
2.881300000003349	0.5129049149747512
2.881310000003349	0.5128844164116982
2.881320000003349	0.5128639190962293
2.881330000003349	0.512843423022083
2.881340000003349	0.5128229281830066
2.881350000003349	0.5128024345727561
2.8813600000033492	0.5127819421850958
2.8813700000033493	0.5127614510137982
2.8813800000033494	0.5127409610526442
2.8813900000033494	0.5127204722954228
2.8814000000033495	0.5126999847359308
2.8814100000033496	0.512679498367972
2.8814200000033496	0.5126590131853588
2.8814300000033497	0.51263852918191
2.8814400000033498	0.5126180463514568
2.88145000000335	0.5125975646878349
2.88146000000335	0.5125770841848895
2.88147000000335	0.512556604836489
2.88148000000335	0.5125361266364865
2.88149000000335	0.5125156495787471
2.88150000000335	0.5124951736571528
2.8815100000033502	0.512474698865596
2.8815200000033503	0.5124542251979793
2.8815300000033504	0.5124337526482171
2.8815400000033504	0.5124132812102346
2.8815500000033505	0.5123928108779696
2.8815600000033506	0.5123723416453714
2.8815700000033506	0.5123518735064032
2.8815800000033507	0.5123314064550397
2.8815900000033507	0.5123109404852695
2.881600000003351	0.512290475591094
2.881610000003351	0.5122700117665278
2.881620000003351	0.5122495490055302
2.881630000003351	0.5122290873020969
2.881640000003351	0.5122086266503183
2.881650000003351	0.5121881670442591
2.881660000003351	0.5121677084779994
2.8816700000033513	0.5121472509456306
2.8816800000033513	0.5121267944412616
2.8816900000033514	0.51210633895901
2.8817000000033515	0.5120858844930049
2.8817100000033515	0.5120654310373935
2.8817200000033516	0.512044978586221
2.8817300000033517	0.5120245271337486
2.8817400000033517	0.5120040766741547
2.881750000003352	0.5119836272016198
2.881760000003352	0.5119631787103318
2.881770000003352	0.5119427311944884
2.881780000003352	0.5119222846482935
2.881790000003352	0.5119018390659581
2.881800000003352	0.511881394441701
2.881810000003352	0.5118609507697478
2.8818200000033523	0.5118405080443318
2.8818300000033523	0.511820066259693
2.8818400000033524	0.5117996254100783
2.8818500000033525	0.5117791854897435
2.8818600000033525	0.5117587464929535
2.8818700000033526	0.5117383084139803
2.8818800000033526	0.5117178712471082
2.8818900000033527	0.5116974349866302
2.881900000003353	0.5116769996268512
2.881910000003353	0.5116565651620887
2.881920000003353	0.5116361315866724
2.881930000003353	0.5116156988949254
2.881940000003353	0.5115952670812237
2.881950000003353	0.5115748361399454
2.881960000003353	0.5115544060654797
2.8819700000033532	0.5115339768522338
2.8819800000033533	0.511513548494631
2.8819900000033534	0.5114931209871126
2.8820000000033534	0.5114726943241383
2.8820100000033535	0.5114522685001869
2.8820200000033536	0.5114318435097533
2.8820300000033536	0.5114114193473538
2.8820400000033537	0.5113909960075215
2.8820500000033538	0.511370573484809
2.882060000003354	0.5113501517737862
2.882070000003354	0.5113297308690409
2.882080000003354	0.5113093107651777
2.882090000003354	0.5112888914568189
2.882100000003354	0.511268472938602
2.882110000003354	0.5112480552051801
2.882120000003354	0.5112276382512219
2.8821300000033543	0.5112072220714097
2.8821400000033544	0.511186806660439
2.8821500000033544	0.5111663920130202
2.8821600000033545	0.5111459781238736
2.8821700000033545	0.5111255649877318
2.8821800000033546	0.5111051525993391
2.8821900000033547	0.5110847409534505
2.8822000000033547	0.5110643300448316
2.882210000003355	0.5110439198682593
2.882220000003355	0.5110235104185188
2.882230000003355	0.511003101690407
2.882240000003355	0.5109826936787302
2.882250000003355	0.5109622863783053
2.882260000003355	0.5109418797839604
2.882270000003355	0.5109214738905338
2.8822800000033553	0.5109010686928751
2.8822900000033553	0.5108806641858412
2.8823000000033554	0.5108602603643133
2.8823100000033555	0.5108398572231779
2.8823200000033555	0.5108194547573346
2.8823300000033556	0.5107990529617039
2.8823400000033557	0.510778651831215
2.8823500000033557	0.5107582513608147
2.882360000003356	0.510737851545467
2.882370000003356	0.5107174523806439
2.882380000003356	0.5106970538608615
2.882390000003356	0.5106766559810731
2.882400000003356	0.510656258736319
2.882410000003356	0.5106358621216565
2.882420000003356	0.5106154661321622
2.8824300000033563	0.5105950707628266
2.8824400000033563	0.510574676008848
2.8824500000033564	0.5105542818653883
2.8824600000033564	0.5105338883276056
2.8824700000033565	0.5105134953906794
2.8824800000033566	0.5104931030498093
2.8824900000033566	0.5104727113002161
2.8825000000033567	0.5104523201371408
2.8825100000033568	0.5104319295558437
2.882520000003357	0.510411539551605
2.882530000003357	0.5103911501197239
2.882540000003357	0.5103707612555172
2.882550000003357	0.5103503729548536
2.882560000003357	0.5103299852126586
2.882570000003357	0.5103095980242058
2.8825800000033572	0.5102892113848789
2.8825900000033573	0.5102688252900764
2.8826000000033574	0.5102484397352125
2.8826100000033574	0.5102280547157152
2.8826200000033575	0.5102076702270266
2.8826300000033576	0.5101872862646025
2.8826400000033576	0.5101669028239116
2.8826500000033577	0.5101465199004374
2.8826600000033578	0.5101261374896756
2.882670000003358	0.5101057555871367
2.882680000003358	0.5100853741883439
2.882690000003358	0.5100649932888345
2.882700000003358	0.5100446128841635
2.882710000003358	0.5100242329698963
2.882720000003358	0.5100038535416153
2.882730000003358	0.5099834745949183
2.8827400000033583	0.5099630961254197
2.8827500000033583	0.5099427181287615
2.8827600000033584	0.5099223406005827
2.8827700000033585	0.5099019635365476
2.8827800000033585	0.5098815869323444
2.8827900000033586	0.5098612107836767
2.8828000000033587	0.5098408350862685
2.8828100000033587	0.5098204598358641
2.882820000003359	0.5098000850282283
2.882830000003359	0.5097797106591465
2.882840000003359	0.5097593367244263
2.882850000003359	0.5097389632198954
2.882860000003359	0.5097185901414049
2.882870000003359	0.5096982174848266
2.882880000003359	0.5096778452460549
2.8828900000033593	0.509657473421006
2.8829000000033593	0.5096371020056173
2.8829100000033594	0.509616730995849
2.8829200000033595	0.5095963603874322
2.8829300000033595	0.5095759901765269
2.8829400000033596	0.5095556203592078
2.8829500000033597	0.5095352509315194
2.8829600000033597	0.5095148818895275
2.88297000000336	0.5094945132293198
2.88298000000336	0.509474144947003
2.88299000000336	0.5094537770387024
2.88300000000336	0.5094334095005668
2.88301000000336	0.5094130423287621
2.88302000000336	0.5093926755194733
2.88303000000336	0.5093723090689034
2.8830400000033602	0.509351942973274
2.8830500000033603	0.5093315772288242
2.8830600000033604	0.5093112118318102
2.8830700000033604	0.5092908467785058
2.8830800000033605	0.5092704820652023
2.8830900000033606	0.5092501176882067
2.8831000000033606	0.5092297536438443
2.8831100000033607	0.5092093899284558
2.8831200000033608	0.5091890265383996
2.883130000003361	0.5091686634700512
2.883140000003361	0.5091483007198024
2.883150000003361	0.5091279382840624
2.883160000003361	0.5091075761592548
2.883170000003361	0.5090872143418259
2.883180000003361	0.509066852828239
2.8831900000033612	0.5090464916149751
2.8832000000033613	0.5090261306985349
2.8832100000033614	0.5090057700754378
2.8832200000033614	0.5089854097422234
2.8832300000033615	0.5089650496954508
2.8832400000033616	0.5089446899317004
2.8832500000033616	0.5089243304475719
2.8832600000033617	0.508903971239687
2.8832700000033618	0.5088836123046889
2.883280000003362	0.5088632536392419
2.883290000003362	0.5088428952400321
2.883300000003362	0.5088225371037682
2.883310000003362	0.5088021792271806
2.883320000003362	0.5087818216070222
2.883330000003362	0.5087614642400687
2.883340000003362	0.5087411071231183
2.8833500000033623	0.508720750252991
2.8833600000033623	0.5087003936265299
2.8833700000033624	0.5086800372406
2.8833800000033625	0.5086596810920899
2.8833900000033625	0.508639325177909
2.8834000000033626	0.5086189694949894
2.8834100000033627	0.5085986140402848
2.8834200000033627	0.5085782588107699
2.883430000003363	0.5085579038034457
2.883440000003363	0.5085375490153318
2.883450000003363	0.5085171944434685
2.883460000003363	0.5084968400849175
2.883470000003363	0.5084764859367618
2.883480000003363	0.508456131996104
2.883490000003363	0.5084357782600692
2.8835000000033633	0.5084154247258021
2.8835100000033633	0.5083950713904681
2.8835200000033634	0.5083747182512535
2.8835300000033635	0.5083543653053643
2.8835400000033635	0.508334012550027
2.8835500000033636	0.5083136599824916
2.8835600000033637	0.5082933076000233
2.8835700000033637	0.5082729553999099
2.883580000003364	0.5082526033794602
2.883590000003364	0.5082322515360015
2.883600000003364	0.5082118998668826
2.883610000003364	0.5081915483694723
2.883620000003364	0.5081711970411598
2.883630000003364	0.5081508458793546
2.883640000003364	0.5081304948814865
2.8836500000033642	0.5081101440450049
2.8836600000033643	0.5080897933673809
2.8836700000033644	0.5080694428461057
2.8836800000033644	0.5080490924786897
2.8836900000033645	0.5080287422626646
2.8837000000033646	0.508008392195582
2.8837100000033646	0.5079880422750144
2.8837200000033647	0.5079676924985541
2.8837300000033648	0.5079473428638144
2.883740000003365	0.5079269933684287
2.883750000003365	0.5079066440100513
2.883760000003365	0.5078862947863572
2.883770000003365	0.5078659456949701
2.883780000003365	0.5078455967336467
2.883790000003365	0.5078252479001435
2.8838000000033652	0.50780489919222
2.8838100000033653	0.5077845506076573
2.8838200000033654	0.507764202144258
2.8838300000033654	0.5077438537998479
2.8838400000033655	0.5077235055722739
2.8838500000033656	0.5077031574594068
2.8838600000033656	0.5076828094591397
2.8838700000033657	0.5076624615693891
2.8838800000033658	0.5076421137880945
2.883890000003366	0.5076217661132192
2.883900000003366	0.5076014185427501
2.883910000003366	0.5075810710746972
2.883920000003366	0.5075607237070955
2.883930000003366	0.5075403764380032
2.883940000003366	0.507520029265503
2.883950000003366	0.5074996821877007
2.8839600000033663	0.507479335202727
2.8839700000033663	0.5074589883087355
2.8839800000033664	0.5074386415039042
2.8839900000033665	0.5074182947864334
2.8840000000033665	0.5073979481545475
2.8840100000033666	0.5073776016064936
2.8840200000033667	0.5073572551405405
2.8840300000033667	0.5073369087549799
2.884040000003367	0.5073165624481252
2.884050000003367	0.5072962162183104
2.884060000003367	0.5072758700638913
2.884070000003367	0.5072555239832435
2.884080000003367	0.5072351779747624
2.884090000003367	0.5072148320368641
2.884100000003367	0.5071944861679831
2.8841100000033673	0.5071741403665733
2.8841200000033673	0.5071537946311072
2.8841300000033674	0.5071334489600787
2.8841400000033675	0.5071131033519949
2.8841500000033675	0.507092757805382
2.8841600000033676	0.507072412318786
2.8841700000033677	0.5070520668907728
2.8841800000033677	0.5070317215199228
2.884190000003368	0.5070113762048395
2.884200000003368	0.5069910309441397
2.884210000003368	0.5069706857364609
2.884220000003368	0.5069503405804616
2.884230000003368	0.5069299954738672
2.884240000003368	0.5069096504172681
2.884250000003368	0.5068893054076848
2.8842600000033682	0.5068689604455577
2.8842700000033683	0.5068486155279526
2.8842800000033684	0.5068282706553507
2.8842900000033684	0.5068079258248653
2.8843000000033685	0.5067875810370206
2.8843100000033686	0.5067672362889794
2.8843200000033686	0.5067468915803601
2.8843300000033687	0.5067265469102588
2.8843400000033688	0.5067062022776042
2.884350000003369	0.506685857681351
2.884360000003369	0.5066655131204763
2.884370000003369	0.5066451685939835
2.884380000003369	0.5066248241009003
2.884390000003369	0.5066044796402791
2.884400000003369	0.5065841352111979
2.8844100000033692	0.5065637908127587
2.8844200000033693	0.5065434464440878
2.8844300000033694	0.5065231021043366
2.8844400000033694	0.506502757792679
2.8844500000033695	0.5064824135083121
2.8844600000033696	0.5064620692504738
2.8844700000033696	0.5064417250183939
2.8844800000033697	0.5064213808113359
2.8844900000033697	0.5064010366285859
2.88450000000337	0.5063806924694508
2.88451000000337	0.506360348333258
2.88452000000337	0.5063400042193544
2.88453000000337	0.5063196601271074
2.88454000000337	0.5062993160559023
2.88455000000337	0.5062789720051429
2.88456000000337	0.5062586279742517
2.8845700000033703	0.5062382839626692
2.8845800000033703	0.506217939969854
2.8845900000033704	0.506197595995282
2.8846000000033705	0.5061772520384478
2.8846100000033705	0.5061569080988627
2.8846200000033706	0.5061365641760571
2.8846300000033707	0.5061162202695794
2.8846400000033707	0.5060958763789959
2.884650000003371	0.5060755325038921
2.884660000003371	0.5060551886438733
2.884670000003371	0.5060348447985635
2.884680000003371	0.5060145009676074
2.884690000003371	0.5059941571506704
2.884700000003371	0.5059738133474381
2.884710000003371	0.5059534695576179
2.8847200000033713	0.5059331257809397
2.8847300000033713	0.5059127820171544
2.8847400000033714	0.5058924382660361
2.8847500000033715	0.5058720945273826
2.8847600000033715	0.5058517508010132
2.8847700000033716	0.5058314070867712
2.8847800000033716	0.5058110633845235
2.8847900000033717	0.5057907196941599
2.884800000003372	0.5057703760155945
2.884810000003372	0.5057500323487635
2.884820000003372	0.5057296886936269
2.884830000003372	0.5057093450501683
2.884840000003372	0.5056890014183931
2.884850000003372	0.505668657798329
2.884860000003372	0.5056483141900264
2.8848700000033722	0.505627970593556
2.8848800000033723	0.5056076270090115
2.8848900000033724	0.5055872834365056
2.8849000000033724	0.5055669398761722
2.8849100000033725	0.5055465963281652
2.8849200000033726	0.5055262527926582
2.8849300000033726	0.5055059092698432
2.8849400000033727	0.5054855657599318
2.8849500000033728	0.5054652222631537
2.884960000003373	0.5054448787797574
2.884970000003373	0.5054245353100087
2.884980000003373	0.5054041918541918
2.884990000003373	0.5053838484126092
2.885000000003373	0.5053635049855804
2.885010000003373	0.5053431615734425
2.885020000003373	0.5053228181765508
2.8850300000033733	0.5053024747952787
2.8850400000033734	0.505282131430017
2.8850500000033734	0.505261788081175
2.8850600000033735	0.5052414447491806
2.8850700000033735	0.5052211014344794
2.8850800000033736	0.5052007581375361
2.8850900000033737	0.5051804148588342
2.8851000000033737	0.5051600715988767
2.885110000003374	0.5051397283581849
2.885120000003374	0.5051193851373008
2.885130000003374	0.5050990419367846
2.885140000003374	0.5050786987572166
2.885150000003374	0.5050583555991977
2.885160000003374	0.5050380124633477
2.885170000003374	0.5050176693503069
2.8851800000033743	0.5049973262607351
2.8851900000033743	0.5049769831953119
2.8852000000033744	0.5049566401547374
2.8852100000033745	0.5049362971397305
2.8852200000033745	0.5049159541510304
2.8852300000033746	0.5048956111893961
2.8852400000033747	0.504875268255605
2.8852500000033747	0.5048549253504537
2.885260000003375	0.5048345824747583
2.885270000003375	0.5048142396293537
2.885280000003375	0.5047938968150931
2.885290000003375	0.5047735540328501
2.885300000003375	0.5047532112835145
2.885310000003375	0.5047328685679944
2.885320000003375	0.5047125258872172
2.8853300000033753	0.5046921832421275
2.8853400000033753	0.5046718406336882
2.8853500000033754	0.5046514980628801
2.8853600000033754	0.5046311555307014
2.8853700000033755	0.5046108130381688
2.8853800000033756	0.5045904705863163
2.8853900000033756	0.5045701281761957
2.8854000000033757	0.5045497858088765
2.8854100000033758	0.504529443485446
2.885420000003376	0.5045091012070081
2.885430000003376	0.504488758974687
2.885440000003376	0.5044684167896231
2.885450000003376	0.5044480746529739
2.885460000003376	0.5044277325659158
2.885470000003376	0.5044073905296422
2.8854800000033762	0.5043870485453912
2.8854900000033763	0.504366706614368
2.8855000000033764	0.5043463647378121
2.8855100000033764	0.5043260229169879
2.8855200000033765	0.5043056811531752
2.8855300000033766	0.5042853394476721
2.8855400000033766	0.5042649978017932
2.8855500000033767	0.5042446562168705
2.8855600000033768	0.5042243146942513
2.885570000003377	0.5042039732353004
2.885580000003377	0.504183631841398
2.885590000003377	0.5041632905139408
2.885600000003377	0.5041429492543416
2.885610000003377	0.504122608064028
2.885620000003377	0.504102266944444
2.885630000003377	0.5040819258970484
2.8856400000033773	0.5040615849233147
2.8856500000033773	0.5040412440247328
2.8856600000033774	0.5040209032028063
2.8856700000033775	0.5040005624590544
2.8856800000033775	0.5039802217950111
2.8856900000033776	0.5039598812122252
2.8857000000033777	0.5039395407122601
2.8857100000033777	0.5039192002966943
2.885720000003378	0.5038988599671218
2.885730000003378	0.5038785197251509
2.885740000003378	0.5038581795724048
2.885750000003378	0.5038378395105229
2.885760000003378	0.5038174995411597
2.885770000003378	0.5037971596659853
2.885780000003378	0.5037768198866852
2.8857900000033783	0.5037564802049599
2.8858000000033783	0.5037361406225261
2.8858100000033784	0.5037158011411161
2.8858200000033785	0.5036954617624791
2.8858300000033785	0.5036751224883791
2.8858400000033786	0.5036547833205964
2.8858500000033787	0.5036344442609274
2.8858600000033787	0.5036141053111843
2.885870000003379	0.5035937664731956
2.885880000003379	0.5035734277488072
2.885890000003379	0.503553089139876
2.885900000003379	0.5035327506482756
2.885910000003379	0.5035124122758972
2.885920000003379	0.5034920740246458
2.885930000003379	0.5034717358964417
2.8859400000033792	0.5034513978932186
2.8859500000033793	0.5034310600169252
2.8859600000033794	0.5034107222695242
2.8859700000033794	0.5033903846529914
2.8859800000033795	0.5033700471693161
2.8859900000033796	0.5033497098205012
2.8860000000033796	0.5033293726085621
2.8860100000033797	0.5033090355355261
2.8860200000033798	0.5032886986034328
2.88603000000338	0.503268361814335
2.88604000000338	0.5032480251702955
2.88605000000338	0.5032276886733893
2.88606000000338	0.5032073523257029
2.88607000000338	0.5031870161293348
2.88608000000338	0.5031666800863938
2.8860900000033802	0.503146344199
2.8861000000033803	0.5031260084692845
2.8861100000033804	0.5031056728993895
2.8861200000033804	0.503085337491936
2.8861300000033805	0.5030650022486365
2.8861400000033806	0.503044667171547
2.8861500000033806	0.5030243322628575
2.8861600000033807	0.5030039975247671
2.8861700000033808	0.5029836629594878
2.886180000003381	0.5029633285692431
2.886190000003381	0.5029429943562705
2.886200000003381	0.5029226603228194
2.886210000003381	0.5029023264711524
2.886220000003381	0.5028819928035447
2.886230000003381	0.5028616593222845
2.886240000003381	0.502841326029673
2.8862500000033813	0.502820992928023
2.8862600000033813	0.5028006600196614
2.8862700000033814	0.5027803273069265
2.8862800000033815	0.5027599947921685
2.8862900000033815	0.5027396624777508
2.8863000000033816	0.5027193303660482
2.8863100000033817	0.5026989984594461
2.8863200000033817	0.5026786667603418
2.886330000003382	0.502658335271144
2.886340000003382	0.5026380039942712
2.886350000003382	0.502617672932153
2.886360000003382	0.5025973420872291
2.886370000003382	0.5025770114619487
2.886380000003382	0.5025566810587699
2.886390000003382	0.5025363508801607
2.8864000000033823	0.5025160209285978
2.8864100000033823	0.5024956912065675
2.8864200000033824	0.5024753617165637
2.8864300000033825	0.5024550324610888
2.8864400000033825	0.5024347034426536
2.8864500000033826	0.5024143746640353
2.8864600000033827	0.5023940461275344
2.8864700000033827	0.5023737178356323
2.886480000003383	0.5023533897908702
2.886490000003383	0.5023330619957946
2.886500000003383	0.5023127344529607
2.886510000003383	0.5022924071649317
2.886520000003383	0.5022720801342777
2.886530000003383	0.5022517533635762
2.886540000003383	0.5022314268554134
2.8865500000033832	0.5022111006123825
2.8865600000033833	0.5021907746370847
2.8865700000033834	0.5021704489321287
2.8865800000033834	0.5021501235001317
2.8865900000033835	0.5021297983437245
2.8866000000033836	0.5021094734655023
2.8866100000033836	0.5020891488681357
2.8866200000033837	0.5020688245542816
2.8866300000033838	0.5020485005265988
2.886640000003384	0.5020281767877547
2.886650000003384	0.5020078533404253
2.886660000003384	0.501987530187294
2.886670000003384	0.5019672073310538
2.886680000003384	0.5019468847744059
2.886690000003384	0.50192656252006
2.8867000000033842	0.5019062405707337
2.8867100000033843	0.5018859189291541
2.8867200000033844	0.5018655975980323
2.8867300000033844	0.5018452765801247
2.8867400000033845	0.5018249558781832
2.8867500000033846	0.501804635494964
2.8867600000033846	0.5017843154332309
2.8867700000033847	0.5017639956957551
2.8867800000033847	0.5017436762853204
2.886790000003385	0.5017233572047053
2.886800000003385	0.5017030384566983
2.886810000003385	0.5016827200440954
2.886820000003385	0.5016624019696967
2.886830000003385	0.501642084236309
2.886840000003385	0.5016217668467423
2.886850000003385	0.5016014498038128
2.8868600000033853	0.5015811331103395
2.8868700000033853	0.5015608167691452
2.8868800000033854	0.5015405007830571
2.8868900000033855	0.5015201851549043
2.8869000000033855	0.5014998698875212
2.8869100000033856	0.5014795549837432
2.8869200000033857	0.5014592404464085
2.8869300000033857	0.5014389262783597
2.886940000003386	0.501418612482441
2.886950000003386	0.5013982990614978
2.886960000003386	0.5013779860183797
2.886970000003386	0.5013576733559383
2.886980000003386	0.5013373610770276
2.886990000003386	0.5013170491845047
2.887000000003386	0.5012967376812287
2.8870100000033863	0.5012764265700625
2.8870200000033863	0.5012561158538735
2.8870300000033864	0.5012358055355283
2.8870400000033865	0.5012154956178969
2.8870500000033865	0.5011951861038543
2.8870600000033866	0.5011748769962776
2.8870700000033866	0.5011545682980487
2.8870800000033867	0.5011342600120512
2.887090000003387	0.5011139521411744
2.887100000003387	0.5010936446883302
2.887110000003387	0.5010733376563972
2.887120000003387	0.5010530310482711
2.887130000003387	0.5010327248668548
2.887140000003387	0.501012419115054
2.887150000003387	0.5009921137957781
2.8871600000033872	0.5009718089119399
2.8871700000033873	0.5009515044664548
2.8871800000033874	0.5009312004622417
2.8871900000033874	0.5009108969022211
2.8872000000033875	0.5008905937893173
2.8872100000033876	0.5008702911264566
2.8872200000033876	0.5008499889165665
2.8872300000033877	0.5008296871625766
2.8872400000033878	0.5008093858674242
2.887250000003388	0.5007890850340362
2.887260000003388	0.5007687846653458
2.887270000003388	0.500748484764286
2.887280000003388	0.5007281853337909
2.887290000003388	0.500707886376793
2.887300000003388	0.5006875878962226
2.887310000003388	0.5006672898950152
2.8873200000033883	0.5006469923761028
2.8873300000033884	0.5006266953423976
2.8873400000033884	0.5006063987968383
2.8873500000033885	0.5005861027423584
2.8873600000033885	0.5005658071818834
2.8873700000033886	0.5005455121183382
2.8873800000033887	0.5005252175546444
2.8873900000033887	0.5005049234937227
2.887400000003389	0.5004846299384912
2.887410000003389	0.5004643368918663
2.887420000003389	0.5004440443567618
2.887430000003389	0.5004237523360902
2.887440000003389	0.5004034608327608
2.887450000003389	0.5003831698496821
2.887460000003389	0.5003628793897693
2.8874700000033893	0.5003425894559165
2.8874800000033893	0.5003223000510242
2.8874900000033894	0.5003020111779919
2.8875000000033895	0.5002817228397167
2.8875100000033895	0.5002614350390951
2.8875200000033896	0.5002411477790202
2.8875300000033897	0.5002208610623843
2.8875400000033897	0.5002005748920768
2.88755000000339	0.5001802892709856
2.88756000000339	0.5001600042019965
2.88757000000339	0.5001397196880141
2.88758000000339	0.5001194357319004
2.88759000000339	0.5000991523365329
2.88760000000339	0.5000788695047885
2.88761000000339	0.5000585872395418
2.8876200000033903	0.5000383055436649
2.8876300000033903	0.500018024420027
2.8876400000033904	0.49999774387149454
2.8876500000033904	0.49997746390093073
2.8876600000033905	0.4999571845111961
2.8876700000033906	0.4999369057051473
2.8876800000033906	0.49991662748563764
2.8876900000033907	0.4998963498555173
2.8877000000033908	0.4998760728176321
2.887710000003391	0.49985579637482375
2.887720000003391	0.49983552052993047
2.887730000003391	0.49981524528578525
2.887740000003391	0.4997949706452174
2.887750000003391	0.49977469661105023
2.887760000003391	0.4997544231861037
2.8877700000033912	0.49973415037319135
2.8877800000033913	0.49971387817512264
2.8877900000033914	0.4996936065947005
2.8878000000033914	0.49967333563472377
2.8878100000033915	0.4996530652979844
2.8878200000033916	0.4996327955872691
2.8878300000033916	0.49961252650535753
2.8878400000033917	0.499592258055024
2.8878500000033918	0.4995719902390364
2.887860000003392	0.4995517230601556
2.887870000003392	0.499531456521137
2.887880000003392	0.4995111906247282
2.887890000003392	0.4994909253736705
2.887900000003392	0.4994706607706977
2.887910000003392	0.49945039681853676
2.887920000003392	0.49943013351990695
2.8879300000033923	0.4994098708775206
2.8879400000033923	0.4993896088940822
2.8879500000033924	0.499369347572289
2.8879600000033925	0.49934908691483015
2.8879700000033925	0.49932882692438774
2.8879800000033926	0.4993085676036349
2.8879900000033927	0.49928830895523735
2.8880000000033927	0.49926805098185284
2.888010000003393	0.4992477936861311
2.888020000003393	0.4992275370707269
2.888030000003393	0.4992072811382623
2.888040000003393	0.4991870258913604
2.888050000003393	0.49916677133263887
2.888060000003393	0.4991465174647069
2.888070000003393	0.49912626429016543
2.8880800000033933	0.49910601181160724
2.8880900000033933	0.49908576003161714
2.8881000000033934	0.4990655089527716
2.8881100000033935	0.49904525857763915
2.8881200000033935	0.49902500890878015
2.8881300000033936	0.49900475994874166
2.8881400000033937	0.4989845117000654
2.8881500000033937	0.4989642641652935
2.888160000003394	0.49894401734695354
2.888170000003394	0.49892377124756465
2.888180000003394	0.4989035258696368
2.888190000003394	0.4988832812156711
2.888200000003394	0.4988630372881603
2.888210000003394	0.49884279408958787
2.888220000003394	0.4988225516224287
2.8882300000033942	0.49880230988914825
2.8882400000033943	0.49878206889202514
2.8882500000033944	0.49876182863367113
2.8882600000033944	0.498741589116542
2.8882700000033945	0.49872135034306286
2.8882800000033946	0.4987011123156246
2.8882900000033946	0.49868087503665776
2.8883000000033947	0.49866063850855746
2.8883100000033948	0.49864040273370597
2.888320000003395	0.4986201677144746
2.888330000003395	0.4985999334532229
2.888340000003395	0.4985796999522976
2.888350000003395	0.49855946721403416
2.888360000003395	0.4985392352407475
2.888370000003395	0.4985190040347617
2.8883800000033952	0.4984987735983914
2.8883900000033953	0.49847854393390406
2.8884000000033954	0.4984583150435709
2.8884100000033954	0.4984380869296498
2.8884200000033955	0.49841785959438517
2.8884300000033956	0.49839763304000795
2.8884400000033956	0.49837740726873625
2.8884500000033957	0.4983571822827746
2.8884600000033958	0.4983369580843137
2.888470000003396	0.4983167346755327
2.888480000003396	0.49829651205859593
2.888490000003396	0.4982762902356558
2.888500000003396	0.49825606920885157
2.888510000003396	0.4982358489803095
2.888520000003396	0.4982156295521321
2.888530000003396	0.49819541092643205
2.8885400000033963	0.49817519310529984
2.8885500000033963	0.4981549760908127
2.8885600000033964	0.49813475988503564
2.8885700000033965	0.49811454449002085
2.8885800000033965	0.4980943299078097
2.8885900000033966	0.4980741161404306
2.8886000000033967	0.4980539031899005
2.8886100000033967	0.498033691058223
2.888620000003397	0.49801347974739074
2.888630000003397	0.49799326925938286
2.888640000003397	0.49797305959616645
2.888650000003397	0.4979528507596958
2.888660000003397	0.497932642751912
2.888670000003397	0.4979124355747441
2.888680000003397	0.4978922292301051
2.8886900000033973	0.49787202371989614
2.8887000000033973	0.49785181904600334
2.8887100000033974	0.49783161521029856
2.8887200000033975	0.49781141221463887
2.8887300000033975	0.4977912100608663
2.8887400000033976	0.4977710087508071
2.8887500000033977	0.49775080828627233
2.8887600000033977	0.4977306086690563
2.888770000003398	0.4977104099010769
2.888780000003398	0.49769021198395197
2.888790000003398	0.4976700149194095
2.888800000003398	0.4976498187091818
2.888810000003398	0.4976296233549807
2.888820000003398	0.49760942885851717
2.888830000003398	0.4975892352214759
2.8888400000033982	0.49756904244550104
2.8888500000033983	0.4975488505322348
2.8888600000033984	0.49752865948330194
2.8888700000033984	0.4975084693003097
2.8888800000033985	0.4974882799848482
2.8888900000033986	0.4974680915384901
2.8889000000033986	0.49744790396279104
2.8889100000033987	0.49742771725928403
2.8889200000033988	0.49740753142949573
2.888930000003399	0.49738734647493166
2.888940000003399	0.49736716239707973
2.888950000003399	0.49734697919741133
2.888960000003399	0.4973267968773814
2.888970000003399	0.49730661543842897
2.888980000003399	0.4972864348819763
2.8889900000033992	0.49726625520942963
2.8890000000033993	0.4972460764221551
2.8890100000033994	0.4972258985215482
2.8890200000033994	0.4972057215089836
2.8890300000033995	0.4971855453857903
2.8890400000033996	0.4971653701532917
2.8890500000033996	0.49714519581279765
2.8890600000033997	0.4971250223656002
2.8890700000033998	0.4971048498129757
2.8890800000034	0.4970846781561838
2.8890900000034	0.49706450739646674
2.8891000000034	0.4970443375350505
2.8891100000034	0.4970241685731434
2.8891200000034	0.4970040005119358
2.8891300000034	0.4969838333526012
2.8891400000034	0.49696366709629536
2.8891500000034003	0.4969435017441549
2.8891600000034003	0.496923337297299
2.8891700000034004	0.49690317375682724
2.8891800000034005	0.4968830111238218
2.8891900000034005	0.4968628494000911
2.8892000000034006	0.4968426885861973
2.8892100000034007	0.4968225286829362
2.8892200000034007	0.49680236969132485
2.889230000003401	0.49678221161235164
2.889240000003401	0.49676205444698096
2.889250000003401	0.4967418981961547
2.889260000003401	0.49672174286079407
2.889270000003401	0.4967015884417966
2.889280000003401	0.496681434940039
2.889290000003401	0.4966612823563761
2.8893000000034013	0.49664113069164295
2.8893100000034013	0.4966209799466537
2.8893200000034014	0.4966008301222021
2.8893300000034015	0.49658068121906146
2.8893400000034015	0.49656053323798405
2.8893500000034016	0.4965403861797028
2.8893600000034017	0.49652024004493234
2.8893700000034017	0.4965000948343666
2.889380000003402	0.49647995054868144
2.889390000003402	0.4964598071885339
2.889400000003402	0.4964396647545611
2.889410000003402	0.4964195232473822
2.889420000003402	0.49639938266759875
2.889430000003402	0.4963792430157924
2.889440000003402	0.49635910429252705
2.8894500000034022	0.49633896649834797
2.8894600000034023	0.4963188296337817
2.8894700000034024	0.4962986936993356
2.8894800000034024	0.49627855869549886
2.8894900000034025	0.49625842462274217
2.8895000000034026	0.4962382914815163
2.8895100000034026	0.4962181592722526
2.8895200000034027	0.49619802799536317
2.8895300000034028	0.4961778976512406
2.889540000003403	0.4961577682402574
2.889550000003403	0.49613763976276565
2.889560000003403	0.49611751221909717
2.889570000003403	0.496097385609563
2.889580000003403	0.49607725993445395
2.889590000003403	0.49605713519403966
2.8896000000034032	0.49603701138856854
2.8896100000034033	0.496016888518267
2.8896200000034034	0.49599676658333963
2.8896300000034034	0.4959766455839704
2.8896400000034035	0.4959565255203208
2.8896500000034036	0.4959364063925313
2.8896600000034036	0.4959162882007191
2.8896700000034037	0.4958961709449803
2.8896800000034037	0.4958760546246189
2.889690000003404	0.49585593923993676
2.889700000003404	0.49583582479132593
2.889710000003404	0.49581571127878665
2.889720000003404	0.49579559870230355
2.889730000003404	0.49577548706184316
2.889740000003404	0.4957553763573532
2.889750000003404	0.4957352665887635
2.8897600000034043	0.4957151577559832
2.8897700000034043	0.49569504985890156
2.8897800000034044	0.49567494289738906
2.8897900000034045	0.4956548368712938
2.8898000000034045	0.49563473178044376
2.8898100000034046	0.4956146276246457
2.8898200000034047	0.49559452440446883
2.8898300000034047	0.4955744221194119
2.889840000003405	0.4955543207688486
2.889850000003405	0.4955342203525022
2.889860000003405	0.4955141208700652
2.889870000003405	0.49549402232120116
2.889880000003405	0.4954739247047429
2.889890000003405	0.4954538280205715
2.889900000003405	0.49543373226863896
2.8899100000034053	0.4954136374492998
2.8899200000034053	0.4953935435618027
2.8899300000034054	0.49537345060446974
2.8899400000034055	0.4953533585770662
2.8899500000034055	0.495333267479426
2.8899600000034056	0.4953131773109763
2.8899700000034056	0.4952930880711258
2.8899800000034057	0.49527299975926237
2.889990000003406	0.4952529123747534
2.890000000003406	0.49523282591694795
2.890010000003406	0.49521274038517327
2.890020000003406	0.49519265577873806
2.890030000003406	0.4951725720969318
2.890040000003406	0.4951524893390243
2.890050000003406	0.49513240750426557
2.8900600000034062	0.49511232659188664
2.8900700000034063	0.49509224660109924
2.8900800000034064	0.495072167531094
2.8900900000034064	0.4950520893810437
2.8901000000034065	0.4950320121501
2.8901100000034066	0.49501193583739317
2.8901200000034066	0.4949918604420338
2.8901300000034067	0.49497178596311253
2.8901400000034068	0.4949517123996942
2.890150000003407	0.49493163975082294
2.890160000003407	0.49491156801551994
2.890170000003407	0.49489149719278447
2.890180000003407	0.49487142728159095
2.890190000003407	0.49485135828089105
2.890200000003407	0.4948312901896118
2.890210000003407	0.49481122300665537
2.8902200000034073	0.4947911567308997
2.8902300000034074	0.4947710913611976
2.8902400000034074	0.4947510268963763
2.8902500000034075	0.49473096333525524
2.8902600000034075	0.49471090067661566
2.8902700000034076	0.49469083891919047
2.8902800000034077	0.49467077806170623
2.8902900000034077	0.49465071810286315
2.890300000003408	0.49463065904133624
2.890310000003408	0.4946106008757759
2.890320000003408	0.49459054360480353
2.890330000003408	0.49457048722702157
2.890340000003408	0.4945504317417637
2.890350000003408	0.49453037714733017
2.890360000003408	0.49451032344190143
2.8903700000034083	0.4944902706239881
2.8903800000034083	0.4944702186920694
2.8903900000034084	0.4944501676445986
2.8904000000034085	0.4944301174800016
2.8904100000034085	0.49441006819667754
2.8904200000034086	0.49439001979300146
2.8904300000034087	0.49436997226732315
2.8904400000034087	0.4943499256179673
2.890450000003409	0.4943298798432351
2.890460000003409	0.49430983494140524
2.890470000003409	0.494289790910734
2.890480000003409	0.49426974774945437
2.890490000003409	0.4942497054550041
2.890500000003409	0.4942296640258565
2.890510000003409	0.49420962346052394
2.8905200000034093	0.4941895837571526
2.8905300000034093	0.49416954491387366
2.8905400000034094	0.4941495069288041
2.8905500000034094	0.49412946980004613
2.8905600000034095	0.49410943352568504
2.8905700000034096	0.4940893981037905
2.8905800000034096	0.4940693635324156
2.8905900000034097	0.4940493298095983
2.8906000000034098	0.4940292969333585
2.89061000000341	0.4940092649016974
2.89062000000341	0.4939892337125984
2.89063000000341	0.49396920336402467
2.89064000000341	0.49394917385392
2.89065000000341	0.49392914518020603
2.89066000000341	0.4939091173407831
2.8906700000034102	0.49388909033352807
2.8906800000034103	0.4938690641562937
2.8906900000034104	0.49384903880690867
2.8907000000034104	0.4938290142831762
2.8907100000034105	0.4938089905828727
2.8907200000034106	0.4937889677037474
2.8907300000034106	0.4937689456435229
2.8907400000034107	0.49374892439989326
2.8907500000034108	0.49372890397052405
2.890760000003411	0.49370888435305216
2.890770000003411	0.4936888655450864
2.890780000003411	0.4936688475442062
2.890790000003411	0.49364883034796214
2.890800000003411	0.493628813953877
2.890810000003411	0.49360879835944493
2.890820000003411	0.49358878356213226
2.8908300000034113	0.49356876955937884
2.8908400000034113	0.4935487563485966
2.8908500000034114	0.4935287439271728
2.8908600000034115	0.4935087322924681
2.8908700000034115	0.49348872144182004
2.8908800000034116	0.49346871137254233
2.8908900000034117	0.49344870208192454
2.8909000000034117	0.4934286935672332
2.890910000003412	0.49340868582571756
2.890920000003412	0.4933886788546032
2.890930000003412	0.49336867265109813
2.890940000003412	0.49334866721239057
2.890950000003412	0.49332866253565
2.890960000003412	0.493308658618028
2.890970000003412	0.4932886554566589
2.8909800000034123	0.4932686530486599
2.8909900000034123	0.4932486513911311
2.8910000000034124	0.4932286504811561
2.8910100000034125	0.49320865031580274
2.8910200000034125	0.493188650892121
2.8910300000034126	0.4931686522071461
2.8910400000034127	0.4931486542578943
2.8910500000034127	0.49312865704136466
2.891060000003413	0.4931086605545395
2.891070000003413	0.493088664794383
2.891080000003413	0.49306866975784236
2.891090000003413	0.49304867544184316
2.891100000003413	0.4930286818432819
2.891110000003413	0.4930086889590468
2.891120000003413	0.49298869678600654
2.8911300000034132	0.4929687053210108
2.8911400000034133	0.4929487145608813
2.8911500000034134	0.4929287245024191
2.8911600000034134	0.49290873514240047
2.8911700000034135	0.4928887464775792
2.8911800000034136	0.4928687585046808
2.8911900000034136	0.4928487712204115
2.8912000000034137	0.49282878462134433
2.8912100000034138	0.49280879870451666
2.891220000003414	0.4927888134664001
2.891230000003414	0.4927688289035965
2.891240000003414	0.492748845012683
2.891250000003414	0.4927288617902096
2.891260000003414	0.49270887923270085
2.891270000003414	0.49268889733665483
2.8912800000034142	0.49266891609854385
2.8912900000034143	0.4926489355148144
2.8913000000034144	0.49262895558188907
2.8913100000034144	0.4926089762961654
2.8913200000034145	0.4925889976540176
2.8913300000034146	0.4925690196517976
2.8913400000034146	0.4925490422858355
2.8913500000034147	0.49252906555243997
2.8913600000034148	0.4925090894478979
2.891370000003415	0.492489113968479
2.891380000003415	0.4924691391104316
2.891390000003415	0.4924491648699886
2.891400000003415	0.49242919124336515
2.891410000003415	0.492409218226769
2.891420000003415	0.492389245816383
2.891430000003415	0.492369274008363
2.8914400000034153	0.49234930279885947
2.8914500000034153	0.4923293321840084
2.8914600000034154	0.49230936215993004
2.8914700000034155	0.492289392722731
2.8914800000034155	0.49226942386850314
2.8914900000034156	0.49224945559330174
2.8915000000034157	0.4922294878931844
2.8915100000034157	0.49220952076422037
2.891520000003416	0.49218955420258204
2.891530000003416	0.49216958820420464
2.891540000003416	0.4921496227650377
2.891550000003416	0.4921296578810671
2.891560000003416	0.49210969354826095
2.891570000003416	0.4920897297625713
2.891580000003416	0.4920697665199319
2.8915900000034163	0.4920498038162586
2.8916000000034163	0.4920298416474482
2.8916100000034164	0.4920098800093789
2.8916200000034165	0.4919899188979093
2.8916300000034165	0.49196995830887735
2.8916400000034166	0.4919499982381013
2.8916500000034167	0.4919300386813792
2.8916600000034167	0.4919100796344866
2.891670000003417	0.49189012109317837
2.891680000003417	0.49187016305318737
2.891690000003417	0.4918502055102254
2.891700000003417	0.49183024845998224
2.891710000003417	0.49181029189812586
2.891720000003417	0.4917903358203016
2.891730000003417	0.49177038022205494
2.8917400000034172	0.49175042509902467
2.8917500000034173	0.49173047044682194
2.8917600000034174	0.491710516261008
2.8917700000034174	0.4916905625371209
2.8917800000034175	0.49167060927067857
2.8917900000034176	0.49165065645717876
2.8918000000034176	0.4916307040920973
2.8918100000034177	0.49161075217089434
2.8918200000034178	0.4915908006890098
2.891830000003418	0.49157084964186426
2.891840000003418	0.49155089902486093
2.891850000003418	0.4915309488333854
2.891860000003418	0.491510999062807
2.891870000003418	0.4914910497084773
2.891880000003418	0.4914711007657344
2.8918900000034182	0.49145115222989655
2.8919000000034183	0.4914312040962711
2.8919100000034184	0.49141125636014854
2.8919200000034184	0.4913913090168075
2.8919300000034185	0.4913713620615131
2.8919400000034186	0.4913514154895167
2.8919500000034186	0.4913314692960585
2.8919600000034187	0.4913115234763645
2.8919700000034188	0.4912915780256506
2.891980000003419	0.4912716329391192
2.891990000003419	0.491251688211963
2.892000000003419	0.49123174383936286
2.892010000003419	0.49121179981648794
2.892020000003419	0.4911918561384966
2.892030000003419	0.49117191280053546
2.892040000003419	0.4911519697977394
2.8920500000034193	0.4911320271252321
2.8920600000034193	0.49111208477812535
2.8920700000034194	0.49109214275151813
2.8920800000034195	0.49107220104049715
2.8920900000034195	0.49105225964013527
2.8921000000034196	0.4910323185454932
2.8921100000034197	0.4910123777516164
2.8921200000034197	0.49099243725353525
2.89213000000342	0.4909724970462656
2.89214000000342	0.4909525571248071
2.89215000000342	0.4909326174841445
2.89216000000342	0.4909126781192439
2.89217000000342	0.49089273902505565
2.89218000000342	0.4908728001965118
2.89219000000342	0.4908528616285269
2.8922000000034203	0.49083292331599687
2.8922100000034203	0.490812985253799
2.8922200000034204	0.4907930474367931
2.8922300000034205	0.49077310985981887
2.8922400000034205	0.4907531725176981
2.8922500000034206	0.4907332354052344
2.8922600000034207	0.4907132985172128
2.8922700000034207	0.4906933618484004
2.892280000003421	0.4906734253935477
2.892290000003421	0.490653489147387
2.892300000003421	0.4906335531046351
2.892310000003421	0.490613617259994
2.892320000003421	0.49059368160814926
2.892330000003421	0.49057374614377347
2.892340000003421	0.49055381086152566
2.8923500000034212	0.49053387575605284
2.8923600000034213	0.49051394082198985
2.8923700000034214	0.49049400605396243
2.8923800000034214	0.49047407144658484
2.8923900000034215	0.4904541369944591
2.8924000000034216	0.4904342026921863
2.8924100000034216	0.49041426853435716
2.8924200000034217	0.4903943345155559
2.8924300000034218	0.49037440063036
2.892440000003422	0.4903544668733401
2.892450000003422	0.49033453323906223
2.892460000003422	0.49031459972208663
2.892470000003422	0.4902946663169681
2.892480000003422	0.49027473301825686
2.892490000003422	0.49025479982049636
2.8925000000034222	0.4902348667182258
2.8925100000034223	0.49021493370597724
2.8925200000034224	0.4901950007782775
2.8925300000034224	0.4901750679296451
2.8925400000034225	0.49015513515459197
2.8925500000034226	0.49013520244762093
2.8925600000034226	0.4901152698032265
2.8925700000034227	0.4900953372158931
2.8925800000034227	0.49007540468009475
2.892590000003423	0.4900554721902947
2.892600000003423	0.49003553974094394
2.892610000003423	0.4900156073264804
2.892620000003423	0.48999567494132973
2.892630000003423	0.4899757425799029
2.892640000003423	0.48995581023659734
2.892650000003423	0.4899358779057956
2.8926600000034233	0.48991594558186524
2.8926700000034233	0.48989601325915855
2.8926800000034234	0.4898760809320136
2.8926900000034235	0.4898561485947527
2.8927000000034235	0.48983621624168344
2.8927100000034236	0.4898162838670972
2.8927200000034237	0.48979635146527517
2.8927300000034237	0.48977641903048236
2.892740000003424	0.4897564865569717
2.892750000003424	0.4897365540389828
2.892760000003424	0.4897166214707457
2.892770000003424	0.48969668884647954
2.892780000003424	0.48967675616039097
2.892790000003424	0.48965682340668026
2.892800000003424	0.4896368905795414
2.8928100000034243	0.4896169576731589
2.8928200000034243	0.48959702468171284
2.8928300000034244	0.4895770915993771
2.8928400000034244	0.4895571584203223
2.8928500000034245	0.4895372251387145
2.8928600000034246	0.4895172917488007
2.8928700000034246	0.48949735824469276
2.8928800000034247	0.4894774246205136
2.8928900000034248	0.4894574908704215
2.892900000003425	0.4894375569885749
2.892910000003425	0.48941762296912994
2.892920000003425	0.48939768880624246
2.892930000003425	0.4893777544940668
2.892940000003425	0.4893578200267568
2.892950000003425	0.4893378853984649
2.8929600000034252	0.489317950603342
2.8929700000034253	0.4892980156355364
2.8929800000034254	0.4892780804891942
2.8929900000034254	0.4892581451584585
2.8930000000034255	0.4892382096374691
2.8930100000034256	0.4892182739203606
2.8930200000034256	0.4891983380012639
2.8930300000034257	0.48917840187430417
2.8930400000034258	0.4891584655335997
2.893050000003426	0.48913852897326343
2.893060000003426	0.48911859218740067
2.893070000003426	0.4890986551701084
2.893080000003426	0.48907871791547686
2.893090000003426	0.4890587804175868
2.893100000003426	0.48903884267051095
2.893110000003426	0.4890189046682543
2.8931200000034263	0.48899896640493556
2.8931300000034263	0.4889790278746027
2.8931400000034264	0.48895908907129193
2.8931500000034265	0.4889391499890307
2.8931600000034265	0.48891921062183824
2.8931700000034266	0.48889927096372704
2.8931800000034267	0.4888793310087001
2.8931900000034267	0.4888593907507546
2.893200000003427	0.4888394501838801
2.893210000003427	0.4888195093020604
2.893220000003427	0.4887995680992734
2.893230000003427	0.4887796265694924
2.893240000003427	0.48875968470668635
2.893250000003427	0.48873974250482227
2.893260000003427	0.48871979995786224
2.8932700000034273	0.4886998570597665
2.8932800000034273	0.4886799138044941
2.8932900000034274	0.48865997018600366
2.8933000000034275	0.4886400261982533
2.8933100000034275	0.48862008183520095
2.8933200000034276	0.488600137090805
2.8933300000034277	0.48858019195902597
2.8933400000034277	0.48856024643382534
2.893350000003428	0.48854030050916586
2.893360000003428	0.48852035417901296
2.893370000003428	0.4885004074373329
2.893380000003428	0.48848046027809533
2.893390000003428	0.488460512695272
2.893400000003428	0.4884405646828356
2.893410000003428	0.48842061623476196
2.8934200000034282	0.48840066734502957
2.8934300000034283	0.48838071800761684
2.8934400000034284	0.4883607682165044
2.8934500000034284	0.4883408179656744
2.8934600000034285	0.48832086724911006
2.8934700000034286	0.4883009160607913
2.8934800000034286	0.4882809643947094
2.8934900000034287	0.4882610122448428
2.8935000000034288	0.4882410596051764
2.893510000003429	0.48822110646969336
2.893520000003429	0.4882011528323768
2.893530000003429	0.4881811986872067
2.893540000003429	0.4881612440281628
2.893550000003429	0.4881412888491365
2.893560000003429	0.488121333144144
2.8935700000034292	0.48810137690720484
2.8935800000034293	0.48808142013228967
2.8935900000034294	0.4880614628133614
2.8936000000034294	0.48804150494439075
2.8936100000034295	0.4880215465193451
2.8936200000034296	0.4880015875321867
2.8936300000034296	0.48798162797688033
2.8936400000034297	0.48796166784738476
2.8936500000034298	0.48794170713765866
2.89366000000343	0.4879217458416586
2.89367000000343	0.4879017839533413
2.89368000000343	0.48788182146666204
2.89369000000343	0.48786185837557594
2.89370000000343	0.4878418946740385
2.89371000000343	0.4878219303560015
2.89372000000343	0.48780196541542525
2.8937300000034303	0.48778199984626625
2.8937400000034303	0.48776203364248655
2.8937500000034304	0.4877420667980466
2.8937600000034305	0.48772209930691135
2.8937700000034305	0.48770213116304356
2.8937800000034306	0.4876821623604163
2.8937900000034307	0.4876621928930056
2.8938000000034307	0.4876422227547904
2.893810000003431	0.4876222519397544
2.893820000003431	0.4876022804422059
2.893830000003431	0.4875823082562926
2.893840000003431	0.4875623353753
2.893850000003431	0.48754236179341703
2.893860000003431	0.4875223875047244
2.893870000003431	0.4875024125032367
2.8938800000034313	0.4874824367829765
2.8938900000034313	0.4874624603379716
2.8939000000034314	0.48744248316225747
2.8939100000034315	0.48742250524971503
2.8939200000034315	0.4874025265944682
2.8939300000034316	0.48738254719063345
2.8939400000034317	0.48736256703227265
2.8939500000034317	0.48734258611345216
2.893960000003432	0.48732260442824565
2.893970000003432	0.487302621970732
2.893980000003432	0.4872826387349962
2.893990000003432	0.4872626547151288
2.894000000003432	0.48724266990522547
2.894010000003432	0.4872226842993864
2.894020000003432	0.487202697891717
2.8940300000034322	0.48718271067632724
2.8940400000034323	0.4871627226473298
2.8940500000034324	0.4871427337988422
2.8940600000034324	0.4871227441249843
2.8940700000034325	0.48710275361987954
2.8940800000034326	0.4870827622776551
2.8940900000034326	0.4870627700924402
2.8941000000034327	0.48704277705836674
2.8941100000034328	0.48702278316956876
2.894120000003433	0.4870027884201834
2.894130000003433	0.4869827928043498
2.894140000003433	0.4869627963162102
2.894150000003433	0.4869427989499094
2.894160000003433	0.4869228006995958
2.894170000003433	0.48690280155942056
2.8941800000034332	0.48688280152353847
2.8941900000034333	0.4868628005861108
2.8942000000034334	0.4868427987412984
2.8942100000034334	0.48682279598326883
2.8942200000034335	0.4868027923061955
2.8942300000034336	0.486782787704258
2.8942400000034336	0.4867627821716415
2.8942500000034337	0.48674277570253854
2.8942600000034338	0.4867227682911488
2.894270000003434	0.48670275993167983
2.894280000003434	0.4866827506183473
2.894290000003434	0.4866627403453762
2.894300000003434	0.48664272910700024
2.894310000003434	0.4866227168974645
2.894320000003434	0.4866027037110228
2.894330000003434	0.48658268954194017
2.8943400000034343	0.4865626743844912
2.8943500000034343	0.486542658232963
2.8943600000034344	0.48652264108165255
2.8943700000034345	0.4865026229248688
2.8943800000034345	0.4864826037569316
2.8943900000034346	0.4864625835721722
2.8944000000034347	0.48644256236493205
2.8944100000034347	0.4864225401295648
2.894420000003435	0.4864025168604337
2.894430000003435	0.48638249255191324
2.894440000003435	0.48636246719838805
2.894450000003435	0.48634244079425276
2.894460000003435	0.48632241333391013
2.894470000003435	0.48630238481177396
2.894480000003435	0.4862823552222671
2.8944900000034353	0.48626232455981966
2.8945000000034353	0.48624229281886966
2.8945100000034354	0.4862222599938641
2.8945200000034355	0.4862022260792563
2.8945300000034355	0.48618219106950705
2.8945400000034356	0.48616215495908427
2.8945500000034357	0.4861421177424614
2.8945600000034357	0.48612207941412006
2.894570000003436	0.48610203996858675
2.894580000003436	0.4860819994003384
2.894590000003436	0.4860619577038657
2.894600000003436	0.48604191487367443
2.894610000003436	0.48602187090427595
2.894620000003436	0.48600182579018847
2.894630000003436	0.4859817795259363
2.8946400000034362	0.48596173210605104
2.8946500000034363	0.48594168352507144
2.8946600000034364	0.4859216337775437
2.8946700000034364	0.485901582858022
2.8946800000034365	0.48588153076106844
2.8946900000034366	0.48586147748125547
2.8947000000034366	0.4858414230131638
2.8947100000034367	0.4858213673513849
2.8947200000034368	0.48580131049051983
2.894730000003437	0.4857812524251822
2.894740000003437	0.485761193149997
2.894750000003437	0.48574113265959995
2.894760000003437	0.4857210709486415
2.894770000003437	0.48570100801178384
2.894780000003437	0.48568094384370264
2.8947900000034372	0.48566087843908784
2.8948000000034373	0.485640811793562
2.8948100000034374	0.4856207439014011
2.8948200000034374	0.4856006747569494
2.8948300000034375	0.4855806043549576
2.8948400000034376	0.48556053269018745
2.8948500000034376	0.48554045975741156
2.8948600000034377	0.4855203855514139
2.8948700000034377	0.48550031006699235
2.894880000003438	0.48548023329895584
2.894890000003438	0.4854601552421254
2.894900000003438	0.4854400758913351
2.894910000003438	0.4854199952414311
2.894920000003438	0.48539991328727167
2.894930000003438	0.48537983002372787
2.894940000003438	0.4853597454456824
2.8949500000034383	0.48533965954802927
2.8949600000034383	0.4853195723256754
2.8949700000034384	0.4852994837735381
2.8949800000034385	0.4852793938865471
2.8949900000034385	0.4852593026596436
2.8950000000034386	0.4852392100877793
2.8950100000034387	0.48521911616591745
2.8950200000034387	0.4851990208890314
2.895030000003439	0.4851789242521058
2.895040000003439	0.4851588262501365
2.895050000003439	0.48513872687813075
2.895060000003439	0.48511862613110607
2.895070000003439	0.4850985240040903
2.895080000003439	0.48507842049210925
2.895090000003439	0.4850583155902569
2.8951000000034393	0.4850382092935659
2.8951100000034393	0.4850181015971079
2.8951200000034394	0.4849979924959657
2.8951300000034395	0.4849778819852338
2.8951400000034395	0.48495777006002955
2.8951500000034396	0.4849376567154289
2.8951600000034396	0.4849175419465887
2.8951700000034397	0.48489742574865
2.89518000000344	0.4848773081167668
2.89519000000344	0.48485718904609454
2.89520000000344	0.48483706853185793
2.89521000000344	0.48481694656922164
2.89522000000344	0.4847968231533859
2.89523000000344	0.48477669827958114
2.89524000000344	0.4847565719430434
2.8952500000034402	0.48473644413902484
2.8952600000034403	0.4847163148627903
2.8952700000034404	0.4846961841096209
2.8952800000034404	0.48467605187481194
2.8952900000034405	0.4846559181536744
2.8953000000034406	0.4846357829415343
2.8953100000034406	0.48461564623373315
2.8953200000034407	0.4845955080256271
2.8953300000034408	0.4845753683125883
2.895340000003441	0.4845552270900035
2.895350000003441	0.48453508435327475
2.895360000003441	0.48451494009781854
2.895370000003441	0.4844947943190666
2.895380000003441	0.48447464701246545
2.895390000003441	0.4844544981734753
2.895400000003441	0.4844343477975715
2.8954100000034413	0.4844141958802431
2.8954200000034414	0.48439404241699213
2.8954300000034414	0.48437388740333415
2.8954400000034415	0.48435373083479955
2.8954500000034415	0.4843335727069298
2.8954600000034416	0.4843134130152813
2.8954700000034417	0.48429325175542265
2.8954800000034417	0.4842730889229367
2.895490000003442	0.4842529245134158
2.895500000003442	0.4842327585224659
2.895510000003442	0.48421259094570634
2.895520000003442	0.4841924217787692
2.895530000003442	0.48417225101729977
2.895540000003442	0.48415207865695425
2.895550000003442	0.4841319046934024
2.8955600000034423	0.4841117291223266
2.8955700000034423	0.48409155193942344
2.8955800000034424	0.4840713731404012
2.8955900000034425	0.48405119272098274
2.8956000000034425	0.4840310106769037
2.8956100000034426	0.48401082700391396
2.8956200000034427	0.48399064169777695
2.8956300000034427	0.483970454754271
2.895640000003443	0.48395026616918674
2.895650000003443	0.483930075938332
2.895660000003443	0.48390988405752755
2.895670000003443	0.4838896905226089
2.895680000003443	0.4838694953294251
2.895690000003443	0.48384929847384356
2.895700000003443	0.4838290999517469
2.8957100000034433	0.4838088997590291
2.8957200000034433	0.48378869789160306
2.8957300000034434	0.4837684943453955
2.8957400000034434	0.4837482891163486
2.8957500000034435	0.4837280822004201
2.8957600000034436	0.48370787359358614
2.8957700000034436	0.4836876632918346
2.8957800000034437	0.48366745129116767
2.8957900000034438	0.48364723758760675
2.895800000003444	0.4836270221771864
2.895810000003444	0.48360680505595727
2.895820000003444	0.4835865862199864
2.895830000003444	0.4835663656653543
2.895840000003444	0.4835461433881588
2.895850000003444	0.4835259193845111
2.8958600000034442	0.48350569365053925
2.8958700000034443	0.48348546618238525
2.8958800000034444	0.48346523697620697
2.8958900000034444	0.4834450060281768
2.8959000000034445	0.4834247733344826
2.8959100000034446	0.4834045388913263
2.8959200000034446	0.4833843026949254
2.8959300000034447	0.48336406474151206
2.8959400000034448	0.4833438250273335
2.895950000003445	0.4833235835486507
2.895960000003445	0.4833033403017398
2.895970000003445	0.4832830952828906
2.895980000003445	0.48326284848840856
2.895990000003445	0.4832425999146132
2.896000000003445	0.4832223495578376
2.896010000003445	0.4832020974144288
2.8960200000034453	0.48318184348074883
2.8960300000034453	0.48316158775317364
2.8960400000034454	0.48314133022809214
2.8960500000034455	0.4831210709019057
2.8960600000034455	0.4831008097710353
2.8960700000034456	0.483080546831911
2.8960800000034457	0.4830602820809773
2.8960900000034457	0.4830400155146959
2.896100000003446	0.4830197471295387
2.896110000003446	0.48299947692199174
2.896120000003446	0.4829792048885559
2.896130000003446	0.4829589310257458
2.896140000003446	0.4829386553300901
2.896150000003446	0.48291837779813224
2.896160000003446	0.48289809842643
2.8961700000034463	0.482877817211555
2.8961800000034463	0.48285753415009447
2.8961900000034464	0.48283724923865007
2.8962000000034465	0.4828169624738394
2.8962100000034465	0.48279667385229474
2.8962200000034466	0.48277638337066375
2.8962300000034467	0.48275609102561046
2.8962400000034467	0.4827357968138128
2.896250000003447	0.4827155007319683
2.896260000003447	0.48269520277678796
2.896270000003447	0.48267490294499954
2.896280000003447	0.48265460123334714
2.896290000003447	0.4826342976385909
2.896300000003447	0.48261399215751893
2.896310000003447	0.4825936847869082
2.8963200000034472	0.4825733755235765
2.8963300000034473	0.48255306436434897
2.8963400000034474	0.4825327513060679
2.8963500000034474	0.4825124363455922
2.8963600000034475	0.4824921194797947
2.8963700000034476	0.4824718007055618
2.8963800000034476	0.4824514800197973
2.8963900000034477	0.4824311574194201
2.8964000000034478	0.48241083290136305
2.896410000003448	0.4823905064625735
2.896420000003448	0.4823701781000137
2.896430000003448	0.4823498478106592
2.896440000003448	0.48232951559149906
2.896450000003448	0.48230918143953644
2.896460000003448	0.4822888453517865
2.8964700000034482	0.4822685073252781
2.8964800000034483	0.48224816735705345
2.8964900000034484	0.48222782544416554
2.8965000000034484	0.4822074815836827
2.8965100000034485	0.4821871357726837
2.8965200000034486	0.4821667880082613
2.8965300000034486	0.4821464382875202
2.8965400000034487	0.482126086607578
2.8965500000034488	0.4821057329655656
2.896560000003449	0.4820853773586263
2.896570000003449	0.482065019783917
2.896580000003449	0.48204466023860837
2.896590000003449	0.48202429871988367
2.896600000003449	0.4820039352249417
2.896610000003449	0.48198356975099454
2.896620000003449	0.4819632022952692
2.8966300000034493	0.4819428328550071
2.8966400000034493	0.48192246142746537
2.8966500000034494	0.48190208800991596
2.8966600000034495	0.48188171259964613
2.8966700000034495	0.4818613351939595
2.8966800000034496	0.48184095579017516
2.8966900000034497	0.48182057438562836
2.8967000000034497	0.4818001909776703
2.89671000000345	0.4817798055636684
2.89672000000345	0.4817594181410057
2.89673000000345	0.4817390287070813
2.89674000000345	0.4817186372593108
2.89675000000345	0.4816982437951253
2.89676000000345	0.4816778483117913
2.89677000000345	0.481657450806916
2.8967800000034503	0.481637051278004
2.8967900000034503	0.48161664972254903
2.8968000000034504	0.4815962461380567
2.8968100000034505	0.4815758405220488
2.8968200000034505	0.48155543287206026
2.8968300000034506	0.4815350231856411
2.8968400000034507	0.4815146114603545
2.8968500000034507	0.4814941976939066
2.896860000003451	0.48147378188377904
2.896870000003451	0.4814533640275582
2.896880000003451	0.4814329441228572
2.896890000003451	0.4814125221673034
2.896900000003451	0.4813920981585356
2.896910000003451	0.4813716720942049
2.896920000003451	0.4813512439719739
2.8969300000034512	0.4813308137895179
2.8969400000034513	0.4813103815445236
2.8969500000034514	0.48128994723468954
2.8969600000034514	0.4812695108577257
2.8969700000034515	0.4812490724113551
2.8969800000034516	0.4812286318933121
2.8969900000034516	0.48120818930134346
2.8970000000034517	0.48118774463320896
2.8970100000034518	0.48116729788667995
2.897020000003452	0.4811468490595414
2.897030000003452	0.48112639814959074
2.897040000003452	0.4811059451546387
2.897050000003452	0.4810854900725092
2.897060000003452	0.4810650329010393
2.897070000003452	0.4810445736380806
2.8970800000034522	0.48102411228149694
2.8970900000034523	0.481003648829167
2.8971000000034524	0.4809831832789824
2.8971100000034524	0.48096271562884974
2.8971200000034525	0.48094224587668855
2.8971300000034526	0.48092177402043257
2.8971400000034526	0.480901300058029
2.8971500000034527	0.48088082398744
2.8971600000034528	0.48086034580664033
2.897170000003453	0.4808398655136192
2.897180000003453	0.480819383106379
2.897190000003453	0.4807988985829358
2.897200000003453	0.48077841194131904
2.897210000003453	0.4807579231795716
2.897220000003453	0.4807374322957493
2.897230000003453	0.48071693928792003
2.8972400000034533	0.4806964441541669
2.8972500000034533	0.48067594689258364
2.8972600000034534	0.4806554475012771
2.8972700000034535	0.48063494597836653
2.8972800000034535	0.4806144423219837
2.8972900000034536	0.4805939365302725
2.8973000000034537	0.4805734286013894
2.8973100000034537	0.4805529185335025
2.897320000003454	0.4805324063247925
2.897330000003454	0.48051189197345184
2.897340000003454	0.48049137547768406
2.897350000003454	0.48047085683570495
2.897360000003454	0.4804503360457421
2.897370000003454	0.48042981310603505
2.897380000003454	0.48040928801483385
2.8973900000034543	0.4803887607704014
2.8974000000034543	0.4803682313710109
2.8974100000034544	0.48034769981494785
2.8974200000034545	0.4803271661005094
2.8974300000034545	0.480306630226003
2.8974400000034546	0.48028609218974755
2.8974500000034547	0.4802655519900732
2.8974600000034547	0.4802450096253219
2.897470000003455	0.48022446509384203
2.897480000003455	0.48020391839399584
2.897490000003455	0.4801833695241639
2.897500000003455	0.4801628184827319
2.897510000003455	0.48014226526809634
2.897520000003455	0.48012170987866515
2.897530000003455	0.4801011523128568
2.8975400000034552	0.4800805925691005
2.8975500000034553	0.4800600306458368
2.8975600000034554	0.4800394665415163
2.8975700000034554	0.48001890025460203
2.8975800000034555	0.4799983317835677
2.8975900000034556	0.47997776112689705
2.8976000000034556	0.47995718828308565
2.8976100000034557	0.47993661325063963
2.8976200000034558	0.47991603602807514
2.897630000003456	0.47989545661392385
2.897640000003456	0.4798748750067233
2.897650000003456	0.4798542912050252
2.897660000003456	0.47983370520739294
2.897670000003456	0.47981311701239965
2.897680000003456	0.47979252661863053
2.8976900000034562	0.4797719340246825
2.8977000000034563	0.4797513392291638
2.8977100000034564	0.47973074223069356
2.8977200000034564	0.4797101430279028
2.8977300000034565	0.4796895416194341
2.8977400000034566	0.47966893800394045
2.8977500000034566	0.47964833218008696
2.8977600000034567	0.4796277241465498
2.8977700000034567	0.4796071139020163
2.897780000003457	0.4795865014451843
2.897790000003457	0.47956588677476303
2.897800000003457	0.4795452698894717
2.897810000003457	0.4795246507880408
2.897820000003457	0.4795040294692105
2.897830000003457	0.47948340593173105
2.897840000003457	0.4794627801743629
2.8978500000034573	0.47944215219587655
2.8978600000034573	0.4794215219950515
2.8978700000034574	0.47940088957067695
2.8978800000034575	0.4793802549215518
2.8978900000034575	0.4793596180464829
2.8979000000034576	0.479338978944287
2.8979100000034577	0.4793183376137893
2.8979200000034577	0.47929769405382383
2.897930000003458	0.4792770482632331
2.897940000003458	0.4792564002408681
2.897950000003458	0.47923574998558827
2.897960000003458	0.47921509749626057
2.897970000003458	0.47919444277176193
2.897980000003458	0.4791737858109778
2.897990000003458	0.47915312661280096
2.8980000000034583	0.4791324651761335
2.8980100000034583	0.47911180149988564
2.8980200000034584	0.47909113558297645
2.8980300000034585	0.47907046742433373
2.8980400000034585	0.4790497970228942
2.8980500000034586	0.4790291243776025
2.8980600000034586	0.4790084494874141
2.8980700000034587	0.4789877723512932
2.898080000003459	0.4789670929682126
2.898090000003459	0.47894641133715515
2.898100000003459	0.47892572745711226
2.898110000003459	0.4789050413270848
2.898120000003459	0.4788843529460849
2.898130000003459	0.47886366231313265
2.898140000003459	0.47884296942725846
2.8981500000034592	0.47882227428750235
2.8981600000034593	0.4788015768929137
2.8981700000034594	0.47878087724255025
2.8981800000034594	0.4787601753354813
2.8981900000034595	0.47873947117078547
2.8982000000034596	0.4787187647475495
2.8982100000034596	0.47869805606486976
2.8982200000034597	0.47867734512185184
2.8982300000034598	0.47865663191761
2.89824000000346	0.4786359164512675
2.89825000000346	0.47861519872195585
2.89826000000346	0.4785944787288162
2.89827000000346	0.47857375647099576
2.89828000000346	0.478553031947651
2.89829000000346	0.47853230515794637
2.89830000000346	0.4785115761010541
2.8983100000034603	0.4784908447761537
2.8983200000034604	0.4784701111824324
2.8983300000034604	0.47844937531908427
2.8983400000034605	0.4784286371853111
2.8983500000034605	0.4784078967803219
2.8983600000034606	0.4783871541033316
2.8983700000034607	0.47836640915356354
2.8983800000034607	0.4783456619302467
2.898390000003461	0.4783249124326153
2.898400000003461	0.4783041606599134
2.898410000003461	0.4782834066113891
2.898420000003461	0.4782626502862993
2.898430000003461	0.47824189168390735
2.898440000003461	0.47822113080348305
2.898450000003461	0.4782003676443023
2.8984600000034613	0.47817960220564626
2.8984700000034613	0.47815883448680796
2.8984800000034614	0.4781380644870822
2.8984900000034615	0.4781172922057724
2.8985000000034615	0.4780965176421869
2.8985100000034616	0.47807574079564413
2.8985200000034617	0.4780549616654698
2.8985300000034617	0.4780341802509952
2.898540000003462	0.47801339655155906
2.898550000003462	0.4779926105665068
2.898560000003462	0.4779718222951922
2.898570000003462	0.477951031736975
2.898580000003462	0.47793023889122366
2.898590000003462	0.47790944375731237
2.898600000003462	0.47788864633462386
2.8986100000034623	0.4778678466225476
2.8986200000034623	0.47784704462048067
2.8986300000034624	0.4778262403278284
2.8986400000034624	0.47780543374400486
2.8986500000034625	0.47778462486831946
2.8986600000034626	0.47776381370029586
2.8986700000034626	0.47774300023936833
2.8986800000034627	0.47772218448497616
2.8986900000034628	0.47770136643656524
2.898700000003463	0.4776805460935886
2.898710000003463	0.4776597234555073
2.898720000003463	0.47763889852178854
2.898730000003463	0.47761807129190714
2.898740000003463	0.4775972417653438
2.898750000003463	0.47757640994158623
2.8987600000034632	0.4775555758201273
2.8987700000034633	0.4775347394004663
2.8987800000034634	0.47751390068210875
2.8987900000034634	0.47749305966456557
2.8988000000034635	0.4774722163473525
2.8988100000034636	0.47745137072999133
2.8988200000034636	0.4774305228120087
2.8988300000034637	0.477409672592935
2.8988400000034638	0.477388820072308
2.898850000003464	0.4773679652496683
2.898860000003464	0.47734710812456205
2.898870000003464	0.4773262486965402
2.898880000003464	0.4773053869651573
2.898890000003464	0.4772845229299726
2.898900000003464	0.4772636565905506
2.898910000003464	0.4772427879464598
2.8989200000034643	0.4772219169972732
2.8989300000034643	0.47720104374256894
2.8989400000034644	0.47718016818192943
2.8989500000034645	0.4771592903149422
2.8989600000034645	0.47713841014119907
2.8989700000034646	0.4771175276602968
2.8989800000034647	0.47709664287183773
2.8989900000034647	0.4770757557754289
2.899000000003465	0.4770548663706826
2.899010000003465	0.47703397465721703
2.899020000003465	0.4770130806346559
2.899030000003465	0.47699218430262763
2.899040000003465	0.4769712856607663
2.899050000003465	0.47695038470871215
2.899060000003465	0.47692948144611175
2.8990700000034653	0.4769085758726164
2.8990800000034653	0.4768876679878841
2.8990900000034654	0.4768667577915781
2.8991000000034655	0.476845845283369
2.8991100000034655	0.47682493046293056
2.8991200000034656	0.47680401332994393
2.8991300000034657	0.47678309388409545
2.8991400000034657	0.47676217212507727
2.899150000003466	0.4767412480525875
2.899160000003466	0.4767203216663271
2.899170000003466	0.4766993929660046
2.899180000003466	0.4766784619513342
2.899190000003466	0.47665752862203453
2.899200000003466	0.4766365929778291
2.899210000003466	0.47661565501844483
2.8992200000034662	0.47659471474358767
2.8992300000034663	0.47657377215301666
2.8992400000034664	0.4765528272464754
2.8992500000034664	0.47653188002370833
2.8992600000034665	0.47651093048446413
2.8992700000034666	0.47648997862849507
2.8992800000034666	0.47646902445560874
2.8992900000034667	0.47644806796554284
2.8993000000034668	0.47642710915803715
2.899310000003467	0.47640614803285547
2.899320000003467	0.47638518458976564
2.899330000003467	0.47636421882853935
2.899340000003467	0.47634325074895095
2.899350000003467	0.47632228035077817
2.899360000003467	0.47630130763380296
2.8993700000034672	0.476280332597809
2.8993800000034673	0.4762593552425838
2.8993900000034674	0.4762383755679179
2.8994000000034674	0.4762173935736057
2.8994100000034675	0.4761964092594443
2.8994200000034676	0.4761754226252345
2.8994300000034676	0.4761544336707768
2.8994400000034677	0.4761334423958814
2.8994500000034678	0.47611244880036196
2.899460000003468	0.476091452884034
2.899470000003468	0.47607045464671754
2.899480000003468	0.47604945408823635
2.899490000003468	0.4760284512084178
2.899500000003468	0.47600744600709416
2.899510000003468	0.4759864384841019
2.899520000003468	0.4759654286392812
2.8995300000034683	0.4759444164724771
2.8995400000034683	0.47592340198353894
2.8995500000034684	0.4759023851723198
2.8995600000034685	0.4758813660386781
2.8995700000034685	0.4758603445824754
2.8995800000034686	0.47583932080357794
2.8995900000034687	0.47581829470185644
2.8996000000034687	0.4757972662771855
2.899610000003469	0.47577623552944315
2.899620000003469	0.47575520245851205
2.899630000003469	0.47573416706427835
2.899640000003469	0.4757131293466317
2.899650000003469	0.4756920893054661
2.899660000003469	0.47567104694067824
2.899670000003469	0.4756500022521684
2.8996800000034693	0.47562895523983995
2.8996900000034693	0.4756079059035997
2.8997000000034694	0.4755868542433574
2.8997100000034695	0.4755658002590258
2.8997200000034695	0.4755447439505202
2.8997300000034696	0.4755236853177585
2.8997400000034697	0.4755026243606617
2.8997500000034697	0.47548156107915274
2.89976000000347	0.47546049547315805
2.89977000000347	0.47543942754260576
2.89978000000347	0.47541835728742654
2.89979000000347	0.4753972847075541
2.89980000000347	0.47537620980292317
2.89981000000347	0.47535513257347234
2.89982000000347	0.4753340530191402
2.8998300000034702	0.47531297113987064
2.8998400000034703	0.47529188693560864
2.8998500000034704	0.4752708004063017
2.8998600000034704	0.4752497115519001
2.8998700000034705	0.47522862037235647
2.8998800000034706	0.4752075268676258
2.8998900000034706	0.47518643103766545
2.8999000000034707	0.47516533288243534
2.8999100000034708	0.4751442324018984
2.899920000003471	0.47512312959602054
2.899930000003471	0.47510202446476973
2.899940000003471	0.47508091700811705
2.899950000003471	0.4750598072260368
2.899960000003471	0.475038695118505
2.899970000003471	0.4750175806855016
2.8999800000034712	0.47499646392701167
2.8999900000034713	0.4749753448430189
2.9000000000034714	0.47495422343351074
2.9000100000034714	0.4749330996984787
2.9000200000034715	0.47491197363791743
2.9000300000034716	0.4748908452518236
2.9000400000034716	0.4748697145401984
2.9000500000034717	0.4748485815030456
2.9000600000034717	0.4748274461403713
2.900070000003472	0.4748063084521854
2.900080000003472	0.47478516843850105
2.900090000003472	0.47476402609933366
2.900100000003472	0.47474288143470567
2.900110000003472	0.4747217344446374
2.900120000003472	0.4747005851291516
2.900130000003472	0.47467943348827635
2.9001400000034723	0.47465827952204204
2.9001500000034723	0.47463712323048296
2.9001600000034724	0.47461596461363575
2.9001700000034725	0.4745948036715445
2.9001800000034725	0.4745736404042491
2.9001900000034726	0.4745524748117909
2.9002000000034727	0.47453130689421724
2.9002100000034727	0.47451013665157765
2.900220000003473	0.4744889640839297
2.900230000003473	0.4744677891913251
2.900240000003473	0.47444661197381777
2.900250000003473	0.4744254324314667
2.900260000003473	0.4744042505643322
2.900270000003473	0.47438306637247735
2.900280000003473	0.4743618798559667
2.9002900000034733	0.4743406910148667
2.9003000000034733	0.474319499849245
2.9003100000034734	0.4742983063591723
2.9003200000034735	0.47427711054472044
2.9003300000034735	0.47425591240596315
2.9003400000034736	0.47423471194297473
2.9003500000034736	0.4742135091558327
2.9003600000034737	0.4741923040446146
2.900370000003474	0.47417109660940104
2.900380000003474	0.4741498868502732
2.900390000003474	0.474128674767315
2.900400000003474	0.474107460360611
2.900410000003474	0.47408624363024915
2.900420000003474	0.47406502457631733
2.900430000003474	0.47404380319890754
2.9004400000034742	0.47402257949811455
2.9004500000034743	0.47400135347403494
2.9004600000034744	0.4739801251267628
2.9004700000034744	0.47395889445639855
2.9004800000034745	0.47393766146304556
2.9004900000034746	0.47391642614680574
2.9005000000034746	0.4738951885077887
2.9005100000034747	0.47387394854610737
2.9005200000034748	0.47385270626187576
2.900530000003475	0.47383146165521084
2.900540000003475	0.47381021472623325
2.900550000003475	0.47378896547506544
2.900560000003475	0.4737677139017747
2.900570000003475	0.47374646000651877
2.900580000003475	0.4737252037894573
2.900590000003475	0.47370394525072784
2.9006000000034753	0.47368268439046934
2.9006100000034754	0.4736614212088255
2.9006200000034754	0.4736401557059412
2.9006300000034755	0.4736188878819654
2.9006400000034755	0.47359761773704917
2.9006500000034756	0.4735763452713468
2.9006600000034757	0.47355507048501455
2.9006700000034757	0.473533793378205
2.900680000003476	0.4735125139510825
2.900690000003476	0.473491232203812
2.900700000003476	0.4734699481365594
2.900710000003476	0.47344866174949146
2.900720000003476	0.47342737304277727
2.900730000003476	0.47340608201658363
2.900740000003476	0.47338478867108374
2.9007500000034763	0.4733634930064522
2.9007600000034763	0.4733421950228641
2.9007700000034764	0.47332089472049543
2.9007800000034765	0.473299592099523
2.9007900000034765	0.4732782871601262
2.9008000000034766	0.473256979902484
2.9008100000034767	0.4732356703267783
2.9008200000034767	0.4732143584331917
2.900830000003477	0.4731930442219086
2.900840000003477	0.4731717276931144
2.900850000003477	0.4731504088469966
2.900860000003477	0.4731290876837452
2.900870000003477	0.4731077642035517
2.900880000003477	0.4730864384066091
2.900890000003477	0.473065110293113
2.9009000000034773	0.4730437798632614
2.9009100000034773	0.47302244711725533
2.9009200000034774	0.4730011120552977
2.9009300000034774	0.4729797746775945
2.9009400000034775	0.47295843498435464
2.9009500000034776	0.47293709297579073
2.9009600000034776	0.4729157486521182
2.9009700000034777	0.4728944020135557
2.9009800000034778	0.4728730530603252
2.900990000003478	0.47285170179268676
2.901000000003478	0.4728303482108732
2.901010000003478	0.47280899231508244
2.901020000003478	0.4727876341055493
2.901030000003478	0.47276627358251183
2.901040000003478	0.4727449107462114
2.9010500000034782	0.4727235455968931
2.9010600000034783	0.4727021781348052
2.9010700000034784	0.47268080836019877
2.9010800000034784	0.4726594362733278
2.9010900000034785	0.47263806187444973
2.9011000000034786	0.4726166851638239
2.9011100000034786	0.4725953061417126
2.9011200000034787	0.472573924808381
2.9011300000034788	0.4725525411640965
2.901140000003479	0.47253115520912903
2.901150000003479	0.4725097669437505
2.901160000003479	0.4724883763682348
2.901170000003479	0.47246698348285865
2.901180000003479	0.47244558828790045
2.901190000003479	0.47242419078364034
2.901200000003479	0.47240279097036064
2.9012100000034793	0.47238138884834646
2.9012200000034793	0.47235998441788346
2.9012300000034794	0.4723385776792628
2.9012400000034795	0.4723171686327734
2.9012500000034795	0.4722957572787065
2.9012600000034796	0.47227434361735615
2.9012700000034797	0.4722529276490197
2.9012800000034797	0.4722315093739955
2.90129000000348	0.47221008879258536
2.90130000000348	0.4721886659050923
2.90131000000348	0.47216724071182253
2.90132000000348	0.47214581321308435
2.90133000000348	0.47212438340918883
2.90134000000348	0.4721029513004498
2.90135000000348	0.47208151688718414
2.9013600000034803	0.47206008016971135
2.9013700000034803	0.47203864114835387
2.9013800000034804	0.4720171998234374
2.9013900000034805	0.4719957561952914
2.9014000000034805	0.4719743102642474
2.9014100000034806	0.47195286203063963
2.9014200000034807	0.47193141149480644
2.9014300000034807	0.47190995865708774
2.901440000003481	0.4718885035178308
2.901450000003481	0.47186704607738467
2.901460000003481	0.47184558633610213
2.901470000003481	0.4718241242943378
2.901480000003481	0.4718026599524511
2.901490000003481	0.4717811933108045
2.901500000003481	0.4717597243697642
2.9015100000034812	0.47173825312970025
2.9015200000034813	0.471716779590985
2.9015300000034814	0.4716953037539951
2.9015400000034814	0.47167382561911136
2.9015500000034815	0.4716523451867166
2.9015600000034816	0.4716308624571975
2.9015700000034816	0.4716093774309446
2.9015800000034817	0.4715878901076126
2.9015900000034818	0.4715664004880258
2.901600000003482	0.4715449085727288
2.901610000003482	0.47152341436213285
2.901620000003482	0.4715019178566513
2.901630000003482	0.4714804190567034
2.901640000003482	0.47145891796271233
2.901650000003482	0.47143741457510846
2.9016600000034822	0.471415908894325
2.9016700000034823	0.47139440092080137
2.9016800000034824	0.47137289065498095
2.9016900000034824	0.4713513780973117
2.9017000000034825	0.4713298632482448
2.9017100000034826	0.4713083461082364
2.9017200000034826	0.47128682667774374
2.9017300000034827	0.47126530495722757
2.9017400000034828	0.47124378094715225
2.901750000003483	0.4712222546479828
2.901760000003483	0.47120072606018587
2.901770000003483	0.4711791951842313
2.901780000003483	0.47115766202058945
2.901790000003483	0.47113612656973164
2.901800000003483	0.4711145888321303
2.901810000003483	0.4710930488082596
2.9018200000034833	0.471071506498594
2.9018300000034833	0.47104996190360937
2.9018400000034834	0.47102841502378273
2.9018500000034835	0.4710068658595918
2.9018600000034835	0.47098531441151625
2.9018700000034836	0.4709637606800372
2.9018800000034837	0.4709422046656378
2.9018900000034837	0.47092064636880276
2.901900000003484	0.4708990857900201
2.901910000003484	0.4708775229297814
2.901920000003484	0.47085595778857875
2.901930000003484	0.4708343903669086
2.901940000003484	0.4708128206652713
2.901950000003484	0.4707912486841717
2.901960000003484	0.47076967442411854
2.9019700000034843	0.470748097885625
2.9019800000034843	0.4707265190692099
2.9019900000034844	0.4707049379753965
2.9020000000034845	0.4706833546047142
2.9020100000034845	0.4706617689576975
2.9020200000034846	0.4706401810348867
2.9020300000034847	0.47061859083682817
2.9020400000034847	0.47059699836407437
2.902050000003485	0.47057540361718336
2.902060000003485	0.47055380659671925
2.902070000003485	0.4705322073032522
2.902080000003485	0.470510605737359
2.902090000003485	0.4704890018996214
2.902100000003485	0.47046739579062763
2.902110000003485	0.47044578741097176
2.9021200000034852	0.4704241767612528
2.9021300000034853	0.4704025638420757
2.9021400000034854	0.47038094865404967
2.9021500000034854	0.47035933119778955
2.9021600000034855	0.4703377114739146
2.9021700000034856	0.47031608948304865
2.9021800000034856	0.47029446522581986
2.9021900000034857	0.4702728387028602
2.9022000000034858	0.47025120991480623
2.902210000003486	0.4702295788622983
2.902220000003486	0.47020794554597967
2.902230000003486	0.47018630996649674
2.902240000003486	0.4701646721244999
2.902250000003486	0.47014303202064195
2.902260000003486	0.4701213896555805
2.9022700000034862	0.4700997450299729
2.9022800000034863	0.4700780981444816
2.9022900000034864	0.4700564489997709
2.9023000000034864	0.47003479759650757
2.9023100000034865	0.47001314393536264
2.9023200000034866	0.4699914880170094
2.9023300000034866	0.4699698298421249
2.9023400000034867	0.4699481694113876
2.9023500000034868	0.4699265067254805
2.902360000003487	0.46990484178508973
2.902370000003487	0.4698831745909055
2.902380000003487	0.46986150514362124
2.902390000003487	0.4698398334439346
2.902400000003487	0.46981815949254735
2.902410000003487	0.469796483290166
2.902420000003487	0.4697748048375016
2.9024300000034873	0.46975312413527076
2.9024400000034873	0.46973144118419513
2.9024500000034874	0.4697097559850018
2.9024600000034875	0.4696880685384236
2.9024700000034875	0.4696663788451994
2.9024800000034876	0.46964468690607514
2.9024900000034877	0.46962299272180147
2.9025000000034877	0.46960129629313674
2.902510000003488	0.46957959762084667
2.902520000003488	0.46955789670570264
2.902530000003488	0.4695361935484855
2.902540000003488	0.4695144881499791
2.902550000003488	0.4694927805109769
2.902560000003488	0.4694710706322792
2.902570000003488	0.46944935851469255
2.9025800000034883	0.4694276441590308
2.9025900000034883	0.4694059275661146
2.9026000000034884	0.46938420873677134
2.9026100000034885	0.46936248767183475
2.9026200000034885	0.4693407643721449
2.9026300000034886	0.4693190388385478
2.9026400000034887	0.46929731107189526
2.9026500000034887	0.46927558107304485
2.902660000003489	0.4692538488428596
2.902670000003489	0.46923211438220735
2.902680000003489	0.4692103776919619
2.902690000003489	0.469188638773001
2.902700000003489	0.4691668976262061
2.902710000003489	0.4691451542524628
2.902720000003489	0.469123408652662
2.9027300000034892	0.46910166082769766
2.9027400000034893	0.4690799107784676
2.9027500000034894	0.46905815850587407
2.9027600000034894	0.46903640401082236
2.9027700000034895	0.46901464729422204
2.9027800000034896	0.4689928883569856
2.9027900000034896	0.46897112720003004
2.9028000000034897	0.4689493638242764
2.9028100000034898	0.46892759823064856
2.90282000000349	0.4689058304200758
2.90283000000349	0.46888406039349134
2.90284000000349	0.468862288151833
2.90285000000349	0.46884051369604335
2.90286000000349	0.46881873702707055
2.90287000000349	0.46879695814586625
2.9028800000034902	0.4687751770533919
2.9028900000034903	0.4687533937506106
2.9029000000034904	0.46873160823849336
2.9029100000034904	0.4687098205180161
2.9029200000034905	0.4686880305901645
2.9029300000034906	0.46866623845592903
2.9029400000034906	0.46864444411630685
2.9029500000034907	0.46862264757230326
2.9029600000034907	0.46860084882493047
2.902970000003491	0.4685790478752083
2.902980000003491	0.46855724472416443
2.902990000003491	0.4685354393728339
2.903000000003491	0.4685136318222596
2.903010000003491	0.4684918220734922
2.903020000003491	0.46847001012759015
2.903030000003491	0.46844819598561943
2.9030400000034913	0.46842637964865336
2.9030500000034913	0.46840456111777345
2.9030600000034914	0.46838274039406774
2.9030700000034915	0.4683609174786323
2.9030800000034915	0.4683390923725694
2.9030900000034916	0.46831726507698895
2.9031000000034917	0.46829543559300757
2.9031100000034917	0.468273603921749
2.903120000003492	0.4682517700643426
2.903130000003492	0.4682299340219253
2.903140000003492	0.46820809579563916
2.903150000003492	0.46818625538663305
2.903160000003492	0.46816441279606164
2.903170000003492	0.46814256802508564
2.903180000003492	0.4681207210748751
2.9031900000034923	0.4680988719465961
2.9032000000034923	0.46807702064142825
2.9032100000034924	0.46805516716055606
2.9032200000034925	0.4680333115051681
2.9032300000034925	0.46801145367645947
2.9032400000034926	0.4679895936756301
2.9032500000034926	0.4679677315038862
2.9032600000034927	0.4679458671624389
2.903270000003493	0.467924000652505
2.903280000003493	0.46790213197530794
2.903290000003493	0.46788026113207587
2.903300000003493	0.46785838812404357
2.903310000003493	0.46783651295245043
2.903320000003493	0.46781463561854203
2.903330000003493	0.4677927561235719
2.9033400000034932	0.46777087446879706
2.9033500000034933	0.46774899065548237
2.9033600000034934	0.46772710468489836
2.9033700000034934	0.4677052165583222
2.9033800000034935	0.4676833262770374
2.9033900000034936	0.46766143384233433
2.9034000000034936	0.46763953925551
2.9034100000034937	0.46761764251786886
2.9034200000034938	0.4675957436307218
2.903430000003494	0.467573842595387
2.903440000003494	0.46755193941319
2.903450000003494	0.4675300340854664
2.903460000003494	0.4675081266135729
2.903470000003494	0.4674862169988415
2.903480000003494	0.46746430524262944
2.903490000003494	0.46744239134630144
2.9035000000034943	0.46742047531123004
2.9035100000034944	0.46739855713879586
2.9035200000034944	0.46737663683038866
2.9035300000034945	0.46735471438740483
2.9035400000034945	0.4673327898112509
2.9035500000034946	0.4673108631033413
2.9035600000034947	0.46728893426509854
2.9035700000034947	0.46726700329795434
2.903580000003495	0.4672450702033477
2.903590000003495	0.4672231349827264
2.903600000003495	0.4672011976375459
2.903610000003495	0.4671792581692685
2.903620000003495	0.4671573165793683
2.903630000003495	0.46713537286932294
2.903640000003495	0.4671134270406202
2.9036500000034953	0.46709147909475396
2.9036600000034953	0.467069529033224
2.9036700000034954	0.4670475768575407
2.9036800000034955	0.46702562256921837
2.9036900000034955	0.46700366616977823
2.9037000000034956	0.46698170766074787
2.9037100000034957	0.4669597470436613
2.9037200000034957	0.4669377843200585
2.903730000003496	0.46691581949148564
2.903740000003496	0.46689385255949384
2.903750000003496	0.4668718835256404
2.903760000003496	0.46684991239148865
2.903770000003496	0.46682793915860715
2.903780000003496	0.46680596382857076
2.903790000003496	0.4667839864029588
2.9038000000034963	0.4667620068833582
2.9038100000034963	0.4667400252713614
2.9038200000034964	0.4667180415685668
2.9038300000034964	0.4666960557765794
2.9038400000034965	0.46667406789701077
2.9038500000034966	0.46665207793148006
2.9038600000034966	0.4666300858816133
2.9038700000034967	0.4666080917490433
2.9038800000034968	0.46658609553541275
2.903890000003497	0.4665640972423888
2.903900000003497	0.4665420968716146
2.903910000003497	0.4665200944247686
2.903920000003497	0.4664980899035263
2.903930000003497	0.46647608330957224
2.903940000003497	0.4664540746446
2.9039500000034972	0.4664320639103122
2.9039600000034973	0.46641005110842226
2.9039700000034974	0.466388036240652
2.9039800000034974	0.4663660193087334
2.9039900000034975	0.46634400031440815
2.9040000000034976	0.4663219792594278
2.9040100000034976	0.46629995614555353
2.9040200000034977	0.46627793097455594
2.9040300000034978	0.4662559037482151
2.904040000003498	0.4662338744683202
2.904050000003498	0.4662118431366695
2.904060000003498	0.4661898097550703
2.904070000003498	0.4661677743264418
2.904080000003498	0.4661457368519801
2.904090000003498	0.4661236973331161
2.904100000003498	0.4661016557716931
2.9041100000034983	0.4660796121695558
2.9041200000034983	0.46605756652856156
2.9041300000034984	0.46603551885055655
2.9041400000034985	0.4660134691373957
2.9041500000034985	0.4659914173909416
2.9041600000034986	0.4659693636130628
2.9041700000034987	0.4659473078056304
2.9041800000034987	0.4659252499705238
2.904190000003499	0.4659031901096288
2.904200000003499	0.4658811282248359
2.904210000003499	0.46585906431804186
2.904220000003499	0.46583699839115217
2.904230000003499	0.46581493044607886
2.904240000003499	0.4657928604847404
2.904250000003499	0.46577078850906334
2.9042600000034993	0.4657487145209846
2.9042700000034993	0.46572663852244794
2.9042800000034994	0.4657045605154074
2.9042900000034995	0.46568248050182603
2.9043000000034995	0.4656603984836723
2.9043100000034996	0.4656383144629338
2.9043200000034997	0.46561622844160433
2.9043300000034997	0.465594140421687
2.9043400000035	0.4655720504051963
2.9043500000035	0.46554995839330726
2.9043600000035	0.4655278643887957
2.9043700000035	0.46550576839383767
2.9043800000035	0.4654836704104856
2.9043900000035	0.46546157044080655
2.9044000000035	0.46543946848687845
2.9044100000035002	0.46541736455078997
2.9044200000035003	0.4653952586346399
2.9044300000035004	0.46537315074053615
2.9044400000035004	0.4653510408705969
2.9044500000035005	0.4653289290269487
2.9044600000035006	0.46530681521172657
2.9044700000035006	0.4652846994270737
2.9044800000035007	0.4652625816751373
2.9044900000035008	0.465240461958081
2.904500000003501	0.465218340278071
2.904510000003501	0.46519621663728844
2.904520000003501	0.4651740910379048
2.904530000003501	0.4651519634821097
2.904540000003501	0.4651298339720955
2.904550000003501	0.46510770251006334
2.9045600000035012	0.4650855690982214
2.9045700000035013	0.46506343373876974
2.9045800000035014	0.46504129643393877
2.9045900000035014	0.46501915718597203
2.9046000000035015	0.4649970159971034
2.9046100000035016	0.4649748728695727
2.9046200000035016	0.46495272780562724
2.9046300000035017	0.4649305808075211
2.9046400000035018	0.46490843187751546
2.904650000003502	0.46488628101787893
2.904660000003502	0.4648641282308877
2.904670000003502	0.4648419735188255
2.904680000003502	0.46481981688398366
2.904690000003502	0.464797658328662
2.904700000003502	0.4647754978551679
2.904710000003502	0.46475333546581815
2.9047200000035023	0.46473117116293716
2.9047300000035023	0.4647090049488585
2.9047400000035024	0.4646868368259243
2.9047500000035025	0.46466466679648655
2.9047600000035025	0.464642494862905
2.9047700000035026	0.4646203210275501
2.9047800000035027	0.46459814529280036
2.9047900000035027	0.4645759676610449
2.904800000003503	0.4645537881346818
2.904810000003503	0.46453160671611815
2.904820000003503	0.46450942340777196
2.904830000003503	0.4644872382120689
2.904840000003503	0.46446505113144493
2.904850000003503	0.46444286216834624
2.904860000003503	0.4644206713252218
2.9048700000035033	0.464398478604543
2.9048800000035033	0.4643762840087854
2.9048900000035034	0.4643540875404287
2.9049000000035035	0.4643318892019654
2.9049100000035035	0.46430968899589864
2.9049200000035036	0.46428748692474076
2.9049300000035037	0.4642652829910117
2.9049400000035037	0.4642430771972398
2.904950000003504	0.46422086954596176
2.904960000003504	0.46419866003972293
2.904970000003504	0.464176448681078
2.904980000003504	0.4641542354725897
2.904990000003504	0.464132020416828
2.905000000003504	0.4641098035163722
2.905010000003504	0.4640875847738082
2.9050200000035042	0.4640653641917301
2.9050300000035043	0.4640431417727399
2.9050400000035044	0.46402091751944613
2.9050500000035044	0.4639986914344659
2.9050600000035045	0.4639764635204223
2.9050700000035046	0.46395423377994655
2.9050800000035046	0.46393200221566766
2.9050900000035047	0.4639097688302382
2.9051000000035048	0.4638875336263109
2.905110000003505	0.46386529660654696
2.905120000003505	0.46384305777361085
2.905130000003505	0.4638208171301757
2.905140000003505	0.46379857467892216
2.905150000003505	0.46377633042253796
2.905160000003505	0.46375408436371846
2.9051700000035052	0.463731836505166
2.9051800000035053	0.46370958684959146
2.9051900000035054	0.4636873353997129
2.9052000000035054	0.46366508215825625
2.9052100000035055	0.46364282712795685
2.9052200000035056	0.46362057031155735
2.9052300000035056	0.46359831171180965
2.9052400000035057	0.46357605133147384
2.9052500000035058	0.46355378917331963
2.905260000003506	0.46353152524012525
2.905270000003506	0.4635092595346795
2.905280000003506	0.46348699205977917
2.905290000003506	0.4634647228182315
2.905300000003506	0.46344245181285354
2.905310000003506	0.46342017904647187
2.905320000003506	0.4633979045219299
2.9053300000035063	0.4633756282420683
2.9053400000035063	0.46335335020974167
2.9053500000035064	0.4633310704278161
2.9053600000035065	0.46330878889916755
2.9053700000035065	0.46328650562668355
2.9053800000035066	0.46326422061325884
2.9053900000035067	0.46324193386179346
2.9054000000035067	0.46321964537520777
2.905410000003507	0.46319735515642085
2.905420000003507	0.4631750632083896
2.905430000003507	0.4631527695340424
2.905440000003507	0.46313047413630615
2.905450000003507	0.4631081770181388
2.905460000003507	0.4630858781825063
2.905470000003507	0.4630635776323819
2.9054800000035073	0.4630412753707476
2.9054900000035073	0.46301897140059173
2.9055000000035074	0.46299666572491033
2.9055100000035075	0.4629743583467068
2.9055200000035075	0.46295204926899075
2.9055300000035076	0.46292973849477953
2.9055400000035077	0.4629074260270969
2.9055500000035077	0.4628851118689718
2.905560000003508	0.4628627960234416
2.905570000003508	0.46284047849354876
2.905580000003508	0.4628181592823427
2.905590000003508	0.4627958383928788
2.905600000003508	0.46277351582821424
2.905610000003508	0.4627511915914211
2.905620000003508	0.4627288656855769
2.9056300000035082	0.4627065381137638
2.9056400000035083	0.46268420887907064
2.9056500000035084	0.4626618779845927
2.9056600000035084	0.4626395454334326
2.9056700000035085	0.4626172112287007
2.9056800000035086	0.4625948753735141
2.9056900000035086	0.4625725378709992
2.9057000000035087	0.4625501987242859
2.9057100000035088	0.4625278579365166
2.905720000003509	0.46250551551084057
2.905730000003509	0.4624831714504146
2.905740000003509	0.4624608257584052
2.905750000003509	0.46243847843798663
2.905760000003509	0.4624161294925877
2.905770000003509	0.4623937789252068
2.9057800000035092	0.4623714267390284
2.9057900000035093	0.4623490729372674
2.9058000000035094	0.4623267175231449
2.9058100000035094	0.4623043604998891
2.9058200000035095	0.4622820018707394
2.9058300000035096	0.4622596416389397
2.9058400000035096	0.46223727980774426
2.9058500000035097	0.4622149163804169
2.9058600000035097	0.46219255136022974
2.90587000000351	0.4621701847504776
2.90588000000351	0.4621478165544442
2.90589000000351	0.4621254467754238
2.90590000000351	0.4621030754167245
2.90591000000351	0.4620807024816641
2.90592000000351	0.4620583279735687
2.90593000000351	0.4620359518957729
2.9059400000035103	0.4620135742516195
2.9059500000035103	0.461991195044459
2.9059600000035104	0.4619688142776495
2.9059700000035105	0.46194643195455937
2.9059800000035105	0.46192404807856313
2.9059900000035106	0.4619016626530455
2.9060000000035107	0.4618792756813929
2.9060100000035107	0.46185688716700046
2.906020000003511	0.46183449711327274
2.906030000003511	0.46181210552361857
2.906040000003511	0.46178971240145494
2.906050000003511	0.4617673177502037
2.906060000003511	0.46174492157329283
2.906070000003511	0.46172252387415624
2.906080000003511	0.46170012465623744
2.9060900000035113	0.46167772392298334
2.9061000000035113	0.4616553216778465
2.9061100000035114	0.46163291792428307
2.9061200000035114	0.4616105126657608
2.9061300000035115	0.461588105905752
2.9061400000035116	0.4615656976477343
2.9061500000035116	0.4615432878951916
2.9061600000035117	0.461520876651615
2.9061700000035118	0.46149846392050187
2.906180000003512	0.4614760497053569
2.906190000003512	0.4614536340096917
2.906200000003512	0.4614312168370261
2.906210000003512	0.4614087981908866
2.906220000003512	0.4613863780748088
2.906230000003512	0.4613639564923353
2.9062400000035122	0.461341533447017
2.9062500000035123	0.4613191089424144
2.9062600000035124	0.4612966829820945
2.9062700000035124	0.4612742555696343
2.9062800000035125	0.46125182670861825
2.9062900000035126	0.46122939640264005
2.9063000000035126	0.46120696465530203
2.9063100000035127	0.4611845314702146
2.9063200000035128	0.4611620968509972
2.906330000003513	0.46113966080127766
2.906340000003513	0.46111722332469146
2.906350000003513	0.46109478442481977
2.906360000003513	0.4610723441052415
2.906370000003513	0.4610499023697154
2.906380000003513	0.46102745922190336
2.906390000003513	0.461005014665479
2.9064000000035133	0.46098256870416904
2.9064100000035133	0.46096012134172937
2.9064200000035134	0.4609376725817749
2.9064300000035135	0.46091522242801336
2.9064400000035135	0.460892770884155
2.9064500000035136	0.460870317953916
2.9064600000035137	0.46084786364101654
2.9064700000035137	0.4608254079491833
2.906480000003514	0.46080295088214684
2.906490000003514	0.46078049244364366
2.906500000003514	0.46075803263741444
2.906510000003514	0.4607355714672049
2.906520000003514	0.4607131089367658
2.906530000003514	0.46069064504985324
2.906540000003514	0.4606681798102285
2.9065500000035143	0.46064571322165776
2.9065600000035143	0.4606232452879128
2.9065700000035144	0.46060077601277133
2.9065800000035145	0.4605783054000169
2.9065900000035145	0.460555833453438
2.9066000000035146	0.46053336017683066
2.9066100000035147	0.46051088557399683
2.9066200000035147	0.46048840964874493
2.906630000003515	0.46046593240489103
2.906640000003515	0.46044345384625657
2.906650000003515	0.4604209739766712
2.906660000003515	0.4603984927999713
2.906670000003515	0.4603760103200008
2.906680000003515	0.46035352654061057
2.906690000003515	0.46033104146565973
2.9067000000035152	0.4603085550990139
2.9067100000035153	0.46028606744454637
2.9067200000035154	0.46026357850613825
2.9067300000035154	0.46024108828767724
2.9067400000035155	0.4602185967930583
2.9067500000035156	0.46019610402618505
2.9067600000035156	0.4601736099909659
2.9067700000035157	0.46015111469131786
2.9067800000035158	0.4601286181311633
2.906790000003516	0.46010612031443204
2.906800000003516	0.46008362124506164
2.906810000003516	0.46006112092699414
2.906820000003516	0.460038619364175
2.906830000003516	0.46001611656055874
2.906840000003516	0.4599936125201056
2.9068500000035162	0.4599711072467812
2.9068600000035163	0.4599486007445576
2.9068700000035164	0.45992609301741155
2.9068800000035164	0.4599035840693251
2.9068900000035165	0.459881073904286
2.9069000000035166	0.45985856252628776
2.9069100000035166	0.45983604993932875
2.9069200000035167	0.45981353614741505
2.9069300000035168	0.45979102115455345
2.906940000003517	0.45976850496475363
2.906950000003517	0.45974598758205193
2.906960000003517	0.4597234690104649
2.906970000003517	0.45970094925402194
2.906980000003517	0.45967842831675915
2.906990000003517	0.4596559062027182
2.907000000003517	0.4596333829159462
2.9070100000035173	0.45961085846049554
2.9070200000035173	0.4595883328404246
2.9070300000035174	0.45956580605979674
2.9070400000035175	0.45954327812268103
2.9070500000035175	0.45952074903315127
2.9070600000035176	0.45949821879528785
2.9070700000035177	0.45947568741317435
2.9070800000035177	0.4594531548908968
2.907090000003518	0.459430621232554
2.907100000003518	0.45940808644224723
2.907110000003518	0.45938555052408214
2.907120000003518	0.4593630134821698
2.907130000003518	0.4593404753206281
2.907140000003518	0.4593179360435751
2.907150000003518	0.4592953956551378
2.9071600000035183	0.4592728541594478
2.9071700000035183	0.4592503115606416
2.9071800000035184	0.4592277678628603
2.9071900000035185	0.45920522307025197
2.9072000000035185	0.45918267718696765
2.9072100000035186	0.4591601302171637
2.9072200000035187	0.4591375821650022
2.9072300000035187	0.45911503303465034
2.907240000003519	0.45909248283027987
2.907250000003519	0.4590699315560688
2.907260000003519	0.4590473792161994
2.907270000003519	0.4590248258148595
2.907280000003519	0.4590022713562422
2.907290000003519	0.45897971584454506
2.907300000003519	0.45895715928397196
2.9073100000035192	0.45893460167873096
2.9073200000035193	0.4589120430330376
2.9073300000035194	0.4588894833511086
2.9073400000035194	0.4588669226364903
2.9073500000035195	0.45884436089376013
2.9073600000035196	0.4588217981273708
2.9073700000035196	0.4587992343415573
2.9073800000035197	0.45877666954056506
2.9073900000035198	0.4587541037286497
2.90740000000352	0.45873153691007007
2.90741000000352	0.45870896908909425
2.90742000000352	0.4586864002699972
2.90743000000352	0.4586638304570573
2.90744000000352	0.4586412596545588
2.90745000000352	0.4586186878667916
2.9074600000035202	0.45859611509804993
2.9074700000035203	0.45857354135263095
2.9074800000035204	0.4585509666348364
2.9074900000035204	0.45852839094897047
2.9075000000035205	0.45850581429934034
2.9075100000035206	0.45848323669025515
2.9075200000035206	0.4584606581271928
2.9075300000035207	0.45843807861325137
2.9075400000035208	0.4584154981526577
2.907550000003521	0.45839291674973676
2.907560000003521	0.4583703344088085
2.907570000003521	0.4583477511341937
2.907580000003521	0.45832516693021436
2.907590000003521	0.45830258180120054
2.907600000003521	0.45827999575147077
2.907610000003521	0.458257408785352
2.9076200000035213	0.45823482090717466
2.9076300000035213	0.4582122321212712
2.9076400000035214	0.45818964243197763
2.9076500000035215	0.4581670518436396
2.9076600000035215	0.45814446036059325
2.9076700000035216	0.45812186798718574
2.9076800000035217	0.458099274727768
2.9076900000035217	0.4580766805866953
2.907700000003522	0.4580540855683279
2.907710000003522	0.4580314896770317
2.907720000003522	0.45800889291717534
2.907730000003522	0.4579862952931331
2.907740000003522	0.4579636968092854
2.907750000003522	0.4579410974700169
2.907760000003522	0.4579184972797178
2.9077700000035223	0.45789589624278354
2.9077800000035223	0.45787329436356433
2.9077900000035224	0.4578506916465183
2.9078000000035225	0.45782808809605774
2.9078100000035225	0.4578054837165966
2.9078200000035226	0.4577828785125538
2.9078300000035227	0.45776027248835205
2.9078400000035227	0.45773766564841856
2.907850000003523	0.4577150579971839
2.907860000003523	0.4576924495390821
2.907870000003523	0.4576698402785567
2.907880000003523	0.4576472302200418
2.907890000003523	0.4576246193679807
2.907900000003523	0.4576020077268196
2.907910000003523	0.45757939530100683
2.9079200000035232	0.4575567820949931
2.9079300000035233	0.4575341681132312
2.9079400000035234	0.45751155336017596
2.9079500000035234	0.45748893784028366
2.9079600000035235	0.4574663215580132
2.9079700000035236	0.4574437045178247
2.9079800000035236	0.457421086724181
2.9079900000035237	0.4573984681815441
2.9080000000035238	0.45737584889437916
2.908010000003524	0.45735322886715246
2.908020000003524	0.4573306081043311
2.908030000003524	0.4573079866103854
2.908040000003524	0.45728536438978273
2.908050000003524	0.45726274144699847
2.908060000003524	0.45724011778650625
2.9080700000035242	0.4572174934127816
2.9080800000035243	0.4571948683303013
2.9080900000035244	0.4571722425435439
2.9081000000035244	0.45714961605699006
2.9081100000035245	0.45712698887512293
2.9081200000035246	0.45710436100242563
2.9081300000035246	0.457081732443384
2.9081400000035247	0.45705910320248566
2.9081500000035247	0.45703647328422115
2.908160000003525	0.4570138426930826
2.908170000003525	0.456991211434004
2.908180000003525	0.4569685795110938
2.908190000003525	0.4569459469287859
2.908200000003525	0.4569233136915857
2.908210000003525	0.4569006798039977
2.908220000003525	0.4568780452705343
2.9082300000035253	0.4568554100957012
2.9082400000035253	0.45683277428401015
2.9082500000035254	0.45681013783997665
2.9082600000035255	0.45678750076811886
2.9082700000035255	0.4567648630729583
2.9082800000035256	0.4567422247590198
2.9082900000035257	0.4567195858308317
2.9083000000035257	0.4566969462929249
2.908310000003526	0.45667430614983345
2.908320000003526	0.45665166540609436
2.908330000003526	0.45662902406624795
2.908340000003526	0.45660638213483773
2.908350000003526	0.45658373961640886
2.908360000003526	0.45656109651550975
2.908370000003526	0.45653845283669053
2.9083800000035263	0.45651580858450014
2.9083900000035263	0.45649316376349747
2.9084000000035264	0.4564705183782372
2.9084100000035265	0.4564478724332772
2.9084200000035265	0.4564252259331752
2.9084300000035266	0.456402578882486
2.9084400000035266	0.4563799312857737
2.9084500000035267	0.4563572831475961
2.908460000003527	0.45633463447251393
2.908470000003527	0.4563119852650903
2.908480000003527	0.45628933552987655
2.908490000003527	0.45626668527143466
2.908500000003527	0.456244034494321
2.908510000003527	0.45622138320309197
2.908520000003527	0.4561987314023029
2.9085300000035272	0.45617607909650765
2.9085400000035273	0.4561534262902603
2.9085500000035274	0.4561307729881132
2.9085600000035274	0.45610811919461874
2.9085700000035275	0.45608546491432755
2.9085800000035276	0.4560628101517883
2.9085900000035276	0.45604015491155575
2.9086000000035277	0.4560174991981807
2.9086100000035278	0.45599484301621496
2.908620000003528	0.4559721863702098
2.908630000003528	0.4559495292647186
2.908640000003528	0.45592687170429413
2.908650000003528	0.45590421369349143
2.908660000003528	0.4558815552368661
2.908670000003528	0.4558588963389759
2.908680000003528	0.45583623700437986
2.9086900000035283	0.4558135772376632
2.9087000000035284	0.4557909170433548
2.9087100000035284	0.45576825642602714
2.9087200000035285	0.45574559539024573
2.9087300000035285	0.45572293394057894
2.9087400000035286	0.4557002720815959
2.9087500000035287	0.45567760981786853
2.9087600000035287	0.4556549471539696
2.908770000003529	0.455632284094473
2.908780000003529	0.4556096206439547
2.908790000003529	0.45558695680698946
2.908800000003529	0.45556429258815556
2.908810000003529	0.4555416279920301
2.908820000003529	0.45551896302319217
2.908830000003529	0.4554962976862176
2.9088400000035293	0.455473631985684
2.9088500000035293	0.45545096592616846
2.9088600000035294	0.45542829951224756
2.9088700000035295	0.4554056327484967
2.9088800000035295	0.45538296563949104
2.9088900000035296	0.45536029818980417
2.9089000000035297	0.45533763040400904
2.9089100000035297	0.45531496228667684
2.90892000000353	0.45529229384237785
2.90893000000353	0.45526962507568147
2.90894000000353	0.455246955991155
2.90895000000353	0.4552242865933653
2.90896000000353	0.4552016168868776
2.90897000000353	0.4551789468762559
2.90898000000353	0.455156276566063
2.9089900000035303	0.45513360596086083
2.9090000000035303	0.45511093506520967
2.9090100000035304	0.45508826388366974
2.9090200000035304	0.45506559242079964
2.9090300000035305	0.45504292068115554
2.9090400000035306	0.45502024866929697
2.9090500000035306	0.45499757638911364
2.9090600000035307	0.4549749038457986
2.9090700000035308	0.45495223104396953
2.909080000003531	0.4549295579881745
2.909090000003531	0.454906884682965
2.909100000003531	0.45488421113289196
2.909110000003531	0.45486153734250667
2.909120000003531	0.4548388633163586
2.909130000003531	0.45481618905899535
2.9091400000035312	0.45479351457496536
2.9091500000035313	0.4547708398688141
2.9091600000035314	0.45474816494508635
2.9091700000035314	0.45472548980832506
2.9091800000035315	0.45470281446307265
2.9091900000035316	0.4546801389138685
2.9092000000035316	0.4546574631652514
2.9092100000035317	0.45463478722175876
2.9092200000035318	0.4546121110879258
2.909230000003532	0.4545894347682865
2.909240000003532	0.4545667582673807
2.909250000003532	0.4545440815897336
2.909260000003532	0.45452140473987285
2.909270000003532	0.454498727722327
2.909280000003532	0.45447605054162343
2.909290000003532	0.4544533732022884
2.9093000000035323	0.45443069570884664
2.9093100000035323	0.454408018065823
2.9093200000035324	0.45438534027774097
2.9093300000035325	0.45436266234912337
2.9093400000035325	0.4543399842844922
2.9093500000035326	0.45431730608836796
2.9093600000035327	0.4542946277652721
2.9093700000035327	0.45427194931972426
2.909380000003533	0.4542492707562435
2.909390000003533	0.454226592079347
2.909400000003533	0.454203913293552
2.909410000003533	0.454181234403373
2.909420000003533	0.4541585554133247
2.909430000003533	0.4541358763279174
2.909440000003533	0.45411319715166076
2.9094500000035333	0.454090517889062
2.9094600000035333	0.4540678385446252
2.9094700000035334	0.4540451591228434
2.9094800000035335	0.45402247962822306
2.9094900000035335	0.4539998000652599
2.9095000000035336	0.4539771204384449
2.9095100000035337	0.4539544407522656
2.9095200000035337	0.4539317610112037
2.909530000003534	0.4539090812197394
2.909540000003534	0.4538864013823475
2.909550000003534	0.4538637215035031
2.909560000003534	0.45384104158766786
2.909570000003534	0.45381836163930267
2.909580000003534	0.4537956816628662
2.909590000003534	0.4537730016628119
2.9096000000035342	0.45375032164359
2.9096100000035343	0.4537276416096467
2.9096200000035344	0.45370496156542495
2.9096300000035344	0.4536822815153642
2.9096400000035345	0.45365960146268614
2.9096500000035346	0.4536369214136441
2.9096600000035346	0.45361424137224227
2.9096700000035347	0.45359156134228723
2.9096800000035348	0.4535688813282592
2.909690000003535	0.4535462013351919
2.909700000003535	0.4535235213674945
2.909710000003535	0.4535008414295815
2.909720000003535	0.453478161525869
2.909730000003535	0.45345548166077204
2.909740000003535	0.4534328018387049
2.9097500000035352	0.4534101220640801
2.9097600000035353	0.4533874423413077
2.9097700000035354	0.4533647626747962
2.9097800000035354	0.45334208306895263
2.9097900000035355	0.45331940352818073
2.9098000000035356	0.45329672405688215
2.9098100000035356	0.4532740446594561
2.9098200000035357	0.4532513653402984
2.9098300000035358	0.45322868610380185
2.909840000003536	0.45320600695435576
2.909850000003536	0.4531833278963466
2.909860000003536	0.45316064893390057
2.909870000003536	0.45313797007168094
2.909880000003536	0.45311529131404615
2.909890000003536	0.4530926126653622
2.909900000003536	0.45306993412999536
2.9099100000035363	0.4530472557123058
2.9099200000035363	0.45302457741664987
2.9099300000035364	0.45300189924737866
2.9099400000035365	0.45297922120883954
2.9099500000035365	0.45295654330537444
2.9099600000035366	0.4529338655413214
2.9099700000035367	0.45291118792101376
2.9099800000035367	0.4528885104487805
2.909990000003537	0.4528658331289463
2.910000000003537	0.45284315596583163
2.910010000003537	0.4528204789637533
2.910020000003537	0.45279780212702353
2.910030000003537	0.4527751254599513
2.910040000003537	0.45275244896684197
2.910050000003537	0.4527297726519964
2.9100600000035373	0.4527070965197131
2.9100700000035373	0.45268442057428804
2.9100800000035374	0.4526617448200117
2.9100900000035375	0.45263906926117026
2.9101000000035375	0.4526163939020467
2.9101100000035376	0.45259371874692117
2.9101200000035377	0.4525710438000705
2.9101300000035377	0.4525483690657671
2.910140000003538	0.4525256945482803
2.910150000003538	0.45250302025187544
2.910160000003538	0.45248034618081223
2.910170000003538	0.45245767233934653
2.910180000003538	0.4524349987317301
2.910190000003538	0.4524123253622098
2.910200000003538	0.4523896522350448
2.9102100000035382	0.45236697935448983
2.9102200000035383	0.4523443067247293
2.9102300000035384	0.4523216343499913
2.9102400000035384	0.4522989622344984
2.9102500000035385	0.4522762903824678
2.9102600000035386	0.4522536187981111
2.9102700000035386	0.4522309474856341
2.9102800000035387	0.45220827644923767
2.9102900000035388	0.45218560569311705
2.910300000003539	0.4521629352214623
2.910310000003539	0.45214026503846083
2.910320000003539	0.4521175951482893
2.910330000003539	0.452094925555122
2.910340000003539	0.4520722562631265
2.910350000003539	0.45204958727646716
2.9103600000035392	0.4520269185993017
2.9103700000035393	0.45200425023578406
2.9103800000035394	0.451981582190063
2.9103900000035394	0.4519589144662816
2.9104000000035395	0.4519362470685804
2.9104100000035396	0.45191358000108545
2.9104200000035396	0.45189091326793007
2.9104300000035397	0.45186824687324073
2.9104400000035398	0.45184558082113757
2.91045000000354	0.4518229151157319
2.91046000000354	0.45180024976113375
2.91047000000354	0.45177758476144997
2.91048000000354	0.451754920120781
2.91049000000354	0.4517322558432208
2.91050000000354	0.45170959193285887
2.91051000000354	0.4516869283937802
2.9105200000035403	0.4516642652300638
2.9105300000035403	0.45164160244577817
2.9105400000035404	0.4516189400449907
2.9105500000035405	0.45159627803176067
2.9105600000035405	0.4515736164101429
2.9105700000035406	0.45155095518418487
2.9105800000035407	0.4515282943579273
2.9105900000035407	0.45150563393564314
2.910600000003541	0.45148297392107256
2.910610000003541	0.4514603143182775
2.910620000003541	0.45143765513127254
2.910630000003541	0.45141499636406623
2.910640000003541	0.4513923380206612
2.910650000003541	0.4513696801050535
2.910660000003541	0.45134702262123266
2.9106700000035413	0.4513243655731815
2.9106800000035413	0.45130170896487654
2.9106900000035414	0.45127905280028996
2.9107000000035415	0.4512563970833907
2.9107100000035415	0.4512337418181311
2.9107200000035416	0.4512110870084659
2.9107300000035417	0.45118843265834313
2.9107400000035417	0.45116577877170494
2.910750000003542	0.4511431253524874
2.910760000003542	0.4511204724046208
2.910770000003542	0.4510978199320301
2.910780000003542	0.45107516793863317
2.910790000003542	0.45105251642834443
2.910800000003542	0.4510298654050727
2.910810000003542	0.45100721487271994
2.9108200000035422	0.4509845648351822
2.9108300000035423	0.4509619152963504
2.9108400000035424	0.45093926626010894
2.9108500000035424	0.45091661773033564
2.9108600000035425	0.4508939697110124
2.9108700000035426	0.4508713222058707
2.9108800000035426	0.45084867521878785
2.9108900000035427	0.4508260287536154
2.9109000000035428	0.4508033828142022
2.910910000003543	0.450780737404383
2.910920000003543	0.45075809252798904
2.910930000003543	0.45073544818884403
2.910940000003543	0.4507128043907641
2.910950000003543	0.4506901611375596
2.910960000003543	0.45066751843303154
2.9109700000035432	0.4506448762809744
2.9109800000035433	0.45062223468517576
2.9109900000035434	0.45059959364940594
2.9110000000035434	0.45057695317742325
2.9110100000035435	0.45055431327302803
2.9110200000035436	0.4505316739399757
2.9110300000035436	0.45050903518201574
2.9110400000035437	0.4504863970028897
2.9110500000035437	0.45046375940624156
2.911060000003544	0.4504411223959108
2.911070000003544	0.45041848597559975
2.911080000003544	0.45039585014902145
2.911090000003544	0.45037321491988164
2.911100000003544	0.4503505802918792
2.911110000003544	0.4503279462687055
2.911120000003544	0.4503053128540444
2.9111300000035443	0.4502826800515734
2.9111400000035443	0.4502600478649631
2.9111500000035444	0.45023741629787717
2.9111600000035445	0.4502147853539727
2.9111700000035445	0.45019215503689974
2.9111800000035446	0.45016952535030075
2.9111900000035447	0.4501468962978115
2.9112000000035447	0.4501242678830552
2.911210000003545	0.45010164010967363
2.911220000003545	0.4500790129812704
2.911230000003545	0.45005638650145385
2.911240000003545	0.45003376067382506
2.911250000003545	0.4500111355019763
2.911260000003545	0.44998851098930326
2.911270000003545	0.4499658871395822
2.9112800000035453	0.4499432639563875
2.9112900000035453	0.44992064144326316
2.9113000000035454	0.44989801960376335
2.9113100000035455	0.44987539844145974
2.9113200000035455	0.44985277795989215
2.9113300000035456	0.4498301581625934
2.9113400000035456	0.4498075390534166
2.9113500000035457	0.4497849206355376
2.911360000003546	0.4497623029124347
2.911370000003546	0.4497396858876239
2.911380000003546	0.44971706956459834
2.911390000003546	0.449694453946844
2.911400000003546	0.44967183903783786
2.911410000003546	0.44964922484105097
2.911420000003546	0.44962661135994414
2.9114300000035462	0.4496039985979726
2.9114400000035463	0.44958138655857993
2.9114500000035464	0.4495587752452004
2.9114600000035464	0.44953616466126284
2.9114700000035465	0.44951355481018784
2.9114800000035466	0.44949094569538783
2.9114900000035466	0.4494683373202671
2.9115000000035467	0.4494457296882218
2.9115100000035468	0.4494231228026388
2.911520000003547	0.4494005166669004
2.911530000003547	0.44937791128472937
2.911540000003547	0.4493553066591669
2.911550000003547	0.44933270279350596
2.911560000003547	0.44931009969109376
2.911570000003547	0.4492874973552688
2.911580000003547	0.44926489578936163
2.9115900000035473	0.44924229499669444
2.9116000000035474	0.4492196949805816
2.9116100000035474	0.44919709574432803
2.9116200000035475	0.44917449729123066
2.9116300000035475	0.4491518996245791
2.9116400000035476	0.44912930274765445
2.9116500000035477	0.4491067066637294
2.9116600000035477	0.4490841113760691
2.911670000003548	0.44906151688793056
2.911680000003548	0.44903892320256217
2.911690000003548	0.44901633032320376
2.911700000003548	0.44899373825308797
2.911710000003548	0.448971146995438
2.911720000003548	0.4489485565534694
2.911730000003548	0.44892596693034015
2.9117400000035483	0.44890337812929604
2.9117500000035483	0.44888079015352855
2.9117600000035484	0.44885820300622187
2.9117700000035485	0.4488356166905493
2.9117800000035485	0.4488130312096752
2.9117900000035486	0.4487904465667563
2.9118000000035487	0.44876786276493946
2.9118100000035487	0.44874527980736606
2.911820000003549	0.448722697697164
2.911830000003549	0.44870011643745383
2.911840000003549	0.4486775360313474
2.911850000003549	0.44865495648194686
2.911860000003549	0.44863237779234566
2.911870000003549	0.4486097999656276
2.911880000003549	0.4485872230048675
2.9118900000035493	0.44856464691312997
2.9119000000035493	0.44854207169347166
2.9119100000035494	0.44851949734892044
2.9119200000035494	0.448496923882532
2.9119300000035495	0.44847435129733343
2.9119400000035496	0.44845177959634414
2.9119500000035496	0.4484292087825709
2.9119600000035497	0.44840663885906024
2.9119700000035498	0.44838406982868
2.91198000000355	0.44836150169449557
2.91199000000355	0.44833893445946027
2.91200000000355	0.4483163681265362
2.91201000000355	0.44829380269867636
2.91202000000355	0.4482712381788263
2.91203000000355	0.4482486745699231
2.9120400000035502	0.4482261118748941
2.9120500000035503	0.44820355009665774
2.9120600000035504	0.4481809892381259
2.9120700000035504	0.448158429302199
2.9120800000035505	0.4481358702915839
2.9120900000035506	0.44811331220935385
2.9121000000035506	0.4480907550583998
2.9121100000035507	0.4480681988415874
2.9121200000035508	0.4480456435617745
2.912130000003551	0.4480230892218056
2.912140000003551	0.448000535824526
2.912150000003551	0.4479779833727663
2.912160000003551	0.44795543186934894
2.912170000003551	0.4479328813170884
2.912180000003551	0.44791033171878936
2.912190000003551	0.44788778307724736
2.9122000000035513	0.4478652353952479
2.9122100000035513	0.44784268867556787
2.9122200000035514	0.4478201429209753
2.9122300000035515	0.44779759813422737
2.9122400000035515	0.44777505431807146
2.9122500000035516	0.4477525114752455
2.9122600000035517	0.44772996960847805
2.9122700000035517	0.4477074287204875
2.912280000003552	0.4476848888139834
2.912290000003552	0.44766234989166326
2.912300000003552	0.4476398119562162
2.912310000003552	0.4476172750103207
2.912320000003552	0.4475947390566452
2.912330000003552	0.4475722040978497
2.912340000003552	0.44754967013658387
2.9123500000035523	0.44752713717559406
2.9123600000035523	0.4475046052175389
2.9123700000035524	0.4474820742650211
2.9123800000035525	0.4474595443206571
2.9123900000035525	0.4474370153870476
2.9124000000035526	0.44741448746677787
2.9124100000035527	0.4473919605624244
2.9124200000035527	0.447369434676553
2.912430000003553	0.44734690981171915
2.912440000003553	0.447324385970468
2.912450000003553	0.4473018631553344
2.912460000003553	0.44727934136884895
2.912470000003553	0.4472568206135213
2.912480000003553	0.4472343008918576
2.912490000003553	0.44721178220635416
2.9125000000035532	0.4471892645594974
2.9125100000035533	0.44716674795376526
2.9125200000035534	0.44714423239162643
2.9125300000035534	0.44712171787554067
2.9125400000035535	0.4470992044079587
2.9125500000035536	0.4470766919913179
2.9125600000035536	0.4470541806280535
2.9125700000035537	0.44703167032059293
2.9125800000035538	0.44700916107135297
2.912590000003554	0.4469866528827408
2.912600000003554	0.44696414575714477
2.912610000003554	0.4469416396969659
2.912620000003554	0.4469191347045862
2.912630000003554	0.44689663078237885
2.912640000003554	0.4468741279334313
2.9126500000035542	0.4468516261593454
2.9126600000035543	0.44682912546241915
2.9126700000035544	0.4468066258449969
2.9126800000035544	0.4467841273094104
2.9126900000035545	0.4467616298579823
2.9127000000035546	0.4467391334930112
2.9127100000035546	0.44671663821681135
2.9127200000035547	0.44669414403167745
2.9127300000035548	0.4466716509398936
2.912740000003555	0.44664915894373614
2.912750000003555	0.44662666804546824
2.912760000003555	0.4466041782473442
2.912770000003555	0.44658168955160954
2.912780000003555	0.4465592019604992
2.912790000003555	0.44653671547623575
2.912800000003555	0.4465142301010354
2.9128100000035553	0.44649174583710155
2.9128200000035553	0.44646926268662784
2.9128300000035554	0.44644678065179516
2.9128400000035555	0.446424299734775
2.9128500000035555	0.44640181993773
2.9128600000035556	0.44637934126280426
2.9128700000035557	0.44635686371211164
2.9128800000035557	0.4463343872877946
2.912890000003556	0.446311911991972
2.912900000003556	0.44628943782674796
2.912910000003556	0.44626696479421496
2.912920000003556	0.446244492896455
2.912930000003556	0.44622202213553985
2.912940000003556	0.44619955251352783
2.912950000003556	0.44617708403248574
2.9129600000035563	0.4461546166944648
2.9129700000035563	0.44613215050146987
2.9129800000035564	0.44610968545551166
2.9129900000035565	0.4460872215585985
2.9130000000035565	0.44606475881272156
2.9130100000035566	0.4460422972198682
2.9130200000035567	0.44601983678201407
2.9130300000035567	0.4459973775011251
2.913040000003557	0.4459749193791681
2.913050000003557	0.4459524624180577
2.913060000003557	0.4459300066197471
2.913070000003557	0.445907551986168
2.913080000003557	0.44588509851924124
2.913090000003557	0.4458626462208856
2.913100000003557	0.44584019509300454
2.9131100000035572	0.4458177451374958
2.9131200000035573	0.44579529635624854
2.9131300000035574	0.44577284875061596
2.9131400000035574	0.445750402323369
2.9131500000035575	0.44572795707604157
2.9131600000035576	0.4457055130104837
2.9131700000035576	0.4456830701285391
2.9131800000035577	0.44566062843206034
2.9131900000035578	0.4456381879228346
2.913200000003558	0.4456157486027001
2.913210000003558	0.44559331047346024
2.913220000003558	0.4455708735369113
2.913230000003558	0.4455484377948109
2.913240000003558	0.4455260032489938
2.913250000003558	0.44550356990120865
2.9132600000035582	0.4454811377531966
2.9132700000035583	0.4454587068067092
2.9132800000035584	0.44543627706347516
2.9132900000035584	0.4454138485252188
2.9133000000035585	0.44539142119365105
2.9133100000035586	0.44536899507047095
2.9133200000035586	0.44534657015654006
2.9133300000035587	0.4453241464542613
2.9133400000035587	0.4453017239654122
2.913350000003559	0.4452793026916833
2.913360000003559	0.4452568826347022
2.913370000003559	0.44523446379605186
2.913380000003559	0.44521204617735416
2.913390000003559	0.445189629780174
2.913400000003559	0.4451672146061323
2.913410000003559	0.445144800656863
2.9134200000035593	0.4451223879339482
2.9134300000035593	0.4450999764389634
2.9134400000035594	0.44507756617346433
2.9134500000035595	0.44505515713900035
2.9134600000035595	0.44503274933711207
2.9134700000035596	0.4450103427693303
2.9134800000035597	0.4449879374372846
2.9134900000035597	0.444965533342346
2.91350000000356	0.4449431304860432
2.91351000000356	0.44492072886987044
2.91352000000356	0.4448983284953124
2.91353000000356	0.4448759293638581
2.91354000000356	0.4448535314775532
2.91355000000356	0.4448311348374479
2.91356000000356	0.4448087394447095
2.9135700000035603	0.44478634530080036
2.9135800000035603	0.4447639524070357
2.9135900000035604	0.4447415607649766
2.9136000000035605	0.4447191703760238
2.9136100000035605	0.44469678124154777
2.9136200000035606	0.44467439336367787
2.9136300000035606	0.4446520067433663
2.9136400000035607	0.44462962138167883
2.913650000003561	0.4446072372800158
2.913660000003561	0.4445848544397004
2.913670000003561	0.44456247286212736
2.913680000003561	0.44454009254862337
2.913690000003561	0.4445177135005244
2.913700000003561	0.44449533571903216
2.913710000003561	0.4444729592056208
2.9137200000035612	0.44445058396158105
2.9137300000035613	0.44442820998821436
2.9137400000035614	0.44440583728681315
2.9137500000035614	0.4443834658586592
2.9137600000035615	0.44436109570502424
2.9137700000035616	0.444338726827165
2.9137800000035616	0.44431635922633667
2.9137900000035617	0.44429399290479255
2.9138000000035618	0.4442716278630191
2.913810000003562	0.4442492641019403
2.913820000003562	0.4442269016227518
2.913830000003562	0.44420454042668883
2.913840000003562	0.4441821805149086
2.913850000003562	0.44415982188855363
2.913860000003562	0.44413746454878184
2.913870000003562	0.44411510849674046
2.9138800000035623	0.44409275373356427
2.9138900000035624	0.4440704002603795
2.9139000000035624	0.4440480480783053
2.9139100000035625	0.44402569718844276
2.9139200000035625	0.44400334759188537
2.9139300000035626	0.44398099928971896
2.9139400000035627	0.4439586522830164
2.9139500000035627	0.44393630657284544
2.913960000003563	0.4439139621602638
2.913970000003563	0.4438916190463123
2.913980000003563	0.4438692772320462
2.913990000003563	0.4438469367184805
2.914000000003563	0.4438245975066353
2.914010000003563	0.44380225959752356
2.914020000003563	0.44377992299214997
2.9140300000035633	0.44375758769151064
2.9140400000035633	0.4437352536965943
2.9140500000035634	0.4437129210083807
2.9140600000035635	0.44369058962784247
2.9140700000035635	0.44366825955594325
2.9140800000035636	0.44364593079363857
2.9140900000035637	0.44362360334187684
2.9141000000035637	0.44360127720159576
2.914110000003564	0.44357895237372563
2.914120000003564	0.4435566288591889
2.914130000003564	0.44353430665889854
2.914140000003564	0.44351198577375905
2.914150000003564	0.4434896662046655
2.914160000003564	0.44346734795250414
2.914170000003564	0.4434450310181515
2.9141800000035643	0.44342271540247535
2.9141900000035643	0.4434004011063334
2.9142000000035644	0.44337808813057417
2.9142100000035644	0.44335577647603697
2.9142200000035645	0.4433334661435506
2.9142300000035646	0.44331115713393504
2.9142400000035646	0.44328884944799984
2.9142500000035647	0.4432665430865453
2.9142600000035648	0.4432442380503621
2.914270000003565	0.443221934340231
2.914280000003565	0.44319963195692375
2.914290000003565	0.4431773309012019
2.914300000003565	0.44315503117381794
2.914310000003565	0.44313273277551485
2.914320000003565	0.443110435707026
2.9143300000035652	0.4430881399690764
2.9143400000035653	0.4430658455623817
2.9143500000035654	0.4430435524876489
2.9143600000035654	0.4430212607455751
2.9143700000035655	0.44299897033684965
2.9143800000035656	0.4429766812621528
2.9143900000035656	0.4429543935221566
2.9144000000035657	0.44293210711752395
2.9144100000035658	0.4429098220480905
2.914420000003566	0.44288753831532895
2.914430000003566	0.4428652559198931
2.914440000003566	0.44284297486241214
2.914450000003566	0.4428206951435079
2.914460000003566	0.4427984167637937
2.914470000003566	0.44277613972386753
2.914480000003566	0.4427538640243385
2.9144900000035663	0.44273158966579884
2.9145000000035663	0.44270931664883223
2.9145100000035664	0.44268704497401706
2.9145200000035665	0.4426647746419295
2.9145300000035665	0.44264250565311486
2.9145400000035666	0.4426202380081267
2.9145500000035667	0.44259797170750753
2.9145600000035667	0.4425757067517908
2.914570000003567	0.44255344314150225
2.914580000003567	0.4425311808771589
2.914590000003567	0.4425089199592686
2.914600000003567	0.4424866603883311
2.914610000003567	0.442464402164838
2.914620000003567	0.44244214528927134
2.914630000003567	0.44241988976210384
2.9146400000035673	0.4423976355838031
2.9146500000035673	0.44237538275482585
2.9146600000035674	0.44235313127562287
2.9146700000035675	0.44233088114663194
2.9146800000035675	0.44230863236828555
2.9146900000035676	0.4422863849410072
2.9147000000035677	0.44226413886521476
2.9147100000035677	0.4422418941413141
2.914720000003568	0.44221965076970443
2.914730000003568	0.44219740875077806
2.914740000003568	0.4421751680849188
2.914750000003568	0.4421529287725028
2.914760000003568	0.44213069081389844
2.914770000003568	0.4421084542094671
2.914780000003568	0.4420862189595615
2.9147900000035682	0.44206398506452765
2.9148000000035683	0.4420417525247037
2.9148100000035684	0.4420195213404199
2.9148200000035684	0.4419972915119959
2.9148300000035685	0.44197506304038503
2.9148400000035686	0.44195283592528
2.9148500000035686	0.4419306101669658
2.9148600000035687	0.4419083857657356
2.9148700000035688	0.44188616272187514
2.914880000003569	0.4418639410356633
2.914890000003569	0.4418417207073709
2.914900000003569	0.441819501737262
2.914910000003569	0.4417972841255933
2.914920000003569	0.44177506787261406
2.914930000003569	0.4417528529785666
2.9149400000035692	0.44173063944368685
2.9149500000035693	0.44170842726820336
2.9149600000035694	0.4416862164523397
2.9149700000035694	0.4416640069963095
2.9149800000035695	0.4416417989003207
2.9149900000035696	0.441619592164576
2.9150000000035696	0.4415973867892706
2.9150100000035697	0.4415751827745933
2.9150200000035698	0.4415529801207264
2.91503000000357	0.44153077882784575
2.91504000000357	0.44150857889612055
2.91505000000357	0.44148638032571336
2.91506000000357	0.44146418311677693
2.91507000000357	0.441441987269463
2.91508000000357	0.4414197927839144
2.91509000000357	0.4413975996602664
2.9151000000035703	0.4413754078986474
2.9151100000035703	0.44135321749917983
2.9151200000035704	0.44133102846197647
2.9151300000035705	0.4413088407871435
2.9151400000035705	0.44128665447477905
2.9151500000035706	0.441264469524976
2.9151600000035707	0.4412422859378178
2.9151700000035707	0.44122010371338083
2.915180000003571	0.44119792285173437
2.915190000003571	0.44117574335294013
2.915200000003571	0.4411535652170516
